LabVIEW Measurement	
Writer_Version	2
Reader_Version	2
Separator	Tab
Decimal_Separator	,
Multi_Headings	No
X_Columns	One
Time_Pref	Absolute
Operator	Pos-Oscar
Date	2025/03/10
Time	11:17:54,1237699700584659684
***End_of_Header***	
	
Channels	30																														
Samples	1	1	1	1	1	1	1	1	1	1	1	1	1	1	1	1	1	1	1	1	1	1	1	1	1	1	1	1	1	1	
Date	2025/03/10	2025/03/10	2025/03/10	2025/03/10	2025/03/10	2025/03/10	2025/03/10	2025/03/10	2025/03/10	2025/03/10	2025/03/10	2025/03/10	2025/03/10	2025/03/10	2025/03/10	2025/03/10	2025/03/10	2025/03/10	2025/03/10	2025/03/10	2025/03/10	2025/03/10	2025/03/10	2025/03/10	2025/03/10	2025/03/10	2025/03/10	2025/03/10	2025/03/10	2025/03/10	
Time	15:52:35,323957090690221968	15:52:35,3239633279903348115	15:52:35,323782444657247844	15:52:35,3238136313906427052	15:52:35,3238448183568682101	15:52:35,3238884796904887584	15:52:35,3238572929570938971	15:52:35,3238822423903759148	15:52:35,3238323435238118794	15:52:35,3238884796904887584	15:52:35,3238635302572067407	15:52:35,3238572929570938971	15:52:35,3238760050902630713	15:52:35,3239071918236579326	15:52:35,3239383785570527938	15:52:35,3238697675573195842	15:52:35,323769970057022157	15:52:35,3237762073571350005	15:52:35,3238884796904887584	15:52:35,323769970057022157	15:52:35,3237762073571350005	15:52:35,323782444657247844	15:52:35,323782444657247844	15:52:35,3237886819573606875	15:52:35,3237949194903041747	15:52:35,3238011567904170182	15:52:35,3238323435238118794	15:52:35,3238385808239247229	15:52:35,3238385808239247229	15:52:35,3238385808239247229	
Y_Unit_Label	Volts	Volts	Volts	Volts	Volts	Volts	Volts	Volts	Volts	Volts	Volts	Volts	Volts	Volts	Volts	Volts	Volts	Volts	Volts	Volts	Volts	Volts	Volts	Volts	Volts	Volts	Volts	Volts	Volts	Volts	
X_Dimension	Time	Time	Time	Time	Time	Time	Time	Time	Time	Time	Time	Time	Time	Time	Time	Time	Time	Time	Time	Time	Time	Time	Time	Time	Time	Time	Time	Time	Time	Time	
X0	0,0000000000000000E+0	0,0000000000000000E+0	0,0000000000000000E+0	0,0000000000000000E+0	0,0000000000000000E+0	0,0000000000000000E+0	0,0000000000000000E+0	0,0000000000000000E+0	0,0000000000000000E+0	0,0000000000000000E+0	0,0000000000000000E+0	0,0000000000000000E+0	0,0000000000000000E+0	0,0000000000000000E+0	0,0000000000000000E+0	0,0000000000000000E+0	0,0000000000000000E+0	0,0000000000000000E+0	0,0000000000000000E+0	0,0000000000000000E+0	0,0000000000000000E+0	0,0000000000000000E+0	0,0000000000000000E+0	0,0000000000000000E+0	0,0000000000000000E+0	0,0000000000000000E+0	0,0000000000000000E+0	0,0000000000000000E+0	0,0000000000000000E+0	0,0000000000000000E+0	
Delta_X	0,200000	0,200000	0,200000	0,200000	0,200000	0,200000	0,200000	0,200000	0,200000	0,200000	0,200000	0,200000	0,200000	0,200000	0,200000	0,200000	0,200000	0,200000	0,200000	0,200000	0,200000	0,200000	0,200000	0,200000	0,200000	0,200000	0,200000	0,200000	0,200000	0,200000	
***End_of_Header***																															
X_Value	PIT-A-0101	PIT-A-0301	PIT-M-0101	PIT-O-0301	PIT-W-0301	PDT-M-0101-40kPa	PDT-M-0101B-10kPa	PDT-M-0101C-3kPa	PIT-A-AUX	Model Pressure Drop	TIT-A-0101	TIT-A-0301	TIT-M-0101	TIT-O-0301	TIT-W-0301	LV-O-0X01	LV-W-0X01	LV-M-0X01	Densitometro	FT-A-0301	FT-A-0302	FT-A-0303	FT-A-0303 1	FT-O-0301	FT-O-0302	FT-O-0303	FT-W-0301	FT-W-0302	J Ar	J Água	Comment
0,000000	8,908834	8,938628	2,653097	0,400206	3,930674	-1753,486113	895,065942	-2992,369060	8,727906	958,207894	32,587482	29,441567	31,145190	28,779371	32,867768	-2,667943	1,186772	1,053667	199266,502942	-0,159108	18,009837	-0,025530	0,000000	2,047364	-0,124306	-0,124301	14,062650	-0,010093	6,711090	1,802515
0,200000	8,906133	8,935919	2,646068	0,399792	3,931833	-1934,454955	894,802068	-2992,310961	8,730327	958,747621	32,588342	29,440477	31,144182	28,781893	32,864145	-2,668091	1,188792	1,053714	199288,324483	-0,159169	18,012518	-0,025380	0,000000	2,047394	-0,124300	-0,124302	14,066663	-0,009582	6,723206	1,803095
0,400000	8,903306	8,933334	2,650505	0,399482	3,928983	-2061,457967	894,679016	-2992,257985	8,732879	957,071756	32,587461	29,441337	31,144190	28,784105	32,862496	-2,668212	1,191256	1,054292	199338,028021	-0,159263	18,017353	-0,025215	0,000000	2,048266	-0,124297	-0,124303	14,052341	-0,009307	6,715057	1,801294
0,600000	8,900795	8,931024	2,640626	0,399489	3,922816	-2154,211094	894,544157	-2992,408457	8,735352	955,419968	32,585601	29,442337	31,147551	28,782881	32,867806	-2,668110	1,193666	1,053366	199352,510177	-0,159493	18,023996	-0,025089	0,000000	2,048559	-0,124302	-0,124301	14,038846	-0,009666	6,734262	1,799517
0,800000	8,898733	8,928791	2,635329	0,399814	3,913757	-2253,903882	894,597404	-2992,614407	8,737599	955,102310	32,582813	29,442392	31,154839	28,778207	32,875617	-2,667947	1,194388	1,052563	199370,332864	-0,160316	18,031155	-0,025060	0,000000	2,048084	-0,124308	-0,124298	14,036663	-0,010149	6,745403	1,799175
1,000000	8,896724	8,926675	2,659713	0,400051	3,900468	-2159,039941	894,719013	-2992,742652	8,739931	954,443331	32,580038	29,442347	31,156978	28,773265	32,879240	-2,667911	1,192047	1,053540	199408,689850	-0,161217	18,037576	-0,025045	0,000000	2,047359	-0,124310	-0,124293	14,031082	-0,010099	6,701422	1,798465
1,200000	8,894415	8,924306	2,675135	0,399777	3,890926	-1986,382266	894,362059	-2992,767007	8,742489	952,536798	32,582301	29,441450	31,150584	28,771394	32,876888	-2,668077	1,188384	1,054483	199435,396904	-0,161337	18,043370	-0,025087	0,000000	2,046632	-0,124307	-0,124291	14,014612	-0,009640	6,673698	1,796411
1,400000	8,891992	8,921414	2,654991	0,398743	3,901879	-2089,172082	894,002827	-2992,568174	8,745080	951,986159	32,590671	29,441388	31,140754	28,774038	32,873001	-2,668343	1,187186	1,054827	199421,562277	-0,160783	18,049301	-0,025141	0,000000	2,046279	-0,124300	-0,124297	14,009619	-0,009274	6,710542	1,795818
1,600000	8,889808	8,918622	2,642119	0,398756	3,928671	-2386,011401	894,267255	-2992,185071	8,747603	953,925443	32,597837	29,443320	31,133921	28,778158	32,872132	-2,668465	1,187776	1,055518	199366,562126	-0,160221	18,055640	-0,025280	0,000000	2,046379	-0,124296	-0,124303	14,025834	-0,009199	6,734548	1,797908
1,800000	8,887639	8,916304	2,636365	0,399629	3,942716	-2550,043398	894,535052	-2991,995537	8,750097	955,636265	32,598108	29,443940	31,134472	28,778793	32,872766	-2,668317	1,188916	1,054582	199340,528285	-0,160090	18,062389	-0,025537	0,000000	2,046600	-0,124296	-0,124299	14,040220	-0,009226	6,746153	1,799749
2,000000	8,885272	8,914198	2,627062	0,399146	3,928379	-2564,098105	894,273210	-2992,171402	8,752514	955,912036	32,593600	29,442470	31,139565	28,777858	32,873159	-2,668119	1,191687	1,053190	199377,744650	-0,159622	18,069302	-0,025681	0,000000	2,046869	-0,124300	-0,124291	14,042362	-0,009054	6,764768	1,800046
2,200000	8,882941	8,912003	2,651679	0,398338	3,902917	-2459,325487	894,149189	-2992,371916	8,754881	954,786962	32,591428	29,441422	31,141747	28,780112	32,872859	-2,668213	1,194191	1,053803	199401,808179	-0,158986	18,075759	-0,025586	0,000000	2,046802	-0,124302	-0,124292	14,032918	-0,009051	6,720107	1,798835
2,400000	8,880746	8,909476	2,668876	0,398955	3,894081	-2276,047102	894,572618	-2992,348505	8,757316	952,536300	32,596026	29,441813	31,139397	28,786611	32,871464	-2,668462	1,194323	1,054275	199411,846436	-0,159497	18,081384	-0,025417	0,000000	2,046599	-0,124298	-0,124301	14,014175	-0,009207	6,688887	1,796411
2,600000	8,878359	8,906989	2,646865	0,400187	3,910803	-2391,177717	895,026647	-2992,153647	8,759734	951,099405	32,603856	29,442449	31,137710	28,792831	32,867203	-2,668562	1,194021	1,053661	199458,356767	-0,160019	18,086945	-0,025460	0,000000	2,047234	-0,124297	-0,124306	14,001681	-0,008789	6,729622	1,794862
2,800000	8,875494	8,904969	2,646520	0,400517	3,935397	-2751,386789	895,226431	-2992,044341	8,762080	951,036436	32,608885	29,443558	31,136031	28,793287	32,859849	-2,668622	1,195449	1,053340	199482,983554	-0,159258	18,093077	-0,025601	0,000000	2,048066	-0,124300	-0,124310	14,000734	-0,008372	6,731102	1,794794
3,000000	8,872597	8,903064	2,657299	0,400431	3,944554	-2754,098179	895,334537	-2992,259037	8,764465	951,240002	32,606964	29,445347	31,136969	28,788752	32,855922	-2,668645	1,197321	1,053221	199447,122905	-0,158817	18,099083	-0,025590	0,000000	2,048181	-0,124302	-0,124311	14,002831	-0,008757	6,712160	1,795014
3,200000	8,870198	8,900867	2,634050	0,400689	3,936263	-2568,390565	895,128389	-2992,544984	8,766935	952,157995	32,600814	29,445594	31,142549	28,783304	32,859534	-2,668415	1,197754	1,053214	199392,626953	-0,160017	18,104585	-0,025496	0,000000	2,047866	-0,124302	-0,124307	14,011208	-0,009419	6,755811	1,796003
3,400000	8,868148	8,898486	2,630442	0,400679	3,920601	-2600,020709	894,870191	-2992,581208	8,769475	954,189115	32,596383	29,444539	31,142609	28,780932	32,867350	-2,668191	1,196313	1,053825	199362,422368	-0,160997	18,110171	-0,025481	0,000000	2,047454	-0,124296	-0,124298	14,028728	-0,009879	6,763012	1,798191
3,600000	8,866182	8,896208	2,649106	0,400278	3,905621	-2577,926079	895,001942	-2992,415220	8,772035	954,772674	32,594176	29,443344	31,137835	28,783088	32,871347	-2,668314	1,195266	1,053694	199353,748388	-0,160842	18,116149	-0,025601	0,000000	2,047286	-0,124293	-0,124290	14,033561	-0,009814	6,728979	1,798820
3,800000	8,864221	8,894032	2,636049	0,399730	3,899033	-2530,024845	895,119444	-2992,332630	8,774440	952,877337	32,592963	29,442975	31,137196	28,785969	32,867984	-2,668514	1,196660	1,052988	199349,948251	-0,160894	18,122102	-0,025740	0,000000	2,047382	-0,124295	-0,124289	14,017082	-0,009250	6,753889	1,796778
4,000000	8,862084	8,892020	2,630031	0,399388	3,903080	-2611,921191	895,155515	-2992,435945	8,776598	952,071824	32,590781	29,445100	31,143054	28,786318	32,863269	-2,668435	1,197833	1,052776	199347,194171	-0,160759	18,127777	-0,025651	0,000000	2,047497	-0,124295	-0,124292	14,010047	-0,008982	6,765918	1,795910
4,200000	8,859861	8,890068	2,652095	0,399782	3,911194	-2535,938496	894,963074	-2992,549149	8,778728	953,877834	32,583984	29,445907	31,152607	28,781765	32,862617	-2,668178	1,196882	1,053293	199336,766047	-0,160228	18,133315	-0,025339	0,000000	2,047648	-0,124297	-0,124298	14,025508	-0,009273	6,725922	1,797856
4,400000	8,857861	8,887639	2,653413	0,399864	3,916685	-2533,854110	894,254558	-2992,641547	8,781053	955,571271	32,574937	29,442505	31,157298	28,772554	32,865677	-2,668143	1,195737	1,053353	199306,707874	-0,159912	18,138743	-0,025152	0,000000	2,047703	-0,124305	-0,124300	14,040016	-0,009567	6,724034	1,799679
4,600000	8,856047	8,884896	2,642982	0,398864	3,916929	-2920,440760	893,652605	-2992,699244	8,783550	955,840041	32,573066	29,440163	31,153093	28,767034	32,870921	-2,668299	1,196245	1,052971	199256,453952	-0,159873	18,144176	-0,025371	0,000000	2,047553	-0,124311	-0,124295	14,042350	-0,009646	6,743408	1,799969
4,800000	8,853997	8,882549	2,652958	0,398432	3,909739	-3175,646234	893,780108	-2992,708146	8,786104	955,600025	32,580385	29,441255	31,146718	28,769449	32,875575	-2,668374	1,197724	1,053752	199208,321369	-0,160549	18,150095	-0,025480	0,000000	2,047122	-0,124305	-0,124293	14,040371	-0,009681	6,725400	1,799710
5,000000	8,851434	8,880436	2,640762	0,399139	3,900090	-3121,584902	894,129778	-2992,697382	8,788574	955,471377	32,587043	29,442268	31,144790	28,775569	32,873446	-2,668448	1,199063	1,053648	199232,141012	-0,161576	18,156534	-0,025214	0,000000	2,046983	-0,124299	-0,124299	14,039183	-0,009572	6,748832	1,799572
5,200000	8,848651	8,878135	2,619089	0,399441	3,898554	-3107,483110	894,220571	-2992,554877	8,790942	955,496248	32,586327	29,442050	31,146179	28,779812	32,868537	-2,668519	1,199930	1,052741	199358,124893	-0,161611	18,162811	-0,025283	0,000000	2,047718	-0,124298	-0,124304	14,039132	-0,009312	6,790083	1,799599
5,400000	8,846162	8,875848	2,642398	0,399102	3,905345	-3056,414215	894,208328	-2992,505892	8,793359	955,512567	32,582036	29,441733	31,145387	28,779004	32,870783	-2,668492	1,199577	1,053355	199410,130775	-0,160846	18,168636	-0,025467	0,000000	2,048196	-0,124299	-0,124302	14,039345	-0,009389	6,747177	1,799616
5,600000	8,844197	8,873603	2,644438	0,399043	3,914577	-2861,033176	894,014987	-2992,706686	8,795796	955,477288	32,580070	29,441516	31,144078	28,775533	32,876295	-2,668502	1,197966	1,054025	199312,127527	-0,160474	18,174192	-0,025434	0,000000	2,047849	-0,124300	-0,124297	14,039434	-0,009774	6,743899	1,799578
5,800000	8,842430	8,871153	2,616587	0,399125	3,921947	-2654,678415	893,760297	-2992,746215	8,798179	955,489982	32,582188	29,440956	31,144023	28,775015	32,877874	-2,668406	1,195312	1,053418	199237,526501	-0,160456	18,179713	-0,025559	0,000000	2,047261	-0,124299	-0,124294	14,039425	-0,009658	6,796266	1,799592
6,000000	8,840372	8,868554	2,638414	0,399092	3,923376	-2440,351829	893,999417	-2992,429560	8,800627	955,596092	32,586672	29,440716	31,139709	28,779081	32,873132	-2,668265	1,193456	1,053161	199259,327316	-0,160309	18,185464	-0,025600	0,000000	2,046769	-0,124298	-0,124294	14,039405	-0,008747	6,755720	1,799706
6,200000	8,838011	8,866146	2,653655	0,399405	3,919720	-2269,313646	894,437831	-2991,964658	8,803157	955,688802	32,590852	29,441156	31,133360	28,783955	32,864286	-2,668573	1,194062	1,053652	199322,386989	-0,160515	18,191473	-0,025576	0,000000	2,046951	-0,124298	-0,124302	14,039399	-0,007964	6,727938	1,799806
6,400000	8,835472	8,864166	2,626837	0,400220	3,918074	-2258,096837	894,719824	-2991,758889	8,805634	955,675326	32,594372	29,443159	31,133675	28,787390	32,857851	-2,668846	1,195726	1,053437	199368,428042	-0,161600	18,197563	-0,025645	0,000000	2,047559	-0,124298	-0,124309	14,039401	-0,008079	6,778599	1,799791
6,600000	8,832953	8,862414	2,631983	0,401398	3,919161	-2257,762505	895,312981	-2991,975522	8,807997	956,480326	32,594463	29,446019	31,142987	28,787790	32,857701	-2,668608	1,197258	1,052732	199362,950692	-0,161982	18,203520	-0,025481	0,000000	2,047824	-0,124297	-0,124306	14,046820	-0,008745	6,770140	1,800658
6,800000	8,830777	8,860528	2,647733	0,401675	3,917364	-2137,980476	895,555551	-2992,306475	8,810202	958,509284	32,588111	29,444657	31,149800	28,783513	32,861647	-2,668296	1,197676	1,052987	199339,197111	-0,160713	18,209023	-0,025234	0,000000	2,047720	-0,124295	-0,124302	14,064395	-0,009312	6,741811	1,802839
7,000000	8,828632	8,858086	2,634363	0,400175	3,914419	-2157,547040	894,598708	-2992,491087	8,812296	959,980539	32,581887	29,439814	31,146570	28,781223	32,864311	-2,668186	1,196545	1,052513	199335,646146	-0,159949	18,214087	-0,025304	0,000000	2,047366	-0,124293	-0,124300	14,076855	-0,009448	6,766874	1,804420
7,200000	8,826137	8,855116	2,640798	0,399008	3,912094	-2355,376549	893,903983	-2992,449644	8,814527	960,131516	32,583179	29,438961	31,141821	28,785122	32,864424	-2,668239	1,195626	1,051676	199346,110690	-0,160516	18,219235	-0,025471	0,000000	2,047275	-0,124295	-0,124299	14,078017	-0,009346	6,754686	1,804582
7,400000	8,823447	8,852562	2,652036	0,399694	3,906811	-2365,914104	894,356773	-2992,361485	8,816909	959,895070	32,587069	29,442773	31,140353	28,787864	32,862219	-2,668395	1,196404	1,052878	199337,195648	-0,160771	18,224961	-0,025431	0,000000	2,047872	-0,124300	-0,124301	14,076007	-0,009316	6,734128	1,804328
7,600000	8,821067	8,850677	2,621245	0,400606	3,903121	-2318,984272	894,807529	-2992,402253	8,819239	958,886667	32,584940	29,444700	31,142233	28,783620	32,859071	-2,668524	1,198331	1,052833	199318,350804	-0,160152	18,231270	-0,025289	0,000000	2,048677	-0,124307	-0,124304	14,067619	-0,009374	6,792486	1,803245
7,800000	8,819344	8,848748	2,612943	0,400110	3,905910	-2380,154082	894,791266	-2992,475384	8,821644	957,656642	32,578635	29,443871	31,149131	28,775217	32,860682	-2,668507	1,199007	1,051965	199275,514315	-0,160170	18,237514	-0,025047	0,000000	2,048539	-0,124304	-0,124303	14,057496	-0,009559	6,809279	1,801923
8,000000	8,817717	8,846567	2,644876	0,399154	3,910674	-2253,398804	894,524416	-2992,547657	8,824016	958,257165	32,573236	29,442996	31,156596	28,768994	32,869180	-2,668323	1,198269	1,053328	199186,600174	-0,160942	18,243144	-0,024986	0,000000	2,047082	-0,124295	-0,124296	14,062815	-0,009844	6,750339	1,802568
8,200000	8,815661	8,844390	2,648938	0,398986	3,915623	-2126,358287	894,082497	-2992,558369	8,826179	959,618340	32,569678	29,442247	31,159223	28,767215	32,876623	-2,668119	1,197774	1,054018	199139,173011	-0,161324	18,248293	-0,025350	0,000000	2,046073	-0,124293	-0,124293	14,074180	-0,009806	6,743303	1,804031
8,400000	8,813390	8,842405	2,647515	0,399154	3,923433	-2206,072320	893,995087	-2992,460408	8,828492	960,036783	32,568816	29,442243	31,154776	28,768986	32,876082	-2,668064	1,196615	1,053722	199164,739276	-0,161626	18,253410	-0,025579	0,000000	2,046498	-0,124296	-0,124295	14,077338	-0,009460	6,746364	1,804480
8,600000	8,811025	8,840662	2,666218	0,399080	3,928185	-2138,754636	894,268787	-2992,352882	8,830882	960,833340	32,571035	29,442948	31,147848	28,772097	32,871223	-2,668115	1,194430	1,053793	199219,177755	-0,161666	18,258659	-0,025427	0,000000	2,047333	-0,124299	-0,124296	14,083697	-0,009150	6,712484	1,805336
8,800000	8,808546	8,838631	2,647355	0,398939	3,923538	-2050,460906	894,292492	-2992,361514	8,833168	961,947060	32,573094	29,443006	31,147275	28,774729	32,868157	-2,668180	1,193056	1,052832	199263,272969	-0,161328	18,263660	-0,025248	0,000000	2,047785	-0,124302	-0,124293	14,092846	-0,008979	6,747669	1,806531
9,000000	8,806234	8,836100	2,615012	0,398913	3,917629	-2284,767256	894,160409	-2992,544484	8,835313	961,312925	32,570364	29,441894	31,150695	28,775233	32,868707	-2,668226	1,193861	1,052396	199277,903381	-0,161248	18,268261	-0,025270	0,000000	2,047511	-0,124304	-0,124293	14,087564	-0,009003	6,808159	1,805851
9,200000	8,804273	8,833669	2,638781	0,399059	3,920259	-2511,419733	893,855399	-2992,688391	8,837407	959,975976	32,567927	29,439354	31,150841	28,773056	32,871986	-2,668345	1,195322	1,053336	199254,017116	-0,161449	18,273035	-0,025366	0,000000	2,046887	-0,124300	-0,124295	14,076403	-0,009035	6,763797	1,804415
9,400000	8,802372	8,831192	2,660953	0,398854	3,930243	-2522,324224	893,599245	-2992,594195	8,839599	959,615205	32,573511	29,437527	31,146081	28,772944	32,874407	-2,668529	1,197041	1,053536	199204,702997	-0,161484	18,278454	-0,025393	0,000000	2,046612	-0,124294	-0,124299	14,073314	-0,008966	6,723027	1,804028
9,600000	8,800252	8,828477	2,644239	0,398464	3,935831	-2681,720642	893,988642	-2992,375130	8,841764	959,741716	32,582099	29,439574	31,140547	28,778504	32,871259	-2,668667	1,198292	1,053707	199167,282022	-0,161119	18,284273	-0,025510	0,000000	2,046803	-0,124290	-0,124303	14,074357	-0,008950	6,753999	1,804163
9,800000	8,797846	8,826281	2,648102	0,399411	3,926757	-2903,217634	894,648531	-2992,243124	8,844088	959,858296	32,587217	29,442820	31,136719	28,785408	32,864702	-2,668614	1,198017	1,053814	199164,699340	-0,160808	18,290218	-0,025662	0,000000	2,047210	-0,124290	-0,124306	14,075348	-0,008965	6,747362	1,804289
10,000000	8,795218	8,824656	2,646632	0,400891	3,910305	-2786,111707	894,901839	-2992,196709	8,846602	959,885107	32,586309	29,443719	31,135384	28,786572	32,860579	-2,668519	1,198097	1,053448	199194,968370	-0,160704	18,296103	-0,025662	0,000000	2,047333	-0,124295	-0,124308	14,075510	-0,008902	6,751088	1,804318
10,200000	8,792826	8,822830	2,616787	0,400867	3,906509	-2559,901449	894,580075	-2992,252369	8,849039	960,738599	32,580523	29,442257	31,137472	28,781746	32,860390	-2,668653	1,196385	1,052868	199199,278821	-0,161060	18,301304	-0,025468	0,000000	2,047564	-0,124302	-0,124300	14,082793	-0,009039	6,807595	1,805234
10,400000	8,790890	8,820594	2,629841	0,399762	3,917660	-2465,570522	894,184227	-2992,408704	8,851321	962,765292	32,577082	29,440747	31,139752	28,776272	32,862957	-2,668758	1,194001	1,052153	199132,149155	-0,161655	18,305721	-0,025339	0,000000	2,047735	-0,124305	-0,124291	14,100287	-0,009576	6,783267	1,807409
10,600000	8,788898	8,818100	2,654650	0,399237	3,924196	-2404,506950	894,227794	-2992,425851	8,853495	963,335647	32,578278	29,441035	31,141776	28,774977	32,863683	-2,668667	1,194769	1,053020	199069,019504	-0,161419	18,310190	-0,025415	0,000000	2,047161	-0,124302	-0,124293	14,105325	-0,009845	6,737144	1,808021
10,800000	8,786422	8,815685	2,640368	0,399458	3,918054	-2442,768948	894,435175	-2992,273167	8,855753	961,426779	32,579454	29,441731	31,143777	28,778697	32,858737	-2,668629	1,196006	1,053272	199081,856572	-0,161087	18,315371	-0,025579	0,000000	2,047027	-0,124296	-0,124302	14,088927	-0,009414	6,763876	1,805973
11,000000	8,783768	8,813568	2,643032	0,399885	3,907161	-2541,353644	894,703333	-2992,217118	8,858025	960,646464	32,576974	29,442698	31,143575	28,782185	32,853474	-2,668627	1,195846	1,052204	199099,203275	-0,161290	18,320944	-0,025741	0,000000	2,047773	-0,124295	-0,124309	14,081881	-0,008898	6,759493	1,805135
11,200000	8,781522	8,811468	2,654661	0,400262	3,898253	-2523,832135	894,893842	-2992,427562	8,860237	962,486659	32,571027	29,445037	31,146266	28,781153	32,855495	-2,668508	1,195857	1,052308	199090,931389	-0,161409	18,326243	-0,025641	0,000000	2,048355	-0,124300	-0,124310	14,097322	-0,008942	6,738475	1,807110
11,400000	8,779644	8,809201	2,630414	0,399956	3,897182	-2668,622189	894,675353	-2992,747500	8,862387	964,155721	32,563948	29,445598	31,154243	28,777435	32,862945	-2,668423	1,196433	1,052371	199089,012785	-0,161809	18,331302	-0,025370	0,000000	2,048179	-0,124304	-0,124305	14,111826	-0,009490	6,783991	1,808900
11,600000	8,777592	8,807140	2,624781	0,399397	3,902743	-3035,928649	894,242717	-2992,911257	8,864377	964,393445	32,557445	29,443113	31,157851	28,773638	32,869434	-2,668414	1,196956	1,052838	199082,090044	-0,162273	18,336555	-0,025298	0,000000	2,047549	-0,124303	-0,124301	14,114161	-0,009839	6,795196	1,809155
11,800000	8,775431	8,805183	2,646285	0,399004	3,906031	-3067,257686	893,896939	-2992,837351	8,866582	963,280182	32,554490	29,440304	31,154069	28,769895	32,872010	-2,668502	1,196810	1,053733	199072,246665	-0,162287	18,341906	-0,025401	0,000000	2,046978	-0,124305	-0,124299	14,104767	-0,009750	6,755683	1,807961
12,000000	8,773486	8,802835	2,630815	0,398247	3,905752	-2706,403324	893,937094	-2992,669294	8,869037	961,048149	32,558207	29,438760	31,146101	28,768921	32,870977	-2,668633	1,195373	1,052947	199065,266200	-0,162270	18,346744	-0,025420	0,000000	2,046561	-0,124307	-0,124296	14,086004	-0,009659	6,784512	1,805566
12,200000	8,771272	8,800403	2,617262	0,398087	3,908750	-2435,217108	894,404764	-2992,564539	8,871530	960,399565	32,562809	29,440149	31,139697	28,770601	32,868872	-2,668596	1,195044	1,052324	199057,182784	-0,162323	18,351187	-0,025394	0,000000	2,046578	-0,124305	-0,124297	14,080910	-0,009994	6,809734	1,804870
12,400000	8,768916	8,798159	2,636968	0,398743	3,914112	-2429,169415	894,545119	-2992,551280	8,873955	962,304732	32,560603	29,441967	31,143614	28,768456	32,868576	-2,668502	1,194702	1,053321	199052,412516	-0,162410	18,356031	-0,025441	0,000000	2,046950	-0,124298	-0,124301	14,097536	-0,010677	6,773082	1,806915
12,600000	8,766955	8,795907	2,635323	0,398350	3,915548	-2571,636085	893,956934	-2992,581485	8,876097	964,001307	32,553623	29,440937	31,152752	28,763145	32,871098	-2,668470	1,191225	1,053590	199058,385187	-0,162309	18,361420	-0,025468	0,000000	2,047223	-0,124296	-0,124297	14,112095	-0,011049	6,776806	1,808735
12,800000	8,764908	8,793532	2,627973	0,397318	3,910104	-2618,542684	893,325439	-2992,599566	8,878205	964,275434	32,549981	29,440384	31,154771	28,761983	32,874550	-2,668356	1,189256	1,053480	199046,992232	-0,161966	18,366834	-0,025387	0,000000	2,046942	-0,124300	-0,124292	14,114219	-0,010882	6,790957	1,809029
13,000000	8,762695	8,791037	2,643306	0,397500	3,898205	-2364,251738	893,208221	-2992,549316	8,880424	963,186325	32,554119	29,441879	31,147194	28,767969	32,877678	-2,668227	1,191809	1,053641	199033,563970	-0,161922	18,372008	-0,025227	0,000000	2,046326	-0,124302	-0,124295	14,104736	-0,010504	6,762326	1,807861
13,200000	8,760504	8,788462	2,640037	0,398663	3,890260	-2127,648032	893,364665	-2992,413716	8,882666	961,013355	32,561290	29,441819	31,137002	28,776377	32,875513	-2,668288	1,195402	1,052825	199072,881031	-0,162362	18,377141	-0,025258	0,000000	2,046599	-0,124301	-0,124299	14,085981	-0,009928	6,768283	1,805529
13,400000	8,758225	8,786307	2,626559	0,399356	3,898569	-2232,746191	893,648944	-2992,339130	8,885079	959,609867	32,566115	29,441073	31,130975	28,781384	32,865544	-2,668446	1,197231	1,052760	199109,912344	-0,162627	18,382446	-0,025480	0,000000	2,047442	-0,124303	-0,124301	14,073490	-0,009187	6,793803	1,804022
13,600000	8,755793	8,784769	2,639962	0,399278	3,915581	-2412,519414	894,089456	-2992,475823	8,887491	960,413271	32,566982	29,442280	31,133200	28,780833	32,859077	-2,668557	1,197992	1,053659	199089,714901	-0,162483	18,387936	-0,025580	0,000000	2,047693	-0,124305	-0,124301	14,079964	-0,008934	6,769742	1,804885
13,800000	8,753266	8,783062	2,648619	0,399058	3,921831	-2572,664945	894,310148	-2992,627248	8,889711	961,851202	32,563899	29,443500	31,140943	28,777781	32,861753	-2,668585	1,197829	1,053626	199059,967720	-0,162418	18,393045	-0,025633	0,000000	2,047366	-0,124302	-0,124297	14,092220	-0,009155	6,754505	1,806428
14,000000	8,750955	8,780695	2,630720	0,398999	3,910961	-3122,842391	894,124025	-2992,593909	8,891793	960,462024	32,561043	29,442630	31,142723	28,777827	32,866377	-2,668727	1,192603	1,052474	199068,656303	-0,162159	18,397273	-0,025774	0,000000	2,047040	-0,124297	-0,124296	14,080646	-0,009208	6,787808	1,804937
14,200000	8,748709	8,778046	2,633723	0,399319	3,892331	-3834,833047	893,833308	-2992,454119	8,893819	957,922998	32,561693	29,440863	31,137818	28,779742	32,865764	-2,668993	1,184510	1,052086	199093,290818	-0,161789	18,401360	-0,025953	0,000000	2,047251	-0,124292	-0,124301	14,059135	-0,008965	6,781789	1,802209
14,400000	8,746332	8,775715	2,636335	0,399534	3,876233	-4020,300223	893,899156	-2992,409585	8,896037	958,183402	32,563461	29,441248	31,135999	28,779674	32,858778	-2,668964	1,181471	1,052804	199098,119334	-0,161803	18,406121	-0,026050	0,000000	2,047713	-0,124292	-0,124308	14,060870	-0,008517	6,776997	1,802489
14,600000	8,743946	8,773878	2,609382	0,399312	3,874023	-3831,260621	894,445292	-2992,506107	8,898379	959,669603	32,562138	29,443167	31,140863	28,778777	32,851832	-2,668710	1,184753	1,052568	199082,985058	-0,161503	18,411479	-0,025921	0,000000	2,047985	-0,124299	-0,124311	14,073140	-0,008337	6,828419	1,804086
14,800000	8,741767	8,772110	2,624033	0,399640	3,889669	-3590,863759	894,611917	-2992,643558	8,900588	959,232722	32,556289	29,442467	31,148662	28,775890	32,850801	-2,668627	1,190078	1,052104	199065,686857	-0,161086	18,416752	-0,025644	0,000000	2,048105	-0,124302	-0,124309	14,069918	-0,008774	6,801693	1,803617
15,000000	8,739999	8,769926	2,656084	0,400135	3,910482	-3263,237712	893,855108	-2992,761270	8,902804	957,851277	32,547538	29,439099	31,153460	28,769297	32,854484	-2,668669	1,192671	1,052592	199056,268679	-0,161400	18,421204	-0,025382	0,000000	2,048105	-0,124304	-0,124303	14,058907	-0,009338	6,742315	1,802132
15,200000	8,738337	8,767515	2,640327	0,399781	3,923512	-3159,351687	893,258012	-2992,809252	8,905172	958,280226	32,541453	29,438103	31,151292	28,764512	32,859900	-2,668595	1,191684	1,052565	199063,947206	-0,162098	18,425163	-0,025310	0,000000	2,047738	-0,124306	-0,124298	14,062886	-0,009722	6,771281	1,802593
15,400000	8,736294	8,765279	2,622162	0,399353	3,923229	-3340,005712	893,497660	-2992,752267	8,907535	959,574617	32,542642	29,440670	31,144953	28,765325	32,865164	-2,668444	1,189697	1,052108	199058,311790	-0,162652	18,429590	-0,025447	0,000000	2,047165	-0,124307	-0,124298	14,073930	-0,009922	6,805140	1,803984
15,600000	8,733856	8,763237	2,619989	0,399069	3,907880	-3272,699288	893,819404	-2992,637723	8,909929	959,967892	32,544944	29,441792	31,143133	28,770752	32,866820	-2,668461	1,189168	1,052383	199045,196960	-0,162881	18,434865	-0,025625	0,000000	2,047289	-0,124304	-0,124302	14,077232	-0,009931	6,809684	1,804406
15,800000	8,731538	8,761271	2,607151	0,398861	3,887008	-2952,698452	893,688624	-2992,563968	8,912361	959,847017	32,542261	29,440707	31,146657	28,774664	32,866129	-2,668613	1,187066	1,052708	199083,919589	-0,162855	18,440164	-0,025631	0,000000	2,048205	-0,124302	-0,124305	14,076289	-0,010001	6,834631	1,804277
16,000000	8,729686	8,759251	2,616386	0,398999	3,878372	-2671,287500	893,457952	-2992,589839	8,914496	959,722209	32,538276	29,440316	31,147286	28,770886	32,869449	-2,668529	1,182659	1,052545	199084,663735	-0,162791	18,444631	-0,025297	0,000000	2,048592	-0,124305	-0,124304	14,075295	-0,010051	6,817423	1,804143
16,200000	8,728061	8,757072	2,640451	0,398887	3,884601	-2400,690399	893,439255	-2992,738574	8,916560	958,842952	32,536346	29,440917	31,146244	28,763725	32,876781	-2,668349	1,183249	1,052447	199000,753893	-0,162728	18,448820	-0,025007	0,000000	2,047731	-0,124308	-0,124300	14,067694	-0,009815	6,772300	1,803198
16,400000	8,726197	8,754746	2,620337	0,398115	3,895115	-2356,348678	893,527289	-2992,825274	8,918958	956,797100	32,535619	29,442975	31,148482	28,760588	32,881288	-2,668300	1,187304	1,052362	198916,882593	-0,162599	18,453420	-0,025026	0,000000	2,046631	-0,124303	-0,124291	14,050246	-0,009515	6,810034	1,800998
16,600000	8,724076	8,752472	2,597595	0,397225	3,901417	-2639,099628	893,467969	-2992,666435	8,921533	955,337711	32,537056	29,443897	31,146022	28,763745	32,878797	-2,668366	1,188298	1,052259	198868,659863	-0,162735	18,458223	-0,025224	0,000000	2,046339	-0,124292	-0,124284	14,037869	-0,009380	6,853228	1,799428
16,800000	8,721767	8,750351	2,620254	0,397145	3,899806	-2776,355513	893,360780	-2992,372697	8,924067	955,195946	32,541562	29,442059	31,136428	28,770170	32,871906	-2,668694	1,188027	1,053159	198859,427141	-0,163041	18,463314	-0,025478	0,000000	2,046667	-0,124289	-0,124285	14,036713	-0,009413	6,810513	1,799275
17,000000	8,719168	8,748336	2,633357	0,397764	3,893941	-2745,517354	893,440982	-2992,263694	8,926308	955,432764	32,546955	29,440997	31,131714	28,774362	32,864901	-2,668932	1,189836	1,053535	198862,232650	-0,163112	18,468304	-0,025601	0,000000	2,046966	-0,124298	-0,124291	14,038709	-0,009422	6,786276	1,799530
17,200000	8,716553	8,746275	2,626400	0,398336	3,888373	-2870,627516	893,725680	-2992,403936	8,928377	954,681750	32,547632	29,441957	31,137499	28,773343	32,860650	-2,668793	1,194031	1,052216	198870,303651	-0,163015	18,472338	-0,025510	0,000000	2,047055	-0,124304	-0,124298	14,032255	-0,009271	6,799459	1,798722
17,400000	8,714283	8,744050	2,646300	0,398557	3,881645	-2889,055301	893,538444	-2992,511530	8,930664	952,591158	32,541714	29,442553	31,143853	28,769770	32,861407	-2,668566	1,197934	1,052234	198907,353979	-0,163116	18,476767	-0,025218	0,000000	2,046978	-0,124302	-0,124298	14,014645	-0,009217	6,762519	1,796470
17,600000	8,712259	8,741815	2,643382	0,398273	3,879080	-2711,432700	892,701683	-2992,558090	8,933052	951,949819	32,538386	29,440803	31,141336	28,769961	32,863887	-2,668577	1,199496	1,052663	198948,365657	-0,163193	18,481799	-0,025154	0,000000	2,046860	-0,124298	-0,124296	14,009402	-0,009362	6,768211	1,795779
17,800000	8,709974	8,739553	2,599907	0,398381	3,890498	-2739,118505	892,782362	-2992,533367	8,935432	953,869604	32,543227	29,439528	31,135213	28,774766	32,863284	-2,668737	1,200840	1,052273	198956,109611	-0,162400	18,486043	-0,025450	0,000000	2,046929	-0,124298	-0,124301	14,025747	-0,009581	6,849893	1,797847
18,000000	8,707546	8,737352	2,601750	0,399430	3,907634	-2886,041112	894,091230	-2992,342823	8,937957	955,577241	32,550372	29,441510	31,133169	28,779402	32,860171	-2,668781	1,202603	1,053123	198953,037520	-0,161641	18,490399	-0,025618	0,000000	2,047296	-0,124301	-0,124307	14,040231	-0,009732	6,846354	1,799686
18,200000	8,705468	8,735390	2,626957	0,400067	3,909227	-2775,721038	895,205193	-2992,184028	8,940451	954,962479	32,551198	29,444851	31,134670	28,780628	32,855763	-2,668790	1,202674	1,053413	199011,738492	-0,162047	18,495756	-0,025503	0,000000	2,048053	-0,124303	-0,124305	14,034965	-0,009625	6,799282	1,799024
18,400000	8,703705	8,733418	2,623925	0,399588	3,896367	-2608,320086	895,267138	-2992,249940	8,942837	952,626481	32,543971	29,446907	31,139113	28,777677	32,854569	-2,668755	1,200988	1,052887	199051,307834	-0,162271	18,500843	-0,025355	0,000000	2,048343	-0,124302	-0,124302	14,015349	-0,009623	6,805519	1,796508
18,600000	8,701903	8,731509	2,635921	0,399075	3,885850	-2591,434224	894,505359	-2992,462712	8,945075	950,947396	32,535021	29,445586	31,146900	28,772194	32,860402	-2,668538	1,199442	1,052295	198976,701465	-0,162030	18,504817	-0,025402	0,000000	2,047480	-0,124303	-0,124299	14,001714	-0,010100	6,783374	1,794698
18,800000	8,699859	8,729579	2,640039	0,398990	3,883073	-2520,525506	893,599070	-2992,571557	8,947014	951,652591	32,529403	29,441459	31,152987	28,767248	32,866717	-2,668395	1,199464	1,051978	198918,843965	-0,162649	18,508726	-0,025596	0,000000	2,046679	-0,124304	-0,124298	14,007934	-0,010392	6,776008	1,795458
19,000000	8,697606	8,727150	2,598465	0,398894	3,888097	-2578,418592	893,040517	-2992,576545	8,949141	953,166560	32,527802	29,439056	31,151283	28,765928	32,866717	-2,668527	1,200822	1,052247	198930,267005	-0,163440	18,512887	-0,025761	0,000000	2,046981	-0,124300	-0,124303	14,020319	-0,010057	6,854209	1,797090
19,200000	8,695250	8,724717	2,589255	0,398938	3,898605	-2847,385648	893,264294	-2992,610037	8,951657	952,742688	32,528162	29,431665	31,146925	28,766675	32,861403	-2,668696	1,200796	1,052073	198964,413697	-0,163283	18,516891	-0,025699	0,000000	2,047886	-0,124298	-0,124307	14,016261	-0,009559	6,871648	1,796633
19,400000	8,693114	8,722703	2,626623	0,398947	3,904819	-2846,519814	893,645078	-2992,650242	8,954194	951,384662	32,528443	29,412219	31,149844	28,766265	32,857491	-2,668619	1,198963	1,052244	198995,983794	-0,162935	18,520892	-0,025405	0,000000	2,048273	-0,124298	-0,124307	14,004919	-0,009629	6,801351	1,795170
19,600000	8,691239	8,720727	2,632598	0,398299	3,900069	-2752,029973	893,464272	-2992,724474	8,956638	951,783696	32,525612	29,397056	31,155911	28,764273	32,861113	-2,668395	1,198287	1,052190	198996,791687	-0,163118	18,524919	-0,025258	0,000000	2,047971	-0,124303	-0,124302	14,008939	-0,010296	6,790730	1,795600
19,800000	8,689334	8,718722	2,623286	0,397514	3,886522	-2932,831602	892,944116	-2992,774026	8,959028	953,955480	32,520076	29,393785	31,155452	28,760057	32,869874	-2,668301	1,198245	1,052625	198997,505312	-0,163291	18,528658	-0,025433	0,000000	2,047511	-0,124309	-0,124297	14,027481	-0,010593	6,808231	1,797940
20,000000	8,687329	8,716773	2,632811	0,397144	3,871790	-2985,310234	892,562076	-2992,728837	8,961366	954,710112	32,518949	29,393278	31,147914	28,756543	32,877095	-2,668391	1,197783	1,053854	199033,818112	-0,163332	18,531917	-0,025635	0,000000	2,047132	-0,124307	-0,124293	14,033545	-0,010323	6,790034	1,798752
20,200000	8,685270	8,714646	2,613019	0,396819	3,866450	-2881,851571	892,804489	-2992,638611	8,963558	952,807595	32,523420	29,393770	31,140932	28,760331	32,877979	-2,668661	1,197264	1,053514	199058,111637	-0,163685	18,535317	-0,025663	0,000000	2,046967	-0,124306	-0,124292	14,017321	-0,010074	6,826850	1,796703
20,400000	8,683030	8,712422	2,587423	0,397251	3,875085	-2916,544011	893,243689	-2992,586448	8,965747	951,074374	32,528032	29,394831	31,138800	28,770441	32,873502	-2,668836	1,196045	1,052743	199031,272261	-0,163781	18,539265	-0,025543	0,000000	2,046977	-0,124307	-0,124296	14,002721	-0,010039	6,875418	1,794835
20,600000	8,680585	8,710160	2,612775	0,398332	3,886428	-2838,278652	893,492658	-2992,574247	8,968123	951,694721	32,527546	29,396376	31,139327	28,775874	32,868940	-2,668815	1,195066	1,052811	199010,540039	-0,163352	18,543592	-0,025403	0,000000	2,046947	-0,124303	-0,124302	14,007920	-0,010024	6,827101	1,795504
20,800000	8,678489	8,707600	2,629732	0,398339	3,889675	-2512,231337	893,508457	-2992,584223	8,970436	953,182458	32,524251	29,398265	31,141940	28,771393	32,866163	-2,668785	1,195840	1,052686	199029,840090	-0,163145	18,548199	-0,025341	0,000000	2,047221	-0,124300	-0,124302	14,020117	-0,009721	6,795085	1,797107
21,000000	8,676568	8,705057	2,620472	0,397608	3,888306	-2158,112196	893,336977	-2992,645422	8,972695	952,747500	32,524848	29,398540	31,144596	28,764954	32,865749	-2,668798	1,197893	1,052413	199027,411712	-0,163104	18,552749	-0,025431	0,000000	2,047372	-0,124299	-0,124299	14,016189	-0,009447	6,812416	1,796639
21,200000	8,674110	8,702833	2,636643	0,397823	3,888608	-1938,266893	893,214593	-2992,624146	8,975123	951,417230	32,528483	29,397572	31,143356	28,764694	32,865097	-2,668867	1,199736	1,052962	198988,926458	-0,163217	18,557413	-0,025611	0,000000	2,046509	-0,124297	-0,124299	14,004932	-0,009368	6,782238	1,795205
21,400000	8,671498	8,700734	2,633684	0,398559	3,891490	-1969,463247	893,302110	-2992,426984	8,977604	951,054056	32,531367	29,396379	31,138111	28,769777	32,857931	-2,668929	1,200989	1,052860	199004,204258	-0,164066	18,562367	-0,025818	0,000000	2,046245	-0,124293	-0,124300	14,001541	-0,009031	6,788014	1,794813
21,600000	8,669097	8,698655	2,593251	0,398674	3,894824	-2252,482099	893,590373	-2992,242099	8,979996	950,321038	32,532547	29,395559	31,133238	28,775826	32,848851	-2,668998	1,200964	1,051586	199062,618727	-0,164665	18,566861	-0,025985	0,000000	2,047349	-0,124290	-0,124306	13,995075	-0,008729	6,864563	1,794022
21,800000	8,666867	8,696704	2,591738	0,398647	3,893186	-2450,219290	893,863862	-2992,287994	8,982394	949,221974	32,532304	29,395570	31,134391	28,778663	32,848406	-2,668974	1,200430	1,051354	199091,161751	-0,164090	18,570653	-0,025878	0,000000	2,048399	-0,124293	-0,124311	13,985933	-0,008831	6,867500	1,792837
22,000000	8,665015	8,694895	2,619084	0,398983	3,881626	-2331,293471	894,177910	-2992,460484	8,984798	949,814154	32,529428	29,398198	31,142793	28,776501	32,855050	-2,668658	1,200804	1,052499	199083,768856	-0,163462	18,574395	-0,025566	0,000000	2,048633	-0,124303	-0,124307	13,991237	-0,009154	6,815789	1,793476
22,200000	8,663424	8,692965	2,623893	0,399295	3,868237	-2240,042697	894,325156	-2992,606031	8,987070	951,087925	32,523325	29,400900	31,150966	28,771706	32,860346	-2,668415	1,200318	1,053559	199047,499953	-0,163498	18,578322	-0,025358	0,000000	2,048202	-0,124307	-0,124302	14,002405	-0,009610	6,806940	1,794850
22,400000	8,661700	8,690827	2,625261	0,398924	3,865461	-2391,358280	893,892592	-2992,683810	8,989366	951,417383	32,518754	29,398324	31,151096	28,767702	32,860711	-2,668620	1,197605	1,053073	199023,642782	-0,163568	18,582167	-0,025388	0,000000	2,047502	-0,124304	-0,124299	14,005493	-0,009929	6,804333	1,795205
22,600000	8,659612	8,688677	2,623629	0,398327	3,871267	-2533,739523	893,415649	-2992,636223	8,991743	950,428050	32,520316	29,395171	31,144614	28,767718	32,857158	-2,668917	1,194194	1,052526	199041,107063	-0,163325	18,585911	-0,025458	0,000000	2,047127	-0,124301	-0,124301	13,997030	-0,009784	6,807185	1,794138
22,800000	8,657040	8,686650	2,595158	0,398791	3,873375	-2753,063526	893,675600	-2992,559849	8,994153	948,248816	32,522883	29,397937	31,139534	28,768502	32,852957	-2,669042	1,190797	1,052528	199057,712980	-0,163556	18,589554	-0,025335	0,000000	2,047559	-0,124302	-0,124306	13,978464	-0,009553	6,860868	1,791786
23,000000	8,654323	8,684858	2,584382	0,399532	3,863812	-3130,569255	894,120071	-2992,653787	8,996468	947,625417	32,518838	29,401238	31,141851	28,763224	32,853232	-2,669053	1,188039	1,052061	199055,685814	-0,163874	18,593183	-0,025207	0,000000	2,047917	-0,124303	-0,124306	13,973260	-0,009598	6,881558	1,791113
23,200000	8,652114	8,683038	2,612273	0,398864	3,849674	-3212,120796	893,574822	-2992,812299	8,998590	949,560849	32,509270	29,399691	31,149281	28,754827	32,859015	-2,668981	1,189561	1,051990	199058,561714	-0,163545	18,597035	-0,025370	0,000000	2,047581	-0,124305	-0,124301	13,989807	-0,009855	6,828707	1,793202
23,400000	8,650724	8,680663	2,619522	0,397813	3,848442	-2935,319324	892,328300	-2992,850263	9,000761	951,215802	32,501827	29,395400	31,154101	28,751932	32,865070	-2,668812	1,192697	1,051396	199039,126367	-0,163621	18,600946	-0,025565	0,000000	2,046908	-0,124305	-0,124297	14,004358	-0,010488	6,814985	1,794987
23,600000	8,649562	8,678032	2,613778	0,397666	3,864788	-2618,526979	891,859715	-2992,828713	9,003072	950,514185	32,502072	29,392544	31,152490	28,756797	32,869677	-2,668617	1,193087	1,050979	199015,448736	-0,164133	18,604764	-0,025547	0,000000	2,046236	-0,124301	-0,124297	13,999078	-0,011107	6,825398	1,794231
23,800000	8,647690	8,675773	2,623563	0,397475	3,885254	-2313,572093	892,600962	-2992,716092	9,005524	949,073845	32,508265	29,394643	31,147778	28,764283	32,870322	-2,668502	1,194961	1,052877	199065,060639	-0,164512	18,608823	-0,025518	0,000000	2,046321	-0,124301	-0,124298	13,986860	-0,011005	6,806687	1,792677
24,000000	8,645323	8,673935	2,603190	0,397270	3,899114	-2146,707185	893,447456	-2992,585146	9,008108	949,622223	32,514667	29,398380	31,142843	28,767389	32,863710	-2,668449	1,198921	1,053625	199124,516165	-0,164640	18,613301	-0,025449	0,000000	2,047002	-0,124304	-0,124298	13,990796	-0,010328	6,845353	1,793268
24,200000	8,642918	8,672091	2,579812	0,397680	3,908065	-2211,056012	893,566299	-2992,608152	9,010551	951,034567	32,516873	29,399420	31,140159	28,764207	32,858820	-2,668525	1,200835	1,052986	199118,124722	-0,164236	18,617534	-0,025302	0,000000	2,047235	-0,124304	-0,124296	14,002061	-0,009714	6,890263	1,794792
24,400000	8,640516	8,669920	2,603470	0,397905	3,906117	-2256,135962	893,198470	-2992,670019	9,012712	951,448024	32,515617	29,398248	31,141194	28,760832	32,861827	-2,668560	1,199956	1,052954	199084,833939	-0,163921	18,621039	-0,025228	0,000000	2,046901	-0,124299	-0,124297	14,005452	-0,009630	6,844782	1,795238
24,600000	8,638579	8,667675	2,617036	0,397972	3,885444	-2219,080839	892,986236	-2992,610715	9,014811	950,415766	32,512925	29,396418	31,140117	28,762106	32,866766	-2,668521	1,198102	1,052567	199063,758208	-0,164035	18,624252	-0,025230	0,000000	2,046475	-0,124297	-0,124298	13,997083	-0,009939	6,818696	1,794125
24,800000	8,637045	8,665510	2,606805	0,398443	3,859613	-2280,471429	893,173358	-2992,439038	9,017107	949,091865	32,510744	29,396031	31,133438	28,767328	32,866622	-2,668760	1,197564	1,052869	199032,607632	-0,163981	18,627655	-0,025299	0,000000	2,046289	-0,124297	-0,124296	13,985909	-0,009902	6,837626	1,792696
25,000000	8,635106	8,663507	2,615309	0,398680	3,849331	-2360,945546	893,652852	-2992,391318	9,019395	948,883050	32,512359	29,397937	31,127804	28,772311	32,859384	-2,668977	1,198093	1,052409	198975,882312	-0,163829	18,631355	-0,025351	0,000000	2,046371	-0,124300	-0,124293	13,983418	-0,009169	6,821295	1,792471
25,200000	8,632515	8,661870	2,607274	0,398900	3,858968	-2386,597690	894,159109	-2992,487826	9,021545	948,236584	32,515012	29,400663	31,130058	28,774912	32,850410	-2,668955	1,197687	1,051680	198952,686464	-0,164081	18,635192	-0,025327	0,000000	2,046970	-0,124306	-0,124297	13,977269	-0,008461	6,836737	1,791773
25,400000	8,629725	8,660130	2,576625	0,399923	3,875402	-2548,080230	893,926745	-2992,574230	9,023850	948,027139	32,513740	29,401093	31,136775	28,774353	32,846150	-2,668959	1,195855	1,052212	198963,625801	-0,164723	18,638735	-0,025383	0,000000	2,047778	-0,124309	-0,124307	13,975484	-0,008439	6,895586	1,791547
25,600000	8,627433	8,657827	2,593080	0,400382	3,882127	-2763,729078	893,120438	-2992,646222	9,026280	949,810996	32,509884	29,398334	31,140833	28,767865	32,847610	-2,669028	1,194330	1,052202	198955,778042	-0,165067	18,641630	-0,025467	0,000000	2,047940	-0,124303	-0,124312	13,990863	-0,008807	6,863561	1,793472
25,800000	8,625869	8,655376	2,616937	0,398952	3,873348	-2736,898405	892,790731	-2992,630452	9,028702	951,358954	32,507927	29,395696	31,141077	28,761372	32,852501	-2,669018	1,194234	1,052165	198940,165031	-0,164475	18,644494	-0,025448	0,000000	2,047606	-0,124296	-0,124311	14,004313	-0,009240	6,817627	1,795142
26,000000	8,624282	8,653312	2,596733	0,397637	3,860835	-2555,542146	893,210368	-2992,550485	9,031046	950,675869	32,508731	29,395734	31,139824	28,762510	32,857902	-2,668739	1,195887	1,052165	198925,804346	-0,163949	18,648093	-0,025434	0,000000	2,047312	-0,124295	-0,124306	13,998854	-0,009524	6,855785	1,794405
26,200000	8,622144	8,651689	2,599750	0,398471	3,860271	-2381,818316	893,934078	-2992,489597	9,033202	949,271907	32,507392	29,397939	31,141000	28,768653	32,858115	-2,668487	1,198909	1,051493	198949,282238	-0,164513	18,652168	-0,025661	0,000000	2,047450	-0,124296	-0,124303	13,986786	-0,009265	6,850351	1,792890
26,400000	8,619853	8,650140	2,613781	0,399749	3,870397	-2156,248092	894,265392	-2992,442818	9,035494	949,791680	32,500601	29,399297	31,144828	28,772669	32,855445	-2,668444	1,200814	1,051176	199064,741520	-0,165261	18,656018	-0,026041	0,000000	2,048178	-0,124301	-0,124302	13,990813	-0,008919	6,824095	1,793451
26,600000	8,617737	8,648248	2,591942	0,399577	3,882238	-1981,490939	893,966490	-2992,513602	9,037823	951,120178	32,491153	29,398006	31,148238	28,769594	32,858502	-2,668416	1,199382	1,051475	199153,147799	-0,165123	18,659190	-0,026053	0,000000	2,048496	-0,124307	-0,124303	14,002081	-0,009015	6,865549	1,794884
26,800000	8,615879	8,646113	2,594932	0,398766	3,889818	-1926,960272	893,501166	-2992,747420	9,039737	951,496794	32,484554	29,396685	31,152284	28,760912	32,864989	-2,668367	1,193913	1,052189	199117,219994	-0,164594	18,661958	-0,025617	0,000000	2,047668	-0,124310	-0,124305	14,005457	-0,009225	6,859452	1,795290
27,000000	8,614244	8,643924	2,629012	0,398171	3,888921	-1838,331123	893,167318	-2992,921834	9,041649	950,494488	32,483896	29,397237	31,154807	28,753761	32,868978	-2,668192	1,187058	1,053007	199051,570908	-0,164547	18,664773	-0,025198	0,000000	2,046721	-0,124313	-0,124301	13,997080	-0,009275	6,794499	1,794210
27,200000	8,612476	8,641635	2,622758	0,397580	3,879677	-1976,014868	892,797799	-2992,827656	9,043911	949,188669	32,484945	29,397511	31,151287	28,752993	32,867933	-2,668200	1,184349	1,053137	199023,621617	-0,164889	18,667851	-0,025040	0,000000	2,046450	-0,124311	-0,124294	13,985907	-0,009086	6,805656	1,792801
27,400000	8,610463	8,639349	2,597204	0,397094	3,868033	-2523,731388	892,650138	-2992,561606	9,046231	949,800231	32,483163	29,396759	31,144562	28,756686	32,862955	-2,668676	1,188065	1,052385	199027,070848	-0,165209	18,671333	-0,025015	0,000000	2,046650	-0,124305	-0,124293	13,990835	-0,008869	6,853562	1,793461
27,600000	8,608399	8,637365	2,607683	0,397024	3,861460	-2864,163781	893,131462	-2992,482004	9,048483	951,163573	32,483046	29,380358	31,141462	28,760025	32,858762	-2,669041	1,193259	1,051384	199048,656019	-0,165104	18,675006	-0,025058	0,000000	2,047066	-0,124304	-0,124299	14,002262	-0,008831	6,833879	1,794931
27,800000	8,606147	8,635589	2,602511	0,397565	3,861156	-2860,690169	893,630348	-2992,650334	9,050851	951,521828	32,484984	29,340974	31,144274	28,759281	32,858305	-2,668941	1,194597	1,051842	199077,373008	-0,165191	18,678424	-0,025157	0,000000	2,047351	-0,124306	-0,124303	14,005519	-0,009076	6,844666	1,795317
28,000000	8,603738	8,633564	2,575638	0,398197	3,861991	-2977,309371	893,238085	-2992,753037	9,053220	950,463078	32,483317	29,309663	31,147011	28,756282	32,861629	-2,668677	1,194507	1,053016	199097,488319	-0,165806	18,680762	-0,025140	0,000000	2,047166	-0,124308	-0,124302	13,997068	-0,009527	6,896359	1,794176
28,200000	8,601770	8,631256	2,596325	0,397726	3,856943	-3066,101743	892,330510	-2992,709875	9,055490	949,118759	32,482956	29,302938	31,144981	28,757480	32,865676	-2,668591	1,195841	1,052826	199081,997465	-0,165904	18,681837	-0,025097	0,000000	2,046931	-0,124307	-0,124300	13,985890	-0,009657	6,855510	1,792725
28,400000	8,600082	8,628795	2,609531	0,396941	3,850335	-2880,305016	892,364441	-2992,599612	9,057743	949,747745	32,489048	29,307269	31,139354	28,763960	32,867070	-2,668671	1,197409	1,053134	199050,003185	-0,165500	18,683078	-0,025335	0,000000	2,047102	-0,124302	-0,124302	13,990832	-0,009307	6,828882	1,793404
28,600000	8,597874	8,626382	2,586830	0,397665	3,858159	-2619,180496	893,515967	-2992,415565	9,059895	951,164102	32,496342	29,311830	31,133098	28,771818	32,863860	-2,668685	1,198347	1,053252	199046,887245	-0,165147	18,685840	-0,025716	0,000000	2,047333	-0,124297	-0,124309	14,002264	-0,008828	6,871182	1,794932
28,800000	8,595516	8,624393	2,602194	0,399184	3,879603	-2425,195151	894,525403	-2992,282514	9,062098	951,577628	32,499020	29,314288	31,129448	28,775819	32,856566	-2,668691	1,198487	1,052801	199106,299061	-0,164714	18,690135	-0,025809	0,000000	2,047765	-0,124299	-0,124309	14,005521	-0,008609	6,841865	1,795378
29,000000	8,593334	8,622784	2,618293	0,399915	3,894186	-2295,885430	894,598751	-2992,320513	9,064600	952,304048	32,495554	29,315828	31,130664	28,772261	32,851085	-2,668833	1,197941	1,053285	199160,791029	-0,164420	18,694644	-0,025756	0,000000	2,047925	-0,124305	-0,124305	14,011903	-0,008886	6,811889	1,796161
29,200000	8,591001	8,621016	2,599715	0,400067	3,888929	-2339,609654	894,173364	-2992,491122	9,066952	953,318773	32,489143	29,315273	31,135154	28,765556	32,852798	-2,668941	1,196438	1,052768	199133,958068	-0,164482	18,698070	-0,025715	0,000000	2,047060	-0,124307	-0,124302	14,021041	-0,009500	6,847186	1,797254
29,400000	8,588928	8,619070	2,606520	0,400067	3,871782	-2466,779012	893,837882	-2992,563210	9,068877	952,664223	32,484145	29,313667	31,139777	28,763066	32,858359	-2,668959	1,195256	1,052316	199114,431370	-0,164414	18,700691	-0,025600	0,000000	2,046488	-0,124306	-0,124301	14,015750	-0,009708	6,833968	1,796549
29,600000	8,587087	8,617142	2,616127	0,400109	3,859022	-2401,148989	893,773572	-2992,425547	9,071042	951,379049	32,482251	29,313505	31,141214	28,765804	32,859134	-2,669004	1,196226	1,052329	199138,671966	-0,164222	18,703388	-0,025681	0,000000	2,046897	-0,124306	-0,124304	14,004589	-0,009346	6,815446	1,795163
29,800000	8,585173	8,614978	2,588531	0,400527	3,861237	-2475,723489	893,821650	-2992,378774	9,073437	951,075455	32,482516	29,313450	31,140385	28,769244	32,853267	-2,669065	1,198027	1,051206	199149,512802	-0,164693	18,706267	-0,025628	0,000000	2,047636	-0,124307	-0,124310	14,001500	-0,008810	6,867395	1,794836
30,000000	8,583281	8,612836	2,583628	0,401000	3,874073	-2939,442588	893,753999	-2992,560034	9,075631	952,102591	32,482292	29,312416	31,145194	28,769712	32,846655	-2,668959	1,198789	1,050381	199120,278098	-0,165603	18,709143	-0,025181	0,000000	2,048040	-0,124308	-0,124315	14,009962	-0,008638	6,876453	1,795944
30,200000	8,581107	8,610991	2,609801	0,400355	3,880352	-3203,411821	893,661932	-2992,732263	9,077766	953,338443	32,478009	29,311660	31,153690	28,765882	32,845607	-2,668756	1,198298	1,051280	199073,542088	-0,165755	18,712225	-0,024988	0,000000	2,047689	-0,124311	-0,124314	14,021111	-0,009405	6,826573	1,797275
30,400000	8,578660	8,609013	2,599867	0,398931	3,875214	-3296,370607	893,284670	-2992,812186	9,079909	952,623066	32,469708	29,310992	31,156791	28,757612	32,851160	-2,668839	1,196948	1,051757	199050,645754	-0,164873	18,715472	-0,025230	0,000000	2,047161	-0,124308	-0,124309	14,016156	-0,010460	6,845290	1,796504
30,600000	8,576656	8,606854	2,588564	0,398361	3,866849	-3553,183285	892,760294	-2992,857877	9,082097	951,201656	32,464890	29,310819	31,152180	28,749732	32,859062	-2,668926	1,196389	1,051269	199052,073248	-0,164428	18,718672	-0,025460	0,000000	2,046932	-0,124302	-0,124304	14,004725	-0,010974	6,866397	1,794972
30,800000	8,575233	8,604764	2,609055	0,397866	3,858820	-3502,749128	892,591968	-2992,870298	9,084357	951,696658	32,466697	29,312444	31,145325	28,750319	32,864508	-2,668784	1,196608	1,052365	199052,294571	-0,165105	18,721860	-0,025416	0,000000	2,046906	-0,124298	-0,124298	14,008888	-0,010976	6,826856	1,795506
31,000000	8,573377	8,602619	2,595201	0,397533	3,855534	-3184,609569	892,573257	-2992,837784	9,086546	953,968651	32,468205	29,312748	31,143540	28,757229	32,864089	-2,668749	1,195478	1,052630	199051,438251	-0,165487	18,724938	-0,025304	0,000000	2,046977	-0,124299	-0,124294	14,027500	-0,010502	6,852733	1,797954
31,200000	8,570901	8,600489	2,578678	0,398533	3,861998	-3030,732386	892,538192	-2992,774482	9,088692	955,658719	32,464267	29,311217	31,147550	28,760430	32,861229	-2,668804	1,194211	1,051615	199093,965735	-0,164987	18,728028	-0,025352	0,000000	2,046983	-0,124304	-0,124298	14,040979	-0,009796	6,884133	1,799774
31,400000	8,568841	8,598467	2,611326	0,399350	3,873387	-2866,237170	892,449337	-2992,826092	9,090952	955,874175	32,459280	29,311091	31,149587	28,756198	32,861912	-2,668750	1,193751	1,052023	199166,756898	-0,164638	18,731374	-0,025421	0,000000	2,047142	-0,124308	-0,124301	14,042316	-0,009326	6,821668	1,800005
31,600000	8,567287	8,596380	2,620970	0,399020	3,879694	-2751,855120	892,034594	-2992,987587	9,093237	956,524416	32,458727	29,311107	31,145286	28,749323	32,865635	-2,668745	1,193162	1,052215	199166,788874	-0,164856	18,734784	-0,025447	0,000000	2,047057	-0,124309	-0,124300	14,047587	-0,009143	6,803143	1,800705
31,800000	8,565324	8,594246	2,595807	0,398421	3,879707	-2968,896941	891,772475	-2992,981926	9,095458	958,536830	32,462407	29,284375	31,140641	28,748487	32,866557	-2,668896	1,194129	1,052649	199111,641111	-0,164857	18,737997	-0,025561	0,000000	2,046223	-0,124305	-0,124298	14,064108	-0,008794	6,850956	1,802869
32,000000	8,562819	8,592290	2,603677	0,398007	3,876309	-3183,749372	892,278780	-2992,674426	9,097701	960,104262	32,468236	29,223291	31,138264	28,755194	32,861028	-2,669043	1,196333	1,053359	199119,865722	-0,164671	18,740690	-0,025769	0,000000	2,046037	-0,124296	-0,124298	14,076598	-0,008155	6,836925	1,804553
32,200000	8,560427	8,590300	2,613684	0,397954	3,870827	-3143,661630	892,962860	-2992,341300	9,099869	959,407310	32,472547	29,155920	31,135707	28,763105	32,852915	-2,669151	1,196246	1,053003	199144,350995	-0,164780	18,742054	-0,025876	0,000000	2,047041	-0,124293	-0,124305	14,070561	-0,007955	6,818552	1,803804
32,400000	8,558317	8,588269	2,595663	0,398413	3,869105	-3110,805283	893,012728	-2992,392770	9,101940	957,046583	32,473355	29,090430	31,135241	28,767511	32,849752	-2,669111	1,193785	1,052260	199111,825517	-0,165017	18,741627	-0,025695	0,000000	2,047935	-0,124295	-0,124313	14,051050	-0,008227	6,852658	1,801267
32,600000	8,556457	8,586574	2,606538	0,398987	3,871472	-3047,126677	892,988870	-2992,711732	9,104206	956,317993	32,472254	29,049792	31,139358	28,767297	32,854106	-2,668802	1,191710	1,051359	199064,327809	-0,165618	18,740224	-0,025435	0,000000	2,047873	-0,124297	-0,124310	14,045022	-0,008309	6,831288	1,800483
32,800000	8,554619	8,584919	2,612053	0,399174	3,871395	-2815,645747	893,280271	-2992,831029	9,106740	958,291955	32,469262	29,045832	31,143189	28,765341	32,858378	-2,668669	1,192403	1,051766	199039,672931	-0,166426	18,739244	-0,025424	0,000000	2,047213	-0,124297	-0,124302	14,061450	-0,008188	6,819488	1,802606
33,000000	8,552222	8,582852	2,579204	0,399046	3,869760	-2732,329248	893,318443	-2992,677925	9,109137	960,062508	32,464834	29,040289	31,141507	28,764191	32,856430	-2,669045	1,194005	1,052357	199041,061589	-0,166210	18,739625	-0,025650	0,000000	2,046950	-0,124299	-0,124299	14,076118	-0,008025	6,880876	1,804508
33,200000	8,549647	8,580442	2,586285	0,398673	3,871881	-2822,346729	893,401556	-2992,531947	9,111259	959,486667	32,464300	29,011696	31,136252	28,764754	32,851307	-2,669316	1,194014	1,051859	199048,996661	-0,165398	18,741317	-0,025806	0,000000	2,047301	-0,124305	-0,124302	14,070904	-0,007633	6,866712	1,803889
33,400000	8,547363	8,578022	2,614808	0,398834	3,876800	-2738,105916	893,934447	-2992,495987	9,113360	958,066757	32,466666	28,983293	31,133402	28,765270	32,846887	-2,669238	1,194705	1,052074	199055,065740	-0,165100	18,743522	-0,025755	0,000000	2,047695	-0,124312	-0,124307	14,058688	-0,007313	6,812148	1,802364
33,600000	8,545010	8,575922	2,604582	0,399570	3,879009	-2688,475012	894,088378	-2992,597699	9,115425	958,503183	32,463792	28,975285	31,137292	28,761021	32,845814	-2,669214	1,196638	1,052270	199067,650150	-0,165216	18,745620	-0,025579	0,000000	2,047867	-0,124314	-0,124311	14,062612	-0,007580	6,831028	1,802833
33,800000	8,543118	8,574323	2,605741	0,399131	3,873893	-2795,090317	893,599864	-2992,801484	9,117580	959,756699	32,454725	28,977829	31,145233	28,753996	32,850626	-2,669089	1,197440	1,051770	199084,419505	-0,165356	18,747626	-0,025434	0,000000	2,047913	-0,124313	-0,124305	14,073872	-0,008339	6,828540	1,804180
34,000000	8,542048	8,572854	2,628626	0,398266	3,862801	-2660,887163	892,994664	-2992,918697	9,119984	960,055128	32,446215	28,978124	31,150366	28,751740	32,857735	-2,668737	1,196546	1,052087	199067,293542	-0,164971	18,749862	-0,025376	0,000000	2,047569	-0,124314	-0,124294	14,077264	-0,009232	6,785309	1,804500
34,200000	8,540656	8,571057	2,606821	0,398414	3,859585	-2576,959431	892,422947	-2992,923241	9,122231	959,886361	32,444066	28,976013	31,150563	28,756256	32,861407	-2,668614	1,195898	1,052191	199023,066577	-0,164907	18,752268	-0,025254	0,000000	2,047097	-0,124312	-0,124291	14,076313	-0,009694	6,826013	1,804319
34,400000	8,538334	8,568845	2,580421	0,398543	3,872527	-2865,602568	892,362476	-2992,809716	9,124165	959,797468	32,446047	28,975476	31,147428	28,760535	32,859407	-2,668801	1,196278	1,051613	199045,559031	-0,165672	18,754552	-0,025218	0,000000	2,047422	-0,124306	-0,124293	14,075297	-0,009423	6,875575	1,804223
34,600000	8,535772	8,566521	2,605453	0,398290	3,886292	-2979,734410	892,887939	-2992,720452	9,126324	960,720846	32,447075	28,976982	31,144574	28,758959	32,853948	-2,668932	1,196351	1,052441	199108,731361	-0,165393	18,757027	-0,025423	0,000000	2,048033	-0,124304	-0,124296	14,082525	-0,008920	6,826935	1,805215
34,800000	8,533741	8,564507	2,613928	0,398106	3,887259	-2786,117344	892,989985	-2992,864585	9,128789	961,956891	32,445492	28,977217	31,146640	28,753145	32,853130	-2,668870	1,196475	1,052679	199102,424683	-0,164276	18,760088	-0,025584	0,000000	2,047888	-0,124306	-0,124299	14,092812	-0,008863	6,810626	1,806542
35,000000	8,532174	8,562665	2,600268	0,397771	3,879688	-2635,623012	892,579266	-2993,035144	9,131048	961,311939	32,442135	28,975176	31,151076	28,748027	32,859417	-2,668629	1,197963	1,051820	199045,829568	-0,164738	18,763576	-0,025426	0,000000	2,047169	-0,124307	-0,124302	14,087781	-0,009229	6,836589	1,805850
35,200000	8,530500	8,560721	2,614583	0,397137	3,870599	-2492,582690	892,445562	-2992,970993	9,133050	959,951146	32,439889	28,974317	31,151020	28,747102	32,866979	-2,668539	1,199692	1,052080	199035,715210	-0,166279	18,766992	-0,025386	0,000000	2,046419	-0,124304	-0,124302	14,076490	-0,009329	6,809359	1,804388
35,400000	8,528934	8,558604	2,614310	0,396629	3,861707	-2395,545981	892,444679	-2992,728736	9,135204	959,619756	32,440685	28,974624	31,144539	28,749175	32,870133	-2,668775	1,198880	1,052129	199070,054203	-0,166729	18,769801	-0,025798	0,000000	2,046114	-0,124302	-0,124300	14,073303	-0,008917	6,809228	1,804032
35,600000	8,527572	8,556499	2,596338	0,397002	3,856908	-2430,362492	892,537412	-2992,541583	9,137509	959,784031	32,445196	28,974572	31,135452	28,752635	32,867357	-2,668897	1,196403	1,051867	199080,365942	-0,165995	18,772327	-0,026142	0,000000	2,046348	-0,124302	-0,124298	14,074336	-0,008575	6,842493	1,804209
35,800000	8,525474	8,554569	2,608066	0,397947	3,858988	-2335,367353	893,022699	-2992,500947	9,139690	959,026697	32,450358	28,976056	31,133462	28,758443	32,862490	-2,668765	1,196036	1,051772	199079,847518	-0,165084	18,775272	-0,026055	0,000000	2,046848	-0,124300	-0,124297	14,067925	-0,008507	6,819841	1,803395
36,000000	8,522923	8,552574	2,613595	0,398839	3,865017	-2134,841033	893,177718	-2992,511554	9,141809	957,825623	32,449731	28,977374	31,138974	28,762790	32,858692	-2,668647	1,196756	1,051958	199084,072021	-0,164508	18,778467	-0,025842	0,000000	2,047297	-0,124296	-0,124298	14,057936	-0,008582	6,809223	1,802104
36,200000	8,520997	8,550391	2,600240	0,399218	3,869995	-2164,408348	892,743129	-2992,532564	9,143925	958,416720	32,444098	28,975588	31,142487	28,760115	32,855969	-2,668736	1,196721	1,052080	199066,345857	-0,164969	18,781457	-0,025945	0,000000	2,047298	-0,124298	-0,124298	14,062918	-0,008610	6,834149	1,802740
36,400000	8,519173	8,548210	2,607305	0,398672	3,867954	-2365,971278	892,796247	-2992,517876	9,146028	959,775059	32,441521	28,974112	31,141775	28,755712	32,855913	-2,668874	1,196887	1,051595	199046,088247	-0,165699	18,784264	-0,026040	0,000000	2,046786	-0,124303	-0,124298	14,074132	-0,008446	6,820228	1,804199
36,600000	8,517041	8,546050	2,606047	0,397961	3,862519	-2505,433731	893,493649	-2992,450238	9,148218	960,169551	32,444877	28,976096	31,138141	28,756227	32,856407	-2,668908	1,197957	1,051904	199031,221389	-0,165474	18,787291	-0,025857	0,000000	2,046291	-0,124300	-0,124300	14,077300	-0,008311	6,822034	1,804623
36,800000	8,514930	8,543899	2,584497	0,398020	3,864035	-2693,263101	894,029414	-2992,421256	9,150500	959,183033	32,448391	28,979225	31,135960	28,762114	32,851440	-2,669038	1,198668	1,051971	199019,791787	-0,165437	18,790765	-0,025767	0,000000	2,046436	-0,124293	-0,124305	14,068858	-0,008130	6,862681	1,803563
37,000000	8,512495	8,542082	2,596287	0,398784	3,870279	-2863,806956	894,056817	-2992,344131	9,152816	957,874149	32,447064	28,980117	31,139150	28,768317	32,844622	-2,669245	1,197379	1,051852	199075,230649	-0,166111	18,794468	-0,025690	0,000000	2,047421	-0,124292	-0,124314	14,057701	-0,007940	6,840257	1,802157
37,200000	8,509942	8,540460	2,616733	0,399249	3,870144	-2704,886017	893,879587	-2992,282774	9,154919	958,437336	32,441125	28,979361	31,143698	28,766865	32,845113	-2,669291	1,195892	1,052801	199129,163895	-0,166612	18,797774	-0,025602	0,000000	2,048369	-0,124299	-0,124317	14,062648	-0,008168	6,801710	1,802762
37,400000	8,507873	8,538661	2,602717	0,399120	3,864358	-2494,370729	893,570239	-2992,498186	9,156898	959,746509	32,433223	28,978383	31,145360	28,758299	32,852278	-2,669170	1,195715	1,052406	199062,906094	-0,166747	18,800230	-0,025629	0,000000	2,048067	-0,124307	-0,124310	14,074078	-0,008631	6,827857	1,804169
37,600000	8,506162	8,536936	2,602697	0,398720	3,865028	-2532,853350	893,309407	-2992,744041	9,159187	959,233039	32,426390	28,977476	31,147071	28,750857	32,858120	-2,668881	1,196481	1,051763	198963,941057	-0,166362	18,802226	-0,025585	0,000000	2,047003	-0,124308	-0,124300	14,069916	-0,008769	6,827441	1,803617
37,800000	8,504456	8,535218	2,617061	0,398116	3,872177	-2546,233775	893,430415	-2992,718833	9,161487	957,025916	32,422305	28,977028	31,147944	28,749589	32,857999	-2,668642	1,197644	1,053033	198928,765463	-0,165988	18,804400	-0,025642	0,000000	2,046350	-0,124305	-0,124294	14,051305	-0,008655	6,799891	1,801244
38,000000	8,502516	8,533290	2,602053	0,397826	3,876848	-2580,497061	893,455292	-2992,568475	9,163569	956,305098	32,419591	28,976288	31,145231	28,750989	32,854576	-2,668787	1,198682	1,052705	198941,721948	-0,166565	18,806674	-0,025815	0,000000	2,046724	-0,124303	-0,124299	14,045243	-0,008638	6,827648	1,800469
38,200000	8,500445	8,531185	2,594430	0,397937	3,874882	-2749,759690	893,298002	-2992,531253	9,165714	958,207908	32,419871	28,975220	31,144901	28,751574	32,854012	-2,668895	1,198945	1,051209	198957,738654	-0,167294	18,808863	-0,025664	0,000000	2,047560	-0,124304	-0,124306	14,061482	-0,008924	6,841440	1,802515
38,400000	8,498479	8,528897	2,608583	0,398430	3,866903	-2724,836946	893,445249	-2992,629843	9,168026	959,897444	32,420390	28,976285	31,148572	28,751154	32,857762	-2,668666	1,198238	1,051424	198941,738923	-0,167273	18,811446	-0,025330	0,000000	2,047702	-0,124305	-0,124302	14,076087	-0,009376	6,813937	1,804331
38,600000	8,496847	8,526673	2,598012	0,398720	3,857972	-2714,719199	893,097678	-2992,762465	9,170185	960,148127	32,413765	28,977727	31,151352	28,747643	32,862213	-2,668501	1,198309	1,051778	198904,498738	-0,166937	18,814634	-0,025282	0,000000	2,047245	-0,124306	-0,124295	14,078304	-0,009494	6,833564	1,804600
38,800000	8,495352	8,524608	2,586649	0,397938	3,850226	-2996,833161	891,972412	-2992,908469	9,172036	959,080666	32,406974	28,975474	31,150318	28,743876	32,864599	-2,668581	1,199602	1,052176	198881,620330	-0,166906	18,818001	-0,025559	0,000000	2,046800	-0,124306	-0,124295	14,068846	-0,008976	6,854999	1,803453
39,000000	8,493408	8,522578	2,605381	0,397278	3,843550	-3084,579091	891,457845	-2992,998007	9,174067	956,928354	32,408243	28,972396	31,145715	28,746722	32,866015	-2,668794	1,200759	1,052942	198876,093231	-0,166951	18,821057	-0,025904	0,000000	2,046566	-0,124304	-0,124302	14,050082	-0,008251	6,818969	1,801139
39,200000	8,490968	8,520527	2,591399	0,397811	3,843792	-2864,516918	891,995391	-2992,947272	9,176393	956,343900	32,415511	28,972830	31,139270	28,754301	32,865058	-2,669094	1,201787	1,052881	198867,349878	-0,166686	18,823868	-0,026063	0,000000	2,046498	-0,124299	-0,124305	14,045001	-0,008070	6,844929	1,800511
39,400000	8,488675	8,518472	2,563946	0,398390	3,854689	-2615,759182	892,942234	-2992,801120	9,178713	958,308066	32,421987	28,976038	31,134160	28,757676	32,859418	-2,669262	1,202265	1,052385	198874,516274	-0,166593	18,826946	-0,025981	0,000000	2,046942	-0,124297	-0,124300	14,061632	-0,008235	6,897147	1,802623
39,600000	8,486702	8,516473	2,591715	0,397795	3,867776	-2281,449776	893,511061	-2992,668687	9,181064	960,031761	32,421646	28,978058	31,133699	28,754305	32,856114	-2,669108	1,200954	1,052628	198846,730885	-0,167006	18,830144	-0,025823	0,000000	2,047410	-0,124300	-0,124298	14,076190	-0,008354	6,843437	1,804475
39,800000	8,484623	8,514564	2,599013	0,397016	3,871744	-1956,534967	893,555069	-2992,685658	9,183347	960,239333	32,417316	28,978180	31,137282	28,750521	32,859828	-2,668871	1,198259	1,052687	198744,799187	-0,167549	18,833010	-0,025846	0,000000	2,046819	-0,124301	-0,124301	14,078312	-0,008739	6,829293	1,804698
40,000000	8,482629	8,512695	2,572320	0,397543	3,867432	-1854,825744	893,386535	-2992,599723	9,185437	959,944457	32,415841	28,978124	31,140433	28,751390	32,863509	-2,668776	1,197472	1,052488	198703,728290	-0,167677	18,835686	-0,026024	0,000000	2,046011	-0,124298	-0,124304	14,076246	-0,009141	6,880065	1,804381
40,200000	8,480805	8,510775	2,588523	0,399032	3,860496	-1908,805260	893,143064	-2992,311126	9,187533	959,839493	32,417573	28,979196	31,137504	28,756820	32,860631	-2,668871	1,198739	1,052705	198744,470162	-0,167256	18,838270	-0,026119	0,000000	2,046309	-0,124296	-0,124302	14,075067	-0,008841	6,848435	1,804269
40,400000	8,478644	8,508840	2,607928	0,400120	3,855344	-2035,062457	893,183915	-2992,229578	9,189527	959,913332	32,419415	28,980656	31,131620	28,762649	32,851791	-2,669128	1,199696	1,052288	198775,055441	-0,166984	18,840665	-0,025969	0,000000	2,047285	-0,124295	-0,124302	14,075036	-0,008192	6,810877	1,804348
40,600000	8,476065	8,506942	2,597376	0,400265	3,853743	-2365,931256	893,492480	-2992,325023	9,191575	959,959882	32,419254	28,980084	31,130847	28,764931	32,843796	-2,669192	1,200982	1,051746	198792,215688	-0,167149	18,843007	-0,025657	0,000000	2,047789	-0,124297	-0,124303	14,075255	-0,008021	6,830351	1,804398
40,800000	8,473748	8,505182	2,600911	0,400008	3,851405	-2756,544964	893,703049	-2992,465811	9,193795	959,078933	32,414459	28,979302	31,134712	28,764240	32,843172	-2,669008	1,202025	1,051841	198833,836238	-0,166847	18,845369	-0,025482	0,000000	2,047780	-0,124300	-0,124301	14,067925	-0,008069	6,823334	1,803451
41,000000	8,472068	8,503314	2,607760	0,399973	3,846130	-2830,499157	893,352610	-2992,682786	9,195833	956,997142	32,407076	28,978484	31,139225	28,760362	32,847905	-2,668877	1,202292	1,052464	198890,546294	-0,166478	18,847822	-0,025594	0,000000	2,047525	-0,124300	-0,124300	14,050339	-0,007931	6,810035	1,801213
41,200000	8,470321	8,500835	2,583250	0,399890	3,843020	-2887,700091	892,322465	-2992,826729	9,197774	955,532456	32,403426	28,976512	31,141024	28,754085	32,851560	-2,668892	1,201545	1,051915	198891,953666	-0,166881	18,850413	-0,025760	0,000000	2,047203	-0,124302	-0,124302	14,037859	-0,007735	6,855896	1,799638
41,400000	8,468241	8,498372	2,573917	0,399290	3,844686	-3195,750578	892,246413	-2992,871480	9,199972	955,400226	32,404865	28,977333	31,141058	28,751858	32,852009	-2,669123	1,199641	1,050712	198836,177080	-0,167285	18,853174	-0,025693	0,000000	2,047225	-0,124307	-0,124305	14,036690	-0,007677	6,873018	1,799495
41,600000	8,466273	8,496611	2,593080	0,398953	3,844844	-3262,286479	893,244276	-2992,874747	9,202424	955,609972	32,405243	28,979632	31,143592	28,755061	32,851606	-2,669335	1,196558	1,051510	198793,801652	-0,167429	18,856204	-0,025593	0,000000	2,047550	-0,124307	-0,124308	14,038703	-0,007929	6,836160	1,799721
41,800000	8,464471	8,494992	2,586655	0,399231	3,844434	-3023,566309	893,328686	-2992,879243	9,204837	955,677703	32,400460	28,978949	31,147920	28,755099	32,850631	-2,669273	1,193252	1,051971	198806,458313	-0,167582	18,859210	-0,025441	0,000000	2,047566	-0,124300	-0,124311	14,039675	-0,008333	6,848453	1,799794
42,000000	8,462929	8,493187	2,585448	0,399129	3,852358	-2843,762738	892,619851	-2992,911015	9,207181	954,738835	32,393476	28,977733	31,150877	28,747503	32,851631	-2,669046	1,192563	1,051692	198847,496495	-0,167834	18,861791	-0,025206	0,000000	2,047345	-0,124304	-0,124308	14,032223	-0,008759	6,850488	1,798783
42,200000	8,461493	8,491319	2,607533	0,398237	3,863079	-2665,829157	892,244339	-2992,947978	9,209547	953,454562	32,388661	28,977537	31,149914	28,738685	32,858833	-2,668799	1,194271	1,052293	198821,221563	-0,168387	18,864152	-0,025284	0,000000	2,046942	-0,124314	-0,124301	14,021861	-0,009180	6,808004	1,797400
42,400000	8,459679	8,489157	2,599759	0,397296	3,864681	-2506,201714	892,288963	-2992,972061	9,211814	954,065118	32,387164	28,976262	31,146377	28,737082	32,865040	-2,668701	1,196310	1,052162	198737,480762	-0,168988	18,866563	-0,025431	0,000000	2,045715	-0,124314	-0,124291	14,026909	-0,009101	6,821983	1,798058
42,600000	8,457601	8,486764	2,583240	0,396999	3,857028	-2452,447462	892,390322	-2992,888388	9,213949	955,498899	32,387576	28,974965	31,142328	28,742519	32,862960	-2,668804	1,195911	1,051783	198731,460933	-0,168852	18,868809	-0,025494	0,000000	2,044986	-0,124306	-0,124285	14,038221	-0,008379	6,852484	1,799602
42,800000	8,455499	8,484621	2,589762	0,397520	3,846458	-2338,894297	892,492451	-2992,680570	9,215940	955,955350	32,388280	28,976018	31,135738	28,749717	32,857173	-2,669002	1,193076	1,051887	198789,073957	-0,168027	18,871209	-0,025709	0,000000	2,045696	-0,124299	-0,124289	14,041412	-0,007741	6,839170	1,800093
43,000000	8,453399	8,482817	2,585907	0,398473	3,840488	-2295,779104	892,636987	-2992,608649	9,217834	954,965517	32,389714	28,976889	31,132460	28,754366	32,853523	-2,669144	1,192114	1,051577	198816,149097	-0,167238	18,874382	-0,025828	0,000000	2,046534	-0,124299	-0,124297	14,032959	-0,007593	6,846280	1,799027
43,200000	8,451463	8,481061	2,580064	0,398785	3,842072	-2425,595815	892,567200	-2992,764684	9,220017	953,605292	32,391477	28,975032	31,137152	28,752999	32,855393	-2,669042	1,193803	1,051299	198804,550137	-0,167161	18,877728	-0,025683	0,000000	2,046927	-0,124304	-0,124302	14,021793	-0,007847	6,857557	1,797563
43,400000	8,449646	8,479196	2,598149	0,398194	3,845214	-2408,620793	892,362058	-2992,867394	9,222547	953,272034	32,390567	28,972995	31,139328	28,749759	32,859058	-2,668867	1,195837	1,051429	198784,151826	-0,167848	18,880275	-0,025413	0,000000	2,046971	-0,124306	-0,124302	14,019323	-0,008175	6,822729	1,797204
43,600000	8,447686	8,477164	2,597677	0,397831	3,844410	-2305,293249	892,053931	-2992,798646	9,224882	953,423885	32,389725	28,972040	31,133579	28,750747	32,856758	-2,668966	1,196160	1,052254	198778,238451	-0,168091	18,882290	-0,025435	0,000000	2,046570	-0,124304	-0,124301	14,020596	-0,008173	6,822780	1,797367
43,800000	8,445744	8,475067	2,576711	0,397682	3,844963	-2587,667075	891,949107	-2992,706869	9,226837	954,446225	32,393974	28,972482	31,126477	28,755829	32,850245	-2,669222	1,194472	1,052686	198793,113243	-0,167683	18,884356	-0,025869	0,000000	2,046121	-0,124303	-0,124300	14,028968	-0,007960	6,861867	1,798468
44,000000	8,443789	8,473209	2,591781	0,397738	3,848350	-3079,494818	892,714817	-2992,600433	9,228955	954,799520	32,399397	28,975820	31,124325	28,760547	32,845355	-2,669383	1,193057	1,051794	198831,523675	-0,167308	18,886608	-0,026229	0,000000	2,046245	-0,124303	-0,124302	14,031812	-0,007839	6,832395	1,798849
44,200000	8,441457	8,471442	2,605117	0,398605	3,847695	-3178,512970	893,559465	-2992,548215	9,231374	952,968886	32,398980	28,978549	31,129041	28,758887	32,844864	-2,669437	1,192625	1,051737	198868,974263	-0,167486	18,889178	-0,026303	0,000000	2,046853	-0,124305	-0,124308	14,016389	-0,007787	6,806794	1,796877
44,400000	8,439194	8,469721	2,581931	0,399331	3,846364	-3015,689641	893,359778	-2992,685572	9,233746	951,328373	32,391999	28,976823	31,136144	28,751967	32,847202	-2,669312	1,191006	1,051545	198861,724937	-0,167931	18,891647	-0,026160	0,000000	2,047334	-0,124306	-0,124309	14,002716	-0,007899	6,850744	1,795109
44,600000	8,437342	8,468198	2,587417	0,399370	3,853074	-2917,892822	892,616897	-2992,821459	9,235994	951,035875	32,383628	28,973390	31,140566	28,747360	32,849227	-2,669023	1,187373	1,050503	198795,801708	-0,167614	18,893606	-0,026003	0,000000	2,047288	-0,124299	-0,124301	14,000683	-0,008325	6,840045	1,794793
44,800000	8,435479	8,466325	2,603281	0,399135	3,865995	-2789,705751	892,155291	-2992,785058	9,238070	952,107033	32,380367	28,971921	31,141389	28,750087	32,851796	-2,668844	1,187112	1,051244	198734,702924	-0,167397	18,895309	-0,025831	0,000000	2,046714	-0,124295	-0,124297	14,010027	-0,008666	6,809220	1,795948
45,000000	8,433501	8,463971	2,586050	0,399107	3,874304	-2750,430461	892,237610	-2992,613078	9,240158	954,351130	32,382241	28,973524	31,138286	28,755907	32,851944	-2,668978	1,190441	1,052104	198763,703608	-0,168106	18,897186	-0,025586	0,000000	2,046772	-0,124306	-0,124301	14,028712	-0,008503	6,840834	1,798366
45,200000	8,431550	8,461861	2,588671	0,399512	3,868806	-2844,118014	892,673397	-2992,501854	9,242570	955,890798	32,382418	28,976448	31,134217	28,756403	32,847466	-2,669280	1,190369	1,051443	198845,150250	-0,168486	18,899617	-0,025536	0,000000	2,047901	-0,124317	-0,124311	14,041204	-0,008075	6,835026	1,800023
45,400000	8,429641	8,460194	2,602287	0,399634	3,851282	-2752,270552	893,059688	-2992,701255	9,245040	955,136250	32,377695	28,978106	31,135769	28,751042	32,845499	-2,669391	1,188130	1,051035	198883,681016	-0,168185	18,902500	-0,025573	0,000000	2,048369	-0,124318	-0,124316	14,034744	-0,007946	6,808999	1,799211
45,600000	8,427890	8,458509	2,580821	0,398888	3,834741	-2669,044027	893,019473	-2993,014297	9,247236	952,751856	32,370686	28,978243	31,144222	28,745200	32,850228	-2,669149	1,188516	1,051518	198873,412818	-0,168186	18,905200	-0,025522	0,000000	2,047720	-0,124315	-0,124313	14,015077	-0,008298	6,849800	1,796643
45,800000	8,426339	8,456581	2,576281	0,398214	3,831650	-2799,055367	892,698166	-2993,062556	9,249419	951,982066	32,365490	28,977226	31,149664	28,742503	32,859082	-2,668812	1,190302	1,052104	198857,070415	-0,168139	18,907434	-0,025459	0,000000	2,046792	-0,124311	-0,124307	14,009074	-0,008763	6,858058	1,795814
46,000000	8,424862	8,454530	2,598760	0,398184	3,841402	-2709,127858	892,555984	-2992,846422	9,251624	953,930548	32,364300	28,974595	31,145330	28,742512	32,865450	-2,668742	1,191856	1,052392	198856,135729	-0,167544	18,909568	-0,025542	0,000000	2,046019	-0,124305	-0,124299	14,025541	-0,008863	6,814433	1,797913
46,200000	8,423157	8,452560	2,585099	0,397860	3,855441	-2479,647632	892,592881	-2992,659988	9,253593	955,711244	32,366125	28,972816	31,138611	28,743099	32,863753	-2,668890	1,195386	1,052039	198878,928243	-0,167355	18,911821	-0,025865	0,000000	2,045958	-0,124299	-0,124296	14,040219	-0,008596	6,839698	1,799830
46,400000	8,421192	8,450685	2,573361	0,397545	3,864459	-2482,902257	893,077710	-2992,704648	9,255606	956,003580	32,368326	28,975558	31,137799	28,745089	32,858169	-2,668934	1,197993	1,051634	198903,066421	-0,167964	18,914084	-0,026009	0,000000	2,046458	-0,124299	-0,124297	14,042418	-0,008343	6,861560	1,800145
46,600000	8,419277	8,448773	2,596991	0,398064	3,861532	-2518,843688	893,372443	-2992,794299	9,257970	954,900618	32,367276	28,978723	31,141435	28,746653	32,855951	-2,668758	1,195588	1,052148	198898,766757	-0,168763	18,916185	-0,025819	0,000000	2,046721	-0,124305	-0,124300	14,032940	-0,008118	6,815827	1,798958
46,800000	8,417279	8,446688	2,595452	0,398223	3,849457	-2612,296348	892,475499	-2992,803604	9,260377	953,560746	32,362918	28,977004	31,142334	28,742408	32,858080	-2,668739	1,191367	1,052347	198877,383133	-0,168910	18,918286	-0,025665	0,000000	2,046927	-0,124307	-0,124305	14,021589	-0,008016	6,818057	1,797515
47,000000	8,415338	8,444403	2,581741	0,397438	3,840615	-2888,760197	891,466569	-2992,846774	9,262523	954,140793	32,361328	28,973239	31,137557	28,737915	32,861502	-2,669017	1,188703	1,052032	198864,269936	-0,168200	18,920582	-0,025636	0,000000	2,047113	-0,124308	-0,124304	14,026668	-0,008225	6,843331	1,798139
47,200000	8,413592	8,442261	2,600071	0,397315	3,841407	-2947,234643	891,795174	-2992,853284	9,264576	955,505224	32,366807	28,972464	31,130931	28,741562	32,863017	-2,669271	1,190008	1,052304	198855,082253	-0,167683	18,922900	-0,025790	0,000000	2,046649	-0,124307	-0,124299	14,038185	-0,008290	6,807609	1,799608
47,400000	8,411589	8,440375	2,598662	0,398081	3,844691	-2810,471092	892,873266	-2992,730718	9,266725	955,933492	32,373623	28,974976	31,126120	28,751185	32,858320	-2,669421	1,195202	1,053128	198815,790264	-0,168157	18,925321	-0,026088	0,000000	2,046298	-0,124300	-0,124300	14,041446	-0,007958	6,809618	1,800069
47,600000	8,409319	8,438550	2,568743	0,398729	3,845509	-2995,348634	893,522667	-2992,608059	9,269092	956,726083	32,375062	28,977888	31,126184	28,759054	32,849205	-2,669431	1,200027	1,053186	198808,263277	-0,168564	18,927845	-0,026330	0,000000	2,046998	-0,124296	-0,124302	14,047813	-0,007678	6,866279	1,800922
47,800000	8,407272	8,436792	2,580440	0,399302	3,845609	-3332,764100	893,572287	-2992,541121	9,271505	957,814823	32,371416	28,978981	31,129105	28,759736	32,846433	-2,669272	1,200855	1,052207	198842,332864	-0,168058	18,930130	-0,026373	0,000000	2,047825	-0,124299	-0,124304	14,056945	-0,007681	6,843417	1,802093
48,000000	8,405582	8,435046	2,602305	0,399700	3,844902	-3329,656846	893,256292	-2992,604770	9,273694	957,173552	32,366141	28,977781	31,130228	28,755305	32,850818	-2,669127	1,197320	1,051769	198810,051770	-0,167738	18,932106	-0,026052	0,000000	2,047531	-0,124305	-0,124306	14,051655	-0,007768	6,801343	1,801403
48,200000	8,403722	8,433248	2,578050	0,399453	3,844536	-3235,620336	892,738343	-2992,773263	9,275884	955,822761	32,362972	28,975491	31,134865	28,750080	32,853383	-2,669044	1,194505	1,051478	198760,261920	-0,167867	18,933962	-0,025666	0,000000	2,046765	-0,124307	-0,124307	14,040495	-0,007936	6,847011	1,799950
48,400000	8,401729	8,431398	2,572047	0,399178	3,844524	-3262,298957	892,468726	-2992,738809	9,278210	954,556641	32,362739	28,974359	31,138144	28,746236	32,851576	-2,669077	1,195555	1,051212	198763,490685	-0,168030	18,935755	-0,025614	0,000000	2,046766	-0,124306	-0,124308	14,029990	-0,008055	6,857931	1,798587
48,600000	8,399946	8,429558	2,594613	0,399489	3,842026	-3140,217174	892,907144	-2992,502796	9,280542	952,592119	32,362743	28,975260	31,132566	28,745481	32,847911	-2,669290	1,197663	1,051715	198787,743938	-0,168607	18,937396	-0,025717	0,000000	2,047285	-0,124301	-0,124312	14,013458	-0,008022	6,813952	1,796471
48,800000	8,397991	8,427873	2,587074	0,399520	3,840778	-3078,212596	893,494002	-2992,451135	9,282693	952,115409	32,361923	28,977897	31,130646	28,747420	32,845489	-2,669409	1,198567	1,051383	198815,313866	-0,169132	18,938986	-0,025886	0,000000	2,047608	-0,124298	-0,124311	14,009407	-0,007976	6,827530	1,795957
49,000000	8,395818	8,426243	2,584850	0,399480	3,848710	-3210,357834	893,594264	-2992,666115	9,284748	954,107007	32,357889	28,981709	31,138664	28,747556	32,846540	-2,669222	1,197401	1,050943	198830,307428	-0,168757	18,940810	-0,026232	0,000000	2,047641	-0,124300	-0,124303	14,025981	-0,007822	6,831337	1,798103
49,200000	8,393805	8,424450	2,600995	0,399760	3,860552	-3159,345399	892,908542	-2992,914992	9,286983	955,808556	32,347504	28,980932	31,147735	28,742869	32,851295	-2,668876	1,193693	1,051730	198821,437490	-0,168606	18,942797	-0,026282	0,000000	2,047404	-0,124305	-0,124295	14,040317	-0,007877	6,800321	1,799935
49,400000	8,392049	8,422246	2,588308	0,399206	3,862101	-3039,334633	891,639462	-2993,085974	9,289181	955,972376	32,338346	28,974778	31,149505	28,738742	32,856949	-2,668753	1,189808	1,051760	198804,951314	-0,169261	18,944586	-0,025858	0,000000	2,047040	-0,124310	-0,124294	14,042368	-0,008554	6,823614	1,800111
49,600000	8,390539	8,419754	2,579923	0,398419	3,850994	-3069,543346	891,251544	-2993,067942	9,291212	955,630016	32,337769	28,971823	31,144765	28,740212	32,860731	-2,668887	1,190384	1,051559	198796,711695	-0,169120	18,946408	-0,025612	0,000000	2,046910	-0,124309	-0,124298	14,040319	-0,009378	6,838416	1,799743
49,800000	8,389102	8,417527	2,599202	0,398535	3,837765	-2933,579802	891,977051	-2992,917550	9,293319	954,569683	32,343770	28,973103	31,140237	28,744285	32,861872	-2,668934	1,194504	1,051635	198794,050300	-0,168254	18,948800	-0,025664	0,000000	2,046962	-0,124305	-0,124307	14,031743	-0,009700	6,800869	1,798601
50,000000	8,387372	8,415680	2,588841	0,399017	3,835078	-2701,564284	892,610333	-2992,871397	9,295495	952,500966	32,349151	28,975370	31,139435	28,745977	32,858305	-2,668943	1,198240	1,051429	198821,167249	-0,168106	18,951674	-0,025666	0,000000	2,047354	-0,124304	-0,124305	14,014141	-0,009470	6,820143	1,796373
50,200000	8,385377	8,413986	2,571788	0,399057	3,845496	-2626,583577	892,463406	-2992,919676	9,297792	951,968833	32,347351	28,977128	31,141345	28,742489	32,854786	-2,668927	1,200734	1,051549	198846,237820	-0,168954	18,954325	-0,025600	0,000000	2,047491	-0,124306	-0,124296	14,009316	-0,009116	6,852460	1,795799
50,400000	8,383317	8,412307	2,590735	0,398628	3,855560	-2493,575297	891,945145	-2993,039401	9,300010	953,074448	32,341842	28,976411	31,142660	28,738153	32,859561	-2,668708	1,201913	1,051780	198801,702728	-0,169847	18,956268	-0,025614	0,000000	2,046491	-0,124305	-0,124294	14,018397	-0,008908	6,815795	1,796991
50,600000	8,381123	8,410443	2,592426	0,398330	3,855144	-2321,728789	891,829295	-2993,010309	9,301940	952,728350	32,338855	28,975761	31,140896	28,739285	32,866952	-2,668647	1,201051	1,052360	198754,940033	-0,169835	18,957950	-0,025722	0,000000	2,045663	-0,124301	-0,124297	14,015280	-0,008699	6,811812	1,796618
50,800000	8,378892	8,408481	2,576968	0,398373	3,849680	-2290,889664	891,976562	-2992,713734	9,304061	952,438062	32,339630	28,976496	31,134105	28,744464	32,866627	-2,669019	1,198813	1,052457	198763,686564	-0,169078	18,959749	-0,025759	0,000000	2,046048	-0,124300	-0,124302	14,012350	-0,008208	6,840325	1,796305
51,000000	8,376954	8,406557	2,589648	0,398776	3,846893	-2269,613138	892,331747	-2992,516019	9,306483	954,238352	32,343635	28,976395	31,126889	28,749386	32,858500	-2,669481	1,198325	1,052034	198789,463371	-0,168369	18,961574	-0,025726	0,000000	2,046938	-0,124304	-0,124306	14,026712	-0,007450	6,815238	1,798244
51,200000	8,375169	8,404551	2,590609	0,399303	3,846043	-2288,112177	892,974947	-2992,563884	9,308790	955,874841	32,348006	28,976517	31,128647	28,752800	32,848578	-2,669495	1,198646	1,051427	198785,690040	-0,168776	18,963330	-0,025737	0,000000	2,047231	-0,124309	-0,124306	14,040010	-0,007014	6,812623	1,800006
51,400000	8,373276	8,402756	2,569192	0,399397	3,842398	-2464,258681	893,316804	-2992,737508	9,310818	955,231749	32,348244	28,960030	31,135094	28,754278	32,843736	-2,669119	1,198051	1,050864	198746,236912	-0,169976	18,965090	-0,025685	0,000000	2,046841	-0,124312	-0,124303	14,034695	-0,007095	6,853394	1,799314
51,600000	8,371335	8,401119	2,583068	0,399538	3,831542	-2508,628694	893,053322	-2992,868549	9,312908	952,886774	32,344812	28,891200	31,137063	28,752150	32,846328	-2,668986	1,197953	1,051199	198708,954316	-0,170337	18,966834	-0,025645	0,000000	2,046736	-0,124308	-0,124299	14,015292	-0,007380	6,827904	1,796789
51,800000	8,369329	8,399099	2,585406	0,399977	3,817315	-2320,041975	892,755454	-2992,899944	9,315249	951,240410	32,343776	28,793365	31,133640	28,748464	32,851945	-2,669166	1,194982	1,051498	198698,483992	-0,169712	18,967300	-0,025795	0,000000	2,046911	-0,124300	-0,124295	14,001746	-0,007669	6,824331	1,795014
52,000000	8,367452	8,396877	2,545094	0,399852	3,817383	-2234,327899	892,847644	-2992,774609	9,317612	951,987663	32,346535	28,732974	31,128378	28,749764	32,854658	-2,669365	1,189364	1,051267	198700,116586	-0,168904	18,965364	-0,025896	0,000000	2,047036	-0,124297	-0,124294	14,007957	-0,007599	6,900956	1,795820
52,200000	8,365662	8,394943	2,552075	0,399624	3,836801	-2249,058071	893,160274	-2992,565638	9,319998	953,536601	32,347713	28,716380	31,128015	28,755748	32,853130	-2,669431	1,188279	1,050944	198686,968135	-0,168304	18,962198	-0,025671	0,000000	2,047405	-0,124299	-0,124299	14,020322	-0,006952	6,885190	1,797489
52,400000	8,363760	8,393298	2,581633	0,399999	3,855298	-2115,706274	893,260629	-2992,571326	9,322347	953,146176	32,342487	28,715461	31,135231	28,757805	32,849956	-2,669347	1,191506	1,051140	198688,488693	-0,168392	18,960148	-0,025404	0,000000	2,047634	-0,124304	-0,124306	14,016257	-0,006166	6,826565	1,797068
52,600000	8,361942	8,391724	2,566542	0,400295	3,854254	-2037,545857	893,021065	-2992,718490	9,324496	951,827965	32,333225	28,713448	31,143688	28,751591	32,848337	-2,669197	1,194420	1,051361	198721,086281	-0,168827	18,960381	-0,025444	0,000000	2,047717	-0,124310	-0,124309	14,004917	-0,005901	6,854649	1,795647
52,800000	8,360334	8,390096	2,564860	0,399869	3,836268	-2171,675258	892,719366	-2992,854227	9,326591	951,339640	32,326599	28,673612	31,146482	28,741137	32,851711	-2,669068	1,196907	1,051120	198695,463528	-0,168767	18,962007	-0,025573	0,000000	2,047749	-0,124313	-0,124309	14,001522	-0,006611	6,858272	1,795121
53,000000	8,358530	8,388280	2,588407	0,398997	3,819319	-2245,634974	892,477603	-2992,943826	9,328670	951,330069	32,323679	28,593396	31,145169	28,734461	32,855931	-2,669058	1,199136	1,051508	198619,874854	-0,168706	18,963052	-0,025384	0,000000	2,046916	-0,124309	-0,124304	14,002488	-0,007658	6,814107	1,795111
53,200000	8,356238	8,386199	2,582200	0,398372	3,820231	-2401,670617	892,031087	-2992,917983	9,330783	951,423329	32,321839	28,539686	31,142553	28,735096	32,855060	-2,669177	1,199765	1,051587	198632,481724	-0,169084	18,962047	-0,025149	0,000000	2,046073	-0,124305	-0,124300	14,003510	-0,007896	6,825232	1,795211
53,400000	8,354152	8,383948	2,575112	0,398211	3,836590	-2733,736766	891,665327	-2992,829118	9,333006	951,469495	32,320428	28,534132	31,137583	28,738551	32,853114	-2,669240	1,199060	1,050882	198706,817824	-0,169379	18,959481	-0,025258	0,000000	2,046381	-0,124305	-0,124302	14,003699	-0,007696	6,836223	1,795261
53,600000	8,352540	8,381810	2,596357	0,398436	3,849656	-2740,451814	891,723878	-2992,828037	9,335161	951,435434	32,319824	28,542000	31,135399	28,739562	32,856149	-2,669144	1,197595	1,050833	198731,179842	-0,169311	18,957969	-0,025328	0,000000	2,047060	-0,124309	-0,124308	14,003568	-0,007852	6,793478	1,795224
53,800000	8,351186	8,379825	2,588889	0,398688	3,851827	-2574,138193	891,928213	-2993,008358	9,337236	951,369637	32,317722	28,546718	31,140259	28,737943	32,864102	-2,668968	1,196855	1,050691	198707,506482	-0,169079	18,959205	-0,025275	0,000000	2,047264	-0,124313	-0,124306	14,003483	-0,008320	6,806627	1,795153
54,000000	8,349980	8,377868	2,564237	0,398366	3,852103	-2688,580725	891,961892	-2993,196639	9,339307	952,213526	32,313025	28,547893	31,143737	28,736903	32,869583	-2,668768	1,196907	1,051213	198686,092056	-0,168801	18,961922	-0,025357	0,000000	2,046899	-0,124312	-0,124298	14,010894	-0,008639	6,853348	1,796063
54,200000	8,348321	8,375992	2,579205	0,398160	3,849791	-2776,540885	891,629340	-2993,187075	9,341451	954,350535	32,310644	28,545698	31,138591	28,738620	32,868017	-2,668742	1,196105	1,052183	198689,916555	-0,168809	18,964467	-0,025384	0,000000	2,046236	-0,124307	-0,124292	14,028484	-0,008280	6,824144	1,798365
54,400000	8,346165	8,374118	2,582004	0,398431	3,838535	-2807,831479	891,396659	-2992,997729	9,343622	955,935759	32,315698	28,543074	31,129317	28,743318	32,862194	-2,668966	1,196416	1,051661	198702,261490	-0,169355	18,966546	-0,025476	0,000000	2,045938	-0,124305	-0,124293	14,040950	-0,007443	6,818039	1,800072
54,600000	8,343809	8,372139	2,560623	0,398467	3,828100	-3101,577385	891,909856	-2992,779230	9,345850	956,100948	32,324653	28,544719	31,125005	28,747448	32,855515	-2,669222	1,197875	1,051089	198708,488225	-0,169730	18,968230	-0,025719	0,000000	2,046236	-0,124308	-0,124300	14,042112	-0,007220	6,858039	1,800249
54,800000	8,341490	8,370299	2,580983	0,398591	3,830065	-3296,643724	892,540560	-2992,662445	9,348150	954,913267	32,329061	28,548136	31,128702	28,745848	32,851980	-2,669335	1,197499	1,051240	198730,754231	-0,170064	18,969701	-0,025735	0,000000	2,046640	-0,124306	-0,124308	14,032683	-0,007756	6,818203	1,798971
55,000000	8,339573	8,368597	2,596423	0,398672	3,837462	-3179,161240	892,260141	-2992,701419	9,350460	952,668442	32,326066	28,548077	31,134945	28,740368	32,851389	-2,669397	1,195464	1,051757	198774,631245	-0,170882	18,971422	-0,025537	0,000000	2,046765	-0,124302	-0,124308	14,014137	-0,008059	6,788427	1,796553
55,200000	8,337917	8,366751	2,569406	0,398306	3,841505	-3226,426418	891,557379	-2992,805487	9,352690	952,084128	32,320123	28,546048	31,138433	28,738231	32,850635	-2,669530	1,193241	1,051800	198772,968725	-0,171208	18,973366	-0,025373	0,000000	2,046496	-0,124302	-0,124304	14,009130	-0,007962	6,839332	1,795924
55,400000	8,336038	8,364935	2,575021	0,398198	3,843904	-3398,496969	891,565147	-2992,828367	9,354695	954,942642	32,318061	28,545414	31,138102	28,742383	32,851930	-2,669579	1,192197	1,051441	198722,352735	-0,170942	18,975046	-0,025338	0,000000	2,046187	-0,124304	-0,124308	14,033163	-0,007989	6,827866	1,799003
55,600000	8,333800	8,363322	2,589388	0,398869	3,846210	-3215,788983	892,340967	-2992,665230	9,356775	957,891879	32,320337	28,545889	31,135112	28,748159	32,852869	-2,669519	1,193197	1,051545	198733,076575	-0,170771	18,976402	-0,025515	0,000000	2,046671	-0,124304	-0,124314	14,057859	-0,007950	6,799744	1,802176
55,800000	8,331489	8,361777	2,559392	0,399914	3,849169	-3020,790200	893,169417	-2992,488164	9,359193	957,584595	32,321643	28,546944	31,132523	28,750070	32,847672	-2,669484	1,194776	1,051104	198787,552385	-0,170851	18,977751	-0,025845	0,000000	2,047763	-0,124301	-0,124315	14,054862	-0,007528	6,856369	1,801845
56,000000	8,329368	8,360053	2,559048	0,400636	3,849225	-3120,872662	893,630734	-2992,588273	9,361624	956,000217	32,319213	28,548069	31,133527	28,746438	32,842584	-2,669427	1,195242	1,050794	198763,225517	-0,170639	18,979135	-0,025966	0,000000	2,048376	-0,124300	-0,124316	14,041501	-0,007453	6,856263	1,800141
56,200000	8,327584	8,358208	2,589364	0,400323	3,841298	-3044,018443	893,534243	-2992,839687	9,363765	955,396122	32,313818	28,547629	31,138225	28,739738	32,846016	-2,669242	1,194710	1,051322	198688,817416	-0,170133	18,980343	-0,025695	0,000000	2,048245	-0,124304	-0,124316	14,037151	-0,008171	6,797508	1,799491
56,400000	8,325875	8,356528	2,578542	0,399625	3,832746	-2896,989728	893,065986	-2992,946495	9,365911	954,543056	32,307044	28,546444	31,140962	28,735726	32,855743	-2,669073	1,193483	1,051799	198666,318590	-0,170250	18,981543	-0,025177	0,000000	2,047577	-0,124307	-0,124311	14,030742	-0,008922	6,817378	1,798573
56,600000	8,324143	8,354893	2,565755	0,399257	3,832064	-2965,641590	892,771750	-2992,819135	9,368111	953,480830	32,301592	28,546303	31,137035	28,736012	32,863655	-2,669138	1,192286	1,051974	198688,368679	-0,170107	18,982906	-0,024993	0,000000	2,046853	-0,124303	-0,124306	14,021809	-0,008907	6,841054	1,797429
56,800000	8,322531	8,353094	2,583442	0,398622	3,833838	-2877,450814	892,718200	-2992,700464	9,370227	954,191163	32,300055	28,547170	31,131961	28,736879	32,864492	-2,669236	1,191185	1,051640	198699,972321	-0,169409	18,984202	-0,025400	0,000000	2,046756	-0,124301	-0,124306	14,027180	-0,008313	6,806276	1,798194
57,000000	8,320594	8,351271	2,575907	0,398426	3,831768	-2767,038829	892,660708	-2992,817848	9,372329	955,565098	32,299801	28,548949	31,135583	28,737162	32,859335	-2,669149	1,188484	1,050827	198697,342198	-0,169096	18,985325	-0,025588	0,000000	2,047253	-0,124300	-0,124308	14,038331	-0,007934	6,819743	1,799673
57,200000	8,318539	8,349436	2,556883	0,399175	3,829673	-2937,421348	892,321326	-2993,082478	9,374447	955,020859	32,295562	28,549245	31,144878	28,737325	32,854405	-2,668992	1,183696	1,050088	198698,160164	-0,169431	18,986685	-0,025212	0,000000	2,047450	-0,124303	-0,124306	14,033983	-0,008152	6,855598	1,799087
57,400000	8,316968	8,347564	2,579297	0,399621	3,830000	-2977,549851	891,594320	-2993,251532	9,376721	952,734299	32,288902	28,546680	31,148713	28,733819	32,855049	-2,668921	1,179449	1,050549	198693,581753	-0,170044	18,988548	-0,024945	0,000000	2,047067	-0,124309	-0,124303	14,015358	-0,008727	6,812076	1,796624
57,600000	8,315512	8,345734	2,586985	0,398506	3,832248	-2877,411681	891,021611	-2993,175984	9,379032	951,085242	32,287235	28,543665	31,145717	28,728233	32,859114	-2,668929	1,179382	1,051801	198685,714353	-0,170186	18,990404	-0,025277	0,000000	2,046742	-0,124307	-0,124301	14,001909	-0,009137	6,796795	1,794847
57,800000	8,313886	8,343652	2,559195	0,396809	3,837842	-3121,045856	891,120685	-2993,054381	9,381272	951,807786	32,292733	28,542753	31,141304	28,728319	32,863136	-2,669017	1,181084	1,052464	198665,397789	-0,169785	18,991914	-0,025746	0,000000	2,046412	-0,124301	-0,124299	14,008004	-0,009158	6,848847	1,795626
58,000000	8,312001	8,341290	2,571674	0,396687	3,843621	-3448,187798	891,908046	-2992,971168	9,383571	954,182485	32,299312	28,544185	31,137051	28,735298	32,865833	-2,669170	1,180811	1,052423	198598,857786	-0,169556	18,993394	-0,025883	0,000000	2,046127	-0,124298	-0,124297	14,027724	-0,008931	6,823570	1,798184
58,200000	8,309818	8,339138	2,590065	0,397593	3,844909	-3389,005454	892,697706	-2992,816854	9,385885	955,829054	32,301068	28,545445	31,132548	28,744272	32,864071	-2,669238	1,181457	1,051576	198580,198019	-0,169943	18,995247	-0,025826	0,000000	2,046628	-0,124300	-0,124301	14,041235	-0,008624	6,787546	1,799957
58,400000	8,307751	8,337418	2,564781	0,397946	3,842813	-3264,572828	892,901054	-2992,702842	9,387939	956,868180	32,298135	28,545798	31,131064	28,748313	32,860462	-2,669153	1,185639	1,050639	198641,036534	-0,170174	18,997488	-0,025801	0,000000	2,047643	-0,124304	-0,124307	14,049784	-0,008457	6,835235	1,801075
58,600000	8,306122	8,335923	2,567790	0,397920	3,839061	-3226,258595	892,747389	-2992,791990	9,389681	958,705166	32,295526	28,546476	31,131746	28,744831	32,861081	-2,669032	1,190945	1,050825	198644,347049	-0,169851	18,999633	-0,025895	0,000000	2,047801	-0,124304	-0,124308	14,065131	-0,008407	6,829140	1,803050
58,800000	8,304616	8,334344	2,589334	0,398229	3,833597	-2924,246336	892,513380	-2992,927675	9,391587	959,213753	32,296015	28,546807	31,132618	28,740138	32,863154	-2,669027	1,194953	1,051765	198587,050004	-0,169212	19,001271	-0,026085	0,000000	2,046963	-0,124302	-0,124304	14,069129	-0,008144	6,787559	1,803596
59,000000	8,302751	8,332539	2,569774	0,398703	3,831855	-2594,297447	892,412220	-2992,886047	9,393950	957,300674	32,298133	28,546098	31,132437	28,740245	32,859890	-2,669153	1,196938	1,051843	198555,818710	-0,168681	19,002425	-0,026291	0,000000	2,046310	-0,124299	-0,124298	14,052766	-0,007813	6,823888	1,801540
59,200000	8,300581	8,330681	2,564244	0,399056	3,839798	-2527,407993	892,749092	-2992,718391	9,396533	955,610659	32,299893	28,546684	31,128658	28,743846	32,851890	-2,669441	1,197251	1,051055	198583,878660	-0,168911	19,003501	-0,026179	0,000000	2,046524	-0,124294	-0,124300	14,038520	-0,007740	6,833410	1,799722
59,400000	8,298479	8,328832	2,589402	0,399253	3,848963	-2432,016560	893,222968	-2992,588009	9,398802	955,348019	32,301365	28,548997	31,127227	28,746631	32,846117	-2,669636	1,198448	1,050921	198629,102286	-0,169392	19,004847	-0,025729	0,000000	2,047248	-0,124293	-0,124308	14,036459	-0,007884	6,784520	1,799439
59,600000	8,296586	8,326901	2,576266	0,399188	3,847708	-2376,278844	893,334996	-2992,610868	9,400648	955,541511	32,299762	28,550673	31,133328	28,746208	32,845739	-2,669463	1,200355	1,050965	198629,631062	-0,169738	19,006219	-0,025432	0,000000	2,047494	-0,124297	-0,124309	14,038488	-0,008288	6,808639	1,799647
59,800000	8,294892	8,325110	2,551431	0,399415	3,837979	-2500,513473	892,830447	-2992,775847	9,402577	956,502357	32,291199	28,565265	31,141306	28,741087	32,849131	-2,669192	1,199323	1,051117	198599,140496	-0,169788	19,007680	-0,025354	0,000000	2,047262	-0,124303	-0,124305	14,047058	-0,008799	6,855345	1,800681
60,000000	8,293490	8,323369	2,576445	0,399534	3,827415	-2439,166357	891,902170	-2992,917940	9,404718	958,570087	32,282327	28,618870	31,144715	28,735935	32,853619	-2,669101	1,195695	1,051143	198578,497844	-0,169581	19,009795	-0,025381	0,000000	2,047195	-0,124302	-0,124303	14,064662	-0,009070	6,805676	1,802905
60,200000	8,292098	8,321346	2,587083	0,398770	3,822623	-2280,581497	891,518232	-2992,942249	9,406694	960,024309	32,279577	28,691881	31,143826	28,737190	32,856600	-2,669160	1,194680	1,050917	198599,761548	-0,169809	19,012811	-0,025689	0,000000	2,047377	-0,124298	-0,124302	14,076907	-0,009133	6,783376	1,804467
60,400000	8,290258	8,319465	2,560820	0,398421	3,828529	-2369,002218	892,185010	-2992,947187	9,408578	961,034837	32,282194	28,730701	31,142047	28,740762	32,857136	-2,669152	1,196920	1,051398	198636,376321	-0,170039	19,017110	-0,025893	0,000000	2,047712	-0,124297	-0,124305	14,085401	-0,009168	6,832676	1,805552
60,600000	8,287983	8,317947	2,573538	0,399540	3,839366	-2438,675954	893,066203	-2992,905664	9,410605	962,020186	32,284716	28,730529	31,142480	28,740171	32,856000	-2,669026	1,199281	1,051255	198668,635285	-0,170463	19,022461	-0,025715	0,000000	2,048084	-0,124302	-0,124311	14,093560	-0,009081	6,809153	1,806610
60,800000	8,285943	8,316239	2,591468	0,400070	3,843263	-2266,144113	893,021041	-2992,846822	9,412540	961,323658	32,279362	28,720715	31,143956	28,734067	32,854861	-2,668918	1,201009	1,051228	198677,379394	-0,170852	19,026853	-0,025649	0,000000	2,048164	-0,124312	-0,124310	14,087494	-0,008844	6,775706	1,805862
61,000000	8,284469	8,314006	2,566954	0,398698	3,839067	-2166,573297	892,297549	-2992,995933	9,414384	959,985850	32,269619	28,716338	31,144514	28,727368	32,857426	-2,668960	1,201986	1,051668	198613,908112	-0,170138	19,028899	-0,025712	0,000000	2,047528	-0,124315	-0,124302	14,076238	-0,008786	6,821523	1,804426
61,200000	8,283014	8,311634	2,561882	0,397497	3,830354	-2221,440455	891,701771	-2993,075743	9,416541	959,621096	32,265180	28,716456	31,145738	28,725969	32,863689	-2,669160	1,202175	1,051588	198548,088334	-0,169574	19,029997	-0,025706	0,000000	2,046612	-0,124308	-0,124300	14,073266	-0,008869	6,829923	1,804034
61,400000	8,281382	8,309664	2,579206	0,397338	3,818199	-2185,048924	891,543148	-2992,838623	9,418972	960,654471	32,267676	28,717342	31,142455	28,729309	32,866175	-2,669192	1,201411	1,052115	198541,000861	-0,170269	19,031801	-0,025664	0,000000	2,046249	-0,124305	-0,124305	14,081789	-0,008740	6,795943	1,805144
61,600000	8,279459	8,307883	2,571014	0,397334	3,814810	-2322,958993	891,651162	-2992,746885	9,421138	962,912892	32,272877	28,718501	31,133756	28,733608	32,862030	-2,669123	1,199718	1,052296	198570,597065	-0,171134	19,033855	-0,025535	0,000000	2,046385	-0,124307	-0,124309	14,100355	-0,008410	6,810752	1,807568
61,800000	8,277152	8,306005	2,571203	0,397494	3,829175	-2763,094388	891,813805	-2992,895768	9,422990	964,452036	32,276080	28,718497	31,130374	28,736669	32,856693	-2,669037	1,197820	1,051650	198608,886380	-0,171214	19,035565	-0,025420	0,000000	2,046493	-0,124306	-0,124306	14,112964	-0,008152	6,809549	1,809218
62,000000	8,274988	8,304379	2,594567	0,397743	3,847678	-2936,292307	892,168118	-2992,989285	9,424898	963,695475	32,275171	28,718030	31,133552	28,737760	32,855484	-2,668735	1,197036	1,051867	198629,120926	-0,171164	19,037337	-0,025379	0,000000	2,046438	-0,124304	-0,124301	14,106571	-0,008082	6,764776	1,808407
62,200000	8,273112	8,302851	2,580376	0,397588	3,852342	-2829,737481	892,208968	-2993,019062	9,426896	962,216225	32,271372	28,717581	31,137390	28,736260	32,858097	-2,668692	1,196938	1,052344	198622,734117	-0,171306	19,039207	-0,025430	0,000000	2,046370	-0,124301	-0,124301	14,094322	-0,008204	6,791258	1,806820
62,400000	8,271528	8,300843	2,554638	0,397285	3,840283	-2730,469568	891,844126	-2992,963546	9,428903	962,679477	32,270827	28,716680	31,135765	28,735233	32,860882	-2,669062	1,196501	1,052341	198603,292305	-0,170916	19,040787	-0,025710	0,000000	2,046259	-0,124297	-0,124303	14,098465	-0,008472	6,839549	1,807317
62,600000	8,270032	8,298587	2,571810	0,397010	3,820363	-2422,702638	891,987459	-2992,775773	9,431014	964,032187	32,277067	28,717615	31,127519	28,739638	32,860883	-2,669357	1,196825	1,052765	198594,827120	-0,170159	19,042012	-0,026056	0,000000	2,046239	-0,124294	-0,124304	14,109812	-0,008508	6,805212	1,808768
62,800000	8,267753	8,296602	2,562064	0,397359	3,806382	-2035,532779	892,547147	-2992,588741	9,433246	963,584045	32,282299	28,720683	31,121768	28,747183	32,856446	-2,669559	1,197462	1,052509	198599,107842	-0,169865	19,043444	-0,026171	0,000000	2,046774	-0,124297	-0,124307	14,105776	-0,008219	6,822701	1,808287
63,000000	8,264990	8,295114	2,532694	0,398706	3,811689	-1860,475447	892,911928	-2992,515432	9,435446	962,271680	32,279578	28,722744	31,123110	28,750408	32,849927	-2,669647	1,197532	1,051952	198619,271132	-0,170079	19,045569	-0,026043	0,000000	2,047372	-0,124302	-0,124313	14,094646	-0,008063	6,879121	1,806880
63,200000	8,262866	8,293941	2,561376	0,399578	3,832754	-1766,287134	892,750525	-2992,563877	9,437477	962,729483	32,272104	28,722901	31,129599	28,746254	32,846607	-2,669412	1,196943	1,051672	198648,998765	-0,170334	19,047759	-0,025780	0,000000	2,047604	-0,124305	-0,124312	14,098740	-0,008329	6,823733	1,807371
63,400000	8,261543	8,292515	2,589356	0,399406	3,849039	-1732,210787	892,259120	-2992,752536	9,439418	964,008724	32,265362	28,721802	31,136467	28,738528	32,848784	-2,669209	1,195353	1,051028	198605,863420	-0,170679	19,049105	-0,025594	0,000000	2,047481	-0,124309	-0,124306	14,109850	-0,008743	6,770109	1,808743
63,600000	8,260337	8,290620	2,577911	0,398940	3,846941	-1943,038450	892,004401	-2992,966031	9,441324	964,403432	32,261466	28,719172	31,138808	28,734921	32,851328	-2,669247	1,194740	1,051148	198488,241759	-0,171042	19,049620	-0,025583	0,000000	2,046558	-0,124312	-0,124301	14,113154	-0,008747	6,790694	1,809166
63,800000	8,258493	8,288639	2,576971	0,398312	3,830757	-2249,130136	891,858908	-2992,905515	9,443248	963,432760	32,261277	28,715523	31,139777	28,737194	32,848636	-2,669205	1,195355	1,051356	198472,805018	-0,170888	19,050135	-0,025628	0,000000	2,046060	-0,124311	-0,124302	14,104782	-0,008489	6,791317	1,808125
64,000000	8,256047	8,286891	2,579116	0,397880	3,814090	-2367,607716	891,870397	-2992,666354	9,445401	961,184958	32,261666	28,715020	31,141182	28,739237	32,844030	-2,669137	1,195550	1,051410	198579,459155	-0,170565	19,051422	-0,025798	0,000000	2,046950	-0,124306	-0,124305	14,086206	-0,008717	6,786466	1,805713
64,200000	8,253899	8,285092	2,564576	0,398273	3,806730	-2486,920256	892,074362	-2992,709210	9,447561	959,610179	32,258860	28,718747	31,141767	28,737265	32,843569	-2,669292	1,194551	1,051096	198652,611558	-0,170850	19,053195	-0,025962	0,000000	2,047710	-0,124304	-0,124307	14,073565	-0,009259	6,813411	1,804022
64,400000	8,252495	8,282995	2,571128	0,398940	3,807334	-2714,855737	892,054085	-2992,981350	9,449621	958,568166	32,253777	28,721460	31,145443	28,732580	32,850199	-2,669321	1,192798	1,050366	198629,062979	-0,172028	19,054805	-0,025788	0,000000	2,047488	-0,124306	-0,124307	14,065113	-0,009537	6,799955	1,802903
64,600000	8,251250	8,281059	2,589722	0,398344	3,810709	-2707,222095	891,874242	-2993,149561	9,451774	956,713713	32,248266	28,720280	31,149095	28,726589	32,860080	-2,669028	1,192882	1,051087	198548,002204	-0,172904	19,056491	-0,025348	0,000000	2,046910	-0,124310	-0,124306	14,049631	-0,009599	6,763994	1,800909
64,800000	8,249534	8,279346	2,568306	0,396694	3,818755	-2508,953097	891,453922	-2993,171833	9,453799	956,223850	32,243935	28,716721	31,146222	28,721490	32,865362	-2,668901	1,194576	1,051717	198509,962925	-0,172126	19,058603	-0,025094	0,000000	2,046463	-0,124309	-0,124301	14,045565	-0,009641	6,804138	1,800382
65,000000	8,247606	8,277398	2,548284	0,395961	3,832056	-2420,528425	890,917179	-2993,037200	9,455767	958,184271	32,243567	28,714643	31,138242	28,722454	32,864478	-2,669015	1,194539	1,051547	198547,175612	-0,171155	19,060625	-0,025211	0,000000	2,046256	-0,124305	-0,124295	14,061928	-0,009569	6,841721	1,802490
65,200000	8,245831	8,275465	2,564624	0,396558	3,836352	-2325,804729	891,079607	-2992,878568	9,457953	959,043000	32,248222	28,715900	31,132562	28,727669	32,861448	-2,669129	1,192783	1,052467	198578,449030	-0,171225	19,062015	-0,025464	0,000000	2,046332	-0,124305	-0,124293	14,068771	-0,009217	6,809248	1,803413
65,400000	8,243907	8,273649	2,562266	0,397479	3,825553	-2183,297851	891,793782	-2992,830802	9,460065	957,229368	32,250928	28,717903	31,134361	28,729300	32,860593	-2,669174	1,193272	1,052804	198556,529461	-0,171328	19,063296	-0,025730	0,000000	2,046492	-0,124308	-0,124296	14,053261	-0,008906	6,812875	1,801463
65,600000	8,242021	8,271572	2,552753	0,397913	3,813312	-2101,325011	891,819677	-2992,776281	9,462036	955,509180	32,247761	28,718577	31,137707	28,727465	32,861851	-2,669113	1,196189	1,052299	198522,176625	-0,170866	19,064998	-0,025878	0,000000	2,046496	-0,124311	-0,124298	14,038773	-0,008845	6,830270	1,799613
65,800000	8,240590	8,269591	2,572439	0,397636	3,809091	-1983,748999	891,189354	-2992,768190	9,464100	955,224252	32,245162	28,718230	31,138568	28,727851	32,863291	-2,669033	1,197543	1,052410	198522,800786	-0,170667	19,066814	-0,025977	0,000000	2,046548	-0,124311	-0,124297	14,036456	-0,008919	6,791817	1,799306
66,000000	8,239208	8,267964	2,575633	0,397208	3,809172	-1964,564115	890,947518	-2992,813922	9,466094	955,445502	32,247574	28,717217	31,137171	28,733271	32,864785	-2,668969	1,196197	1,052220	198539,677191	-0,171401	19,068625	-0,026216	0,000000	2,046470	-0,124305	-0,124300	14,038437	-0,009043	6,785187	1,799544
66,200000	8,237348	8,266228	2,554424	0,397498	3,810063	-2276,493590	891,207773	-2992,710430	9,468047	955,603481	32,253755	28,716637	31,132733	28,739711	32,862481	-2,669060	1,192585	1,051744	198578,629923	-0,171902	19,070414	-0,026425	0,000000	2,046684	-0,124299	-0,124304	14,039623	-0,008903	6,824981	1,799714
66,400000	8,235138	8,264369	2,558388	0,398363	3,814428	-2627,775747	891,681075	-2992,551740	9,470287	956,562445	32,260042	28,717720	31,128883	28,741317	32,853919	-2,669335	1,188856	1,051722	198645,021829	-0,171546	19,071953	-0,026412	0,000000	2,047492	-0,124296	-0,124307	14,047090	-0,008327	6,816439	1,800746
66,600000	8,232813	8,262477	2,558331	0,399262	3,821532	-2817,492127	892,204932	-2992,640692	9,472587	958,690464	32,260827	28,719013	31,128588	28,739260	32,846190	-2,669528	1,188384	1,052048	198658,033402	-0,171490	19,073256	-0,026162	0,000000	2,047841	-0,124297	-0,124311	14,064452	-0,007851	6,815582	1,803034
66,800000	8,230451	8,260533	2,529621	0,399773	3,823790	-3160,793219	892,491859	-2992,932159	9,474567	960,147476	32,254141	28,719179	31,131479	28,737060	32,844925	-2,669547	1,191907	1,051799	198611,791666	-0,171775	19,074725	-0,025946	0,000000	2,047563	-0,124302	-0,124312	14,076823	-0,008018	6,870217	1,804599
67,000000	8,228520	8,258811	2,537924	0,399700	3,812262	-3519,808164	892,383460	-2993,042496	9,476389	960,214133	32,244934	28,719428	31,134634	28,735510	32,848788	-2,669484	1,196136	1,051455	198585,360679	-0,171543	19,076505	-0,025904	0,000000	2,046904	-0,124306	-0,124309	14,077994	-0,008631	6,853506	1,804671
67,200000	8,227065	8,257308	2,559479	0,399498	3,787875	-3444,927063	892,147506	-2992,898544	9,478328	960,814949	32,238530	28,720082	31,133380	28,736042	32,853127	-2,669518	1,197009	1,052395	198612,189759	-0,170667	19,078072	-0,025965	0,000000	2,046445	-0,124306	-0,124306	14,083422	-0,009029	6,811375	1,805316
67,400000	8,225436	8,255663	2,541886	0,399160	3,772659	-3256,359788	891,891285	-2992,791480	9,480380	961,938578	32,238246	28,719750	31,130090	28,738172	32,852733	-2,669656	1,196181	1,052021	198642,672238	-0,170385	19,079064	-0,026133	0,000000	2,046875	-0,124302	-0,124308	14,092616	-0,008820	6,844308	1,806522
67,600000	8,223741	8,253942	2,550362	0,398718	3,787485	-3255,687405	891,876824	-2992,835500	9,482578	961,385896	32,240409	28,719812	31,133897	28,739213	32,849449	-2,669631	1,196355	1,050440	198631,875182	-0,171248	19,079748	-0,026120	0,000000	2,047406	-0,124304	-0,124312	14,087533	-0,008361	6,827010	1,805929
67,800000	8,222299	8,252505	2,581690	0,399077	3,822393	-3075,829627	892,060596	-2992,907751	9,484918	960,062905	32,237459	28,720635	31,144283	28,737565	32,848367	-2,669274	1,197438	1,051058	198619,355778	-0,171819	19,080612	-0,025866	0,000000	2,047258	-0,124309	-0,124311	14,076437	-0,008340	6,766709	1,804508
68,000000	8,220690	8,250967	2,562310	0,399845	3,847729	-2845,210073	891,786571	-2992,986845	9,487155	959,618998	32,229888	28,718692	31,149478	28,731257	32,849878	-2,668970	1,196999	1,052167	198612,289579	-0,171875	19,081805	-0,025634	0,000000	2,046913	-0,124311	-0,124308	14,073332	-0,008953	6,803011	1,804032
68,200000	8,218933	8,248942	2,541620	0,399347	3,846016	-2819,089879	891,224230	-2993,069155	9,489309	959,664642	32,224607	28,715319	31,146802	28,723643	32,853736	-2,669028	1,194678	1,052117	198595,834672	-0,172006	19,082907	-0,025547	0,000000	2,046971	-0,124313	-0,124306	14,074357	-0,009596	6,841700	1,804081
68,400000	8,217137	8,246833	2,566339	0,398277	3,823762	-2685,207479	891,179052	-2993,048684	9,491491	958,877732	32,226602	28,714341	31,142765	28,721244	32,858429	-2,669159	1,192279	1,051786	198567,921852	-0,171794	19,083949	-0,025724	0,000000	2,046922	-0,124311	-0,124301	14,067927	-0,009757	6,792986	1,803235
68,600000	8,215072	8,244782	2,572012	0,397829	3,803246	-2583,644184	891,669319	-2992,978254	9,493437	956,825083	32,230226	28,716132	31,139260	28,724820	32,859578	-2,669266	1,188620	1,051790	198499,434469	-0,171238	19,085450	-0,025994	0,000000	2,046479	-0,124305	-0,124303	14,050516	-0,009550	6,781094	1,801028
68,800000	8,213331	8,242765	2,556798	0,397700	3,800288	-2739,075588	891,770546	-2992,983583	9,495180	956,255875	32,228605	28,717997	31,137963	28,729837	32,857375	-2,669282	1,186191	1,051717	198480,321226	-0,171077	19,087239	-0,026045	0,000000	2,046688	-0,124299	-0,124308	14,045341	-0,009149	6,809203	1,800416
69,000000	8,212026	8,240930	2,564104	0,398053	3,807877	-2757,117661	891,310685	-2992,980482	9,497059	958,224289	32,225221	28,717693	31,138895	28,730174	32,857652	-2,669113	1,188365	1,051429	198543,724198	-0,171834	19,089084	-0,025697	0,000000	2,047392	-0,124301	-0,124309	14,061672	-0,008977	6,794565	1,802533
69,200000	8,210310	8,239085	2,556974	0,398375	3,811707	-2630,999680	890,960079	-2993,045091	9,499022	959,905518	32,222283	28,716650	31,138349	28,725230	32,861501	-2,669065	1,192466	1,051776	198549,734068	-0,172997	19,090739	-0,025267	0,000000	2,047276	-0,124309	-0,124306	14,076138	-0,009359	6,807435	1,804339
69,400000	8,208282	8,237340	2,537791	0,397975	3,809766	-2768,277526	890,937288	-2993,249970	9,500993	960,121909	32,221352	28,716624	31,139556	28,720594	32,864386	-2,669187	1,194408	1,052061	198503,561543	-0,173686	19,092089	-0,025330	0,000000	2,046490	-0,124311	-0,124300	14,078285	-0,009695	6,843597	1,804572
69,600000	8,206507	8,235904	2,560485	0,397423	3,806368	-2987,386850	891,164907	-2993,217586	9,503058	959,905737	32,225407	28,717425	31,139328	28,721468	32,863213	-2,669252	1,195158	1,052311	198486,263856	-0,173602	19,093405	-0,025667	0,000000	2,045910	-0,124308	-0,124294	14,076246	-0,009466	6,799322	1,804340
69,800000	8,204754	8,234360	2,574842	0,397069	3,803135	-2961,733601	891,460840	-2992,873720	9,505296	958,944211	32,229471	28,718552	31,130466	28,727673	32,856920	-2,669392	1,197458	1,052614	198501,817647	-0,172335	19,094260	-0,025892	0,000000	2,046081	-0,124300	-0,124294	14,067655	-0,008928	6,770936	1,803307
70,000000	8,202712	8,232291	2,540134	0,397071	3,801818	-3037,975597	891,501218	-2992,669442	9,507503	956,903577	32,231990	28,719277	31,122051	28,734298	32,849546	-2,669552	1,199578	1,051503	198525,897528	-0,170970	19,094574	-0,026050	0,000000	2,046717	-0,124296	-0,124300	14,050045	-0,008421	6,835749	1,801113
70,200000	8,200575	8,230164	2,535928	0,398158	3,804113	-3313,960075	891,554279	-2992,741977	9,509555	955,494724	32,234221	28,719785	31,123438	28,737535	32,845070	-2,669382	1,199908	1,050515	198547,426123	-0,170933	19,095306	-0,026100	0,000000	2,047118	-0,124298	-0,124305	14,037803	-0,007996	6,842590	1,799597
70,400000	8,198631	8,228487	2,560954	0,399851	3,806383	-3232,965099	891,682247	-2992,835587	9,511672	955,392232	32,230381	28,719830	31,131608	28,735819	32,844618	-2,669127	1,198520	1,051150	198577,948668	-0,171523	19,096939	-0,025967	0,000000	2,047413	-0,124303	-0,124306	14,036727	-0,007781	6,793984	1,799487
70,600000	8,196984	8,226788	2,544031	0,400227	3,808854	-2940,628242	891,344975	-2992,866244	9,513769	956,492544	32,222160	28,717374	31,137234	28,733831	32,847176	-2,669251	1,196649	1,051208	198601,841164	-0,172222	19,098912	-0,025848	0,000000	2,047434	-0,124305	-0,124304	14,046144	-0,007967	6,826084	1,800671
70,800000	8,195256	8,224863	2,532857	0,399576	3,814175	-2828,210260	891,030206	-2992,898855	9,515776	958,645926	32,219714	28,714966	31,136768	28,736117	32,848872	-2,669540	1,196953	1,050984	198614,199307	-0,172599	19,100227	-0,026025	0,000000	2,046943	-0,124304	-0,124305	14,064669	-0,008441	6,846778	1,802986
71,000000	8,193085	8,223080	2,554775	0,399579	3,815376	-2636,319543	891,547624	-2992,869073	9,517725	959,203349	32,224789	28,716399	31,134607	28,738123	32,847866	-2,669641	1,199027	1,051610	198620,488724	-0,171886	19,100985	-0,026248	0,000000	2,046805	-0,124304	-0,124309	14,069671	-0,008773	6,803394	1,803585
71,200000	8,190785	8,221382	2,551256	0,399966	3,809219	-2488,962883	892,533809	-2992,833144	9,519546	957,195935	32,226923	28,719858	31,134958	28,736215	32,843609	-2,669708	1,200219	1,050922	198629,006149	-0,171362	19,102085	-0,026179	0,000000	2,047549	-0,124306	-0,124313	14,053057	-0,008982	6,809207	1,801427
71,400000	8,188813	8,219608	2,543427	0,399638	3,803761	-2617,096711	892,882432	-2992,932652	9,521414	955,444820	32,220422	28,721507	31,140357	28,730346	32,839579	-2,669707	1,199936	1,050397	198602,487934	-0,172116	19,103376	-0,025987	0,000000	2,048088	-0,124306	-0,124317	14,038521	-0,009133	6,823494	1,799543
71,600000	8,187268	8,217883	2,565070	0,398814	3,802935	-2658,563146	892,419764	-2993,152693	9,523373	955,183562	32,211326	28,720410	31,147733	28,723087	32,843781	-2,669435	1,200318	1,051267	198518,704337	-0,172856	19,104564	-0,025665	0,000000	2,047485	-0,124306	-0,124310	14,036403	-0,009207	6,781372	1,799262
71,800000	8,185979	8,216255	2,569878	0,398315	3,803465	-2664,211123	891,704122	-2993,286452	9,525376	954,515248	32,204203	28,717881	31,151595	28,719646	32,854926	-2,669166	1,200871	1,051653	198483,157134	-0,172919	19,105733	-0,025431	0,000000	2,046423	-0,124306	-0,124299	14,031049	-0,009463	6,771591	1,798543
72,000000	8,184666	8,214499	2,555199	0,398176	3,801471	-2948,899495	891,096719	-2993,153792	9,527623	953,441710	32,200575	28,716421	31,149287	28,721272	32,860538	-2,669142	1,199393	1,051657	198508,704796	-0,172955	19,106521	-0,025540	0,000000	2,046139	-0,124306	-0,124295	14,022069	-0,009495	6,798539	1,797386
72,200000	8,183231	8,212481	2,565027	0,398038	3,792795	-3169,368526	890,979155	-2992,942767	9,529868	954,088730	32,201137	28,716848	31,142876	28,723412	32,856443	-2,669428	1,197130	1,050936	198537,092442	-0,173118	19,106990	-0,025605	0,000000	2,046985	-0,124307	-0,124302	14,027215	-0,009209	6,778305	1,798083
72,400000	8,181654	8,210493	2,565469	0,397880	3,782529	-3101,118219	891,185138	-2992,920812	9,531791	955,421644	32,203248	28,717865	31,140376	28,723945	32,850796	-2,669673	1,195730	1,050770	198557,967927	-0,173247	19,107802	-0,025514	0,000000	2,047719	-0,124310	-0,124305	14,038293	-0,009100	6,776206	1,799518
72,600000	8,179790	8,208912	2,540202	0,397688	3,783884	-3090,767455	891,144371	-2993,106046	9,533676	954,894698	32,202819	28,718385	31,142903	28,724025	32,851519	-2,669458	1,196323	1,051301	198550,242392	-0,173148	19,109135	-0,025378	0,000000	2,047461	-0,124313	-0,124303	14,033962	-0,009190	6,823960	1,798951
72,800000	8,177869	8,207458	2,549128	0,397453	3,796691	-3171,544761	890,782257	-2993,193223	9,535676	953,564449	32,198719	28,717028	31,143457	28,722163	32,857495	-2,669263	1,197428	1,051375	198535,626107	-0,172591	19,110545	-0,025423	0,000000	2,046762	-0,124312	-0,124301	14,022775	-0,009171	6,806251	1,797519
73,000000	8,176156	8,205576	2,558124	0,397313	3,805295	-3146,138131	890,418321	-2993,143716	9,537690	954,095849	32,196507	28,714754	31,139193	28,719584	32,860672	-2,669471	1,196754	1,051848	198528,125961	-0,172050	19,111328	-0,025694	0,000000	2,046348	-0,124307	-0,124299	14,026906	-0,008840	6,787870	1,798091
73,200000	8,174411	8,203479	2,530427	0,396800	3,804793	-3121,251755	890,434691	-2993,159800	9,539794	955,491632	32,200205	28,714764	31,134113	28,721757	32,858550	-2,669733	1,193324	1,051800	198526,887236	-0,172240	19,111575	-0,025843	0,000000	2,046485	-0,124303	-0,124297	14,038041	-0,008260	6,839583	1,799594
73,400000	8,172457	8,201552	2,536799	0,396608	3,805122	-3086,011617	891,021081	-2993,099020	9,541956	955,061449	32,205300	28,717392	31,131342	28,729401	32,855534	-2,669823	1,188998	1,051415	198530,357013	-0,173194	19,112131	-0,025874	0,000000	2,046830	-0,124305	-0,124303	14,033929	-0,007758	6,825893	1,799131
73,600000	8,170493	8,199785	2,557821	0,397727	3,810047	-2906,140646	891,475745	-2992,922035	9,543972	952,852763	32,206663	28,719710	31,131313	28,735847	32,852850	-2,669855	1,188518	1,051451	198533,586663	-0,173858	19,113430	-0,025990	0,000000	2,046923	-0,124306	-0,124310	14,015395	-0,007768	6,784625	1,796752
73,800000	8,168822	8,198043	2,541197	0,398835	3,812280	-2725,251406	891,343673	-2992,828220	9,546009	952,094169	32,204393	28,719815	31,134917	28,735183	32,849598	-2,669813	1,190656	1,051100	198538,481404	-0,173027	19,115058	-0,026267	0,000000	2,047120	-0,124304	-0,124309	14,009351	-0,008098	6,815868	1,795934
74,000000	8,167451	8,196348	2,543802	0,398798	3,807547	-2539,722457	891,182200	-2992,867985	9,548134	954,012372	32,201591	28,718451	31,138831	28,729670	32,850098	-2,669532	1,191808	1,051202	198484,057539	-0,172041	19,116256	-0,026351	0,000000	2,047566	-0,124303	-0,124305	14,025581	-0,008216	6,810144	1,798001
74,200000	8,165919	8,194854	2,551287	0,398365	3,799237	-2182,467405	891,374202	-2992,953418	9,550142	955,773541	32,201370	28,717829	31,140144	28,727544	32,853555	-2,669239	1,192629	1,051318	198373,203256	-0,172859	19,116886	-0,025907	0,000000	2,047250	-0,124303	-0,124303	14,040180	-0,008034	6,794938	1,799897
74,400000	8,163968	8,193419	2,525303	0,398581	3,794160	-1831,852084	891,748509	-2992,881598	9,552401	956,948175	32,204099	28,718302	31,138140	28,731620	32,851227	-2,669297	1,194792	1,050565	198335,873617	-0,173650	19,117429	-0,025702	0,000000	2,046556	-0,124300	-0,124298	14,049813	-0,007815	6,844134	1,801161
74,600000	8,162018	8,191665	2,523094	0,399402	3,794711	-1693,185714	892,202642	-2992,622210	9,554829	957,912955	32,205826	28,718772	31,133235	28,736141	32,843532	-2,669562	1,197078	1,050801	198391,234668	-0,172872	19,117983	-0,026112	0,000000	2,046908	-0,124299	-0,124298	14,057932	-0,007846	6,847196	1,802198
74,800000	8,160249	8,189697	2,545725	0,400094	3,793908	-1722,438421	892,415543	-2992,519507	9,556769	957,133023	32,204332	28,718946	31,131110	28,736057	32,839290	-2,669723	1,197509	1,051008	198414,146502	-0,172190	19,118157	-0,026220	0,000000	2,047736	-0,124302	-0,124306	14,051628	-0,008080	6,802003	1,801360
75,000000	8,158567	8,187841	2,559715	0,400012	3,789581	-1861,652709	892,182171	-2992,768302	9,558483	955,754044	32,199862	28,719346	31,137880	28,731364	32,842604	-2,669533	1,197635	1,050586	198367,145268	-0,172479	19,118317	-0,025822	0,000000	2,047966	-0,124307	-0,124314	14,040292	-0,008309	6,774076	1,799876
75,200000	8,156846	8,186183	2,560461	0,399472	3,789335	-2163,629207	891,591867	-2993,116411	9,560313	955,385767	32,192504	28,718985	31,148537	28,725409	32,847360	-2,669220	1,198174	1,050698	198340,352986	-0,172956	19,119157	-0,025578	0,000000	2,047656	-0,124312	-0,124313	14,037337	-0,008445	6,771975	1,799480
75,400000	8,154972	8,184574	2,559707	0,399327	3,794157	-2470,935670	890,928611	-2993,199139	9,562269	955,502845	32,186459	28,717376	31,150931	28,721747	32,848663	-2,669188	1,197588	1,050630	198374,633964	-0,173165	19,120438	-0,025649	0,000000	2,047090	-0,124312	-0,124305	14,038465	-0,008590	6,772765	1,799606
75,600000	8,153372	8,182727	2,549708	0,399027	3,796357	-2654,110546	890,812563	-2993,056862	9,564464	955,599136	32,185718	28,717008	31,143940	28,721918	32,849686	-2,669291	1,196033	1,051103	198408,378247	-0,173203	19,121420	-0,025717	0,000000	2,046737	-0,124309	-0,124300	14,039460	-0,008778	6,790693	1,799709
75,800000	8,151892	8,180851	2,527847	0,398592	3,792703	-2917,842027	891,414014	-2993,011164	9,566711	955,599289	32,187864	28,719103	31,136912	28,722679	32,850837	-2,669331	1,196056	1,051372	198386,107686	-0,173054	19,121979	-0,025654	0,000000	2,046705	-0,124306	-0,124300	14,039607	-0,008923	6,831403	1,799710
76,000000	8,149958	8,179245	2,544643	0,398693	3,786623	-3145,705790	892,156345	-2993,018841	9,568856	955,575029	32,187157	28,721766	31,136089	28,718774	32,851510	-2,669235	1,196833	1,050725	198334,729846	-0,172920	19,122687	-0,025653	0,000000	2,046759	-0,124307	-0,124302	14,039467	-0,008986	6,797984	1,799683
76,200000	8,147811	8,177836	2,563869	0,398783	3,782336	-3027,603459	892,075352	-2992,979825	9,570962	955,547819	32,179632	28,721443	31,140649	28,712348	32,853160	-2,669079	1,194787	1,050944	198319,371537	-0,173159	19,123751	-0,025808	0,000000	2,046835	-0,124311	-0,124302	14,039386	-0,009134	6,760723	1,799654
76,400000	8,146064	8,176297	2,533951	0,398617	3,787489	-2799,215881	891,127703	-2993,006707	9,572924	955,509024	32,170584	28,718445	31,144422	28,709998	32,855707	-2,669024	1,193191	1,051390	198324,087177	-0,173767	19,124694	-0,026006	0,000000	2,046625	-0,124313	-0,124300	14,039384	-0,009457	6,817354	1,799612
76,600000	8,144961	8,174392	2,528536	0,398474	3,802814	-2678,697157	890,408642	-2993,035197	9,574852	954,602233	32,170001	28,716266	31,142933	28,714204	32,859500	-2,669032	1,194837	1,051772	198296,868849	-0,173982	19,125118	-0,026052	0,000000	2,045968	-0,124310	-0,124298	14,031981	-0,009665	6,826573	1,798636
76,800000	8,143781	8,172343	2,553969	0,398458	3,816359	-2441,130032	890,578132	-2992,968475	9,577057	952,532344	32,177524	28,715944	31,137966	28,722036	32,860472	-2,669088	1,196772	1,052122	198295,457768	-0,173692	19,125288	-0,025894	0,000000	2,045933	-0,124303	-0,124303	14,014412	-0,009478	6,776117	1,796407
77,000000	8,141872	8,170407	2,540114	0,398337	3,819964	-2160,316414	890,958177	-2992,898357	9,579399	951,094661	32,184786	28,716222	31,132651	28,727802	32,852313	-2,669278	1,196633	1,051589	198352,134626	-0,173556	19,125887	-0,025834	0,000000	2,046880	-0,124300	-0,124307	14,001952	-0,009100	6,801308	1,794857
77,200000	8,139771	8,168596	2,527108	0,398236	3,811597	-1978,708582	891,024300	-2992,945608	9,581465	950,968319	32,188137	28,716219	31,129285	28,727996	32,841770	-2,669410	1,194665	1,051303	198371,908625	-0,173471	19,127034	-0,025883	0,000000	2,047119	-0,124304	-0,124306	14,000788	-0,008998	6,825391	1,794721
77,400000	8,137900	8,166925	2,545890	0,398357	3,793228	-1821,430102	891,292176	-2993,058620	9,582559	952,082470	32,188213	28,717179	31,128925	28,724993	32,839957	-2,669362	1,193934	1,050899	198325,316778	-0,173041	19,128284	-0,025864	0,000000	2,046585	-0,124304	-0,124303	14,010215	-0,009060	6,788379	1,795922
77,600000	8,136091	8,165313	2,552114	0,398467	3,777306	-1796,003011	891,649570	-2993,051461	9,581506	954,318501	32,185429	28,718331	31,130215	28,724050	32,845674	-2,669326	1,195308	1,050835	198282,680249	-0,172617	19,129316	-0,025974	0,000000	2,046527	-0,124300	-0,124303	14,028761	-0,008826	6,775649	1,798331
77,800000	8,134226	8,163722	2,547796	0,398661	3,776662	-1925,318338	891,588124	-2992,818510	9,578062	954,971637	32,182336	28,718194	31,128962	28,726465	32,849564	-2,669407	1,195839	1,051491	198297,678834	-0,173064	19,130071	-0,026141	0,000000	2,046773	-0,124300	-0,124305	14,033768	-0,008351	6,782965	1,799034
78,000000	8,132148	8,161999	2,554360	0,399031	3,787097	-2009,679341	891,710865	-2992,548678	9,573746	952,983660	32,184845	28,718584	31,125992	28,728892	32,846348	-2,669550	1,194585	1,051249	198361,630623	-0,173978	19,130715	-0,025990	0,000000	2,046744	-0,124302	-0,124309	14,017152	-0,008427	6,769303	1,796893
78,200000	8,129954	8,160114	2,549041	0,399091	3,793072	-2149,756721	892,396673	-2992,524036	9,569820	951,180885	32,189215	28,720671	31,127795	28,730339	32,840244	-2,669637	1,194210	1,051748	198426,568873	-0,174105	19,131316	-0,025747	0,000000	2,046902	-0,124306	-0,124311	14,002615	-0,009038	6,778264	1,794950
78,400000	8,127889	8,158397	2,529856	0,399155	3,787995	-2615,207524	892,825350	-2992,720603	9,566272	951,746731	32,184082	28,723050	31,133838	28,730868	32,835692	-2,669616	1,195581	1,052228	198456,994404	-0,173672	19,132049	-0,026022	0,000000	2,047483	-0,124307	-0,124311	14,007913	-0,009581	6,814200	1,795560
78,600000	8,126255	8,156741	2,541225	0,399476	3,774951	-3079,333514	892,315599	-2992,935443	9,562899	954,003015	32,172256	28,722739	31,137888	28,726173	32,835229	-2,669534	1,195500	1,051308	198446,110129	-0,173327	19,133078	-0,026438	0,000000	2,047907	-0,124306	-0,124311	14,027553	-0,010266	6,791537	1,797991
78,800000	8,124945	8,154896	2,553315	0,398848	3,763173	-3052,661446	891,335886	-2993,005201	9,559614	955,550827	32,164091	28,719308	31,137898	28,718904	32,839926	-2,669473	1,193258	1,051551	198422,016829	-0,173134	19,134029	-0,026362	0,000000	2,047859	-0,124309	-0,124310	14,041190	-0,010912	6,767457	1,799657
79,000000	8,123331	8,152903	2,527817	0,397675	3,766105	-2777,169048	890,964131	-2992,997286	9,556217	954,804734	32,163671	28,716583	31,137259	28,717414	32,844516	-2,669537	1,191867	1,051622	198410,084886	-0,173172	19,134623	-0,026039	0,000000	2,047123	-0,124313	-0,124306	14,034966	-0,010949	6,815187	1,798854
79,200000	8,121282	8,151050	2,531012	0,397578	3,786895	-2610,842343	891,576299	-2993,001725	9,552838	952,507134	32,166641	28,716996	31,137822	28,721014	32,845812	-2,669683	1,193582	1,051077	198393,745110	-0,173273	19,135187	-0,025889	0,000000	2,046472	-0,124312	-0,124306	14,015161	-0,010439	6,807839	1,796380
79,400000	8,119287	8,149470	2,555077	0,398309	3,812327	-2421,579432	892,167224	-2992,982541	9,549719	950,986303	32,166496	28,718385	31,138830	28,724281	32,844330	-2,669667	1,197146	1,051302	198405,688554	-0,173479	19,136013	-0,025847	0,000000	2,047012	-0,124312	-0,124309	14,001644	-0,009704	6,760824	1,794740
79,600000	8,117774	8,148010	2,533293	0,398643	3,827023	-2260,567854	891,904422	-2992,986850	9,546562	950,912165	32,161538	28,718814	31,140917	28,723130	32,843513	-2,669408	1,198459	1,050974	198440,367312	-0,173805	19,136849	-0,025647	0,000000	2,047779	-0,124314	-0,124311	14,000528	-0,009210	6,801791	1,794660
79,800000	8,116538	8,146452	2,519416	0,397971	3,824398	-2242,639588	891,235753	-2993,107474	9,543348	952,046615	32,154614	28,717662	31,142095	28,716436	32,848418	-2,669107	1,197036	1,051014	198406,513818	-0,173710	19,137408	-0,025356	0,000000	2,047363	-0,124312	-0,124309	14,010179	-0,009326	6,827723	1,795883
80,000000	8,115205	8,144579	2,544883	0,396699	3,806024	-2186,673647	890,716304	-2993,299499	9,540355	954,213592	32,151623	28,715507	31,143923	28,708886	32,855033	-2,668919	1,194737	1,051481	198343,417393	-0,173118	19,137756	-0,025228	0,000000	2,046342	-0,124308	-0,124301	14,028799	-0,009744	6,777449	1,798218
80,200000	8,113627	8,142426	2,552335	0,396128	3,783687	-2195,499342	890,455425	-2993,323923	9,537314	955,691343	32,153253	28,715676	31,145604	28,707273	32,856346	-2,669000	1,192456	1,051752	198312,740770	-0,173186	19,138176	-0,025624	0,000000	2,045817	-0,124303	-0,124296	14,041206	-0,009750	6,761806	1,799809
80,400000	8,111846	8,140336	2,545850	0,396696	3,770570	-2278,159006	890,573355	-2993,124624	9,534167	954,966253	32,155137	28,717327	31,139645	28,712226	32,852172	-2,669339	1,190955	1,051622	198306,884364	-0,173815	19,138839	-0,026178	0,000000	2,045975	-0,124301	-0,124298	14,034728	-0,009356	6,772694	1,799028
80,600000	8,109889	8,138559	2,555362	0,397284	3,767893	-2133,111669	890,948020	-2992,925624	9,531221	952,648622	32,158057	28,717585	31,132844	28,717920	32,846846	-2,669489	1,190726	1,050768	198317,331280	-0,174203	19,139955	-0,026185	0,000000	2,046422	-0,124303	-0,124306	14,015070	-0,009159	6,753477	1,796532
80,800000	8,107723	8,136980	2,542520	0,397543	3,771129	-1991,515754	891,404491	-2992,965964	9,528344	951,054964	32,160778	28,717700	31,133704	28,720911	32,844545	-2,669377	1,192529	1,050817	198302,948186	-0,174875	19,141351	-0,025962	0,000000	2,046714	-0,124303	-0,124310	14,001657	-0,009139	6,777318	1,794814
81,000000	8,105713	8,135597	2,511096	0,397557	3,778011	-2160,688112	891,264387	-2993,134951	9,525356	951,813715	32,157642	28,717219	31,138778	28,720162	32,846346	-2,669411	1,195746	1,051046	198258,349129	-0,175151	19,142403	-0,026073	0,000000	2,046795	-0,124300	-0,124305	14,007967	-0,009072	6,837494	1,795632
81,200000	8,104082	8,134327	2,523955	0,397274	3,784420	-2342,785516	890,335497	-2993,108972	9,522483	954,179509	32,153097	28,714812	31,140976	28,719518	32,848823	-2,669624	1,198681	1,051089	198233,491869	-0,174100	19,142898	-0,026260	0,000000	2,046908	-0,124297	-0,124298	14,027760	-0,008992	6,811855	1,798181
81,400000	8,102644	8,132746	2,542391	0,397618	3,783380	-2270,375632	889,879007	-2992,966031	9,519762	954,887138	32,155534	28,712290	31,134449	28,725740	32,847923	-2,669797	1,199561	1,052027	198253,196274	-0,173105	19,142784	-0,026132	0,000000	2,046944	-0,124299	-0,124295	14,033838	-0,009130	6,775066	1,798943
81,600000	8,101045	8,130806	2,523480	0,398743	3,775222	-2208,281621	890,419739	-2992,912731	9,517102	952,892496	32,163304	28,712450	31,124068	28,733081	32,843389	-2,669910	1,198937	1,051977	198300,498393	-0,173635	19,142550	-0,026021	0,000000	2,046743	-0,124301	-0,124300	14,017374	-0,009414	6,809690	1,796795
81,800000	8,098965	8,129036	2,529153	0,399679	3,770299	-2285,533778	891,765340	-2992,894706	9,514593	952,032393	32,167154	28,716155	31,120807	28,733165	32,836919	-2,670003	1,198402	1,051137	198390,652008	-0,174603	19,142953	-0,026098	0,000000	2,047084	-0,124304	-0,124311	14,010100	-0,009367	6,797398	1,795868
82,000000	8,096719	8,127806	2,551096	0,399799	3,776708	-2202,410846	892,765509	-2992,844871	9,512093	953,017559	32,163595	28,719151	31,126483	28,727766	32,831776	-2,669979	1,197735	1,051426	198470,588986	-0,174619	19,143961	-0,026125	0,000000	2,047918	-0,124307	-0,124318	14,018053	-0,009043	6,754859	1,796930
82,200000	8,094875	8,126675	2,528659	0,399296	3,793254	-2067,949616	892,309876	-2992,900945	9,509261	952,649520	32,156189	28,719581	31,135505	28,721260	32,832562	-2,669933	1,197851	1,051722	198424,643576	-0,174213	19,144745	-0,025890	0,000000	2,047648	-0,124308	-0,124315	14,014999	-0,009080	6,797476	1,796533
82,400000	8,093407	8,125075	2,512509	0,399034	3,805697	-2059,039370	891,548620	-2993,083178	9,506232	951,397659	32,148561	28,719854	31,143243	28,716932	32,839595	-2,669969	1,198319	1,051099	198329,693752	-0,174005	19,144546	-0,025728	0,000000	2,046601	-0,124303	-0,124309	14,004896	-0,009497	6,827656	1,795184
82,600000	8,091979	8,123048	2,538123	0,399174	3,800609	-1947,784088	891,299843	-2993,085549	9,503535	951,908763	32,144668	28,718940	31,144517	28,716221	32,844914	-2,669851	1,197716	1,050697	198296,233756	-0,174128	19,143866	-0,026135	0,000000	2,046566	-0,124300	-0,124306	14,009178	-0,009483	6,776484	1,795735
82,800000	8,090363	8,120987	2,545935	0,399073	3,785527	-1879,627559	891,082358	-2992,995670	9,501115	954,169637	32,143931	28,716595	31,139931	28,717005	32,842593	-2,669744	1,196798	1,050463	198302,740307	-0,174103	19,143833	-0,026448	0,000000	2,047397	-0,124300	-0,124304	14,027573	-0,008888	6,759950	1,798171
83,000000	8,088459	8,119170	2,535031	0,398784	3,779721	-2111,619368	890,926559	-2993,103425	9,498573	955,821655	32,141338	28,715531	31,138906	28,718346	32,837577	-2,669640	1,195926	1,049665	198313,014583	-0,173589	19,144598	-0,026141	0,000000	2,047740	-0,124303	-0,124304	14,040950	-0,008400	6,779738	1,799949
83,200000	8,086694	8,117574	2,544097	0,398545	3,785637	-2333,310753	890,966345	-2993,333080	9,495748	955,082448	32,135658	28,716814	31,143049	28,719365	32,837044	-2,669340	1,195268	1,049398	198322,545979	-0,173427	19,145586	-0,025771	0,000000	2,047526	-0,124311	-0,124301	14,034873	-0,008526	6,761606	1,799153
83,400000	8,085298	8,115862	2,535430	0,398334	3,789264	-2450,533249	890,698114	-2993,493581	9,492798	953,559838	32,128369	28,718374	31,145810	28,715413	32,841463	-2,669348	1,193981	1,050142	198338,484317	-0,174125	19,146514	-0,025772	0,000000	2,047388	-0,124318	-0,124299	14,022591	-0,009026	6,777275	1,797514
83,600000	8,083920	8,113631	2,505333	0,398144	3,785497	-2813,078211	889,755234	-2993,544562	9,489886	954,001825	32,124279	28,717190	31,144075	28,708649	32,846548	-2,669733	1,192314	1,050997	198349,213057	-0,175028	19,147201	-0,026079	0,000000	2,047161	-0,124315	-0,124303	14,026660	-0,009383	6,834074	1,797990
83,800000	8,082135	8,111218	2,523770	0,397632	3,777898	-3187,662539	889,505268	-2993,498465	9,487207	955,372082	32,128715	28,714700	31,139383	28,708236	32,849800	-2,669948	1,192449	1,050941	198348,904765	-0,175451	19,147834	-0,026370	0,000000	2,046837	-0,124306	-0,124309	14,037986	-0,009208	6,796659	1,799465
84,000000	8,079776	8,109271	2,551373	0,397289	3,771056	-3117,086311	890,310699	-2993,394545	9,484974	954,970713	32,136298	28,714092	31,136160	28,715889	32,850647	-2,669793	1,194978	1,051116	198340,084776	-0,175638	19,148936	-0,026361	0,000000	2,046536	-0,124301	-0,124309	14,033957	-0,008547	6,742670	1,799033
84,200000	8,077559	8,107946	2,529017	0,397871	3,771805	-2932,776816	890,714736	-2993,328096	9,482640	952,834069	32,137409	28,714412	31,137183	28,722064	32,847843	-2,669687	1,197956	1,051265	198348,716061	-0,175546	19,150559	-0,026140	0,000000	2,046285	-0,124301	-0,124306	14,015416	-0,007946	6,785023	1,796732
84,400000	8,076012	8,106678	2,526399	0,398323	3,781503	-2907,862633	890,601394	-2993,290438	9,479832	951,271011	32,131345	28,714415	31,139643	28,719186	32,844516	-2,669722	1,198923	1,050632	198378,577563	-0,175414	19,152004	-0,026026	0,000000	2,046587	-0,124302	-0,124304	14,001936	-0,007602	6,789686	1,795047
84,600000	8,074573	8,105040	2,550024	0,397797	3,792878	-2736,929339	890,454835	-2993,306179	9,477064	951,983103	32,125710	28,714737	31,139618	28,712023	32,846165	-2,669624	1,198541	1,051205	198359,793098	-0,175446	19,152461	-0,026087	0,000000	2,047012	-0,124305	-0,124301	14,008003	-0,007683	6,743397	1,795815
84,800000	8,072886	8,103267	2,539116	0,397064	3,798251	-2640,355436	890,226850	-2993,378115	9,474482	954,290209	32,126122	28,715470	31,137492	28,709429	32,848349	-2,669605	1,196992	1,051479	198291,809498	-0,175311	19,152187	-0,026189	0,000000	2,046415	-0,124306	-0,124296	14,027719	-0,008021	6,762719	1,798300
85,000000	8,071082	8,101435	2,530544	0,396865	3,795430	-2812,940630	890,147665	-2993,308282	9,471955	955,911763	32,131788	28,715930	31,134334	28,713674	32,842493	-2,669796	1,194592	1,051330	198269,684309	-0,175602	19,152194	-0,026337	0,000000	2,045693	-0,124299	-0,124297	14,041233	-0,007928	6,777707	1,800046
85,200000	8,069087	8,099682	2,546816	0,397632	3,784362	-2791,357124	890,447661	-2993,017413	9,469547	955,197298	32,137770	28,716684	31,131286	28,720123	32,832632	-2,670069	1,193595	1,051403	198312,671345	-0,176030	19,152788	-0,026491	0,000000	2,046010	-0,124291	-0,124305	14,034950	-0,007639	6,745406	1,799277
85,400000	8,067010	8,098047	2,538619	0,398919	3,771889	-2672,475447	890,864787	-2992,816381	9,466964	954,596068	32,139447	28,717662	31,129680	28,723524	32,828533	-2,670312	1,194522	1,050618	198356,097240	-0,175573	19,153461	-0,026372	0,000000	2,046774	-0,124293	-0,124311	14,029981	-0,007716	6,760006	1,798630
85,600000	8,065026	8,096561	2,523828	0,399520	3,768772	-2790,465852	891,351456	-2992,925458	9,464299	956,262451	32,136702	28,718337	31,131214	28,723178	32,832364	-2,670304	1,196057	1,050343	198359,136935	-0,175290	19,154038	-0,026011	0,000000	2,047430	-0,124303	-0,124309	14,044210	-0,007963	6,787519	1,800423
85,800000	8,063275	8,095301	2,540557	0,399061	3,773025	-2852,040206	891,736149	-2993,116352	9,461989	956,983225	32,131006	28,718940	31,135740	28,721432	32,839386	-2,669997	1,197778	1,050571	198332,542971	-0,175924	19,154565	-0,025783	0,000000	2,047492	-0,124311	-0,124304	14,050441	-0,008149	6,754755	1,801198
86,000000	8,061839	8,093689	2,529952	0,398521	3,775342	-2698,774556	891,522606	-2993,203904	9,459773	956,027162	32,124919	28,718356	31,138139	28,720449	32,843344	-2,669801	1,199087	1,051051	198313,725997	-0,175757	19,154783	-0,025936	0,000000	2,046987	-0,124313	-0,124301	14,042540	-0,008266	6,774007	1,800170
86,200000	8,060560	8,091624	2,498237	0,398564	3,773382	-2595,789816	891,082985	-2993,221197	9,457243	955,541378	32,122783	28,717050	31,135483	28,721776	32,841761	-2,669880	1,197681	1,051441	198332,340562	-0,174454	19,154739	-0,026316	0,000000	2,046755	-0,124309	-0,124302	14,038400	-0,008202	6,833875	1,799647
86,400000	8,059297	8,089866	2,525895	0,399023	3,771733	-2543,548085	891,333249	-2993,162831	9,454615	954,688093	32,125195	28,717195	31,133442	28,723097	32,837109	-2,669899	1,196035	1,051080	198362,908272	-0,173521	19,155052	-0,026373	0,000000	2,047036	-0,124304	-0,124305	14,031000	-0,007963	6,778967	1,798729
86,600000	8,057908	8,088579	2,554544	0,399553	3,775492	-2404,856259	891,931144	-2993,076538	9,452235	953,580068	32,125096	28,718657	31,137384	28,719073	32,833965	-2,669805	1,197185	1,051381	198358,671947	-0,173532	19,155772	-0,026087	0,000000	2,047562	-0,124304	-0,124312	14,021659	-0,007924	6,723634	1,797536
86,800000	8,056492	8,087203	2,535040	0,398896	3,784034	-2401,118374	891,811544	-2993,168922	9,449875	954,170783	32,117089	28,719591	31,143083	28,708725	32,835653	-2,669714	1,198115	1,051489	198337,611039	-0,174151	19,156087	-0,025837	0,000000	2,047813	-0,124310	-0,124316	14,027074	-0,008379	6,759955	1,798172
87,000000	8,055097	8,085408	2,537624	0,397384	3,790731	-2518,419593	890,970157	-2993,386087	9,447323	955,462692	32,106426	28,719169	31,146176	28,698643	32,842030	-2,669601	1,197376	1,051475	198323,296653	-0,174962	19,156070	-0,025685	0,000000	2,047452	-0,124312	-0,124315	14,038321	-0,008783	6,753751	1,799563
87,200000	8,053615	8,083423	2,550148	0,396543	3,790118	-2453,413184	890,226432	-2993,484455	9,444765	954,987099	32,100448	28,717934	31,144596	28,698420	32,850019	-2,669512	1,197253	1,052874	198308,874726	-0,175635	19,156383	-0,025725	0,000000	2,046599	-0,124305	-0,124313	14,034000	-0,008453	6,728532	1,799051
87,400000	8,051780	8,081420	2,529136	0,396456	3,786566	-2398,862964	890,159794	-2993,475416	9,442308	952,868083	32,101126	28,717934	31,138330	28,707260	32,852379	-2,669536	1,198341	1,052810	198324,370558	-0,175911	19,156850	-0,026009	0,000000	2,046187	-0,124301	-0,124309	14,015366	-0,007611	6,767157	1,796768
87,600000	8,049564	8,079293	2,523792	0,396789	3,785056	-2476,180640	890,319430	-2993,390285	9,440056	951,345679	32,106216	28,718181	31,132608	28,714620	32,846058	-2,669623	1,198526	1,052058	198373,619188	-0,175657	19,157621	-0,026327	0,000000	2,046932	-0,124305	-0,124307	14,001909	-0,006947	6,775977	1,795128
87,800000	8,047608	8,077384	2,533861	0,397566	3,782693	-2379,883781	890,090712	-2993,280505	9,437812	952,063483	32,110174	28,716962	31,131115	28,714320	32,839896	-2,669622	1,198212	1,051929	198385,749803	-0,175283	19,159029	-0,026417	0,000000	2,047469	-0,124310	-0,124307	14,008003	-0,007008	6,755719	1,795901
88,000000	8,045953	8,075806	2,512892	0,398783	3,779003	-2280,877140	889,812545	-2993,373287	9,435295	954,302416	32,110240	28,715830	31,135142	28,709665	32,840886	-2,669549	1,198077	1,051250	198341,440195	-0,175725	19,160433	-0,026269	0,000000	2,046970	-0,124313	-0,124303	14,027724	-0,007924	6,795512	1,798313
88,200000	8,044372	8,074024	2,507855	0,399281	3,778075	-2413,873901	889,652880	-2993,518026	9,432864	955,779028	32,109236	28,714978	31,137798	28,707599	32,847111	-2,669570	1,197707	1,051979	198305,007106	-0,176492	19,161369	-0,026127	0,000000	2,046229	-0,124314	-0,124299	14,041235	-0,009043	6,804351	1,799903
88,400000	8,042858	8,072045	2,542096	0,398372	3,779414	-2434,236380	889,569941	-2993,310146	9,430696	955,883164	32,108839	28,714412	31,132036	28,709898	32,851568	-2,669776	1,198335	1,052779	198303,622711	-0,176193	19,162149	-0,026100	0,000000	2,045747	-0,124310	-0,124299	14,042367	-0,009301	6,737201	1,800015
88,600000	8,041152	8,070116	2,539801	0,397118	3,780640	-2365,115883	889,911864	-2993,001081	9,428322	954,818452	32,111213	28,715133	31,125528	28,714668	32,848503	-2,670021	1,195922	1,052250	198317,252055	-0,175411	19,163016	-0,026221	0,000000	2,045719	-0,124305	-0,124301	14,032722	-0,008590	6,740280	1,798869
88,800000	8,039098	8,068492	2,514711	0,396788	3,783217	-2438,962444	890,904646	-2992,951521	9,425647	952,675168	32,115854	28,718064	31,124480	28,719441	32,839827	-2,670067	1,190618	1,051439	198339,450571	-0,175130	19,163839	-0,026366	0,000000	2,046196	-0,124301	-0,124302	14,014101	-0,007967	6,787422	1,796561
89,000000	8,036975	8,067292	2,535848	0,397801	3,785665	-2389,843115	891,844502	-2993,031178	9,423140	952,101591	32,114409	28,720068	31,129179	28,721820	32,832132	-2,669960	1,188195	1,051140	198349,004952	-0,174897	19,164502	-0,026268	0,000000	2,046776	-0,124302	-0,124309	14,009109	-0,007794	6,746208	1,795942
89,200000	8,035026	8,066044	2,543738	0,398966	3,784866	-2232,999095	891,714518	-2993,112365	9,420877	954,111555	32,106120	28,722761	31,136668	28,718851	32,828624	-2,669943	1,187409	1,051225	198344,046835	-0,174982	19,164844	-0,026165	0,000000	2,047048	-0,124307	-0,124316	14,025745	-0,007548	6,730473	1,798108
89,400000	8,033151	8,064508	2,512108	0,398659	3,784119	-2251,035965	890,978942	-2993,168272	9,418657	955,865497	32,099515	28,735458	31,138231	28,711410	32,828978	-2,670061	1,188859	1,050808	198352,408256	-0,175925	19,164699	-0,026309	0,000000	2,047093	-0,124310	-0,124314	14,040288	-0,007370	6,789680	1,799996
89,600000	8,031643	8,062896	2,518569	0,397691	3,784210	-2277,339600	891,023920	-2993,144716	9,416414	956,099071	32,099933	28,753335	31,132188	28,708616	32,831613	-2,670156	1,192936	1,051185	198357,091211	-0,176960	19,164626	-0,026272	0,000000	2,046872	-0,124310	-0,124310	14,042404	-0,007527	6,775422	1,800247
89,800000	8,030282	8,061061	2,540246	0,397585	3,781809	-2156,746459	891,807616	-2993,042160	9,414094	955,836763	32,105090	28,762782	31,126310	28,715628	32,832838	-2,670171	1,196563	1,052038	198320,963317	-0,177075	19,165385	-0,026115	0,000000	2,046444	-0,124307	-0,124305	14,040338	-0,007662	6,732453	1,799965
90,000000	8,028542	8,058920	2,531220	0,398177	3,778792	-2249,195696	891,980018	-2992,987421	9,411822	955,714849	32,105798	28,762549	31,126364	28,723407	32,830987	-2,670145	1,197951	1,051758	198320,001364	-0,176586	19,166784	-0,026071	0,000000	2,046858	-0,124306	-0,124304	14,039160	-0,007507	6,748576	1,799834
90,200000	8,026600	8,057043	2,535817	0,398898	3,778178	-2590,470250	891,309122	-2993,042454	9,409561	955,718462	32,098424	28,760499	31,131399	28,720957	32,830458	-2,670067	1,196601	1,051064	198391,470769	-0,176387	19,168202	-0,025902	0,000000	2,047911	-0,124310	-0,124310	14,039130	-0,007446	6,739052	1,799838
90,400000	8,024760	8,055534	2,555246	0,398927	3,778882	-2685,859617	890,695751	-2993,277847	9,407150	956,582262	32,090005	28,760061	31,136693	28,711232	32,836108	-2,669954	1,194948	1,050799	198415,723866	-0,176240	19,169332	-0,025704	0,000000	2,047916	-0,124318	-0,124314	14,046766	-0,007837	6,701594	1,800767
90,600000	8,023208	8,053915	2,541182	0,398185	3,778705	-2782,606690	890,154230	-2993,644917	9,404803	958,636774	32,084678	28,758936	31,142354	28,702419	32,843032	-2,669897	1,193793	1,050434	198399,321373	-0,176216	19,170190	-0,025674	0,000000	2,046951	-0,124318	-0,124308	14,064429	-0,008277	6,727483	1,802976
90,800000	8,021602	8,051961	2,525378	0,397578	3,775312	-3210,559476	889,603013	-2993,717496	9,402598	959,223540	32,081488	28,757611	31,146242	28,698253	32,843305	-2,669895	1,193190	1,050477	198395,862305	-0,176362	19,170720	-0,025866	0,000000	2,045967	-0,124311	-0,124302	14,069460	-0,008393	6,756511	1,803607
91,000000	8,019941	8,049955	2,544823	0,397309	3,768265	-3387,937814	889,479994	-2993,461938	9,400272	957,257137	32,080057	28,758008	31,141376	28,700148	32,838253	-2,670064	1,192986	1,051022	198399,890072	-0,176336	19,171131	-0,026039	0,000000	2,045598	-0,124307	-0,124305	14,053026	-0,008438	6,717949	1,801493
91,200000	8,018494	8,048170	2,541491	0,397038	3,766574	-3135,477223	889,457530	-2993,289519	9,397762	955,503509	32,080741	28,759107	31,135105	28,704556	32,835211	-2,670345	1,191705	1,050699	198421,821487	-0,176485	19,172043	-0,026025	0,000000	2,046152	-0,124306	-0,124311	14,038551	-0,008671	6,723101	1,799606
91,400000	8,016963	8,046502	2,519931	0,396837	3,778442	-2877,314318	889,466976	-2993,340268	9,395254	956,117884	32,082309	28,760458	31,136904	28,706479	32,837728	-2,670250	1,190158	1,050448	198416,397486	-0,176952	19,173295	-0,025840	0,000000	2,046994	-0,124306	-0,124310	14,043837	-0,008803	6,763520	1,800268
91,600000	8,015244	8,044896	2,537152	0,396864	3,794603	-2721,376925	889,793302	-2993,468390	9,392982	957,570698	32,080149	28,761733	31,142983	28,704107	32,842677	-2,669842	1,189092	1,050981	198365,202961	-0,177398	19,174343	-0,025521	0,000000	2,047310	-0,124309	-0,124307	14,056042	-0,008825	6,729838	1,801830
91,800000	8,013476	8,043177	2,540839	0,396618	3,800580	-2729,372855	889,790007	-2993,546330	9,390933	957,081458	32,075743	28,760936	31,145129	28,701216	32,845027	-2,669706	1,187406	1,051406	198321,699917	-0,177439	19,174972	-0,025385	0,000000	2,046758	-0,124312	-0,124306	14,052100	-0,008985	6,721829	1,801304
92,000000	8,011903	8,041163	2,515506	0,396528	3,794680	-2927,220919	889,372821	-2993,504646	9,388773	956,606222	32,076880	28,759247	31,139565	28,704863	32,845279	-2,669927	1,184815	1,051185	198313,019632	-0,177423	19,175276	-0,025611	0,000000	2,045988	-0,124310	-0,124307	14,048253	-0,009123	6,768821	1,800793
92,200000	8,010327	8,039290	2,528287	0,397576	3,783801	-2986,105271	889,500075	-2993,317633	9,386481	958,305267	32,084788	28,759956	31,130436	28,713041	32,845458	-2,670093	1,183747	1,050869	198332,097169	-0,177441	19,175898	-0,025933	0,000000	2,045760	-0,124303	-0,124308	14,062438	-0,009065	6,742877	1,802620
92,400000	8,008234	8,037693	2,538934	0,398829	3,773602	-2834,160040	890,167848	-2993,148332	9,384262	959,930573	32,091152	28,761966	31,123693	28,717790	32,841805	-2,670102	1,185687	1,051741	198378,668001	-0,177116	19,177096	-0,026005	0,000000	2,046198	-0,124302	-0,124308	14,075851	-0,008862	6,721607	1,804366
92,600000	8,006098	8,035875	2,516404	0,399105	3,768556	-2779,416941	890,643748	-2993,157627	9,382126	959,331918	32,089531	28,762998	31,122598	28,717118	32,835525	-2,670174	1,188054	1,051767	198393,948200	-0,176701	19,178162	-0,025959	0,000000	2,046742	-0,124307	-0,124306	14,070612	-0,008637	6,763676	1,803723
92,800000	8,004473	8,034065	2,523913	0,398819	3,770576	-2739,523272	890,626580	-2993,303165	9,379856	957,035750	32,083743	28,762855	31,125788	28,715031	32,833846	-2,670280	1,189607	1,050837	198347,502304	-0,176506	19,178726	-0,026079	0,000000	2,046474	-0,124308	-0,124302	14,051215	-0,008483	6,748170	1,801255
93,000000	8,003016	8,032754	2,538566	0,398759	3,777587	-2450,968519	890,311425	-2993,361665	9,377316	955,429320	32,078814	28,761576	31,129623	28,714084	32,836936	-2,670345	1,192322	1,051471	198340,002796	-0,176126	19,179234	-0,026291	0,000000	2,045984	-0,124305	-0,124301	14,037656	-0,008398	6,719516	1,799527
93,200000	8,001365	8,031580	2,517766	0,398906	3,787699	-2292,467739	890,096282	-2993,230645	9,375006	956,192977	32,076904	28,760734	31,131113	28,714156	32,838155	-2,670411	1,195769	1,051483	198401,800640	-0,175251	19,179814	-0,026322	0,000000	2,046277	-0,124302	-0,124308	14,043861	-0,008197	6,758659	1,800348
93,400000	7,999441	8,030023	2,512512	0,398753	3,793313	-2545,158931	890,010847	-2993,132458	9,373034	957,709541	32,079382	28,760604	31,130265	28,715358	32,833224	-2,670551	1,197183	1,050922	198452,257739	-0,175112	19,180126	-0,026194	0,000000	2,046906	-0,124303	-0,124313	14,056227	-0,007846	6,767702	1,801980
93,600000	7,997462	8,028347	2,544021	0,398440	3,785891	-2720,119874	890,083862	-2993,165174	9,370932	957,250517	32,081801	28,760692	31,132513	28,714983	32,826421	-2,670539	1,196600	1,051173	198452,092839	-0,176339	19,179940	-0,026187	0,000000	2,047233	-0,124309	-0,124314	14,052164	-0,007631	6,706214	1,801486
93,800000	7,995817	8,026861	2,558253	0,398137	3,772153	-2657,797431	890,423717	-2993,329923	9,368595	955,847349	32,079399	28,760687	31,138756	28,711285	32,825573	-2,670109	1,195621	1,050982	198430,269084	-0,177550	19,179658	-0,026215	0,000000	2,047491	-0,124315	-0,124316	14,040824	-0,008058	6,678305	1,799977
94,000000	7,994192	8,025254	2,542299	0,397748	3,769530	-2725,499650	890,599385	-2993,485457	9,366177	956,221970	32,071055	28,760199	31,144402	28,705918	32,831589	-2,669747	1,195398	1,051239	198399,518807	-0,177677	19,179837	-0,026051	0,000000	2,047788	-0,124321	-0,124315	14,044846	-0,008938	6,707412	1,800380
94,200000	7,992464	8,023448	2,542304	0,397810	3,779157	-2849,934796	890,326204	-2993,502619	9,363986	958,379184	32,061471	28,760214	31,144604	28,700870	32,838817	-2,669818	1,196405	1,051807	198358,701352	-0,177172	19,180273	-0,025847	0,000000	2,047868	-0,124322	-0,124312	14,063387	-0,009394	6,706214	1,802699
94,400000	7,991042	8,021741	2,542024	0,397573	3,786356	-2831,054702	890,232368	-2993,548436	9,361891	960,022124	32,058764	28,760545	31,140395	28,700610	32,842235	-2,670078	1,197328	1,051812	198337,509296	-0,176915	19,180857	-0,025943	0,000000	2,047862	-0,124318	-0,124312	14,076869	-0,009113	6,705577	1,804465
94,600000	7,989463	8,019991	2,522415	0,396825	3,788600	-2860,959320	890,462773	-2993,609511	9,359536	960,247132	32,061445	28,760453	31,139156	28,705932	32,841391	-2,670301	1,197830	1,051984	198332,457048	-0,177245	19,181672	-0,026089	0,000000	2,047748	-0,124311	-0,124310	14,078220	-0,008580	6,741889	1,804706
94,800000	7,987542	8,018121	2,532172	0,397163	3,788492	-2908,024066	890,226327	-2993,567173	9,357188	960,016383	32,061236	28,760219	31,140045	28,709319	32,839705	-2,670319	1,198216	1,052159	198351,284982	-0,177190	19,182430	-0,025976	0,000000	2,047247	-0,124306	-0,124309	14,076079	-0,008372	6,722144	1,804459
95,000000	7,985814	8,016406	2,544243	0,397697	3,781656	-2840,599764	889,530566	-2993,513141	9,355122	959,889968	32,055886	28,759810	31,139495	28,705158	32,839436	-2,670099	1,197673	1,051832	198416,668086	-0,176661	19,183060	-0,025873	0,000000	2,046689	-0,124310	-0,124306	14,075023	-0,008375	6,698169	1,804323
95,200000	7,984403	8,014787	2,522653	0,397040	3,770695	-2939,287867	888,753225	-2993,569182	9,353108	959,867917	32,050605	28,758644	31,137809	28,697030	32,841994	-2,669819	1,195345	1,051174	198463,481241	-0,177139	19,183718	-0,025933	0,000000	2,046420	-0,124315	-0,124302	14,075053	-0,008589	6,738265	1,804299
95,400000	7,982926	8,013147	2,524406	0,396336	3,764567	-3188,077832	888,409079	-2993,717907	9,350857	958,959471	32,049070	28,758094	31,135457	28,694387	32,846214	-2,669839	1,192689	1,051421	198438,529343	-0,177794	19,184306	-0,026087	0,000000	2,045941	-0,124312	-0,124298	14,067853	-0,008998	6,733850	1,803323
95,600000	7,981217	8,011496	2,544764	0,396258	3,767907	-3186,913961	888,829624	-2993,714279	9,348570	957,766613	32,053181	28,759205	31,133272	28,700045	32,845384	-2,670123	1,190752	1,052024	198401,849671	-0,177367	19,184707	-0,026442	0,000000	2,045423	-0,124306	-0,124298	14,057769	-0,008910	6,693977	1,802041
95,800000	7,979500	8,009698	2,530553	0,396303	3,780071	-3232,336843	889,503455	-2993,466021	9,346401	958,427163	32,059116	28,760988	31,130487	28,707624	32,838302	-2,670390	1,187550	1,051974	198386,568371	-0,176879	19,185058	-0,026783	0,000000	2,045780	-0,124300	-0,124304	14,062870	-0,008475	6,719623	1,802751
96,000000	7,977710	8,007886	2,523668	0,396896	3,794852	-3556,962231	889,953951	-2993,272797	9,344094	959,795605	32,062040	28,761703	31,127505	28,712605	32,833418	-2,670583	1,184355	1,052082	198360,304481	-0,177023	19,185535	-0,026836	0,000000	2,046696	-0,124297	-0,124312	14,074147	-0,008289	6,731492	1,804221
96,200000	7,975897	8,006217	2,541878	0,398047	3,798311	-3549,963692	890,289040	-2993,291405	9,341796	959,284370	32,063529	28,760638	31,128001	28,713514	32,835790	-2,670433	1,184289	1,051163	198341,681808	-0,177475	19,186307	-0,026753	0,000000	2,047186	-0,124301	-0,124313	14,069898	-0,008321	6,695914	1,803672
96,400000	7,974088	8,004554	2,523258	0,398982	3,786453	-3239,243529	890,505488	-2993,372868	9,339784	957,941094	32,061729	28,759255	31,130825	28,711126	32,839344	-2,670084	1,185559	1,050519	198344,279835	-0,178009	19,187167	-0,026415	0,000000	2,047025	-0,124311	-0,124310	14,058702	-0,008381	6,730483	1,802228
96,600000	7,972132	8,002969	2,505885	0,400051	3,774598	-3060,311074	890,337865	-2993,260326	9,337931	958,462365	32,058357	28,758933	31,130003	28,709717	32,838216	-2,670057	1,185064	1,051574	198342,946616	-0,178369	19,187868	-0,026034	0,000000	2,046657	-0,124317	-0,124308	14,062815	-0,008124	6,762908	1,802789
96,800000	7,970395	8,001293	2,535272	0,400658	3,773850	-2830,387787	890,261213	-2993,029146	9,335897	959,840670	32,060405	28,759666	31,124268	28,711667	32,834401	-2,670248	1,185876	1,051901	198338,359307	-0,177956	19,188408	-0,025975	0,000000	2,046501	-0,124310	-0,124307	14,073944	-0,007708	6,705434	1,804270
97,000000	7,968750	7,999522	2,535340	0,400687	3,779729	-2613,936314	890,918152	-2993,015908	9,333650	960,252856	32,065115	28,762289	31,118356	28,714677	32,830541	-2,670347	1,190366	1,051454	198337,075421	-0,176420	19,188698	-0,026153	0,000000	2,046725	-0,124303	-0,124306	14,077251	-0,007564	6,703894	1,804712
97,200000	7,966918	7,998071	2,508871	0,401658	3,783325	-2669,515626	891,693452	-2993,175884	9,331469	960,136158	32,064370	28,765429	31,120635	28,714861	32,828451	-2,670352	1,194867	1,050938	198327,701647	-0,175340	19,189054	-0,026296	0,000000	2,047116	-0,124304	-0,124307	14,076294	-0,007584	6,753523	1,804587
97,400000	7,965435	7,996725	2,526541	0,402614	3,779307	-2747,568078	891,489822	-2993,314765	9,329328	960,879144	32,056288	28,764946	31,131278	28,710239	32,829645	-2,670355	1,197437	1,050206	198296,368964	-0,175829	19,189604	-0,026159	0,000000	2,047285	-0,124310	-0,124309	14,082710	-0,007780	6,719087	1,805385
97,600000	7,964055	7,995123	2,543522	0,402502	3,770555	-2698,041566	890,588795	-2993,476678	9,327047	962,886262	32,045372	28,761431	31,141567	28,703887	32,831489	-2,670280	1,198851	1,050483	198245,049032	-0,176675	19,189914	-0,026082	0,000000	2,047215	-0,124311	-0,124314	14,100103	-0,008380	6,686081	1,807539
97,800000	7,962278	7,993313	2,527350	0,402120	3,765969	-2764,215431	890,075864	-2993,626751	9,324832	963,417281	32,039767	28,759214	31,145718	28,701981	32,834062	-2,670103	1,198622	1,050859	198166,909609	-0,177448	19,189815	-0,026187	0,000000	2,046684	-0,124308	-0,124316	14,105273	-0,009110	6,715516	1,808109
98,000000	7,960622	7,991407	2,534967	0,401613	3,767729	-2857,255005	890,245325	-2993,543766	9,322867	961,419954	32,041888	28,759364	31,143443	28,704318	32,837346	-2,670044	1,198196	1,050668	198120,263640	-0,178119	19,189921	-0,026076	0,000000	2,046446	-0,124308	-0,124315	14,088944	-0,009488	6,699592	1,805966
98,200000	7,959279	7,989752	2,547159	0,400474	3,769953	-2658,929340	890,408001	-2993,338877	9,321033	959,694860	32,044989	28,759812	31,139486	28,704989	32,834883	-2,670176	1,199015	1,051543	198180,778609	-0,177715	19,190785	-0,025904	0,000000	2,047208	-0,124311	-0,124314	14,074480	-0,009465	6,675516	1,804113
98,400000	7,957754	7,988436	2,520343	0,399139	3,772805	-2464,435082	890,192596	-2993,397014	9,319070	959,458528	32,043117	28,760194	31,136411	28,701308	32,830920	-2,670152	1,198829	1,051463	198235,912336	-0,176773	19,191746	-0,025845	0,000000	2,047695	-0,124316	-0,124310	14,072333	-0,009297	6,725684	1,803859
98,600000	7,956043	7,986856	2,513609	0,398563	3,778190	-2546,720379	889,908184	-2993,668360	9,316757	960,585282	32,037222	28,759818	31,135324	28,695411	32,835758	-2,669888	1,197022	1,050185	198185,499372	-0,176800	19,192094	-0,025837	0,000000	2,047275	-0,124319	-0,124305	14,081789	-0,009318	6,737505	1,805069
98,800000	7,954617	7,984870	2,540397	0,398870	3,780882	-2544,513118	889,663466	-2993,761785	9,314526	962,782413	32,031556	28,758307	31,135714	28,692962	32,846308	-2,669792	1,195948	1,050559	198122,871936	-0,177221	19,192119	-0,026002	0,000000	2,046430	-0,124312	-0,124301	14,100538	-0,009684	6,685052	1,807428
99,000000	7,953431	7,982827	2,540333	0,399908	3,777275	-2528,468789	889,276084	-2993,608660	9,312538	964,232641	32,028604	28,756652	31,133554	28,696526	32,852584	-2,670030	1,196035	1,051056	198124,018536	-0,177213	19,192447	-0,026046	0,000000	2,045773	-0,124307	-0,124298	14,113032	-0,010053	6,683754	1,808983
99,200000	7,951812	7,980797	2,530318	0,400550	3,773301	-2763,109080	888,901814	-2993,448826	9,310419	964,368396	32,031584	28,756638	31,128973	28,701891	32,851065	-2,670382	1,195168	1,051057	198161,392575	-0,177179	19,193347	-0,025946	0,000000	2,045698	-0,124308	-0,124299	14,113977	-0,009864	6,701426	1,809128
99,400000	7,949615	7,979038	2,543301	0,399915	3,774493	-2878,611105	889,086122	-2993,408452	9,308266	963,321647	32,038946	28,759676	31,126495	28,705697	32,845035	-2,670488	1,194778	1,051896	198183,401827	-0,177275	19,194483	-0,026028	0,000000	2,046207	-0,124309	-0,124303	14,104463	-0,009100	6,675810	1,808006
99,600000	7,947537	7,977554	2,535693	0,398834	3,776749	-2858,049005	889,628974	-2993,442233	9,306194	961,182632	32,040501	28,762005	31,129523	28,707863	32,838021	-2,670394	1,195080	1,051400	198171,772543	-0,177108	19,195526	-0,026109	0,000000	2,046703	-0,124306	-0,124308	14,085927	-0,008457	6,689457	1,805711
99,800000	7,946092	7,976004	2,511617	0,398265	3,776771	-3056,556892	889,479081	-2993,452516	9,304194	959,713454	32,034214	28,760204	31,132813	28,706440	32,833860	-2,670423	1,195907	1,050211	198160,034451	-0,176720	19,196379	-0,026106	0,000000	2,046659	-0,124303	-0,124310	14,073524	-0,008353	6,734610	1,804133
100,000000	7,944752	7,974327	2,529908	0,398044	3,776116	-3235,192470	888,994151	-2993,409708	9,302223	959,578624	32,030568	28,757984	31,130736	28,701427	32,834112	-2,670451	1,198589	1,050741	198156,656490	-0,176614	19,196737	-0,026181	0,000000	2,046493	-0,124302	-0,124307	14,072570	-0,008529	6,698558	1,803988
100,200000	7,942726	7,972476	2,540922	0,397303	3,774339	-3156,225433	889,291887	-2993,377069	9,300108	959,815364	32,034804	28,759430	31,125180	28,699076	32,835009	-2,670407	1,200549	1,051638	198144,158280	-0,176818	19,196772	-0,026263	0,000000	2,046164	-0,124301	-0,124306	14,074646	-0,008622	6,676180	1,804243
100,400000	7,940516	7,970594	2,510334	0,396828	3,772991	-3125,967910	890,080893	-2993,384955	9,297956	959,055057	32,040683	28,761924	31,120070	28,704342	32,833652	-2,670504	1,200991	1,051344	198104,743797	-0,177226	19,197344	-0,026257	0,000000	2,045969	-0,124299	-0,124311	14,068183	-0,008527	6,733019	1,803426
100,600000	7,938834	7,969108	2,514077	0,397605	3,773316	-3159,515019	890,606259	-2993,349621	9,296023	956,979694	32,040924	28,762894	31,120256	28,712214	32,829704	-2,670587	1,200545	1,050469	198115,152272	-0,177322	19,198415	-0,026418	0,000000	2,046928	-0,124300	-0,124318	14,050554	-0,008291	6,725082	1,801195
100,800000	7,937297	7,967918	2,533865	0,398413	3,773629	-2918,860150	890,598045	-2993,211098	9,294061	956,365521	32,034357	28,763236	31,125130	28,713619	32,828112	-2,670540	1,199051	1,051040	198193,274379	-0,176845	19,199234	-0,026517	0,000000	2,048094	-0,124306	-0,124318	14,045305	-0,008193	6,686888	1,800534
101,000000	7,935465	7,966463	2,517419	0,398141	3,774753	-2596,573655	890,029372	-2993,280644	9,291694	958,277847	32,025182	28,762321	31,128803	28,708451	32,831449	-2,670522	1,196997	1,051433	198170,493856	-0,176604	19,199561	-0,026126	0,000000	2,047911	-0,124313	-0,124310	14,061652	-0,008508	6,717305	1,802590
101,200000	7,933658	7,964781	2,515894	0,397612	3,773770	-2446,585860	889,390748	-2993,655243	9,289455	959,068472	32,018417	28,760760	31,133692	28,702303	32,834788	-2,670469	1,196225	1,050976	198064,201361	-0,176938	19,199609	-0,025747	0,000000	2,047162	-0,124318	-0,124302	14,068720	-0,008952	6,719121	1,803440
101,400000	7,932052	7,963039	2,531782	0,397400	3,763770	-2282,742210	889,165029	-2993,773943	9,287639	957,221082	32,015231	28,760306	31,137729	28,698835	32,836900	-2,670329	1,197662	1,051057	198011,108806	-0,177486	19,199721	-0,025847	0,000000	2,046973	-0,124318	-0,124301	14,053297	-0,009011	6,687702	1,801454
101,600000	7,930455	7,961244	2,520484	0,397285	3,748894	-2167,915980	889,239919	-2993,570055	9,285733	956,431009	32,013170	28,761282	31,131534	28,699357	32,836446	-2,670388	1,197512	1,050881	198021,223528	-0,177448	19,200023	-0,026067	0,000000	2,047229	-0,124315	-0,124305	14,046213	-0,008552	6,707783	1,800604
101,800000	7,928909	7,959718	2,515233	0,397393	3,744880	-2211,747735	889,370214	-2993,450987	9,283616	958,276335	32,013035	28,762394	31,125912	28,701670	32,833442	-2,670515	1,193606	1,050847	198041,160695	-0,176912	19,200537	-0,026056	0,000000	2,047490	-0,124313	-0,124307	14,061450	-0,008319	6,716694	1,802589
102,000000	7,927351	7,958472	2,534245	0,397541	3,754931	-2174,960514	889,674090	-2993,565916	9,281544	959,052808	32,013637	28,762612	31,131999	28,701974	32,833708	-2,670334	1,189306	1,050507	198049,778184	-0,176964	19,201103	-0,025948	0,000000	2,047544	-0,124312	-0,124308	14,068468	-0,008831	6,679927	1,803423
102,200000	7,925852	7,957123	2,535576	0,397446	3,769550	-2116,422219	889,846578	-2993,736708	9,279560	957,161323	32,007981	28,762355	31,140572	28,697982	32,838848	-2,670195	1,187552	1,050538	198051,219140	-0,177215	19,201386	-0,025917	0,000000	2,047507	-0,124313	-0,124312	14,053243	-0,009458	6,676695	1,801390
102,400000	7,924649	7,955408	2,525597	0,396906	3,779896	-2254,438253	889,200101	-2993,769316	9,277548	955,394902	32,000356	28,760389	31,141483	28,693283	32,843850	-2,670243	1,187321	1,050614	198043,678430	-0,177623	19,201148	-0,025911	0,000000	2,047181	-0,124312	-0,124309	14,038825	-0,009856	6,694307	1,799490
102,600000	7,923397	7,953340	2,534957	0,396472	3,777943	-2371,635516	888,372043	-2993,694690	9,275646	955,982161	32,001001	28,757541	31,136327	28,693906	32,846381	-2,670229	1,187716	1,050027	198044,226737	-0,178371	19,200877	-0,025873	0,000000	2,046568	-0,124305	-0,124303	14,043896	-0,010000	6,674877	1,800122
102,800000	7,921710	7,951247	2,532164	0,397062	3,764090	-2446,087255	888,240110	-2993,572691	9,273682	958,356183	32,008033	28,756531	31,131346	28,698129	32,846623	-2,670267	1,189977	1,050872	198045,418416	-0,178419	19,201403	-0,026011	0,000000	2,046251	-0,124301	-0,124305	14,063428	-0,009627	6,678691	1,802675
103,000000	7,919879	7,949361	2,511698	0,397793	3,751894	-2810,827876	888,742471	-2993,504338	9,271233	960,058150	32,012881	28,758383	31,127435	28,700771	32,843537	-2,670483	1,193078	1,051029	198064,682663	-0,178080	19,202586	-0,026172	0,000000	2,046541	-0,124306	-0,124309	14,077070	-0,009013	6,716515	1,804503
103,200000	7,917981	7,947796	2,525426	0,397294	3,752962	-3233,624625	889,215110	-2993,530477	9,268804	960,254965	32,011384	28,761202	31,124700	28,699829	32,839377	-2,670651	1,194132	1,050451	198095,783080	-0,178323	19,203921	-0,026063	0,000000	2,046794	-0,124313	-0,124309	14,078286	-0,008581	6,689504	1,804715
103,400000	7,916120	7,946480	2,534472	0,396094	3,762815	-3282,222378	889,030801	-2993,657824	9,266742	960,878509	32,005338	28,761614	31,123901	28,697413	32,839911	-2,670525	1,192143	1,051129	198039,953553	-0,178681	19,204997	-0,026029	0,000000	2,046029	-0,124316	-0,124308	14,083481	-0,008557	6,671732	1,805384
103,600000	7,914588	7,944886	2,504476	0,395694	3,770971	-3222,520028	888,417951	-2993,749106	9,264655	962,819053	32,000562	28,760360	31,123073	28,696888	32,845670	-2,670395	1,190593	1,050931	197938,769729	-0,178525	19,205603	-0,026308	0,000000	2,045099	-0,124315	-0,124308	14,099998	-0,008837	6,727911	1,807467
103,800000	7,913039	7,942977	2,508519	0,396506	3,774165	-3259,949598	888,282155	-2993,594041	9,262691	963,433763	32,002002	28,760689	31,120707	28,700123	32,846966	-2,670513	1,191003	1,050859	197912,211069	-0,178357	19,205918	-0,026538	0,000000	2,045550	-0,124311	-0,124310	14,105083	-0,008783	6,718763	1,808126
104,000000	7,911267	7,941270	2,525809	0,397485	3,772332	-3125,630324	888,933893	-2993,399321	9,261033	961,558945	32,008068	28,762790	31,117974	28,705670	32,838733	-2,670768	1,191399	1,051248	197936,286173	-0,177788	19,206337	-0,026462	0,000000	2,046825	-0,124310	-0,124312	14,088894	-0,008275	6,684544	1,806115
104,200000	7,909266	7,939637	2,504349	0,398173	3,766096	-2991,243648	889,702132	-2993,377079	9,259301	959,884527	32,012949	28,763784	31,117657	28,709033	32,828376	-2,670949	1,193276	1,050451	197974,526594	-0,176920	19,207069	-0,026245	0,000000	2,047496	-0,124311	-0,124316	14,074499	-0,007896	6,724512	1,804317
104,400000	7,907025	7,938077	2,504348	0,398628	3,754821	-3004,212248	889,995804	-2993,424985	9,257315	959,609012	32,012745	28,763256	31,122350	28,708857	32,823941	-2,670818	1,196899	1,050397	198003,913262	-0,177091	19,207856	-0,026074	0,000000	2,047520	-0,124311	-0,124317	14,072349	-0,008054	6,723730	1,804021
104,600000	7,905141	7,936740	2,531031	0,398563	3,741404	-2827,974802	889,576070	-2993,496709	9,255366	959,777053	32,006515	28,761330	31,129323	28,705904	32,826681	-2,670602	1,200456	1,051291	197997,935455	-0,177958	19,208557	-0,026052	0,000000	2,047327	-0,124307	-0,124311	14,074374	-0,008671	6,672315	1,804201
104,800000	7,903816	7,935000	2,525895	0,398296	3,735582	-2726,400979	888,540559	-2993,659696	9,253345	958,978304	31,999279	28,757683	31,131249	28,700463	32,831743	-2,670547	1,202037	1,051545	197966,854607	-0,178731	19,208841	-0,026008	0,000000	2,047015	-0,124304	-0,124305	14,068126	-0,009113	6,680964	1,803343
105,000000	7,902229	7,932900	2,513480	0,398342	3,741907	-2990,267591	888,244904	-2993,782459	9,250994	956,889218	31,997380	28,756636	31,128066	28,697463	32,834512	-2,670587	1,201606	1,051143	197915,278218	-0,178663	19,208608	-0,025915	0,000000	2,046812	-0,124309	-0,124305	14,050586	-0,009082	6,702885	1,801097
105,200000	7,900318	7,931161	2,522629	0,399222	3,751089	-3072,269761	889,063121	-2993,713978	9,248863	956,266619	31,997036	28,759441	31,125559	28,700815	32,834711	-2,670631	1,201029	1,050843	197865,481603	-0,177966	19,208696	-0,025858	0,000000	2,046783	-0,124314	-0,124312	14,045328	-0,009046	6,684067	1,800428
105,400000	7,898593	7,930024	2,505656	0,400931	3,752051	-2862,279146	889,496203	-2993,638260	9,247214	958,225554	31,991759	28,762150	31,126245	28,702988	32,833167	-2,670661	1,199546	1,051297	197859,237453	-0,177776	19,209565	-0,025677	0,000000	2,046821	-0,124316	-0,124316	14,061654	-0,008948	6,715858	1,802534
105,600000	7,897167	7,929096	2,483189	0,402393	3,746211	-2794,612677	889,387247	-2993,636984	9,245365	959,971871	31,982109	28,763396	31,131512	28,697634	32,833224	-2,670699	1,197904	1,051189	197899,497908	-0,178029	19,210400	-0,025602	0,000000	2,046969	-0,124319	-0,124311	14,076134	-0,008799	6,758897	1,804411
105,800000	7,896224	7,927748	2,512050	0,402115	3,742002	-2800,870754	889,190114	-2993,706032	9,243286	960,203408	31,974910	28,762811	31,139283	28,690011	32,838827	-2,670551	1,197100	1,050736	197921,863341	-0,178453	19,210187	-0,025890	0,000000	2,047047	-0,124324	-0,124303	14,078287	-0,009014	6,702401	1,804659
106,000000	7,895344	7,925810	2,528459	0,400348	3,745094	-2726,844837	888,757708	-2993,891063	9,241343	959,942739	31,974358	28,760682	31,142545	28,686682	32,845275	-2,670291	1,195152	1,051154	197871,347522	-0,178912	19,209136	-0,026042	0,000000	2,046282	-0,124320	-0,124299	14,076248	-0,009158	6,669507	1,804379
106,200000	7,894014	7,923714	2,504580	0,400097	3,755922	-2752,825240	888,501424	-2993,946456	9,239466	959,864463	31,977237	28,760421	31,137959	28,688737	32,846188	-2,670254	1,192458	1,050983	197811,188368	-0,178821	19,208605	-0,025954	0,000000	2,045396	-0,124310	-0,124300	14,075073	-0,008638	6,713131	1,804295
106,400000	7,892506	7,921999	2,511827	0,400948	3,763422	-2780,777020	888,707783	-2993,748622	9,237726	959,948069	31,979835	28,762018	31,130767	28,693410	32,843259	-2,670431	1,192093	1,050583	197802,799781	-0,178247	19,209228	-0,026159	0,000000	2,045708	-0,124302	-0,124303	14,075038	-0,007903	6,697996	1,804385
106,600000	7,890963	7,920592	2,525439	0,399433	3,757001	-2558,299032	889,037354	-2993,605600	9,235824	959,982663	31,982128	28,761347	31,125970	28,696132	32,840892	-2,670668	1,192553	1,051008	197799,594112	-0,178203	19,210187	-0,026295	0,000000	2,046447	-0,124303	-0,124304	14,075255	-0,007830	6,671298	1,804422
106,800000	7,889290	7,919045	2,498257	0,397011	3,745564	-2383,092250	889,257099	-2993,727354	9,233640	959,924999	31,983185	28,759136	31,126493	28,695580	32,842033	-2,670698	1,190798	1,050583	197779,433721	-0,179020	19,210750	-0,026024	0,000000	2,046644	-0,124306	-0,124306	14,075342	-0,008400	6,722273	1,804360
107,000000	7,887579	7,917290	2,496795	0,396378	3,744902	-2366,102955	889,257238	-2993,867851	9,231479	959,857646	31,980917	28,757596	31,131848	28,694157	32,845991	-2,670469	1,190252	1,050438	197767,659715	-0,179793	19,210941	-0,025723	0,000000	2,046315	-0,124307	-0,124309	14,075332	-0,008954	6,723981	1,804288
107,200000	7,885688	7,915471	2,524185	0,397033	3,753856	-2129,855087	888,999598	-2993,808864	9,229423	960,722398	31,977736	28,756410	31,132063	28,693349	32,847258	-2,670445	1,192149	1,051771	197773,673450	-0,180132	19,211084	-0,025773	0,000000	2,045801	-0,124306	-0,124313	14,082728	-0,009110	6,670393	1,805217
107,400000	7,883658	7,913539	2,509499	0,397466	3,760104	-1941,083886	888,847481	-2993,681678	9,227445	961,962565	31,979240	28,755969	31,123258	28,695120	32,843170	-2,670709	1,192296	1,051424	197782,737193	-0,180290	19,211352	-0,025972	0,000000	2,045598	-0,124303	-0,124312	14,092880	-0,008884	6,696783	1,806548
107,600000	7,881860	7,911793	2,495422	0,397436	3,757452	-2105,606931	889,257207	-2993,500799	9,225484	960,510901	31,986392	28,758382	31,114285	28,699374	32,838106	-2,670809	1,191964	1,050702	197780,098109	-0,180008	19,211893	-0,025985	0,000000	2,046006	-0,124301	-0,124308	14,080349	-0,008502	6,722393	1,804990
107,800000	7,879993	7,910623	2,520338	0,397975	3,748681	-2225,864719	890,062974	-2993,276197	9,223645	957,982048	31,989988	28,762952	31,114059	28,701280	32,835407	-2,670684	1,193541	1,051130	197783,077346	-0,179293	19,212881	-0,026234	0,000000	2,046590	-0,124305	-0,124310	14,058896	-0,008231	6,674126	1,802273
108,000000	7,877859	7,909497	2,516908	0,398448	3,742030	-2320,610852	890,282226	-2993,253696	9,221792	958,202773	31,983166	28,764131	31,123393	28,698534	32,835043	-2,670716	1,196116	1,050505	197792,364493	-0,178496	19,213760	-0,026728	0,000000	2,046865	-0,124306	-0,124312	14,060840	-0,008325	6,680282	1,802510
108,200000	7,876165	7,907875	2,492349	0,398475	3,741181	-2660,256799	889,525541	-2993,421984	9,219800	959,642150	31,972958	28,761971	31,131531	28,695307	32,835602	-2,670888	1,198460	1,049987	197797,383591	-0,178068	19,213782	-0,026927	0,000000	2,046954	-0,124299	-0,124310	14,073176	-0,008603	6,726313	1,804057
108,400000	7,875056	7,906170	2,512702	0,399238	3,741321	-2873,513505	888,829592	-2993,526300	9,217950	960,143983	31,969129	28,760769	31,131584	28,697586	32,836678	-2,670851	1,199118	1,049897	197792,284358	-0,178083	19,213188	-0,026738	0,000000	2,046673	-0,124293	-0,124308	14,077354	-0,008578	6,685844	1,804596
108,600000	7,873854	7,904573	2,526421	0,400504	3,739994	-2724,072051	888,885479	-2993,543459	9,216131	960,073966	31,971674	28,760523	31,131403	28,704262	32,837656	-2,670736	1,198196	1,050497	197815,314542	-0,177947	19,212776	-0,026500	0,000000	2,046616	-0,124295	-0,124310	14,076482	-0,008293	6,658472	1,804520
108,800000	7,872085	7,902896	2,499317	0,400778	3,744912	-2544,724862	889,299733	-2993,582984	9,214105	959,075392	31,974682	28,760784	31,133066	28,707309	32,833773	-2,670823	1,196880	1,051157	197870,308123	-0,177537	19,212889	-0,026373	0,000000	2,047381	-0,124305	-0,124315	14,067925	-0,008099	6,708895	1,803448
109,000000	7,870076	7,901295	2,503518	0,399611	3,755450	-2424,909492	889,447249	-2993,692967	9,212190	956,935594	31,973819	28,761612	31,133286	28,703269	32,827492	-2,670859	1,196661	1,050215	197860,470008	-0,177241	19,213183	-0,026173	0,000000	2,047837	-0,124316	-0,124316	14,050099	-0,008206	6,699725	1,801147
109,200000	7,868527	7,899774	2,519672	0,399054	3,757567	-2239,335202	889,196757	-2993,871192	9,210272	955,400011	31,967905	28,761762	31,138241	28,695454	32,828151	-2,670655	1,195581	1,050105	197790,885292	-0,177898	19,213420	-0,026000	0,000000	2,047421	-0,124322	-0,124313	14,037770	-0,008758	6,667994	1,799495
109,400000	7,867090	7,898125	2,501033	0,401963	3,749857	-2243,241662	888,870254	-2994,025602	9,208075	956,060331	31,960805	28,761527	31,144878	28,689246	32,836970	-2,670413	1,193189	1,050430	197744,408929	-0,178982	19,213639	-0,025953	0,000000	2,046939	-0,124319	-0,124310	14,044122	-0,009570	6,702511	1,800206
109,600000	7,865567	7,896401	2,502278	0,407671	3,744280	-2443,264175	888,773862	-2993,970587	9,206139	958,359284	31,956470	28,761577	31,142589	28,687963	32,846312	-2,670420	1,192467	1,050478	197746,867619	-0,179156	19,213845	-0,025872	0,000000	2,046814	-0,124313	-0,124309	14,063718	-0,009892	6,698843	1,802678
109,800000	7,864402	7,894817	2,530283	0,443058	3,745664	-2436,274972	888,890386	-2993,777725	9,204574	959,998269	31,956248	28,760225	31,136233	28,688998	32,850806	-2,670616	1,193516	1,051276	197759,978895	-0,179068	19,214095	-0,025904	0,000000	2,046546	-0,124310	-0,124307	14,077133	-0,009577	6,644446	1,804439
110,000000	7,862941	7,893414	2,527060	0,486094	3,751589	-2498,254381	889,068587	-2993,717068	9,202741	960,159793	31,957684	28,759007	31,133246	28,689410	32,849463	-2,670679	1,194072	1,050947	197759,933469	-0,179071	19,214164	-0,026014	0,000000	2,046302	-0,124312	-0,124304	14,078252	-0,009344	6,649458	1,804613
110,200000	7,860682	7,891917	2,508555	0,460581	3,755804	-2923,540141	888,990932	-2993,802621	9,200600	959,021259	31,954461	28,760348	31,133350	28,691028	32,844213	-2,670626	1,192824	1,050333	197763,213805	-0,178822	19,213833	-0,025933	0,000000	2,046240	-0,124315	-0,124303	14,068622	-0,009250	6,683289	1,803389
110,400000	7,858669	7,889990	2,515020	0,406160	3,750430	-3145,423711	888,284510	-2993,855409	9,198635	957,700423	31,947885	28,760675	31,134480	28,690151	32,840844	-2,670604	1,192163	1,050434	197780,331937	-0,179376	19,213451	-0,025722	0,000000	2,046072	-0,124315	-0,124307	14,057427	-0,009123	6,669423	1,801970
110,600000	7,857441	7,887773	2,501145	0,387313	3,737764	-2932,943273	887,444846	-2993,829141	9,196855	958,306252	31,945967	28,758230	31,132196	28,683009	32,841464	-2,670715	1,192913	1,050598	197819,347337	-0,180322	19,213599	-0,025711	0,000000	2,045894	-0,124312	-0,124308	14,062593	-0,009211	6,694261	1,802621
110,800000	7,856164	7,885855	2,473177	0,389583	3,730775	-2631,089726	887,511004	-2993,763809	9,194964	959,662440	31,952452	28,756822	31,125476	28,679265	32,843787	-2,670884	1,194723	1,050452	197862,790048	-0,179933	19,214532	-0,026098	0,000000	2,045450	-0,124310	-0,124303	14,074112	-0,009368	6,746964	1,804078
111,000000	7,854448	7,884473	2,496267	0,394748	3,731706	-2327,088477	888,516815	-2993,695470	9,192974	960,065342	31,960649	28,758555	31,119344	28,685571	32,844712	-2,670904	1,197217	1,049621	197850,552417	-0,179088	19,215973	-0,026528	0,000000	2,045159	-0,124309	-0,124301	14,077356	-0,009239	6,701650	1,804511
111,200000	7,852516	7,883173	2,512908	0,397653	3,736077	-1994,488033	889,309663	-2993,650799	9,191078	960,870865	31,961628	28,760320	31,117654	28,695200	32,840873	-2,670888	1,197305	1,050225	197856,198228	-0,179220	19,216992	-0,026606	0,000000	2,045979	-0,124307	-0,124306	14,083717	-0,008856	6,669172	1,805376
111,400000	7,850518	7,881723	2,494938	0,398274	3,745424	-1714,510067	889,182187	-2993,567690	9,189312	962,001018	31,955698	28,760096	31,120205	28,699641	32,836448	-2,670969	1,195063	1,050718	197946,138742	-0,180068	19,216868	-0,026531	0,000000	2,047202	-0,124307	-0,124312	14,092849	-0,008531	6,702417	1,806589
111,600000	7,849039	7,880230	2,504524	0,397684	3,755983	-1560,059090	888,837617	-2993,640464	9,187471	961,391790	31,948379	28,760141	31,123572	28,695834	32,838485	-2,670938	1,194604	1,049831	197948,985709	-0,180452	19,216132	-0,026476	0,000000	2,047425	-0,124311	-0,124313	14,087561	-0,008341	6,682758	1,805935
111,800000	7,848147	7,878853	2,521520	0,396613	3,759391	-1577,204054	888,773110	-2993,904020	9,185523	960,058287	31,944109	28,761659	31,127530	28,686971	32,843913	-2,670664	1,197180	1,050212	197865,067143	-0,180148	19,215705	-0,026224	0,000000	2,046784	-0,124317	-0,124310	14,076402	-0,008344	6,649349	1,804504
112,000000	7,846838	7,877478	2,516608	0,395918	3,754130	-1800,479831	888,762744	-2993,903447	9,183715	960,525596	31,943659	28,763291	31,130424	28,681449	32,847329	-2,670480	1,199022	1,050638	197830,400829	-0,179995	19,215512	-0,025972	0,000000	2,046244	-0,124318	-0,124306	14,080731	-0,008760	6,657571	1,805005
112,200000	7,844844	7,875601	2,516580	0,396066	3,744866	-2113,046581	888,712161	-2993,654206	9,182072	961,836790	31,943901	28,763532	31,127176	28,683547	32,845705	-2,670712	1,197551	1,050360	197858,617174	-0,180065	19,215105	-0,026093	0,000000	2,046121	-0,124315	-0,124303	14,091933	-0,008989	6,655995	1,806413
112,400000	7,842889	7,873537	2,525936	0,396612	3,737535	-2228,854307	888,543296	-2993,526602	9,180336	961,376250	31,944258	28,762372	31,121311	28,688514	32,840821	-2,670955	1,195553	1,050108	197899,107024	-0,180057	19,214982	-0,026266	0,000000	2,046067	-0,124314	-0,124303	14,087807	-0,008717	6,636625	1,805919
112,600000	7,841062	7,871726	2,512562	0,397025	3,732848	-2399,767066	888,445831	-2993,653473	9,178304	960,049941	31,944516	28,761744	31,118958	28,691548	32,838766	-2,670876	1,196494	1,049694	197893,473999	-0,179944	19,215643	-0,026117	0,000000	2,046215	-0,124317	-0,124304	14,076672	-0,008684	6,660746	1,804495
112,800000	7,839119	7,869854	2,490960	0,397424	3,730041	-2965,324057	888,147505	-2993,849048	9,176186	959,630585	31,941313	28,761242	31,122997	28,691327	32,839730	-2,670918	1,199090	1,049868	197877,537822	-0,180117	19,216559	-0,025962	0,000000	2,046503	-0,124319	-0,124308	14,073365	-0,008889	6,701003	1,804044
113,000000	7,837567	7,867836	2,508721	0,397480	3,728280	-3377,352151	887,158307	-2993,909337	9,174322	958,898118	31,937752	28,757667	31,128572	28,690877	32,840112	-2,671108	1,200369	1,050548	197873,779529	-0,180791	19,217185	-0,026005	0,000000	2,046208	-0,124313	-0,124312	14,066906	-0,008565	6,665952	1,803257
113,200000	7,836537	7,866007	2,520294	0,396759	3,728779	-3318,941088	886,657474	-2993,897480	9,172519	957,027626	31,939268	28,754280	31,127194	28,694572	32,839106	-2,671204	1,200492	1,050971	197866,299195	-0,181184	19,217662	-0,026079	0,000000	2,045759	-0,124303	-0,124315	14,050333	-0,007669	6,642855	1,801246
113,400000	7,835769	7,865116	2,498257	0,396134	3,735186	-3221,030256	887,690791	-2993,876970	9,170562	955,637280	31,946021	28,756107	31,120310	28,699868	32,836793	-2,671245	1,201056	1,050637	197868,376786	-0,180370	19,218135	-0,026165	0,000000	2,045980	-0,124298	-0,124321	14,038056	-0,007053	6,684037	1,799750
113,600000	7,835466	7,865628	2,503120	0,396602	3,742057	-3182,795340	889,085464	-2993,849717	9,168691	955,459594	31,952228	28,760296	31,114896	28,702016	32,833280	-2,671267	1,202086	1,050658	197901,910321	-0,179337	19,218270	-0,026288	0,000000	2,046770	-0,124305	-0,124322	14,036764	-0,007252	6,674969	1,799559
113,800000	7,836054	7,866734	2,506235	0,397368	3,740885	-3128,125906	889,425591	-2993,804751	9,167016	956,524870	31,950989	28,762574	31,116105	28,699781	32,829809	-2,671324	1,201961	1,050422	197944,131648	-0,179495	19,216906	-0,026326	0,000000	2,047294	-0,124315	-0,124317	14,046109	-0,007660	6,669369	1,800705
114,000000	7,837355	7,867980	2,478703	0,397609	3,737156	-3236,773717	888,719135	-2993,796822	9,165458	958,700752	31,943503	28,762477	31,122728	28,696094	32,830035	-2,671197	1,200287	1,049523	197911,263373	-0,179711	19,212997	-0,026092	0,000000	2,046832	-0,124319	-0,124308	14,064649	-0,007961	6,721929	1,803045
114,200000	7,838873	7,869578	2,486543	0,398052	3,738796	-3316,903770	887,979835	-2993,851985	9,163749	960,117178	31,936104	28,761329	31,128293	28,693970	32,835939	-2,670875	1,199438	1,050486	197853,859570	-0,179630	19,207309	-0,025717	0,000000	2,045843	-0,124317	-0,124302	14,077088	-0,008536	6,706176	1,804567
114,400000	7,840685	7,871058	2,512047	0,398378	3,739889	-3099,660273	887,828451	-2993,831443	9,161941	960,201455	31,933426	28,760519	31,128209	28,692492	32,840550	-2,670826	1,200023	1,051301	197859,753797	-0,179737	19,200981	-0,025714	0,000000	2,045502	-0,124313	-0,124307	14,078053	-0,008797	6,656370	1,804657
114,600000	7,842382	7,872260	2,506281	0,397886	3,736558	-2958,482652	887,999913	-2993,701884	9,160217	959,997562	31,934693	28,760508	31,124279	28,691114	32,838280	-2,671177	1,200393	1,050420	197876,031080	-0,179190	19,194180	-0,026014	0,000000	2,046260	-0,124308	-0,124314	14,075975	-0,008425	6,665782	1,804438
114,800000	7,843632	7,873720	2,507414	0,397032	3,732912	-3034,555243	888,254153	-2993,658354	9,158223	959,890636	31,935915	28,761306	31,123876	28,690513	32,832402	-2,671397	1,200397	1,049854	197878,705540	-0,178567	19,187157	-0,026101	0,000000	2,047042	-0,124307	-0,124314	14,075017	-0,008363	6,662260	1,804323
115,000000	7,844967	7,875793	2,504104	0,396693	3,732587	-2880,675773	888,717714	-2993,821501	9,156182	959,830574	31,935112	28,761942	31,128828	28,691309	32,830206	-2,671195	1,200644	1,049649	197879,929786	-0,178546	19,180448	-0,025969	0,000000	2,047291	-0,124311	-0,124312	14,075071	-0,008920	6,667883	1,804259
115,200000	7,846648	7,878039	2,461556	0,397166	3,733299	-2575,740947	889,037363	-2993,975538	9,154528	959,805857	31,931256	28,761161	31,131764	28,692109	32,834497	-2,671017	1,201032	1,050230	197882,165604	-0,179000	19,174049	-0,025947	0,000000	2,047467	-0,124311	-0,124312	14,075278	-0,009334	6,749459	1,804232
115,400000	7,848727	7,879786	2,453879	0,397771	3,728365	-2421,822359	888,773177	-2993,948252	9,152940	959,836559	31,928427	28,760316	31,128840	28,690611	32,839280	-2,670973	1,200674	1,050935	197880,719655	-0,179662	19,167026	-0,026108	0,000000	2,047382	-0,124306	-0,124314	14,075344	-0,009143	6,763284	1,804265
115,600000	7,851108	7,881258	2,496666	0,397613	3,719391	-2287,180814	888,729997	-2993,852612	9,151125	959,900641	31,932680	28,760392	31,124188	28,689748	32,839008	-2,670974	1,200670	1,050390	197865,309149	-0,179507	19,159062	-0,026237	0,000000	2,046969	-0,124305	-0,124316	14,075328	-0,008590	6,678681	1,804334
115,800000	7,853337	7,883404	2,514243	0,396840	3,716746	-2102,090696	889,487013	-2993,751600	9,149317	959,066457	31,938986	28,760663	31,122175	28,694014	32,835752	-2,671108	1,200868	1,050644	197847,676644	-0,179010	19,151354	-0,026257	0,000000	2,046750	-0,124309	-0,124318	14,067892	-0,008140	6,644132	1,803438
116,000000	7,855272	7,886394	2,507318	0,397289	3,723960	-2013,635905	890,046753	-2993,657070	9,147686	956,961066	31,938356	28,760990	31,123436	28,698513	32,832388	-2,671041	1,199347	1,050966	197853,350965	-0,179129	19,144243	-0,026112	0,000000	2,046732	-0,124309	-0,124320	14,050312	-0,008206	6,657055	1,801175
116,200000	7,857324	7,889229	2,505063	0,398545	3,732084	-2084,480287	889,752519	-2993,558908	9,146155	956,301989	31,929640	28,761419	31,127294	28,695053	32,830387	-2,670743	1,197991	1,050562	197906,696697	-0,179179	19,136583	-0,025839	0,000000	2,046847	-0,124307	-0,124319	14,045273	-0,008694	6,660880	1,800466
116,400000	7,859606	7,891446	2,486587	0,398094	3,730265	-2371,409014	889,129076	-2993,544603	9,144482	958,206091	31,919301	28,762436	31,131362	28,685614	32,833753	-2,670682	1,198626	1,051023	197934,380525	-0,178937	19,127717	-0,025781	0,000000	2,047178	-0,124310	-0,124312	14,061687	-0,009144	6,694848	1,802513
116,600000	7,862084	7,893515	2,466519	0,396582	3,720216	-2797,406760	888,763944	-2993,726074	9,142352	959,930496	31,913585	28,763417	31,133836	28,679172	32,840061	-2,670857	1,200914	1,050996	197862,768754	-0,178762	19,118180	-0,025879	0,000000	2,046867	-0,124312	-0,124302	14,076157	-0,009169	6,731884	1,804366
116,800000	7,864854	7,895963	2,493877	0,395802	3,710293	-2930,940131	888,536819	-2993,868946	9,140318	959,333648	31,913465	28,762626	31,134622	28,680753	32,841731	-2,670980	1,203343	1,051241	197800,252497	-0,178740	19,109316	-0,025898	0,000000	2,046248	-0,124312	-0,124299	14,070872	-0,008883	6,677905	1,803725
117,000000	7,867700	7,898679	2,521372	0,395516	3,708119	-2637,859406	888,479036	-2993,782119	9,138804	956,985046	31,915400	28,761037	31,132887	28,686481	32,838546	-2,671057	1,204308	1,052185	197829,546788	-0,179508	19,101343	-0,025980	0,000000	2,046434	-0,124310	-0,124305	14,051252	-0,008945	6,624976	1,801200
117,200000	7,870431	7,901267	2,502569	0,395449	3,716771	-2334,720856	888,524258	-2993,683740	9,137158	955,335264	31,916491	28,760078	31,129985	28,689956	32,836112	-2,671091	1,203520	1,051381	197872,767529	-0,180721	19,093047	-0,025996	0,000000	2,046861	-0,124309	-0,124312	14,037619	-0,009150	6,659579	1,799425
117,400000	7,873139	7,903637	2,495217	0,396020	3,729722	-2269,808185	888,446010	-2993,746805	9,135271	955,204988	31,916999	28,759278	31,129611	28,688773	32,839127	-2,670972	1,201635	1,050161	197876,404705	-0,180965	19,084093	-0,025994	0,000000	2,047012	-0,124312	-0,124314	14,036423	-0,009047	6,672259	1,799285
117,600000	7,875906	7,906026	2,507885	0,396931	3,738351	-2261,762081	888,582929	-2993,923671	9,133420	955,493911	31,914710	28,759027	31,132208	28,684507	32,844963	-2,670786	1,200296	1,049950	197864,806529	-0,180163	19,075187	-0,026059	0,000000	2,046800	-0,124311	-0,124308	14,038651	-0,008851	6,646891	1,799596
117,800000	7,878666	7,908783	2,493515	0,397504	3,741106	-2329,057064	888,646925	-2993,941821	9,131675	955,646084	31,910039	28,758332	31,130850	28,681491	32,847340	-2,670742	1,200922	1,050203	197873,673634	-0,179372	19,066591	-0,026069	0,000000	2,046302	-0,124310	-0,124302	14,039708	-0,008631	6,673303	1,799760
118,000000	7,881496	7,911607	2,483027	0,397570	3,736561	-2460,461215	888,451585	-2993,719014	9,129984	955,651518	31,910683	28,757321	31,121983	28,683381	32,844427	-2,670786	1,203059	1,051137	197890,980329	-0,178956	19,057757	-0,026144	0,000000	2,045866	-0,124310	-0,124304	14,039663	-0,008540	6,692265	1,799766
118,200000	7,884255	7,914194	2,499767	0,397585	3,721272	-2347,253814	888,755068	-2993,536821	9,128150	955,634138	31,917109	28,759178	31,114199	28,689018	32,839618	-2,670806	1,203087	1,051243	197887,858818	-0,178408	19,048465	-0,026209	0,000000	2,045797	-0,124309	-0,124310	14,039439	-0,008462	6,658704	1,799747
118,400000	7,886817	7,917005	2,506036	0,398132	3,702733	-2077,710931	889,448940	-2993,484050	9,126371	955,645188	31,918741	28,762423	31,115820	28,690723	32,838618	-2,670766	1,200810	1,050723	197898,410194	-0,177886	19,039123	-0,026153	0,000000	2,046351	-0,124307	-0,124313	14,039365	-0,008296	6,645588	1,799759
118,600000	7,889634	7,920181	2,497320	0,398286	3,698073	-1972,959550	889,596145	-2993,477906	9,124768	955,659243	31,912314	28,763492	31,123171	28,684468	32,840780	-2,670641	1,199671	1,050882	197936,284028	-0,177816	19,030048	-0,026035	0,000000	2,047172	-0,124308	-0,124313	14,039381	-0,008194	6,661505	1,799774
118,800000	7,892771	7,923418	2,496068	0,397494	3,712980	-2032,704809	889,151839	-2993,560657	9,123045	955,655483	31,904063	28,761398	31,128946	28,678553	32,841771	-2,670595	1,199232	1,051081	197950,019145	-0,178138	19,020814	-0,026081	0,000000	2,047511	-0,124309	-0,124311	14,039402	-0,008246	6,663257	1,799770
119,000000	7,895796	7,926533	2,490039	0,396836	3,734970	-2251,107824	888,496645	-2993,758028	9,121156	955,626669	31,899711	28,757597	31,130101	28,681575	32,842389	-2,670709	1,198105	1,051427	197913,431404	-0,178534	19,010934	-0,026161	0,000000	2,046854	-0,124306	-0,124307	14,039406	-0,008493	6,673755	1,799739
119,200000	7,898664	7,929376	2,479184	0,396695	3,744903	-2698,295124	888,067683	-2993,845455	9,119266	955,600977	31,901458	28,755870	31,125739	28,689691	32,842118	-2,670881	1,197224	1,051686	197923,475575	-0,178662	19,000808	-0,025896	0,000000	2,046318	-0,124302	-0,124302	14,039404	-0,008706	6,693109	1,799711
119,400000	7,901590	7,932179	2,487779	0,396805	3,734832	-3013,958517	888,177180	-2993,706166	9,117553	954,715882	31,906134	28,757331	31,120585	28,693086	32,837422	-2,670961	1,195046	1,051315	198037,638023	-0,178556	18,990853	-0,025677	0,000000	2,046904	-0,124301	-0,124306	14,031985	-0,008714	6,675053	1,798759
119,600000	7,904560	7,935093	2,488883	0,396975	3,713544	-2886,217782	888,542053	-2993,604987	9,116040	952,639747	31,907786	28,759896	31,120084	28,689474	32,832370	-2,670915	1,188446	1,050887	198113,930043	-0,178329	18,981188	-0,025804	0,000000	2,047500	-0,124305	-0,124315	14,014409	-0,008573	6,671655	1,796522
119,800000	7,907783	7,938054	2,482803	0,397213	3,695212	-2529,703918	888,817832	-2993,725064	9,114397	951,158067	31,905022	28,761272	31,125749	28,684369	32,833905	-2,670751	1,184014	1,050388	198102,473144	-0,178177	18,971968	-0,025842	0,000000	2,047404	-0,124311	-0,124316	14,001950	-0,008565	6,682379	1,794925
120,000000	7,911368	7,941374	2,498963	0,397258	3,689222	-2209,271319	888,860591	-2993,835348	9,112588	950,984211	31,901502	28,760141	31,131321	28,681691	32,841882	-2,670435	1,189033	1,050113	198101,347070	-0,178270	18,962986	-0,025880	0,000000	2,046851	-0,124312	-0,124310	14,000788	-0,008865	6,650965	1,794738
120,200000	7,914921	7,944977	2,503186	0,397000	3,700451	-2036,367859	888,557378	-2993,735097	9,110824	952,063814	31,899105	28,758209	31,127288	28,682058	32,847991	-2,670402	1,196831	1,051205	198128,617913	-0,178045	18,953610	-0,026151	0,000000	2,046355	-0,124306	-0,124307	14,010215	-0,009218	6,642290	1,795902
120,400000	7,918336	7,948347	2,480476	0,396486	3,727019	-2138,494363	888,330109	-2993,574476	9,109196	954,291486	31,899889	28,757982	31,119408	28,684893	32,845879	-2,670823	1,200684	1,051816	198125,494640	-0,177412	18,943234	-0,026373	0,000000	2,046142	-0,124304	-0,124309	14,028761	-0,009053	6,684362	1,798302
120,600000	7,921628	7,951476	2,469405	0,396074	3,746980	-2448,841459	888,715414	-2993,519189	9,107626	954,960694	31,902777	28,760068	31,119352	28,687540	32,840327	-2,671065	1,202505	1,050804	198082,749735	-0,177116	18,932090	-0,026426	0,000000	2,046151	-0,124310	-0,124310	14,033768	-0,008443	6,704068	1,799022
120,800000	7,924707	7,954642	2,485169	0,396726	3,737290	-2601,066087	889,209974	-2993,606628	9,105951	953,003000	31,900372	28,762667	31,128439	28,689140	32,836606	-2,670921	1,202886	1,049928	198065,463281	-0,177255	18,921431	-0,026247	0,000000	2,046545	-0,124315	-0,124310	14,017152	-0,008264	6,672466	1,796914
121,000000	7,927822	7,958003	2,501744	0,397704	3,706370	-2577,740594	888,809162	-2993,795521	9,104144	951,224897	31,892728	28,762410	31,135938	28,687593	32,835340	-2,670803	1,199800	1,050001	198077,018693	-0,177801	18,911835	-0,025989	0,000000	2,047024	-0,124314	-0,124310	14,002615	-0,008668	6,640155	1,794997
121,200000	7,931176	7,961555	2,507753	0,397329	3,686031	-2606,380546	888,007087	-2993,947531	9,102415	950,045091	31,888443	28,759794	31,133293	28,681680	32,836973	-2,670847	1,193876	1,050195	198073,574348	-0,178540	18,902517	-0,026032	0,000000	2,047010	-0,124310	-0,124307	13,993079	-0,009053	6,628138	1,793725
121,400000	7,934425	7,965155	2,514574	0,396122	3,693887	-2604,505823	888,160662	-2993,905376	9,100845	949,069851	31,892749	28,758972	31,127062	28,678126	32,840493	-2,670825	1,190215	1,050174	198086,203102	-0,179148	18,892505	-0,026138	0,000000	2,046387	-0,124309	-0,124302	13,984985	-0,009163	6,614301	1,792672
121,600000	7,937629	7,968812	2,497837	0,395748	3,722007	-2678,101503	888,970412	-2993,771131	9,099126	949,835042	31,899944	28,760928	31,123789	28,681002	32,842207	-2,670722	1,190864	1,050652	198088,420525	-0,179684	18,881848	-0,025935	0,000000	2,045627	-0,124309	-0,124302	13,991278	-0,009019	6,644829	1,793498
121,800000	7,941045	7,972582	2,470255	0,396238	3,752587	-2983,257262	889,352949	-2993,706270	9,097338	950,326733	31,900911	28,762263	31,123425	28,686795	32,839376	-2,670743	1,192545	1,050677	198077,578725	-0,179606	18,871264	-0,025674	0,000000	2,045991	-0,124310	-0,124309	13,995189	-0,008794	6,696718	1,794029
122,000000	7,944502	7,976371	2,486195	0,396747	3,766573	-3142,167247	889,295388	-2993,600880	9,095742	949,474095	31,897046	28,761520	31,125763	28,689503	32,836537	-2,670826	1,194233	1,050361	198114,323153	-0,178546	18,860678	-0,025678	0,000000	2,047387	-0,124314	-0,124314	13,987984	-0,008762	6,665219	1,793109
122,200000	7,948292	7,979816	2,493930	0,396769	3,755402	-2975,593351	889,156547	-2993,659539	9,094019	950,800468	31,892935	28,761478	31,127613	28,686703	32,840407	-2,670746	1,195869	1,050340	198121,911669	-0,177499	18,849677	-0,025781	0,000000	2,047802	-0,124316	-0,124309	13,999391	-0,009012	6,649170	1,794540
122,400000	7,952513	7,982971	2,469865	0,396417	3,730647	-2706,635567	888,972381	-2993,968340	9,092046	954,074604	31,889939	28,762003	31,128621	28,681539	32,846326	-2,670560	1,195765	1,049785	198079,362263	-0,177312	18,838683	-0,025818	0,000000	2,047108	-0,124314	-0,124304	14,027268	-0,009381	6,693789	1,798068
122,600000	7,956593	7,986532	2,484160	0,396574	3,712001	-2374,771270	889,056044	-2993,986332	9,090374	955,058548	31,891727	28,761546	31,127444	28,678385	32,846271	-2,670492	1,193381	1,049720	198046,535276	-0,177510	18,828348	-0,025935	0,000000	2,046481	-0,124312	-0,124304	14,035336	-0,009189	6,665274	1,799128
122,800000	7,960150	7,990386	2,497922	0,396912	3,712443	-2049,458263	889,462792	-2993,656081	9,089015	953,067831	31,895829	28,761554	31,119737	28,679358	32,841268	-2,670801	1,191463	1,050293	198040,868204	-0,177476	18,818561	-0,026089	0,000000	2,046310	-0,124309	-0,124306	14,018024	-0,008591	6,638258	1,796984
123,000000	7,963390	7,993868	2,481296	0,396756	3,729652	-1888,572797	889,505429	-2993,362175	9,087429	952,133278	31,897777	28,761137	31,114495	28,683129	32,836502	-2,671228	1,192814	1,049829	198055,484999	-0,177148	18,808695	-0,026160	0,000000	2,046493	-0,124308	-0,124309	14,010047	-0,008466	6,668975	1,795977
123,200000	7,966698	7,997365	2,494772	0,396963	3,747669	-1789,127984	889,342182	-2993,332937	9,085647	953,923334	31,898887	28,760315	31,118453	28,686122	32,835693	-2,671080	1,197409	1,049776	198044,501887	-0,176421	18,798505	-0,026087	0,000000	2,046725	-0,124309	-0,124313	14,025324	-0,008706	6,642330	1,797905
123,400000	7,970071	8,001184	2,515836	0,397428	3,748831	-1643,654114	889,165889	-2993,516955	9,083868	954,744869	31,895949	28,759666	31,126417	28,683734	32,838723	-2,670622	1,201042	1,050117	197997,834357	-0,176080	18,788264	-0,025845	0,000000	2,046876	-0,124308	-0,124315	14,032531	-0,009017	6,601898	1,798790
123,600000	7,973672	8,004838	2,512866	0,397101	3,733952	-1626,425244	888,402630	-2993,686607	9,082209	952,912659	31,889626	28,758144	31,131384	28,679669	32,842525	-2,670381	1,202346	1,049676	197956,125360	-0,177080	18,778050	-0,025634	0,000000	2,046636	-0,124307	-0,124309	14,017368	-0,009239	6,606722	1,796817
123,800000	7,977488	8,008443	2,515307	0,396221	3,721557	-1790,595440	887,843971	-2993,726180	9,080603	951,204461	31,887871	28,757347	31,128973	28,681870	32,845491	-2,670305	1,203582	1,050355	197936,598424	-0,178033	18,767942	-0,025499	0,000000	2,046115	-0,124308	-0,124301	14,002937	-0,009162	6,601189	1,794975
124,000000	7,981086	8,012089	2,520371	0,396012	3,724811	-1902,770665	888,337192	-2993,654189	9,078827	950,982403	31,892486	28,757494	31,123917	28,687651	32,846525	-2,670328	1,203092	1,051057	197936,036092	-0,177324	18,757943	-0,025397	0,000000	2,045965	-0,124309	-0,124302	14,000573	-0,008665	6,590732	1,794736
124,200000	7,984458	8,015520	2,507793	0,396693	3,738868	-2056,819810	889,221135	-2993,626538	9,077054	950,370270	31,897235	28,758253	31,122492	28,689763	32,843630	-2,670435	1,201573	1,050558	197976,323065	-0,176352	18,747828	-0,025581	0,000000	2,046447	-0,124310	-0,124309	13,995108	-0,008347	6,613294	1,794076
124,400000	7,987861	8,019105	2,499968	0,397182	3,746307	-2402,523014	889,704101	-2993,633768	9,075421	948,366323	31,896484	28,759960	31,126136	28,685336	32,839029	-2,670549	1,201112	1,049810	198021,943183	-0,176693	18,737850	-0,026003	0,000000	2,047136	-0,124312	-0,124310	13,978717	-0,008817	6,627247	1,791913
124,600000	7,991614	8,023082	2,521136	0,397109	3,738336	-2549,571876	889,670852	-2993,698438	9,073866	946,805778	31,890804	28,761410	31,131824	28,679163	32,839713	-2,670449	1,200244	1,049114	197983,042862	-0,177234	18,728172	-0,026129	0,000000	2,046987	-0,124314	-0,124305	13,966313	-0,009553	6,586969	1,790227
124,800000	7,995685	8,026746	2,523040	0,396621	3,727168	-2399,749651	889,136784	-2993,782961	9,072130	947,488325	31,884858	28,760992	31,134125	28,676615	32,846415	-2,670332	1,197976	1,049445	197929,462958	-0,177087	18,718325	-0,025973	0,000000	2,046014	-0,124316	-0,124301	13,972356	-0,009848	6,582682	1,790965
125,000000	7,999548	8,029813	2,493035	0,396407	3,729436	-2338,936938	888,492596	-2993,606543	9,070211	949,857721	31,883398	28,758802	31,130801	28,677192	32,849361	-2,670521	1,196191	1,049763	197948,058643	-0,177133	18,708303	-0,025954	0,000000	2,045611	-0,124312	-0,124302	13,991853	-0,009403	6,637959	1,793523
125,200000	8,003191	8,033077	2,498568	0,396575	3,745614	-2369,116180	888,389494	-2993,332622	9,068485	951,531590	31,887177	28,757674	31,124307	28,679159	32,843948	-2,670704	1,196434	1,049858	197975,217822	-0,177364	18,698723	-0,026081	0,000000	2,046325	-0,124306	-0,124306	14,005291	-0,008767	6,626340	1,795328
125,400000	8,006749	8,036922	2,514383	0,396598	3,762276	-2271,709158	888,818651	-2993,363224	9,066885	951,681870	31,891740	28,758143	31,120667	28,680420	32,836720	-2,670607	1,196838	1,050246	197979,457094	-0,177120	18,689694	-0,026194	0,000000	2,047180	-0,124307	-0,124309	14,006439	-0,008652	6,596031	1,795490
125,600000	8,010155	8,040977	2,498366	0,396965	3,771613	-2237,123457	889,374669	-2993,656072	9,065271	951,367492	31,893141	28,759392	31,122782	28,680339	32,834465	-2,670414	1,196739	1,049612	197978,332937	-0,176880	18,680563	-0,026089	0,000000	2,047265	-0,124312	-0,124310	14,004232	-0,009087	6,626017	1,795151
125,800000	8,013611	8,044852	2,503776	0,397295	3,770280	-2364,828353	889,681356	-2993,825957	9,063669	952,067396	31,891500	28,760779	31,125927	28,679610	32,837600	-2,670398	1,196650	1,049676	197987,963405	-0,176690	18,670678	-0,025848	0,000000	2,046690	-0,124313	-0,124307	14,010609	-0,009581	6,615154	1,795906
126,000000	8,017360	8,048294	2,523173	0,396924	3,756070	-2367,070747	889,309526	-2993,703091	9,062003	953,266745	31,890269	28,759751	31,125972	28,677445	32,842963	-2,670541	1,196251	1,050000	197998,174576	-0,176369	18,660425	-0,025711	0,000000	2,046200	-0,124312	-0,124306	14,020815	-0,009711	6,577621	1,797198
126,200000	8,021155	8,051498	2,506516	0,395966	3,741190	-2288,251336	888,952178	-2993,546275	9,060308	952,698123	31,893439	28,799153	31,123688	28,676333	32,846095	-2,670716	1,195860	1,049750	197986,334133	-0,176436	18,650755	-0,025706	0,000000	2,046164	-0,124313	-0,124305	14,015920	-0,009593	6,606882	1,796585
126,400000	8,024567	8,054928	2,499567	0,395255	3,742310	-2236,023883	889,462552	-2993,466450	9,058661	951,371130	31,898278	28,901082	31,121790	28,681551	32,845544	-2,670758	1,195635	1,050322	197944,522547	-0,176556	18,642236	-0,025895	0,000000	2,046268	-0,124313	-0,124303	14,004696	-0,009520	6,617175	1,795155
126,600000	8,028027	8,058665	2,525422	0,396076	3,756519	-2028,270505	890,136226	-2993,377785	9,056985	950,981975	31,898990	28,992735	31,122214	28,688432	32,844112	-2,670531	1,196503	1,050568	197892,469462	-0,175986	18,635893	-0,026154	0,000000	2,046482	-0,124310	-0,124307	14,001507	-0,009602	6,567055	1,794735
126,800000	8,031777	8,062467	2,517414	0,397424	3,766533	-1837,820094	889,959487	-2993,398861	9,055281	951,099817	31,893743	29,037449	31,125145	28,687519	32,842817	-2,670382	1,197934	1,050671	197881,992819	-0,175678	18,632067	-0,026196	0,000000	2,046883	-0,124310	-0,124313	14,002526	-0,009631	6,582503	1,794862
127,000000	8,035488	8,066313	2,492799	0,397550	3,765475	-1887,177506	889,081186	-2993,586033	9,053569	951,229656	31,886365	29,067299	31,129130	28,679691	32,843124	-2,670424	1,197617	1,050894	197889,013243	-0,176269	18,628436	-0,026111	0,000000	2,047293	-0,124317	-0,124312	14,003527	-0,009541	6,629879	1,795002
127,200000	8,039156	8,070104	2,511802	0,396681	3,758957	-1952,495456	888,814684	-2993,704520	9,051751	951,260893	31,883202	29,104358	31,132271	28,673790	32,845285	-2,670431	1,196172	1,050575	197835,297857	-0,176822	18,622563	-0,026138	0,000000	2,046872	-0,124319	-0,124310	14,003697	-0,009448	6,593896	1,795036
127,400000	8,042722	8,073333	2,533063	0,395717	3,753873	-1940,254092	889,199708	-2993,615564	9,050031	951,267519	31,885239	29,140388	31,133443	28,675739	32,844631	-2,670507	1,196676	1,050548	197761,121870	-0,176475	18,614780	-0,026303	0,000000	2,045906	-0,124311	-0,124308	14,003564	-0,009259	6,553005	1,795043
127,600000	8,045943	8,076452	2,527018	0,395608	3,753341	-2113,052550	889,567898	-2993,407142	9,048678	952,162466	31,888386	29,166358	31,130174	28,682222	32,838697	-2,670697	1,198152	1,050695	197755,573738	-0,175752	18,607081	-0,026466	0,000000	2,046148	-0,124305	-0,124310	14,010899	-0,009072	6,563144	1,796008
127,800000	8,049111	8,080193	2,534151	0,396442	3,754877	-2402,694253	889,837650	-2993,280421	9,047306	953,357509	31,891296	29,181872	31,124604	28,686305	32,833801	-2,670767	1,197218	1,050436	197758,742354	-0,175821	18,600343	-0,026393	0,000000	2,047075	-0,124305	-0,124313	14,021053	-0,009187	6,549753	1,797296
128,000000	8,052586	8,084045	2,548498	0,397202	3,757219	-2438,333110	889,897134	-2993,363471	9,045724	952,703128	31,893743	29,184884	31,124879	28,684495	32,837851	-2,670546	1,196756	1,050709	197711,398858	-0,176633	18,593624	-0,026175	0,000000	2,047402	-0,124311	-0,124314	14,015951	-0,009582	6,523604	1,796591
128,200000	8,056103	8,087552	2,521455	0,397324	3,765548	-2503,974470	889,750219	-2993,576997	9,044101	951,343957	31,892137	29,186767	31,130571	28,679264	32,846910	-2,670346	1,198993	1,050744	197673,770218	-0,176829	18,585905	-0,025961	0,000000	2,047449	-0,124316	-0,124312	14,004661	-0,009713	6,573643	1,795126
128,400000	8,059674	8,090912	2,493980	0,396976	3,778565	-2844,977421	889,384870	-2993,685467	9,042238	951,013313	31,887136	29,200355	31,132417	28,675408	32,850931	-2,670460	1,200348	1,050491	197672,089961	-0,176180	18,577339	-0,025796	0,000000	2,047349	-0,124314	-0,124308	14,001487	-0,009320	6,624518	1,794769
128,600000	8,063525	8,094213	2,519148	0,396588	3,784101	-2930,611020	889,243847	-2993,560573	9,040226	951,196589	31,885746	29,218501	31,128114	28,675638	32,847779	-2,670577	1,198903	1,051141	197679,521203	-0,175911	18,568868	-0,025847	0,000000	2,046905	-0,124308	-0,124308	14,002526	-0,008817	6,575994	1,794967
128,800000	8,067174	8,097516	2,531289	0,396587	3,777911	-2729,366168	889,715854	-2993,432814	9,038426	951,341194	31,889889	29,228284	31,123422	28,680138	32,841889	-2,670479	1,196331	1,050768	197689,214965	-0,175626	18,561091	-0,025997	0,000000	2,046434	-0,124304	-0,124314	14,003531	-0,008607	6,552685	1,795123
129,000000	8,070290	8,101126	2,517173	0,397331	3,771663	-2658,622859	890,445414	-2993,478263	9,036797	951,352485	31,893264	29,231466	31,122423	28,682649	32,837728	-2,670397	1,195833	1,049733	197694,157540	-0,175230	18,553694	-0,026053	0,000000	2,046471	-0,124305	-0,124317	14,003699	-0,008680	6,578910	1,795135
129,200000	8,073382	8,105019	2,534152	0,398042	3,771488	-2584,734026	890,450005	-2993,573362	9,035176	951,323321	31,890859	29,230841	31,126969	28,678119	32,837700	-2,670434	1,197613	1,049365	197679,234618	-0,175265	18,546175	-0,026132	0,000000	2,046875	-0,124310	-0,124312	14,003564	-0,008790	6,547540	1,795103
129,400000	8,076734	8,108627	2,534777	0,397561	3,774732	-2473,816870	889,406571	-2993,585498	9,033547	952,181441	31,884059	29,226586	31,133298	28,672094	32,840832	-2,670454	1,198253	1,049405	197663,884384	-0,175698	18,538087	-0,026261	0,000000	2,047113	-0,124314	-0,124307	14,010899	-0,008913	6,546355	1,796028
129,600000	8,080397	8,111729	2,504333	0,396655	3,780100	-2555,074682	888,656111	-2993,522236	9,031899	954,261663	31,880382	29,223176	31,133813	28,673213	32,843501	-2,670466	1,194527	1,050110	197646,053642	-0,176058	18,529100	-0,026207	0,000000	2,046760	-0,124312	-0,124308	14,028470	-0,009012	6,602417	1,798270
129,800000	8,084277	8,114811	2,516157	0,396853	3,782390	-2619,826524	888,901938	-2993,398717	9,030310	955,755770	31,884521	29,223716	31,130176	28,680422	32,844216	-2,670468	1,189630	1,050043	197654,475214	-0,175217	18,520127	-0,026139	0,000000	2,046414	-0,124309	-0,124306	14,040944	-0,008947	6,579147	1,799878
130,000000	8,087893	8,118419	2,541408	0,397659	3,776894	-2546,838312	889,389175	-2993,275804	9,028778	955,912149	31,890722	29,243065	31,127606	28,684335	32,842317	-2,670406	1,189301	1,050051	197722,860945	-0,174290	18,512057	-0,026258	0,000000	2,047203	-0,124308	-0,124305	14,042113	-0,008804	6,531456	1,800046
130,200000	8,091262	8,122290	2,532095	0,397685	3,769540	-2730,852944	889,467661	-2993,374709	9,027078	954,790668	31,892279	29,284947	31,126205	28,681251	32,837630	-2,670467	1,192847	1,050155	197751,271061	-0,174227	18,504365	-0,026206	0,000000	2,047967	-0,124308	-0,124309	14,032685	-0,008786	6,547798	1,798839
130,400000	8,094831	8,125886	2,533065	0,397494	3,767215	-3150,272780	889,361090	-2993,669334	9,025233	952,555274	31,890491	29,315212	31,128082	28,675023	32,835669	-2,670595	1,196691	1,049443	197697,468077	-0,174214	18,497027	-0,025845	0,000000	2,047653	-0,124311	-0,124311	14,014138	-0,009010	6,545358	1,796431
130,600000	8,098433	8,129414	2,539326	0,397548	3,768001	-3244,066324	889,430679	-2993,803046	9,023491	951,910462	31,888594	29,318420	31,132505	28,671508	32,841588	-2,670490	1,198065	1,050012	197642,677449	-0,174773	18,490512	-0,025617	0,000000	2,047029	-0,124312	-0,124309	14,009130	-0,009421	6,534023	1,795736
130,800000	8,101702	8,132936	2,511446	0,397242	3,769277	-3109,058474	889,334090	-2993,657872	9,021831	953,849134	31,886761	29,312716	31,131616	28,673300	32,848915	-2,670423	1,198109	1,050329	197640,286830	-0,175184	18,484040	-0,025814	0,000000	2,046516	-0,124311	-0,124302	14,025746	-0,009752	6,586296	1,797825
131,000000	8,104915	8,136232	2,505599	0,396558	3,770856	-3078,498578	889,107392	-2993,436612	9,020156	955,590375	31,888870	29,310099	31,127599	28,676374	32,849142	-2,670634	1,198002	1,050502	197662,446168	-0,174694	18,476582	-0,026121	0,000000	2,046334	-0,124309	-0,124298	14,040284	-0,009674	6,596985	1,799700
131,200000	8,108370	8,139555	2,538214	0,395994	3,769748	-2883,437767	889,359819	-2993,326640	9,018444	956,777126	31,894853	29,311885	31,127902	28,677785	32,843907	-2,670698	1,197103	1,050983	197661,883245	-0,174719	18,468330	-0,026149	0,000000	2,046651	-0,124305	-0,124301	14,049820	-0,009256	6,535550	1,800977
131,400000	8,111969	8,143029	2,532304	0,396060	3,768266	-2535,265039	889,769803	-2993,423310	9,016630	958,655996	31,894984	29,314760	31,132347	28,679361	32,838100	-2,670444	1,196688	1,050399	197653,440274	-0,175268	18,459738	-0,025822	0,000000	2,046985	-0,124303	-0,124308	14,065331	-0,009019	6,545975	1,802997
131,600000	8,115760	8,146651	2,514073	0,396698	3,775962	-2318,421008	889,599752	-2993,623079	9,014991	959,097397	31,888252	29,313252	31,137040	28,678100	32,836188	-2,670269	1,197648	1,050084	197655,637708	-0,175274	18,451271	-0,025579	0,000000	2,047013	-0,124305	-0,124313	14,069196	-0,009185	6,579695	1,803471
131,800000	8,119559	8,150532	2,541129	0,397179	3,792371	-2168,557850	889,225443	-2993,691048	9,013619	957,991836	31,883965	29,309089	31,136192	28,671738	32,839039	-2,670299	1,199627	1,050093	197630,358125	-0,174834	18,443847	-0,025871	0,000000	2,047019	-0,124309	-0,124309	14,060169	-0,009422	6,529600	1,802283
132,000000	8,122949	8,154154	2,553979	0,396847	3,802432	-2094,072103	889,392931	-2993,585119	9,012125	957,508523	31,887455	29,308941	31,130291	28,667985	32,843819	-2,670305	1,200986	1,050232	197581,047717	-0,174299	18,436882	-0,026131	0,000000	2,046933	-0,124312	-0,124303	14,056077	-0,009381	6,505968	1,801763
132,200000	8,126179	8,157345	2,536556	0,396400	3,798412	-2170,317602	889,822726	-2993,408258	9,010491	955,794029	31,894710	29,311429	31,125621	28,672749	32,846659	-2,670327	1,201015	1,050220	197517,083778	-0,173644	18,428735	-0,025996	0,000000	2,046731	-0,124309	-0,124305	14,041498	-0,009180	6,537287	1,799919
132,400000	8,129566	8,160686	2,543449	0,396754	3,788049	-2189,321459	890,135162	-2993,299604	9,008893	952,619331	31,898019	29,312409	31,127312	28,681941	32,843018	-2,670411	1,200304	1,050543	197506,234846	-0,173507	18,419975	-0,025982	0,000000	2,046923	-0,124304	-0,124310	14,014660	-0,008994	6,523857	1,796500
132,600000	8,132974	8,164318	2,545004	0,397263	3,782320	-2107,751663	890,291946	-2993,305218	9,007289	951,802407	31,894452	29,311813	31,133656	28,685885	32,838752	-2,670393	1,199913	1,050823	197605,108942	-0,173996	18,412219	-0,026220	0,000000	2,047523	-0,124310	-0,124312	14,007597	-0,008796	6,520988	1,795620
132,800000	8,136366	8,167918	2,517388	0,397477	3,784460	-2257,015098	890,051748	-2993,490267	9,005467	953,891913	31,888986	29,310548	31,135648	28,681592	32,841924	-2,670377	1,200465	1,049983	197643,685595	-0,174381	18,405222	-0,026404	0,000000	2,047665	-0,124318	-0,124307	14,025077	-0,008724	6,572392	1,797871
133,000000	8,140099	8,171189	2,522127	0,397706	3,786111	-2600,456186	889,568689	-2993,786747	9,003480	955,706708	31,886947	29,309877	31,135990	28,675327	32,847547	-2,670360	1,200356	1,049755	197585,579770	-0,174431	18,397957	-0,026390	0,000000	2,046863	-0,124313	-0,124302	14,040337	-0,008752	6,563319	1,799825
133,200000	8,144125	8,174336	2,553848	0,397779	3,780869	-2702,087976	889,363615	-2993,816564	9,001732	955,965022	31,888201	29,310314	31,136807	28,671968	32,848279	-2,670214	1,200983	1,050767	197556,676293	-0,174173	18,390396	-0,026267	0,000000	2,045892	-0,124303	-0,124301	14,042553	-0,008800	6,504254	1,800103
133,400000	8,147760	8,177546	2,547432	0,397730	3,776789	-2816,724946	889,355906	-2993,609828	9,000189	955,711353	31,890686	29,311112	31,130249	28,672719	32,843622	-2,670399	1,202730	1,050987	197571,599813	-0,173616	18,382966	-0,026104	0,000000	2,045725	-0,124299	-0,124302	14,040384	-0,008759	6,515521	1,799830
133,600000	8,150953	8,180669	2,534784	0,397756	3,782878	-3253,386141	889,265992	-2993,432694	8,998589	955,569933	31,893983	29,311514	31,124079	28,675684	32,837894	-2,670784	1,202850	1,050300	197590,436557	-0,173202	18,375652	-0,026075	0,000000	2,046239	-0,124300	-0,124304	14,039148	-0,008710	6,538340	1,799678
133,800000	8,154225	8,184242	2,549855	0,397882	3,791978	-3453,822385	889,600181	-2993,373457	8,997058	955,544712	31,897325	29,311893	31,127774	28,676725	32,835528	-2,670583	1,202089	1,050703	197595,088010	-0,173527	18,368545	-0,026168	0,000000	2,046741	-0,124303	-0,124308	14,039116	-0,008890	6,510649	1,799651
134,000000	8,157981	8,188383	2,537566	0,397956	3,791768	-3377,938086	889,938069	-2993,472885	8,995560	955,566363	31,894124	29,313305	31,135513	28,673928	32,838486	-2,670119	1,200951	1,050713	197595,721802	-0,173856	18,361562	-0,026096	0,000000	2,047000	-0,124303	-0,124312	14,039346	-0,008939	6,533890	1,799674
134,200000	8,162136	8,192107	2,518192	0,397415	3,785351	-3405,524088	889,264909	-2993,560785	8,993838	956,514758	31,886334	29,329462	31,139146	28,669575	32,843050	-2,670000	1,199869	1,049944	197606,341720	-0,173835	18,354109	-0,025881	0,000000	2,047035	-0,124306	-0,124311	14,046855	-0,008492	6,569624	1,800695
134,400000	8,165870	8,195152	2,548404	0,396515	3,780943	-3301,060758	888,744365	-2993,521051	8,992045	957,798549	31,885369	29,366823	31,136709	28,669799	32,844820	-2,670177	1,198401	1,050277	197615,862398	-0,173773	18,346393	-0,025874	0,000000	2,046833	-0,124310	-0,124308	14,057002	-0,007875	6,512185	1,802075
134,600000	8,168929	8,197832	2,565499	0,396612	3,782102	-3102,230103	889,450035	-2993,446570	8,990366	957,213793	31,892252	29,396751	31,131422	28,676236	32,844652	-2,670441	1,196110	1,050499	197597,432487	-0,173656	18,339699	-0,026026	0,000000	2,046517	-0,124310	-0,124311	14,051864	-0,007639	6,479692	1,801446
134,800000	8,171815	8,200782	2,544847	0,397268	3,790215	-3075,353725	890,293557	-2993,396239	8,988695	955,836994	31,899032	29,403608	31,128055	28,681821	32,842546	-2,670619	1,194546	1,050448	197616,092485	-0,173620	18,334780	-0,025989	0,000000	2,046562	-0,124308	-0,124315	14,040561	-0,007883	6,517600	1,799965
135,000000	8,175053	8,204539	2,551645	0,396892	3,801090	-2962,759249	890,364074	-2993,371850	8,987049	955,434080	31,899832	29,400165	31,130153	28,680417	32,838693	-2,670597	1,192611	1,050517	197693,414296	-0,173353	18,330353	-0,026046	0,000000	2,047082	-0,124311	-0,124311	14,037390	-0,008092	6,506324	1,799532
135,200000	8,178711	8,208594	2,556113	0,395820	3,808926	-2642,875120	889,834261	-2993,445923	8,985529	954,666452	31,895535	29,396377	31,136745	28,674417	32,839145	-2,670427	1,190830	1,050517	197686,252833	-0,173167	18,324669	-0,026394	0,000000	2,047085	-0,124314	-0,124304	14,031015	-0,008159	6,499221	1,798705
135,400000	8,182367	8,212222	2,538369	0,395036	3,809396	-2380,725082	889,439221	-2993,535086	8,983948	952,663388	31,891815	29,395483	31,141514	28,670258	32,845908	-2,670273	1,191945	1,050572	197594,974928	-0,173189	18,317353	-0,026545	0,000000	2,046344	-0,124312	-0,124303	14,014445	-0,008410	6,531936	1,796548
135,600000	8,186005	8,215402	2,546526	0,394813	3,801916	-2205,961456	889,484045	-2993,433715	8,982185	951,182514	31,892425	29,396490	31,139676	28,670448	32,849467	-2,670226	1,193215	1,050794	197552,813445	-0,173331	18,309024	-0,026208	0,000000	2,046102	-0,124310	-0,124306	14,002153	-0,008563	6,516127	1,794952
135,800000	8,189382	8,218858	2,551985	0,395491	3,792365	-2026,510645	889,660600	-2993,207695	8,980566	951,042969	31,895910	29,397682	31,133811	28,673934	32,845243	-2,670298	1,190797	1,050904	197576,649529	-0,173610	18,300997	-0,025885	0,000000	2,046532	-0,124309	-0,124308	14,000856	-0,008439	6,505544	1,794801
136,000000	8,192339	8,222693	2,543051	0,396616	3,792048	-2012,257321	889,787978	-2993,076524	8,979200	952,178780	31,898934	29,397322	31,131558	28,677040	32,839124	-2,670305	1,187309	1,049933	197630,890791	-0,173555	18,294094	-0,026000	0,000000	2,046776	-0,124309	-0,124308	14,010201	-0,008237	6,522179	1,796026
136,200000	8,195511	8,226307	2,550930	0,397282	3,801267	-2203,285551	889,978816	-2993,169751	8,977691	954,375885	31,900150	29,396023	31,135274	28,677479	32,837064	-2,670116	1,185694	1,049586	197664,832530	-0,173363	18,287458	-0,026174	0,000000	2,046954	-0,124309	-0,124308	14,028742	-0,008325	6,507998	1,798393
136,400000	8,199139	8,229591	2,562950	0,397351	3,805310	-2338,334997	890,189857	-2993,395152	8,976018	955,800720	31,899012	29,395864	31,140130	28,675762	32,840531	-2,669953	1,185465	1,050790	197669,710394	-0,173349	18,280170	-0,026135	0,000000	2,047156	-0,124307	-0,124307	14,041181	-0,008807	6,485858	1,799926
136,600000	8,202744	8,232699	2,559010	0,397128	3,796848	-2528,060899	889,835934	-2993,562006	8,974453	955,865286	31,897119	29,394319	31,140785	28,671544	32,846202	-2,670022	1,186135	1,051322	197676,075002	-0,173160	18,272656	-0,026010	0,000000	2,046882	-0,124308	-0,124307	14,042147	-0,009232	6,492614	1,799996
136,800000	8,205931	8,235841	2,556430	0,396754	3,783276	-2967,966163	889,390933	-2993,572770	8,972833	956,498949	31,898055	29,392053	31,134677	28,669726	32,848908	-2,670346	1,187442	1,050863	197684,131115	-0,172891	18,265687	-0,025932	0,000000	2,046371	-0,124308	-0,124309	14,047486	-0,009255	6,496984	1,800678
137,000000	8,209058	8,239009	2,563280	0,396354	3,775407	-3258,082754	889,639410	-2993,440096	8,971181	957,648494	31,901148	29,394181	31,128473	28,674774	32,846190	-2,670630	1,188925	1,050280	197681,400812	-0,172889	18,259312	-0,025884	0,000000	2,046145	-0,124308	-0,124308	14,056686	-0,008817	6,484267	1,801914
137,200000	8,212332	8,242371	2,537419	0,396977	3,779936	-3286,724039	889,963076	-2993,402148	8,969594	957,103540	31,902014	29,398280	31,127731	28,679293	32,841645	-2,670679	1,189894	1,050069	197668,812341	-0,173041	18,252974	-0,025861	0,000000	2,046162	-0,124308	-0,124310	14,051624	-0,008323	6,531724	1,801328
137,400000	8,215698	8,246426	2,510639	0,398037	3,792983	-3300,214316	890,000777	-2993,486577	8,967915	955,792793	31,897595	29,399798	31,130643	28,676554	32,839865	-2,670685	1,191108	1,050620	197679,844415	-0,173110	18,246677	-0,026004	0,000000	2,046516	-0,124304	-0,124315	14,040534	-0,008227	6,582247	1,799918
137,600000	8,219525	8,250672	2,540595	0,398021	3,801380	-3146,469939	889,913855	-2993,504508	8,966258	954,512852	31,892170	29,398926	31,134917	28,669706	32,842230	-2,670540	1,194030	1,051205	197689,459900	-0,172870	18,240389	-0,026067	0,000000	2,047198	-0,124307	-0,124315	14,030010	-0,008444	6,527370	1,798540
137,800000	8,223487	8,254225	2,558987	0,397160	3,797711	-2929,370264	889,894916	-2993,484658	8,964582	953,397139	31,890853	29,397121	31,136924	28,665785	32,846809	-2,670259	1,195684	1,050561	197637,026364	-0,172613	18,233014	-0,026002	0,000000	2,047019	-0,124313	-0,124311	14,020876	-0,008677	6,493565	1,797338
138,000000	8,227047	8,257252	2,542908	0,396262	3,790219	-2881,237512	889,762150	-2993,421443	8,962819	954,143716	31,894003	29,395544	31,133797	28,667713	32,848140	-2,670105	1,194134	1,049778	197592,287026	-0,172197	18,224707	-0,026184	0,000000	2,046145	-0,124309	-0,124307	14,026978	-0,008510	6,522195	1,798143
138,200000	8,230457	8,260557	2,557125	0,396094	3,786388	-2713,079968	889,713916	-2993,282967	8,961124	955,560498	31,899185	29,394999	31,127093	28,672422	32,844339	-2,670110	1,192245	1,050879	197641,095463	-0,171840	18,217149	-0,026481	0,000000	2,046191	-0,124299	-0,124306	14,038439	-0,008081	6,495600	1,799668
138,400000	8,233836	8,264376	2,565327	0,396685	3,786440	-2326,226091	890,099717	-2993,217315	8,959504	955,943218	31,901752	29,395192	31,125122	28,676960	32,840714	-2,670176	1,193350	1,051310	197726,143777	-0,171770	18,210761	-0,026440	0,000000	2,046960	-0,124295	-0,124307	14,041479	-0,007910	6,481003	1,800080
138,600000	8,237255	8,268199	2,540872	0,397286	3,792894	-2031,143110	890,353388	-2993,283780	8,958027	954,918159	31,902242	29,395868	31,131775	28,678531	32,843019	-2,670139	1,197590	1,049814	197769,688517	-0,171400	18,204387	-0,026178	0,000000	2,047427	-0,124298	-0,124307	14,032941	-0,007973	6,526347	1,798976
138,800000	8,240847	8,271850	2,546586	0,397376	3,804980	-1881,961213	890,353516	-2993,380157	8,956612	953,554412	31,902073	29,395257	31,138774	28,675259	32,848489	-2,669998	1,199928	1,049233	197766,875074	-0,171211	18,197265	-0,026093	0,000000	2,047446	-0,124305	-0,124303	14,021774	-0,008254	6,516009	1,797508
139,000000	8,244299	8,275294	2,560396	0,397218	3,814891	-1722,338399	889,974115	-2993,355523	8,955043	954,122042	31,898691	29,392774	31,138226	28,670189	32,850510	-2,669970	1,198528	1,050385	197753,639426	-0,171363	18,189878	-0,026141	0,000000	2,047191	-0,124309	-0,124298	14,026736	-0,008450	6,490535	1,798119
139,200000	8,247779	8,278253	2,543668	0,396681	3,814725	-1639,657917	889,392075	-2993,212705	8,953316	955,503867	31,897084	29,392242	31,131326	28,668409	32,848867	-2,670004	1,197260	1,051202	197741,191755	-0,171374	18,182786	-0,026207	0,000000	2,046729	-0,124308	-0,124300	14,038174	-0,008290	6,520606	1,799607
139,400000	8,251371	8,281192	2,541062	0,396449	3,804252	-1672,598079	889,679459	-2993,171509	8,951537	955,894587	31,903702	29,394891	31,126551	28,671753	32,846187	-2,669990	1,197762	1,050843	197728,465964	-0,171553	18,176244	-0,026280	0,000000	2,046427	-0,124305	-0,124307	14,041429	-0,008267	6,524971	1,800027
139,600000	8,254574	8,284718	2,553599	0,397642	3,791282	-1670,597072	890,537464	-2993,245645	8,949883	954,879318	31,909925	29,398119	31,127201	28,674534	32,845131	-2,670046	1,197354	1,050809	197738,245328	-0,171921	18,170411	-0,026236	0,000000	2,046513	-0,124307	-0,124311	14,032974	-0,008332	6,502262	1,798935
139,800000	8,257732	8,288390	2,543974	0,398285	3,783958	-1915,601335	890,442910	-2993,328936	8,948353	952,680598	31,907010	29,398391	31,130921	28,669600	32,846658	-2,670098	1,194673	1,050400	197779,483035	-0,171941	18,164719	-0,025897	0,000000	2,046709	-0,124309	-0,124308	14,014379	-0,008199	6,520553	1,796566
140,000000	8,261333	8,291711	2,538205	0,397358	3,784140	-2494,967385	889,634025	-2993,406104	8,946795	951,171094	31,898713	29,395940	31,135408	28,662686	32,848197	-2,670038	1,192255	1,049598	197826,930484	-0,171698	18,158637	-0,025595	0,000000	2,046839	-0,124307	-0,124305	14,001745	-0,008251	6,531497	1,794939
140,200000	8,264974	8,294874	2,562806	0,396256	3,786181	-2736,073091	889,329612	-2993,409231	8,945167	951,890487	31,892890	29,395204	31,136055	28,664515	32,848383	-2,669905	1,191816	1,050536	197813,943281	-0,171305	18,152317	-0,025715	0,000000	2,046569	-0,124303	-0,124303	14,008135	-0,008594	6,486342	1,795715
140,400000	8,268396	8,297926	2,556790	0,395711	3,790895	-2586,732825	889,642258	-2993,371010	8,943368	954,212095	31,893777	29,396621	31,134308	28,671872	32,847461	-2,669940	1,193746	1,051151	197772,701041	-0,171023	18,145933	-0,025990	0,000000	2,046203	-0,124300	-0,124305	14,027805	-0,008763	6,497107	1,798216
140,600000	8,271893	8,300990	2,522866	0,396230	3,804003	-2534,899369	890,009575	-2993,333630	8,941669	955,848546	31,899067	29,396328	31,132880	28,674524	32,843334	-2,670060	1,197821	1,050597	197795,019106	-0,171263	18,139731	-0,026154	0,000000	2,046812	-0,124302	-0,124308	14,041239	-0,008464	6,559627	1,799978
140,800000	8,275438	8,304393	2,537598	0,397158	3,816864	-2467,796596	890,233986	-2993,341190	8,940235	956,026676	31,904365	29,394478	31,129269	28,672033	32,837533	-2,670058	1,201099	1,050601	197804,210490	-0,171540	18,133990	-0,026128	0,000000	2,047540	-0,124309	-0,124310	14,042352	-0,008083	6,532576	1,800169
141,000000	8,278852	8,307888	2,548025	0,397430	3,815923	-2219,163077	890,247484	-2993,524621	8,938534	954,868116	31,905898	29,394589	31,128322	28,669454	32,837070	-2,670152	1,200859	1,049956	197723,953562	-0,171507	18,128421	-0,026017	0,000000	2,047213	-0,124314	-0,124308	14,032715	-0,008167	6,513789	1,798923
141,200000	8,282293	8,311275	2,527267	0,397272	3,807628	-1997,191771	889,923914	-2993,654046	8,936738	952,583640	31,903084	29,395617	31,133608	28,667924	32,843948	-2,670174	1,199580	1,049741	197641,782218	-0,171431	18,122354	-0,025881	0,000000	2,046560	-0,124311	-0,124307	14,014102	-0,008737	6,552445	1,796462
141,400000	8,285575	8,314749	2,546358	0,397291	3,806053	-1931,770045	889,729252	-2993,461886	8,935277	951,066021	31,900110	29,396061	31,136484	28,667471	32,851220	-2,670089	1,200042	1,050631	197633,621962	-0,171319	18,115954	-0,025788	0,000000	2,046295	-0,124304	-0,124307	14,001694	-0,009083	6,517327	1,794826
141,600000	8,288810	8,318197	2,571459	0,397082	3,808844	-1986,137996	889,879226	-2993,149089	8,933859	951,882987	31,901258	29,396879	31,132964	28,668474	32,851540	-2,670215	1,198529	1,051265	197656,236870	-0,171062	18,109856	-0,026020	0,000000	2,046255	-0,124306	-0,124306	14,008170	-0,008692	6,471609	1,795707
141,800000	8,292401	8,321550	2,560774	0,396464	3,808074	-2229,502479	890,171089	-2993,075887	8,932329	954,285943	31,905595	29,398120	31,130198	28,670960	32,846648	-2,670363	1,194816	1,051256	197666,126532	-0,170759	18,103915	-0,026230	0,000000	2,046217	-0,124309	-0,124303	14,027828	-0,008166	6,491169	1,798296
142,000000	8,295896	8,325140	2,561412	0,396683	3,803795	-2520,605163	890,411579	-2993,217525	8,930770	955,915641	31,906568	29,398876	31,133276	28,675084	32,842981	-2,670205	1,193243	1,050571	197671,922978	-0,170463	18,097780	-0,026098	0,000000	2,046456	-0,124307	-0,124306	14,041241	-0,007903	6,490361	1,800050
142,200000	8,299321	8,328924	2,573914	0,397861	3,799221	-2498,576794	890,251695	-2993,339323	8,929189	956,925628	31,902241	29,397581	31,138380	28,674495	32,843423	-2,669909	1,192738	1,050554	197667,828824	-0,170126	18,091612	-0,025938	0,000000	2,047032	-0,124307	-0,124313	14,049766	-0,007957	6,468199	1,801137
142,400000	8,302887	8,332519	2,550948	0,398320	3,798245	-2441,173919	889,813824	-2993,427500	8,927592	957,817096	31,899654	29,394621	31,140432	28,665855	32,845728	-2,669944	1,191432	1,050393	197652,409913	-0,170232	18,085411	-0,026030	0,000000	2,047145	-0,124308	-0,124310	14,057706	-0,008424	6,510461	1,802095
142,600000	8,306318	8,335845	2,530760	0,397582	3,802604	-2661,728610	889,510175	-2993,410564	8,925950	957,036488	31,903711	29,392463	31,138121	28,660600	32,847683	-2,670277	1,190389	1,050417	197656,150268	-0,171000	18,078856	-0,026225	0,000000	2,046501	-0,124308	-0,124304	14,051554	-0,008816	6,547683	1,801256
142,800000	8,309633	8,339141	2,560694	0,396809	3,809089	-2806,628232	889,639950	-2993,275385	8,924209	955,683817	31,910620	29,392908	31,134138	28,665208	32,848953	-2,670491	1,191948	1,051431	197668,505848	-0,171297	18,072390	-0,026224	0,000000	2,045966	-0,124306	-0,124302	14,040309	-0,008915	6,492467	1,799801
143,000000	8,312827	8,342501	2,565778	0,396456	3,814031	-2846,861484	889,932431	-2993,221615	8,922440	955,357790	31,913073	29,394545	31,131737	28,672439	32,845595	-2,670471	1,196141	1,050976	197724,160905	-0,170482	18,066424	-0,026189	0,000000	2,046427	-0,124303	-0,124301	14,037358	-0,008700	6,483310	1,799450
143,200000	8,315896	8,345926	2,536458	0,396396	3,817147	-2921,964365	889,887686	-2993,230810	8,920753	955,535947	31,909744	29,395513	31,131327	28,674520	32,840552	-2,670302	1,200020	1,050105	197828,425001	-0,169426	18,060673	-0,026181	0,000000	2,047787	-0,124304	-0,124302	14,038469	-0,008317	6,537402	1,799641
143,400000	8,319180	8,349413	2,556586	0,396584	3,817970	-2758,266071	889,950901	-2993,339637	8,919143	956,517232	31,905766	29,396465	31,132517	28,670971	32,842619	-2,670118	1,201045	1,050137	197837,209278	-0,169210	18,055086	-0,026015	0,000000	2,048372	-0,124308	-0,124305	14,046875	-0,008491	6,500794	1,800697
143,600000	8,322845	8,352770	2,570657	0,396315	3,814406	-2384,024757	890,242462	-2993,600170	8,917560	958,550786	31,904281	29,397005	31,136814	28,665751	32,848409	-2,670045	1,198637	1,050554	197767,158548	-0,169765	18,049574	-0,025929	0,000000	2,047498	-0,124311	-0,124306	14,064598	-0,009167	6,475587	1,802884
143,800000	8,326463	8,356128	2,547574	0,395865	3,812006	-2040,745821	890,073195	-2993,630818	8,916179	959,098216	31,906206	29,396115	31,140739	28,663125	32,851045	-2,669921	1,196224	1,051217	197745,471117	-0,169998	18,043928	-0,026187	0,000000	2,046474	-0,124312	-0,124306	14,069501	-0,009484	6,518169	1,803472
144,000000	8,329917	8,359544	2,561527	0,396081	3,816136	-1762,004470	890,031770	-2993,341879	8,914943	957,155668	31,910792	29,395374	31,137446	28,664905	32,849001	-2,669949	1,196069	1,051415	197769,281997	-0,169679	18,038138	-0,026363	0,000000	2,046087	-0,124310	-0,124305	14,053008	-0,009271	6,492847	1,801384
144,200000	8,333235	8,362683	2,579094	0,396211	3,824753	-1633,679523	890,546962	-2993,104212	8,913277	955,458530	31,915692	29,395309	31,132735	28,668278	32,844427	-2,670177	1,196392	1,051519	197770,852333	-0,169339	18,032183	-0,026289	0,000000	2,046404	-0,124307	-0,124304	14,038536	-0,009033	6,460889	1,799558
144,400000	8,336355	8,365935	2,567886	0,396279	3,833818	-1755,845512	890,784079	-2993,090368	8,911365	956,080193	31,918016	29,395360	31,132810	28,669393	32,842187	-2,670096	1,196197	1,050874	197749,640488	-0,169408	18,026437	-0,026250	0,000000	2,047047	-0,124306	-0,124303	14,043835	-0,009117	6,481394	1,800227
144,600000	8,339703	8,369764	2,562610	0,396965	3,835761	-2056,531406	890,618036	-2993,221396	8,909705	958,380695	31,913665	29,396085	31,136829	28,666449	32,844442	-2,669910	1,197046	1,050220	197754,381486	-0,169897	18,021189	-0,026168	0,000000	2,047356	-0,124308	-0,124304	14,063462	-0,009456	6,491841	1,802701
144,800000	8,343430	8,373480	2,568972	0,397233	3,821606	-2281,339089	889,964849	-2993,297223	8,908030	959,975565	31,905793	29,395506	31,141278	28,662670	32,847769	-2,669859	1,198298	1,050689	197750,518594	-0,169816	18,015608	-0,026074	0,000000	2,047187	-0,124309	-0,124302	14,077094	-0,009729	6,480934	1,804415
145,000000	8,347032	8,376613	2,570462	0,396503	3,795620	-2371,569759	889,396429	-2993,322446	8,906234	960,132089	31,903386	29,394050	31,138781	28,663336	32,848795	-2,669957	1,195859	1,050727	197705,297525	-0,169437	18,009380	-0,026102	0,000000	2,046731	-0,124308	-0,124303	14,078288	-0,009612	6,478136	1,804583
145,200000	8,350116	8,379511	2,566327	0,396127	3,778128	-2498,886438	889,808566	-2993,357343	8,904608	959,917922	31,909549	29,395082	31,132741	28,667882	32,847995	-2,670130	1,191291	1,050727	197679,422500	-0,169665	18,003282	-0,026157	0,000000	2,046326	-0,124304	-0,124306	14,076060	-0,009178	6,485314	1,804353
145,400000	8,353126	8,382641	2,574865	0,396728	3,782344	-2571,514879	890,581437	-2993,305852	8,903271	959,825381	31,917972	29,397201	31,131447	28,671152	32,845398	-2,670097	1,189304	1,050870	197701,263207	-0,169941	17,997855	-0,026213	0,000000	2,046470	-0,124300	-0,124307	14,075003	-0,008895	6,469949	1,804253
145,600000	8,356410	8,386285	2,569517	0,397239	3,800996	-2621,431068	890,863202	-2993,237458	8,901946	959,856145	31,919484	29,398250	31,132688	28,669055	32,841941	-2,669999	1,190253	1,050516	197722,002265	-0,170023	17,993066	-0,026284	0,000000	2,047077	-0,124305	-0,124305	14,075049	-0,008683	6,480452	1,804286
145,800000	8,359692	8,390105	2,554721	0,396879	3,820714	-2847,955799	890,778123	-2993,281932	8,900358	959,886259	31,914482	29,398831	31,133897	28,662773	32,842265	-2,669923	1,191561	1,050348	197704,710740	-0,170079	17,988223	-0,026091	0,000000	2,047125	-0,124313	-0,124303	14,075273	-0,008655	6,508366	1,804319
146,000000	8,363172	8,393836	2,578098	0,396275	3,831915	-3005,022006	890,767996	-2993,306030	8,898547	959,824411	31,910660	29,399161	31,135243	28,658159	32,848691	-2,669805	1,193144	1,051062	197692,778022	-0,170074	17,982670	-0,025824	0,000000	2,046509	-0,124311	-0,124303	14,075346	-0,009247	6,466406	1,804252
146,200000	8,366962	8,397471	2,590726	0,396287	3,832137	-3068,064956	890,682519	-2993,159607	8,896714	958,870343	31,910693	29,398402	31,135441	28,658416	32,853844	-2,669780	1,195422	1,051215	197718,566827	-0,170230	17,976542	-0,026011	0,000000	2,046345	-0,124303	-0,124306	14,067913	-0,009804	6,443968	1,803227
146,400000	8,370477	8,400661	2,570243	0,396348	3,826120	-3321,939136	890,430375	-2993,048358	8,895163	956,786673	31,913945	29,397502	31,132282	28,662474	32,851481	-2,669961	1,196462	1,050229	197742,594393	-0,170355	17,970523	-0,026200	0,000000	2,046824	-0,124300	-0,124312	14,050317	-0,009673	6,480957	1,800987
146,600000	8,373567	8,403533	2,576384	0,396135	3,819399	-3467,687451	890,436574	-2993,100233	8,893797	955,363362	31,918858	29,398045	31,129519	28,667985	32,845117	-2,670105	1,197157	1,050637	197758,062481	-0,170014	17,964964	-0,026064	0,000000	2,047245	-0,124303	-0,124313	14,037853	-0,009148	6,469727	1,799456
146,800000	8,376704	8,406875	2,576263	0,396466	3,816892	-3208,363070	890,784961	-2993,246300	8,892226	955,258067	31,920907	29,399522	31,133497	28,670471	32,840965	-2,670032	1,198043	1,050938	197770,197140	-0,169471	17,959830	-0,025898	0,000000	2,047273	-0,124305	-0,124309	14,036693	-0,008872	6,470453	1,799342
147,000000	8,380113	8,410691	2,552152	0,397038	3,823126	-2791,016526	890,812361	-2993,412743	8,890566	956,355956	31,917986	29,399509	31,139567	28,666768	32,843419	-2,670014	1,198285	1,050517	197774,891116	-0,168870	17,955071	-0,025865	0,000000	2,047230	-0,124307	-0,124306	14,046122	-0,009090	6,515467	1,800524
147,200000	8,383773	8,414245	2,561876	0,397343	3,832979	-2445,228941	890,058009	-2993,408194	8,888997	958,520769	31,915402	29,396593	31,139528	28,660503	32,850517	-2,670067	1,197651	1,051744	197764,686496	-0,168426	17,950124	-0,025975	0,000000	2,047179	-0,124311	-0,124303	14,064668	-0,009488	6,498395	1,802852
147,400000	8,387510	8,417359	2,568115	0,397038	3,834861	-2223,050206	889,795990	-2993,285289	8,887286	959,987773	31,918522	29,395762	31,134554	28,660009	32,854674	-2,670038	1,195325	1,051834	197732,866126	-0,168500	17,944476	-0,026011	0,000000	2,046890	-0,124312	-0,124297	14,077092	-0,009624	6,487041	1,804428
147,600000	8,390983	8,420513	2,553733	0,396026	3,826014	-2092,021201	890,626928	-2993,195205	8,885511	960,149616	31,924697	29,398813	31,130883	28,666784	32,852397	-2,670049	1,193378	1,050558	197687,902149	-0,168415	17,938719	-0,025884	0,000000	2,046847	-0,124309	-0,124294	14,078051	-0,009229	6,513269	1,804602
147,800000	8,394204	8,424083	2,566501	0,396061	3,815978	-2015,918024	891,051975	-2993,071843	8,884111	959,978139	31,928690	29,399941	31,130517	28,672542	32,848854	-2,670058	1,194532	1,050758	197642,058977	-0,167918	17,933697	-0,025776	0,000000	2,047098	-0,124304	-0,124300	14,075973	-0,008586	6,490545	1,804417
148,000000	8,397604	8,427756	2,585483	0,397540	3,815429	-1994,497795	890,779397	-2992,928731	8,882885	959,899977	31,927368	29,398518	31,133999	28,671026	32,848083	-2,669915	1,196690	1,051143	197617,129258	-0,167992	17,929017	-0,025903	0,000000	2,047295	-0,124304	-0,124308	14,075017	-0,008285	6,457094	1,804333
148,200000	8,401290	8,431068	2,587027	0,398524	3,823481	-2090,389768	890,440738	-2992,960424	8,881456	959,878278	31,922360	29,398086	31,138220	28,663915	32,848754	-2,669665	1,198067	1,051313	197596,008294	-0,168895	17,923871	-0,026228	0,000000	2,047445	-0,124310	-0,124310	14,075071	-0,008520	6,454831	1,804310
148,400000	8,404792	8,434093	2,586320	0,398253	3,828495	-2313,360808	890,175447	-2993,176394	8,879818	958,968702	31,920139	29,398692	31,138131	28,658110	32,849792	-2,669483	1,198400	1,051464	197537,885361	-0,169668	17,918474	-0,026250	0,000000	2,046822	-0,124310	-0,124304	14,067861	-0,008928	6,456219	1,803333
148,600000	8,407819	8,437365	2,594047	0,397524	3,822173	-2431,298729	890,416429	-2993,290312	8,878142	957,754203	31,924201	29,399211	31,134484	28,658846	32,849372	-2,669584	1,196786	1,051973	197502,571038	-0,169464	17,913401	-0,025938	0,000000	2,045842	-0,124302	-0,124296	14,057769	-0,009013	6,442652	1,802028
148,800000	8,410614	8,440889	2,582545	0,396861	3,810713	-2666,101257	890,981177	-2993,178409	8,876629	958,381634	31,928461	29,398913	31,131527	28,664322	32,845203	-2,669976	1,194365	1,052241	197548,734687	-0,168968	17,908771	-0,025910	0,000000	2,045888	-0,124296	-0,124299	14,062868	-0,008855	6,464047	1,802702
149,000000	8,413555	8,444196	2,556549	0,396302	3,810519	-3290,641953	891,147675	-2993,069139	8,875031	959,756293	31,928388	29,397704	31,130339	28,668191	32,840531	-2,670338	1,193664	1,050878	197601,482701	-0,168817	17,904153	-0,026021	0,000000	2,046703	-0,124297	-0,124308	14,074146	-0,008617	6,511946	1,804179
149,200000	8,416605	8,447307	2,563187	0,396158	3,822517	-3674,679873	890,870308	-2993,175729	8,873256	959,254577	31,927789	29,396608	31,130634	28,668541	32,842678	-2,670267	1,195515	1,050591	197597,515401	-0,168665	17,899249	-0,026038	0,000000	2,047380	-0,124306	-0,124312	14,069898	-0,008571	6,500199	1,803640
149,400000	8,419774	8,450278	2,564696	0,396104	3,831064	-3501,932166	890,312036	-2993,380486	8,871468	957,005354	31,927830	29,395972	31,133466	28,666733	32,850014	-2,669907	1,198122	1,050943	197565,725235	-0,168988	17,894314	-0,026077	0,000000	2,047265	-0,124313	-0,124309	14,051285	-0,008808	6,497776	1,801222
149,600000	8,423348	8,453417	2,552883	0,396114	3,830810	-3222,968039	889,747833	-2993,452355	8,869924	956,306088	31,926754	29,395220	31,134971	28,663244	32,853827	-2,669815	1,199391	1,050846	197553,290341	-0,169547	17,889546	-0,025948	0,000000	2,046821	-0,124315	-0,124304	14,045239	-0,008626	6,519882	1,800470
149,800000	8,427220	8,456809	2,580729	0,396576	3,829377	-3015,012949	889,744174	-2993,307384	8,868593	958,304693	31,927936	29,394718	31,131797	28,662153	32,852749	-2,669958	1,199299	1,051593	197538,207746	-0,169452	17,885028	-0,025811	0,000000	2,046692	-0,124311	-0,124299	14,061484	-0,008115	6,469767	1,802619
150,000000	8,430902	8,460015	2,591940	0,396917	3,833146	-2867,121353	890,443670	-2993,143327	8,866986	960,082242	31,933880	29,396542	31,127999	28,665122	32,849608	-2,669971	1,200197	1,050939	197494,894692	-0,168606	17,880569	-0,025935	0,000000	2,046689	-0,124303	-0,124300	14,076088	-0,007830	6,450017	1,804529
150,200000	8,434004	8,463339	2,563394	0,397556	3,838329	-2785,992364	891,270369	-2993,096661	8,865239	960,362979	31,938360	29,400320	31,128032	28,666635	32,845883	-2,669859	1,201185	1,050140	197465,419542	-0,167623	17,876086	-0,026072	0,000000	2,046754	-0,124299	-0,124307	14,078304	-0,007695	6,502313	1,804831
150,400000	8,436738	8,466934	2,565555	0,398023	3,835097	-2621,527560	891,529592	-2993,083926	8,863765	959,240726	31,936362	29,401911	31,132550	28,661922	32,844738	-2,669754	1,200597	1,050929	197445,448349	-0,167773	17,871765	-0,025987	0,000000	2,046778	-0,124303	-0,124309	14,068846	-0,007635	6,499333	1,803625
150,600000	8,439935	8,470336	2,581218	0,396959	3,823822	-2458,280262	890,959805	-2993,139320	8,862388	956,967814	31,930521	29,399375	31,139026	28,655244	32,847054	-2,669682	1,199674	1,051127	197404,167370	-0,168585	17,867283	-0,025791	0,000000	2,046980	-0,124308	-0,124303	14,050082	-0,007920	6,471784	1,801182
150,800000	8,443717	8,473611	2,581830	0,395634	3,817341	-2447,193341	890,170583	-2993,206221	8,860646	955,411922	31,927853	29,396217	31,140195	28,654889	32,850540	-2,669673	1,199502	1,051002	197339,282874	-0,168335	17,862462	-0,025648	0,000000	2,046877	-0,124306	-0,124302	14,037583	-0,008471	6,471267	1,799508
151,000000	8,446956	8,476945	2,586540	0,395694	3,818861	-2417,099265	889,940551	-2993,159946	8,858745	956,165347	31,932616	29,395429	31,134227	28,661128	32,852778	-2,669792	1,201213	1,051004	197313,069264	-0,167617	17,857541	-0,025660	0,000000	2,046518	-0,124300	-0,124307	14,044056	-0,008624	6,463148	1,800319
151,200000	8,449614	8,480060	2,581231	0,396842	3,820802	-2293,580240	890,297779	-2993,035818	8,857285	957,679740	31,940262	29,396185	31,127381	28,666844	32,848961	-2,669952	1,203157	1,050948	197384,296250	-0,167644	17,852751	-0,025798	0,000000	2,047066	-0,124299	-0,124309	14,056313	-0,008182	6,472971	1,801947
151,400000	8,452579	8,482843	2,566583	0,397649	3,821515	-2403,730809	890,788653	-2993,069105	8,856008	957,243611	31,944032	29,397680	31,123621	28,666265	32,841240	-2,670081	1,203480	1,050771	197467,064551	-0,167622	17,848220	-0,025852	0,000000	2,047858	-0,124302	-0,124308	14,052157	-0,007682	6,499729	1,801479
151,600000	8,455750	8,485785	2,578080	0,397664	3,823825	-2813,365655	891,123980	-2993,321183	8,854340	955,883785	31,943676	29,398970	31,126856	28,661238	32,840049	-2,670102	1,202972	1,050726	197491,259824	-0,167445	17,844110	-0,025700	0,000000	2,047801	-0,124307	-0,124308	14,040804	-0,007733	6,479387	1,800016
151,800000	8,458958	8,489212	2,601953	0,397561	3,824929	-3011,336964	891,055876	-2993,377874	8,852394	955,427933	31,942045	29,398752	31,135323	28,657050	32,848090	-2,669897	1,202974	1,051803	197489,738734	-0,167784	17,840700	-0,025530	0,000000	2,047062	-0,124310	-0,124307	14,037423	-0,008177	6,437690	1,799525
152,000000	8,462330	8,492571	2,588139	0,397128	3,824650	-3025,098838	890,401199	-2993,178739	8,850658	955,516007	31,940381	29,397579	31,137685	28,657106	32,857511	-2,669823	1,203204	1,052134	197497,755709	-0,167590	17,837341	-0,025628	0,000000	2,046567	-0,124310	-0,124305	14,038396	-0,008411	6,463650	1,799620
152,200000	8,465771	8,495577	2,571454	0,396476	3,829100	-3195,150747	889,815165	-2993,033362	8,849316	955,651654	31,941757	29,396711	31,133150	28,660797	32,859659	-2,670055	1,202957	1,051299	197506,396917	-0,166649	17,833334	-0,025892	0,000000	2,046664	-0,124306	-0,124304	14,039418	-0,008295	6,494397	1,799766
152,400000	8,469106	8,498793	2,587929	0,396223	3,837945	-3204,141035	890,335430	-2993,005340	8,848035	955,712466	31,946666	29,397707	31,130505	28,663958	32,854930	-2,670102	1,202785	1,051434	197502,159103	-0,166123	17,829013	-0,025996	0,000000	2,046780	-0,124303	-0,124304	14,039605	-0,007972	6,465097	1,799831
152,600000	8,472252	8,502155	2,582108	0,396364	3,845119	-2986,301791	891,287768	-2993,064849	8,846545	955,740994	31,948314	29,399533	31,132329	28,666322	32,850192	-2,669820	1,202001	1,050892	197484,422855	-0,166175	17,824676	-0,025944	0,000000	2,046795	-0,124302	-0,124306	14,039474	-0,007601	6,476334	1,799862
152,800000	8,475507	8,505406	2,568462	0,397331	3,847091	-2812,416914	891,317187	-2993,179715	8,844961	955,761002	31,943156	29,398683	31,136793	28,664813	32,849242	-2,669552	1,200954	1,050289	197457,073496	-0,166041	17,820454	-0,025805	0,000000	2,047004	-0,124301	-0,124307	14,039389	-0,007348	6,501927	1,799884
153,000000	8,478983	8,508746	2,576720	0,397929	3,840633	-2600,262336	890,617893	-2993,291682	8,843247	955,758122	31,938003	29,396280	31,140362	28,656779	32,850272	-2,669533	1,200844	1,051491	197437,558757	-0,165711	17,816412	-0,025666	0,000000	2,047361	-0,124303	-0,124306	14,039383	-0,007367	6,487843	1,799881
153,200000	8,482243	8,511922	2,557154	0,397047	3,828120	-2409,860741	890,196907	-2993,376605	8,841441	955,719242	31,940610	29,394891	31,139389	28,651871	32,849991	-2,669670	1,201217	1,051726	197454,019291	-0,165919	17,812364	-0,025630	0,000000	2,047290	-0,124303	-0,124303	14,039398	-0,007708	6,524273	1,799839
153,400000	8,485131	8,514801	2,542356	0,396305	3,818982	-2351,636928	890,679088	-2993,311481	8,839871	954,795690	31,948072	29,395408	31,135361	28,656563	32,848483	-2,669828	1,200944	1,051149	197435,363115	-0,166404	17,808297	-0,025655	0,000000	2,046774	-0,124298	-0,124300	14,031987	-0,008047	6,551945	1,798845
153,600000	8,488033	8,517754	2,573506	0,396710	3,819524	-2259,303121	891,541409	-2993,142380	8,838476	952,721449	31,952989	29,397943	31,132864	28,665663	32,846261	-2,669965	1,199070	1,051129	197380,506794	-0,166931	17,804540	-0,025880	0,000000	2,047066	-0,124296	-0,124303	14,014411	-0,007888	6,495319	1,796610
153,800000	8,491443	8,520994	2,589968	0,397476	3,827345	-2252,839671	891,874991	-2993,001798	8,837005	952,165559	31,952686	29,398991	31,132432	28,669696	32,845719	-2,669983	1,195631	1,051526	197404,956981	-0,167602	17,801185	-0,026224	0,000000	2,048062	-0,124301	-0,124306	14,009368	-0,007515	6,466463	1,796011
154,000000	8,495292	8,524376	2,577843	0,397724	3,833988	-2568,039910	891,400463	-2993,037005	8,835281	953,244359	31,949731	29,396813	31,132711	28,665006	32,851020	-2,669831	1,193115	1,051494	197417,671896	-0,167928	17,797771	-0,026155	0,000000	2,047940	-0,124306	-0,124307	14,018363	-0,007447	6,489517	1,797174
154,200000	8,499010	8,527701	2,581690	0,397929	3,832043	-2878,703510	890,592677	-2993,290096	8,833507	952,859875	31,947880	29,394681	31,136393	28,658313	32,857314	-2,669628	1,192891	1,050897	197362,836249	-0,167446	17,793954	-0,025662	0,000000	2,046840	-0,124308	-0,124303	14,015257	-0,007571	6,483543	1,796760
154,400000	8,502210	8,530847	2,583864	0,398419	3,821670	-2947,418058	890,119395	-2993,367322	8,832074	951,621698	31,947803	29,394785	31,139702	28,655828	32,857558	-2,669523	1,192683	1,051637	197308,951344	-0,166608	17,789814	-0,025498	0,000000	2,046223	-0,124311	-0,124297	14,004931	-0,007649	6,480313	1,795425
154,600000	8,505100	8,534005	2,563466	0,398368	3,811709	-3144,452371	890,193005	-2993,219244	8,830704	951,279931	31,948895	29,397031	31,135528	28,657013	32,852580	-2,669692	1,191750	1,052303	197276,777642	-0,166066	17,785764	-0,025824	0,000000	2,046422	-0,124308	-0,124296	14,001723	-0,007314	6,517980	1,795057
154,800000	8,507960	8,537357	2,570811	0,397845	3,809614	-3487,894077	890,606912	-2993,099251	8,829135	951,449078	31,952335	29,399843	31,129733	28,659626	32,847861	-2,670050	1,190232	1,051896	197274,977615	-0,166113	17,782161	-0,026158	0,000000	2,046998	-0,124302	-0,124302	14,002560	-0,006729	6,505349	1,795239
155,000000	8,510876	8,540556	2,586483	0,397450	3,815293	-3492,318442	890,967221	-2993,088608	8,827368	951,574827	31,957375	29,400419	31,130174	28,662021	32,846569	-2,670120	1,187247	1,051530	197287,111088	-0,166775	17,778678	-0,026241	0,000000	2,047441	-0,124302	-0,124308	14,003497	-0,006609	6,477802	1,795375
155,200000	8,514003	8,543542	2,568096	0,397376	3,831833	-3212,556250	891,035843	-2993,179239	8,825447	951,574638	31,957174	29,399914	31,137362	28,660361	32,848204	-2,669844	1,185711	1,051278	197308,553847	-0,167210	17,774961	-0,026051	0,000000	2,047564	-0,124304	-0,124309	14,003680	-0,006793	6,512060	1,795374
155,400000	8,517435	8,546643	2,574287	0,397399	3,856503	-3015,165112	890,714872	-2993,216272	8,823766	951,540868	31,952011	29,399194	31,143292	28,655828	32,851646	-2,669560	1,188928	1,051280	197322,288707	-0,166826	17,771214	-0,025800	0,000000	2,047242	-0,124302	-0,124304	14,003564	-0,006961	6,501661	1,795338
155,600000	8,521052	8,549960	2,594320	0,396969	3,871159	-2869,980813	890,386422	-2993,167138	8,822484	951,502474	31,951347	29,396116	31,141118	28,656190	32,854222	-2,669532	1,193298	1,052215	197302,551197	-0,166240	17,767861	-0,025834	0,000000	2,046890	-0,124298	-0,124300	14,003485	-0,007205	6,466442	1,795297
155,800000	8,524328	8,553305	2,579660	0,396946	3,865342	-2881,914465	890,542756	-2993,155727	8,821337	951,495933	31,957813	29,394095	31,133580	28,659628	32,855197	-2,669597	1,194829	1,052392	197256,550955	-0,166196	17,764809	-0,026101	0,000000	2,047017	-0,124296	-0,124302	14,003479	-0,007254	6,493995	1,795290
156,000000	8,527140	8,556490	2,578256	0,397856	3,849833	-3021,569722	891,007493	-2993,132165	8,820098	951,514608	31,965035	29,395779	31,127481	28,660151	32,853844	-2,669612	1,194190	1,051375	197214,310489	-0,166325	17,761468	-0,026168	0,000000	2,047277	-0,124298	-0,124307	14,003492	-0,007110	6,497325	1,795310
156,200000	8,530153	8,559622	2,598270	0,398560	3,837867	-2851,719970	891,215299	-2993,008147	8,818651	952,404496	31,967032	29,397742	31,127258	28,658462	32,849146	-2,669690	1,194745	1,051291	197210,816374	-0,165918	17,757837	-0,026057	0,000000	2,047421	-0,124305	-0,124305	14,010915	-0,007055	6,461907	1,796269
156,400000	8,533470	8,562850	2,584251	0,398229	3,833704	-2604,824274	890,919163	-2992,960178	8,817071	954,462478	31,963082	29,398926	31,130459	28,655764	32,847595	-2,669734	1,196807	1,051358	197188,645937	-0,165214	17,754251	-0,025994	0,000000	2,047146	-0,124311	-0,124296	14,028490	-0,007346	6,488131	1,798486
156,600000	8,536598	8,566097	2,565109	0,397433	3,838248	-2611,016705	890,765005	-2993,041857	8,815383	955,884040	31,958269	29,398979	31,133776	28,654124	32,854338	-2,669686	1,198246	1,051398	197137,242113	-0,165231	17,750906	-0,025924	0,000000	2,046400	-0,124305	-0,124293	14,040948	-0,007875	6,524061	1,800016
156,800000	8,539639	8,569216	2,588584	0,397441	3,846794	-2552,492880	890,960126	-2992,994747	8,813643	955,134468	31,959406	29,397543	31,135414	28,655926	32,859949	-2,669493	1,200001	1,051419	197144,607700	-0,166184	17,747741	-0,025904	0,000000	2,046016	-0,124296	-0,124299	14,034693	-0,007909	6,482373	1,799209
157,000000	8,542560	8,572117	2,596482	0,397619	3,851995	-2528,265661	890,907713	-2992,866607	8,812041	952,850471	31,964105	29,396275	31,132545	28,658417	32,855944	-2,669413	1,201339	1,051450	197184,129631	-0,166476	17,744370	-0,026018	0,000000	2,046481	-0,124298	-0,124305	14,015108	-0,007501	6,468828	1,796749
157,200000	8,545050	8,574859	2,574010	0,397116	3,850619	-2879,887388	890,537657	-2992,927488	8,810393	951,275995	31,966646	29,395519	31,129644	28,659694	32,848119	-2,669640	1,201695	1,050996	197213,410896	-0,165789	17,740963	-0,026022	0,000000	2,047128	-0,124304	-0,124310	14,001678	-0,007302	6,510111	1,795052
157,400000	8,547596	8,577737	2,585411	0,396989	3,840827	-3176,999338	890,398683	-2993,090189	8,808687	951,121526	31,967141	29,395822	31,134064	28,660643	32,844762	-2,669675	1,200369	1,049790	197228,743786	-0,165570	17,738060	-0,025807	0,000000	2,047411	-0,124308	-0,124308	14,000550	-0,007473	6,490373	1,794886
157,600000	8,550631	8,580829	2,599916	0,397397	3,829889	-3016,405770	890,489167	-2993,167466	8,807165	952,230735	31,965003	29,396632	31,140097	28,659446	32,848559	-2,669517	1,197226	1,050867	197213,047102	-0,165744	17,735595	-0,025839	0,000000	2,047395	-0,124311	-0,124304	14,010181	-0,007780	6,465502	1,796082
157,800000	8,553980	8,583836	2,586642	0,397866	3,832430	-2771,737089	890,360522	-2993,124224	8,805646	954,427738	31,962847	29,395558	31,139680	28,656420	32,855836	-2,669524	1,195691	1,052312	197169,388372	-0,165821	17,733099	-0,026122	0,000000	2,047184	-0,124310	-0,124304	14,028795	-0,007943	6,490595	1,798448
158,000000	8,557438	8,586636	2,599973	0,397951	3,847004	-2674,535680	890,300839	-2993,015182	8,804002	955,918673	31,966412	29,394228	31,134966	28,654802	32,861052	-2,669486	1,196307	1,052157	197115,811257	-0,166003	17,730380	-0,026245	0,000000	2,047086	-0,124305	-0,124302	14,041205	-0,007841	6,467368	1,800053
158,200000	8,560429	8,589418	2,615786	0,397249	3,858794	-2537,956867	890,576290	-2992,928556	8,802451	955,183560	31,972640	29,395240	31,131037	28,656925	32,861406	-2,669336	1,196897	1,052179	197092,558059	-0,165617	17,727714	-0,026342	0,000000	2,047085	-0,124305	-0,124298	14,034728	-0,007533	6,439856	1,799262
158,400000	8,562909	8,592368	2,590469	0,397133	3,862745	-2491,115221	891,075656	-2992,881742	8,801043	953,761675	31,974896	29,397098	31,129444	28,660610	32,857215	-2,669326	1,195324	1,051392	197108,336045	-0,164614	17,725206	-0,026331	0,000000	2,047123	-0,124308	-0,124301	14,022488	-0,007228	6,486314	1,797731
158,600000	8,565603	8,595508	2,577994	0,397852	3,864328	-2592,284572	891,639606	-2992,855087	8,799645	954,269651	31,972218	29,397966	31,131927	28,659523	32,852313	-2,669418	1,192682	1,050952	197124,449746	-0,164385	17,722672	-0,026058	0,000000	2,047451	-0,124308	-0,124306	14,026650	-0,007125	6,510188	1,798278
158,800000	8,568633	8,598591	2,592008	0,397717	3,861111	-2533,101010	891,411218	-2992,912771	8,798180	954,723347	31,968449	29,396774	31,137321	28,653118	32,852063	-2,669378	1,192912	1,051623	197108,878410	-0,164807	17,720167	-0,025839	0,000000	2,047769	-0,124311	-0,124307	14,030585	-0,007252	6,486081	1,798767
159,000000	8,571568	8,601328	2,599669	0,396735	3,850814	-2467,001388	890,689250	-2993,100247	8,796389	953,016886	31,967701	29,395649	31,140616	28,648786	32,856385	-2,669323	1,194929	1,051371	197050,556053	-0,165032	17,717516	-0,025768	0,000000	2,047157	-0,124313	-0,124305	14,016389	-0,007384	6,473239	1,796929
159,200000	8,574102	8,603941	2,610791	0,396160	3,842358	-2641,222893	890,629767	-2993,191899	8,794570	952,310643	31,971148	29,396257	31,140552	28,651611	32,857339	-2,669488	1,195208	1,050972	197001,223259	-0,165394	17,714631	-0,025784	0,000000	2,046292	-0,124312	-0,124304	14,010373	-0,007302	6,453977	1,796168
159,400000	8,576612	8,606707	2,625761	0,396269	3,843272	-2760,152368	891,078550	-2993,017684	8,793266	954,151049	31,975916	29,396618	31,139472	28,658107	32,851972	-2,669814	1,194810	1,051346	197027,209377	-0,165443	17,712027	-0,025940	0,000000	2,046684	-0,124305	-0,124307	14,025764	-0,007235	6,428185	1,798150
159,600000	8,579628	8,609358	2,617852	0,396797	3,852553	-2859,011641	891,397670	-2992,847377	8,791995	955,829020	31,978861	29,397352	31,137560	28,661511	32,846965	-2,669964	1,195540	1,051021	197093,937516	-0,164934	17,709748	-0,026071	0,000000	2,047400	-0,124298	-0,124307	14,040047	-0,007436	6,443147	1,799957
159,800000	8,582793	8,612010	2,601976	0,397523	3,862574	-3187,009311	891,397159	-2992,931023	8,790382	955,181293	31,980239	29,398692	31,135594	28,659699	32,849016	-2,669652	1,197076	1,050540	197145,895768	-0,164801	17,707622	-0,025944	0,000000	2,047475	-0,124302	-0,124301	14,034894	-0,007717	6,472513	1,799260
160,000000	8,585629	8,615031	2,609068	0,397775	3,864380	-3391,208635	891,272024	-2993,115743	8,788631	952,847254	31,979468	29,398591	31,137576	28,655909	32,856008	-2,669241	1,198199	1,050838	197183,286995	-0,165115	17,705693	-0,025776	0,000000	2,047403	-0,124309	-0,124300	14,015358	-0,007778	6,461159	1,796746
160,200000	8,588336	8,617966	2,602069	0,397525	3,856607	-3290,113287	890,945881	-2993,231827	8,786969	951,251239	31,976323	29,397037	31,140530	28,653430	32,860601	-2,669304	1,196567	1,051097	197188,064334	-0,165250	17,703518	-0,025887	0,000000	2,047261	-0,124308	-0,124302	14,001731	-0,007563	6,475007	1,795026
160,400000	8,591119	8,620439	2,586894	0,397074	3,848767	-3102,261737	890,616370	-2993,215638	8,785448	952,019776	31,976341	29,395583	31,138086	28,653377	32,859877	-2,669631	1,194540	1,051248	197138,857501	-0,164954	17,700898	-0,026228	0,000000	2,046883	-0,124300	-0,124301	14,007938	-0,007311	6,503117	1,795854
160,600000	8,593872	8,622898	2,606776	0,397010	3,851629	-2844,758018	890,950512	-2993,025983	8,784073	954,387718	31,983024	29,396564	31,131633	28,655047	32,855274	-2,669746	1,195802	1,051153	197083,412778	-0,164647	17,698357	-0,026427	0,000000	2,046657	-0,124295	-0,124301	14,027735	-0,007219	6,467805	1,798405
160,800000	8,596361	8,625819	2,610340	0,398367	3,864944	-2613,601786	891,827273	-2992,825637	8,782717	955,099390	31,989128	29,399690	31,128522	28,654862	32,851147	-2,669693	1,197857	1,051399	197092,469898	-0,164484	17,696350	-0,026245	0,000000	2,047030	-0,124297	-0,124305	14,033835	-0,007345	6,462512	1,799172
161,000000	8,598773	8,628994	2,594280	0,399348	3,877928	-2555,753517	892,102742	-2992,840083	8,781119	953,134562	31,987490	29,400126	31,131654	28,651039	32,850686	-2,669547	1,198624	1,051690	197157,160996	-0,164225	17,694461	-0,026007	0,000000	2,047427	-0,124303	-0,124307	14,017378	-0,007385	6,492927	1,797056
161,200000	8,601514	8,631819	2,595393	0,398565	3,876293	-2569,846578	891,400781	-2992,999494	8,779355	952,287975	31,980477	29,397447	31,136788	28,647854	32,852952	-2,669445	1,198789	1,050904	197213,573923	-0,163708	17,692034	-0,025936	0,000000	2,047432	-0,124305	-0,124302	14,010102	-0,007221	6,492102	1,796143
161,400000	8,604560	8,634107	2,584130	0,397509	3,861169	-2548,646368	890,493811	-2993,121829	8,777553	954,081649	31,976147	29,395264	31,139973	28,649717	32,855984	-2,669551	1,199585	1,050851	197197,492843	-0,163195	17,689318	-0,025916	0,000000	2,046894	-0,124301	-0,124300	14,025471	-0,007524	6,513189	1,798076
161,600000	8,607524	8,636288	2,579002	0,396814	3,848525	-2509,773366	890,262292	-2993,119229	8,775881	955,730661	31,979842	29,394932	31,139457	28,654543	32,857695	-2,669687	1,200554	1,051083	197162,675402	-0,163516	17,687013	-0,025928	0,000000	2,046318	-0,124300	-0,124299	14,039992	-0,008205	6,523156	1,799851
161,800000	8,610051	8,638839	2,600862	0,396531	3,846306	-2487,346918	890,883595	-2992,944937	8,774502	955,133111	31,988536	29,396360	31,136485	28,657845	32,855472	-2,669717	1,201114	1,050621	197218,475588	-0,164461	17,685481	-0,026138	0,000000	2,047010	-0,124301	-0,124302	14,034931	-0,008159	6,484583	1,799208
162,000000	8,612288	8,641868	2,617613	0,396817	3,850682	-2449,438312	891,628775	-2992,861855	8,773293	952,895374	31,994424	29,398044	31,135515	28,657572	32,850997	-2,669566	1,201642	1,050907	197272,150307	-0,164549	17,684333	-0,026409	0,000000	2,047923	-0,124303	-0,124307	14,015383	-0,007399	6,456085	1,796798
162,200000	8,614558	8,644875	2,614712	0,397408	3,855456	-2562,339794	891,805540	-2993,080376	8,771821	951,312848	31,993002	29,398983	31,139497	28,654599	32,850383	-2,669351	1,199948	1,050350	197226,596468	-0,163770	17,682737	-0,026365	0,000000	2,047894	-0,124307	-0,124308	14,001733	-0,007047	6,462772	1,795092
162,400000	8,617101	8,647239	2,603936	0,397723	3,857865	-2910,001186	891,542566	-2993,264350	8,769956	951,135813	31,988169	29,398565	31,143735	28,652351	32,855411	-2,669337	1,194749	1,050239	197165,751044	-0,163851	17,680434	-0,026089	0,000000	2,047502	-0,124308	-0,124304	14,000517	-0,007319	6,482963	1,794901
162,600000	8,619669	8,649330	2,596353	0,397657	3,854285	-3146,291430	891,208798	-2993,218098	8,768155	951,378050	31,985609	29,396716	31,140928	28,652549	32,861117	-2,669561	1,191076	1,051840	197179,284747	-0,164237	17,678143	-0,025844	0,000000	2,046990	-0,124304	-0,124301	14,002740	-0,007506	6,497194	1,795162
162,800000	8,621767	8,651608	2,585879	0,397866	3,842393	-3205,541279	890,837544	-2993,078891	8,766631	951,534597	31,985941	29,395109	31,132907	28,654768	32,861166	-2,669884	1,192351	1,051366	197209,418221	-0,164066	17,676583	-0,025821	0,000000	2,046760	-0,124297	-0,124302	14,003800	-0,007250	6,517018	1,795331
163,000000	8,623903	8,653930	2,593467	0,397972	3,828272	-3211,463161	890,720935	-2993,031643	8,765128	951,571161	31,989135	29,396105	31,126749	28,657165	32,856286	-2,669940	1,194644	1,049648	197168,012737	-0,164224	17,675263	-0,025944	0,000000	2,046997	-0,124294	-0,124304	14,003756	-0,006899	6,504171	1,795371
163,200000	8,626369	8,656496	2,620897	0,397553	3,822907	-3058,424100	891,014402	-2993,138126	8,763534	951,559097	31,992169	29,398956	31,129185	28,658794	32,851342	-2,669617	1,195908	1,049793	197102,784309	-0,164430	17,673623	-0,025980	0,000000	2,047361	-0,124297	-0,124304	14,003533	-0,006777	6,455966	1,795358
163,400000	8,628732	8,659213	2,614797	0,397390	3,837440	-2992,089304	890,970222	-2993,267035	8,762034	951,534427	31,989544	29,398944	31,138587	28,656060	32,847865	-2,669345	1,197363	1,049740	197099,186972	-0,164224	17,671947	-0,025944	0,000000	2,047623	-0,124302	-0,124306	14,003459	-0,006910	6,468281	1,795331
163,600000	8,631224	8,661475	2,595431	0,397400	3,868066	-3237,606563	890,535522	-2993,291063	8,760659	951,488370	31,985172	29,397089	31,143204	28,647261	32,849054	-2,669358	1,199556	1,049479	197146,445561	-0,163942	17,670404	-0,025964	0,000000	2,047537	-0,124303	-0,124306	14,003475	-0,007314	6,504253	1,795281
163,800000	8,633927	8,663270	2,597444	0,397111	3,892573	-3416,894920	890,616458	-2993,203903	8,759314	951,440120	31,987427	29,397493	31,138976	28,641719	32,855229	-2,669430	1,201338	1,050600	197179,777795	-0,163938	17,668943	-0,026196	0,000000	2,047052	-0,124301	-0,124302	14,003496	-0,007740	6,501182	1,795229
164,000000	8,636305	8,665150	2,585095	0,397150	3,893030	-3393,235705	891,277078	-2993,059335	8,757900	952,321295	31,995120	29,399058	31,132338	28,644858	32,858463	-2,669457	1,201359	1,050854	197154,766869	-0,163656	17,667709	-0,026333	0,000000	2,046362	-0,124303	-0,124304	14,010917	-0,007756	6,524235	1,796179
164,200000	8,638426	8,667494	2,584736	0,397644	3,873930	-3309,724852	891,758829	-2992,945374	8,756373	954,487727	32,000686	29,399684	31,129777	28,652760	32,855405	-2,669505	1,200348	1,051139	197158,660702	-0,162752	17,666976	-0,026097	0,000000	2,046550	-0,124301	-0,124310	14,028490	-0,007135	6,526134	1,798513
164,400000	8,640691	8,670102	2,611345	0,397881	3,854349	-3100,105450	891,602820	-2992,851208	8,754745	956,030912	31,999203	29,398977	31,133983	28,658534	32,852002	-2,669403	1,199368	1,051351	197254,289936	-0,162409	17,666437	-0,026047	0,000000	2,047902	-0,124297	-0,124313	14,040948	-0,006643	6,479665	1,800174
164,600000	8,642809	8,672553	2,607267	0,397918	3,849651	-2826,213443	891,265770	-2992,789331	8,752997	956,120756	31,994312	29,397937	31,138715	28,657667	32,853038	-2,669158	1,197590	1,050159	197270,638604	-0,163054	17,665262	-0,026118	0,000000	2,048561	-0,124300	-0,124311	14,042110	-0,007052	6,488338	1,800271
164,800000	8,644773	8,674681	2,595684	0,397811	3,859900	-2539,058657	891,225387	-2992,918500	8,751413	955,822927	31,994111	29,397699	31,139944	28,652165	32,856505	-2,669086	1,192988	1,049684	197180,816334	-0,163571	17,663498	-0,025859	0,000000	2,047694	-0,124306	-0,124307	14,040100	-0,007540	6,510075	1,799950
165,000000	8,646975	8,676745	2,605723	0,397250	3,871322	-2269,527654	891,245908	-2993,092759	8,750074	955,726121	31,998566	29,397786	31,140494	28,646872	32,858042	-2,669074	1,187142	1,050283	197130,809997	-0,163461	17,662066	-0,025791	0,000000	2,046314	-0,124308	-0,124303	14,039130	-0,007382	6,492806	1,799846
165,200000	8,649222	8,678896	2,605354	0,396512	3,874677	-2232,960595	891,211048	-2993,029662	8,748612	956,665995	32,002704	29,397404	31,137025	28,646373	32,854652	-2,669184	1,185466	1,051116	197151,770498	-0,163465	17,661153	-0,026082	0,000000	2,045975	-0,124305	-0,124303	14,046582	-0,006951	6,494515	1,800857
165,400000	8,651156	8,680988	2,602623	0,396328	3,871948	-2376,757875	891,326558	-2992,808094	8,746971	958,812448	32,004800	29,397383	31,131937	28,649843	32,848974	-2,669498	1,187907	1,051003	197189,836388	-0,163828	17,660306	-0,026286	0,000000	2,046799	-0,124301	-0,124306	14,064361	-0,006737	6,500429	1,803165
165,600000	8,652827	8,683358	2,612800	0,396691	3,864800	-2424,392958	891,599378	-2992,726144	8,745477	959,392650	32,005773	29,398546	31,130657	28,652045	32,848252	-2,669387	1,189301	1,049942	197202,369955	-0,163950	17,659433	-0,026228	0,000000	2,047427	-0,124301	-0,124306	14,069471	-0,006987	6,483319	1,803788
165,800000	8,654727	8,685993	2,624414	0,397240	3,852426	-2352,539801	891,782118	-2992,801938	8,744135	957,395101	32,003620	29,399145	31,132842	28,650525	32,854058	-2,668935	1,189439	1,050422	197199,312153	-0,163910	17,658624	-0,026006	0,000000	2,047667	-0,124303	-0,124307	14,053044	-0,007299	6,464026	1,801641
166,000000	8,657316	8,688247	2,624492	0,397550	3,842283	-2491,686542	891,169918	-2992,947919	8,742539	955,666556	31,997572	29,397414	31,136806	28,648009	32,861078	-2,668785	1,190313	1,050913	197191,333512	-0,164146	17,657554	-0,025843	0,000000	2,047641	-0,124307	-0,124305	14,038555	-0,007307	6,465124	1,799782
166,200000	8,660335	8,690160	2,624568	0,396980	3,846981	-2870,428893	890,051377	-2993,100675	8,740831	955,415045	31,995711	29,394601	31,137067	28,650103	32,864540	-2,668992	1,192701	1,050134	197195,200285	-0,163815	17,656016	-0,025862	0,000000	2,047050	-0,124307	-0,124299	14,036418	-0,007280	6,465772	1,799511
166,400000	8,662713	8,691931	2,617968	0,396924	3,867122	-3105,703040	890,086546	-2993,117890	8,739365	955,686180	32,003618	29,394145	31,132539	28,656283	32,863316	-2,669181	1,196736	1,050444	197208,435471	-0,162629	17,654602	-0,025995	0,000000	2,046386	-0,124301	-0,124296	14,038466	-0,007052	6,478158	1,799803
166,600000	8,664068	8,693641	2,595660	0,398171	3,888212	-3272,268269	891,350369	-2993,008897	8,737867	955,870118	32,014417	29,396848	31,127726	28,659482	32,857792	-2,669309	1,198952	1,050794	197210,093290	-0,161764	17,653797	-0,026054	0,000000	2,046504	-0,124297	-0,124300	14,039641	-0,006684	6,519079	1,800001
166,800000	8,665379	8,695599	2,609522	0,398955	3,895707	-3454,647136	892,200619	-2992,909855	8,736187	955,879841	32,017150	29,398781	31,126188	28,656068	32,851419	-2,669593	1,196997	1,050630	197225,781347	-0,161922	17,653574	-0,025972	0,000000	2,047350	-0,124302	-0,124307	14,039674	-0,006636	6,495178	1,800011
167,000000	8,667264	8,697919	2,635326	0,398697	3,889523	-3377,514363	892,154141	-2992,989986	8,734651	955,819229	32,012004	29,398813	31,127796	28,650195	32,850352	-2,669714	1,193069	1,050845	197206,517033	-0,162889	17,653654	-0,025946	0,000000	2,047508	-0,124308	-0,124307	14,039456	-0,006927	6,450642	1,799946
167,200000	8,669399	8,700236	2,616250	0,398297	3,883514	-3203,637270	891,640122	-2993,154427	8,733136	955,759662	32,008053	29,397616	31,128913	28,647904	32,855441	-2,669544	1,189863	1,050488	197144,713694	-0,163702	17,653466	-0,026048	0,000000	2,046480	-0,124305	-0,124302	14,039369	-0,007340	6,486234	1,799882
167,400000	8,671648	8,702063	2,602916	0,398029	3,883137	-3116,195758	891,085302	-2993,098441	8,731363	955,755122	32,008968	29,394965	31,129988	28,650181	32,859691	-2,669398	1,188497	1,050128	197141,147632	-0,163539	17,652585	-0,026156	0,000000	2,045975	-0,124294	-0,124299	14,039380	-0,007388	6,511247	1,799877
167,600000	8,673777	8,703737	2,598326	0,397960	3,881068	-2882,179339	890,989005	-2992,895797	8,729709	955,816921	32,011852	29,393150	31,130794	28,654303	32,857250	-2,669468	1,189701	1,050568	197169,364180	-0,162590	17,651465	-0,026355	0,000000	2,046853	-0,124290	-0,124306	14,039400	-0,006891	6,520331	1,799944
167,800000	8,675463	8,705843	2,575426	0,398603	3,876441	-2552,179901	891,577482	-2992,772701	8,728363	955,890952	32,014016	29,394012	31,130809	28,656796	32,850657	-2,669579	1,194002	1,050828	197183,619341	-0,162099	17,650808	-0,026447	0,000000	2,047890	-0,124298	-0,124313	14,039406	-0,006275	6,563296	1,800023
168,000000	8,677186	8,708201	2,590739	0,399566	3,874618	-2307,021985	892,666295	-2992,733441	8,727142	955,877126	32,015734	29,396895	31,133028	28,656266	32,847013	-2,669380	1,199108	1,051396	197192,363331	-0,162682	17,650401	-0,026196	0,000000	2,048110	-0,124306	-0,124313	14,039404	-0,006389	6,536705	1,800009
168,200000	8,679167	8,710249	2,620394	0,399865	3,873261	-2148,684852	893,288757	-2992,800216	8,725781	955,771829	32,014398	29,398879	31,135620	28,652609	32,849991	-2,669190	1,201020	1,051440	197205,162757	-0,163434	17,649804	-0,025958	0,000000	2,047725	-0,124308	-0,124309	14,039402	-0,007271	6,484278	1,799895
168,400000	8,681174	8,711609	2,609608	0,399978	3,869446	-2172,883616	892,473248	-2992,941746	8,724115	955,707947	32,010685	29,396429	31,135507	28,646872	32,856267	-2,669232	1,199837	1,051146	197215,726321	-0,163969	17,648971	-0,025949	0,000000	2,047112	-0,124308	-0,124307	14,039402	-0,007806	6,504329	1,799827
168,600000	8,683211	8,712735	2,602633	0,399854	3,867482	-2326,136260	891,732915	-2992,968756	8,722435	955,730607	32,011107	29,394463	31,133486	28,644462	32,860516	-2,669230	1,199660	1,051316	197211,089346	-0,163960	17,648302	-0,026104	0,000000	2,046647	-0,124307	-0,124302	14,039402	-0,007616	6,517444	1,799851
168,800000	8,684874	8,714448	2,616521	0,398886	3,868710	-2324,688452	892,366024	-2992,840126	8,720910	956,667225	32,014279	29,397897	31,132027	28,648587	32,861377	-2,669244	1,200954	1,051107	197230,289444	-0,163185	17,648427	-0,026276	0,000000	2,046864	-0,124304	-0,124298	14,046820	-0,007178	6,493479	1,800859
169,000000	8,686204	8,716629	2,611610	0,398657	3,870746	-2330,136640	892,532588	-2992,788115	8,719318	958,799332	32,014312	29,399330	31,131864	28,653854	32,860397	-2,669355	1,201588	1,050930	197281,768371	-0,162938	17,649155	-0,026155	0,000000	2,047408	-0,124301	-0,124300	14,064395	-0,006882	6,504012	1,803151
169,200000	8,687870	8,718867	2,597782	0,399370	3,870745	-2633,044237	891,675128	-2992,866394	8,717579	959,393969	32,009745	29,397272	31,134027	28,653756	32,858825	-2,669434	1,201637	1,050375	197330,827480	-0,163544	17,649646	-0,025769	0,000000	2,047692	-0,124300	-0,124306	14,069437	-0,006943	6,530815	1,803790
169,400000	8,689950	8,720910	2,616936	0,399620	3,864006	-2877,566864	890,875387	-2992,951982	8,715915	957,379624	32,005579	29,396584	31,136348	28,647934	32,858447	-2,669337	1,201234	1,050738	197363,576071	-0,163403	17,649362	-0,025618	0,000000	2,047815	-0,124303	-0,124308	14,053024	-0,007409	6,497529	1,801625
169,600000	8,692175	8,722405	2,636005	0,399452	3,856723	-2704,176759	890,397618	-2993,082367	8,714391	955,600627	32,006914	29,396817	31,135723	28,642462	32,860269	-2,669228	1,200978	1,051268	197351,450944	-0,162357	17,648422	-0,025839	0,000000	2,047167	-0,124305	-0,124303	14,038555	-0,007860	6,464054	1,799711
169,800000	8,694148	8,723743	2,623554	0,399534	3,865867	-2358,149315	890,485098	-2993,046017	8,713078	955,372815	32,013637	29,397004	31,132861	28,643639	32,860459	-2,669281	1,200704	1,050546	197295,381643	-0,162106	17,647631	-0,025939	0,000000	2,046173	-0,124305	-0,124294	14,036422	-0,007638	6,486824	1,799466
170,000000	8,695740	8,725453	2,623234	0,399906	3,893161	-2173,986750	891,232288	-2992,706680	8,711980	956,575936	32,021834	29,397442	31,129454	28,650342	32,855344	-2,669373	1,199360	1,051219	197269,555169	-0,162856	17,647701	-0,025841	0,000000	2,046384	-0,124304	-0,124293	14,045884	-0,007008	6,488484	1,800760
170,200000	8,697227	8,727276	2,629726	0,399840	3,916198	-2248,976144	891,807588	-2992,481452	8,710574	957,949360	32,025917	29,398466	31,128949	28,656310	32,848181	-2,669528	1,198689	1,051447	197293,342824	-0,163176	17,648181	-0,025848	0,000000	2,047163	-0,124303	-0,124302	14,057216	-0,006825	6,478228	1,802237
170,400000	8,698925	8,728925	2,621653	0,399047	3,915341	-2557,243714	891,738765	-2992,618209	8,708779	957,304689	32,024746	29,399480	31,133007	28,655852	32,847585	-2,669579	1,199952	1,050178	197331,073812	-0,162669	17,648263	-0,025992	0,000000	2,047564	-0,124305	-0,124311	14,052133	-0,007146	6,493880	1,801544
170,600000	8,700774	8,730495	2,630038	0,397973	3,894920	-2793,928293	891,291468	-2992,908377	8,707085	955,887127	32,020210	29,398806	31,141078	28,649626	32,855182	-2,669363	1,201296	1,050138	197367,959952	-0,162386	17,648244	-0,026009	0,000000	2,047687	-0,124305	-0,124313	14,040619	-0,007520	6,480097	1,800019
170,800000	8,702266	8,732118	2,630598	0,397100	3,874764	-2812,182363	890,610400	-2993,151169	8,705584	956,366329	32,013678	29,395591	31,145270	28,643404	32,861233	-2,669195	1,201384	1,050675	197367,727844	-0,163017	17,648619	-0,025790	0,000000	2,047469	-0,124301	-0,124307	14,044776	-0,007658	6,480478	1,800535
171,000000	8,703579	8,733777	2,613947	0,396530	3,869624	-2808,859521	890,250486	-2993,202983	8,703982	958,599040	32,010106	29,393350	31,138364	28,640949	32,861767	-2,669231	1,200785	1,051141	197319,530490	-0,163693	17,649160	-0,025858	0,000000	2,047061	-0,124301	-0,124298	14,063402	-0,007567	6,511574	1,802936
171,200000	8,705101	8,735250	2,624876	0,396424	3,876238	-2723,474963	890,649619	-2993,098008	8,702252	960,220095	32,013474	29,395835	31,129551	28,643274	32,861147	-2,669325	1,200088	1,050886	197277,557971	-0,163297	17,649505	-0,026064	0,000000	2,046797	-0,124305	-0,124294	14,076888	-0,007475	6,492791	1,804677
171,400000	8,706690	8,736715	2,637038	0,396984	3,883161	-2484,715976	891,297295	-2993,031020	8,700713	959,469579	32,018406	29,400046	31,128612	28,645066	32,860831	-2,669398	1,200065	1,050615	197268,431742	-0,162484	17,649706	-0,026056	0,000000	2,046950	-0,124306	-0,124296	14,070807	-0,007679	6,471997	1,803871
171,600000	8,708147	8,738637	2,621361	0,397432	3,889740	-2436,550652	891,398128	-2993,051844	8,699277	957,079850	32,018665	29,400519	31,133064	28,640403	32,861609	-2,669460	1,201171	1,050663	197277,898537	-0,162065	17,650026	-0,026196	0,000000	2,047374	-0,124303	-0,124300	14,051084	-0,007982	6,501531	1,801302
171,800000	8,709650	8,740575	2,613260	0,397302	3,896542	-2738,214825	890,774888	-2993,103732	8,697702	956,364085	32,015589	29,398025	31,136774	28,634119	32,863465	-2,669495	1,201717	1,050451	197303,574354	-0,162076	17,650335	-0,026254	0,000000	2,047421	-0,124300	-0,124303	14,044987	-0,007887	6,517670	1,800532
172,000000	8,711552	8,741956	2,618613	0,397028	3,892629	-2990,499483	890,081295	-2993,103101	8,695981	958,371768	32,014842	29,395848	31,136883	28,633903	32,865352	-2,669342	1,200965	1,051233	197315,865073	-0,162435	17,650349	-0,026108	0,000000	2,046842	-0,124298	-0,124305	14,061430	-0,007499	6,509000	1,802691
172,200000	8,713305	8,742867	2,621631	0,397006	3,872117	-2970,828177	889,964713	-2993,001374	8,694350	960,174273	32,019558	29,394748	31,133702	28,640620	32,868296	-2,669123	1,199734	1,051528	197323,086763	-0,163296	17,650133	-0,026064	0,000000	2,046523	-0,124300	-0,124306	14,076118	-0,007089	6,504055	1,804628
172,400000	8,714429	8,743808	2,633380	0,397732	3,850303	-2771,021068	890,667228	-2992,787563	8,693098	961,352471	32,027399	29,395385	31,129508	28,648839	32,867246	-2,669250	1,198284	1,050969	197363,555611	-0,164384	17,650328	-0,026033	0,000000	2,047042	-0,124301	-0,124304	14,085743	-0,006851	6,483600	1,805893
172,600000	8,715436	8,745167	2,636166	0,398702	3,848088	-2477,784815	891,624196	-2992,649894	8,691827	962,328519	32,033584	29,397639	31,126866	28,652635	32,858948	-2,669496	1,198370	1,051275	197374,196595	-0,163778	17,651375	-0,025976	0,000000	2,047504	-0,124302	-0,124301	14,093840	-0,006783	6,479811	1,806941
172,800000	8,716634	8,746581	2,614430	0,399109	3,867420	-2392,253077	891,761082	-2992,829231	8,690155	961,586175	32,034914	29,399360	31,127766	28,652034	32,853238	-2,669450	1,200010	1,050986	197349,333281	-0,162084	17,652719	-0,025943	0,000000	2,047359	-0,124307	-0,124299	14,087531	-0,006684	6,520241	1,806144
173,000000	8,718025	8,747807	2,608271	0,399181	3,888549	-2596,565063	891,196105	-2993,111989	8,688402	960,232316	32,032894	29,398665	31,130375	28,650437	32,856457	-2,669313	1,201117	1,049947	197350,859354	-0,161437	17,653900	-0,025913	0,000000	2,047004	-0,124306	-0,124296	14,076196	-0,006681	6,532714	1,804690
173,200000	8,719414	8,748925	2,626227	0,399149	3,892821	-2730,502732	890,849063	-2993,158553	8,686822	959,851962	32,031524	29,397199	31,130756	28,650403	32,862363	-2,669327	1,200554	1,050102	197365,804348	-0,161575	17,654934	-0,025912	0,000000	2,046926	-0,124300	-0,124296	14,073244	-0,006913	6,501503	1,804282
173,400000	8,720505	8,749955	2,621990	0,399017	3,884165	-2820,417066	890,896601	-2993,034948	8,685410	959,966513	32,032367	29,397978	31,130474	28,651929	32,863734	-2,669487	1,198797	1,050537	197369,064028	-0,161962	17,655825	-0,026050	0,000000	2,046872	-0,124295	-0,124297	14,074372	-0,007082	6,510110	1,804405
173,600000	8,721591	8,751223	2,613461	0,398617	3,876149	-2995,646490	891,283073	-2992,970049	8,684069	960,088896	32,034663	29,400834	31,131459	28,651446	32,861129	-2,669548	1,197773	1,050428	197369,269028	-0,162263	17,656715	-0,026281	0,000000	2,046585	-0,124296	-0,124298	14,075367	-0,007053	6,526629	1,804536
173,800000	8,722692	8,752665	2,630476	0,398344	3,874953	-2971,623701	891,661026	-2992,964704	8,682706	960,107043	32,035314	29,402255	31,135511	28,650089	32,858305	-2,669379	1,197928	1,051072	197363,785677	-0,162348	17,657772	-0,026361	0,000000	2,046419	-0,124301	-0,124299	14,075514	-0,007048	6,497421	1,804556
174,000000	8,723645	8,753869	2,624913	0,398636	3,881145	-2897,700839	891,341043	-2992,985111	8,681137	960,078365	32,031533	29,399800	31,140143	28,648234	32,856750	-2,669196	1,198462	1,050878	197351,375753	-0,162377	17,658869	-0,026405	0,000000	2,046632	-0,124302	-0,124301	14,075373	-0,007147	6,508764	1,804525
174,200000	8,724838	8,754818	2,613132	0,398462	3,891164	-3003,052304	890,433123	-2993,003642	8,679471	960,071319	32,028717	29,395315	31,138638	28,643080	32,857544	-2,669145	1,199276	1,049538	197354,446315	-0,162015	17,659814	-0,026457	0,000000	2,047108	-0,124299	-0,124300	14,075292	-0,007125	6,531059	1,804518
174,400000	8,726212	8,755498	2,618758	0,397624	3,894391	-2924,649451	890,049394	-2992,963746	8,678026	960,102207	32,033522	29,392956	31,131531	28,640892	32,859883	-2,669290	1,200959	1,049992	197374,772703	-0,161203	17,660714	-0,026276	0,000000	2,047062	-0,124299	-0,124296	14,075290	-0,006864	6,521584	1,804551
174,600000	8,727057	8,756031	2,606536	0,397668	3,887317	-2673,276441	890,810465	-2992,918028	8,676606	959,240487	32,043467	29,394575	31,125547	28,646603	32,860000	-2,669543	1,201521	1,050883	197362,421690	-0,160832	17,661826	-0,026214	0,000000	2,046523	-0,124298	-0,124296	14,067888	-0,006679	6,544308	1,803625
174,800000	8,727261	8,756700	2,607643	0,398530	3,882351	-2602,870466	891,772968	-2992,955316	8,675020	957,148669	32,051340	29,397699	31,126544	28,655846	32,854579	-2,669727	1,200310	1,051509	197366,785025	-0,161158	17,663522	-0,026321	0,000000	2,046745	-0,124294	-0,124305	14,050318	-0,006639	6,543328	1,801376
175,000000	8,727667	8,757683	2,630555	0,398505	3,887054	-2632,382416	892,139117	-2992,939568	8,673435	955,649702	32,052519	29,400003	31,131908	28,660093	32,848069	-2,669817	1,199518	1,051433	197451,829280	-0,161544	17,665662	-0,026217	0,000000	2,047750	-0,124295	-0,124313	14,037858	-0,006751	6,503507	1,799764
175,200000	8,728397	8,758785	2,633275	0,397660	3,891428	-2627,362306	892,084023	-2992,846031	8,671956	955,476263	32,049021	29,400170	31,135322	28,655245	32,849142	-2,669690	1,199742	1,050650	197480,184696	-0,161916	17,667652	-0,026172	0,000000	2,048146	-0,124301	-0,124314	14,036694	-0,007042	6,500170	1,799577
175,400000	8,728958	8,759770	2,626097	0,397408	3,885391	-2608,857794	892,193946	-2992,923772	8,670446	955,692169	32,045651	29,399033	31,138459	28,646743	32,855564	-2,669465	1,200765	1,050757	197418,726213	-0,162481	17,669336	-0,026281	0,000000	2,047763	-0,124304	-0,124310	14,038704	-0,007241	6,514422	1,799810
175,600000	8,729562	8,760757	2,637930	0,398025	3,872938	-2471,924543	892,319533	-2992,988487	8,668904	956,691994	32,043990	29,399017	31,141049	28,640735	32,860399	-2,669180	1,201430	1,050395	197371,640150	-0,163122	17,670811	-0,026323	0,000000	2,047367	-0,124302	-0,124310	14,047092	-0,007242	6,494470	1,800885
175,800000	8,730402	8,761405	2,630508	0,398479	3,865491	-2323,526818	891,828998	-2992,769115	8,667420	958,800187	32,044047	29,398773	31,136888	28,640038	32,860810	-2,669007	1,200743	1,050703	197352,470657	-0,163148	17,672227	-0,026352	0,000000	2,047304	-0,124299	-0,124312	14,064632	-0,007112	6,508629	1,803152
176,000000	8,731576	8,761736	2,602309	0,398349	3,868325	-2315,582410	891,260694	-2992,477472	8,665965	960,250415	32,045230	29,397219	31,131023	28,644260	32,857572	-2,669275	1,198869	1,051134	197328,350522	-0,162475	17,673509	-0,026398	0,000000	2,047792	-0,124298	-0,124309	14,076889	-0,007222	6,560233	1,804710
176,200000	8,733108	8,762533	2,616601	0,398433	3,878176	-2221,628627	891,357562	-2992,470701	8,664521	959,441821	32,045675	29,396632	31,131305	28,647405	32,855603	-2,669316	1,198710	1,050732	197308,384140	-0,161980	17,674935	-0,026249	0,000000	2,048411	-0,124303	-0,124303	14,070566	-0,007671	6,535364	1,803841
176,400000	8,734243	8,763709	2,630052	0,398934	3,889358	-1968,259448	891,644546	-2992,701110	8,662973	957,075460	32,042719	29,397287	31,137720	28,643434	32,858740	-2,668897	1,200750	1,051265	197308,881828	-0,162239	17,677040	-0,025969	0,000000	2,048461	-0,124310	-0,124300	14,050995	-0,007930	6,512811	1,801298
176,600000	8,734909	8,764692	2,611076	0,399105	3,898658	-1742,757709	891,250606	-2992,908312	8,661428	955,491272	32,037484	29,396071	31,143958	28,636625	32,864904	-2,668541	1,201356	1,051377	197298,936945	-0,163126	17,679231	-0,025886	0,000000	2,047911	-0,124311	-0,124297	14,037584	-0,007806	6,548703	1,799593
176,800000	8,735708	8,765349	2,620307	0,398299	3,900732	-1629,900070	890,675055	-2993,024555	8,660091	956,257956	32,036856	29,394103	31,143235	28,635514	32,870285	-2,668437	1,200291	1,051635	197280,832850	-0,163436	17,680751	-0,025995	0,000000	2,047175	-0,124307	-0,124291	14,043878	-0,007668	6,533020	1,800418
177,000000	8,736255	8,765694	2,640141	0,397283	3,892210	-1671,509876	890,827201	-2993,021802	8,658695	958,607602	32,042933	29,395077	31,138766	28,639897	32,873166	-2,668552	1,199985	1,052031	197276,851235	-0,162577	17,682015	-0,026118	0,000000	2,046557	-0,124304	-0,124289	14,063664	-0,007757	6,497966	1,802945
177,200000	8,736253	8,765897	2,629377	0,397486	3,883075	-2012,161615	891,127575	-2992,971055	8,656985	960,212762	32,048950	29,396766	31,135503	28,644584	32,869806	-2,668778	1,200787	1,051981	197292,770436	-0,161967	17,683818	-0,026243	0,000000	2,046400	-0,124301	-0,124290	14,077160	-0,007809	6,517949	1,804669
177,400000	8,736286	8,766284	2,627126	0,397889	3,883500	-2437,030864	891,229726	-2993,003751	8,655234	960,360185	32,051080	29,396728	31,134880	28,644690	32,862393	-2,669046	1,200806	1,052149	197354,547406	-0,162168	17,686256	-0,026296	0,000000	2,046889	-0,124300	-0,124290	14,078273	-0,007688	6,523143	1,804828
177,600000	8,736794	8,767078	2,638555	0,397167	3,889198	-2466,376365	891,312623	-2993,084839	8,653774	959,222578	32,051785	29,396199	31,136287	28,640880	32,860849	-2,669263	1,200492	1,051477	197389,255928	-0,161935	17,688916	-0,026162	0,000000	2,047033	-0,124301	-0,124288	14,068624	-0,007565	6,504185	1,803606
177,800000	8,737673	8,767920	2,623692	0,396595	3,893838	-2359,200997	891,125695	-2993,081056	8,652344	957,004796	32,053222	29,395811	31,137219	28,638676	32,867049	-2,669287	1,200451	1,050867	197355,775429	-0,161799	17,691379	-0,026142	0,000000	2,046386	-0,124302	-0,124291	14,050006	-0,007534	6,532389	1,801222
178,000000	8,738590	8,768304	2,614446	0,397054	3,896838	-2504,876162	890,703501	-2992,848794	8,650763	955,522055	32,056966	29,394716	31,135736	28,641207	32,870904	-2,669121	1,200445	1,050953	197352,961850	-0,162462	17,693387	-0,026292	0,000000	2,046061	-0,124301	-0,124300	14,037599	-0,007563	6,550108	1,799626
178,200000	8,739105	8,768538	2,635428	0,397638	3,898866	-2650,636311	890,438038	-2992,564936	8,649230	956,310543	32,062909	29,392513	31,129462	28,648064	32,865447	-2,669141	1,201513	1,051759	197376,719122	-0,162851	17,695105	-0,026384	0,000000	2,046490	-0,124300	-0,124304	14,044077	-0,007426	6,512972	1,800475
178,400000	8,739091	8,769121	2,635206	0,398145	3,899647	-2807,691274	890,744318	-2992,551190	8,647739	958,720044	32,068440	29,393015	31,124144	28,654117	32,855373	-2,669398	1,202592	1,051610	197407,730795	-0,162617	17,696984	-0,026435	0,000000	2,047187	-0,124299	-0,124303	14,063735	-0,006886	6,514326	1,803066
178,600000	8,739056	8,769868	2,622260	0,398995	3,898485	-3084,078857	891,505805	-2992,689461	8,646297	959,492247	32,071284	29,397412	31,126881	28,655448	32,848662	-2,669435	1,202719	1,050596	197449,687324	-0,162160	17,699227	-0,026393	0,000000	2,047736	-0,124300	-0,124299	14,069730	-0,006413	6,538920	1,803895
178,800000	8,739415	8,770403	2,630142	0,399381	3,890548	-3111,627494	891,995115	-2992,748111	8,644795	957,508521	32,069625	29,400073	31,132372	28,653144	32,849071	-2,669395	1,202151	1,050345	197469,378653	-0,161825	17,701552	-0,026314	0,000000	2,047922	-0,124301	-0,124296	14,053262	-0,006566	6,525985	1,801763
179,000000	8,740285	8,770849	2,625336	0,399193	3,876401	-2966,973697	891,618057	-2992,785025	8,643202	955,699848	32,066458	29,398178	31,135941	28,649074	32,852995	-2,669550	1,200756	1,049912	197465,807735	-0,161628	17,703777	-0,026205	0,000000	2,047787	-0,124302	-0,124298	14,038585	-0,007057	6,535883	1,799818
179,200000	8,741396	8,771453	2,620198	0,398681	3,871356	-2908,074828	891,131734	-2992,878622	8,641596	956,285002	32,067311	29,396134	31,135759	28,645890	32,855180	-2,669630	1,201016	1,050033	197465,047939	-0,161625	17,706069	-0,026102	0,000000	2,047665	-0,124302	-0,124304	14,043804	-0,007367	6,546464	1,800447
179,400000	8,742112	8,772145	2,638453	0,397805	3,886594	-2703,920702	891,703474	-2992,838805	8,639966	957,746217	32,070515	29,401663	31,133021	28,647399	32,855616	-2,669592	1,203083	1,050853	197470,660149	-0,161687	17,708489	-0,026218	0,000000	2,047703	-0,124303	-0,124307	14,056023	-0,007335	6,514760	1,802019
179,600000	8,742490	8,772846	2,635839	0,397821	3,911015	-2455,071091	892,492919	-2992,675789	8,638470	957,307941	32,071078	29,417740	31,133830	28,651012	32,854776	-2,669552	1,203411	1,051130	197469,965119	-0,161897	17,710879	-0,026374	0,000000	2,047799	-0,124303	-0,124307	14,052100	-0,007085	6,520458	1,801548
179,800000	8,742976	8,773578	2,622739	0,398757	3,919954	-2467,321164	892,293711	-2992,704412	8,637135	956,859106	32,066904	29,436184	31,139558	28,647905	32,853617	-2,669354	1,202353	1,050245	197482,249789	-0,162033	17,713323	-0,026287	0,000000	2,047752	-0,124303	-0,124309	14,048257	-0,007006	6,545168	1,801065
180,000000	8,743816	8,774265	2,638376	0,398936	3,901547	-2547,549800	891,465536	-2992,895746	8,635766	957,623762	32,060726	29,444152	31,146545	28,638044	32,857404	-2,668976	1,202032	1,050015	197497,060064	-0,162031	17,716032	-0,026079	0,000000	2,047563	-0,124310	-0,124308	14,055023	-0,007361	6,518444	1,801887
180,200000	8,744865	8,774837	2,635206	0,397958	3,873455	-2546,696095	890,760347	-2993,086387	8,634172	957,958187	32,056310	29,441780	31,149244	28,630429	32,865003	-2,668895	1,202686	1,051316	197468,724332	-0,162347	17,718748	-0,025944	0,000000	2,046932	-0,124314	-0,124301	14,058275	-0,007810	6,525627	1,802247
180,400000	8,745698	8,775247	2,609489	0,397267	3,863021	-2596,727035	890,475326	-2993,160711	8,632491	958,808879	32,055970	29,439153	31,145680	28,629368	32,867622	-2,669163	1,203333	1,051242	197423,622223	-0,162401	17,721109	-0,025876	0,000000	2,045988	-0,124311	-0,124297	14,065569	-0,007976	6,573296	1,803161
180,600000	8,746158	8,775644	2,619178	0,397763	3,870187	-2563,635731	890,655874	-2992,961261	8,630909	959,063140	32,060199	29,439228	31,140986	28,634091	32,863087	-2,669280	1,203886	1,050390	197431,499735	-0,162396	17,723157	-0,026090	0,000000	2,045952	-0,124305	-0,124298	14,067628	-0,007905	6,556604	1,803434
180,800000	8,746330	8,776207	2,621822	0,398371	3,877232	-2363,589135	890,788973	-2992,683853	8,629283	957,218811	32,065031	29,439323	31,137411	28,639848	32,857718	-2,669286	1,203833	1,051042	197469,071969	-0,162416	17,725239	-0,026447	0,000000	2,046646	-0,124300	-0,124302	14,052126	-0,007859	6,552880	1,801452
181,000000	8,746595	8,776745	2,600724	0,398129	3,883288	-2261,261366	890,785122	-2992,743887	8,627743	955,595353	32,067744	29,439410	31,136605	28,640351	32,858829	-2,669357	1,203065	1,050718	197483,010049	-0,161863	17,727493	-0,026370	0,000000	2,047223	-0,124302	-0,124304	14,038577	-0,007926	6,592496	1,799705
181,200000	8,747251	8,777305	2,619496	0,397341	3,895807	-2291,857904	891,285162	-2993,045268	8,626388	955,370036	32,068219	29,440135	31,140867	28,636900	32,865640	-2,669250	1,202791	1,049879	197475,078530	-0,161396	17,729879	-0,026113	0,000000	2,047496	-0,124304	-0,124300	14,036606	-0,007845	6,559609	1,799463
181,400000	8,748160	8,777993	2,641788	0,397019	3,906285	-2356,400623	891,389404	-2993,139962	8,624933	956,525490	32,066909	29,439349	31,140792	28,634802	32,870332	-2,669097	1,202556	1,051194	197488,731343	-0,161411	17,732441	-0,026267	0,000000	2,047252	-0,124301	-0,124298	14,045948	-0,007495	6,520836	1,800706
181,600000	8,748913	8,778420	2,626431	0,397186	3,901849	-2697,544313	890,544581	-2992,979912	8,623303	958,781374	32,069160	29,436442	31,132625	28,636532	32,868278	-2,669314	1,201748	1,052412	197536,523292	-0,161848	17,734823	-0,026669	0,000000	2,046672	-0,124298	-0,124302	14,064621	-0,007258	6,549529	1,803132
181,800000	8,749256	8,778643	2,627153	0,397147	3,882486	-3150,647462	890,350351	-2992,800625	8,621731	959,363284	32,078645	29,436547	31,124814	28,642587	32,862073	-2,669621	1,201168	1,051944	197559,732561	-0,162424	17,736818	-0,026894	0,000000	2,046519	-0,124294	-0,124307	14,069691	-0,007454	6,548939	1,803757
182,000000	8,749503	8,779204	2,631492	0,397608	3,862864	-3167,850142	891,496177	-2992,690215	8,620370	957,341622	32,088173	29,441695	31,121885	28,648768	32,856651	-2,669647	1,201808	1,051843	197553,571652	-0,162516	17,739050	-0,026952	0,000000	2,046918	-0,124294	-0,124309	14,053074	-0,007777	6,542129	1,801584
182,200000	8,749746	8,779936	2,604876	0,398446	3,861488	-2983,156133	892,296432	-2992,646368	8,618915	955,601928	32,088970	29,445348	31,125553	28,648931	32,854185	-2,669638	1,203035	1,051548	197553,910062	-0,162200	17,741695	-0,026919	0,000000	2,047298	-0,124296	-0,124309	14,038523	-0,007817	6,591952	1,799712
182,400000	8,749983	8,780440	2,607188	0,398539	3,880415	-2946,257452	891,694774	-2992,686535	8,617362	955,366500	32,083707	29,444146	31,132336	28,644225	32,855442	-2,669655	1,204606	1,050383	197553,245943	-0,161706	17,744199	-0,026776	0,000000	2,047514	-0,124298	-0,124307	14,036400	-0,007670	6,589168	1,799459
182,600000	8,750645	8,781012	2,621673	0,398381	3,900577	-2826,535026	890,724413	-2992,744066	8,615998	956,489710	32,081388	29,440935	31,135806	28,641798	32,857929	-2,669596	1,204748	1,050775	197525,337058	-0,161770	17,746283	-0,026608	0,000000	2,047318	-0,124297	-0,124307	14,045882	-0,007729	6,564092	1,800668
182,800000	8,751568	8,781689	2,598384	0,398541	3,905849	-2608,510516	890,599727	-2992,697957	8,614632	958,688639	32,084224	29,439612	31,136491	28,645736	32,857762	-2,669584	1,203019	1,050823	197524,099091	-0,162509	17,748098	-0,026413	0,000000	2,047170	-0,124293	-0,124308	14,064637	-0,008051	6,607794	1,803032
183,000000	8,752231	8,782111	2,600095	0,398916	3,895551	-2469,374328	891,409174	-2992,553622	8,613112	960,164655	32,088569	29,441715	31,135154	28,649718	32,852807	-2,669648	1,200961	1,050245	197603,788582	-0,162752	17,749964	-0,026326	0,000000	2,047837	-0,124291	-0,124311	14,077127	-0,008179	6,605555	1,804618
183,200000	8,752700	8,782580	2,624670	0,399395	3,877468	-2376,348164	892,240818	-2992,585463	8,611481	960,293528	32,089638	29,443458	31,132333	28,646739	32,846418	-2,669741	1,198716	1,050829	197643,162623	-0,162451	17,752051	-0,026378	0,000000	2,048460	-0,124294	-0,124313	14,078071	-0,008043	6,561714	1,804756
183,400000	8,753118	8,783381	2,614232	0,399420	3,863729	-2501,838311	892,179581	-2992,955805	8,609778	960,011482	32,084924	29,442396	31,135790	28,640533	32,846335	-2,669734	1,198123	1,049753	197565,531128	-0,162565	17,754454	-0,026244	0,000000	2,048327	-0,124300	-0,124308	14,075973	-0,008307	6,582214	1,804453
183,600000	8,753638	8,784301	2,610042	0,398943	3,861858	-2807,449470	891,417188	-2993,283681	8,608144	959,813683	32,077477	29,440876	31,142858	28,637005	32,854175	-2,669433	1,199065	1,049061	197474,132646	-0,163073	17,756966	-0,026109	0,000000	2,047989	-0,124302	-0,124302	14,075014	-0,009004	6,591602	1,804241
183,800000	8,754801	8,785083	2,634906	0,398451	3,868361	-2785,970184	890,942977	-2993,245041	8,606633	959,790847	32,072665	29,440185	31,142765	28,635615	32,864291	-2,669141	1,199802	1,050962	197475,254353	-0,162624	17,758932	-0,026306	0,000000	2,047609	-0,124304	-0,124298	14,075070	-0,009251	6,547733	1,804216
184,000000	8,756025	8,785485	2,626309	0,397719	3,879953	-2661,817919	891,068276	-2993,027451	8,605148	959,851431	32,073306	29,439997	31,138215	28,634293	32,868532	-2,669228	1,200259	1,051252	197540,570687	-0,161500	17,760439	-0,026591	0,000000	2,046964	-0,124308	-0,124299	14,075278	-0,008952	6,564003	1,804281
184,200000	8,756441	8,785748	2,600527	0,396629	3,894144	-2875,453719	891,262013	-2992,951315	8,603721	958,984870	32,077194	29,440871	31,136407	28,632654	32,865560	-2,669384	1,201050	1,050775	197583,460320	-0,161462	17,762251	-0,026565	0,000000	2,046586	-0,124310	-0,124302	14,067927	-0,008859	6,611843	1,803350
184,400000	8,756627	8,786299	2,618091	0,396402	3,901308	-3011,492527	891,246227	-2993,028911	8,602442	956,877178	32,079241	29,442638	31,141108	28,633602	32,861531	-2,669296	1,201828	1,051782	197590,051852	-0,162468	17,764549	-0,026264	0,000000	2,046803	-0,124306	-0,124307	14,050335	-0,008933	6,581002	1,801084
184,600000	8,757151	8,786940	2,626672	0,397392	3,895362	-2865,054497	890,952434	-2993,141021	8,601043	956,275525	32,077213	29,442809	31,148133	28,635660	32,859750	-2,669078	1,200627	1,051770	197576,451837	-0,163355	17,767047	-0,026092	0,000000	2,047189	-0,124300	-0,124308	14,045274	-0,008917	6,566921	1,800437
184,800000	8,757919	8,787469	2,609063	0,397615	3,885959	-2749,531424	890,243525	-2993,181684	8,599443	958,223947	32,074882	29,439904	31,147719	28,631471	32,861188	-2,669025	1,199036	1,051160	197554,558492	-0,163128	17,769371	-0,026148	0,000000	2,047223	-0,124302	-0,124303	14,061683	-0,008991	6,600266	1,802533
185,000000	8,758489	8,787974	2,625262	0,396766	3,882833	-2626,254596	890,033904	-2993,079154	8,597944	959,942381	32,079362	29,437298	31,140258	28,627151	32,865325	-2,669067	1,199929	1,051374	197550,896236	-0,162651	17,771417	-0,026202	0,000000	2,046583	-0,124308	-0,124297	14,076155	-0,009068	6,571740	1,804379
185,200000	8,758548	8,788558	2,634063	0,396647	3,885008	-2436,343266	890,866273	-2992,954454	8,596530	959,308588	32,089407	29,438158	31,132467	28,631802	32,867431	-2,669091	1,201866	1,051683	197540,501307	-0,162952	17,773469	-0,026196	0,000000	2,046015	-0,124307	-0,124295	14,070872	-0,009093	6,556769	1,803698
185,400000	8,758587	8,789218	2,608458	0,397397	3,889703	-2422,758649	891,418996	-2992,902024	8,595101	957,013195	32,097299	29,439964	31,127919	28,641022	32,863265	-2,669270	1,203436	1,051681	197547,006626	-0,163012	17,775549	-0,026221	0,000000	2,046338	-0,124299	-0,124298	14,051252	-0,008709	6,604418	1,801231
185,600000	8,759273	8,789728	2,615619	0,398188	3,895440	-2479,590532	891,402790	-2992,789199	8,593667	955,487866	32,100886	29,440297	31,127736	28,647525	32,856735	-2,669493	1,204268	1,051184	197626,848715	-0,162327	17,777495	-0,026355	0,000000	2,047292	-0,124295	-0,124306	14,037619	-0,007870	6,592378	1,799590
185,800000	8,760300	8,790076	2,636578	0,398724	3,899884	-2408,640692	891,368515	-2992,662495	8,592270	955,380558	32,100804	29,439657	31,128283	28,647361	32,856226	-2,669467	1,204581	1,050703	197661,264318	-0,161633	17,779391	-0,026346	0,000000	2,047959	-0,124299	-0,124309	14,036423	-0,007574	6,555308	1,799474
186,000000	8,761001	8,790528	2,624579	0,398903	3,900807	-2606,651701	891,128026	-2992,782982	8,590919	955,614966	32,099902	29,439658	31,129576	28,641278	32,860443	-2,669308	1,203853	1,050706	197604,609095	-0,161988	17,781505	-0,026014	0,000000	2,047453	-0,124307	-0,124307	14,038651	-0,007835	6,578144	1,799726
186,200000	8,761324	8,791171	2,624568	0,398837	3,897609	-3113,088824	891,006090	-2992,934625	8,589431	956,632052	32,101295	29,441357	31,132536	28,636828	32,860678	-2,669228	1,201509	1,051481	197568,201241	-0,162536	17,783910	-0,025973	0,000000	2,046450	-0,124306	-0,124302	14,047125	-0,007778	6,579514	1,800821
186,400000	8,761500	8,791779	2,632273	0,398622	3,890731	-3270,123626	891,434372	-2992,846118	8,587843	957,875602	32,103421	29,443570	31,131052	28,639294	32,854476	-2,669286	1,199351	1,052357	197600,223533	-0,162181	17,786296	-0,026352	0,000000	2,046181	-0,124298	-0,124300	14,057238	-0,007465	6,566752	1,802158
186,600000	8,761940	8,792257	2,601873	0,398526	3,884390	-3222,126882	891,886327	-2992,678928	8,586333	957,275629	32,104485	29,444111	31,127200	28,643745	32,847841	-2,669506	1,198418	1,051029	197656,264449	-0,161798	17,788428	-0,026453	0,000000	2,046618	-0,124297	-0,124303	14,051898	-0,007155	6,623248	1,801513
186,800000	8,762643	8,793081	2,594010	0,398825	3,881943	-3371,487734	891,780178	-2992,715165	8,584867	955,941374	32,104519	29,443899	31,128712	28,644521	32,846794	-2,669570	1,198298	1,049272	197681,079388	-0,161401	17,790571	-0,026214	0,000000	2,047275	-0,124300	-0,124308	14,040527	-0,006973	6,639150	1,800078
187,000000	8,763070	8,794048	2,628172	0,399136	3,882418	-3301,204477	891,809462	-2992,926018	8,583373	955,517429	32,100788	29,445489	31,137543	28,641054	32,850468	-2,669476	1,198469	1,050202	197679,058577	-0,161159	17,792624	-0,026181	0,000000	2,047614	-0,124304	-0,124309	14,037371	-0,007374	6,578146	1,799621
187,200000	8,763657	8,794578	2,626366	0,398951	3,887220	-2951,961156	891,667725	-2993,117517	8,581863	955,530754	32,092912	29,444895	31,146843	28,635577	32,854698	-2,669372	1,198538	1,050718	197684,190523	-0,161808	17,794183	-0,026246	0,000000	2,047440	-0,124311	-0,124304	14,038432	-0,008323	6,582575	1,799636
187,400000	8,764861	8,794992	2,612523	0,398211	3,894955	-2665,012019	890,894140	-2993,232382	8,580437	954,667662	32,088567	29,440921	31,148839	28,633489	32,858469	-2,669248	1,198023	1,050517	197692,254920	-0,162571	17,795705	-0,026146	0,000000	2,047130	-0,124314	-0,124302	14,032024	-0,009158	6,608801	1,798707
187,600000	8,765829	8,795443	2,628422	0,397712	3,895090	-2425,661707	890,742884	-2993,184475	8,579093	953,456933	32,093491	29,438492	31,143718	28,634397	32,862352	-2,669137	1,198177	1,051310	197675,719376	-0,162459	17,797651	-0,026107	0,000000	2,047066	-0,124309	-0,124304	14,022032	-0,009331	6,580782	1,797403
187,800000	8,766237	8,795875	2,623518	0,397862	3,886802	-2329,390490	891,218405	-2993,009657	8,577643	954,072550	32,101636	29,438259	31,136851	28,634128	32,863461	-2,669040	1,198854	1,050909	197683,444274	-0,161862	17,799707	-0,026019	0,000000	2,047392	-0,124304	-0,124305	14,027011	-0,009141	6,590604	1,798066
188,000000	8,766668	8,796244	2,611316	0,397682	3,883388	-2447,200838	891,245016	-2992,912392	8,576067	954,534262	32,104134	29,440094	31,135488	28,633492	32,860826	-2,668995	1,199217	1,050568	197764,230893	-0,161704	17,801598	-0,025871	0,000000	2,047655	-0,124306	-0,124305	14,030808	-0,009061	6,613773	1,798563
188,200000	8,767074	8,796386	2,633291	0,396814	3,889100	-2460,930132	890,927856	-2992,991315	8,574513	952,819454	32,101312	29,442530	31,138399	28,630252	32,862041	-2,668874	1,200380	1,050870	197805,656860	-0,162026	17,803637	-0,025944	0,000000	2,047057	-0,124309	-0,124305	14,016401	-0,009055	6,574594	1,796716
188,400000	8,767046	8,796128	2,638707	0,396362	3,894258	-2388,441244	890,740682	-2993,133777	8,572837	951,202619	32,097382	29,442842	31,141585	28,625333	32,870325	-2,668759	1,201200	1,050802	197757,612985	-0,162321	17,806239	-0,026112	0,000000	2,045907	-0,124308	-0,124300	14,002917	-0,009157	6,565646	1,794973
188,600000	8,766619	8,795487	2,619413	0,396686	3,895215	-2622,082885	890,623311	-2993,112221	8,571101	951,833160	32,096526	29,442043	31,143449	28,626614	32,875787	-2,668906	1,201564	1,051549	197739,633026	-0,162437	17,809450	-0,026172	0,000000	2,045342	-0,124304	-0,124296	14,008172	-0,009113	6,601494	1,795653
188,800000	8,766003	8,794868	2,631783	0,396834	3,894887	-2974,605440	890,637346	-2992,909419	8,569712	954,204277	32,101856	29,441725	31,138987	28,633369	32,871497	-2,669178	1,201945	1,052088	197760,704330	-0,162264	17,813064	-0,026134	0,000000	2,045869	-0,124304	-0,124297	14,027589	-0,008613	6,579816	1,798208
189,000000	8,765214	8,794181	2,641972	0,396378	3,894034	-3059,342145	890,796196	-2992,798545	8,568474	955,020179	32,110025	29,442555	31,132767	28,638623	32,861256	-2,669410	1,202045	1,051539	197764,749501	-0,162069	17,816968	-0,026003	0,000000	2,046880	-0,124307	-0,124300	14,033735	-0,007911	6,562214	1,799086
189,200000	8,764201	8,793381	2,614269	0,395979	3,891566	-3094,992896	890,747987	-2992,880945	8,566927	953,107723	32,115082	29,443291	31,133042	28,640509	32,852924	-2,669488	1,202554	1,050803	197763,451455	-0,162211	17,821216	-0,025955	0,000000	2,047287	-0,124310	-0,124305	14,017370	-0,007602	6,613586	1,797027
189,400000	8,763253	8,792913	2,616350	0,395915	3,885787	-3120,537530	890,614317	-2992,948940	8,565227	952,204162	32,113930	29,441966	31,134464	28,640774	32,852142	-2,669383	1,202390	1,051009	197788,121134	-0,161852	17,825566	-0,026015	0,000000	2,047149	-0,124310	-0,124306	14,010119	-0,007942	6,611133	1,796053
189,600000	8,762585	8,792573	2,634981	0,396558	3,880393	-2861,332283	890,672373	-2992,948094	8,563783	953,986338	32,111861	29,439954	31,132069	28,639929	32,856453	-2,669459	1,201102	1,051805	197830,795692	-0,161441	17,829600	-0,026160	0,000000	2,047040	-0,124303	-0,124302	14,025478	-0,008332	6,578469	1,797973
189,800000	8,761956	8,791918	2,620903	0,397324	3,885408	-2528,401100	891,141830	-2992,848376	8,562494	955,739362	32,116223	29,440707	31,130077	28,638786	32,858505	-2,669649	1,201262	1,051546	197856,823736	-0,161794	17,833213	-0,026447	0,000000	2,047045	-0,124294	-0,124299	14,039991	-0,008132	6,604905	1,799860
190,000000	8,761272	8,791231	2,625531	0,397272	3,900145	-2337,776706	892,040361	-2992,595898	8,561272	956,079069	32,122522	29,444047	31,129888	28,641925	32,855924	-2,669648	1,202799	1,050879	197853,424758	-0,162226	17,836759	-0,026549	0,000000	2,047296	-0,124291	-0,124301	14,042347	-0,007638	6,597234	1,800226
190,200000	8,760357	8,790863	2,637105	0,397980	3,909081	-2224,615934	892,394235	-2992,447925	8,560050	954,963637	32,123523	29,445122	31,131530	28,647745	32,851688	-2,669661	1,202912	1,051265	197860,460933	-0,162258	17,840756	-0,026436	0,000000	2,047716	-0,124292	-0,124307	14,032958	-0,007608	6,577459	1,799025
190,400000	8,759469	8,790358	2,617256	0,398970	3,902951	-2402,901627	891,898784	-2992,562714	8,558495	952,678828	32,118598	29,442740	31,137049	28,646599	32,848107	-2,669774	1,202649	1,051261	197908,386071	-0,161463	17,844891	-0,026394	0,000000	2,047882	-0,124295	-0,124309	14,014193	-0,008027	6,614950	1,796565
190,600000	8,759245	8,789447	2,617906	0,398466	3,888655	-2814,857634	891,223425	-2992,804615	8,556798	952,028387	32,111701	29,439986	31,142891	28,636429	32,848946	-2,669712	1,203206	1,050720	197931,164756	-0,160880	17,848566	-0,026420	0,000000	2,048034	-0,124304	-0,124308	14,009097	-0,008397	6,614696	1,795864
190,800000	8,759134	8,788436	2,638959	0,397436	3,877557	-2917,108820	890,578713	-2993,031711	8,555229	953,974551	32,107068	29,438491	31,145031	28,626942	32,854368	-2,669445	1,204201	1,051214	197876,367115	-0,161307	17,852242	-0,026308	0,000000	2,047923	-0,124313	-0,124304	14,025723	-0,008675	6,577144	1,797960
191,000000	8,758455	8,787592	2,623931	0,396784	3,878519	-2932,530503	890,061845	-2993,154244	8,553776	954,811130	32,105766	29,438222	31,144023	28,626480	32,856578	-2,669309	1,203917	1,050742	197807,925317	-0,161658	17,856445	-0,026150	0,000000	2,047062	-0,124311	-0,124299	14,032864	-0,008794	6,605413	1,798861
191,200000	8,757439	8,787075	2,612105	0,396607	3,887652	-3237,277397	889,880442	-2993,121170	8,552331	952,975440	32,106174	29,438168	31,141573	28,630646	32,853523	-2,669327	1,201421	1,049771	197818,359839	-0,161934	17,860889	-0,026289	0,000000	2,046743	-0,124306	-0,124302	14,017413	-0,008756	6,628305	1,796884
191,400000	8,756493	8,786647	2,636424	0,396819	3,890932	-3346,743121	890,041072	-2993,074793	8,550659	951,234685	32,106345	29,438705	31,138826	28,632208	32,851776	-2,669350	1,200373	1,050161	197890,833396	-0,162666	17,864991	-0,026466	0,000000	2,047340	-0,124305	-0,124307	14,002888	-0,008859	6,585087	1,795008
191,600000	8,755877	8,785959	2,633215	0,396909	3,888732	-3221,657688	890,418259	-2993,212212	8,548889	950,935078	32,105715	29,440392	31,138818	28,630200	32,855439	-2,669411	1,200781	1,049992	197955,096865	-0,163230	17,868535	-0,026276	0,000000	2,047861	-0,124307	-0,124308	14,000546	-0,009036	6,591714	1,794685
191,800000	8,755607	8,785185	2,618863	0,396784	3,893327	-3192,359673	890,601519	-2993,412262	8,547281	951,158206	32,104875	29,440894	31,144173	28,626246	32,863135	-2,669249	1,200811	1,049436	197978,506964	-0,163091	17,872117	-0,025816	0,000000	2,047738	-0,124311	-0,124302	14,002525	-0,009139	6,618787	1,794925
192,000000	8,755306	8,784523	2,634566	0,396862	3,903104	-2999,481782	890,411082	-2993,425878	8,545892	951,300832	32,104884	29,439130	31,148923	28,622945	32,869759	-2,668977	1,200922	1,050476	197969,025907	-0,162517	17,876365	-0,025611	0,000000	2,046962	-0,124313	-0,124296	14,003715	-0,009130	6,591428	1,795079
192,200000	8,754506	8,783757	2,619532	0,397020	3,904860	-2595,792187	890,099195	-2993,171131	8,544625	951,310855	32,107519	29,438099	31,145700	28,623291	32,870036	-2,669167	1,200590	1,051656	197968,489695	-0,161990	17,880952	-0,025899	0,000000	2,046294	-0,124309	-0,124294	14,003767	-0,009098	6,619963	1,795090
192,400000	8,753371	8,782841	2,596674	0,396754	3,893856	-2273,008751	890,167482	-2992,871018	8,543284	951,276972	32,116040	29,440063	31,136316	28,628642	32,865761	-2,669512	1,200490	1,051386	197983,739332	-0,161831	17,885095	-0,026178	0,000000	2,046116	-0,124300	-0,124296	14,003553	-0,009169	6,662741	1,795053
192,600000	8,752534	8,781909	2,625445	0,396796	3,878330	-2066,697315	890,794767	-2992,749634	8,541827	951,271072	32,125939	29,442095	31,129592	28,633673	32,861989	-2,669481	1,200521	1,051096	197975,865872	-0,162084	17,888941	-0,026266	0,000000	2,046182	-0,124294	-0,124300	14,003464	-0,009129	6,610415	1,795047
192,800000	8,751942	8,781076	2,638549	0,397125	3,874524	-2031,078453	891,086606	-2992,807808	8,540235	951,304277	32,126399	29,441647	31,129712	28,632716	32,860345	-2,669268	1,199319	1,050959	197955,133048	-0,162931	17,893002	-0,026280	0,000000	2,046289	-0,124297	-0,124303	14,003473	-0,008859	6,587530	1,795083
193,000000	8,751413	8,780549	2,619795	0,396656	3,889920	-2261,199554	890,631338	-2992,972618	8,538545	951,339797	32,118888	29,440750	31,132795	28,630783	32,860263	-2,669132	1,197500	1,050324	197948,825035	-0,163577	17,897213	-0,026321	0,000000	2,046430	-0,124304	-0,124303	14,003494	-0,008581	6,622980	1,795121
193,200000	8,751270	8,780451	2,626115	0,396144	3,907424	-2467,385025	890,092709	-2993,078009	8,536930	950,498269	32,114657	29,439644	31,134175	28,633770	32,859658	-2,669138	1,196571	1,050138	197903,189071	-0,163066	17,901492	-0,026471	0,000000	2,046351	-0,124303	-0,124302	13,996082	-0,008245	6,612997	1,794214
193,400000	8,751358	8,780815	2,622605	0,396622	3,906348	-2488,185250	889,992620	-2993,056796	8,535406	949,340266	32,117964	29,438318	31,133937	28,640379	32,857712	-2,669415	1,197538	1,051131	197864,937238	-0,162297	17,905316	-0,026563	0,000000	2,046474	-0,124296	-0,124303	13,985922	-0,007826	6,621095	1,792964
193,600000	8,751325	8,781405	2,598754	0,397516	3,891188	-2627,167504	890,461796	-2992,875484	8,533962	949,981167	32,125557	29,439711	31,133741	28,645131	32,852205	-2,669823	1,198931	1,051733	197934,760870	-0,161888	17,908068	-0,026624	0,000000	2,047562	-0,124290	-0,124307	13,991037	-0,007548	6,666408	1,793656
193,800000	8,751458	8,781929	2,619818	0,398067	3,877335	-2841,561752	891,087936	-2992,698337	8,532574	951,321252	32,132048	29,442635	31,132738	28,642829	32,844303	-2,669946	1,199013	1,050947	198002,557966	-0,161581	17,909893	-0,026572	0,000000	2,048382	-0,124293	-0,124313	14,002333	-0,007576	6,628524	1,795101
194,000000	8,752198	8,782525	2,645440	0,398518	3,873856	-2828,702103	891,360234	-2992,793923	8,531110	950,755951	32,132213	29,442688	31,133910	28,636646	32,843472	-2,669787	1,199219	1,050630	197978,976057	-0,161571	17,911359	-0,026235	0,000000	2,047972	-0,124307	-0,124315	13,998089	-0,008085	6,582858	1,794492
194,200000	8,753200	8,783427	2,618725	0,398476	3,883898	-2839,216856	891,199688	-2993,005797	8,529574	949,363848	32,126536	29,440910	31,139337	28,632235	32,851097	-2,669578	1,200866	1,050360	197939,097279	-0,161948	17,913103	-0,025902	0,000000	2,047403	-0,124318	-0,124307	13,986891	-0,008596	6,632919	1,792990
194,400000	8,753952	8,784357	2,610138	0,397785	3,899136	-2996,433100	890,890060	-2993,042458	8,528131	949,849182	32,119533	29,440540	31,141865	28,630318	32,859309	-2,669421	1,202533	1,050183	197969,400621	-0,161877	17,914790	-0,025857	0,000000	2,047293	-0,124314	-0,124300	13,991002	-0,008624	6,650034	1,793513
194,600000	8,754417	8,784920	2,632243	0,397309	3,903992	-2885,083828	890,631239	-2992,920860	8,526770	951,201124	32,116286	29,440315	31,140041	28,630963	32,862058	-2,669334	1,202858	1,050836	198039,355052	-0,161273	17,915747	-0,026082	0,000000	2,047125	-0,124304	-0,124301	14,002130	-0,008384	6,610225	1,794972
194,800000	8,754791	8,785355	2,623547	0,397128	3,898437	-2627,194239	890,806854	-2992,921278	8,525374	951,640828	32,117774	29,440943	31,140476	28,632245	32,858771	-2,669303	1,203151	1,050501	198036,435781	-0,161139	17,916482	-0,026313	0,000000	2,046855	-0,124299	-0,124302	14,005438	-0,007995	6,626667	1,795446
195,000000	8,755532	8,785946	2,621608	0,397584	3,894554	-2467,651498	891,340799	-2993,068462	8,524054	951,548443	32,117596	29,443631	31,145539	28,633190	32,854916	-2,669280	1,203692	1,050008	197974,892084	-0,161359	17,917595	-0,026338	0,000000	2,046982	-0,124301	-0,124304	14,004481	-0,007815	6,631082	1,795346
195,200000	8,756697	8,786582	2,645252	0,398285	3,896118	-2201,140547	891,311349	-2993,152114	8,522691	951,388338	32,112968	29,442708	31,152523	28,630621	32,855367	-2,669131	1,203432	1,050478	197953,322408	-0,161665	17,919177	-0,026228	0,000000	2,047530	-0,124304	-0,124309	14,003480	-0,008159	6,589216	1,795174
195,400000	8,757698	8,787006	2,628728	0,397737	3,900198	-2072,313282	890,506188	-2993,133344	8,521001	951,307684	32,108868	29,437776	31,154414	28,621865	32,859976	-2,669069	1,202359	1,050295	197963,965946	-0,162149	17,921069	-0,026022	0,000000	2,047850	-0,124306	-0,124305	14,003297	-0,008655	6,620387	1,795087
195,600000	8,758380	8,787323	2,603968	0,396583	3,904846	-2247,469352	889,867162	-2993,020208	8,519296	951,302594	32,110955	29,435817	31,148868	28,616189	32,865352	-2,669215	1,201572	1,050334	197965,659975	-0,162489	17,922698	-0,025915	0,000000	2,047321	-0,124305	-0,124291	14,003426	-0,008826	6,666657	1,795081
195,800000	8,758911	8,787961	2,629820	0,396312	3,908383	-2277,155262	890,454004	-2992,923979	8,517872	951,354492	32,118688	29,437326	31,141365	28,619781	32,868296	-2,669270	1,201752	1,051671	197937,849208	-0,162272	17,924014	-0,025976	0,000000	2,046539	-0,124302	-0,124284	14,003509	-0,008473	6,619852	1,795137
196,000000	8,759294	8,788607	2,639049	0,396913	3,908369	-2272,971382	891,443819	-2992,933705	8,516545	950,553549	32,125407	29,439701	31,135489	28,628112	32,867159	-2,669180	1,199829	1,051905	197923,017495	-0,161864	17,925458	-0,026052	0,000000	2,046789	-0,124299	-0,124293	13,996097	-0,007795	6,603835	1,794273
196,200000	8,759518	8,788885	2,616976	0,397600	3,902497	-2652,416593	891,387379	-2992,917555	8,515170	948,530017	32,125200	29,442021	31,133711	28,634356	32,864654	-2,669159	1,195233	1,051461	197983,232398	-0,162089	17,926940	-0,026282	0,000000	2,047776	-0,124297	-0,124304	13,978508	-0,007230	6,644821	1,792090
196,400000	8,759827	8,789238	2,628710	0,397682	3,891344	-3025,003077	890,847153	-2992,921139	8,513663	947,937078	32,121313	29,442755	31,135588	28,634933	32,865779	-2,669240	1,192911	1,051197	198006,544021	-0,162504	17,928474	-0,026453	0,000000	2,047914	-0,124298	-0,124301	13,973459	-0,007172	6,624143	1,791449
196,600000	8,760566	8,790005	2,632785	0,397411	3,882534	-3005,691949	890,815585	-2993,053602	8,512012	949,863326	32,121107	29,442652	31,137582	28,632135	32,868590	-2,669403	1,195868	1,050637	197952,206687	-0,162228	17,930338	-0,026291	0,000000	2,047019	-0,124302	-0,124294	13,989872	-0,007375	6,617961	1,793529
196,800000	8,761235	8,790736	2,608474	0,397136	3,887118	-2929,691405	890,834372	-2993,091634	8,510402	950,729900	32,124922	29,442570	31,137565	28,630578	32,866915	-2,669482	1,201063	1,050880	197913,552113	-0,161997	17,932325	-0,026138	0,000000	2,046119	-0,124302	-0,124295	13,996926	-0,007141	6,663826	1,794463
197,000000	8,761602	8,791024	2,623079	0,397039	3,901219	-2918,445648	890,736032	-2992,946316	8,508925	948,955139	32,129452	29,442666	31,132596	28,632492	32,860551	-2,669526	1,202666	1,051316	197913,187347	-0,162211	17,933871	-0,026348	0,000000	2,045828	-0,124297	-0,124300	13,981484	-0,006628	6,637596	1,792549
197,200000	8,761957	8,791183	2,632574	0,397631	3,908686	-2783,438331	890,981782	-2992,682723	8,507388	947,250028	32,131678	29,443329	31,128118	28,637102	32,854534	-2,669857	1,200110	1,051336	197943,128545	-0,161724	17,935071	-0,026727	0,000000	2,046159	-0,124297	-0,124304	13,966979	-0,006478	6,620668	1,790707
197,400000	8,762264	8,791735	2,602863	0,398518	3,904930	-2683,157710	891,461983	-2992,533736	8,505874	947,808491	32,131178	29,444284	31,131251	28,641617	32,850927	-2,669953	1,196919	1,051070	197975,765927	-0,160815	17,936534	-0,026642	0,000000	2,046838	-0,124297	-0,124305	13,972061	-0,006856	6,676285	1,791310
197,600000	8,762767	8,792752	2,611688	0,399245	3,897548	-2637,518260	891,953562	-2992,707234	8,504641	950,078500	32,127909	29,445434	31,139405	28,640904	32,850219	-2,669537	1,194370	1,050556	197978,369100	-0,160443	17,938137	-0,026134	0,000000	2,047529	-0,124298	-0,124304	13,991613	-0,007306	6,661399	1,793761
197,800000	8,763617	8,793692	2,630116	0,399568	3,891570	-2474,924058	891,850352	-2992,905095	8,503424	950,799688	32,122586	29,443853	31,146221	28,635029	32,853629	-2,669242	1,192774	1,050860	197954,309229	-0,160869	17,939479	-0,025828	0,000000	2,047802	-0,124304	-0,124303	13,997843	-0,007472	6,628870	1,794539
198,000000	8,764565	8,794094	2,609826	0,398947	3,889429	-2476,317333	891,149031	-2992,949965	8,501989	949,717019	32,118841	29,439373	31,146051	28,632269	32,857233	-2,669325	1,192030	1,051088	197934,448490	-0,161756	17,940385	-0,025718	0,000000	2,047551	-0,124307	-0,124304	13,988899	-0,007633	6,666873	1,793371
198,200000	8,765194	8,794272	2,614818	0,398134	3,892089	-2683,233313	890,878951	-2992,980061	8,500440	950,020208	32,118896	29,437387	31,141906	28,633939	32,856366	-2,669463	1,191944	1,050484	197932,990341	-0,161591	17,941007	-0,025719	0,000000	2,047212	-0,124304	-0,124307	13,991792	-0,007975	6,657964	1,793698
198,400000	8,765335	8,794848	2,638430	0,398264	3,894369	-2647,706498	891,254326	-2992,950295	8,498839	951,201595	32,121383	29,439281	31,140931	28,634312	32,853569	-2,669461	1,191457	1,050822	197944,655396	-0,160559	17,942083	-0,026035	0,000000	2,047417	-0,124300	-0,124310	14,002029	-0,008279	6,615439	1,794972
198,600000	8,765664	8,795764	2,623949	0,398477	3,895131	-2557,056153	891,835659	-2992,892653	8,497215	950,716111	32,120630	29,441863	31,143229	28,631669	32,853356	-2,669377	1,189103	1,050742	197985,375288	-0,160491	17,943761	-0,026190	0,000000	2,047941	-0,124303	-0,124310	13,997829	-0,008160	6,643135	1,794449
198,800000	8,766592	8,796733	2,616522	0,397255	3,897667	-2617,791725	891,937769	-2993,034340	8,495736	948,548930	32,115075	29,442783	31,145813	28,625717	32,857773	-2,669281	1,187412	1,050198	198011,668375	-0,161131	17,945325	-0,025886	0,000000	2,047650	-0,124307	-0,124307	13,979437	-0,008000	6,658066	1,792110
199,000000	8,767604	8,797504	2,635995	0,395761	3,896871	-2478,411101	891,375651	-2993,290433	8,494274	947,797269	32,109883	29,442120	31,147432	28,619680	32,866468	-2,669250	1,187898	1,051104	198002,371244	-0,161649	17,946398	-0,025685	0,000000	2,046681	-0,124309	-0,124302	13,973464	-0,008354	6,623344	1,791298
199,200000	8,768421	8,797784	2,627313	0,395633	3,892180	-2388,273492	890,507989	-2993,331381	8,492581	948,812872	32,108400	29,439865	31,146296	28,618805	32,873236	-2,669356	1,188365	1,051227	198024,494451	-0,161895	17,947176	-0,025820	0,000000	2,046219	-0,124305	-0,124297	13,982275	-0,008616	6,639716	1,792395
199,400000	8,769040	8,797843	2,619123	0,396165	3,893040	-2592,565329	889,751268	-2993,124940	8,491023	948,499880	32,109995	29,436508	31,140438	28,622082	32,870933	-2,669569	1,186632	1,050734	198054,571018	-0,161850	17,947960	-0,026083	0,000000	2,046293	-0,124302	-0,124296	13,979283	-0,008259	6,655033	1,792057
199,600000	8,769255	8,798136	2,642282	0,396473	3,902421	-2649,687420	889,758577	-2992,984593	8,489746	947,366508	32,111677	29,435854	31,137129	28,625412	32,863187	-2,669674	1,183895	1,051125	198056,307381	-0,162097	17,949117	-0,026157	0,000000	2,046497	-0,124304	-0,124297	13,969035	-0,007553	6,613245	1,790833
199,800000	8,769343	8,798722	2,636620	0,396666	3,911747	-2644,147899	890,274207	-2993,042979	8,488375	947,027270	32,113508	29,438409	31,141971	28,627951	32,859476	-2,669541	1,184411	1,051086	198062,727131	-0,162570	17,950754	-0,025941	0,000000	2,046782	-0,124308	-0,124296	13,965834	-0,007208	6,624600	1,790467
200,000000	8,769784	8,799382	2,617130	0,396898	3,911843	-2867,422891	890,547874	-2993,108034	8,486853	947,086623	32,114462	29,440616	31,144322	28,628496	32,862208	-2,669318	1,188613	1,051538	198071,368526	-0,162931	17,952477	-0,025831	0,000000	2,046929	-0,124308	-0,124294	13,966658	-0,007532	6,661421	1,790531
200,200000	8,770753	8,800011	2,639591	0,397160	3,903628	-2957,920325	890,307042	-2993,063354	8,485379	948,014846	32,114470	29,440121	31,140222	28,624863	32,866374	-2,669249	1,192522	1,052883	198061,150591	-0,163035	17,954031	-0,026090	0,000000	2,046931	-0,124304	-0,124295	13,975006	-0,008065	6,621193	1,791533
200,400000	8,771774	8,800574	2,642264	0,397119	3,898538	-2868,854006	890,211352	-2993,040536	8,483906	950,112374	32,118523	29,438447	31,135357	28,623213	32,865615	-2,669444	1,194644	1,052617	198051,874604	-0,162527	17,955451	-0,026541	0,000000	2,046824	-0,124299	-0,124300	13,992765	-0,008173	6,617163	1,793797
200,600000	8,772090	8,801039	2,616517	0,396501	3,904968	-2876,226531	890,993588	-2992,993133	8,482353	950,750231	32,125606	29,439143	31,130115	28,629855	32,860698	-2,669699	1,196336	1,051355	198043,611663	-0,162136	17,956719	-0,026715	0,000000	2,046639	-0,124297	-0,124304	13,997692	-0,007736	6,664973	1,794485
200,800000	8,772179	8,801729	2,628632	0,396699	3,913296	-2766,321886	891,731091	-2992,821899	8,480877	948,835707	32,129518	29,441319	31,128834	28,638391	32,856528	-2,669759	1,197326	1,050940	198033,687435	-0,162035	17,957747	-0,026312	0,000000	2,046714	-0,124296	-0,124306	13,981201	-0,007350	6,643472	1,792420
201,000000	8,772514	8,802710	2,631550	0,398116	3,913016	-2498,022481	891,622523	-2992,750612	8,479561	948,007025	32,125658	29,442140	31,134379	28,639644	32,853295	-2,669774	1,195855	1,050775	198053,400600	-0,161696	17,958772	-0,025933	0,000000	2,047136	-0,124300	-0,124310	13,974142	-0,007266	6,639278	1,791525
201,200000	8,772946	8,803431	2,613563	0,398861	3,910588	-2379,611233	891,071315	-2992,887936	8,478184	949,810104	32,118410	29,441599	31,139500	28,632715	32,852039	-2,669787	1,192500	1,050688	198084,612948	-0,161953	17,959721	-0,025997	0,000000	2,047648	-0,124307	-0,124313	13,989597	-0,007548	6,673326	1,793471
201,400000	8,773555	8,803625	2,633164	0,398482	3,910553	-2369,413791	890,731495	-2993,040083	8,476524	951,471702	32,116035	29,441219	31,141770	28,624817	32,854099	-2,669643	1,193063	1,050430	198053,570978	-0,162570	17,960457	-0,026088	0,000000	2,047354	-0,124307	-0,124312	14,004108	-0,008087	6,637753	1,795263
201,600000	8,774327	8,803783	2,645018	0,397963	3,906129	-2286,419453	890,886048	-2993,042663	8,474916	951,727032	32,117641	29,440604	31,142786	28,623583	32,853800	-2,669548	1,197912	1,050797	197990,817488	-0,162461	17,961560	-0,026042	0,000000	2,046388	-0,124304	-0,124306	14,006444	-0,008276	6,616695	1,795539
201,800000	8,774904	8,804407	2,621344	0,397926	3,895040	-2239,947649	891,285668	-2992,918221	8,473652	952,403553	32,117486	29,440386	31,141282	28,628324	32,848543	-2,669601	1,199738	1,051523	198006,375293	-0,162014	17,963208	-0,026135	0,000000	2,046258	-0,124302	-0,124304	14,011883	-0,008030	6,660999	1,796268
202,000000	8,775188	8,805388	2,620770	0,398515	3,886488	-2254,535406	891,576611	-2992,790936	8,472340	954,369173	32,115506	29,441784	31,138997	28,631940	32,846146	-2,669608	1,197885	1,050865	198057,308873	-0,162054	17,964919	-0,026301	0,000000	2,047051	-0,124304	-0,124308	14,028270	-0,007909	6,663275	1,798385
202,200000	8,775691	8,806248	2,625165	0,399146	3,887200	-2184,523988	891,458086	-2992,820421	8,470907	954,920660	32,113793	29,442725	31,141675	28,629943	32,851908	-2,669512	1,197135	1,050862	198074,898810	-0,162334	17,966131	-0,026264	0,000000	2,047930	-0,124307	-0,124312	14,033260	-0,008271	6,656262	1,798979
202,400000	8,776511	8,806792	2,603289	0,398719	3,890746	-2225,243690	891,138235	-2993,068307	8,469521	952,931325	32,109648	29,441978	31,149364	28,624269	32,861016	-2,669292	1,197632	1,051084	198073,290921	-0,162166	17,966831	-0,026138	0,000000	2,048115	-0,124308	-0,124310	14,017061	-0,008775	6,697531	1,796837
202,600000	8,777373	8,807295	2,608229	0,397544	3,887440	-2436,971575	890,699061	-2993,326641	8,467988	951,190418	32,102396	29,439277	31,152364	28,617911	32,866583	-2,669149	1,197410	1,050464	198061,070160	-0,161676	17,967524	-0,026098	0,000000	2,047449	-0,124309	-0,124304	14,002680	-0,009024	6,689083	1,794960
202,800000	8,778212	8,807678	2,638682	0,396888	3,878453	-2474,304699	890,250989	-2993,335462	8,466346	950,916242	32,099734	29,435910	31,146128	28,613975	32,867111	-2,669275	1,197571	1,051113	198054,972810	-0,161202	17,968440	-0,026144	0,000000	2,046570	-0,124309	-0,124302	14,000538	-0,009187	6,633586	1,794664
203,000000	8,778947	8,807889	2,629386	0,396704	3,878002	-2564,554390	890,247898	-2993,185453	8,464770	951,157233	32,106109	29,436950	31,136967	28,616818	32,864902	-2,669458	1,199126	1,051271	198048,703339	-0,161286	17,969710	-0,026136	0,000000	2,046040	-0,124307	-0,124300	14,002563	-0,009185	6,650980	1,794924
203,200000	8,779306	8,808325	2,610808	0,397055	3,890189	-2919,979600	890,541277	-2993,112675	8,463238	951,319751	32,113364	29,441458	31,134583	28,621079	32,863293	-2,669521	1,200538	1,050445	198039,299973	-0,162027	17,971328	-0,026106	0,000000	2,046212	-0,124303	-0,124298	14,003730	-0,008986	6,685976	1,795100
203,400000	8,779467	8,809122	2,631054	0,397441	3,901661	-2999,244681	890,460039	-2993,102563	8,461741	951,326539	32,113485	29,442958	31,140227	28,617880	32,864166	-2,669435	1,200895	1,050511	198063,879618	-0,162036	17,972959	-0,026030	0,000000	2,046768	-0,124302	-0,124297	14,003765	-0,008964	6,649898	1,795107
203,600000	8,780247	8,809905	2,637824	0,397024	3,906773	-2817,407017	889,923453	-2993,078976	8,460242	951,291642	32,109175	29,440584	31,143317	28,612460	32,865911	-2,669321	1,200587	1,051150	198114,993872	-0,161053	17,974288	-0,025863	0,000000	2,046939	-0,124303	-0,124294	14,003550	-0,009042	6,638655	1,795069
203,800000	8,781630	8,810359	2,633544	0,396626	3,912872	-2782,102053	889,680350	-2993,068079	8,458635	951,296028	32,109065	29,437404	31,138683	28,615427	32,867446	-2,669292	1,199235	1,051835	198109,487589	-0,160801	17,975145	-0,025988	0,000000	2,046286	-0,124302	-0,124295	14,003463	-0,008919	6,647076	1,795074
204,000000	8,782487	8,810784	2,649538	0,396904	3,920183	-2768,275335	890,170074	-2993,058294	8,457076	952,219363	32,116128	29,436837	31,132769	28,625000	32,868251	-2,669374	1,198261	1,051800	198080,394167	-0,161453	17,975726	-0,026266	0,000000	2,045590	-0,124301	-0,124299	14,010891	-0,008586	6,618303	1,796069
204,200000	8,782404	8,811309	2,638741	0,397657	3,920373	-2823,974108	890,816821	-2992,956994	8,455781	953,484069	32,124870	29,439376	31,131121	28,632230	32,863413	-2,669515	1,198804	1,051145	198127,388730	-0,161576	17,976487	-0,026342	0,000000	2,046289	-0,124298	-0,124303	14,021069	-0,008141	6,638504	1,797432
204,400000	8,782269	8,811702	2,617696	0,398413	3,912457	-3116,392823	891,187454	-2992,903427	8,454655	952,919483	32,129397	29,442205	31,132372	28,634479	32,853579	-2,669577	1,199512	1,051318	198180,603194	-0,161129	17,977754	-0,026415	0,000000	2,047665	-0,124294	-0,124304	14,015959	-0,007772	6,677859	1,796824
204,600000	8,782634	8,812278	2,635299	0,399118	3,902115	-3307,663641	891,523317	-2993,028687	8,453358	951,576028	32,128080	29,443164	31,135552	28,633478	32,849112	-2,669642	1,199223	1,051674	198165,315316	-0,160853	17,979251	-0,026374	0,000000	2,048087	-0,124297	-0,124302	14,004660	-0,007762	6,646488	1,795376
204,800000	8,783168	8,813120	2,638509	0,399378	3,893693	-3247,590209	891,695924	-2993,107135	8,451758	951,171109	32,123684	29,443041	31,138717	28,631300	32,852708	-2,669767	1,197963	1,051088	198130,017042	-0,161540	17,980578	-0,026147	0,000000	2,047743	-0,124304	-0,124302	14,001486	-0,007991	6,641751	1,794939
205,000000	8,783676	8,813809	2,625638	0,398586	3,891438	-3078,803816	891,593239	-2992,986160	8,450107	951,248924	32,120772	29,443795	31,136820	28,630108	32,857082	-2,669793	1,198061	1,051019	198128,369372	-0,162140	17,981752	-0,026074	0,000000	2,047301	-0,124306	-0,124306	14,002525	-0,008377	6,666197	1,795023
205,200000	8,784136	8,814276	2,640308	0,397923	3,897559	-2705,520219	891,482483	-2992,785042	8,448649	952,203840	32,120537	29,444384	31,132650	28,630979	32,856882	-2,669718	1,199227	1,051382	198152,800550	-0,161115	17,982640	-0,026164	0,000000	2,047132	-0,124306	-0,124308	14,010948	-0,008774	6,639847	1,796053
205,400000	8,784596	8,814836	2,630850	0,397958	3,909524	-2276,942519	891,550256	-2992,724793	8,447295	953,451530	32,120688	29,444462	31,132831	28,631353	32,853701	-2,669606	1,198985	1,051886	198170,906166	-0,160069	17,983378	-0,026157	0,000000	2,047572	-0,124303	-0,124309	14,021274	-0,008619	6,657816	1,797397
205,600000	8,785281	8,815749	2,611089	0,398072	3,920283	-2086,255651	891,932914	-2992,814978	8,445897	952,884856	32,118903	29,444789	31,139302	28,630943	32,851291	-2,669324	1,198091	1,051464	198165,477544	-0,160309	17,984258	-0,026026	0,000000	2,048307	-0,124300	-0,124308	14,016024	-0,008128	6,695372	1,796787
205,800000	8,786171	8,816736	2,632344	0,398522	3,922298	-2081,431058	891,859451	-2992,904741	8,444478	951,539346	32,113285	29,443255	31,147656	28,627993	32,850806	-2,668987	1,197178	1,050481	198141,820078	-0,161276	17,985058	-0,025906	0,000000	2,048420	-0,124299	-0,124307	14,004644	-0,008054	6,657342	1,795336
206,000000	8,787069	8,817398	2,648777	0,398617	3,915324	-2169,191810	890,997891	-2992,942896	8,443089	951,982283	32,106468	29,440183	31,151346	28,618276	32,853481	-2,669010	1,196538	1,051496	198119,632933	-0,162004	17,985501	-0,025864	0,000000	2,047790	-0,124304	-0,124304	14,008884	-0,008572	6,628093	1,795814
206,200000	8,787799	8,817647	2,641619	0,397495	3,905537	-2383,125068	890,527480	-2992,945741	8,441596	954,134889	32,104774	29,439007	31,149077	28,610235	32,859096	-2,669260	1,197145	1,051648	198132,632545	-0,162151	17,985776	-0,025932	0,000000	2,047072	-0,124310	-0,124297	14,027514	-0,009121	6,641380	1,798133
206,400000	8,788373	8,817799	2,646325	0,396542	3,895818	-2574,734370	890,635550	-2992,978611	8,439867	955,707649	32,108201	29,439242	31,144359	28,612186	32,864489	-2,669362	1,198345	1,050911	198127,804075	-0,161841	17,986476	-0,026079	0,000000	2,046621	-0,124307	-0,124297	14,040985	-0,009392	6,633052	1,799826
206,600000	8,788949	8,818172	2,647615	0,396650	3,886831	-2620,375185	890,871182	-2993,038623	8,438262	954,958463	32,112054	29,439306	31,141796	28,619571	32,865291	-2,669355	1,198751	1,051562	198102,883171	-0,161035	17,987867	-0,026253	0,000000	2,046779	-0,124298	-0,124301	14,034898	-0,009591	6,631413	1,799020
206,800000	8,789490	8,818786	2,623180	0,396945	3,884334	-2859,176958	890,941513	-2993,020477	8,436926	953,492594	32,111119	29,439110	31,143266	28,623606	32,862462	-2,669329	1,198804	1,051063	198164,841725	-0,160795	17,989623	-0,026274	0,000000	2,047428	-0,124295	-0,124303	14,022593	-0,009593	6,677284	1,797441
207,000000	8,789981	8,819570	2,621223	0,396981	3,888041	-3284,649868	890,662115	-2993,023800	8,435501	953,988835	32,106673	29,438814	31,144823	28,620780	32,863689	-2,669221	1,198552	1,050207	198215,457209	-0,161655	17,991056	-0,026137	0,000000	2,047472	-0,124298	-0,124298	14,026656	-0,009488	6,682005	1,797976
207,200000	8,790630	8,820286	2,635536	0,396730	3,890613	-3322,704981	890,352344	-2993,243458	8,433946	955,346275	32,105375	29,439217	31,143892	28,615416	32,869212	-2,669206	1,197917	1,051095	198178,209833	-0,162286	17,991754	-0,026120	0,000000	2,046584	-0,124304	-0,124295	14,037984	-0,009423	6,656388	1,799437
207,400000	8,791265	8,820570	2,619162	0,396445	3,894353	-2996,449852	890,241466	-2993,420661	8,432429	955,799206	32,107700	29,440064	31,142139	28,614060	32,871859	-2,669307	1,197877	1,051483	198119,053092	-0,161875	17,992209	-0,026095	0,000000	2,045938	-0,124306	-0,124296	14,041374	-0,009013	6,686835	1,799925
207,600000	8,791650	8,820743	2,619971	0,396470	3,904741	-2725,793347	890,431421	-2993,245547	8,430991	955,775055	32,112390	29,440869	31,137044	28,617939	32,867470	-2,669501	1,198154	1,051171	198058,275407	-0,161016	17,993069	-0,026061	0,000000	2,046229	-0,124304	-0,124299	14,040409	-0,008250	6,685646	1,799899
207,800000	8,791829	8,821436	2,637242	0,396888	3,916234	-2589,826967	890,870975	-2992,877974	8,429631	955,704571	32,117917	29,440751	31,130237	28,623792	32,859323	-2,669726	1,199569	1,051976	198025,836071	-0,160859	17,994514	-0,026099	0,000000	2,046834	-0,124300	-0,124304	14,039388	-0,007821	6,654729	1,799823
208,000000	8,792000	8,822337	2,620028	0,397685	3,918393	-2643,875226	891,250840	-2992,669863	8,428140	955,656299	32,122338	29,439842	31,129101	28,629127	32,854837	-2,669558	1,202168	1,052285	198027,942055	-0,161415	17,996053	-0,026057	0,000000	2,047082	-0,124295	-0,124306	14,039200	-0,008038	6,687584	1,799771
208,200000	8,792489	8,823113	2,615118	0,398631	3,910347	-2758,057917	891,524606	-2992,682716	8,426570	955,619000	32,121773	29,441100	31,134731	28,630108	32,853980	-2,669270	1,202973	1,051322	198044,216300	-0,161579	17,996928	-0,026079	0,000000	2,046971	-0,124291	-0,124305	14,039330	-0,008481	6,697630	1,799731
208,400000	8,793403	8,823648	2,633304	0,398983	3,900296	-2635,929456	891,289448	-2992,739297	8,425274	955,623742	32,116025	29,442076	31,140780	28,627057	32,853735	-2,669260	1,201052	1,051343	198053,004612	-0,161166	17,997288	-0,026093	0,000000	2,046875	-0,124293	-0,124306	14,039415	-0,008526	6,664683	1,799736
208,600000	8,794354	8,824001	2,627060	0,398497	3,897109	-2470,303722	890,715584	-2992,781845	8,424017	956,543654	32,113459	29,440145	31,140157	28,626719	32,855270	-2,669433	1,199370	1,051582	198047,828708	-0,160880	17,997794	-0,026101	0,000000	2,047130	-0,124302	-0,124306	14,046839	-0,008233	6,676624	1,800726
208,800000	8,794708	8,824626	2,622637	0,398721	3,901473	-2428,065265	890,914133	-2992,782868	8,422547	958,650655	32,117815	29,440069	31,133547	28,630659	32,856844	-2,669611	1,199862	1,051677	198047,932907	-0,161056	17,998791	-0,026148	0,000000	2,047572	-0,124307	-0,124308	14,064399	-0,008132	6,685436	1,802991
209,000000	8,794671	8,825372	2,643218	0,399811	3,905284	-2303,526995	891,551106	-2992,744109	8,421038	959,228392	32,123767	29,441733	31,128988	28,633421	32,854087	-2,669701	1,201262	1,052178	198054,210367	-0,161298	18,000041	-0,026058	0,000000	2,047775	-0,124308	-0,124311	14,069435	-0,008327	6,648462	1,803612
209,200000	8,794921	8,825904	2,643436	0,399941	3,904558	-2327,353446	891,597516	-2992,784657	8,419505	958,116690	32,122671	29,442156	31,131916	28,630836	32,848620	-2,669770	1,201905	1,051224	198084,343602	-0,161317	18,000902	-0,026072	0,000000	2,047900	-0,124310	-0,124311	14,060440	-0,008647	6,648799	1,802417
209,400000	8,795697	8,826278	2,624925	0,398767	3,901228	-2783,665775	891,194944	-2992,941420	8,417959	958,436719	32,113550	29,441827	31,139212	28,623793	32,848341	-2,669739	1,202045	1,050808	198080,309298	-0,161271	18,001513	-0,026202	0,000000	2,047696	-0,124308	-0,124304	14,063547	-0,009072	6,683434	1,802761
209,600000	8,796757	8,826791	2,637643	0,397927	3,895816	-3173,992752	890,863559	-2993,109817	8,416405	959,616580	32,104540	29,440819	31,146967	28,618240	32,856108	-2,669553	1,201362	1,051266	198011,446340	-0,161104	18,002431	-0,026067	0,000000	2,046771	-0,124305	-0,124299	14,073874	-0,009515	6,660928	1,804029
209,800000	8,797661	8,827423	2,651723	0,398237	3,888907	-3154,094923	890,557804	-2993,112867	8,414786	959,997913	32,101231	29,439423	31,152599	28,617121	32,863421	-2,669401	1,198228	1,051243	197986,850396	-0,160634	18,003707	-0,025851	0,000000	2,046234	-0,124304	-0,124301	14,077082	-0,009529	6,636275	1,804439
210,000000	8,798366	8,827984	2,639807	0,398547	3,887824	-3037,764287	890,448981	-2992,982444	8,413377	959,938955	32,103084	29,439550	31,151379	28,617280	32,863222	-2,669490	1,195301	1,051938	198012,419709	-0,160424	18,004908	-0,025931	0,000000	2,046761	-0,124306	-0,124303	14,076245	-0,009186	6,658815	1,804375
210,200000	8,799054	8,828610	2,647994	0,398332	3,900647	-2913,495041	890,801683	-2992,958836	8,412153	958,967140	32,106312	29,440710	31,146445	28,616818	32,858500	-2,669584	1,195193	1,052653	198039,938110	-0,160980	18,005585	-0,026012	0,000000	2,047387	-0,124310	-0,124302	14,067890	-0,008971	6,644398	1,803331
210,400000	8,799601	8,829229	2,652069	0,397826	3,922615	-2725,627627	891,057677	-2993,115354	8,410620	956,863138	32,107302	29,440109	31,143437	28,615575	32,855759	-2,669380	1,194966	1,052264	198057,992693	-0,162000	18,006074	-0,025837	0,000000	2,047352	-0,124311	-0,124298	14,050132	-0,008848	6,637522	1,801069
210,600000	8,799966	8,829872	2,622587	0,397303	3,939171	-2619,385511	890,868932	-2993,276497	8,408898	956,289431	32,103322	29,438644	31,142761	28,613910	32,858825	-2,669171	1,193932	1,051570	198058,458337	-0,162850	18,006881	-0,025756	0,000000	2,046986	-0,124309	-0,124295	14,045206	-0,008733	6,692350	1,800452
210,800000	8,800481	8,830499	2,621843	0,397691	3,935843	-2611,141178	890,324154	-2993,262161	8,407420	958,242746	32,098551	29,437108	31,143524	28,612012	32,863685	-2,669203	1,193547	1,052412	198044,080574	-0,163016	18,007890	-0,025973	0,000000	2,046587	-0,124306	-0,124296	14,061698	-0,008848	6,694581	1,802553
211,000000	8,801073	8,830740	2,638558	0,397950	3,913710	-2637,353250	889,916891	-2993,170563	8,406095	959,955887	32,102098	29,436053	31,141925	28,611305	32,864812	-2,669373	1,193767	1,052873	198038,063099	-0,162352	18,008640	-0,026290	0,000000	2,046219	-0,124300	-0,124296	14,076174	-0,008973	6,664228	1,804394
211,200000	8,801453	8,830890	2,627360	0,396974	3,892181	-2673,603704	890,226486	-2993,079426	8,404695	960,208926	32,110431	29,438735	31,136999	28,616130	32,862084	-2,669588	1,195011	1,051967	198027,906729	-0,161336	18,009362	-0,026553	0,000000	2,046155	-0,124295	-0,124293	14,078294	-0,008974	6,685021	1,804665
211,400000	8,801590	8,831525	2,629834	0,396884	3,884802	-2606,719876	890,720051	-2992,971486	8,403296	959,089779	32,115829	29,442478	31,132755	28,624310	32,857449	-2,669738	1,196462	1,051616	197986,241849	-0,160672	18,010790	-0,026628	0,000000	2,046374	-0,124294	-0,124295	14,068825	-0,008879	6,681244	1,803463
211,600000	8,801814	8,832302	2,648119	0,397988	3,889675	-2391,369299	890,911957	-2992,885891	8,401842	956,918018	32,116568	29,443222	31,132924	28,626893	32,853466	-2,669806	1,197569	1,051933	197967,359710	-0,160435	18,012371	-0,026402	0,000000	2,046837	-0,124299	-0,124306	14,050077	-0,008332	6,648822	1,801128
211,800000	8,802616	8,832697	2,640067	0,398667	3,902772	-2332,919552	890,724219	-2992,867993	8,400186	955,498582	32,114738	29,442273	31,135243	28,622404	32,853288	-2,669755	1,197898	1,052036	197998,124936	-0,160947	18,013365	-0,026119	0,000000	2,047385	-0,124305	-0,124310	14,037585	-0,007746	6,664252	1,799601
212,000000	8,803826	8,832941	2,632595	0,398745	3,920858	-2580,748709	890,459297	-2992,929482	8,398537	955,400748	32,115660	29,440901	31,135738	28,618353	32,856342	-2,669608	1,197926	1,051458	198009,685721	-0,161774	18,014297	-0,026084	0,000000	2,046952	-0,124305	-0,124303	14,036641	-0,007623	6,678527	1,799496
212,200000	8,804842	8,833432	2,649844	0,398668	3,933329	-2750,525856	890,673937	-2992,927065	8,397148	956,539703	32,119861	29,441143	31,135839	28,620918	32,855707	-2,669599	1,199109	1,052053	197981,592505	-0,161931	18,015517	-0,026243	0,000000	2,045834	-0,124303	-0,124299	14,046155	-0,007582	6,647714	1,800721
212,400000	8,805110	8,834155	2,644348	0,398880	3,927796	-2814,626423	891,189867	-2992,817178	8,395961	958,766457	32,123330	29,443282	31,134902	28,627313	32,848737	-2,669753	1,199912	1,053077	197997,463769	-0,161523	18,016766	-0,026390	0,000000	2,046135	-0,124303	-0,124301	14,064690	-0,007452	6,658632	1,803116
212,600000	8,804976	8,834805	2,626665	0,399353	3,905176	-2967,047362	891,520094	-2992,766722	8,394645	959,374730	32,123852	29,444056	31,131132	28,630340	32,843128	-2,669883	1,199295	1,052461	198048,210634	-0,161067	18,017743	-0,026396	0,000000	2,047752	-0,124303	-0,124307	14,069676	-0,007343	6,691834	1,803769
212,800000	8,805132	8,835478	2,640360	0,399587	3,880882	-2884,869848	891,660630	-2992,846067	8,393087	957,387088	32,122288	29,442621	31,132318	28,628436	32,846024	-2,669856	1,199117	1,051963	198062,881282	-0,161091	18,018336	-0,026260	0,000000	2,048879	-0,124305	-0,124314	14,053055	-0,007377	6,667371	1,801633
213,000000	8,805693	8,836272	2,629084	0,399054	3,877073	-2555,673713	891,484163	-2993,022159	8,391483	955,625077	32,118159	29,440494	31,142122	28,624069	32,853071	-2,669585	1,199523	1,051078	198052,330762	-0,161441	18,018842	-0,026017	0,000000	2,048820	-0,124308	-0,124315	14,038519	-0,007619	6,689101	1,799737
213,200000	8,806586	8,836837	2,603840	0,398089	3,901366	-2318,562171	890,823551	-2993,148380	8,390078	956,226159	32,111107	29,438564	31,150512	28,618198	32,856461	-2,669206	1,198876	1,050487	198046,295894	-0,161827	18,019460	-0,025845	0,000000	2,047994	-0,124310	-0,124308	14,043820	-0,007877	6,736851	1,800384
213,400000	8,807359	8,837249	2,632020	0,397384	3,931841	-2155,181029	890,388760	-2993,127142	8,388690	958,571960	32,106332	29,437797	31,149771	28,614041	32,855868	-2,669075	1,197635	1,051940	198046,617489	-0,161876	18,020256	-0,025873	0,000000	2,047279	-0,124311	-0,124303	14,063460	-0,007851	6,685108	1,802907
213,600000	8,807864	8,837913	2,650532	0,397210	3,943853	-2082,820330	890,779088	-2993,075068	8,387109	960,232104	32,108582	29,439514	31,142953	28,615153	32,854326	-2,669239	1,197110	1,052435	198050,753731	-0,161153	18,021249	-0,025886	0,000000	2,047106	-0,124310	-0,124303	14,077096	-0,007583	6,651804	1,804690
213,800000	8,808274	8,838774	2,630142	0,397756	3,936654	-2206,592114	891,414149	-2993,067226	8,385728	960,361809	32,112583	29,442948	31,140340	28,616577	32,854096	-2,669342	1,197000	1,052021	198059,175902	-0,160755	18,022194	-0,025948	0,000000	2,047030	-0,124307	-0,124303	14,078290	-0,007690	6,690004	1,804829
214,000000	8,808773	8,839606	2,631217	0,398084	3,921395	-2338,650462	891,325442	-2993,066202	8,384463	960,020813	32,110076	29,443530	31,144901	28,611594	32,857152	-2,669175	1,196864	1,051720	198059,877775	-0,161656	18,023034	-0,026033	0,000000	2,046859	-0,124307	-0,124300	14,076060	-0,008316	6,688989	1,804463
214,200000	8,809687	8,840261	2,636025	0,397232	3,904594	-2360,362470	890,530471	-2993,167178	8,382831	959,826850	32,103526	29,440313	31,150545	28,604689	32,861234	-2,668981	1,196470	1,051288	198038,055848	-0,162420	18,023740	-0,025697	0,000000	2,046863	-0,124311	-0,124292	14,075003	-0,008883	6,681040	1,804255
214,400000	8,810662	8,840525	2,623305	0,396121	3,890487	-2434,324666	889,787664	-2993,331424	8,381085	959,806855	32,101271	29,437931	31,152290	28,603993	32,863153	-2,668916	1,196739	1,051478	197964,982965	-0,161651	18,024362	-0,025455	0,000000	2,046525	-0,124311	-0,124290	14,075049	-0,009096	6,705021	1,804233
214,600000	8,811317	8,840681	2,637406	0,395865	3,883723	-2519,822533	889,703629	-2993,289658	8,379658	959,843935	32,106884	29,438488	31,148687	28,609985	32,865264	-2,669002	1,198731	1,051709	197898,084476	-0,160605	18,025047	-0,026025	0,000000	2,046122	-0,124301	-0,124294	14,075273	-0,009009	6,679272	1,804273
214,800000	8,811797	8,840972	2,650997	0,396414	3,887001	-2470,175541	890,083617	-2993,050802	8,378330	959,906063	32,117333	29,440183	31,142007	28,617302	32,863947	-2,669286	1,200256	1,052395	197947,480469	-0,160758	18,025982	-0,026542	0,000000	2,046744	-0,124293	-0,124299	14,075346	-0,008563	6,654741	1,804340
215,000000	8,812098	8,841148	2,618938	0,397051	3,899387	-2556,684037	890,091744	-2992,970393	8,376835	959,966283	32,124966	29,440316	31,134915	28,620415	32,856383	-2,669632	1,199755	1,052457	198046,248356	-0,161191	18,027559	-0,026301	0,000000	2,047440	-0,124295	-0,124302	14,075330	-0,008042	6,714295	1,804405
215,200000	8,812373	8,841458	2,607009	0,397549	3,912058	-2828,855111	889,974793	-2993,136449	8,375233	959,973881	32,126170	29,439355	31,133202	28,619106	32,851433	-2,669785	1,198601	1,051373	198062,162039	-0,160832	18,029517	-0,025976	0,000000	2,047056	-0,124299	-0,124302	14,075309	-0,007958	6,737450	1,804413
215,400000	8,812816	8,842223	2,636404	0,397934	3,914125	-2809,993368	890,263028	-2993,230851	8,373797	960,844038	32,124190	29,439997	31,136736	28,617020	32,853452	-2,669600	1,198230	1,051814	198012,748987	-0,160488	18,031112	-0,026004	0,000000	2,046517	-0,124300	-0,124301	14,082722	-0,008086	6,684112	1,805347
215,600000	8,813178	8,843065	2,640423	0,397700	3,908585	-2655,454659	890,634967	-2993,063846	8,372605	962,078645	32,122160	29,442193	31,135809	28,618077	32,857755	-2,669508	1,198759	1,052695	198008,545566	-0,160677	18,032345	-0,026155	0,000000	2,046634	-0,124297	-0,124303	14,092883	-0,007915	6,677686	1,806672
215,800000	8,813459	8,843651	2,641493	0,397317	3,905696	-2684,276145	891,117042	-2992,713971	8,371375	961,521472	32,124524	29,443606	31,130262	28,622133	32,858771	-2,669737	1,199653	1,052222	198070,430560	-0,160576	18,033324	-0,026230	0,000000	2,046924	-0,124294	-0,124304	14,087768	-0,007463	6,676327	1,806075
216,000000	8,813979	8,844127	2,660133	0,397632	3,907586	-2545,013799	891,891126	-2992,480222	8,369955	960,219965	32,131307	29,443698	31,127636	28,624168	32,854893	-2,669866	1,200112	1,052033	198132,411322	-0,160344	18,033974	-0,026190	0,000000	2,047160	-0,124297	-0,124302	14,076472	-0,007060	6,642797	1,804677
216,200000	8,814497	8,844543	2,634949	0,398274	3,912795	-2276,473230	892,288595	-2992,562878	8,368331	959,842828	32,132614	29,443273	31,132243	28,624847	32,848311	-2,669736	1,200583	1,051517	198145,800545	-0,160518	18,034717	-0,025997	0,000000	2,047335	-0,124302	-0,124302	14,073299	-0,007045	6,689534	1,804272
216,400000	8,814890	8,845013	2,607097	0,398774	3,922901	-2184,251132	891,973527	-2992,782894	8,366848	959,919320	32,125535	29,442245	31,140071	28,624560	32,844050	-2,669448	1,201605	1,051096	198102,158857	-0,160711	18,035795	-0,025854	0,000000	2,047489	-0,124303	-0,124306	14,074338	-0,007444	6,742157	1,804354
216,600000	8,815691	8,845712	2,637432	0,398685	3,931207	-2122,358865	891,342452	-2992,875520	8,365678	960,892946	32,118218	29,439549	31,144507	28,617762	32,845774	-2,669178	1,201801	1,052161	198050,705552	-0,160642	18,037013	-0,026011	0,000000	2,047841	-0,124303	-0,124308	14,082761	-0,007715	6,686965	1,805400
216,800000	8,816746	8,846328	2,656553	0,398234	3,928202	-2159,841502	890,880568	-2992,847047	8,364159	962,138854	32,116539	29,436309	31,145152	28,610020	32,850676	-2,669108	1,201754	1,052084	198038,315501	-0,160105	18,037983	-0,026190	0,000000	2,047882	-0,124303	-0,124306	14,093087	-0,007616	6,652828	1,806737
217,000000	8,817379	8,846659	2,640091	0,398082	3,916232	-2512,051175	891,085023	-2992,885293	8,362226	961,509236	32,118376	29,436717	31,143836	28,611116	32,854569	-2,669277	1,202575	1,051586	198014,967593	-0,159861	18,038659	-0,026005	0,000000	2,047405	-0,124304	-0,124305	14,087836	-0,007633	6,683380	1,806061
217,200000	8,817850	8,846864	2,643198	0,398048	3,901742	-2819,863065	891,417637	-2993,023195	8,360758	960,107820	32,118530	29,440229	31,144338	28,617814	32,854310	-2,669555	1,202050	1,051350	198009,070993	-0,160859	18,039394	-0,025787	0,000000	2,047379	-0,124306	-0,124306	14,076457	-0,007984	6,678017	1,804557
217,400000	8,818542	8,847125	2,638843	0,398012	3,889714	-2813,842818	891,329281	-2993,123518	8,359731	959,667322	32,114433	29,441901	31,147515	28,619454	32,852199	-2,669634	1,199543	1,051145	198114,111831	-0,161703	18,040586	-0,025922	0,000000	2,048104	-0,124308	-0,124307	14,073280	-0,008496	6,686670	1,804084
217,600000	8,819083	8,847636	2,612312	0,398005	3,886414	-2742,649058	891,071994	-2993,273884	8,358427	959,731907	32,108352	29,440917	31,149126	28,613453	32,855756	-2,669491	1,196859	1,051559	198202,789265	-0,161507	18,042211	-0,026078	0,000000	2,048316	-0,124308	-0,124303	14,074334	-0,009009	6,736842	1,804153
217,800000	8,819656	8,848535	2,627503	0,397886	3,893199	-2658,855659	890,940026	-2993,499279	8,356989	960,724497	32,106239	29,440432	31,150247	28,606600	32,864356	-2,669343	1,195287	1,051351	198186,243011	-0,161251	18,043827	-0,026097	0,000000	2,047568	-0,124307	-0,124297	14,082763	-0,009128	6,709854	1,805219
218,000000	8,820530	8,849548	2,647885	0,397432	3,903730	-2434,065101	890,642422	-2993,432770	8,355660	962,876701	32,109313	29,439812	31,149972	28,603564	32,870305	-2,669053	1,195069	1,052307	198144,511741	-0,161548	18,045121	-0,026119	0,000000	2,046753	-0,124307	-0,124294	14,100506	-0,008863	6,673504	1,807529
218,200000	8,821302	8,850182	2,631687	0,396874	3,912903	-2141,407464	890,190848	-2993,082005	8,354172	963,496368	32,113278	29,438595	31,142527	28,605020	32,869255	-2,668888	1,196932	1,053201	198114,773735	-0,161557	18,045542	-0,026155	0,000000	2,046441	-0,124308	-0,124291	14,105412	-0,008588	6,703747	1,808193
218,400000	8,821724	8,850512	2,636334	0,396768	3,916628	-1964,570409	890,226963	-2992,779393	8,352582	961,536419	32,115972	29,438884	31,134548	28,609740	32,864432	-2,669185	1,201006	1,052633	198106,002190	-0,160482	18,045570	-0,026177	0,000000	2,046670	-0,124306	-0,124294	14,088916	-0,008485	6,695224	1,806091
218,600000	8,821921	8,850807	2,647930	0,397176	3,910841	-2053,625280	890,674653	-2992,703127	8,351088	959,779496	32,119421	29,440335	31,134154	28,614392	32,859924	-2,669353	1,203657	1,052758	198123,005710	-0,159898	18,046368	-0,026155	0,000000	2,047085	-0,124305	-0,124299	14,074442	-0,008719	6,674376	1,804204
218,800000	8,822324	8,851247	2,634973	0,397644	3,900995	-2444,948645	891,008473	-2992,852015	8,349606	959,497251	32,121392	29,442481	31,138011	28,614849	32,856537	-2,669205	1,203546	1,052764	198149,664780	-0,160398	18,047542	-0,026088	0,000000	2,047217	-0,124303	-0,124299	14,072324	-0,008964	6,698962	1,803901
219,000000	8,823072	8,851967	2,636888	0,397378	3,892088	-2830,251024	890,564105	-2993,013463	8,347953	960,654157	32,119699	29,442366	31,140946	28,612610	32,856077	-2,669222	1,201652	1,052667	198156,705424	-0,160542	18,048795	-0,026011	0,000000	2,046889	-0,124299	-0,124298	14,081793	-0,008746	6,696454	1,805143
219,200000	8,823748	8,852705	2,643484	0,396599	3,884511	-2782,639904	889,787596	-2992,972414	8,346302	962,941513	32,120953	29,439236	31,140989	28,614132	32,857466	-2,669593	1,199445	1,053104	198133,785555	-0,160160	18,050277	-0,026124	0,000000	2,046476	-0,124298	-0,124300	14,100541	-0,008356	6,685442	1,807598
219,400000	8,823977	8,853211	2,624123	0,396332	3,884634	-2527,836749	889,932819	-2992,807925	8,344816	964,460439	32,128010	29,438285	31,137329	28,619001	32,855974	-2,669884	1,198152	1,052485	198109,457975	-0,160303	18,051118	-0,026457	0,000000	2,046456	-0,124298	-0,124305	14,113032	-0,008150	6,721790	1,809227
219,600000	8,823995	8,853737	2,622041	0,397191	3,894517	-2491,533911	890,768876	-2992,739291	8,343346	963,692589	32,136721	29,440771	31,131104	28,621853	32,850895	-2,669820	1,197465	1,051154	198116,584221	-0,161160	18,051198	-0,026689	0,000000	2,046866	-0,124300	-0,124312	14,106560	-0,008095	6,725852	1,808404
219,800000	8,824343	8,854531	2,644119	0,398564	3,905455	-2538,754343	891,631874	-2992,757812	8,341993	961,354820	32,140677	29,443274	31,129151	28,621444	32,846382	-2,669703	1,199047	1,051150	198181,480097	-0,161759	18,051794	-0,026536	0,000000	2,047577	-0,124302	-0,124314	14,086887	-0,007976	6,685725	1,805896
220,000000	8,825063	8,855532	2,626946	0,398842	3,910305	-2719,101973	892,084745	-2992,863484	8,340679	959,779454	32,135418	29,444278	31,135015	28,618286	32,845827	-2,669674	1,201376	1,051331	198240,602294	-0,161586	18,053190	-0,026247	0,000000	2,047774	-0,124303	-0,124307	14,073468	-0,007745	6,718724	1,804204
220,200000	8,825834	8,856402	2,603368	0,397922	3,908058	-3087,033056	891,947235	-2993,041743	8,339026	960,536223	32,126487	29,444222	31,143052	28,614161	32,850431	-2,669627	1,201623	1,050903	198215,744904	-0,161192	18,054052	-0,026161	0,000000	2,047127	-0,124302	-0,124303	14,079779	-0,007719	6,763829	1,805017
220,400000	8,826710	8,856809	2,631788	0,397244	3,901076	-3114,058914	891,526779	-2993,035635	8,337364	962,897401	32,122256	29,443051	31,147477	28,612612	32,856017	-2,669503	1,201073	1,051483	198188,771763	-0,160661	18,053988	-0,026210	0,000000	2,046796	-0,124301	-0,124306	14,099573	-0,007757	6,711231	1,807551
220,600000	8,827436	8,857040	2,646388	0,397690	3,894443	-2768,169389	890,908092	-2992,861634	8,336068	963,645223	32,122856	29,440137	31,144990	28,613599	32,855154	-2,669470	1,200524	1,051830	198211,384280	-0,160306	18,053968	-0,026315	0,000000	2,047142	-0,124300	-0,124311	14,105652	-0,007583	6,684494	1,808353
220,800000	8,827680	8,857495	2,630291	0,398561	3,895836	-2503,235357	890,544258	-2992,816312	8,334855	961,707086	32,124435	29,438109	31,140562	28,613575	32,849321	-2,669573	1,200468	1,051624	198242,413632	-0,160802	18,054718	-0,026329	0,000000	2,047581	-0,124305	-0,124311	14,089187	-0,007328	6,714698	1,806274
221,000000	8,827915	8,858200	2,640942	0,398607	3,905045	-2364,353045	890,775409	-2992,947938	8,333561	959,934437	32,125221	29,440109	31,143695	28,611899	32,846851	-2,669503	1,200690	1,051818	198256,419416	-0,161045	18,056067	-0,026191	0,000000	2,047906	-0,124309	-0,124304	14,074496	-0,007475	6,696042	1,804370
221,200000	8,828323	8,858953	2,632530	0,397325	3,913476	-2332,201417	890,949174	-2993,152451	8,332008	959,580042	32,121372	29,442282	31,150712	28,608062	32,849758	-2,669299	1,200269	1,051243	198265,056687	-0,160793	18,057230	-0,026052	0,000000	2,047849	-0,124306	-0,124295	14,072291	-0,008238	6,712616	1,803990
221,400000	8,828899	8,859434	2,593188	0,396088	3,915042	-2531,556973	890,332400	-2993,311255	8,330304	959,728290	32,114668	29,440889	31,152432	28,601681	32,855268	-2,669320	1,199728	1,050942	198269,694010	-0,160830	18,058012	-0,025901	0,000000	2,047323	-0,124302	-0,124292	14,074353	-0,009058	6,786878	1,804149
221,600000	8,829617	8,859695	2,603564	0,395775	3,907327	-2717,172010	889,682453	-2993,368586	8,328776	959,827420	32,115318	29,439303	31,148066	28,599194	32,861204	-2,669441	1,199652	1,051595	198256,913823	-0,161060	18,058527	-0,025904	0,000000	2,046883	-0,124300	-0,124292	14,075547	-0,009422	6,767627	1,804256
221,800000	8,830227	8,860055	2,634757	0,395494	3,891324	-2648,210895	890,140547	-2993,251345	8,327362	959,848947	32,122136	29,439919	31,143302	28,604917	32,864403	-2,669418	1,200404	1,052253	198246,751219	-0,161459	18,059002	-0,026076	0,000000	2,046717	-0,124301	-0,124293	14,075584	-0,009279	6,709798	1,804279
222,000000	8,830897	8,860529	2,633464	0,395681	3,876768	-2650,636834	890,611976	-2993,053417	8,326078	959,862159	32,126073	29,440319	31,141358	28,612503	32,863783	-2,669380	1,202038	1,052243	198243,336771	-0,161523	18,059987	-0,025974	0,000000	2,046653	-0,124303	-0,124296	14,075364	-0,008948	6,712826	1,804293
222,200000	8,831765	8,861120	2,637960	0,396258	3,874830	-2789,036144	890,320197	-2993,003127	8,324754	959,877730	32,125880	29,439942	31,140252	28,613397	32,861226	-2,669416	1,203864	1,052263	198248,596124	-0,161047	18,061249	-0,025870	0,000000	2,046818	-0,124306	-0,124299	14,075275	-0,008729	6,705376	1,804310
222,400000	8,832652	8,861991	2,643101	0,396238	3,885143	-2746,421600	890,054147	-2993,074912	8,323291	959,878700	32,125720	29,440290	31,138708	28,608585	32,859538	-2,669384	1,203902	1,052395	198252,491988	-0,160536	18,061998	-0,026088	0,000000	2,047197	-0,124309	-0,124297	14,075286	-0,008731	6,696735	1,804311
222,600000	8,833277	8,862710	2,609650	0,396091	3,900447	-2796,482877	889,940133	-2993,151873	8,321826	960,739188	32,128160	29,440838	31,137156	28,605755	32,859451	-2,669462	1,202403	1,051445	198216,668047	-0,160433	18,062431	-0,026260	0,000000	2,046856	-0,124309	-0,124297	14,082724	-0,008966	6,759460	1,805235
222,800000	8,833509	8,862753	2,595708	0,396114	3,910985	-3095,193735	889,872460	-2993,125507	8,320341	962,825038	32,133264	29,440101	31,134946	28,607543	32,856372	-2,669777	1,201092	1,051288	198177,908056	-0,160884	18,063288	-0,026283	0,000000	2,045939	-0,124301	-0,124300	14,100305	-0,009095	6,786011	1,807473
223,000000	8,833576	8,862797	2,635511	0,396233	3,908835	-3114,771456	889,959525	-2992,897274	8,318939	963,443587	32,139477	29,438963	31,132136	28,612763	32,848701	-2,670004	1,200320	1,051916	198208,224652	-0,161233	18,064487	-0,026410	0,000000	2,046052	-0,124292	-0,124305	14,105345	-0,008963	6,712086	1,808137
223,200000	8,833557	8,863514	2,650870	0,396982	3,899516	-2849,376409	890,448302	-2992,659697	8,317449	961,517190	32,142474	29,439870	31,130678	28,618862	32,842588	-2,670048	1,199875	1,051732	198270,587197	-0,160734	18,065637	-0,026602	0,000000	2,047008	-0,124296	-0,124308	14,088931	-0,008661	6,684682	1,806070
223,400000	8,833628	8,864328	2,640189	0,398020	3,895355	-2611,921695	891,124790	-2992,684747	8,315879	959,812904	32,140360	29,442441	31,133019	28,621090	32,843624	-2,669870	1,199507	1,050864	198293,368321	-0,160164	18,066615	-0,026535	0,000000	2,047705	-0,124306	-0,124310	14,074461	-0,008458	6,705226	1,804240
223,600000	8,834184	8,864789	2,643465	0,398430	3,897539	-2343,080685	891,450675	-2992,939728	8,314571	959,521568	32,136614	29,444137	31,140380	28,618967	32,850117	-2,669480	1,200201	1,050846	198266,639988	-0,160627	18,067460	-0,026408	0,000000	2,047859	-0,124307	-0,124308	14,072328	-0,008765	6,699942	1,803927
223,800000	8,835339	8,865333	2,622218	0,398102	3,904239	-2217,141347	891,225892	-2993,164263	8,313366	959,699885	32,133270	29,443217	31,146349	28,615724	32,855081	-2,669272	1,201435	1,051048	198238,835867	-0,161086	18,068296	-0,026538	0,000000	2,047525	-0,124304	-0,124305	14,074373	-0,009317	6,740119	1,804119
224,000000	8,836779	8,866130	2,603480	0,397239	3,915696	-2351,574549	890,770378	-2993,134885	8,311998	959,815456	32,131004	29,440025	31,144298	28,612841	32,854783	-2,669499	1,202521	1,050500	198237,999732	-0,160438	18,069034	-0,026628	0,000000	2,046982	-0,124305	-0,124305	14,075547	-0,009522	6,776053	1,804243
224,200000	8,837647	8,866899	2,629507	0,396408	3,921736	-2401,677201	890,896668	-2992,940900	8,310438	960,747967	32,132803	29,439366	31,138899	28,612178	32,850909	-2,669771	1,203013	1,050806	198235,993000	-0,159789	18,069569	-0,026432	0,000000	2,046780	-0,124305	-0,124303	14,082997	-0,009165	6,728037	1,805244
224,400000	8,837709	8,867520	2,642006	0,396815	3,910979	-2339,539032	891,527773	-2992,865296	8,308857	961,988771	32,135472	29,442793	31,137747	28,612392	32,847799	-2,669726	1,202755	1,051168	198227,357448	-0,159911	18,069948	-0,026169	0,000000	2,047330	-0,124302	-0,124305	14,092938	-0,008722	6,705385	1,806576
224,600000	8,837722	8,868224	2,633198	0,397769	3,892575	-2491,326218	891,716844	-2993,005750	8,307348	961,353405	32,130887	29,444609	31,142877	28,607926	32,849058	-2,669628	1,202768	1,050890	198232,269091	-0,159718	18,070341	-0,026055	0,000000	2,048039	-0,124305	-0,124308	14,087735	-0,008836	6,722356	1,805894
224,800000	8,838096	8,869063	2,646389	0,397531	3,885658	-2742,403692	891,202675	-2993,187893	8,305912	959,946920	32,120679	29,442395	31,148707	28,600655	32,853247	-2,669544	1,202461	1,050497	198269,476421	-0,159440	18,070745	-0,026051	0,000000	2,048059	-0,124312	-0,124305	14,076449	-0,009323	6,698915	1,804384
225,000000	8,838856	8,869500	2,643962	0,396747	3,894508	-2865,821395	890,265173	-2993,314058	8,304499	959,535127	32,114591	29,439020	31,148932	28,598294	32,857048	-2,669400	1,201668	1,050465	198294,475895	-0,160197	18,070941	-0,026106	0,000000	2,047109	-0,124311	-0,124299	14,073297	-0,009620	6,703832	1,803942
225,200000	8,839654	8,869539	2,615933	0,396242	3,905312	-3025,312825	889,617004	-2993,410510	8,302936	958,779504	32,117066	29,438118	31,145257	28,602491	32,859726	-2,669466	1,200240	1,050539	198281,613082	-0,161020	18,071213	-0,026238	0,000000	2,046264	-0,124304	-0,124297	14,066925	-0,009578	6,755912	1,803130
225,400000	8,840087	8,869691	2,628667	0,395934	3,903357	-3116,438704	889,621409	-2993,319629	8,301459	956,849882	32,124353	29,439583	31,142137	28,606554	32,858669	-2,669598	1,198313	1,050931	198285,026737	-0,161036	18,071952	-0,026283	0,000000	2,046933	-0,124300	-0,124301	14,050353	-0,009179	6,732459	1,801055
225,600000	8,840666	8,870124	2,650280	0,396011	3,890600	-2864,177058	889,800693	-2993,108649	8,300234	956,350291	32,130463	29,440002	31,139885	28,605645	32,853702	-2,669534	1,198004	1,051888	198287,773654	-0,161068	18,072707	-0,026167	0,000000	2,047963	-0,124300	-0,124304	14,045477	-0,008493	6,693074	1,800518
225,800000	8,841499	8,870678	2,634173	0,396253	3,886469	-2471,676689	890,075170	-2993,073505	8,298898	958,319673	32,132789	29,438862	31,140094	28,602313	32,852093	-2,669339	1,198858	1,051967	198261,785478	-0,161253	18,073352	-0,026118	0,000000	2,047994	-0,124299	-0,124303	14,061755	-0,008260	6,723414	1,802635
226,000000	8,842142	8,871286	2,631398	0,396351	3,900270	-2257,877928	890,488369	-2993,154794	8,297335	959,098705	32,131816	29,438551	31,142125	28,600465	32,857114	-2,669014	1,199030	1,051280	198230,281138	-0,161365	18,074349	-0,026159	0,000000	2,047198	-0,124301	-0,124300	14,068724	-0,008703	6,729396	1,803473
226,200000	8,842665	8,871920	2,639966	0,396164	3,916841	-2295,281495	890,530235	-2993,114972	8,295798	957,219207	32,129892	29,439561	31,137708	28,602472	32,864390	-2,668942	1,198418	1,051438	198221,522343	-0,161244	18,075502	-0,026240	0,000000	2,046097	-0,124304	-0,124300	14,053278	-0,009008	6,714282	1,801452
226,400000	8,843155	8,872360	2,632053	0,395812	3,919336	-2611,468536	890,143089	-2992,891674	8,294345	955,519037	32,131403	29,439857	31,129108	28,608136	32,865476	-2,669412	1,197905	1,052052	198249,597807	-0,160832	18,076324	-0,026386	0,000000	2,045620	-0,124301	-0,124302	14,038788	-0,008777	6,729330	1,799623
226,600000	8,843629	8,872967	2,636469	0,396058	3,906307	-2962,903487	890,216870	-2992,749295	8,292968	956,182858	32,137494	29,440036	31,127868	28,614586	32,857737	-2,669847	1,198659	1,051870	198292,496205	-0,160790	18,076695	-0,026524	0,000000	2,046057	-0,124295	-0,124303	14,043876	-0,008296	6,721671	1,800338
226,800000	8,843948	8,874085	2,649728	0,397288	3,887268	-2896,204892	890,903009	-2992,831795	8,291674	958,561587	32,141799	29,442330	31,134508	28,619295	32,848343	-2,669755	1,198024	1,051534	198323,350739	-0,160847	18,076941	-0,026640	0,000000	2,046726	-0,124295	-0,124303	14,063427	-0,007906	6,698177	1,802895
227,000000	8,844103	8,875156	2,638292	0,398831	3,874856	-2638,410314	891,078305	-2992,970361	8,290361	960,221634	32,138858	29,443137	31,140268	28,618366	32,842968	-2,669470	1,195843	1,051342	198329,731085	-0,160894	18,077128	-0,026616	0,000000	2,047008	-0,124299	-0,124305	14,077073	-0,007648	6,720160	1,804679
227,200000	8,844576	8,875601	2,627410	0,399190	3,874681	-2556,156490	890,536354	-2993,016435	8,288902	960,382440	32,134612	29,439923	31,141512	28,611179	32,842058	-2,669498	1,196171	1,050684	198312,956063	-0,160829	18,077289	-0,026417	0,000000	2,046985	-0,124301	-0,124306	14,078287	-0,007515	6,740804	1,804852
227,400000	8,845324	8,875655	2,639697	0,398156	3,881035	-2462,332812	890,337700	-2992,988818	8,287316	960,105950	32,137103	29,437337	31,140228	28,605720	32,844450	-2,669648	1,197440	1,050588	198306,523915	-0,160294	18,077713	-0,026235	0,000000	2,046847	-0,124304	-0,124303	14,076064	-0,007607	6,718252	1,804555
227,600000	8,845795	8,875851	2,626605	0,397377	3,887769	-2546,098718	890,835291	-2992,987154	8,285883	959,950687	32,142294	29,438908	31,137515	28,607192	32,848401	-2,669646	1,196752	1,051351	198294,069764	-0,160179	18,078292	-0,026200	0,000000	2,046677	-0,124303	-0,124304	14,075005	-0,007848	6,742781	1,804388
227,800000	8,846080	8,876272	2,600845	0,397579	3,896266	-3012,996353	891,396872	-2992,985408	8,284583	959,945747	32,141894	29,442281	31,135655	28,612932	32,849626	-2,669634	1,196350	1,051100	198288,002073	-0,160701	18,079055	-0,026351	0,000000	2,046914	-0,124302	-0,124308	14,075049	-0,007933	6,791519	1,804383
228,000000	8,846705	8,877043	2,617276	0,397962	3,902509	-3284,502705	891,437964	-2992,909428	8,283255	959,976630	32,134971	29,443237	31,137666	28,616037	32,848547	-2,669509	1,198001	1,050592	198353,956607	-0,160983	18,080334	-0,026458	0,000000	2,047655	-0,124304	-0,124304	14,075272	-0,007898	6,761673	1,804416
228,200000	8,847529	8,878153	2,634369	0,397711	3,900373	-3121,706151	891,132172	-2992,975242	8,281651	960,829590	32,127287	29,442330	31,141874	28,611867	32,851730	-2,669311	1,199354	1,050815	198379,412929	-0,160855	18,081583	-0,026343	0,000000	2,048089	-0,124311	-0,124299	14,082763	-0,008248	6,731181	1,805332
228,400000	8,848270	8,879120	2,635052	0,397094	3,895059	-2879,426939	890,843740	-2993,303951	8,279898	962,863954	32,124186	29,442234	31,149451	28,603628	32,858421	-2,669271	1,199584	1,051213	198319,144561	-0,160335	18,081592	-0,026115	0,000000	2,047721	-0,124313	-0,124300	14,100322	-0,008786	6,730749	1,807515
228,600000	8,849224	8,879585	2,644292	0,396853	3,893808	-2646,797387	890,647138	-2993,444849	8,278570	963,451674	32,124613	29,442639	31,156852	28,597896	32,862379	-2,669163	1,199827	1,052119	198288,229576	-0,159890	18,080611	-0,026019	0,000000	2,047175	-0,124308	-0,124302	14,105344	-0,008894	6,713776	1,808145
228,800000	8,850189	8,879569	2,618902	0,396709	3,897048	-2602,794974	890,281589	-2993,268526	8,277372	961,502425	32,125611	29,440890	31,151747	28,597770	32,860118	-2,669172	1,200145	1,051797	198305,209586	-0,160227	18,080433	-0,026073	0,000000	2,046876	-0,124300	-0,124301	14,088927	-0,008781	6,760770	1,806054
229,000000	8,850870	8,879615	2,587119	0,396315	3,900851	-2941,776917	889,981107	-2993,091742	8,275949	959,756112	32,127032	29,438213	31,140881	28,600858	32,853838	-2,669525	1,199585	1,050895	198331,178799	-0,160692	18,081576	-0,026051	0,000000	2,046887	-0,124298	-0,124301	14,074460	-0,008932	6,821008	1,804179
229,200000	8,851327	8,880178	2,619796	0,396228	3,900439	-3209,417790	890,411331	-2993,097098	8,274410	959,456311	32,129849	29,439096	31,138388	28,603699	32,850766	-2,669595	1,198104	1,050795	198322,286771	-0,160843	18,082918	-0,026022	0,000000	2,047063	-0,124302	-0,124302	14,072328	-0,009312	6,760188	1,803857
229,400000	8,851576	8,880982	2,647000	0,396505	3,895395	-3145,850159	890,966421	-2993,205626	8,272900	959,660388	32,130265	29,442407	31,143989	28,602864	32,853097	-2,669395	1,196688	1,051324	198272,179714	-0,161236	18,083860	-0,026062	0,000000	2,047033	-0,124308	-0,124302	14,074374	-0,009648	6,710662	1,804076
229,600000	8,852016	8,881492	2,630478	0,396393	3,892579	-3092,771909	890,413717	-2993,222307	8,271530	959,801195	32,126214	29,442812	31,147775	28,598345	32,857679	-2,669486	1,195866	1,052324	198230,806464	-0,161880	18,084469	-0,026107	0,000000	2,046859	-0,124311	-0,124299	14,075547	-0,009642	6,741881	1,804227
229,800000	8,852743	8,881791	2,632949	0,395958	3,892534	-3043,525512	889,649166	-2993,177063	8,270172	959,877716	32,126220	29,440051	31,143556	28,598673	32,861733	-2,669692	1,196313	1,052291	198214,803352	-0,161965	18,084744	-0,026164	0,000000	2,046630	-0,124310	-0,124295	14,075580	-0,009034	6,737566	1,804310
230,000000	8,853335	8,882296	2,625569	0,396154	3,889333	-2799,936683	890,061972	-2993,159348	8,268739	959,963814	32,135321	29,438894	31,136404	28,606910	32,861257	-2,669716	1,197916	1,052148	198212,331489	-0,161285	18,085128	-0,026179	0,000000	2,046558	-0,124306	-0,124297	14,075362	-0,008095	6,751649	1,804402
230,200000	8,853556	8,882975	2,593624	0,397172	3,886661	-2548,185541	891,058947	-2993,145340	8,267237	960,014991	32,146997	29,440631	31,131420	28,614134	32,853783	-2,669730	1,200500	1,051876	198219,827239	-0,160318	18,085868	-0,026184	0,000000	2,046912	-0,124301	-0,124305	14,075276	-0,007580	6,812319	1,804457
230,400000	8,853668	8,883680	2,607863	0,398023	3,890466	-2380,156251	891,782765	-2993,035708	8,265748	959,107368	32,153111	29,443181	31,131176	28,614781	32,845721	-2,669757	1,202417	1,051774	198252,053406	-0,159187	18,086479	-0,026254	0,000000	2,047457	-0,124301	-0,124307	14,067869	-0,007775	6,786058	1,803482
230,600000	8,854173	8,884369	2,636043	0,397747	3,894656	-2178,366325	891,727983	-2992,923359	8,264474	957,829976	32,151282	29,444331	31,134380	28,611516	32,845434	-2,669722	1,202495	1,052642	198253,491269	-0,158488	18,086912	-0,026322	0,000000	2,047361	-0,124304	-0,124303	14,057731	-0,008341	6,734093	1,802109
230,800000	8,854933	8,885070	2,629023	0,396991	3,892588	-2028,307032	891,105164	-2992,948599	8,263127	958,396837	32,145017	29,443636	31,136473	28,609158	32,851190	-2,669773	1,202522	1,052516	198189,768548	-0,159040	18,087452	-0,026420	0,000000	2,046543	-0,124305	-0,124298	14,062853	-0,008712	6,747876	1,802718
231,000000	8,855565	8,885727	2,631196	0,396923	3,887045	-2040,347340	890,656283	-2992,924207	8,261467	959,754249	32,140769	29,442134	31,136443	28,609939	32,854726	-2,669854	1,201488	1,051820	198175,332242	-0,160222	18,088208	-0,026477	0,000000	2,046126	-0,124301	-0,124297	14,074148	-0,008636	6,744598	1,804177
231,200000	8,856010	8,886203	2,640931	0,397305	3,885756	-2139,760548	890,427108	-2992,809135	8,259953	960,146818	32,141740	29,441040	31,135502	28,612189	32,850349	-2,669875	1,198699	1,051926	198226,606548	-0,160717	18,088721	-0,026372	0,000000	2,046723	-0,124294	-0,124298	14,077319	-0,008520	6,727067	1,804599
231,400000	8,856285	8,886627	2,628031	0,397580	3,890999	-2429,686999	890,224882	-2992,795277	8,258550	960,019208	32,143053	29,441235	31,136399	28,612336	32,841197	-2,669846	1,197671	1,050896	198245,827077	-0,160496	18,088825	-0,026360	0,000000	2,047843	-0,124295	-0,124299	14,076279	-0,008548	6,751353	1,804462
231,600000	8,856545	8,887144	2,627560	0,397653	3,894978	-2875,250568	890,273054	-2992,919587	8,256953	959,899617	32,140374	29,442472	31,141459	28,609930	32,836408	-2,669670	1,200473	1,049571	198202,333696	-0,160581	18,089239	-0,026570	0,000000	2,048319	-0,124303	-0,124303	14,075274	-0,008544	6,752824	1,804333
231,800000	8,857023	8,887661	2,645664	0,397500	3,887104	-2982,956577	890,574711	-2993,114532	8,255428	959,873630	32,134721	29,443592	31,147691	28,606547	32,840755	-2,669554	1,204386	1,050476	198179,381270	-0,160792	18,090128	-0,026725	0,000000	2,047906	-0,124308	-0,124310	14,075106	-0,008594	6,720056	1,804305
232,000000	8,857853	8,888152	2,630323	0,397433	3,874683	-2885,376405	890,332752	-2993,269342	8,254197	959,868691	32,129281	29,441750	31,149880	28,601111	32,849322	-2,669730	1,205386	1,050937	198219,212789	-0,160528	18,090970	-0,026754	0,000000	2,047346	-0,124310	-0,124314	14,075241	-0,008770	6,749221	1,804300
232,200000	8,858740	8,888650	2,609834	0,397015	3,876971	-2991,813359	890,026110	-2993,326692	8,252964	958,964939	32,129069	29,438821	31,146529	28,596613	32,855638	-2,669786	1,203053	1,050878	198251,351945	-0,160461	18,091468	-0,026798	0,000000	2,047015	-0,124312	-0,124309	14,067906	-0,009005	6,788084	1,803329
232,400000	8,859364	8,889137	2,626147	0,396148	3,893605	-2978,667282	890,767513	-2993,290981	8,251635	956,836888	32,134225	29,440058	31,141994	28,598270	32,859091	-2,669570	1,199850	1,052373	198241,912254	-0,160626	18,091843	-0,026752	0,000000	2,047139	-0,124310	-0,124298	14,050335	-0,009270	6,757864	1,801041
232,600000	8,859937	8,889633	2,623580	0,396215	3,908410	-2770,488166	891,325606	-2993,296278	8,250284	955,340542	32,138927	29,442818	31,141556	28,602629	32,859520	-2,669440	1,198964	1,052407	198230,389969	-0,160600	18,092415	-0,026552	0,000000	2,047322	-0,124306	-0,124297	14,037861	-0,009348	6,763135	1,799431
232,800000	8,860712	8,890199	2,610576	0,397107	3,911765	-2632,734615	890,781876	-2993,310471	8,248785	955,214287	32,137711	29,443250	31,144769	28,603000	32,858616	-2,669436	1,200540	1,051293	198255,910574	-0,160415	18,093249	-0,026443	0,000000	2,046993	-0,124304	-0,124302	14,036692	-0,009238	6,788281	1,799295
233,000000	8,861675	8,890862	2,635548	0,397074	3,903502	-2466,953461	889,865928	-2993,223885	8,247323	955,455391	32,132531	29,441507	31,146354	28,598305	32,860786	-2,669434	1,201734	1,050988	198274,476545	-0,160204	18,094105	-0,026444	0,000000	2,046749	-0,124303	-0,124299	14,038703	-0,009226	6,742458	1,799555
233,200000	8,862375	8,891350	2,640447	0,396062	3,892251	-2362,538407	889,072581	-2993,213105	8,245947	955,566240	32,130717	29,438487	31,145453	28,594066	32,863758	-2,669566	1,202005	1,050620	198226,915887	-0,160617	18,094809	-0,026376	0,000000	2,046416	-0,124302	-0,124292	14,039675	-0,009268	6,734020	1,799674
233,400000	8,862658	8,891579	2,613553	0,395691	3,888602	-2560,920810	888,866146	-2993,260719	8,244372	955,583451	32,135737	29,438066	31,142983	28,596688	32,861658	-2,669819	1,202774	1,050740	198172,089439	-0,161182	18,095298	-0,026449	0,000000	2,045653	-0,124298	-0,124293	14,039640	-0,009089	6,784480	1,799693
233,600000	8,862821	8,891848	2,618979	0,396202	3,893385	-2800,407761	889,368962	-2993,105431	8,242855	955,598992	32,145242	29,440493	31,135857	28,603350	32,854946	-2,669882	1,204031	1,050611	198195,356932	-0,160958	18,095832	-0,026804	0,000000	2,045801	-0,124295	-0,124299	14,039437	-0,008755	6,774467	1,799709
233,800000	8,863006	8,892345	2,628080	0,396735	3,899935	-2848,326001	889,939187	-2992,850816	8,241585	954,731249	32,152246	29,441840	31,127356	28,607440	32,849720	-2,669790	1,202984	1,050381	198249,538650	-0,160520	18,096600	-0,027054	0,000000	2,046815	-0,124295	-0,124305	14,031951	-0,008552	6,757863	1,798775
234,000000	8,863358	8,893042	2,619353	0,397238	3,906609	-2939,360607	890,453092	-2992,813887	8,240158	953,527871	32,153767	29,442211	31,128219	28,608916	32,850983	-2,669721	1,199579	1,050448	198261,968250	-0,160654	18,097380	-0,026926	0,000000	2,047534	-0,124299	-0,124309	14,021808	-0,008511	6,774955	1,797479
234,200000	8,863960	8,893783	2,639836	0,397458	3,909246	-3027,953496	890,736387	-2993,013419	8,238608	953,239867	32,152460	29,441849	31,137639	28,609676	32,855375	-2,669618	1,198113	1,049999	198239,344170	-0,160664	18,098110	-0,026567	0,000000	2,047798	-0,124303	-0,124307	14,019525	-0,008647	6,737789	1,797169
234,400000	8,864754	8,894526	2,641169	0,397583	3,900947	-2870,447412	890,433536	-2993,209927	8,237158	953,352048	32,149522	29,439323	31,141110	28,610124	32,855693	-2,669581	1,199566	1,050624	198218,522209	-0,159755	18,098674	-0,026240	0,000000	2,047460	-0,124301	-0,124302	14,020668	-0,008848	6,736173	1,797290
234,600000	8,865310	8,895073	2,602914	0,398199	3,888292	-2680,075849	890,054563	-2993,170350	8,235682	954,348395	32,148996	29,437128	31,135163	28,610584	32,851244	-2,669670	1,200930	1,051246	198218,963256	-0,159162	18,099049	-0,026242	0,000000	2,046837	-0,124300	-0,124303	14,028955	-0,008769	6,808197	1,798363
234,800000	8,865359	8,895480	2,616210	0,398483	3,884459	-2562,422002	890,362984	-2992,958952	8,234356	955,632605	32,154274	29,439706	31,128031	28,612387	32,845341	-2,669788	1,200361	1,050721	198235,032226	-0,159341	18,099484	-0,026565	0,000000	2,046835	-0,124302	-0,124310	14,039210	-0,008247	6,783366	1,799745
235,000000	8,865384	8,896054	2,648147	0,398660	3,894960	-2334,760504	891,288738	-2992,838757	8,233252	955,055060	32,159095	29,445054	31,127267	28,613213	32,840577	-2,669885	1,199269	1,050292	198250,352583	-0,159479	18,100154	-0,026855	0,000000	2,047458	-0,124303	-0,124313	14,033960	-0,007843	6,724427	1,799124
235,200000	8,866041	8,896795	2,635537	0,399156	3,913740	-2191,635192	891,805277	-2992,906209	8,231906	953,657794	32,156981	29,446433	31,134908	28,607199	32,839520	-2,669788	1,197597	1,049511	198263,118158	-0,159561	18,100870	-0,026813	0,000000	2,047929	-0,124305	-0,124312	14,022594	-0,008207	6,748685	1,797619
235,400000	8,867173	8,897689	2,632565	0,398824	3,928185	-2307,920030	891,173003	-2993,030115	8,230307	954,079884	32,148761	29,442498	31,144255	28,598249	32,843022	-2,669485	1,194655	1,049471	198267,804046	-0,159442	18,101396	-0,026525	0,000000	2,047865	-0,124307	-0,124307	14,026840	-0,008908	6,755319	1,798074
235,600000	8,868205	8,898468	2,644537	0,397773	3,926432	-2392,136396	890,107172	-2993,114684	8,228913	955,359492	32,140729	29,438264	31,148736	28,595736	32,850364	-2,669298	1,193396	1,050392	198218,212404	-0,159398	18,101646	-0,026248	0,000000	2,047279	-0,124308	-0,124301	14,038051	-0,009379	6,733930	1,799451
235,800000	8,868972	8,898973	2,631887	0,397297	3,910993	-2440,209948	889,910348	-2993,177498	8,227674	954,836619	32,139093	29,438168	31,147975	28,599328	32,858047	-2,669383	1,194665	1,050771	198184,537972	-0,159879	18,101532	-0,025949	0,000000	2,046734	-0,124306	-0,124299	14,033946	-0,009662	6,757695	1,798889
236,000000	8,869555	8,899514	2,625774	0,397461	3,894681	-2524,556143	890,444513	-2993,153778	8,226215	953,513680	32,142840	29,440478	31,144254	28,601025	32,858610	-2,669432	1,196258	1,050583	198251,915076	-0,160364	18,101357	-0,025922	0,000000	2,047028	-0,124302	-0,124301	14,022816	-0,009639	6,769266	1,797464
236,200000	8,869914	8,900027	2,647267	0,397335	3,883777	-2354,086498	890,724259	-2993,101313	8,224632	954,056993	32,145929	29,442050	31,139615	28,597900	32,853124	-2,669304	1,194869	1,050928	198315,111763	-0,160238	18,101787	-0,026090	0,000000	2,047581	-0,124304	-0,124305	14,026925	-0,009185	6,729709	1,798049
236,400000	8,870120	8,900303	2,643181	0,397229	3,882189	-2176,226308	890,475127	-2993,215302	8,223130	954,571562	32,144732	29,442643	31,139033	28,593521	32,851643	-2,669222	1,191516	1,050636	198289,814016	-0,159765	18,102788	-0,025920	0,000000	2,047594	-0,124308	-0,124305	14,030622	-0,008563	6,737799	1,798603
236,600000	8,870816	8,900598	2,624011	0,397473	3,891745	-2320,879845	890,164360	-2993,358491	8,221699	952,892165	32,142119	29,441572	31,142864	28,591343	32,858024	-2,669154	1,192197	1,050383	198225,369792	-0,160147	18,103792	-0,025779	0,000000	2,047157	-0,124307	-0,124301	14,016349	-0,008392	6,774161	1,796794
236,800000	8,871973	8,901084	2,636650	0,397035	3,902509	-2396,298879	890,043536	-2993,295425	8,220317	951,250643	32,141594	29,438970	31,142750	28,592440	32,867070	-2,669171	1,196059	1,051872	198208,961638	-0,160803	18,104739	-0,025956	0,000000	2,046735	-0,124301	-0,124296	14,002934	-0,008771	6,751338	1,795025
237,000000	8,872636	8,901395	2,632016	0,395930	3,904735	-2324,732630	889,613314	-2993,113999	8,218855	950,976256	32,143555	29,436749	31,136844	28,594898	32,869661	-2,669459	1,197799	1,051802	198236,228977	-0,160524	18,105674	-0,026159	0,000000	2,046718	-0,124297	-0,124294	14,000771	-0,008915	6,760441	1,794729
237,200000	8,872694	8,901515	2,610556	0,395491	3,899829	-2449,744861	889,152639	-2993,019098	8,217473	951,218371	32,148560	29,437254	31,130738	28,597701	32,864399	-2,669750	1,197681	1,050607	198238,384478	-0,160538	18,106384	-0,026156	0,000000	2,046688	-0,124297	-0,124295	14,002599	-0,008708	6,800859	1,794990
237,400000	8,872819	8,902053	2,631287	0,396303	3,894046	-2619,140211	889,668934	-2993,026095	8,216230	951,373035	32,153642	29,440821	31,129157	28,602525	32,857381	-2,669725	1,197729	1,050700	198218,406321	-0,161000	18,107125	-0,026005	0,000000	2,046634	-0,124298	-0,124298	14,003698	-0,008506	6,762526	1,795157
237,600000	8,873433	8,902948	2,646550	0,397538	3,892013	-2670,606486	890,422106	-2993,083094	8,214821	950,515612	32,152552	29,442996	31,132472	28,605116	32,852079	-2,669516	1,196463	1,050488	198217,978084	-0,160969	18,108166	-0,025901	0,000000	2,046865	-0,124299	-0,124301	13,996329	-0,008346	6,735215	1,794232
237,800000	8,874270	8,903740	2,630810	0,398239	3,895886	-2775,054509	890,331430	-2993,073982	8,213408	948,409873	32,149150	29,441192	31,136388	28,601146	32,851101	-2,669497	1,195395	1,050183	198227,708284	-0,160195	18,109005	-0,025955	0,000000	2,046946	-0,124300	-0,124302	13,978556	-0,008289	6,765426	1,791960
238,000000	8,874784	8,904406	2,640851	0,398185	3,899362	-2815,639285	890,345115	-2992,895593	8,212108	946,931979	32,152677	29,439475	31,136092	28,598527	32,852581	-2,669710	1,195482	1,050839	198227,201191	-0,159187	18,109396	-0,026190	0,000000	2,046856	-0,124297	-0,124297	13,966014	-0,008192	6,747383	1,790364
238,200000	8,875111	8,904896	2,639405	0,398063	3,897878	-2681,609534	891,125682	-2992,747529	8,210657	946,800454	32,159653	29,441235	31,132167	28,603277	32,851167	-2,669867	1,195069	1,050976	198202,887630	-0,158891	18,109554	-0,026427	0,000000	2,046856	-0,124293	-0,124298	13,964860	-0,008145	6,750332	1,790222
238,400000	8,875321	8,905257	2,605409	0,398710	3,900755	-2679,708934	891,739682	-2992,746283	8,209122	947,028272	32,161885	29,444328	31,130395	28,611720	32,845623	-2,669849	1,195999	1,050743	198196,753218	-0,159466	18,109732	-0,026625	0,000000	2,047237	-0,124291	-0,124308	13,966889	-0,008255	6,814246	1,790468
238,600000	8,875491	8,905860	2,618231	0,399361	3,911185	-2781,287454	891,653833	-2992,691913	8,207766	948,027126	32,158667	29,445185	31,133538	28,615891	32,841855	-2,669719	1,197846	1,050825	198267,913974	-0,160508	18,110403	-0,026719	0,000000	2,048190	-0,124295	-0,124316	13,975283	-0,008238	6,790793	1,791547
238,800000	8,876238	8,906683	2,641115	0,399121	3,918074	-2639,221065	891,152308	-2992,741188	8,206424	950,122278	32,153354	29,443299	31,137924	28,612194	32,845670	-2,669398	1,198408	1,050872	198306,350411	-0,160710	18,111550	-0,026552	0,000000	2,048703	-0,124301	-0,124314	13,992821	-0,008146	6,749205	1,793808
239,000000	8,877317	8,907539	2,617568	0,398452	3,915208	-2493,491070	890,615388	-2993,086413	8,204846	950,695505	32,148071	29,441764	31,141419	28,605566	32,851936	-2,669212	1,197087	1,050694	198252,415739	-0,159944	18,112375	-0,026327	0,000000	2,048027	-0,124306	-0,124306	13,997659	-0,008163	6,794188	1,794426
239,200000	8,877880	8,908229	2,616647	0,397972	3,906375	-2560,980540	890,409106	-2993,311340	8,203252	948,721636	32,143740	29,442029	31,143674	28,599854	32,852237	-2,669336	1,193227	1,050317	198200,916460	-0,159346	18,112523	-0,026238	0,000000	2,047342	-0,124305	-0,124302	13,981177	-0,008287	6,796495	1,792296
239,400000	8,877993	8,908510	2,640265	0,397704	3,898943	-2589,051747	890,617703	-2993,164402	8,201871	946,989170	32,142145	29,442037	31,142256	28,596861	32,846488	-2,669562	1,188759	1,051040	198199,499469	-0,158824	18,112501	-0,026233	0,000000	2,047367	-0,124304	-0,124300	13,966723	-0,008418	6,752510	1,790425
239,600000	8,878336	8,908728	2,639141	0,397599	3,898681	-2670,210411	890,640050	-2992,899876	8,200621	947,594320	32,142608	29,441516	31,140155	28,597464	32,842497	-2,669946	1,186824	1,051402	198234,769606	-0,158475	18,112757	-0,026108	0,000000	2,047335	-0,124308	-0,124299	13,972026	-0,008625	6,754806	1,791079
239,800000	8,879255	8,909390	2,641753	0,397736	3,903015	-2816,470020	890,367433	-2992,848518	8,199375	949,001002	32,143443	29,441140	31,142013	28,598899	32,844563	-2,669937	1,187412	1,050878	198266,523239	-0,159153	18,113353	-0,025872	0,000000	2,047151	-0,124312	-0,124302	13,984233	-0,008991	6,750683	1,792598
240,000000	8,880409	8,910383	2,652699	0,397838	3,901730	-2677,720867	890,491584	-2993,072814	8,197954	948,491900	32,141584	29,441846	31,148156	28,596132	32,851154	-2,669450	1,188189	1,050976	198266,348060	-0,159843	18,114156	-0,025908	0,000000	2,047144	-0,124310	-0,124303	13,980288	-0,009331	6,731529	1,792048
240,200000	8,881299	8,911083	2,631837	0,397140	3,896960	-2531,234188	890,264336	-2993,385711	8,196300	947,152619	32,134825	29,442061	31,153071	28,589978	32,857778	-2,669181	1,187991	1,050105	198258,389977	-0,159613	18,114649	-0,026205	0,000000	2,047310	-0,124307	-0,124299	13,969023	-0,009342	6,771001	1,790602
240,400000	8,881878	8,911253	2,611930	0,395681	3,898439	-2703,548101	889,054683	-2993,536102	8,194796	947,669775	32,131562	29,439150	31,151105	28,589384	32,861145	-2,669178	1,189508	1,049555	198257,598345	-0,159864	18,114675	-0,026369	0,000000	2,047249	-0,124306	-0,124293	13,973050	-0,009014	6,808504	1,791161
240,600000	8,882245	8,911265	2,630382	0,395054	3,902293	-2778,057126	888,505935	-2993,333471	8,193615	949,924902	32,138645	29,436076	31,144077	28,595684	32,862480	-2,669279	1,192648	1,051326	198245,736271	-0,160568	18,115116	-0,026411	0,000000	2,046791	-0,124304	-0,124295	13,991578	-0,008564	6,773952	1,793595
240,800000	8,882367	8,911476	2,637746	0,395933	3,902083	-2684,381246	889,184781	-2993,041343	8,192302	951,556942	32,148256	29,436441	31,136650	28,601197	32,860148	-2,669521	1,193891	1,052486	198246,499903	-0,160650	18,116317	-0,026513	0,000000	2,046625	-0,124301	-0,124302	14,005054	-0,008316	6,760645	1,795355
241,000000	8,882548	8,912086	2,633116	0,396958	3,899812	-2742,021598	889,987592	-2993,006309	8,190717	951,722762	32,151053	29,439036	31,133531	28,601696	32,854241	-2,669798	1,194193	1,052052	198290,599699	-0,160169	18,117532	-0,026607	0,000000	2,047176	-0,124302	-0,124304	14,006405	-0,008274	6,770010	1,795534
241,200000	8,883246	8,913033	2,651814	0,396951	3,898465	-2779,680683	890,334085	-2993,159193	8,189367	951,464464	32,148271	29,440388	31,134332	28,598346	32,851263	-2,669893	1,195989	1,051826	198298,782101	-0,159602	18,118423	-0,026615	0,000000	2,047499	-0,124304	-0,124298	14,004266	-0,008306	6,736277	1,795256
241,400000	8,884142	8,913662	2,645496	0,396492	3,899298	-2799,729349	890,258990	-2993,297291	8,188042	952,177498	32,145076	29,440340	31,135249	28,596587	32,855268	-2,669801	1,198355	1,050761	198234,878204	-0,159758	18,119013	-0,026582	0,000000	2,046793	-0,124301	-0,124292	14,010628	-0,008675	6,748635	1,796024
241,600000	8,884721	8,913883	2,620591	0,396541	3,905788	-3075,190140	890,013686	-2993,207271	8,186380	954,252986	32,145149	29,439696	31,136125	28,599676	32,860961	-2,669694	1,199065	1,049865	198197,908845	-0,160102	18,119131	-0,026621	0,000000	2,046379	-0,124295	-0,124295	14,028233	-0,008847	6,795330	1,798260
241,800000	8,885201	8,914297	2,638201	0,396948	3,916076	-3281,048535	890,029797	-2992,899391	8,184855	954,948717	32,149690	29,438623	31,133074	28,605516	32,858579	-2,669656	1,196533	1,050468	198206,044798	-0,159605	18,119213	-0,026708	0,000000	2,046838	-0,124293	-0,124303	14,033492	-0,008267	6,762677	1,799009
242,000000	8,885650	8,914834	2,647075	0,397242	3,921000	-3105,453518	890,461028	-2992,692946	8,183556	953,987756	32,154819	29,438671	31,128146	28,610352	32,848547	-2,669737	1,193534	1,050333	198223,926248	-0,159145	18,119808	-0,026649	0,000000	2,047199	-0,124296	-0,124305	14,024571	-0,007413	6,746683	1,797975
242,200000	8,885722	8,915458	2,626265	0,397483	3,917913	-2827,417915	891,069418	-2992,751202	8,182234	954,384184	32,157805	29,441182	31,130146	28,611539	32,840697	-2,669790	1,194517	1,050077	198247,865980	-0,159643	18,120802	-0,026489	0,000000	2,047497	-0,124301	-0,124304	14,027662	-0,007175	6,786224	1,798402
242,400000	8,885938	8,916337	2,635666	0,397324	3,911396	-2622,848788	891,468848	-2992,938698	8,180849	955,549561	32,156254	29,443261	31,135328	28,607981	32,840377	-2,669627	1,196360	1,050421	198285,109772	-0,159832	18,121786	-0,026385	0,000000	2,047825	-0,124301	-0,124303	14,037968	-0,007701	6,769698	1,799656
242,600000	8,886635	8,917036	2,641394	0,397030	3,906311	-2495,917773	890,756857	-2993,075208	8,179444	955,865327	32,151116	29,439344	31,137187	28,600339	32,845418	-2,669474	1,195821	1,050693	198334,119640	-0,158893	18,122352	-0,026373	0,000000	2,047792	-0,124298	-0,124302	14,041171	-0,008255	6,759861	1,799996
242,800000	8,887096	8,917417	2,619624	0,396949	3,907042	-2604,738852	889,916266	-2993,166652	8,177990	955,732688	32,149323	29,435571	31,135640	28,595250	32,849508	-2,669552	1,192588	1,050487	198374,661087	-0,158651	18,122371	-0,026319	0,000000	2,047406	-0,124298	-0,124302	14,040337	-0,008534	6,800875	1,799853
243,000000	8,887321	8,917904	2,630744	0,396239	3,910145	-2784,779085	890,435749	-2993,207220	8,176533	956,505651	32,150334	29,439124	31,134912	28,598860	32,849521	-2,669766	1,186907	1,049942	198377,081287	-0,159283	18,122230	-0,026138	0,000000	2,047304	-0,124303	-0,124304	14,046819	-0,008532	6,780210	1,800685
243,200000	8,887741	8,918545	2,653002	0,395873	3,908362	-2770,837157	890,962389	-2993,154206	8,175166	958,585114	32,148106	29,443516	31,138462	28,605369	32,847558	-2,669892	1,185421	1,050592	198356,838817	-0,159116	18,122498	-0,026088	0,000000	2,047744	-0,124308	-0,124309	14,064212	-0,008493	6,739375	1,802921
243,400000	8,888414	8,919091	2,644035	0,396700	3,903689	-2877,974035	890,317891	-2993,135373	8,173707	959,184255	32,141115	29,443512	31,144293	28,603920	32,846488	-2,669876	1,189031	1,050605	198368,001609	-0,158793	18,123086	-0,026192	0,000000	2,048148	-0,124312	-0,124311	14,069370	-0,008632	6,756697	1,803565
243,600000	8,889325	8,919600	2,643965	0,397190	3,903033	-3186,616811	889,400460	-2993,247422	8,172130	957,218964	32,134397	29,440999	31,149339	28,593936	32,850474	-2,669746	1,188772	1,049493	198380,178964	-0,159334	18,123681	-0,026247	0,000000	2,048395	-0,124315	-0,124309	14,053035	-0,008767	6,757566	1,801452
243,800000	8,890158	8,920178	2,651642	0,396663	3,904762	-3260,499870	889,120385	-2993,377309	8,170650	956,353422	32,132216	29,439747	31,151128	28,585010	32,858855	-2,669524	1,185087	1,050086	198315,222803	-0,160158	18,124239	-0,026310	0,000000	2,047677	-0,124314	-0,124302	14,045989	-0,008979	6,744016	1,800521
244,000000	8,890692	8,920670	2,630703	0,396198	3,904531	-3327,014080	889,132157	-2993,417471	8,169327	956,418462	32,133259	29,440216	31,146644	28,584055	32,862008	-2,669391	1,184936	1,050907	198212,004548	-0,160707	18,124642	-0,026331	0,000000	2,046090	-0,124309	-0,124297	14,046584	-0,009028	6,783322	1,800591
244,200000	8,890964	8,921235	2,620151	0,396492	3,900479	-3622,844969	889,089112	-2993,343700	8,168074	954,897265	32,136162	29,440509	31,137809	28,589874	32,856667	-2,669480	1,188318	1,051069	198182,447705	-0,160899	18,125017	-0,026192	0,000000	2,045595	-0,124305	-0,124300	14,033349	-0,008556	6,803437	1,798954
244,400000	8,891308	8,921886	2,631639	0,396759	3,892315	-3627,547778	889,410094	-2993,161254	8,166713	954,351299	32,140025	29,441141	31,132064	28,596263	32,850943	-2,669698	1,192866	1,051634	198209,825163	-0,160616	18,125450	-0,026023	0,000000	2,046263	-0,124304	-0,124302	14,028342	-0,008132	6,782359	1,798366
244,600000	8,892039	8,922379	2,622224	0,396366	3,889136	-3285,645612	890,034104	-2993,104875	8,165190	955,321775	32,143224	29,442959	31,134397	28,597654	32,851526	-2,669764	1,197549	1,051143	198236,637162	-0,160253	18,125751	-0,026016	0,000000	2,047049	-0,124305	-0,124302	14,036501	-0,008145	6,800467	1,799411
244,800000	8,892886	8,922709	2,621579	0,395960	3,899410	-2946,174622	890,349624	-2993,258659	8,163636	954,904615	32,145331	29,443536	31,139787	28,595019	32,857120	-2,669572	1,200181	1,050247	198253,541175	-0,160331	18,126058	-0,026157	0,000000	2,047402	-0,124305	-0,124304	14,033079	-0,008224	6,802130	1,798962
245,000000	8,893432	8,922962	2,639866	0,395892	3,914634	-2709,848894	889,857818	-2993,261621	8,162251	953,696403	32,146489	29,441050	31,137599	28,593542	32,860681	-2,669463	1,200780	1,050785	198253,203541	-0,160570	18,126666	-0,026181	0,000000	2,047051	-0,124304	-0,124307	14,022799	-0,008087	6,768332	1,797661
245,200000	8,893845	8,923310	2,635060	0,395674	3,922754	-2718,695964	889,054486	-2993,057933	8,161030	954,238882	32,149539	29,438118	31,129800	28,595073	32,858427	-2,669678	1,201731	1,051234	198231,963867	-0,160606	18,127580	-0,026149	0,000000	2,046391	-0,124302	-0,124305	14,027088	-0,007821	6,777761	1,798245
245,400000	8,894425	8,923680	2,631572	0,395477	3,923013	-2847,649479	889,307283	-2992,898588	8,159774	955,571309	32,157964	29,438799	31,124857	28,598679	32,852998	-2,669910	1,202990	1,050847	198207,803674	-0,160033	18,128444	-0,026217	0,000000	2,046306	-0,124298	-0,124298	14,038103	-0,007654	6,784727	1,799679
245,600000	8,894761	8,924220	2,641120	0,396304	3,917137	-2741,041851	890,571545	-2992,826142	8,158457	955,962937	32,165175	29,443450	31,123826	28,602414	32,847373	-2,669911	1,203061	1,050703	198215,114842	-0,159089	18,129089	-0,026370	0,000000	2,046966	-0,124296	-0,124295	14,041334	-0,007599	6,767398	1,800101
245,800000	8,894815	8,925178	2,636196	0,397632	3,903854	-2501,918924	891,307468	-2992,826736	8,156994	956,740654	32,163530	29,445785	31,127482	28,601805	32,844787	-2,669757	1,200697	1,049967	198237,713251	-0,158522	18,129698	-0,026627	0,000000	2,047684	-0,124300	-0,124301	14,047788	-0,007530	6,777482	1,800938
246,000000	8,895181	8,925966	2,634313	0,398141	3,887968	-2364,005179	891,011874	-2992,818768	8,155444	958,712035	32,156590	29,442966	31,135438	28,597165	32,847059	-2,669654	1,198257	1,049234	198246,189995	-0,159121	18,130282	-0,026627	0,000000	2,047900	-0,124306	-0,124307	14,064375	-0,007593	6,782000	1,803057
246,200000	8,895872	8,926164	2,644278	0,397847	3,879369	-2291,056580	890,555984	-2992,756854	8,154020	960,137665	32,152067	29,439725	31,141171	28,595522	32,849997	-2,669690	1,198761	1,049997	198227,482323	-0,160594	18,130568	-0,026331	0,000000	2,047364	-0,124307	-0,124308	14,076657	-0,007935	6,763884	1,804589
246,400000	8,896607	8,926576	2,642620	0,397572	3,885787	-2344,061375	890,423110	-2992,740885	8,152703	961,161138	32,153412	29,439174	31,141644	28,599276	32,851807	-2,669767	1,200414	1,050438	198222,905914	-0,160947	18,130546	-0,026175	0,000000	2,046906	-0,124301	-0,124305	14,085365	-0,008075	6,767259	1,805688
246,600000	8,897344	8,927552	2,626857	0,397763	3,903291	-2595,734489	890,479230	-2992,744460	8,151480	963,069608	32,156586	29,440098	31,139950	28,602971	32,851204	-2,669839	1,200243	1,050015	198276,183673	-0,159696	18,130818	-0,026208	0,000000	2,047368	-0,124298	-0,124302	14,101013	-0,007757	6,797412	1,807736
246,800000	8,897869	8,928421	2,628911	0,397835	3,913686	-2757,090699	890,743340	-2992,765715	8,150162	964,468232	32,156656	29,441414	31,137675	28,601804	32,846893	-2,669765	1,198553	1,050200	198305,448721	-0,158720	18,131291	-0,026153	0,000000	2,047811	-0,124301	-0,124304	14,112507	-0,007559	6,794253	1,809235
247,000000	8,898259	8,929170	2,639548	0,397774	3,904648	-2747,913854	890,984456	-2993,009364	8,148529	963,696299	32,151583	29,443130	31,138823	28,595071	32,845344	-2,669584	1,197859	1,050097	198263,134424	-0,158998	18,131247	-0,025938	0,000000	2,047565	-0,124303	-0,124304	14,106273	-0,007777	6,774859	1,808408
247,200000	8,898900	8,929812	2,641172	0,397487	3,890048	-2831,527486	890,966300	-2993,325192	8,146815	961,315541	32,142850	29,443609	31,144297	28,587111	32,851618	-2,669421	1,198774	1,049776	198226,685815	-0,159662	18,130984	-0,025969	0,000000	2,047111	-0,124306	-0,124301	14,086884	-0,008302	6,772287	1,805853
247,400000	8,899753	8,930079	2,658719	0,396875	3,891615	-2891,319877	890,902575	-2993,370301	8,145260	959,660901	32,136141	29,442645	31,144806	28,584946	32,861273	-2,669373	1,199864	1,050321	198246,856153	-0,159721	18,131024	-0,026301	0,000000	2,046782	-0,124310	-0,124298	14,073523	-0,008793	6,740008	1,804077
247,600000	8,900750	8,930377	2,655833	0,396237	3,910518	-2869,492689	890,626026	-2993,240170	8,143868	960,420155	32,134802	29,440930	31,138768	28,588260	32,864997	-2,669489	1,199627	1,050801	198273,211558	-0,159128	18,131411	-0,026552	0,000000	2,046669	-0,124308	-0,124294	14,079799	-0,008712	6,745584	1,804892
247,800000	8,901692	8,931053	2,629766	0,395569	3,929811	-3078,643939	890,343366	-2993,166172	8,142641	962,832022	32,138741	29,439092	31,135010	28,591117	32,860432	-2,669558	1,200219	1,050768	198270,562768	-0,159035	18,132148	-0,026553	0,000000	2,046684	-0,124304	-0,124290	14,099570	-0,008301	6,794771	1,807481
248,000000	8,902102	8,931830	2,643939	0,395767	3,933092	-3339,810051	890,568650	-2993,141557	8,141391	964,462601	32,143060	29,439260	31,137452	28,593041	32,854055	-2,669527	1,203061	1,050883	198258,954396	-0,159554	18,132825	-0,026456	0,000000	2,046933	-0,124304	-0,124287	14,113064	-0,008163	6,769152	1,809229
248,200000	8,902206	8,932138	2,649558	0,397035	3,919550	-3238,419080	890,483553	-2993,158247	8,139823	963,720650	32,142198	29,440477	31,141401	28,592513	32,852099	-2,669430	1,203352	1,050874	198231,971070	-0,160129	18,132981	-0,026467	0,000000	2,047233	-0,124304	-0,124291	14,106761	-0,008062	6,759049	1,808434
248,400000	8,902803	8,932217	2,619722	0,397693	3,903639	-2940,956957	889,804173	-2993,180583	8,138154	961,411908	32,140472	29,440071	31,140563	28,585865	32,854847	-2,669369	1,200807	1,050584	198201,671671	-0,160680	18,132946	-0,026518	0,000000	2,046902	-0,124302	-0,124294	14,086956	-0,007567	6,814845	1,805957
248,600000	8,903768	8,932666	2,625161	0,396848	3,896103	-2679,690133	889,668374	-2993,088128	8,136840	959,859371	32,145418	29,438274	31,134439	28,581494	32,858076	-2,669342	1,199830	1,050840	198205,897944	-0,160762	18,133375	-0,026558	0,000000	2,046127	-0,124301	-0,124293	14,073454	-0,007061	6,804983	1,804290
248,800000	8,904205	8,933175	2,640785	0,396281	3,896919	-2405,805128	890,293934	-2992,974253	8,135679	959,724573	32,155244	29,437928	31,128621	28,587039	32,858465	-2,669360	1,199686	1,050870	198194,357113	-0,160450	18,134305	-0,026513	0,000000	2,045490	-0,124298	-0,124295	14,072343	-0,007079	6,776328	1,804145
249,000000	8,904233	8,933535	2,633985	0,397085	3,903736	-2200,663872	890,962754	-2992,975840	8,134419	959,992259	32,162177	29,439854	31,127300	28,597695	32,854239	-2,669581	1,198509	1,050146	198181,229737	-0,159837	18,135221	-0,026337	0,000000	2,045665	-0,124294	-0,124299	14,074576	-0,007071	6,789535	1,804433
249,200000	8,904556	8,934120	2,639254	0,397838	3,910925	-2152,424760	891,236920	-2992,905068	8,133132	960,178145	32,162010	29,441535	31,128344	28,604620	32,849103	-2,669762	1,197841	1,049644	198256,872748	-0,158987	18,135855	-0,026250	0,000000	2,046974	-0,124298	-0,124303	14,075619	-0,006557	6,780317	1,804632
249,400000	8,904985	8,934981	2,645508	0,397724	3,909026	-2149,086040	891,228022	-2992,819103	8,131620	960,190452	32,156770	29,441028	31,128195	28,603712	32,849810	-2,669741	1,199290	1,049771	198327,421924	-0,158893	18,136450	-0,026329	0,000000	2,047867	-0,124304	-0,124304	14,075567	-0,006402	6,769493	1,804645
249,600000	8,905270	8,935756	2,635738	0,397333	3,896031	-2254,797803	891,089565	-2993,003750	8,129977	960,104237	32,152978	29,439607	31,129903	28,598245	32,853957	-2,669780	1,201073	1,050160	198328,381018	-0,159312	18,136914	-0,026394	0,000000	2,047584	-0,124308	-0,124303	14,075343	-0,006901	6,788476	1,804553
249,800000	8,905695	8,936353	2,634288	0,397534	3,881477	-2489,691016	890,927912	-2993,159612	8,128611	960,950897	32,154707	29,439446	31,134558	28,593433	32,855428	-2,669640	1,200712	1,050653	198303,849972	-0,159248	18,136837	-0,026332	0,000000	2,046928	-0,124308	-0,124304	14,082688	-0,007158	6,791676	1,805462
250,000000	8,906411	8,936840	2,641414	0,398262	3,872338	-2565,902302	891,067864	-2993,010219	8,127480	962,203383	32,158727	29,440781	31,134425	28,593963	32,852268	-2,669445	1,198175	1,051041	198260,797357	-0,159186	18,136580	-0,026234	0,000000	2,046434	-0,124307	-0,124305	14,092863	-0,006852	6,778575	1,806806
250,200000	8,907056	8,937135	2,620006	0,398216	3,872869	-2701,229068	891,279993	-2992,797276	8,126108	961,618790	32,159242	29,442333	31,130238	28,598179	32,846450	-2,669869	1,195346	1,050082	198235,237485	-0,159428	18,136637	-0,026232	0,000000	2,046761	-0,124306	-0,124307	14,087768	-0,006648	6,818794	1,806179
250,400000	8,907440	8,937604	2,607096	0,397484	3,883376	-3140,121517	891,279472	-2992,786158	8,124400	960,222782	32,155409	29,443226	31,131125	28,598971	32,841898	-2,670174	1,192782	1,048456	198265,163038	-0,159678	18,136969	-0,026280	0,000000	2,047666	-0,124303	-0,124307	14,076475	-0,007040	6,843670	1,804680
250,600000	8,907917	8,938409	2,626600	0,397355	3,897285	-3341,787125	891,308078	-2993,020357	8,122791	959,752103	32,149267	29,443756	31,140201	28,593970	32,841913	-2,669817	1,189423	1,049071	198326,250431	-0,159400	18,137756	-0,026280	0,000000	2,048207	-0,124302	-0,124301	14,073300	-0,007806	6,807872	1,804175
250,800000	8,908638	8,939010	2,614659	0,397215	3,908987	-3096,112610	890,798335	-2993,307146	8,121399	958,928037	32,141361	29,442368	31,149340	28,587343	32,847337	-2,669549	1,187082	1,050210	198358,774971	-0,158905	18,138774	-0,026245	0,000000	2,047966	-0,124305	-0,124294	14,066921	-0,008329	6,831418	1,803289
251,000000	8,909490	8,939281	2,608516	0,396533	3,914764	-2749,055326	889,857762	-2993,360994	8,120078	956,964454	32,136869	29,439066	31,150005	28,584352	32,855229	-2,669611	1,187031	1,049878	198347,324641	-0,159307	18,139389	-0,026250	0,000000	2,047333	-0,124309	-0,124292	14,050351	-0,008216	6,843570	1,801178
251,200000	8,910068	8,939448	2,641610	0,396553	3,912845	-2435,847291	889,712632	-2993,184383	8,118718	955,528404	32,141831	29,437377	31,143595	28,585275	32,860784	-2,669651	1,188393	1,050468	198334,585351	-0,159709	18,139738	-0,026235	0,000000	2,047017	-0,124307	-0,124296	14,038060	-0,007970	6,781460	1,799633
251,400000	8,910312	8,939745	2,643945	0,396948	3,908241	-2279,174540	890,317475	-2993,100254	8,117321	955,357495	32,150156	29,438677	31,135296	28,587315	32,860378	-2,669699	1,188600	1,050560	198347,149058	-0,158857	18,140199	-0,026166	0,000000	2,047086	-0,124303	-0,124299	14,036762	-0,008107	6,777269	1,799449
251,600000	8,910854	8,940413	2,630577	0,396607	3,908505	-2266,245804	890,612832	-2993,162819	8,115992	955,589241	32,152425	29,440515	31,132001	28,587175	32,857719	-2,669750	1,186633	1,049819	198376,482034	-0,158133	18,140830	-0,026323	0,000000	2,047322	-0,124302	-0,124300	14,038690	-0,008090	6,802824	1,799699
251,800000	8,911706	8,941062	2,643429	0,396317	3,912265	-2169,946314	890,237631	-2993,209924	8,114848	956,608062	32,149679	29,441427	31,136053	28,583061	32,859495	-2,669584	1,188385	1,049967	198342,800323	-0,158782	18,141533	-0,026548	0,000000	2,047145	-0,124304	-0,124299	14,047073	-0,007927	6,779581	1,800795
252,000000	8,912257	8,941303	2,645331	0,396392	3,912073	-2162,942405	889,620858	-2993,274419	8,113500	957,795852	32,145987	29,441501	31,140470	28,580545	32,865851	-2,669537	1,194805	1,049909	198235,116317	-0,159504	18,142070	-0,026422	0,000000	2,046482	-0,124306	-0,124298	14,057211	-0,008107	6,776503	1,802072
252,200000	8,912022	8,940913	2,636450	0,395931	3,909044	-2406,927957	889,218505	-2993,223635	8,111767	957,171774	32,144173	29,440521	31,139426	28,584589	32,869732	-2,669723	1,201162	1,050913	198188,871436	-0,159373	18,142497	-0,026194	0,000000	2,046084	-0,124304	-0,124297	14,051898	-0,008026	6,792961	1,801401
252,400000	8,910669	8,939350	2,647563	0,395388	3,906144	-2571,192442	889,261704	-2992,984605	8,110267	955,859494	32,147098	29,440310	31,133738	28,591947	32,864699	-2,669843	1,204876	1,051650	198212,963322	-0,158926	18,143352	-0,026201	0,000000	2,046163	-0,124300	-0,124297	14,040533	-0,007666	6,771374	1,799990
252,600000	8,908038	8,936823	2,649351	0,395755	3,901391	-2614,352343	889,618776	-2992,855691	8,108919	955,518069	32,153027	29,441093	31,129207	28,596389	32,853295	-2,669896	1,205092	1,051045	198237,035504	-0,158494	18,145444	-0,026241	0,000000	2,046637	-0,124299	-0,124301	14,037373	-0,007371	6,766990	1,799622
252,800000	8,904995	8,934154	2,631349	0,396450	3,894774	-2901,066165	889,953275	-2992,989914	8,107446	955,660816	32,157840	29,440961	31,129003	28,597015	32,843649	-2,669795	1,203490	1,050493	198249,076201	-0,158606	18,149379	-0,026162	0,000000	2,047134	-0,124305	-0,124307	14,038431	-0,007231	6,800209	1,799776
253,000000	8,902718	8,931924	2,640963	0,396454	3,890116	-3258,306339	890,008499	-2993,214348	8,105988	955,731581	32,157616	29,441260	31,130007	28,596342	32,841992	-2,669747	1,202782	1,049966	198250,797831	-0,159263	18,154894	-0,026205	0,000000	2,047239	-0,124311	-0,124308	14,039441	-0,007647	6,782787	1,799852
253,200000	8,900771	8,929975	2,651131	0,396185	3,891176	-3374,713009	889,575015	-2993,306129	8,104536	954,798461	32,154465	29,440857	31,130601	28,593679	32,845741	-2,670050	1,203929	1,050643	198246,538368	-0,159202	18,161033	-0,026343	0,000000	2,047021	-0,124305	-0,124308	14,032190	-0,008226	6,764858	1,798848
253,400000	8,898462	8,927904	2,628022	0,396246	3,900688	-3554,834003	889,120364	-2993,204384	8,103120	953,547626	32,156706	29,439229	31,129473	28,591270	32,847797	-2,670344	1,204588	1,050986	198263,765602	-0,158766	18,166767	-0,026373	0,000000	2,046698	-0,124299	-0,124308	14,021895	-0,008432	6,808725	1,797501
253,600000	8,895944	8,925753	2,637224	0,396432	3,916327	-3791,309345	889,449461	-2992,962959	8,101882	954,164123	32,162773	29,440525	31,126530	28,593966	32,846759	-2,670316	1,203928	1,050760	198306,963941	-0,159015	18,171787	-0,026280	0,000000	2,046880	-0,124297	-0,124307	14,026928	-0,008289	6,791790	1,798165
253,800000	8,893682	8,923773	2,658560	0,397138	3,929108	-3713,818400	890,083850	-2992,834762	8,100671	955,520556	32,163807	29,442350	31,125796	28,599385	32,844527	-2,670076	1,202263	1,050553	198319,576699	-0,159324	18,176607	-0,026107	0,000000	2,047413	-0,124298	-0,124308	14,038221	-0,008198	6,752527	1,799625
254,000000	8,891957	8,922174	2,637308	0,398499	3,934270	-3606,297721	890,177345	-2992,930105	8,099178	956,770453	32,157367	29,441973	31,131312	28,597954	32,842688	-2,669905	1,199997	1,049815	198301,988540	-0,159394	18,181608	-0,026109	0,000000	2,047325	-0,124303	-0,124308	14,048826	-0,008318	6,792921	1,800970
254,200000	8,890369	8,920407	2,635367	0,399063	3,932519	-3615,423203	889,624331	-2993,111660	8,097590	957,863404	32,147658	29,440998	31,139632	28,587834	32,843854	-2,669839	1,200494	1,049894	198291,528991	-0,159169	18,186474	-0,026317	0,000000	2,047438	-0,124310	-0,124306	14,057950	-0,008280	6,797367	1,802145
254,400000	8,888588	8,918012	2,646862	0,397620	3,921698	-3352,989447	889,231978	-2993,344638	8,096085	957,124060	32,142010	29,440215	31,143672	28,579001	32,847964	-2,669804	1,204108	1,050186	198267,913311	-0,158633	18,190937	-0,026322	0,000000	2,047759	-0,124315	-0,124305	14,051828	-0,008356	6,776053	1,801350
254,600000	8,886569	8,915542	2,621094	0,395476	3,908011	-2982,816687	889,384191	-2993,462787	8,094687	955,721300	32,142425	29,440030	31,143428	28,577639	32,850155	-2,669808	1,205414	1,050215	198246,993189	-0,158400	18,195574	-0,026166	0,000000	2,047152	-0,124311	-0,124302	14,040362	-0,008654	6,824352	1,799841
254,800000	8,884271	8,913460	2,619733	0,394624	3,902622	-2741,165225	889,663706	-2993,286913	8,093495	956,234803	32,144288	29,439303	31,142090	28,581398	32,849555	-2,669685	1,203228	1,050825	198280,236689	-0,158894	18,200898	-0,026367	0,000000	2,046752	-0,124304	-0,124299	14,044741	-0,008726	6,827467	1,800393
255,000000	8,881800	8,911575	2,648355	0,395205	3,905278	-2470,564665	889,733345	-2993,068381	8,092288	957,580769	32,145695	29,438360	31,140858	28,585172	32,849964	-2,669486	1,201563	1,051162	198331,966207	-0,159748	18,206414	-0,026726	0,000000	2,047321	-0,124305	-0,124303	14,056022	-0,008720	6,774610	1,801841
255,200000	8,879514	8,909694	2,643884	0,395846	3,909284	-2398,708986	889,484879	-2993,179116	8,090803	957,076023	32,145937	29,438208	31,140139	28,585654	32,853362	-2,669485	1,200924	1,050389	198351,244484	-0,160036	18,211452	-0,026713	0,000000	2,048022	-0,124306	-0,124308	14,051916	-0,008846	6,783503	1,801298
255,400000	8,877578	8,907682	2,633320	0,395931	3,907001	-2599,718281	889,426511	-2993,479434	8,089163	955,721790	32,144441	29,438312	31,141287	28,583933	32,859045	-2,669556	1,200360	1,049809	198336,332972	-0,159632	18,216058	-0,026451	0,000000	2,048080	-0,124304	-0,124307	14,040772	-0,009060	6,803606	1,799841
255,600000	8,875710	8,905431	2,642519	0,395878	3,896891	-2613,896368	889,597344	-2993,538840	8,087742	955,308571	32,143748	29,437778	31,141866	28,582188	32,863309	-2,669534	1,201077	1,050412	198315,667908	-0,158732	18,220704	-0,026320	0,000000	2,047527	-0,124304	-0,124301	14,037458	-0,009213	6,786616	1,799397
255,800000	8,873770	8,903160	2,640751	0,395502	3,888915	-2529,693510	889,349236	-2993,304673	8,086496	955,442013	32,146535	29,435015	31,136750	28,580858	32,861743	-2,669561	1,201996	1,051059	198316,205232	-0,158447	18,225839	-0,026493	0,000000	2,046629	-0,124305	-0,124294	14,038416	-0,009051	6,790217	1,799540
256,000000	8,871737	8,901051	2,638721	0,395248	3,894295	-2640,822921	889,400520	-2993,105934	8,085186	954,700830	32,154504	29,433767	31,126508	28,582910	32,855665	-2,669687	1,201596	1,050694	198324,592957	-0,159681	18,231225	-0,026661	0,000000	2,045757	-0,124300	-0,124295	14,032001	-0,008857	6,794364	1,798742
256,200000	8,869333	8,899060	2,657662	0,395931	3,906450	-2667,961524	890,482365	-2993,059757	8,083867	952,632523	32,163520	29,438373	31,119834	28,587497	32,850135	-2,669894	1,201166	1,051057	198336,418111	-0,160700	18,236509	-0,026637	0,000000	2,045636	-0,124293	-0,124302	14,014609	-0,008833	6,759487	1,796515
256,400000	8,866694	8,896893	2,649673	0,396676	3,914172	-2652,656195	891,259139	-2993,037511	8,082484	951,155852	32,164719	29,443134	31,123856	28,587887	32,848535	-2,670009	1,200379	1,051636	198367,677525	-0,160444	18,241635	-0,026533	0,000000	2,046221	-0,124292	-0,124306	14,002021	-0,008655	6,774696	1,794923
256,600000	8,864472	8,894428	2,622231	0,396524	3,918989	-2858,719429	890,920194	-2993,015039	8,081054	951,026822	32,157757	29,442989	31,133423	28,585383	32,850673	-2,669852	1,199046	1,050720	198399,342813	-0,160184	18,246624	-0,026350	0,000000	2,046650	-0,124296	-0,124302	14,000775	-0,008493	6,826451	1,794784
256,800000	8,862749	8,892401	2,639310	0,396162	3,921603	-2950,008271	890,154518	-2993,037519	8,079651	951,270748	32,152219	29,439823	31,138010	28,585948	32,852115	-2,669699	1,197206	1,050732	198377,046978	-0,160431	18,252016	-0,026296	0,000000	2,046447	-0,124300	-0,124299	14,002779	-0,008447	6,795173	1,795047
257,000000	8,860761	8,890794	2,647448	0,396379	3,918473	-2786,666880	889,889714	-2993,078707	8,078171	952,293915	32,154656	29,438231	31,135011	28,591442	32,852296	-2,669828	1,196462	1,050472	198354,100561	-0,160413	18,257692	-0,026446	0,000000	2,046485	-0,124298	-0,124302	14,011181	-0,008250	6,780972	1,796150
257,200000	8,858263	8,888554	2,623587	0,397298	3,914094	-2684,642595	890,305392	-2993,026456	8,076877	954,424640	32,161311	29,441030	31,129263	28,596001	32,849578	-2,670051	1,198791	1,049716	198422,716536	-0,159734	18,262804	-0,026608	0,000000	2,047565	-0,124298	-0,124308	14,028728	-0,007902	6,825831	1,798445
257,400000	8,855862	8,886002	2,638635	0,398477	3,914721	-2580,719969	890,684578	-2992,914829	8,075798	955,031825	32,165420	29,444591	31,125697	28,593930	32,842637	-2,670091	1,201212	1,050592	198487,574023	-0,159028	18,267402	-0,026664	0,000000	2,048461	-0,124301	-0,124309	14,033567	-0,007644	6,797367	1,799099
257,600000	8,853756	8,883966	2,648727	0,399003	3,918443	-2356,997785	890,642408	-2993,019785	8,074303	953,042595	32,163351	29,444628	31,128757	28,588495	32,839434	-2,669995	1,201408	1,050310	198459,542121	-0,159195	18,272427	-0,026453	0,000000	2,048267	-0,124306	-0,124306	14,017084	-0,007863	6,779081	1,796957
257,800000	8,852017	8,882261	2,621333	0,398648	3,920600	-2233,274267	890,331379	-2993,248016	8,072555	951,257473	32,157247	29,442225	31,135772	28,583443	32,844590	-2,669834	1,200662	1,049458	198407,650750	-0,159796	18,278098	-0,026114	0,000000	2,047669	-0,124309	-0,124309	14,002629	-0,008409	6,831564	1,795032
258,000000	8,850394	8,880346	2,627406	0,397963	3,916964	-2184,445874	889,989670	-2993,188853	8,071125	950,971280	32,151960	29,440364	31,139719	28,580532	32,853176	-2,669631	1,200262	1,050061	198401,082785	-0,160059	18,283453	-0,026016	0,000000	2,046974	-0,124307	-0,124312	14,000515	-0,008700	6,820920	1,794724
258,200000	8,848307	8,877938	2,647507	0,397390	3,905951	-2079,590629	889,791125	-2992,985137	8,069818	952,097894	32,149380	29,440198	31,139921	28,579827	32,855896	-2,669598	1,199617	1,050791	198422,154904	-0,160017	18,288060	-0,026277	0,000000	2,046532	-0,124303	-0,124307	14,009981	-0,008697	6,783357	1,795938
258,400000	8,845816	8,875678	2,642949	0,396704	3,896850	-2111,918618	890,057560	-2993,043636	8,068423	953,432316	32,149480	29,441933	31,138407	28,579232	32,852039	-2,669711	1,199076	1,050559	198430,265386	-0,159792	18,292594	-0,026639	0,000000	2,046840	-0,124303	-0,124304	14,021311	-0,008817	6,791903	1,797376
258,600000	8,843243	8,874053	2,649992	0,396103	3,896801	-2276,514199	890,568486	-2993,252952	8,067044	952,810582	32,148386	29,444030	31,139587	28,580778	32,849743	-2,669676	1,197994	1,050130	198429,646052	-0,160168	18,297612	-0,026569	0,000000	2,047356	-0,124304	-0,124306	14,016226	-0,008954	6,779506	1,796707
258,800000	8,841105	8,872261	2,659935	0,396405	3,899759	-2334,297050	890,298276	-2993,382400	8,065711	951,444156	32,144155	29,444452	31,144206	28,582223	32,850999	-2,669561	1,196148	1,050952	198434,085473	-0,161109	18,302884	-0,026163	0,000000	2,047399	-0,124306	-0,124306	14,004712	-0,008922	6,761883	1,795234
259,000000	8,839403	8,869731	2,634699	0,396701	3,900088	-2665,328182	889,233005	-2993,478744	8,064212	951,946646	32,141014	29,442708	31,146868	28,576372	32,853968	-2,669621	1,196097	1,051035	198426,455457	-0,161071	18,307782	-0,026011	0,000000	2,047096	-0,124309	-0,124302	14,008870	-0,008857	6,809048	1,795775
259,200000	8,837478	8,867067	2,618743	0,395620	3,898497	-3436,610378	888,597854	-2993,550607	8,062547	954,185249	32,142963	29,440524	31,146243	28,569681	32,857372	-2,669771	1,197629	1,050154	198411,462592	-0,160478	18,312457	-0,026187	0,000000	2,046676	-0,124310	-0,124298	14,027495	-0,008679	6,839030	1,798187
259,400000	8,835474	8,864776	2,639737	0,393974	3,895917	-3808,658558	888,978777	-2993,470206	8,060936	955,807021	32,148722	29,440280	31,143933	28,573235	32,857753	-2,669946	1,198568	1,050953	198387,434536	-0,160246	18,317825	-0,026515	0,000000	2,046123	-0,124305	-0,124294	14,040981	-0,008554	6,799910	1,799933
259,600000	8,833444	8,862649	2,637407	0,393744	3,896738	-3601,668508	889,518531	-2993,314391	8,059460	955,990114	32,153779	29,440409	31,139175	28,584494	32,854108	-2,670173	1,198540	1,051509	198388,629941	-0,160501	18,323820	-0,026715	0,000000	2,045893	-0,124301	-0,124298	14,042317	-0,008355	6,804915	1,800130
259,800000	8,831295	8,860676	2,630617	0,395199	3,903545	-3355,870061	889,675104	-2993,138043	8,058246	954,901712	32,156087	29,439978	31,132182	28,591319	32,852997	-2,670249	1,199094	1,050644	198467,983529	-0,161279	18,329425	-0,026654	0,000000	2,046515	-0,124303	-0,124305	14,032753	-0,007923	6,818224	1,798959
260,000000	8,829318	8,858765	2,644667	0,396278	3,908283	-3112,433575	889,498703	-2993,067288	8,057175	953,565382	32,156585	29,439914	31,126931	28,589606	32,857417	-2,670089	1,200016	1,050677	198509,210770	-0,161344	18,334320	-0,026417	0,000000	2,047123	-0,124306	-0,124308	14,021540	-0,007928	6,792292	1,797520
260,200000	8,827156	8,856507	2,629273	0,395995	3,907876	-2894,714600	889,084998	-2993,315356	8,055793	954,134061	32,156451	29,439978	31,126554	28,585285	32,860321	-2,669934	1,199798	1,050208	198447,335283	-0,161342	18,338919	-0,025977	0,000000	2,046879	-0,124305	-0,124304	14,026687	-0,008300	6,821264	1,798132
260,400000	8,824795	8,854152	2,615738	0,395752	3,911383	-2774,477989	888,974544	-2993,468924	8,054140	955,521639	32,157233	29,440927	31,127945	28,582731	32,857714	-2,669770	1,198536	1,049401	198363,379505	-0,161921	18,343676	-0,025738	0,000000	2,046336	-0,124302	-0,124299	14,038201	-0,008169	6,846968	1,799626
260,600000	8,822561	8,852128	2,633756	0,396418	3,919249	-2618,485101	889,222674	-2993,251140	8,052688	955,985291	32,160306	29,441361	31,124438	28,583429	32,850892	-2,669717	1,197702	1,050175	198313,188780	-0,161509	18,348839	-0,025964	0,000000	2,046322	-0,124299	-0,124298	14,041449	-0,007526	6,813411	1,800125
260,800000	8,820237	8,850108	2,639425	0,397104	3,920499	-2561,392984	889,443804	-2992,979002	8,051423	955,910293	32,162765	29,440119	31,121476	28,586899	32,843133	-2,670111	1,197362	1,050303	198330,117392	-0,160953	18,354157	-0,026285	0,000000	2,046866	-0,124297	-0,124302	14,040394	-0,007100	6,803323	1,800044
261,000000	8,817828	8,847967	2,639780	0,397274	3,909095	-2665,677549	889,716960	-2992,921301	8,050046	955,780047	32,162909	29,440819	31,127235	28,590324	32,838836	-2,670402	1,194862	1,050074	198394,203807	-0,160934	18,359327	-0,026371	0,000000	2,047408	-0,124302	-0,124305	14,039368	-0,007167	6,803207	1,799904
261,200000	8,815518	8,846062	2,657462	0,397304	3,892350	-2627,146369	890,094572	-2993,143231	8,048544	955,720794	32,159091	29,443959	31,136235	28,588619	32,839671	-2,670196	1,191543	1,049876	198423,575899	-0,160659	18,364149	-0,026144	0,000000	2,047764	-0,124304	-0,124308	14,039196	-0,007492	6,770882	1,799840
261,400000	8,813529	8,844276	2,646367	0,397166	3,883983	-2603,792878	889,893894	-2993,464278	8,047041	955,682116	32,149270	29,443779	31,142497	28,582446	32,843745	-2,670086	1,191397	1,049825	198385,188283	-0,160038	18,368702	-0,025981	0,000000	2,047940	-0,124301	-0,124307	14,039333	-0,007954	6,792096	1,799799
261,600000	8,811718	8,842257	2,615447	0,396757	3,890021	-2926,309475	889,123718	-2993,643814	8,045536	954,747990	32,141768	29,440665	31,144197	28,579123	32,847068	-2,670236	1,192475	1,050347	198339,679051	-0,160022	18,373360	-0,026044	0,000000	2,047774	-0,124301	-0,124301	14,032000	-0,008460	6,850677	1,798793
261,800000	8,809575	8,840018	2,627831	0,396823	3,900596	-3209,694629	889,037151	-2993,619081	8,044019	952,623490	32,143519	29,441146	31,139789	28,580082	32,848424	-2,670262	1,191606	1,050117	198323,362091	-0,160794	18,378089	-0,026065	0,000000	2,047472	-0,124301	-0,124305	14,014429	-0,008729	6,827359	1,796505
262,000000	8,807334	8,837944	2,635388	0,397699	3,901909	-3081,279860	889,639877	-2993,472157	8,042708	952,031420	32,147366	29,443721	31,134066	28,581473	32,847193	-2,670191	1,189944	1,049880	198326,775078	-0,160715	18,382892	-0,025944	0,000000	2,047705	-0,124302	-0,124310	14,009372	-0,008646	6,813306	1,795867
262,200000	8,805423	8,836129	2,620408	0,398109	3,898215	-2768,651926	889,841116	-2993,413466	8,041575	954,032869	32,145738	29,443494	31,134548	28,579411	32,843578	-2,670097	1,191269	1,049123	198370,664016	-0,160430	18,388022	-0,025815	0,000000	2,048308	-0,124305	-0,124307	14,025778	-0,008241	6,842182	1,798023
262,400000	8,803695	8,834371	2,641597	0,397247	3,899248	-2534,785197	889,443082	-2993,486751	8,040338	955,787383	32,140137	29,441470	31,139756	28,573080	32,844766	-2,669899	1,195507	1,049190	198383,947827	-0,161276	18,393090	-0,025882	0,000000	2,048096	-0,124305	-0,124302	14,040248	-0,007986	6,803154	1,799912
262,600000	8,802022	8,832543	2,649426	0,395955	3,904721	-2558,502391	888,878195	-2993,571640	8,038765	956,014300	32,134327	29,440240	31,143951	28,567803	32,853426	-2,669798	1,197117	1,050340	198321,364021	-0,162890	18,397507	-0,026032	0,000000	2,046943	-0,124299	-0,124299	14,042383	-0,008217	6,789034	1,800156
262,800000	8,800383	8,830351	2,619003	0,395231	3,910376	-2961,494432	888,272910	-2993,618436	8,037051	955,769417	32,131026	29,439880	31,145135	28,567973	32,859815	-2,669952	1,195688	1,050534	198296,853206	-0,163158	18,401375	-0,026150	0,000000	2,046090	-0,124295	-0,124298	14,040338	-0,008227	6,846104	1,799893
263,000000	8,798568	8,827784	2,622131	0,395189	3,911370	-3318,742051	887,957299	-2993,546580	8,035679	955,671829	32,132230	29,439886	31,141347	28,573299	32,858665	-2,670167	1,195681	1,050763	198314,770871	-0,160824	18,405476	-0,026267	0,000000	2,046130	-0,124297	-0,124299	14,039165	-0,007872	6,839834	1,799788
263,200000	8,796346	8,825119	2,636164	0,395584	3,903673	-3210,211814	888,371993	-2993,415747	8,034444	955,687518	32,136811	29,440461	31,136164	28,580050	32,853291	-2,670321	1,197947	1,050499	198304,448345	-0,159080	18,410579	-0,026294	0,000000	2,046601	-0,124303	-0,124300	14,039131	-0,007707	6,813319	1,799805
263,400000	8,793751	8,822760	2,620143	0,396101	3,892025	-3013,548327	889,065941	-2993,408223	8,033012	955,691322	32,141540	29,440995	31,136313	28,583544	32,848277	-2,670344	1,199637	1,049960	198266,458179	-0,160110	18,416430	-0,026179	0,000000	2,046991	-0,124305	-0,124305	14,039349	-0,007893	6,844018	1,799809
263,600000	8,791393	8,820991	2,622833	0,396132	3,885809	-2964,682523	889,455640	-2993,493914	8,031574	955,658445	32,142274	29,440865	31,138861	28,581801	32,848669	-2,670231	1,199835	1,050010	198237,506735	-0,160996	18,422279	-0,026177	0,000000	2,047057	-0,124303	-0,124305	14,039436	-0,008255	6,839929	1,799773
263,800000	8,789371	8,819324	2,635454	0,396039	3,885004	-2749,880012	889,162617	-2993,551318	8,030285	955,640190	32,140131	29,439559	31,137320	28,576754	32,851321	-2,670121	1,198533	1,050929	198244,457810	-0,160568	18,427549	-0,026452	0,000000	2,046781	-0,124303	-0,124302	14,039425	-0,008398	6,816946	1,799754
264,000000	8,787128	8,817354	2,611251	0,395667	3,885966	-2541,929452	888,582335	-2993,530405	8,028959	955,662171	32,141862	29,438187	31,130989	28,575536	32,850491	-2,670124	1,195094	1,051498	198287,907069	-0,161257	18,431878	-0,026671	0,000000	2,046347	-0,124302	-0,124301	14,039404	-0,008193	6,862797	1,799777
264,200000	8,784816	8,815334	2,596366	0,395016	3,886703	-2579,258799	888,806371	-2993,366005	8,027568	956,580455	32,147225	29,439645	31,126255	28,582937	32,847748	-2,670301	1,191697	1,050569	198347,717048	-0,162200	18,435729	-0,026687	0,000000	2,046256	-0,124300	-0,124298	14,046816	-0,007902	6,891104	1,800765
264,400000	8,782831	8,813457	2,611794	0,396087	3,880300	-2528,785243	889,663107	-2993,144301	8,026251	957,822122	32,150506	29,443177	31,126361	28,592500	32,844643	-2,670412	1,191227	1,050432	198403,745576	-0,161472	18,439917	-0,026683	0,000000	2,046736	-0,124301	-0,124299	14,056976	-0,007652	6,861804	1,802101
264,600000	8,781113	8,811559	2,611842	0,397901	3,869038	-2362,451500	890,008852	-2993,060412	8,024960	957,225466	32,147916	29,444966	31,129543	28,594402	32,841540	-2,670340	1,193004	1,050179	198450,036931	-0,160793	18,444535	-0,026605	0,000000	2,047296	-0,124301	-0,124305	14,051862	-0,007539	6,862131	1,801459
264,800000	8,779371	8,809534	2,615225	0,397959	3,862999	-2293,437020	889,608327	-2993,155783	8,023711	955,863641	32,141046	29,443722	31,134091	28,586743	32,840432	-2,670215	1,195216	1,049515	198462,966784	-0,160991	18,449172	-0,026357	0,000000	2,047749	-0,124302	-0,124306	14,040565	-0,007663	6,856142	1,799994
265,000000	8,777438	8,807451	2,636599	0,396966	3,865840	-2204,055788	889,210052	-2993,315646	8,022347	956,334943	32,135119	29,441826	31,139279	28,578322	32,842230	-2,670124	1,197068	1,050594	198415,826711	-0,161274	18,453605	-0,026164	0,000000	2,047490	-0,124306	-0,124304	14,044810	-0,007954	6,816154	1,800501
265,200000	8,775331	8,805304	2,627620	0,396196	3,879086	-2228,061908	889,001979	-2993,373393	8,020739	958,533007	32,133695	29,440480	31,142468	28,578425	32,843319	-2,670303	1,197084	1,050193	198356,069446	-0,161545	18,457865	-0,026270	0,000000	2,046555	-0,124307	-0,124304	14,063425	-0,008143	6,833223	1,802865
265,400000	8,773142	8,803129	2,606319	0,396173	3,899642	-2580,696617	888,957149	-2993,312412	8,019271	960,147228	32,135858	29,439864	31,139975	28,582500	32,839168	-2,670586	1,195761	1,049184	198348,783070	-0,161644	18,462180	-0,026722	0,000000	2,046512	-0,124303	-0,124308	14,076889	-0,008087	6,873657	1,804599
265,600000	8,771054	8,801079	2,622766	0,396863	3,911957	-2840,405755	889,364528	-2993,245549	8,017959	959,405140	32,136801	29,441109	31,136121	28,582720	32,835153	-2,670513	1,193645	1,049841	198363,074150	-0,162052	18,466703	-0,026981	0,000000	2,047198	-0,124301	-0,124311	14,070803	-0,008215	6,842548	1,803802
265,800000	8,769032	8,799120	2,630778	0,397531	3,903490	-2873,084138	889,522114	-2993,340005	8,016561	956,985973	32,134465	29,442460	31,138054	28,579775	32,840801	-2,670198	1,191981	1,049492	198371,348593	-0,162393	18,471282	-0,026715	0,000000	2,047673	-0,124306	-0,124310	14,051082	-0,008768	6,827771	1,801201
266,000000	8,767244	8,797249	2,620110	0,397281	3,881502	-2993,112656	889,110648	-2993,563697	8,015129	956,171656	32,129839	29,441722	31,145463	28,575262	32,851837	-2,669927	1,192698	1,049937	198367,267344	-0,162039	18,475935	-0,026480	0,000000	2,047708	-0,124311	-0,124308	14,044987	-0,009501	6,848511	1,800325
266,200000	8,765536	8,795602	2,631493	0,396185	3,862789	-2978,680062	888,672723	-2993,661422	8,013683	958,080620	32,124509	29,439629	31,148485	28,569858	32,857505	-2,669745	1,194376	1,050863	198349,414485	-0,161958	18,480488	-0,026391	0,000000	2,047247	-0,124308	-0,124305	14,061431	-0,009940	6,827674	1,802378
266,400000	8,763487	8,793780	2,617956	0,395177	3,860595	-2710,244532	888,337219	-2993,533701	8,012311	959,842433	32,122227	29,437234	31,141211	28,567817	32,857428	-2,669824	1,195389	1,050505	198340,779766	-0,162292	18,484543	-0,026300	0,000000	2,046692	-0,124301	-0,124300	14,076118	-0,009867	6,853358	1,804272
266,600000	8,761530	8,791531	2,588070	0,394815	3,878169	-2589,414283	888,291691	-2993,358363	8,011042	959,252324	32,126155	29,436169	31,131071	28,572020	32,855857	-2,670071	1,196431	1,050260	198335,207057	-0,162531	18,488180	-0,026268	0,000000	2,046400	-0,124300	-0,124297	14,070908	-0,009600	6,910056	1,803638
266,800000	8,759686	8,789303	2,607364	0,395847	3,900160	-2689,978764	888,721459	-2993,338631	8,009737	956,935937	32,131755	29,438455	31,127758	28,575610	32,853956	-2,670198	1,198481	1,050001	198325,124516	-0,162542	18,491898	-0,026230	0,000000	2,046653	-0,124302	-0,124298	14,051272	-0,009377	6,872750	1,801148
267,000000	8,757489	8,787264	2,630096	0,397211	3,904473	-2751,774914	889,092125	-2993,411448	8,008319	955,351501	32,132147	29,441842	31,131922	28,573001	32,852952	-2,670235	1,201026	1,049579	198323,462699	-0,162168	18,496255	-0,026360	0,000000	2,047111	-0,124301	-0,124299	14,037619	-0,009014	6,829871	1,799443
267,200000	8,755093	8,785105	2,626218	0,396741	3,885662	-2679,136070	888,778458	-2993,413415	8,006830	955,257261	32,127728	29,442507	31,136717	28,570139	32,853806	-2,670230	1,201433	1,049736	198335,065672	-0,161813	18,501238	-0,026571	0,000000	2,047033	-0,124298	-0,124297	14,036419	-0,008605	6,837605	1,799341
267,400000	8,753053	8,782667	2,637318	0,395344	3,860225	-2455,317577	888,102799	-2993,345893	8,005362	956,413129	32,125543	29,440726	31,136853	28,573556	32,854752	-2,670219	1,199254	1,049769	198313,901053	-0,162044	18,506119	-0,026547	0,000000	2,046276	-0,124297	-0,124299	14,046066	-0,008555	6,816859	1,800585
267,600000	8,751325	8,780392	2,633825	0,394877	3,848973	-2163,182688	887,893790	-2993,268567	8,003986	957,751039	32,130937	29,438680	31,132699	28,582579	32,854029	-2,670315	1,197086	1,049780	198293,613282	-0,162400	18,510539	-0,026431	0,000000	2,045553	-0,124298	-0,124305	14,057284	-0,008555	6,823411	1,802024
267,800000	8,749351	8,778564	2,598445	0,395652	3,860404	-2014,595530	888,507327	-2993,162314	8,002727	957,170715	32,140739	29,438032	31,128319	28,589098	32,849345	-2,670355	1,196476	1,050491	198380,970104	-0,162388	18,514874	-0,026548	0,000000	2,046148	-0,124301	-0,124309	14,052122	-0,008259	6,890798	1,801400
268,000000	8,746841	8,776793	2,596987	0,397027	3,883174	-1972,036817	889,603064	-2993,106414	8,001511	955,830249	32,147353	29,439309	31,126790	28,588110	32,841260	-2,670189	1,198978	1,050910	198484,744299	-0,162096	18,519033	-0,026626	0,000000	2,047412	-0,124301	-0,124310	14,040601	-0,007980	6,893826	1,799958
268,200000	8,744116	8,775007	2,617863	0,398047	3,895122	-1827,896631	890,529508	-2993,181198	8,000198	955,435139	32,146756	29,442041	31,129387	28,583891	32,836595	-2,670128	1,202643	1,051045	198482,448524	-0,161762	18,522783	-0,026501	0,000000	2,047761	-0,124300	-0,124310	14,037355	-0,008048	6,854138	1,799533
268,400000	8,742014	8,773475	2,610722	0,398349	3,889673	-1679,747644	890,939408	-2993,268580	7,998707	956,402214	32,141929	29,444772	31,132669	28,580213	32,839129	-2,670121	1,204741	1,050848	198425,544135	-0,162220	18,526585	-0,026524	0,000000	2,047406	-0,124302	-0,124307	14,045828	-0,008409	6,868049	1,800574
268,600000	8,740400	8,771889	2,606303	0,398192	3,876552	-1722,683422	890,706910	-2993,220131	7,997161	958,576252	32,136431	29,444701	31,131823	28,578928	32,845750	-2,670000	1,204082	1,050606	198400,367864	-0,162262	18,530572	-0,026501	0,000000	2,047011	-0,124307	-0,124304	14,064430	-0,008785	6,876816	1,802911
268,800000	8,738406	8,769652	2,614816	0,397767	3,864829	-1906,017692	889,991873	-2993,041253	7,995812	959,208624	32,132937	29,442094	31,129293	28,580266	32,849596	-2,670144	1,200937	1,050682	198436,657056	-0,161178	18,534356	-0,026507	0,000000	2,047063	-0,124307	-0,124302	14,069644	-0,008702	6,860436	1,803591
269,000000	8,736251	8,766973	2,608406	0,397271	3,858294	-2238,602268	889,598678	-2993,048357	7,994544	957,308255	32,132860	29,441254	31,129457	28,581531	32,845979	-2,670346	1,200014	1,050119	198502,758360	-0,160939	18,537896	-0,026651	0,000000	2,047434	-0,124303	-0,124301	14,053094	-0,008077	6,872080	1,801548
269,200000	8,734385	8,764703	2,608089	0,397345	3,856989	-2638,448593	889,602429	-2993,348607	7,993085	955,639868	32,131395	29,443532	31,135679	28,582074	32,838903	-2,670224	1,202507	1,048702	198550,255164	-0,161489	18,541721	-0,026545	0,000000	2,047604	-0,124301	-0,124303	14,038540	-0,007516	6,872589	1,799753
269,400000	8,732597	8,762880	2,623133	0,397921	3,857642	-2744,922744	889,176536	-2993,647859	7,991562	955,399778	32,124336	29,444064	31,143730	28,579399	32,836199	-2,670085	1,204393	1,048519	198535,993295	-0,162153	18,546390	-0,026170	0,000000	2,047578	-0,124305	-0,124307	14,036403	-0,007393	6,844639	1,799495
269,600000	8,730920	8,760769	2,614774	0,397556	3,863234	-2743,867707	888,269316	-2993,827622	7,990081	955,634477	32,115755	29,440068	31,145687	28,571571	32,839922	-2,670048	1,202818	1,049350	198461,802074	-0,162935	18,551404	-0,025914	0,000000	2,047200	-0,124311	-0,124306	14,038463	-0,007483	6,860987	1,799747
269,800000	8,729204	8,758338	2,604962	0,395644	3,879163	-3031,047798	888,103565	-2993,861986	7,988638	956,634402	32,114562	29,436784	31,141397	28,566672	32,846837	-2,669985	1,199341	1,049955	198412,878477	-0,163331	18,555794	-0,025974	0,000000	2,046474	-0,124313	-0,124300	14,047060	-0,007693	6,879567	1,800823
270,000000	8,727092	8,756242	2,617285	0,394237	3,895006	-3242,777869	888,951006	-2993,782685	7,987393	958,673856	32,121837	29,437810	31,136212	28,569485	32,852322	-2,670045	1,195346	1,051079	198390,785434	-0,162978	18,559784	-0,026028	0,000000	2,046037	-0,124311	-0,124298	14,064668	-0,008206	6,855965	1,803016
270,200000	8,724710	8,754452	2,597197	0,394623	3,894105	-3153,839345	889,134609	-2993,757244	7,986180	960,097341	32,126569	29,439102	31,135333	28,574650	32,851518	-2,670223	1,190737	1,050283	198397,094262	-0,162191	18,564140	-0,026156	0,000000	2,046467	-0,124306	-0,124305	14,076908	-0,008523	6,894587	1,804545
270,400000	8,722491	8,752504	2,576839	0,395823	3,878348	-3002,418003	888,371581	-2993,648529	7,984782	959,335416	32,122620	29,437964	31,137071	28,576655	32,848132	-2,670239	1,186279	1,048880	198481,895301	-0,161588	18,568614	-0,026436	0,000000	2,047399	-0,124302	-0,124310	14,070566	-0,008562	6,934214	1,803727
270,600000	8,720593	8,750603	2,608896	0,396859	3,862850	-2723,798221	888,063085	-2993,515681	7,983233	956,958225	32,117314	29,436906	31,136982	28,572809	32,849503	-2,670179	1,184516	1,049453	198522,502073	-0,161958	18,572519	-0,026428	0,000000	2,047720	-0,124301	-0,124306	14,050991	-0,008909	6,872688	1,801172
270,800000	8,718914	8,748883	2,627321	0,396725	3,859731	-2345,749436	888,227259	-2993,658440	7,981609	956,204427	32,116299	29,437665	31,135172	28,566463	32,854097	-2,670319	1,186982	1,049602	198467,145889	-0,163332	18,575969	-0,026260	0,000000	2,047070	-0,124303	-0,124301	14,045000	-0,009239	6,837748	1,800361
271,000000	8,717067	8,747028	2,613546	0,396097	3,869475	-2105,589299	888,366015	-2993,784711	7,980234	958,186172	32,118130	29,439635	31,132927	28,564428	32,857484	-2,670351	1,189543	1,049397	198413,477391	-0,163902	18,579456	-0,026298	0,000000	2,046349	-0,124305	-0,124301	14,061453	-0,009078	6,863719	1,802492
271,200000	8,714713	8,744782	2,608705	0,396181	3,878882	-2013,381333	888,541957	-2993,603780	7,979108	960,015681	32,121341	29,440746	31,127905	28,568967	32,855730	-2,670409	1,192017	1,049583	198386,642920	-0,163315	18,583000	-0,026659	0,000000	2,046162	-0,124303	-0,124302	14,076124	-0,008423	6,872518	1,804458
271,400000	8,712401	8,742283	2,607906	0,396542	3,874324	-2068,991193	888,788122	-2993,315423	7,977687	959,474798	32,124992	29,440115	31,123321	28,577841	32,849417	-2,670852	1,196337	1,050199	198361,744738	-0,162884	18,586662	-0,027173	0,000000	2,046065	-0,124300	-0,124303	14,070906	-0,007734	6,873540	1,803877
271,600000	8,710212	8,740240	2,610926	0,396776	3,860185	-2227,317690	888,995494	-2993,233650	7,975921	958,027021	32,127978	29,439752	31,126503	28,584584	32,843024	-2,670939	1,199964	1,049981	198331,774538	-0,162729	18,590709	-0,027175	0,000000	2,046195	-0,124300	-0,124306	14,058688	-0,007646	6,867918	1,802321
271,800000	8,707848	8,738852	2,625977	0,397116	3,849794	-2254,925655	889,138842	-2993,327344	7,974460	958,448482	32,126835	29,440780	31,135425	28,584560	32,838732	-2,670590	1,201296	1,049002	198325,390493	-0,162718	18,595027	-0,026598	0,000000	2,046815	-0,124301	-0,124309	14,062612	-0,008038	6,840174	1,802774
272,000000	8,705817	8,737307	2,623415	0,397372	3,848170	-2231,074117	888,916174	-2993,365386	7,973385	959,772273	32,121383	29,440661	31,140267	28,582018	32,838964	-2,670445	1,201096	1,049188	198366,284561	-0,162891	18,599109	-0,026141	0,000000	2,047364	-0,124302	-0,124308	14,073872	-0,008209	6,845541	1,804196
272,200000	8,704096	8,735034	2,601393	0,396858	3,853030	-2602,822369	888,431846	-2993,406170	7,972063	959,327599	32,119167	29,438394	31,137094	28,581590	32,840970	-2,670637	1,200723	1,049285	198428,025983	-0,162529	18,602366	-0,026183	0,000000	2,047670	-0,124302	-0,124307	14,069847	-0,007908	6,887015	1,803719
272,400000	8,702123	8,732581	2,609537	0,396324	3,856703	-3211,378582	888,753280	-2993,496153	7,970503	957,136825	32,124325	29,438191	31,131955	28,582677	32,838320	-2,670900	1,200546	1,049552	198460,843361	-0,161855	18,605176	-0,026515	0,000000	2,047513	-0,124301	-0,124311	14,051320	-0,007740	6,870651	1,801364
272,600000	8,699848	8,730580	2,618631	0,396959	3,855105	-3376,888723	889,611460	-2993,484723	7,969000	955,510261	32,129595	29,440612	31,129869	28,582683	32,833646	-2,670915	1,199976	1,049549	198463,520545	-0,161311	18,608500	-0,026553	0,000000	2,047087	-0,124304	-0,124318	14,037845	-0,007908	6,853076	1,799614
272,800000	8,697428	8,728803	2,589452	0,397953	3,857909	-3171,525723	889,830663	-2993,424995	7,967467	955,322967	32,126150	29,441340	31,131389	28,578552	32,831549	-2,670853	1,198065	1,048802	198472,096978	-0,160859	18,612530	-0,026304	0,000000	2,047341	-0,124309	-0,124321	14,036493	-0,008128	6,909087	1,799412
273,000000	8,695285	8,726940	2,592189	0,397685	3,870157	-3023,958797	889,263176	-2993,545891	7,966000	955,535247	32,115039	29,436382	31,135213	28,570585	32,833549	-2,670697	1,194971	1,048846	198420,915583	-0,161397	18,616690	-0,026263	0,000000	2,047709	-0,124311	-0,124315	14,038632	-0,008486	6,904239	1,799641
273,200000	8,693587	8,724892	2,617690	0,396657	3,883282	-2893,582485	888,483602	-2993,788279	7,964552	955,616387	32,103450	29,421808	31,140399	28,563744	32,840901	-2,670415	1,192234	1,048652	198318,587160	-0,162588	18,620227	-0,026373	0,000000	2,047324	-0,124308	-0,124306	14,039688	-0,008860	6,855839	1,799728
273,400000	8,692042	8,722785	2,604244	0,396236	3,890836	-2772,080654	887,907114	-2993,794780	7,963095	955,591977	32,098636	29,403692	31,144734	28,561061	32,848424	-2,670341	1,189954	1,048898	198298,447150	-0,163117	18,623040	-0,026389	0,000000	2,047002	-0,124306	-0,124304	14,039659	-0,009036	6,881504	1,799702
273,600000	8,690449	8,720788	2,598283	0,396186	3,893586	-2667,457978	887,618048	-2993,606991	7,961896	955,573646	32,101763	29,395095	31,142593	28,562438	32,850316	-2,670406	1,187866	1,049472	198327,742574	-0,162968	18,625591	-0,026468	0,000000	2,047337	-0,124307	-0,124308	14,039441	-0,008972	6,892591	1,799682
273,800000	8,688696	8,718910	2,606601	0,396295	3,889284	-2499,963749	887,655441	-2993,573344	7,960722	955,599974	32,106917	29,395263	31,137812	28,565984	32,847504	-2,670459	1,188580	1,049027	198341,389208	-0,162901	18,628271	-0,026531	0,000000	2,047651	-0,124307	-0,124310	14,039367	-0,008677	6,876225	1,799710
274,000000	8,686917	8,717081	2,591771	0,396685	3,874920	-2487,056056	887,708758	-2993,746789	7,959191	954,736025	32,109658	29,395897	31,139046	28,567382	32,844534	-2,670410	1,192461	1,048707	198347,187927	-0,163258	18,631253	-0,026197	0,000000	2,047435	-0,124307	-0,124307	14,031964	-0,008524	6,904458	1,798780
274,200000	8,684978	8,715035	2,594562	0,396434	3,855506	-2628,220853	887,558172	-2993,914046	7,957557	952,636863	32,106652	29,395305	31,142874	28,566275	32,846108	-2,670240	1,195199	1,048887	198342,688402	-0,163499	18,634609	-0,025780	0,000000	2,046964	-0,124309	-0,124301	14,014409	-0,008596	6,898980	1,796519
274,400000	8,682809	8,712841	2,624173	0,395926	3,842921	-2590,965515	887,280307	-2993,885197	7,956242	952,030396	32,102045	29,393035	31,142078	28,564348	32,851973	-2,670272	1,195768	1,049241	198328,410337	-0,163137	18,638221	-0,025715	0,000000	2,046586	-0,124311	-0,124298	14,009371	-0,008655	6,842372	1,795866
274,600000	8,680705	8,710565	2,616744	0,395549	3,848378	-2663,758209	887,348365	-2993,746614	7,955137	953,979355	32,104753	29,391914	31,134621	28,563764	32,854946	-2,670623	1,197248	1,049895	198321,171521	-0,163175	18,641954	-0,026055	0,000000	2,046355	-0,124307	-0,124297	14,025782	-0,008694	6,856059	1,797966
274,800000	8,678606	8,708294	2,591003	0,394729	3,866455	-3116,734736	888,185103	-2993,655278	7,953840	954,836281	32,111255	29,395293	31,127846	28,569699	32,851329	-2,670881	1,199186	1,049859	198320,672726	-0,163928	18,645878	-0,026593	0,000000	2,046196	-0,124304	-0,124298	14,032833	-0,008551	6,904851	1,798888
275,000000	8,676416	8,706484	2,601918	0,395328	3,877212	-3368,255936	888,854181	-2993,564140	7,952314	953,030963	32,114925	29,398475	31,127268	28,578930	32,845963	-2,670859	1,199141	1,049033	198324,710362	-0,163960	18,649882	-0,026766	0,000000	2,046214	-0,124306	-0,124300	14,017390	-0,008267	6,884012	1,796944
275,200000	8,674458	8,704814	2,606918	0,397366	3,870133	-3269,685929	888,726375	-2993,498951	7,950727	951,329281	32,112993	29,398463	31,128022	28,580988	32,841491	-2,670843	1,196962	1,049279	198347,506263	-0,163430	18,653598	-0,026687	0,000000	2,046577	-0,124307	-0,124304	14,002886	-0,008062	6,874662	1,795110
275,400000	8,672834	8,702785	2,599456	0,397997	3,858102	-3280,549277	888,255638	-2993,551562	7,949104	951,951403	32,108811	29,397815	31,127971	28,575013	32,839227	-2,670776	1,194345	1,049439	198336,358188	-0,163235	18,656807	-0,026696	0,000000	2,047336	-0,124306	-0,124303	14,007967	-0,007914	6,888681	1,795781
275,600000	8,670980	8,700766	2,622645	0,397006	3,855874	-3304,321515	888,259687	-2993,593928	7,947584	954,265299	32,108261	29,398013	31,129484	28,569046	32,841111	-2,670672	1,191588	1,049855	198249,045854	-0,162821	18,659860	-0,026620	0,000000	2,047405	-0,124308	-0,124300	14,027519	-0,008031	6,844269	1,798274
275,800000	8,668756	8,698828	2,625524	0,396431	3,863993	-3146,788827	888,757317	-2993,546157	7,946263	955,876057	32,109907	29,397850	31,131385	28,569522	32,840894	-2,670644	1,189166	1,050272	198179,812038	-0,162600	18,663225	-0,026542	0,000000	2,046603	-0,124307	-0,124300	14,041167	-0,008161	6,838738	1,800007
276,000000	8,666558	8,696686	2,597709	0,397232	3,877900	-3031,884791	889,120290	-2993,399529	7,945075	955,186373	32,111373	29,398212	31,129789	28,576027	32,834721	-2,670617	1,190887	1,049684	198206,851882	-0,163008	18,666848	-0,026747	0,000000	2,046621	-0,124300	-0,124304	14,034964	-0,007745	6,891427	1,799265
276,200000	8,664456	8,694679	2,607752	0,398262	3,887633	-2950,775210	889,453504	-2993,231157	7,943835	952,855080	32,112316	29,399312	31,126670	28,581054	32,830014	-2,670657	1,194831	1,050025	198247,684846	-0,162947	18,670390	-0,027030	0,000000	2,047359	-0,124296	-0,124310	14,015165	-0,007519	6,872006	1,796754
276,400000	8,662445	8,693066	2,616354	0,398347	3,885023	-2785,269381	889,801512	-2993,337678	7,942429	951,173644	32,111397	29,399660	31,130538	28,579915	32,832491	-2,670632	1,196180	1,049539	198246,646659	-0,162867	18,673747	-0,026975	0,000000	2,047931	-0,124301	-0,124313	14,001646	-0,008130	6,855815	1,794942
276,600000	8,660555	8,691343	2,590696	0,397871	3,876817	-2764,675739	889,758589	-2993,689901	7,941025	951,847106	32,107404	29,399949	31,141816	28,575164	32,839394	-2,670482	1,195658	1,048763	198239,943268	-0,163625	18,676917	-0,026532	0,000000	2,048070	-0,124308	-0,124312	14,007945	-0,008768	6,905043	1,795668
276,800000	8,658811	8,689374	2,596381	0,397232	3,871035	-2848,916006	889,091132	-2993,900422	7,939687	954,181877	32,101277	29,398365	31,147483	28,570153	32,844372	-2,670435	1,195752	1,049544	198241,595740	-0,164082	18,679994	-0,026089	0,000000	2,047679	-0,124311	-0,124307	14,027754	-0,008966	6,894015	1,798184
277,000000	8,657086	8,687431	2,611970	0,396381	3,866182	-2729,373309	888,218325	-2993,803211	7,938318	954,911409	32,096345	29,395625	31,143023	28,566092	32,844408	-2,670581	1,196065	1,050422	198245,123572	-0,163638	18,683198	-0,025988	0,000000	2,047005	-0,124310	-0,124303	14,033841	-0,008929	6,863994	1,798969
277,200000	8,655154	8,685351	2,594374	0,395710	3,861520	-2683,745083	887,831053	-2993,663105	7,936887	952,974740	32,096563	29,395398	31,136236	28,564330	32,841785	-2,670798	1,195764	1,050179	198261,410127	-0,163324	18,686362	-0,026083	0,000000	2,046466	-0,124307	-0,124304	14,017376	-0,008725	6,897161	1,796883
277,400000	8,653126	8,683145	2,600064	0,395694	3,861934	-2861,923486	888,095425	-2993,685978	7,935462	951,222752	32,099256	29,397386	31,133397	28,563135	32,840742	-2,670898	1,196715	1,049470	198304,794323	-0,163680	18,689490	-0,026361	0,000000	2,046449	-0,124305	-0,124308	14,002683	-0,008755	6,885718	1,794995
277,600000	8,651190	8,681244	2,620827	0,395979	3,865914	-2862,327877	888,446907	-2993,727216	7,934122	951,812026	32,096668	29,393817	31,137697	28,558296	32,843776	-2,670696	1,198033	1,049913	198338,723130	-0,164061	18,692894	-0,026572	0,000000	2,046668	-0,124306	-0,124308	14,007895	-0,009013	6,846278	1,795630
277,800000	8,649295	8,679619	2,604519	0,395716	3,869944	-2840,158535	888,311129	-2993,727221	7,932693	954,145913	32,088475	29,368367	31,144006	28,553820	32,849101	-2,670413	1,198860	1,049908	198334,720946	-0,164259	18,696465	-0,026478	0,000000	2,046715	-0,124308	-0,124302	14,027532	-0,009046	6,878173	1,798145
278,000000	8,647552	8,677695	2,599111	0,395092	3,874572	-2998,374068	887,863506	-2993,750168	7,931078	954,892044	32,083112	29,327390	31,144151	28,557020	32,853116	-2,670364	1,200012	1,049353	198289,143550	-0,164752	18,699486	-0,026424	0,000000	2,046251	-0,124308	-0,124298	14,033769	-0,009019	6,889219	1,798948
278,200000	8,645911	8,675487	2,621619	0,395196	3,875989	-2959,771743	887,601115	-2993,727680	7,929562	952,937489	32,085416	29,303569	31,139787	28,566509	32,854624	-2,670447	1,200814	1,050139	198266,060205	-0,165105	18,701251	-0,026427	0,000000	2,046012	-0,124305	-0,124297	14,017393	-0,009055	6,845897	1,796843
278,400000	8,643871	8,673377	2,612154	0,396013	3,872358	-2797,080852	887,523583	-2993,591063	7,928280	951,207945	32,092403	29,303358	31,135737	28,574087	32,850907	-2,670583	1,201877	1,050383	198332,693368	-0,165076	18,702431	-0,026491	0,000000	2,046777	-0,124301	-0,124299	14,002704	-0,008899	6,862697	1,794979
278,600000	8,641645	8,671200	2,597387	0,396591	3,866684	-2739,761024	887,569566	-2993,523204	7,927040	950,988127	32,099912	29,308059	31,130463	28,574160	32,841701	-2,670676	1,202055	1,049915	198390,259457	-0,165124	18,704233	-0,026613	0,000000	2,047374	-0,124298	-0,124304	14,000482	-0,008526	6,889774	1,794742
278,800000	8,639651	8,668992	2,613485	0,397122	3,860413	-2533,442012	888,082760	-2993,627940	7,925650	952,147787	32,105036	29,310358	31,129108	28,569904	32,835815	-2,670643	1,199308	1,050101	198367,108905	-0,165061	18,707186	-0,026570	0,000000	2,047125	-0,124302	-0,124309	14,009955	-0,008251	6,858480	1,795992
279,000000	8,637698	8,666998	2,605188	0,397656	3,857679	-2181,377661	888,516300	-2993,662962	7,924001	954,356952	32,105613	29,285442	31,133171	28,567504	32,838385	-2,670592	1,195804	1,049901	198322,917737	-0,164871	18,711284	-0,026515	0,000000	2,046585	-0,124305	-0,124310	14,028725	-0,008467	6,875037	1,798372
279,200000	8,635640	8,665094	2,591606	0,397874	3,863960	-1948,061110	888,322724	-2993,540876	7,922394	955,789407	32,103554	29,223381	31,129966	28,568002	32,844493	-2,670715	1,194317	1,050058	198313,147563	-0,164349	18,715191	-0,026573	0,000000	2,046414	-0,124302	-0,124310	14,041223	-0,008944	6,902514	1,799914
279,400000	8,633622	8,663185	2,617863	0,397827	3,876246	-1849,736029	888,226834	-2993,400489	7,921208	955,023013	32,103768	29,178225	31,122787	28,570374	32,846537	-2,670999	1,195158	1,050506	198324,949064	-0,163358	18,717071	-0,026673	0,000000	2,046787	-0,124297	-0,124308	14,034749	-0,008900	6,852591	1,799089
279,600000	8,631647	8,661260	2,623375	0,397110	3,883943	-1916,386519	888,507386	-2993,325825	7,920035	952,755447	32,105623	29,173709	31,123177	28,573673	32,841240	-2,671059	1,196838	1,049386	198330,514645	-0,162799	18,717006	-0,026760	0,000000	2,047228	-0,124299	-0,124308	14,015074	-0,008266	6,840879	1,796647
279,800000	8,629477	8,659368	2,598529	0,396627	3,882986	-2182,901482	888,883892	-2993,360961	7,918725	951,211588	32,103312	29,181835	31,130560	28,576545	32,833311	-2,670819	1,196597	1,048183	198350,947397	-0,163229	18,717073	-0,026834	0,000000	2,047531	-0,124303	-0,124314	14,001655	-0,007820	6,886808	1,794983
280,000000	8,627452	8,657512	2,599887	0,397372	3,874082	-2344,097631	888,885833	-2993,457957	7,917540	951,085826	32,096049	29,184737	31,137824	28,575457	32,830188	-2,670554	1,194849	1,048297	198391,611089	-0,164068	18,719011	-0,026893	0,000000	2,047722	-0,124309	-0,124316	14,000548	-0,007771	6,883692	1,794847
280,200000	8,625788	8,655605	2,608605	0,397682	3,860938	-2330,768228	888,313933	-2993,590250	7,916218	951,357671	32,088785	29,182267	31,139907	28,568136	32,833090	-2,670470	1,195233	1,049223	198425,701949	-0,164243	18,722429	-0,026720	0,000000	2,047746	-0,124312	-0,124313	14,002767	-0,007705	6,867046	1,795140
280,400000	8,624084	8,653674	2,605419	0,396437	3,851696	-2484,489013	887,823371	-2993,716556	7,914689	951,486870	32,085623	29,180105	31,139092	28,562386	32,837121	-2,670618	1,196020	1,049180	198448,054340	-0,164471	18,725833	-0,026413	0,000000	2,047445	-0,124310	-0,124308	14,003804	-0,007655	6,873024	1,795280
280,600000	8,622030	8,651970	2,620166	0,395427	3,850370	-2726,976388	888,060989	-2993,730786	7,913249	951,458537	32,087571	29,181213	31,137814	28,562939	32,839168	-2,670863	1,192727	1,048260	198413,989952	-0,165457	18,728712	-0,026299	0,000000	2,046821	-0,124307	-0,124303	14,003752	-0,007842	6,844787	1,795249
280,800000	8,619687	8,650301	2,618113	0,395570	3,857154	-2801,360183	888,593464	-2993,741035	7,911867	951,390392	32,088784	29,185266	31,136376	28,565926	32,837959	-2,671087	1,187024	1,049475	198373,452786	-0,165630	18,731454	-0,026401	0,000000	2,046843	-0,124304	-0,124307	14,003530	-0,008193	6,848362	1,795176
281,000000	8,617391	8,648192	2,576949	0,395867	3,869454	-2962,908478	888,309955	-2993,804132	7,910408	951,339769	32,083443	29,186845	31,136193	28,567993	32,834981	-2,671148	1,182597	1,050012	198412,737525	-0,164936	18,734295	-0,026482	0,000000	2,047555	-0,124304	-0,124311	14,003459	-0,008546	6,926739	1,795121
281,200000	8,615335	8,645973	2,574918	0,396008	3,878656	-3270,221888	887,295317	-2993,949038	7,908885	951,302705	32,075716	29,184584	31,137991	28,565003	32,837358	-2,670980	1,181321	1,049180	198421,892526	-0,164372	18,737305	-0,026315	0,000000	2,047423	-0,124307	-0,124305	14,003475	-0,008875	6,930288	1,795081
281,400000	8,613741	8,644071	2,602165	0,395599	3,876246	-3260,898198	886,600767	-2994,199324	7,907348	952,187709	32,070842	29,181766	31,143588	28,557439	32,845182	-2,670805	1,182972	1,049742	198367,262948	-0,164218	18,740614	-0,026092	0,000000	2,046468	-0,124312	-0,124300	14,010913	-0,008874	6,877867	1,796035
281,600000	8,612399	8,642367	2,598009	0,394803	3,866897	-2928,720195	886,464577	-2994,251439	7,905970	953,460727	32,069955	29,179607	31,147879	28,552493	32,850414	-2,670686	1,185598	1,050121	198325,545112	-0,164832	18,744075	-0,026099	0,000000	2,045739	-0,124314	-0,124300	14,021075	-0,008343	6,886019	1,797407
281,800000	8,610857	8,640419	2,605325	0,394836	3,860531	-2557,506055	886,783943	-2993,966386	7,904789	952,910962	32,072957	29,178822	31,142136	28,554341	32,850126	-2,670690	1,188055	1,050304	198314,634078	-0,165062	18,747185	-0,026294	0,000000	2,045635	-0,124309	-0,124302	14,015957	-0,007842	6,871669	1,796815
282,000000	8,608916	8,638043	2,615365	0,395349	3,859184	-2212,592149	887,538019	-2993,600895	7,903643	951,583100	32,078914	29,179126	31,132512	28,559652	32,845846	-2,670812	1,190149	1,050351	198320,844300	-0,164570	18,749896	-0,026570	0,000000	2,046066	-0,124303	-0,124305	14,004658	-0,007701	6,851641	1,795383
282,200000	8,606520	8,636047	2,591833	0,395683	3,864618	-2070,840079	888,174425	-2993,477176	7,902225	952,069681	32,084710	29,180328	31,128500	28,563869	32,841330	-2,670754	1,192161	1,049243	198317,511266	-0,164807	18,752788	-0,026664	0,000000	2,046579	-0,124303	-0,124307	14,008903	-0,007856	6,896082	1,795908
282,400000	8,604129	8,634664	2,591256	0,396354	3,875179	-2090,621552	888,287494	-2993,555341	7,900572	954,240669	32,085172	29,181954	31,132370	28,565343	32,841889	-2,670583	1,193044	1,048679	198289,222045	-0,165675	18,756101	-0,026451	0,000000	2,046901	-0,124304	-0,124310	14,027518	-0,008236	6,897468	1,798247
282,600000	8,602029	8,632904	2,615878	0,396777	3,878940	-2008,436113	887,986345	-2993,622233	7,899131	955,827885	32,080978	29,181326	31,137774	28,563905	32,845151	-2,670494	1,193908	1,049435	198247,725743	-0,166095	18,759218	-0,026374	0,000000	2,046969	-0,124304	-0,124309	14,040983	-0,008381	6,850479	1,799956
282,800000	8,600075	8,630655	2,616207	0,396225	3,868412	-2019,928881	887,546591	-2993,671961	7,897763	956,009357	32,078338	29,178248	31,134680	28,564137	32,844381	-2,670628	1,195958	1,049493	198210,860995	-0,165729	18,761733	-0,026556	0,000000	2,046841	-0,124305	-0,124304	14,042314	-0,008189	6,849173	1,800151
283,000000	8,598146	8,628584	2,608966	0,396114	3,851451	-2348,438304	887,449401	-2993,700910	7,896245	955,775773	32,081787	29,177535	31,126179	28,570079	32,840177	-2,670948	1,196955	1,049430	198168,401415	-0,165123	18,764151	-0,026568	0,000000	2,046862	-0,124306	-0,124309	14,040169	-0,008004	6,862154	1,799899
283,200000	8,596126	8,626784	2,618985	0,396911	3,842874	-2643,224833	887,969471	-2993,625560	7,894797	955,680919	32,088200	29,181227	31,122541	28,577060	32,835168	-2,671238	1,197391	1,049545	198124,073694	-0,164446	18,767101	-0,026645	0,000000	2,047187	-0,124307	-0,124317	14,039115	-0,007747	6,842765	1,799797
283,400000	8,594000	8,625010	2,610121	0,397444	3,846768	-2792,558322	888,531982	-2993,547841	7,893480	955,720924	32,088224	29,184922	31,126415	28,577616	32,829513	-2,671441	1,196860	1,048768	198119,917763	-0,164262	18,770364	-0,027145	0,000000	2,047709	-0,124307	-0,124319	14,039146	-0,007442	6,859509	1,799840
283,600000	8,591913	8,623206	2,583568	0,397529	3,855447	-3060,528322	888,388753	-2993,649961	7,892150	955,724488	32,081557	29,185824	31,133542	28,570419	32,827876	-2,671412	1,194750	1,048358	198107,788421	-0,164972	18,773363	-0,027282	0,000000	2,048035	-0,124305	-0,124314	14,039364	-0,007630	6,910331	1,799844
283,800000	8,590128	8,621280	2,597182	0,397111	3,857094	-3243,025431	888,014091	-2993,870559	7,890727	955,654674	32,075487	29,185519	31,137703	28,562394	32,833151	-2,671136	1,194601	1,048775	198046,412079	-0,165004	18,776100	-0,026669	0,000000	2,047538	-0,124301	-0,124309	14,039438	-0,008290	6,883879	1,799769
284,000000	8,588524	8,619098	2,609085	0,396263	3,849069	-3140,269369	887,844883	-2993,897869	7,889379	955,608566	32,071754	29,184758	31,137523	28,559791	32,838535	-2,671004	1,196366	1,048907	198026,333865	-0,164354	18,779045	-0,026352	0,000000	2,046817	-0,124300	-0,124308	14,039423	-0,008661	6,860683	1,799720
284,200000	8,586606	8,617130	2,589258	0,395768	3,844494	-2929,713160	887,675267	-2993,725603	7,888268	955,612017	32,069748	29,183886	31,135276	28,560730	32,838031	-2,671074	1,197500	1,048601	198030,194497	-0,164205	18,782242	-0,026597	0,000000	2,046921	-0,124302	-0,124311	14,039403	-0,008612	6,898346	1,799723
284,400000	8,584583	8,615714	2,595964	0,395820	3,852608	-2719,393575	887,823679	-2993,683133	7,887182	955,643443	32,068483	29,183771	31,134064	28,560859	32,833836	-2,671016	1,198252	1,048473	198002,945898	-0,164230	18,785135	-0,026563	0,000000	2,047625	-0,124304	-0,124313	14,039399	-0,008344	6,885489	1,799757
284,600000	8,582885	8,614018	2,602016	0,395780	3,867450	-2584,759190	888,235553	-2993,769753	7,885869	955,648204	32,066408	29,184324	31,137714	28,559901	32,833251	-2,670856	1,199522	1,048191	197983,388662	-0,164150	18,787649	-0,026240	0,000000	2,048032	-0,124308	-0,124311	14,039401	-0,008306	6,873684	1,799762
284,800000	8,581238	8,611708	2,587413	0,395612	3,876089	-2530,034644	888,241847	-2993,913085	7,884371	956,454725	32,061518	29,184955	31,143647	28,557970	32,838598	-2,670680	1,200618	1,048435	198005,574861	-0,164318	18,790067	-0,026195	0,000000	2,047663	-0,124310	-0,124305	14,046820	-0,008960	6,901037	1,800630
285,000000	8,579430	8,609302	2,601339	0,395837	3,868069	-2390,495131	887,351188	-2994,048582	7,882859	957,601399	32,054647	29,182408	31,146980	28,554387	32,845482	-2,670548	1,199681	1,049489	198053,073694	-0,164674	18,792828	-0,026524	0,000000	2,047023	-0,124310	-0,124304	14,056978	-0,009504	6,873747	1,801863
285,200000	8,577583	8,607053	2,612652	0,395591	3,849457	-2164,378976	886,509450	-2994,036268	7,881385	957,005241	32,053471	29,178246	31,144990	28,553538	32,850202	-2,670666	1,196088	1,049510	198071,837346	-0,164937	18,796264	-0,026719	0,000000	2,046698	-0,124309	-0,124302	14,051862	-0,009386	6,851899	1,801222
285,400000	8,575825	8,605258	2,594806	0,394893	3,841622	-2134,563453	886,855943	-2993,953682	7,879931	955,686765	32,059088	29,179097	31,138131	28,558449	32,849900	-2,670903	1,192624	1,049356	198039,829108	-0,165534	18,799836	-0,026607	0,000000	2,046575	-0,124308	-0,124298	14,040565	-0,009147	6,885787	1,799804
285,600000	8,573920	8,603747	2,595772	0,395346	3,854776	-2327,218530	887,525858	-2993,880611	7,878543	955,350482	32,063857	29,183233	31,131231	28,563027	32,845416	-2,670831	1,191683	1,049316	197994,448511	-0,166128	18,802977	-0,026569	0,000000	2,046461	-0,124304	-0,124299	14,037392	-0,008796	6,883747	1,799442
285,800000	8,571822	8,602073	2,605424	0,396094	3,871948	-2428,580644	887,682116	-2993,797471	7,877326	954,651531	32,063356	29,185775	31,128615	28,561931	32,842178	-2,670643	1,191675	1,049291	197999,547880	-0,165981	18,805781	-0,026675	0,000000	2,046498	-0,124302	-0,124305	14,031015	-0,008284	6,865006	1,798689
286,000000	8,570022	8,600166	2,589295	0,395659	3,873942	-2635,280406	887,425341	-2993,800674	7,876072	953,582530	32,059638	29,182337	31,130344	28,557325	32,843034	-2,670663	1,193304	1,050065	198020,546461	-0,165564	18,808481	-0,026724	0,000000	2,046748	-0,124308	-0,124305	14,021862	-0,008106	6,895622	1,797538
286,200000	8,568156	8,597956	2,590301	0,394698	3,860666	-3078,450603	887,042724	-2993,920713	7,874554	954,179434	32,058459	29,166819	31,131543	28,554124	32,846405	-2,670708	1,196723	1,049687	197965,223215	-0,165540	18,810973	-0,026741	0,000000	2,046470	-0,124310	-0,124298	14,027146	-0,008378	6,893401	1,798181
286,400000	8,565842	8,595595	2,611426	0,394434	3,844042	-3212,078750	887,020610	-2993,884080	7,872964	955,471563	32,062107	29,141839	31,129698	28,556647	32,846962	-2,670833	1,198611	1,049391	197896,688699	-0,165743	18,813289	-0,026799	0,000000	2,045899	-0,124302	-0,124296	14,038308	-0,008696	6,852731	1,799572
286,600000	8,563624	8,593586	2,593249	0,395027	3,839372	-3161,126861	887,287608	-2993,605734	7,871511	955,844121	32,066078	29,109012	31,128090	28,564221	32,838832	-2,671180	1,197902	1,049555	197914,754781	-0,165547	18,815867	-0,026881	0,000000	2,046331	-0,124294	-0,124301	14,041398	-0,008660	6,887657	1,799973
286,800000	8,561660	8,591991	2,576987	0,395499	3,850626	-3286,907730	887,560102	-2993,421312	7,870281	955,745408	32,066835	29,071861	31,126645	28,570185	32,828867	-2,671461	1,195920	1,048693	197966,601596	-0,165110	18,818144	-0,026984	0,000000	2,047203	-0,124295	-0,124309	14,040354	-0,008444	6,919520	1,799867
287,000000	8,559712	8,590429	2,605991	0,395611	3,864754	-3236,167886	887,778975	-2993,527968	7,869027	955,648049	32,066084	29,050207	31,126181	28,570946	32,827451	-2,671328	1,195575	1,048912	197986,603944	-0,165311	18,819012	-0,026910	0,000000	2,047692	-0,124301	-0,124310	14,039363	-0,008270	6,863504	1,799762
287,200000	8,557806	8,588765	2,610401	0,395744	3,870633	-3068,870057	887,979263	-2993,746870	7,867532	955,637627	32,064834	29,048936	31,130809	28,568477	32,831071	-2,671069	1,196300	1,049328	198002,104661	-0,165595	18,819072	-0,026610	0,000000	2,047815	-0,124305	-0,124306	14,039202	-0,008196	6,854078	1,799751
287,400000	8,556031	8,586988	2,590773	0,396149	3,871194	-3013,026250	888,069414	-2993,861135	7,866095	955,620634	32,060959	29,053560	31,135106	28,565759	32,833331	-2,671099	1,195999	1,049057	198046,558665	-0,165256	18,819914	-0,026371	0,000000	2,047442	-0,124306	-0,124308	14,039336	-0,008473	6,890596	1,799733
287,600000	8,554258	8,585007	2,604735	0,396632	3,872820	-2821,722743	887,935903	-2993,876816	7,864776	955,593714	32,057257	29,055181	31,133424	28,564736	32,832882	-2,671220	1,195314	1,049584	198078,942169	-0,165083	18,822000	-0,026385	0,000000	2,047109	-0,124305	-0,124314	14,039417	-0,008780	6,863146	1,799704
287,800000	8,552032	8,582887	2,604355	0,396343	3,872486	-2612,370545	887,920993	-2993,849103	7,863329	955,625214	32,058337	29,055423	31,131141	28,565967	32,830598	-2,671278	1,195255	1,049549	198072,424348	-0,165183	18,824782	-0,026463	0,000000	2,047153	-0,124305	-0,124314	14,039421	-0,008519	6,863307	1,799737
288,000000	8,549610	8,581006	2,582039	0,396006	3,865687	-2562,771679	888,281589	-2993,728839	7,861907	956,554867	32,058879	29,058146	31,135130	28,566659	32,829984	-2,671264	1,196984	1,049025	198057,993188	-0,165344	18,827810	-0,026330	0,000000	2,047111	-0,124307	-0,124310	14,046824	-0,008124	6,905883	1,800738
288,200000	8,548004	8,579427	2,599004	0,396118	3,854341	-2415,333749	888,452158	-2993,681070	7,860556	958,653960	32,053334	29,059557	31,142583	28,561365	32,833130	-2,671020	1,198733	1,049232	198067,842040	-0,165475	18,830786	-0,026178	0,000000	2,047011	-0,124305	-0,124308	14,064393	-0,008098	6,873388	1,802995
288,400000	8,546911	8,577666	2,609575	0,395561	3,848498	-2290,855427	887,876502	-2993,849855	7,859074	960,110339	32,044619	29,056619	31,146087	28,552101	32,837603	-2,670709	1,198171	1,049373	198108,045481	-0,165515	18,833463	-0,026167	0,000000	2,047147	-0,124305	-0,124308	14,076853	-0,008359	6,853099	1,804559
288,600000	8,545550	8,575581	2,584985	0,394718	3,854466	-2562,014585	886,820547	-2994,056688	7,857566	960,183616	32,039018	29,051676	31,145938	28,548137	32,842276	-2,670601	1,196066	1,048713	198120,469513	-0,166079	18,835815	-0,026178	0,000000	2,046936	-0,124312	-0,124308	14,078017	-0,008910	6,899616	1,804638
288,800000	8,543782	8,573548	2,589299	0,394218	3,862287	-2923,648498	886,279783	-2994,112119	7,856080	959,884199	32,039263	29,049196	31,144848	28,553166	32,846129	-2,670681	1,191831	1,048472	198114,801350	-0,167052	18,838113	-0,026290	0,000000	2,046318	-0,124311	-0,124308	14,076007	-0,009407	6,890723	1,804317
289,000000	8,541523	8,571726	2,606299	0,393998	3,861516	-2949,251926	886,558082	-2993,939483	7,854758	959,770264	32,042209	29,050664	31,140689	28,559401	32,844866	-2,670880	1,186137	1,049430	198170,386827	-0,167316	18,840653	-0,026478	0,000000	2,046488	-0,124308	-0,124305	14,075037	-0,009390	6,857699	1,804194
289,200000	8,539156	8,569762	2,594653	0,394130	3,857037	-3027,660299	886,769694	-2993,820789	7,853501	958,921839	32,042996	29,052111	31,133779	28,560173	32,838750	-2,671124	1,184380	1,049627	198234,983834	-0,166834	18,843200	-0,026517	0,000000	2,047280	-0,124313	-0,124304	14,067654	-0,009114	6,879260	1,803283
289,400000	8,537288	8,567689	2,602585	0,394312	3,856075	-3315,165847	886,687506	-2994,002858	7,851963	957,740086	32,040566	29,052751	31,132836	28,557367	32,835351	-2,671281	1,188854	1,049568	198225,408615	-0,166469	18,845722	-0,026390	0,000000	2,047362	-0,124318	-0,124299	14,057699	-0,009062	6,863492	1,802012
289,600000	8,535812	8,565904	2,617076	0,394762	3,854478	-3262,431014	886,720242	-2994,180336	7,850375	958,334977	32,039115	29,053737	31,138907	28,554375	32,840003	-2,671177	1,193670	1,050527	198175,103195	-0,166715	18,848511	-0,026352	0,000000	2,046675	-0,124315	-0,124294	14,062883	-0,009261	6,835817	1,802652
289,800000	8,534176	8,563961	2,584634	0,395483	3,853331	-3058,931335	886,752469	-2994,073482	7,848989	959,683456	32,040765	29,053075	31,138092	28,554464	32,847388	-2,671026	1,194433	1,050153	198156,843490	-0,166818	18,851250	-0,026654	0,000000	2,046080	-0,124306	-0,124295	14,074165	-0,009246	6,897336	1,804101
290,000000	8,532414	8,561632	2,573727	0,395577	3,861705	-3101,052703	886,693780	-2993,820090	7,847827	960,143963	32,044732	29,052245	31,128331	28,557830	32,847791	-2,671191	1,195084	1,049147	198162,076852	-0,166193	18,853914	-0,026892	0,000000	2,046126	-0,124299	-0,124301	14,077319	-0,008544	6,917489	1,804596
290,200000	8,530529	8,559643	2,607769	0,394910	3,877541	-3020,741722	887,045524	-2993,683823	7,846533	959,225918	32,050314	29,054340	31,123715	28,562193	32,839963	-2,671367	1,197979	1,049996	198157,659718	-0,165872	18,856786	-0,026616	0,000000	2,046502	-0,124296	-0,124307	14,068858	-0,007771	6,851619	1,803609
290,400000	8,528151	8,558091	2,607847	0,394785	3,886352	-2794,986971	887,605749	-2993,712108	7,844958	957,910960	32,052792	29,057342	31,129078	28,567539	32,830792	-2,671198	1,199384	1,050134	198164,176512	-0,165869	18,859712	-0,026378	0,000000	2,046744	-0,124293	-0,124309	14,057697	-0,007628	6,851471	1,802196
290,600000	8,525673	8,556557	2,594782	0,395792	3,879284	-2660,468966	887,708723	-2993,776049	7,843571	958,477463	32,048665	29,057953	31,134741	28,569911	32,827024	-2,670941	1,197739	1,049502	198174,537021	-0,166039	18,862438	-0,026407	0,000000	2,046853	-0,124293	-0,124309	14,062647	-0,007830	6,876398	1,802805
290,800000	8,523607	8,554740	2,611986	0,396589	3,862847	-2473,464424	887,513311	-2993,882067	7,842336	959,794539	32,042240	29,056183	31,134071	28,564664	32,829505	-2,670989	1,196789	1,049248	198187,860200	-0,166674	18,864578	-0,026371	0,000000	2,046785	-0,124299	-0,124307	14,074078	-0,008229	6,843114	1,804220
291,000000	8,521800	8,552455	2,604789	0,396421	3,852641	-2368,646740	887,485893	-2993,949148	7,840893	959,266104	32,041042	29,054636	31,130132	28,558731	32,832189	-2,671270	1,197454	1,048215	198222,585869	-0,166932	18,866365	-0,026335	0,000000	2,046582	-0,124306	-0,124306	14,069916	-0,008493	6,855741	1,803653
291,200000	8,519853	8,550259	2,581947	0,396344	3,855933	-2494,773405	887,633945	-2993,864220	7,839334	957,066290	32,045623	29,054291	31,128722	28,559697	32,830941	-2,671442	1,197893	1,048202	198209,290116	-0,166442	18,868603	-0,026434	0,000000	2,046506	-0,124309	-0,124310	14,051305	-0,008317	6,898705	1,801288
291,400000	8,517696	8,548709	2,600594	0,396855	3,862122	-2540,859488	887,933475	-2993,788789	7,837959	955,475296	32,047248	29,054556	31,131441	28,564300	32,826248	-2,671467	1,197514	1,048716	198201,158245	-0,165994	18,871524	-0,026574	0,000000	2,047178	-0,124305	-0,124316	14,037826	-0,008182	6,862947	1,799576
291,600000	8,515769	8,547273	2,599389	0,397083	3,861088	-2432,095911	888,013055	-2993,782625	7,836855	956,174829	32,042540	29,054157	31,134154	28,565404	32,821874	-2,671430	1,196227	1,049129	198294,604841	-0,165980	18,874569	-0,026633	0,000000	2,048263	-0,124305	-0,124318	14,043906	-0,008394	6,865388	1,800329
291,800000	8,514098	8,545504	2,565006	0,397050	3,858505	-2404,115677	887,635585	-2993,857052	7,835628	958,488388	32,035291	29,052453	31,135604	28,561393	32,825753	-2,671283	1,196008	1,049208	198339,523383	-0,166146	18,876809	-0,026616	0,000000	2,048297	-0,124312	-0,124316	14,063627	-0,008719	6,931272	1,802817
292,000000	8,512603	8,543708	2,584283	0,396857	3,858747	-2392,722347	887,375011	-2994,035894	7,834112	960,072439	32,028569	29,051051	31,139190	28,555267	32,837134	-2,671152	1,196094	1,048417	198286,422429	-0,166615	18,878383	-0,026578	0,000000	2,047292	-0,124317	-0,124311	14,077141	-0,008965	6,893351	1,804519
292,200000	8,511266	8,541917	2,612565	0,396450	3,858246	-2239,319743	887,538279	-2994,121401	7,832787	959,301303	32,025024	29,050376	31,142189	28,549818	32,844535	-2,671036	1,195213	1,049216	198240,335842	-0,166768	18,880085	-0,026690	0,000000	2,046297	-0,124316	-0,124301	14,070856	-0,009138	6,838748	1,803690
292,400000	8,509544	8,539886	2,585947	0,396511	3,855593	-2225,056519	887,788580	-2994,044587	7,831570	956,939694	32,024031	29,051081	31,139258	28,548143	32,842579	-2,671060	1,194248	1,049553	198228,410910	-0,166148	18,882050	-0,026707	0,000000	2,045940	-0,124313	-0,124293	14,051053	-0,009126	6,888722	1,801152
292,600000	8,507284	8,537628	2,579512	0,396428	3,851253	-2342,329737	887,858519	-2993,940605	7,830178	955,349841	32,024434	29,053297	31,136949	28,550601	32,837308	-2,671280	1,192082	1,048821	198239,976531	-0,165758	18,884280	-0,026526	0,000000	2,046341	-0,124314	-0,124298	14,037548	-0,008957	6,900189	1,799441
292,800000	8,505222	8,535719	2,605759	0,395714	3,846010	-2126,363979	887,810944	-2993,977481	7,828626	955,201760	32,026005	29,054480	31,140193	28,552900	32,835106	-2,671258	1,190680	1,049603	198255,375751	-0,166107	18,886925	-0,026377	0,000000	2,046943	-0,124315	-0,124307	14,036436	-0,009087	6,849547	1,799282
293,000000	8,503638	8,534163	2,594898	0,395245	3,847258	-1858,843052	887,447587	-2994,141822	7,826932	955,412282	32,024292	29,054403	31,145685	28,551396	32,836579	-2,671148	1,191437	1,049810	198261,940441	-0,166967	18,889769	-0,026063	0,000000	2,047030	-0,124313	-0,124313	14,038669	-0,009554	6,870299	1,799508
293,200000	8,502075	8,532286	2,582714	0,394862	3,861419	-1882,904359	886,590822	-2994,242779	7,825425	955,517541	32,019554	29,052848	31,149681	28,547047	32,840007	-2,671122	1,191937	1,049216	198261,476852	-0,167821	18,892181	-0,025883	0,000000	2,046703	-0,124310	-0,124312	14,039712	-0,009714	6,893331	1,799622
293,400000	8,500361	8,530284	2,599794	0,394221	3,877618	-1879,536836	885,990423	-2994,147709	7,824288	955,547536	32,019038	29,050629	31,145205	28,545781	32,842448	-2,671164	1,192849	1,050044	198275,274179	-0,168283	18,894075	-0,026262	0,000000	2,046474	-0,124308	-0,124304	14,039660	-0,009411	6,859787	1,799654
293,600000	8,498455	8,528422	2,594517	0,394270	3,878943	-1905,560575	886,215561	-2993,996503	7,823204	955,572978	32,024891	29,050837	31,133613	28,551740	32,842155	-2,671272	1,193260	1,050672	198313,467963	-0,168405	18,895979	-0,026781	0,000000	2,046294	-0,124305	-0,124301	14,039437	-0,008974	6,868945	1,799681
293,800000	8,496352	8,526501	2,586907	0,395051	3,864728	-2124,907184	886,902531	-2993,909687	7,821863	955,608631	32,031908	29,051944	31,125823	28,559364	32,839189	-2,671256	1,192529	1,050406	198350,684053	-0,168181	18,898131	-0,027047	0,000000	2,046327	-0,124303	-0,124307	14,039365	-0,008602	6,882721	1,799720
294,000000	8,494204	8,524398	2,609950	0,395689	3,846056	-2221,891986	887,525481	-2993,783077	7,820402	956,528982	32,032565	29,052601	31,124018	28,562274	32,834511	-2,671305	1,193647	1,050318	198396,383320	-0,167719	18,900345	-0,026974	0,000000	2,046922	-0,124306	-0,124312	14,046799	-0,008316	6,837978	1,800710
294,200000	8,492204	8,522117	2,602128	0,395798	3,834823	-2333,831164	887,508158	-2993,779826	7,818930	957,742255	32,026806	29,053414	31,125417	28,560630	32,832315	-2,671476	1,195370	1,049471	198389,466859	-0,167126	18,902455	-0,026733	0,000000	2,047043	-0,124308	-0,124308	14,056978	-0,008322	6,851974	1,802015
294,400000	8,490482	8,519971	2,570186	0,395776	3,835411	-2811,926007	886,974856	-2993,958792	7,817340	957,096114	32,020941	29,053503	31,128281	28,558129	32,834770	-2,671548	1,195152	1,049089	198280,483678	-0,166673	18,904818	-0,026632	0,000000	2,046126	-0,124308	-0,124302	14,051866	-0,008627	6,912699	1,801320
294,600000	8,488809	8,518279	2,590351	0,396673	3,841714	-3189,811499	886,497333	-2993,957358	7,815866	955,767522	32,019038	29,052887	31,130050	28,559020	32,836977	-2,671478	1,194973	1,049505	198211,936571	-0,166341	18,907677	-0,026784	0,000000	2,045806	-0,124305	-0,124298	14,040566	-0,008471	6,873710	1,799891
294,800000	8,486795	8,516825	2,605503	0,397853	3,847386	-3057,319020	886,422614	-2993,732848	7,814682	955,452196	32,021746	29,044032	31,129976	28,562002	32,832915	-2,671445	1,196088	1,049215	198231,178905	-0,166008	18,910234	-0,026990	0,000000	2,046669	-0,124301	-0,124299	14,037392	-0,007942	6,844877	1,799551
295,000000	8,484472	8,515249	2,580130	0,398023	3,853857	-2726,353199	886,908801	-2993,665083	7,813524	956,473731	32,024881	28,999307	31,130482	28,561822	32,823515	-2,671534	1,197151	1,048719	198257,879089	-0,165992	18,911899	-0,026919	0,000000	2,047526	-0,124303	-0,124307	14,045849	-0,007830	6,893952	1,800650
295,200000	8,482144	8,513424	2,591255	0,397576	3,859601	-2392,100464	887,571043	-2993,801008	7,812189	957,763746	32,024574	28,926539	31,136139	28,558060	32,818223	-2,671453	1,197648	1,048086	198256,398164	-0,165903	18,912342	-0,026704	0,000000	2,047811	-0,124307	-0,124311	14,057013	-0,008178	6,873242	1,802038
295,400000	8,480179	8,511472	2,606434	0,396785	3,860102	-2041,320876	887,816068	-2993,958812	7,810738	957,114704	32,018534	28,883880	31,143346	28,553204	32,822786	-2,671202	1,196484	1,048154	198246,117597	-0,165714	18,911023	-0,026577	0,000000	2,047879	-0,124306	-0,124309	14,052065	-0,008671	6,843555	1,801340
295,600000	8,478520	8,509514	2,584146	0,396304	3,859701	-1936,496518	887,492512	-2994,100865	7,809384	955,713302	32,009211	28,881258	31,145747	28,547715	32,830750	-2,671092	1,195806	1,049484	198255,619416	-0,165638	18,909016	-0,026591	0,000000	2,047793	-0,124302	-0,124308	14,040633	-0,008993	6,884115	1,799832
295,800000	8,476707	8,507504	2,582203	0,396237	3,859121	-2093,804237	887,192175	-2994,101704	7,808170	956,217178	32,005389	28,887467	31,142922	28,545101	32,836546	-2,671075	1,197725	1,049865	198267,437119	-0,165731	18,908375	-0,026726	0,000000	2,047319	-0,124302	-0,124311	14,044795	-0,008927	6,885948	1,800374
296,000000	8,474964	8,505599	2,595528	0,395353	3,851303	-2159,071899	887,461258	-2993,972488	7,806953	958,475978	32,007294	28,891241	31,140017	28,548414	32,840114	-2,670980	1,199557	1,049307	198260,784826	-0,166526	18,909827	-0,026767	0,000000	2,046906	-0,124307	-0,124311	14,063406	-0,008602	6,859401	1,802803
296,200000	8,473535	8,503754	2,591629	0,394949	3,838165	-2128,590221	887,725199	-2993,938086	7,805652	959,212865	32,007823	28,892299	31,139815	28,552254	32,840855	-2,670858	1,199685	1,048701	198245,107782	-0,168072	18,912522	-0,026589	0,000000	2,046789	-0,124311	-0,124310	14,069468	-0,008491	6,866467	1,803595
296,400000	8,471989	8,501938	2,593415	0,395792	3,829502	-2115,501765	887,488311	-2994,006773	7,804170	957,248751	32,003774	28,891616	31,140088	28,551001	32,841109	-2,670871	1,198620	1,048468	198253,281544	-0,169263	18,915081	-0,026315	0,000000	2,046752	-0,124313	-0,124309	14,053230	-0,008711	6,862688	1,801484
296,600000	8,470273	8,500314	2,598994	0,395935	3,828124	-2008,400038	886,760259	-2994,038243	7,802618	955,480403	31,998450	28,889507	31,141647	28,545379	32,842850	-2,670835	1,197825	1,049210	198267,427387	-0,169137	18,917158	-0,026253	0,000000	2,046896	-0,124315	-0,124306	14,038625	-0,008938	6,851703	1,799582
296,800000	8,468572	8,498458	2,580018	0,395017	3,831244	-1965,210230	885,996440	-2994,086790	7,801114	955,207274	31,996244	28,888094	31,142030	28,540983	32,844931	-2,670787	1,195986	1,049094	198227,532173	-0,168765	18,918853	-0,026444	0,000000	2,046573	-0,124313	-0,124303	14,036407	-0,009013	6,887366	1,799288
297,000000	8,466678	8,496163	2,567797	0,394482	3,835029	-2093,065510	885,880197	-2994,125265	7,799606	956,371649	31,998337	28,888750	31,138034	28,542978	32,845239	-2,670953	1,193740	1,049137	198183,956877	-0,168812	18,920107	-0,026646	0,000000	2,045658	-0,124305	-0,124301	14,045865	-0,008702	6,909656	1,800541
297,200000	8,464515	8,493990	2,585079	0,394935	3,833923	-2097,738220	886,143819	-2993,953092	7,798196	958,678410	32,003516	28,889537	31,131921	28,549279	32,840529	-2,671207	1,194365	1,050565	198225,484226	-0,168012	18,921665	-0,026797	0,000000	2,045522	-0,124297	-0,124303	14,064629	-0,008129	6,875149	1,803021
297,400000	8,462220	8,492316	2,593532	0,395570	3,827913	-2032,828770	886,297051	-2993,771578	7,796847	959,296029	32,006443	28,889326	31,126453	28,553501	32,834224	-2,671506	1,197040	1,050432	198291,639871	-0,166822	18,924012	-0,026830	0,000000	2,046208	-0,124296	-0,124308	14,069711	-0,008036	6,858480	1,803685
297,600000	8,460139	8,490882	2,590115	0,395920	3,823788	-2110,973479	886,633174	-2993,857546	7,795478	957,242355	32,005121	28,888876	31,126794	28,553997	32,833552	-2,671525	1,199411	1,048931	198292,170661	-0,166926	18,926494	-0,026893	0,000000	2,046849	-0,124301	-0,124311	14,053080	-0,008615	6,864893	1,801477
297,800000	8,458472	8,489265	2,589805	0,396013	3,824433	-2159,786392	887,188985	-2994,014515	7,794246	955,455579	32,004226	28,888727	31,133130	28,553999	32,837923	-2,671180	1,200217	1,049221	198249,252692	-0,167394	18,928306	-0,026977	0,000000	2,047126	-0,124303	-0,124310	14,038522	-0,009043	6,865118	1,799555
298,000000	8,456844	8,487384	2,570532	0,395929	3,829595	-2342,406458	887,208059	-2993,952949	7,792985	955,237234	32,003833	28,887689	31,134362	28,553832	32,841041	-2,671129	1,199908	1,049916	198226,551631	-0,167509	18,929402	-0,026850	0,000000	2,046813	-0,124301	-0,124311	14,036399	-0,008753	6,901290	1,799320
298,200000	8,455031	8,485356	2,555189	0,395614	3,835053	-2830,937153	886,567599	-2993,790402	7,791425	955,562064	32,003881	28,886153	31,127115	28,553897	32,838349	-2,671521	1,199160	1,049404	198234,419818	-0,167817	18,930318	-0,026663	0,000000	2,046244	-0,124297	-0,124310	14,038465	-0,008093	6,929820	1,799670
298,400000	8,453169	8,483342	2,580526	0,395100	3,834093	-3075,870325	886,523025	-2993,768603	7,789809	954,869328	32,007533	28,888000	31,120827	28,557532	32,831262	-2,671766	1,199329	1,049385	198243,172656	-0,168186	18,931605	-0,026638	0,000000	2,046066	-0,124297	-0,124310	14,032227	-0,007668	6,879554	1,798924
298,600000	8,450973	8,481609	2,586585	0,395509	3,828813	-2887,472723	887,460057	-2993,797241	7,788381	952,754431	32,010091	28,892472	31,122509	28,561059	32,825936	-2,671651	1,200291	1,049639	198251,144987	-0,168308	18,933560	-0,026757	0,000000	2,046329	-0,124303	-0,124313	14,014683	-0,007882	6,867308	1,796646
298,800000	8,448633	8,480057	2,565145	0,396472	3,826925	-2603,022672	887,845024	-2993,805174	7,787116	951,191719	32,004908	28,892645	31,129634	28,557317	32,825274	-2,671467	1,200397	1,049725	198262,677286	-0,167670	18,935836	-0,026678	0,000000	2,046884	-0,124310	-0,124316	14,002004	-0,008336	6,908501	1,794961
299,000000	8,447055	8,478448	2,576111	0,396400	3,827323	-2324,269592	887,292411	-2993,888103	7,785882	951,002711	31,993465	28,890331	31,137372	28,550185	32,824989	-2,671394	1,199754	1,049629	198266,765592	-0,166884	18,937737	-0,026388	0,000000	2,047339	-0,124312	-0,124312	14,000754	-0,008675	6,887048	1,794758
299,200000	8,445830	8,476689	2,579457	0,395651	3,826811	-2208,311094	886,800851	-2994,069056	7,784464	952,077587	31,984290	28,891080	31,142565	28,547809	32,824925	-2,671427	1,199104	1,048956	198245,456994	-0,167044	18,938946	-0,026241	0,000000	2,046951	-0,124310	-0,124309	14,010192	-0,009079	6,879863	1,795917
299,400000	8,444108	8,474525	2,562908	0,395230	3,829623	-2368,291163	886,629791	-2994,228528	7,782927	953,385548	31,983374	28,891175	31,143545	28,550169	32,827174	-2,671495	1,198663	1,048488	198226,226171	-0,167755	18,939886	-0,026220	0,000000	2,046258	-0,124306	-0,124307	14,021342	-0,009240	6,910628	1,797326
299,600000	8,442284	8,472347	2,573484	0,395531	3,833230	-2495,653014	886,688009	-2994,183281	7,781583	952,792240	31,986991	28,889642	31,141982	28,551621	32,825815	-2,671551	1,198089	1,048803	198266,221183	-0,167832	18,941377	-0,026412	0,000000	2,046753	-0,124305	-0,124305	14,016197	-0,009079	6,889112	1,796687
299,800000	8,440526	8,470701	2,577598	0,395686	3,830148	-2415,536932	886,767618	-2994,103502	7,780296	951,410843	31,988246	28,889957	31,139652	28,547670	32,821961	-2,671486	1,197247	1,049146	198308,861315	-0,167394	18,943641	-0,026711	0,000000	2,047789	-0,124306	-0,124305	14,004695	-0,009185	6,880748	1,795198
300,000000	8,438553	8,469098	2,565305	0,395099	3,823399	-2348,277023	886,490836	-2994,228420	7,778790	950,970454	31,985973	28,890373	31,139690	28,541075	32,825984	-2,671226	1,196240	1,048725	198282,077582	-0,167508	18,945907	-0,026652	0,000000	2,047779	-0,124305	-0,124306	14,001452	-0,009645	6,904139	1,794723
300,200000	8,436775	8,466996	2,579223	0,394536	3,818586	-2348,828417	886,124675	-2994,362676	7,777282	951,944807	31,982803	28,889151	31,142440	28,538189	32,838025	-2,670985	1,196456	1,048697	198234,034998	-0,168450	18,947549	-0,026355	0,000000	2,047062	-0,124309	-0,124306	14,009923	-0,009926	6,876424	1,795773
300,400000	8,435037	8,464714	2,581612	0,394259	3,817898	-2347,277841	885,928838	-2994,271308	7,775919	954,192466	31,979064	28,887715	31,141999	28,539372	32,847868	-2,671096	1,197252	1,050308	198223,796005	-0,169001	18,949034	-0,026210	0,000000	2,046448	-0,124314	-0,124305	14,028523	-0,009646	6,870735	1,798195
300,600000	8,432929	8,462643	2,548601	0,394171	3,820459	-2583,993390	885,708512	-2994,087658	7,774613	955,791835	31,976470	28,886962	31,135724	28,542602	32,848071	-2,671505	1,196039	1,050662	198237,752662	-0,168276	18,950983	-0,026387	0,000000	2,046258	-0,124310	-0,124302	14,041155	-0,008855	6,933774	1,799917
300,800000	8,430983	8,460835	2,552363	0,394057	3,821817	-2952,940144	885,612211	-2994,087568	7,773269	956,012633	31,979000	28,886794	31,129353	28,547040	32,840440	-2,671661	1,194393	1,049578	198238,433197	-0,167770	18,953217	-0,026745	0,000000	2,046380	-0,124305	-0,124301	14,042180	-0,008029	6,925773	1,800154
301,000000	8,429158	8,459124	2,582640	0,394101	3,817703	-2940,531378	885,993744	-2994,186349	7,771897	956,680309	31,983055	28,888311	31,129463	28,551358	32,831915	-2,671663	1,195732	1,050027	198235,470439	-0,168089	18,955435	-0,026987	0,000000	2,046501	-0,124306	-0,124305	14,047503	-0,007751	6,866714	1,800873
301,200000	8,427300	8,457292	2,575313	0,395035	3,813403	-2703,715931	886,237378	-2994,153531	7,770593	958,622686	31,982588	28,890559	31,132644	28,551010	32,828511	-2,671923	1,199730	1,049742	198249,856276	-0,168159	18,957455	-0,026929	0,000000	2,046661	-0,124307	-0,124310	14,064104	-0,008070	6,880218	1,802961
301,400000	8,425828	8,455430	2,570841	0,395889	3,818620	-2550,758337	885,810306	-2994,070395	7,769278	959,212127	31,980658	28,889578	31,132792	28,544888	32,830608	-2,672011	1,201221	1,048629	198258,053667	-0,167994	18,959050	-0,026613	0,000000	2,046656	-0,124306	-0,124311	14,069196	-0,008224	6,888088	1,803595
301,600000	8,424382	8,453567	2,580078	0,395130	3,830347	-2342,545927	885,532332	-2994,025672	7,767892	957,301891	31,982848	28,887162	31,130070	28,542659	32,833433	-2,671762	1,198794	1,049549	198248,454145	-0,167875	18,960581	-0,026488	0,000000	2,046232	-0,124303	-0,124307	14,052992	-0,008029	6,869492	1,801541
301,800000	8,422487	8,451673	2,559642	0,394161	3,837648	-2286,288659	886,060370	-2993,965059	7,766439	956,473655	31,988820	28,887849	31,125647	28,549262	32,833657	-2,671660	1,198332	1,050256	198225,677945	-0,167764	18,962435	-0,026614	0,000000	2,045790	-0,124300	-0,124304	14,046007	-0,007989	6,908136	1,800650
302,000000	8,420273	8,449756	2,553036	0,394524	3,835632	-2483,181736	887,089396	-2993,888511	7,764924	957,442654	31,992170	28,890649	31,121869	28,558594	32,829329	-2,671802	1,199766	1,049897	198269,268037	-0,168205	18,964319	-0,026682	0,000000	2,046217	-0,124302	-0,124308	14,054017	-0,007873	6,920121	1,801693
302,200000	8,417982	8,447817	2,579854	0,395282	3,828508	-2485,994651	887,699102	-2993,837938	7,763537	957,986143	31,988951	28,891792	31,122800	28,562188	32,823491	-2,671806	1,199134	1,049824	198409,050626	-0,168714	18,966075	-0,026633	0,000000	2,047471	-0,124306	-0,124315	14,058344	-0,007645	6,867451	1,802277
302,400000	8,415864	8,446156	2,581412	0,395938	3,824121	-2369,549911	887,566089	-2993,976644	7,762176	958,853308	31,982608	28,889750	31,126393	28,557418	32,823579	-2,671612	1,199220	1,049003	198456,939186	-0,168446	18,968031	-0,026445	0,000000	2,047936	-0,124310	-0,124316	14,065792	-0,007826	6,864088	1,803209
302,600000	8,414097	8,444828	2,569406	0,396401	3,824705	-2483,043928	887,427719	-2994,246410	7,760582	959,928821	31,976834	28,887838	31,131032	28,549826	32,827865	-2,671503	1,200864	1,048436	198371,004905	-0,167931	18,970069	-0,026368	0,000000	2,047190	-0,124312	-0,124311	14,075114	-0,008140	6,887117	1,804364
302,800000	8,412648	8,443517	2,589685	0,396100	3,826765	-2600,668776	887,427232	-2994,283051	7,759034	960,159977	31,973435	28,888983	31,136691	28,545095	32,828898	-2,671417	1,199866	1,049061	198302,552022	-0,167892	18,971449	-0,026560	0,000000	2,046458	-0,124312	-0,124306	14,077100	-0,008191	6,847822	1,804613
303,000000	8,410868	8,441784	2,592683	0,395444	3,827753	-2672,225980	887,090163	-2994,139948	7,757745	960,034740	31,971563	28,891065	31,137708	28,544440	32,825074	-2,671604	1,197078	1,049472	198303,665871	-0,168390	18,972250	-0,026746	0,000000	2,046368	-0,124310	-0,124308	14,076009	-0,008148	6,841106	1,804478
303,200000	8,408592	8,439559	2,556553	0,395229	3,830874	-3057,928973	886,480840	-2994,036172	7,756533	959,944077	31,970914	28,891892	31,135726	28,546074	32,820749	-2,672099	1,196697	1,049407	198345,359187	-0,169066	18,973116	-0,026579	0,000000	2,046763	-0,124310	-0,124311	14,075217	-0,008115	6,909287	1,804381
303,400000	8,406820	8,437786	2,559711	0,395568	3,833635	-3469,383859	886,332251	-2994,054705	7,755301	959,919285	31,971340	28,892448	31,136499	28,546418	32,820681	-2,672187	1,197536	1,049047	198382,642137	-0,169728	18,974364	-0,026182	0,000000	2,047172	-0,124312	-0,124306	14,075138	-0,008244	6,902311	1,804354
303,600000	8,405534	8,436625	2,584595	0,395912	3,829292	-3380,091908	886,574230	-2994,203040	7,754076	959,911622	31,966813	28,892683	31,140780	28,542928	32,824311	-2,671931	1,198235	1,048869	198377,299491	-0,169809	18,976135	-0,026112	0,000000	2,047089	-0,124314	-0,124300	14,075264	-0,008434	6,854238	1,804346
303,800000	8,404148	8,434954	2,575912	0,395506	3,823752	-3087,719287	886,132932	-2994,325184	7,752691	959,916991	31,958175	28,889997	31,145032	28,538320	32,830401	-2,671706	1,199432	1,049100	198342,283731	-0,169683	18,977899	-0,026333	0,000000	2,046332	-0,124313	-0,124298	14,075326	-0,008451	6,870476	1,804352
304,000000	8,402822	8,432706	2,576895	0,394270	3,824816	-2928,904886	885,364972	-2994,313062	7,751162	959,902548	31,955446	28,886240	31,143538	28,538756	32,837378	-2,671566	1,198455	1,048779	198324,228058	-0,170065	18,979127	-0,026401	0,000000	2,045571	-0,124311	-0,124296	14,075324	-0,008570	6,867442	1,804336
304,200000	8,401056	8,430529	2,580951	0,393567	3,830394	-2784,178310	885,306931	-2994,230514	7,749771	960,759780	31,961066	28,885698	31,136577	28,544319	32,839876	-2,671606	1,193725	1,048916	198329,609217	-0,170327	18,980298	-0,026310	0,000000	2,045376	-0,124306	-0,124300	14,082728	-0,008797	6,858348	1,805257
304,400000	8,398598	8,428640	2,561741	0,394188	3,833318	-2754,070868	885,785047	-2994,191142	7,748489	961,968493	31,967315	28,887845	31,130715	28,548118	32,837235	-2,671773	1,188702	1,049068	198337,147811	-0,170103	18,982027	-0,026245	0,000000	2,045556	-0,124304	-0,124305	14,092882	-0,008836	6,894431	1,806554
304,600000	8,396220	8,426821	2,566321	0,394879	3,833192	-2858,025117	886,297677	-2994,192758	7,747162	961,398497	31,967718	28,890587	31,129905	28,545637	32,834403	-2,671787	1,189281	1,049183	198369,186920	-0,169672	18,984322	-0,026385	0,000000	2,046114	-0,124308	-0,124307	14,087767	-0,008490	6,884988	1,805943
304,800000	8,394346	8,424865	2,588711	0,394770	3,832870	-2823,936757	886,162488	-2994,201821	7,745833	960,115008	31,963383	28,891496	31,131127	28,538996	32,835326	-2,671519	1,194520	1,049575	198373,551460	-0,169827	18,986630	-0,026609	0,000000	2,046421	-0,124312	-0,124307	14,076471	-0,007938	6,841408	1,804564
305,000000	8,392949	8,423097	2,580102	0,394368	3,832535	-2813,916801	885,327809	-2994,298673	7,744341	959,755187	31,958571	28,889632	31,130167	28,535882	32,839431	-2,671333	1,198327	1,048879	198303,997211	-0,170234	18,988490	-0,026645	0,000000	2,045996	-0,124309	-0,124305	14,073299	-0,007779	6,857278	1,804178
305,200000	8,391449	8,421403	2,572650	0,394484	3,830806	-2940,604654	884,912281	-2994,354792	7,742742	960,744311	31,958542	28,888415	31,128372	28,540227	32,840516	-2,671455	1,197925	1,049410	198266,807873	-0,169874	18,990086	-0,026769	0,000000	2,045806	-0,124306	-0,124305	14,081756	-0,007954	6,870921	1,805240
305,400000	8,389297	8,419491	2,590383	0,395167	3,825928	-2826,226602	885,206982	-2994,167520	7,741530	962,954813	31,964291	28,888249	31,124979	28,547609	32,834957	-2,671631	1,195347	1,050035	198290,262308	-0,169301	18,991546	-0,027066	0,000000	2,046328	-0,124305	-0,124309	14,100336	-0,008041	6,836015	1,807612
305,600000	8,386903	8,417642	2,569378	0,395683	3,823959	-2618,702526	885,706654	-2994,011614	7,740390	963,600732	31,969553	28,886539	31,120356	28,552136	32,825825	-2,671817	1,195728	1,048893	198329,180941	-0,168832	18,992832	-0,027092	0,000000	2,047060	-0,124303	-0,124312	14,105547	-0,007850	6,875328	1,808305
305,800000	8,384740	8,415981	2,536620	0,396068	3,830440	-2568,842020	886,493141	-2994,016560	7,739052	961,663438	31,972088	28,886416	31,123252	28,553031	32,819944	-2,671934	1,198493	1,048553	198369,063784	-0,168529	18,994290	-0,026835	0,000000	2,047504	-0,124301	-0,124312	14,088999	-0,007505	6,938446	1,806227
306,000000	8,382949	8,414596	2,558522	0,396590	3,836385	-2371,632600	887,540345	-2993,996170	7,737802	959,930183	31,970766	28,889343	31,130722	28,552371	32,821216	-2,671789	1,200228	1,049315	198407,119893	-0,168541	18,995991	-0,026549	0,000000	2,047524	-0,124302	-0,124311	14,074447	-0,007461	6,895405	1,804366
306,200000	8,381471	8,413231	2,581078	0,396618	3,833067	-2118,879526	887,830194	-2994,027227	7,736457	959,640100	31,964965	28,889894	31,132955	28,548957	32,824550	-2,671726	1,200518	1,049929	198447,312757	-0,168448	18,997430	-0,026371	0,000000	2,047529	-0,124303	-0,124309	14,072309	-0,007753	6,851494	1,804054
306,400000	8,379952	8,411327	2,581693	0,395692	3,824730	-2228,970564	887,318292	-2994,101982	7,734929	959,842905	31,961688	28,888264	31,129726	28,545292	32,825302	-2,671842	1,200219	1,049405	198470,388111	-0,168783	18,998431	-0,026451	0,000000	2,047500	-0,124300	-0,124310	14,074369	-0,008115	6,849253	1,804272
306,600000	8,378072	8,409190	2,594685	0,394881	3,820549	-2579,108201	887,244372	-2994,081532	7,733492	959,955904	31,963112	28,888616	31,125777	28,546333	32,825774	-2,671797	1,200689	1,048575	198458,624963	-0,169306	18,999460	-0,026631	0,000000	2,047024	-0,124303	-0,124313	14,075549	-0,008348	6,823196	1,804394
306,800000	8,375876	8,407289	2,596201	0,395402	3,821310	-2746,145526	887,696268	-2994,071713	7,732100	959,974694	31,962773	28,890901	31,125970	28,548795	32,825894	-2,671681	1,200343	1,048810	198435,105063	-0,169153	19,001035	-0,026622	0,000000	2,046684	-0,124311	-0,124315	14,075582	-0,008223	6,819452	1,804414
307,000000	8,373854	8,405506	2,569530	0,396066	3,822027	-2787,866050	887,636164	-2994,131862	7,730622	959,960981	31,953974	28,892784	31,131469	28,546354	32,823605	-2,671705	1,198488	1,049279	198444,255073	-0,168640	19,003140	-0,026368	0,000000	2,047043	-0,124318	-0,124313	14,075363	-0,008119	6,869990	1,804399
307,200000	8,372356	8,403722	2,567326	0,395617	3,820759	-2863,090363	886,912613	-2994,220809	7,729154	959,895398	31,941420	28,891640	31,137275	28,538569	32,824091	-2,671690	1,197452	1,049412	198461,795314	-0,168112	19,005254	-0,026094	0,000000	2,047549	-0,124320	-0,124307	14,075275	-0,008581	6,873856	1,804329
307,400000	8,371180	8,401973	2,585270	0,394710	3,820268	-2750,687079	886,342417	-2994,361281	7,727716	959,820914	31,936063	28,888606	31,138140	28,532668	32,831481	-2,671550	1,197761	1,049404	198422,092193	-0,168282	19,006972	-0,026144	0,000000	2,047081	-0,124317	-0,124300	14,075286	-0,009216	6,838854	1,804249
307,600000	8,369793	8,400190	2,575319	0,394094	3,824737	-2467,175598	886,207095	-2994,432846	7,726352	959,827062	31,937790	28,887364	31,136950	28,533362	32,837188	-2,671386	1,198427	1,049051	198381,712064	-0,169135	19,008313	-0,026441	0,000000	2,046026	-0,124311	-0,124299	14,075307	-0,009185	6,857088	1,804255
307,800000	8,367844	8,398279	2,571539	0,394158	3,832604	-2245,586867	886,156704	-2994,285057	7,725188	959,910770	31,941407	28,885045	31,136302	28,536813	32,834211	-2,671254	1,198964	1,049332	198419,352014	-0,169391	19,009598	-0,026602	0,000000	2,045982	-0,124307	-0,124303	14,075313	-0,008490	6,863456	1,804345
308,000000	8,365932	8,396328	2,579504	0,394580	3,833697	-2085,000531	886,003921	-2994,108722	7,724031	959,977957	31,944608	28,863517	31,133719	28,540607	32,830893	-2,671220	1,200311	1,050230	198470,094672	-0,168930	19,011009	-0,026572	0,000000	2,046650	-0,124304	-0,124305	14,075311	-0,007925	6,847694	1,804417
308,200000	8,364512	8,394479	2,562027	0,394667	3,823955	-2074,123856	885,774955	-2994,163727	7,722626	959,976034	31,946900	28,822806	31,131813	28,542997	32,834381	-2,671280	1,201857	1,049783	198458,355574	-0,169125	19,012253	-0,026532	0,000000	2,047053	-0,124302	-0,124306	14,075309	-0,007939	6,881322	1,804415
308,400000	8,362852	8,392846	2,554953	0,394539	3,813510	-2232,970775	885,638780	-2994,372821	7,721150	960,813210	31,947148	28,787719	31,134017	28,541468	32,840113	-2,671373	1,202124	1,049351	198401,049499	-0,170285	19,012841	-0,026455	0,000000	2,046971	-0,124303	-0,124305	14,082726	-0,008348	6,894910	1,805314
308,600000	8,360823	8,391311	2,569951	0,394453	3,812190	-2233,739756	885,571029	-2994,443965	7,719817	962,003026	31,943991	28,765252	31,135115	28,537728	32,842858	-2,671393	1,201458	1,050078	198352,574069	-0,171246	19,012466	-0,026523	0,000000	2,046378	-0,124304	-0,124303	14,092884	-0,008549	6,865206	1,806591
308,800000	8,359043	8,389271	2,570768	0,394536	3,818700	-2146,263864	885,462734	-2994,268098	7,718434	961,435790	31,943179	28,755119	31,129170	28,535913	32,840573	-2,671484	1,200986	1,050465	198325,475219	-0,170895	19,011515	-0,026846	0,000000	2,045776	-0,124305	-0,124304	14,087768	-0,008180	6,861896	1,805983
309,000000	8,357303	8,386834	2,573486	0,394581	3,823043	-2180,384475	885,877028	-2994,029482	7,716875	960,150990	31,949088	28,757182	31,121319	28,539905	32,834355	-2,671819	1,201657	1,050160	198314,592175	-0,169276	19,011103	-0,027183	0,000000	2,045854	-0,124305	-0,124307	14,076471	-0,007637	6,854514	1,804603
309,200000	8,354961	8,384776	2,590222	0,394879	3,817520	-2143,146489	886,737592	-2993,902569	7,715401	959,811890	31,953623	28,762652	31,119834	28,545229	32,828917	-2,672071	1,202043	1,049260	198331,861012	-0,168272	19,012346	-0,027406	0,000000	2,046399	-0,124303	-0,124309	14,073299	-0,007304	6,821318	1,804239
309,400000	8,352202	8,383091	2,584684	0,395665	3,811995	-2208,279071	886,862814	-2993,908773	7,714085	959,953801	31,949898	28,764719	31,122679	28,543940	32,826473	-2,672069	1,200956	1,048865	198352,429280	-0,168816	19,014869	-0,027169	0,000000	2,046761	-0,124302	-0,124311	14,074338	-0,007155	6,831559	1,804391
309,600000	8,349998	8,381618	2,557453	0,395902	3,819237	-2636,305889	885,990892	-2994,033574	7,712783	960,040648	31,942497	28,762859	31,125383	28,539074	32,825598	-2,672056	1,199205	1,048596	198341,347868	-0,169676	19,017229	-0,026678	0,000000	2,046912	-0,124307	-0,124312	14,075344	-0,007434	6,883776	1,804485
309,800000	8,348759	8,380175	2,558141	0,395598	3,830561	-3001,070392	885,356868	-2994,122143	7,711401	959,996366	31,939134	28,760730	31,127383	28,538745	32,826183	-2,671999	1,197350	1,047918	198289,975872	-0,170060	19,018742	-0,026572	0,000000	2,046564	-0,124311	-0,124311	14,075512	-0,007972	6,882025	1,804437
310,000000	8,347370	8,378487	2,569688	0,395235	3,829016	-3074,793431	885,789516	-2994,083254	7,709902	959,079285	31,940463	28,761749	31,127618	28,544179	32,826506	-2,671938	1,194909	1,048648	198265,567283	-0,169839	19,019541	-0,026670	0,000000	2,046158	-0,124307	-0,124306	14,067960	-0,008101	6,858776	1,803452
310,200000	8,345173	8,376597	2,565004	0,395043	3,814853	-3153,210162	886,489222	-2994,008360	7,708477	957,003009	31,942216	28,763356	31,125891	28,548588	32,821432	-2,671993	1,193121	1,048909	198354,804238	-0,169446	19,020272	-0,026742	0,000000	2,046860	-0,124305	-0,124306	14,050302	-0,007844	6,866596	1,801220
310,400000	8,343102	8,374764	2,583740	0,395502	3,806172	-3157,066187	886,640002	-2994,050287	7,707271	955,537823	31,941031	28,762418	31,125943	28,546927	32,814998	-2,671956	1,192591	1,048121	198439,757361	-0,169260	19,021485	-0,026809	0,000000	2,047823	-0,124308	-0,124311	14,037838	-0,007670	6,829786	1,799643
310,600000	8,341584	8,373086	2,586079	0,395808	3,812086	-2886,171997	886,272170	-2994,319426	7,706000	954,509792	31,936276	28,760706	31,130768	28,541930	32,815930	-2,671811	1,190964	1,048475	198399,519487	-0,169221	19,023138	-0,026746	0,000000	2,047835	-0,124313	-0,124318	14,029273	-0,007732	6,824845	1,798537
310,800000	8,340187	8,371389	2,545843	0,395163	3,826767	-2578,690830	885,653759	-2994,557668	7,704451	952,614620	31,930189	28,759655	31,136993	28,537298	32,823282	-2,671653	1,189227	1,048483	198318,431617	-0,169960	19,024627	-0,026657	0,000000	2,047243	-0,124313	-0,124322	14,013714	-0,008088	6,901814	1,796495
311,000000	8,338752	8,369700	2,551263	0,394561	3,838111	-2351,963956	885,240903	-2994,481620	7,702972	951,192765	31,925236	28,758679	31,137723	28,534316	32,831886	-2,671507	1,189072	1,048923	198267,781014	-0,170688	19,025776	-0,026495	0,000000	2,046601	-0,124310	-0,124319	14,002224	-0,008548	6,890481	1,794963
311,200000	8,337239	8,367749	2,581753	0,394793	3,837195	-2062,531816	885,205015	-2994,274947	7,701760	950,171005	31,923233	28,758198	31,132171	28,532971	32,836939	-2,671639	1,189409	1,050293	198246,238479	-0,170394	19,026932	-0,026437	0,000000	2,046384	-0,124308	-0,124308	13,993608	-0,008523	6,830645	1,793861
311,400000	8,335350	8,365631	2,559961	0,394874	3,828203	-1881,537186	885,410965	-2994,219898	7,700448	949,224657	31,924072	28,760368	31,129787	28,532511	32,835335	-2,671891	1,190869	1,049856	198240,819894	-0,170195	19,028061	-0,026669	0,000000	2,046631	-0,124305	-0,124301	13,985257	-0,008133	6,871244	1,792839
311,600000	8,333248	8,363872	2,544606	0,394394	3,821224	-1879,931646	885,847126	-2994,349085	7,698947	949,955294	31,922931	28,763765	31,135672	28,533995	32,830775	-2,671756	1,192354	1,048412	198238,458203	-0,170260	19,029467	-0,026755	0,000000	2,046765	-0,124303	-0,124305	13,991275	-0,008005	6,900302	1,793628
311,800000	8,331408	8,362229	2,572368	0,394424	3,818627	-1792,935757	885,910510	-2994,478130	7,697554	951,272808	31,917139	28,763171	31,140242	28,533474	32,830615	-2,671406	1,191645	1,048523	198231,619853	-0,170421	19,031404	-0,026646	0,000000	2,046743	-0,124305	-0,124309	14,002552	-0,008202	6,846238	1,795049
312,000000	8,329879	8,360087	2,572603	0,394311	3,818300	-1859,078038	885,090194	-2994,451609	7,696222	951,597060	31,912794	28,758487	31,136715	28,528010	32,834418	-2,671246	1,192408	1,049310	198230,718890	-0,171170	19,033287	-0,026629	0,000000	2,046541	-0,124309	-0,124305	14,005540	-0,008465	6,844924	1,795399
312,200000	8,328307	8,357543	2,552479	0,393472	3,820463	-2248,914769	884,555379	-2994,423674	7,694703	950,565185	31,915967	28,755899	31,130601	28,525909	32,836617	-2,671384	1,196388	1,049628	198256,096451	-0,171684	19,034792	-0,026740	0,000000	2,045974	-0,124312	-0,124301	13,997019	-0,008619	6,882324	1,794286
312,400000	8,326225	8,355353	2,565177	0,393189	3,819425	-2434,669891	884,995365	-2994,428110	7,693217	948,380107	31,924094	28,757232	31,124557	28,531553	32,835896	-2,671685	1,198973	1,049989	198240,270547	-0,171299	19,036562	-0,026752	0,000000	2,045442	-0,124310	-0,124302	13,978451	-0,008434	6,856651	1,791928
312,600000	8,323786	8,353678	2,570072	0,393511	3,809293	-2387,250907	885,602638	-2994,285735	7,691974	946,938086	31,929761	28,759824	31,119853	28,540767	32,830867	-2,671989	1,199096	1,049855	198228,992975	-0,170461	19,038942	-0,026584	0,000000	2,045967	-0,124302	-0,124305	13,965840	-0,007966	6,846701	1,790370
312,800000	8,321543	8,352346	2,554310	0,394005	3,797610	-2511,267944	885,695917	-2994,028187	7,690735	946,834972	31,930304	28,761443	31,120891	28,547801	32,824412	-2,672213	1,199214	1,049647	198316,528433	-0,170074	19,041141	-0,026512	0,000000	2,047376	-0,124301	-0,124310	13,964816	-0,007811	6,876889	1,790259
313,000000	8,319745	8,351009	2,566927	0,394452	3,792043	-2617,596423	885,301106	-2993,974460	7,689321	947,033110	31,927494	28,760485	31,123684	28,548058	32,823377	-2,672230	1,198098	1,048940	198341,375623	-0,170359	19,042308	-0,026704	0,000000	2,047715	-0,124305	-0,124314	13,966907	-0,008233	6,852066	1,790473
313,200000	8,318277	8,349281	2,568823	0,394396	3,794512	-2557,340535	884,913061	-2994,269473	7,687712	947,977416	31,923915	28,759599	31,126357	28,542127	32,825522	-2,672187	1,196994	1,047915	198268,738093	-0,170356	19,042528	-0,026832	0,000000	2,046787	-0,124305	-0,124315	13,975298	-0,008671	6,847314	1,791493
313,400000	8,316677	8,347539	2,539031	0,394340	3,805208	-2640,167061	884,955942	-2994,483314	7,686071	950,082756	31,923436	28,761096	31,129894	28,536539	32,825808	-2,672135	1,198305	1,048148	198229,984652	-0,169859	19,042718	-0,026765	0,000000	2,046073	-0,124303	-0,124312	13,992823	-0,008481	6,903833	1,793765
313,600000	8,314694	8,346008	2,552288	0,394947	3,820244	-2796,644275	885,400995	-2994,305092	7,684869	951,610702	31,924452	28,762652	31,128848	28,537100	32,823829	-2,672200	1,199784	1,048659	198234,087462	-0,169434	19,043588	-0,026839	0,000000	2,046144	-0,124301	-0,124310	14,005074	-0,007884	6,877171	1,795413
313,800000	8,312761	8,344326	2,581165	0,395615	3,831698	-2730,155364	885,996566	-2994,029015	7,683946	951,745601	31,924818	28,762941	31,126371	28,541847	32,820419	-2,672488	1,200195	1,048953	198251,123704	-0,169681	19,044837	-0,027001	0,000000	2,046726	-0,124301	-0,124311	14,006169	-0,007846	6,820818	1,795559
314,000000	8,311161	8,342612	2,569369	0,395516	3,836101	-2656,961131	886,735624	-2994,056256	7,682506	951,428685	31,925472	28,764449	31,128936	28,544312	32,817612	-2,672422	1,199915	1,048772	198262,976721	-0,170317	19,045946	-0,026944	0,000000	2,047227	-0,124304	-0,124310	14,004175	-0,008515	6,842545	1,795217
314,200000	8,309430	8,341197	2,569610	0,395476	3,833679	-2711,104077	887,084666	-2994,298510	7,680826	951,239583	31,920669	28,766138	31,136178	28,541188	32,818168	-2,672051	1,199691	1,048054	198254,753597	-0,170302	19,047044	-0,026707	0,000000	2,047317	-0,124310	-0,124311	14,003223	-0,009153	6,841564	1,795013
314,400000	8,307596	8,339773	2,581292	0,395847	3,823098	-2660,315190	886,183952	-2994,502941	7,679488	951,230982	31,910158	28,762814	31,143067	28,534543	32,821859	-2,671926	1,199433	1,047985	198237,271930	-0,170365	19,048192	-0,026526	0,000000	2,047184	-0,124312	-0,124313	14,003262	-0,009265	6,818829	1,795004
314,600000	8,306034	8,338011	2,554753	0,395274	3,813940	-2787,212841	884,799779	-2994,620652	7,678190	951,301993	31,904013	28,757462	31,143262	28,530865	32,825166	-2,672003	1,198474	1,047569	198231,881958	-0,170925	19,049061	-0,026559	0,000000	2,046882	-0,124311	-0,124308	14,003463	-0,008868	6,868925	1,795080
314,800000	8,304545	8,335976	2,541913	0,394593	3,819026	-3210,068374	884,495796	-2994,631846	7,676799	951,357656	31,905583	28,756623	31,136816	28,532834	32,826033	-2,672068	1,197682	1,047274	198234,385588	-0,170952	19,049654	-0,026706	0,000000	2,046593	-0,124312	-0,124303	14,003530	-0,008467	6,892431	1,795140
315,000000	8,302833	8,334037	2,569109	0,394984	3,831813	-3269,987365	885,235076	-2994,598125	7,675439	950,483146	31,908764	28,759251	31,130190	28,534960	32,826075	-2,672051	1,196425	1,047806	198245,767478	-0,170677	19,050427	-0,026650	0,000000	2,046885	-0,124316	-0,124308	13,996098	-0,008388	6,838506	1,794197
315,200000	8,300839	8,332216	2,566444	0,395072	3,835606	-2965,741538	885,711533	-2994,560990	7,674051	948,395010	31,906740	28,760447	31,128946	28,533185	32,825985	-2,672024	1,194283	1,047894	198298,680104	-0,170733	19,051690	-0,026496	0,000000	2,047387	-0,124320	-0,124313	13,978504	-0,008362	6,842680	1,791944
315,400000	8,299106	8,330383	2,552870	0,394380	3,823925	-2778,081123	885,286222	-2994,524742	7,672582	946,892974	31,899207	28,759588	31,132588	28,527467	32,828027	-2,671940	1,194300	1,048022	198318,769759	-0,170690	19,053263	-0,026444	0,000000	2,047037	-0,124320	-0,124312	13,966040	-0,008546	6,868164	1,790322
315,600000	8,297899	8,328593	2,578421	0,393803	3,807854	-2624,896156	884,790542	-2994,539587	7,671106	947,566141	31,894078	28,758789	31,136393	28,522286	32,835377	-2,671805	1,195947	1,048025	198243,895163	-0,170864	19,054780	-0,026342	0,000000	2,045925	-0,124316	-0,124310	13,972297	-0,009134	6,818417	1,791049
315,800000	8,296527	8,326537	2,574173	0,393706	3,803353	-2488,139128	884,786169	-2994,508612	7,669799	949,855825	31,895849	28,758181	31,137719	28,522509	32,841184	-2,671790	1,195294	1,048308	198181,906446	-0,171748	19,056174	-0,026415	0,000000	2,045297	-0,124309	-0,124309	13,991884	-0,009451	6,825563	1,793521
316,000000	8,294586	8,324522	2,537087	0,394078	3,812563	-2459,366356	885,029399	-2994,243173	7,668733	951,484682	31,900532	28,757516	31,133002	28,527170	32,838787	-2,671851	1,193658	1,048665	198155,415989	-0,171626	19,057643	-0,026764	0,000000	2,045713	-0,124303	-0,124309	14,005314	-0,009184	6,896138	1,795277
316,200000	8,292449	8,322999	2,553523	0,394994	3,822083	-2313,562751	885,500070	-2993,943192	7,667663	951,697436	31,905134	28,758202	31,124402	28,532673	32,832222	-2,672005	1,194015	1,048319	198146,556027	-0,170573	19,059139	-0,026978	0,000000	2,046562	-0,124303	-0,124311	14,006442	-0,008523	6,863417	1,795507
316,400000	8,290493	8,321498	2,581756	0,395670	3,822189	-2029,279579	885,859094	-2993,955439	7,666199	951,495971	31,908010	28,760162	31,122348	28,535126	32,828177	-2,672010	1,195190	1,048680	198140,878998	-0,170611	19,060293	-0,026844	0,000000	2,046973	-0,124308	-0,124311	14,004228	-0,008003	6,808489	1,795290
316,600000	8,288714	8,319877	2,572482	0,395251	3,820043	-1905,808584	885,641889	-2994,135548	7,664488	950,493002	31,906273	28,761399	31,125012	28,535213	32,828914	-2,671799	1,195226	1,049010	198095,621817	-0,171257	19,061059	-0,026613	0,000000	2,046647	-0,124311	-0,124307	13,995773	-0,007980	6,825296	1,794208
316,800000	8,287060	8,318289	2,573091	0,394916	3,818694	-1996,888426	885,292036	-2994,190842	7,663039	948,416204	31,901826	28,760738	31,125542	28,535533	32,831116	-2,671889	1,193442	1,048815	198051,826068	-0,171243	19,061754	-0,026675	0,000000	2,046211	-0,124307	-0,124304	13,978247	-0,007927	6,823242	1,791967
317,000000	8,285223	8,316494	2,574891	0,394593	3,813636	-2071,840379	885,242954	-2994,176601	7,661798	947,007727	31,901224	28,759320	31,124136	28,536949	32,830529	-2,672131	1,191843	1,048850	198045,721759	-0,170783	19,062473	-0,026743	0,000000	2,046166	-0,124300	-0,124307	13,966009	-0,007548	6,818745	1,790446
317,200000	8,282887	8,314469	2,547759	0,393807	3,807918	-2236,231869	885,417470	-2994,176616	7,660438	946,918572	31,905362	28,759999	31,123620	28,541596	32,825669	-2,672254	1,191801	1,048257	198073,282487	-0,170494	19,063365	-0,026683	0,000000	2,046321	-0,124298	-0,124312	13,964919	-0,007209	6,869737	1,790349
317,400000	8,280648	8,312622	2,543140	0,394445	3,808507	-2570,272271	885,723527	-2994,153307	7,659044	948,021128	31,909166	28,761902	31,124201	28,545525	32,819472	-2,672353	1,190917	1,047904	198141,092656	-0,170650	19,064605	-0,026876	0,000000	2,046566	-0,124301	-0,124318	13,974329	-0,007335	6,877750	1,791540
317,600000	8,279082	8,311037	2,577844	0,395549	3,814074	-2649,298614	885,892198	-2994,138206	7,657746	950,162681	31,906545	28,762134	31,125226	28,541101	32,816939	-2,672310	1,189149	1,048314	198244,526717	-0,170981	19,065981	-0,027014	0,000000	2,047098	-0,124306	-0,124323	13,992855	-0,007840	6,810324	1,793852
317,800000	8,277744	8,309285	2,581695	0,395110	3,820080	-2529,933512	885,645341	-2994,236737	7,656316	951,600027	31,898220	28,760365	31,129081	28,531545	32,819060	-2,672128	1,187896	1,048139	198333,957807	-0,171277	19,067030	-0,026897	0,000000	2,047516	-0,124313	-0,124319	14,005275	-0,008175	6,802215	1,795402
318,000000	8,276127	8,307438	2,562934	0,394317	3,826999	-2581,352502	885,447105	-2994,406674	7,654715	950,837140	31,891808	28,759128	31,134067	28,526225	32,823818	-2,671994	1,188078	1,048112	198348,695194	-0,171609	19,067580	-0,026771	0,000000	2,047075	-0,124313	-0,124309	13,998820	-0,008133	6,837045	1,794579
318,200000	8,274372	8,305810	2,573228	0,394042	3,831010	-2572,892545	885,626666	-2994,420074	7,653319	948,527611	31,888937	28,758582	31,136261	28,527316	32,826962	-2,671908	1,190376	1,049097	198329,440526	-0,171222	19,068150	-0,026650	0,000000	2,046458	-0,124310	-0,124303	13,979168	-0,007910	6,816400	1,792087
318,400000	8,272650	8,304435	2,566021	0,394218	3,828405	-2456,997544	886,015682	-2994,272853	7,652234	946,934353	31,886981	28,757832	31,135986	28,530839	32,824028	-2,671864	1,195179	1,049052	198352,595652	-0,170510	19,069160	-0,026618	0,000000	2,046693	-0,124311	-0,124305	13,965753	-0,007910	6,829551	1,790366
318,600000	8,270819	8,303153	2,540459	0,394609	3,823871	-2524,053830	886,594338	-2994,216692	7,651045	947,631866	31,886153	28,758432	31,134575	28,532306	32,819564	-2,672042	1,199802	1,048133	198379,437342	-0,171071	19,070164	-0,026640	0,000000	2,047339	-0,124314	-0,124307	13,972061	-0,008344	6,878270	1,791120
318,800000	8,269060	8,301526	2,553850	0,394513	3,820456	-2596,853888	886,865555	-2994,341393	7,649494	949,930842	31,886581	28,759673	31,134232	28,530058	32,822760	-2,672246	1,200370	1,047914	198389,276771	-0,173075	19,070500	-0,026505	0,000000	2,047824	-0,124317	-0,124308	13,991853	-0,008788	6,851213	1,793601
319,000000	8,267586	8,299533	2,566367	0,394013	3,815598	-2585,970705	886,340123	-2994,569410	7,647808	951,506950	31,885402	28,760164	31,135916	28,526122	32,831890	-2,672195	1,198947	1,048219	198412,658165	-0,174319	19,070477	-0,026277	0,000000	2,047892	-0,124316	-0,124309	14,005349	-0,009032	6,825697	1,795301
319,200000	8,266149	8,297380	2,554386	0,393382	3,808045	-2771,645347	885,389485	-2994,723718	7,646308	950,729383	31,880027	28,758855	31,134737	28,523348	32,837370	-2,672095	1,197310	1,048624	198428,537462	-0,173304	19,070935	-0,026362	0,000000	2,047279	-0,124308	-0,124307	13,999043	-0,009263	6,847305	1,794463
319,400000	8,264783	8,295136	2,567810	0,392822	3,803398	-2999,715548	884,742703	-2994,645189	7,645042	949,242518	31,876276	28,756277	31,128786	28,523504	32,835935	-2,672100	1,197003	1,048316	198429,610440	-0,171961	19,072086	-0,026834	0,000000	2,046090	-0,124303	-0,124303	13,986653	-0,009379	6,820204	1,792859
319,600000	8,263111	8,293059	2,573595	0,392619	3,806197	-3039,769211	885,046914	-2994,434578	7,643831	949,759239	31,879871	28,757322	31,123599	28,528487	32,831033	-2,672168	1,198666	1,048668	198437,686385	-0,171479	19,073748	-0,027200	0,000000	2,045154	-0,124303	-0,124301	13,990727	-0,009105	6,808081	1,793416
319,800000	8,260673	8,291222	2,533779	0,393084	3,815149	-3284,812408	885,927658	-2994,324355	7,642500	951,144959	31,883717	28,762684	31,124690	28,534418	32,826774	-2,672359	1,199961	1,048983	198432,968916	-0,171131	19,075666	-0,027121	0,000000	2,045242	-0,124305	-0,124303	14,002075	-0,008801	6,884087	1,794911
320,000000	8,258483	8,289582	2,531186	0,393800	3,822136	-3711,880246	886,083430	-2994,354535	7,641047	952,444240	31,881810	28,764374	31,129960	28,532351	32,825252	-2,672497	1,200167	1,048561	198388,474083	-0,171298	19,077511	-0,026604	0,000000	2,045949	-0,124309	-0,124309	14,012889	-0,008695	6,888675	1,796312
320,200000	8,257070	8,288105	2,562953	0,393540	3,817389	-3659,807866	885,318586	-2994,461797	7,639647	954,439053	31,877557	28,760062	31,132254	28,525841	32,825795	-2,672385	1,199772	1,049158	198332,521141	-0,172166	19,078922	-0,026090	0,000000	2,046398	-0,124311	-0,124311	14,029497	-0,008550	6,826770	1,798461
320,400000	8,255703	8,286484	2,549617	0,392751	3,807065	-3274,772408	884,501179	-2994,591829	7,638251	955,778201	31,876645	28,756315	31,129936	28,525140	32,827716	-2,672258	1,199547	1,048422	198284,528847	-0,172608	19,079545	-0,026089	0,000000	2,046134	-0,124310	-0,124310	14,040934	-0,008749	6,851501	1,799902
320,600000	8,253898	8,284643	2,544370	0,392568	3,805243	-3017,267270	884,422498	-2994,563913	7,636815	956,738925	31,881320	28,755610	31,124872	28,531243	32,829551	-2,672187	1,199114	1,047225	198279,617730	-0,172431	19,079575	-0,026441	0,000000	2,045607	-0,124308	-0,124311	14,049325	-0,009082	6,860202	1,800936
320,800000	8,251709	8,282889	2,570440	0,393097	3,811945	-2755,832278	885,120022	-2994,299964	7,635667	958,657805	31,888241	28,756920	31,119720	28,537879	32,825589	-2,672203	1,198794	1,048273	198358,063654	-0,172222	19,079884	-0,026747	0,000000	2,045838	-0,124306	-0,124313	14,065021	-0,008693	6,808739	1,802999
321,000000	8,249567	8,281271	2,555663	0,393952	3,817679	-2565,255096	886,052158	-2994,109859	7,634547	959,214786	31,890811	28,759962	31,118262	28,539244	32,817169	-2,672459	1,199043	1,048750	198419,915989	-0,171985	19,080813	-0,026965	0,000000	2,046706	-0,124310	-0,124313	14,069178	-0,008184	6,836096	1,803597
321,200000	8,247654	8,279642	2,532530	0,394895	3,816992	-2538,962736	886,719710	-2994,271530	7,633002	958,111674	31,886126	28,762223	31,123219	28,536909	32,813402	-2,672652	1,198600	1,048135	198397,614787	-0,171874	19,081845	-0,027024	0,000000	2,047163	-0,124315	-0,124311	14,060223	-0,008472	6,880126	1,802412
321,400000	8,245913	8,277940	2,556805	0,395465	3,810580	-2408,562856	886,638191	-2994,553435	7,631482	958,439996	31,878936	28,761411	31,130660	28,534378	32,817715	-2,672526	1,197387	1,047802	198364,643777	-0,171827	19,082729	-0,026830	0,000000	2,047070	-0,124313	-0,124311	14,063518	-0,009015	6,832375	1,802765
321,600000	8,244401	8,276068	2,570144	0,395281	3,804159	-2308,730676	885,826639	-2994,604817	7,630142	959,671049	31,874068	28,759362	31,131010	28,532138	32,824881	-2,672412	1,196074	1,047877	198359,122856	-0,171213	19,083603	-0,026545	0,000000	2,046739	-0,124311	-0,124312	14,073906	-0,009090	6,805814	1,804088
321,800000	8,242865	8,274136	2,555338	0,395006	3,805524	-2456,487634	885,170272	-2994,467218	7,628767	960,085328	31,872175	28,759230	31,128554	28,530903	32,827054	-2,672494	1,195777	1,048028	198364,360482	-0,170470	19,084514	-0,026548	0,000000	2,046464	-0,124311	-0,124314	14,077099	-0,008815	6,833029	1,804533
322,000000	8,240996	8,272467	2,567472	0,394823	3,811287	-2550,545011	885,228467	-2994,371830	7,627584	960,007741	31,873373	28,760530	31,132474	28,530969	32,823389	-2,672439	1,196268	1,047962	198361,226141	-0,170524	19,085454	-0,026843	0,000000	2,046669	-0,124310	-0,124316	14,076245	-0,008610	6,808933	1,804449
322,200000	8,238864	8,271042	2,574685	0,394568	3,812736	-2497,685089	885,661768	-2994,390061	7,626427	960,781358	31,873671	28,761967	31,138845	28,531641	32,819022	-2,672265	1,196728	1,048291	198345,079369	-0,171091	19,086439	-0,027002	0,000000	2,047197	-0,124312	-0,124315	14,082721	-0,008610	6,794597	1,805280
322,400000	8,236841	8,269429	2,541648	0,394232	3,811395	-2696,267890	885,365215	-2994,498649	7,624900	961,951235	31,865680	28,761687	31,139780	28,527779	32,818844	-2,672194	1,198169	1,048136	198334,797370	-0,171501	19,087234	-0,026928	0,000000	2,047446	-0,124315	-0,124315	14,092699	-0,008798	6,857153	1,806536
322,600000	8,235359	8,267486	2,537033	0,393391	3,811030	-3087,303553	884,189911	-2994,606326	7,623190	961,315109	31,854246	28,757888	31,135897	28,517574	32,824294	-2,672092	1,198813	1,047777	198334,409360	-0,171773	19,087629	-0,026656	0,000000	2,047203	-0,124315	-0,124315	14,087701	-0,009122	6,864807	1,805853
322,800000	8,234317	8,265404	2,562740	0,392411	3,808855	-3138,904671	883,592671	-2994,681545	7,621511	959,927161	31,851170	28,754765	31,133852	28,511239	32,831291	-2,672014	1,197327	1,048458	198332,667349	-0,172098	19,087959	-0,026412	0,000000	2,046709	-0,124313	-0,124309	14,076483	-0,009523	6,813837	1,804363
323,000000	8,233088	8,263428	2,553995	0,392070	3,804728	-2900,781679	883,806017	-2994,785587	7,619945	959,499542	31,855845	28,754865	31,132905	28,514625	32,834775	-2,672093	1,195568	1,048709	198307,438529	-0,172404	19,088701	-0,026410	0,000000	2,046056	-0,124312	-0,124306	14,073316	-0,009937	6,829400	1,803903
323,200000	8,231445	8,261674	2,550197	0,392405	3,804488	-2625,888626	884,116725	-2994,746398	7,618654	959,621441	31,859736	28,755822	31,130944	28,522296	32,833283	-2,672230	1,195673	1,048281	198331,098564	-0,172490	19,090028	-0,026616	0,000000	2,046015	-0,124312	-0,124309	14,074343	-0,009943	6,835825	1,804034
323,400000	8,229772	8,260002	2,569036	0,392913	3,810302	-2259,724312	884,375599	-2994,480616	7,617505	959,769428	31,859733	28,757070	31,130768	28,527909	32,829592	-2,672302	1,198268	1,048833	198455,559834	-0,172157	19,091582	-0,026959	0,000000	2,046827	-0,124312	-0,124308	14,075342	-0,009703	6,799001	1,804193
323,600000	8,228160	8,258417	2,553029	0,393429	3,818506	-2001,753654	884,435786	-2994,487462	7,616145	958,874300	31,858305	28,757686	31,131147	28,528806	32,828807	-2,672199	1,200784	1,048607	198509,233217	-0,172022	19,092807	-0,026969	0,000000	2,046975	-0,124313	-0,124303	14,068093	-0,009952	6,828920	1,803232
323,800000	8,226352	8,256949	2,537870	0,394075	3,823875	-1944,890803	884,422709	-2994,756319	7,614667	956,741536	31,858761	28,756939	31,131251	28,525803	32,831896	-2,672088	1,200732	1,047823	198431,626246	-0,172529	19,093578	-0,026649	0,000000	2,046330	-0,124314	-0,124302	14,050384	-0,010119	6,857412	1,800939
324,000000	8,224445	8,255358	2,557892	0,394480	3,820429	-1863,199536	884,632284	-2994,700574	7,613492	955,314683	31,862352	28,757621	31,130258	28,523632	32,834903	-2,672105	1,198821	1,048792	198348,977482	-0,172759	19,094030	-0,026667	0,000000	2,045895	-0,124312	-0,124306	14,037842	-0,009546	6,817738	1,799403
324,200000	8,222647	8,253387	2,561227	0,394405	3,809732	-1795,591746	884,850271	-2994,438123	7,612382	955,258999	31,866644	28,759519	31,124346	28,525482	32,831722	-2,672283	1,196988	1,049186	198344,097887	-0,172232	19,094350	-0,026968	0,000000	2,045838	-0,124308	-0,124309	14,036676	-0,008847	6,809829	1,799343
324,400000	8,220807	8,251355	2,552737	0,394081	3,800515	-1844,393998	884,831748	-2994,235862	7,610950	955,537987	31,870662	28,759932	31,118358	28,528958	32,824015	-2,672600	1,195452	1,048370	198397,882902	-0,172048	19,094999	-0,026974	0,000000	2,046040	-0,124307	-0,124311	14,038700	-0,008531	6,824703	1,799644
324,600000	8,218880	8,249761	2,565506	0,393775	3,797384	-1872,928918	885,097772	-2994,162415	7,609594	955,640831	31,871987	28,760902	31,119116	28,532703	32,819742	-2,672602	1,193605	1,047684	198444,447151	-0,172629	19,096338	-0,026753	0,000000	2,046451	-0,124307	-0,124312	14,039677	-0,008644	6,799537	1,799754
324,800000	8,216934	8,248343	2,565445	0,393812	3,799659	-1993,879880	885,480474	-2994,297018	7,608464	955,619945	31,865041	28,763109	31,127353	28,533950	32,819223	-2,672374	1,191399	1,048016	198448,679431	-0,172396	19,097879	-0,026704	0,000000	2,046827	-0,124306	-0,124313	14,039641	-0,008784	6,799291	1,799732
325,000000	8,214862	8,246739	2,548040	0,393779	3,803723	-2508,210630	885,066873	-2994,515488	7,606969	956,521502	31,854421	28,762568	31,135560	28,529980	32,820383	-2,672302	1,189638	1,048095	198403,362303	-0,171564	19,098786	-0,026678	0,000000	2,046985	-0,124310	-0,124314	14,046854	-0,008434	6,832010	1,800702
325,200000	8,213041	8,244980	2,560541	0,393079	3,802441	-3068,900523	884,527770	-2994,640658	7,605125	958,621935	31,850949	28,759756	31,133415	28,527215	32,822103	-2,672407	1,189193	1,047143	198351,477329	-0,171800	19,099150	-0,026523	0,000000	2,046874	-0,124313	-0,124314	14,064361	-0,008334	6,806850	1,802960
325,400000	8,211627	8,243139	2,567583	0,393189	3,789816	-3116,607965	884,951102	-2994,589386	7,603578	960,036027	31,856115	28,758506	31,125316	28,529584	32,822702	-2,672667	1,188987	1,047825	198334,932302	-0,172379	19,099617	-0,026457	0,000000	2,046583	-0,124310	-0,124315	14,076835	-0,008964	6,792059	1,804480
325,600000	8,209823	8,241403	2,536528	0,394610	3,778231	-2837,210300	885,930304	-2994,463297	7,602449	960,125069	31,861007	28,759487	31,120926	28,531165	32,821284	-2,672806	1,189704	1,047588	198341,635739	-0,172425	19,100360	-0,026687	0,000000	2,046688	-0,124312	-0,124322	14,078017	-0,009399	6,850610	1,804575
325,800000	8,207840	8,239942	2,538272	0,395346	3,785150	-2595,552477	886,481182	-2994,381563	7,601418	959,000178	31,857873	28,760373	31,122963	28,527950	32,818752	-2,672607	1,192131	1,046528	198393,933933	-0,172257	19,101331	-0,026999	0,000000	2,047254	-0,124319	-0,124320	14,068593	-0,009397	6,846519	1,803367
326,000000	8,206470	8,238642	2,568050	0,394946	3,808295	-2366,158824	886,238560	-2994,384211	7,600263	956,760951	31,850391	28,759131	31,129247	28,521105	32,821263	-2,672292	1,194613	1,047515	198449,396269	-0,172028	19,102252	-0,026947	0,000000	2,047259	-0,124321	-0,124309	14,050045	-0,009617	6,788867	1,800959
326,200000	8,205347	8,237065	2,556978	0,394141	3,830319	-2171,283706	885,532534	-2994,545382	7,598781	956,112239	31,844930	28,757799	31,134388	28,514633	32,829716	-2,672128	1,195861	1,048164	198424,120784	-0,172174	19,102705	-0,026573	0,000000	2,046271	-0,124317	-0,124300	14,045036	-0,010049	6,809163	1,800262
326,400000	8,203968	8,235002	2,541289	0,393593	3,834147	-1983,954134	885,051060	-2994,695646	7,597171	958,093498	31,842132	28,757937	31,136248	28,513449	32,836084	-2,672074	1,195226	1,048648	198404,349419	-0,172534	19,102953	-0,026448	0,000000	2,045714	-0,124311	-0,124299	14,061652	-0,010053	6,837953	1,802392
326,600000	8,202331	8,232825	2,553473	0,393684	3,817039	-1704,661161	884,965463	-2994,579100	7,595873	959,880637	31,842250	28,758884	31,134558	28,517058	32,836479	-2,672040	1,194558	1,048610	198429,005191	-0,172514	19,103536	-0,026825	0,000000	2,046153	-0,124312	-0,124304	14,076190	-0,009620	6,813024	1,804313
326,800000	8,200599	8,230751	2,550431	0,393970	3,792635	-1539,292514	884,985834	-2994,410682	7,594715	960,200249	31,843712	28,759437	31,132544	28,520708	32,832115	-2,672088	1,194949	1,047668	198445,634050	-0,172753	19,104644	-0,027042	0,000000	2,046493	-0,124319	-0,124308	14,078309	-0,009062	6,817669	1,804656
327,000000	8,198702	8,228827	2,541540	0,394074	3,778287	-1575,127696	884,803340	-2994,458332	7,593405	959,972397	31,844562	28,758366	31,135441	28,521808	32,827851	-2,672088	1,196179	1,047631	198450,452422	-0,173492	19,106458	-0,026805	0,000000	2,046326	-0,124320	-0,124313	14,076245	-0,008906	6,834111	1,804411
327,200000	8,196738	8,227328	2,551869	0,393592	3,781342	-1614,345868	884,525132	-2994,627491	7,591894	959,771332	31,842776	28,757718	31,138418	28,520164	32,828732	-2,672045	1,197856	1,047667	198437,568084	-0,174029	19,108582	-0,026656	0,000000	2,046036	-0,124313	-0,124312	14,075067	-0,009412	6,813950	1,804195
327,400000	8,195086	8,225818	2,544893	0,392713	3,795262	-1702,235587	884,170565	-2994,693315	7,590292	958,817168	31,839310	28,756796	31,134644	28,516698	32,833217	-2,672246	1,198039	1,047978	198399,872924	-0,174006	19,110027	-0,026681	0,000000	2,045858	-0,124309	-0,124304	14,067619	-0,009956	6,826704	1,803170
327,600000	8,193665	8,223687	2,529961	0,392166	3,807590	-1963,625752	883,963147	-2994,620419	7,588783	956,729682	31,841235	28,755428	31,125682	28,515831	32,837030	-2,672531	1,197141	1,048454	198360,158344	-0,173615	19,110570	-0,026687	0,000000	2,045580	-0,124309	-0,124301	14,050263	-0,010097	6,854042	1,800926
327,800000	8,192097	8,221756	2,551241	0,392365	3,805778	-2140,528887	884,690816	-2994,516876	7,587425	955,273697	31,847381	28,758463	31,118082	28,521815	32,837444	-2,672547	1,196777	1,048362	198317,555991	-0,173282	19,110976	-0,026775	0,000000	2,045442	-0,124310	-0,124304	14,037890	-0,009938	6,811409	1,799359
328,000000	8,190074	8,220520	2,561726	0,393369	3,789673	-2187,684953	885,567248	-2994,431818	7,586218	956,040335	31,850422	28,762570	31,116483	28,529748	32,833242	-2,672416	1,196920	1,048321	198265,469910	-0,173242	19,112067	-0,026883	0,000000	2,045787	-0,124308	-0,124310	14,044134	-0,009750	6,790684	1,800184
328,200000	8,187878	8,219029	2,537446	0,393954	3,774933	-2512,379267	885,398477	-2994,404018	7,584872	958,397058	31,847486	28,761957	31,119321	28,531755	32,826346	-2,672479	1,195245	1,047759	198268,448625	-0,173478	19,113476	-0,026884	0,000000	2,046276	-0,124307	-0,124312	14,063699	-0,009556	6,836810	1,802719
328,400000	8,186086	8,217054	2,545506	0,393538	3,772709	-2918,910143	884,804930	-2994,447474	7,583365	959,137686	31,842439	28,759931	31,123058	28,527517	32,822791	-2,672616	1,191360	1,047076	198297,342269	-0,173648	19,114246	-0,026908	0,000000	2,046754	-0,124311	-0,124311	14,069706	-0,009358	6,820196	1,803515
328,600000	8,184544	8,215046	2,560482	0,393135	3,779645	-2817,903672	884,605385	-2994,542097	7,581989	957,180598	31,841222	28,759209	31,126806	28,523364	32,823760	-2,672618	1,190182	1,047440	198258,400147	-0,173468	19,114736	-0,026842	0,000000	2,046556	-0,124316	-0,124308	14,053260	-0,009313	6,790275	1,801411
328,800000	8,182748	8,213163	2,529968	0,393376	3,793201	-2426,844807	884,529877	-2994,592927	7,580650	955,457334	31,843335	28,758518	31,129794	28,524453	32,822002	-2,672504	1,192446	1,048154	198222,679275	-0,173162	19,115930	-0,026632	0,000000	2,045854	-0,124317	-0,124307	14,038589	-0,009096	6,848134	1,799557
329,000000	8,180724	8,211587	2,523927	0,394039	3,813680	-2198,626808	884,532209	-2994,442994	7,579352	955,245963	31,845081	28,758702	31,129229	28,528721	32,815698	-2,672405	1,193626	1,048597	198256,611301	-0,173340	19,117607	-0,026601	0,000000	2,046118	-0,124312	-0,124314	14,036388	-0,008669	6,859292	1,799329
329,200000	8,178902	8,210208	2,554361	0,394541	3,829564	-2086,950627	884,894928	-2994,283007	7,577925	956,376145	31,845449	28,760452	31,126083	28,530139	32,812639	-2,672460	1,192668	1,048740	198281,817496	-0,173207	19,118788	-0,026767	0,000000	2,046993	-0,124310	-0,124321	14,045865	-0,008664	6,799795	1,800545
329,400000	8,177284	8,208737	2,549687	0,394666	3,827274	-2040,898868	885,086736	-2994,409269	7,576208	957,680373	31,842924	28,761193	31,127678	28,525807	32,817581	-2,672402	1,191647	1,047730	198269,477460	-0,172727	19,119140	-0,026882	0,000000	2,047521	-0,124310	-0,124321	14,057215	-0,009079	6,807811	1,801948
329,600000	8,175706	8,207177	2,535414	0,394420	3,807836	-2008,106254	885,001069	-2994,658735	7,574771	957,029990	31,835471	28,760266	31,134647	28,519478	32,825628	-2,672218	1,190411	1,046948	198257,895599	-0,173452	19,119233	-0,026771	0,000000	2,047554	-0,124312	-0,124317	14,052136	-0,009453	6,834372	1,801249
329,800000	8,174251	8,205568	2,550073	0,394097	3,782578	-1880,324855	885,026213	-2994,769916	7,573844	955,620840	31,825723	28,759437	31,137918	28,515512	32,830856	-2,672232	1,189388	1,047627	198252,064758	-0,174376	19,119749	-0,026514	0,000000	2,047025	-0,124316	-0,124311	14,040620	-0,009755	6,805211	1,799733
330,000000	8,172788	8,203731	2,549393	0,393475	3,767588	-1875,818688	884,827816	-2994,774906	7,572819	955,216836	31,820494	28,758350	31,134656	28,514073	32,831971	-2,672362	1,189999	1,048207	198253,356347	-0,174588	19,120630	-0,026446	0,000000	2,046361	-0,124317	-0,124312	14,037359	-0,009884	6,805420	1,799298
330,200000	8,171099	8,201706	2,532108	0,392755	3,772379	-2140,499244	884,761879	-2994,736820	7,571312	955,392657	31,822465	28,758927	31,128997	28,515254	32,829284	-2,672477	1,191297	1,048000	198251,760542	-0,174477	19,121407	-0,026602	0,000000	2,046167	-0,124315	-0,124313	14,038409	-0,009458	6,837381	1,799487
330,400000	8,169158	8,199885	2,543460	0,393548	3,787854	-2356,086216	885,281788	-2994,691937	7,569723	955,580697	31,825220	28,762892	31,126808	28,516123	32,826896	-2,672507	1,192764	1,047202	198246,287437	-0,174061	19,122109	-0,026705	0,000000	2,046468	-0,124311	-0,124313	14,039435	-0,008907	6,814213	1,799690
330,600000	8,167132	8,198484	2,547457	0,394482	3,794336	-2369,841984	885,293490	-2994,722261	7,568419	954,714133	31,822836	28,764395	31,130896	28,512163	32,828371	-2,672442	1,193961	1,047939	198254,571351	-0,173722	19,123260	-0,026621	0,000000	2,046726	-0,124311	-0,124312	14,032192	-0,008936	6,805959	1,798757
330,800000	8,165456	8,196988	2,517209	0,393285	3,787726	-2510,382483	884,075616	-2994,800893	7,567133	952,558936	31,816578	28,760312	31,135424	28,507442	32,830943	-2,672411	1,194128	1,049065	198269,254818	-0,173651	19,124679	-0,026479	0,000000	2,046526	-0,124316	-0,124309	14,014480	-0,009322	6,864131	1,796435
331,000000	8,164286	8,195031	2,520869	0,391916	3,779728	-2740,034811	882,934524	-2994,858059	7,565615	951,935026	31,813816	28,756846	31,133775	28,509009	32,833031	-2,672395	1,192829	1,048276	198254,566216	-0,173781	19,125482	-0,026480	0,000000	2,045903	-0,124314	-0,124308	14,009353	-0,009438	6,855858	1,795763
331,200000	8,162875	8,193039	2,540590	0,392131	3,776705	-2644,626263	883,138190	-2994,861624	7,564033	953,915692	31,818547	28,757549	31,127240	28,515923	32,833772	-2,672480	1,190139	1,047891	198241,524024	-0,173643	19,125920	-0,026545	0,000000	2,045491	-0,124309	-0,124307	14,025761	-0,009208	6,816149	1,797897
331,400000	8,160814	8,191093	2,520336	0,392822	3,780742	-2443,318811	883,845463	-2994,743769	7,562708	955,683283	31,825682	28,758841	31,120827	28,521806	32,829366	-2,672659	1,189182	1,047545	198304,124142	-0,173690	19,126882	-0,026655	0,000000	2,045943	-0,124310	-0,124306	14,040246	-0,008857	6,854114	1,799800
331,600000	8,158618	8,189141	2,523572	0,392908	3,788107	-2424,014263	884,127282	-2994,619752	7,561606	955,979469	31,829535	28,758815	31,117222	28,522642	32,822034	-2,672709	1,191215	1,047493	198348,665908	-0,174157	19,128310	-0,026784	0,000000	2,046717	-0,124312	-0,124309	14,042385	-0,008512	6,846787	1,800119
331,800000	8,156672	8,187542	2,556903	0,392705	3,791313	-2333,259968	884,287602	-2994,689686	7,560404	954,848431	31,829222	28,758823	31,119109	28,519779	32,820258	-2,672656	1,191758	1,048505	198303,312152	-0,173963	19,129807	-0,026873	0,000000	2,046839	-0,124313	-0,124313	14,032922	-0,008539	6,781959	1,798901
332,000000	8,155162	8,186181	2,550193	0,393015	3,793154	-2224,489215	884,385443	-2994,722520	7,558987	952,562501	31,826212	28,759213	31,122865	28,516744	32,825995	-2,672531	1,189239	1,048268	198252,976482	-0,173725	19,131128	-0,026955	0,000000	2,046300	-0,124313	-0,124315	14,014172	-0,008984	6,794324	1,796439
332,200000	8,153774	8,184590	2,530282	0,393760	3,799700	-2252,320497	884,231466	-2994,568015	7,557464	951,055800	31,822758	28,759052	31,120598	28,516786	32,830404	-2,672492	1,187811	1,047994	198252,921351	-0,173786	19,131904	-0,026726	0,000000	2,045981	-0,124313	-0,124314	14,001679	-0,009154	6,831723	1,794815
332,400000	8,152070	8,182859	2,541256	0,394300	3,804575	-2176,506778	884,196727	-2994,431263	7,556097	951,884732	31,821664	28,758964	31,116634	28,520473	32,828196	-2,672667	1,189586	1,048339	198294,125819	-0,173676	19,132156	-0,026486	0,000000	2,046233	-0,124311	-0,124313	14,008151	-0,008659	6,809249	1,795709
332,600000	8,150214	8,181278	2,546609	0,394048	3,798132	-2121,680361	884,796722	-2994,409903	7,554873	953,426767	31,823264	28,760248	31,118466	28,524346	32,822505	-2,672833	1,191845	1,047853	198340,335028	-0,173876	19,132565	-0,026792	0,000000	2,046548	-0,124310	-0,124316	14,020407	-0,007959	6,797946	1,797370
332,800000	8,148399	8,179804	2,541269	0,393719	3,785309	-2304,374395	885,378652	-2994,449811	7,553497	953,841591	31,822809	28,761683	31,124189	28,527226	32,815956	-2,672854	1,192800	1,047535	198365,557627	-0,173950	19,133322	-0,027135	0,000000	2,046650	-0,124309	-0,124319	14,023668	-0,007737	6,807475	1,797817
333,000000	8,146549	8,178247	2,554986	0,394278	3,775630	-2382,723892	884,870269	-2994,565803	7,552046	953,631384	31,815169	28,760341	31,130049	28,525395	32,812568	-2,672679	1,191884	1,047026	198364,037490	-0,173611	19,133988	-0,027079	0,000000	2,046605	-0,124309	-0,124318	14,022473	-0,008307	6,780432	1,797591
333,200000	8,144698	8,176515	2,549712	0,394260	3,771890	-2296,946588	883,717496	-2994,813566	7,550663	952,531106	31,805233	28,756518	31,133717	28,516082	32,813830	-2,672536	1,189611	1,046463	198367,815962	-0,173121	19,134541	-0,026745	0,000000	2,046568	-0,124316	-0,124313	14,013976	-0,009052	6,789596	1,796405
333,400000	8,143094	8,174730	2,523657	0,393007	3,777063	-2381,894975	883,230981	-2994,980821	7,549189	951,296458	31,802591	28,755410	31,133599	28,508437	32,817481	-2,672629	1,187146	1,046653	198391,072878	-0,173239	19,135211	-0,026366	0,000000	2,046525	-0,124326	-0,124307	14,003653	-0,009104	6,838776	1,795074
333,600000	8,141611	8,173054	2,535767	0,392095	3,788883	-2514,700956	883,611896	-2994,908776	7,547772	951,981163	31,805809	28,758423	31,131201	28,509500	32,823216	-2,672740	1,184701	1,047242	198358,468864	-0,173947	19,135899	-0,026312	0,000000	2,046366	-0,124323	-0,124307	14,008919	-0,008616	6,814204	1,795813
333,800000	8,140015	8,171512	2,551321	0,392249	3,798364	-2495,014033	884,164437	-2994,807735	7,546432	954,251401	31,805596	28,761699	31,130367	28,515167	32,825851	-2,672695	1,185457	1,047849	198338,311376	-0,174051	19,136641	-0,026536	0,000000	2,046615	-0,124308	-0,124311	14,027721	-0,008349	6,783360	1,798259
334,000000	8,138531	8,169978	2,539194	0,392778	3,797190	-2542,547330	884,267891	-2994,730407	7,545044	955,801759	31,801259	28,761928	31,132883	28,516881	32,824994	-2,672446	1,189499	1,047637	198409,694007	-0,173896	19,137480	-0,026725	0,000000	2,047241	-0,124303	-0,124311	14,041055	-0,008672	6,805832	1,799927
334,200000	8,137132	8,168297	2,550501	0,392880	3,785514	-2654,320962	883,842396	-2994,782039	7,543645	955,887015	31,797778	28,759733	31,135433	28,510866	32,829544	-2,672172	1,193367	1,047268	198413,672241	-0,173732	19,138173	-0,026708	0,000000	2,047092	-0,124314	-0,124310	14,042300	-0,009203	6,783245	1,800019
334,400000	8,135698	8,166467	2,564512	0,392424	3,773793	-2565,806478	883,419304	-2995,039946	7,542208	956,487982	31,795282	28,758327	31,137625	28,503842	32,836894	-2,672240	1,195423	1,047560	198346,127643	-0,173845	19,138853	-0,026627	0,000000	2,046102	-0,124324	-0,124307	14,047567	-0,009428	6,755528	1,800666
334,600000	8,134271	8,164595	2,534936	0,391854	3,773241	-2579,238255	883,201185	-2995,097847	7,540868	958,480936	31,794188	28,757733	31,136428	28,503321	32,839586	-2,672467	1,195277	1,047869	198322,646600	-0,174421	19,139775	-0,026799	0,000000	2,045306	-0,124322	-0,124305	14,064104	-0,009258	6,811022	1,802809
334,800000	8,132449	8,162740	2,517428	0,391901	3,779988	-2872,144827	883,056032	-2994,862349	7,539514	959,153352	31,796616	28,757480	31,126123	28,507539	32,836228	-2,672685	1,194774	1,047870	198334,216720	-0,174893	19,140904	-0,027034	0,000000	2,045267	-0,124311	-0,124306	14,069183	-0,008704	6,843741	1,803531
335,000000	8,130144	8,160917	2,535696	0,392564	3,780217	-2939,194361	883,207879	-2994,620287	7,538072	957,298782	31,803008	28,758816	31,117428	28,512975	32,829097	-2,672973	1,194872	1,048164	198357,825868	-0,175374	19,142071	-0,027109	0,000000	2,045793	-0,124308	-0,124306	14,052988	-0,008050	6,807181	1,801538
335,200000	8,128236	8,159221	2,537002	0,392959	3,778983	-2741,058332	883,736920	-2994,594948	7,536645	955,612275	31,808514	28,760357	31,119089	28,517278	32,825158	-2,672995	1,195389	1,047897	198363,223132	-0,175310	19,143005	-0,027067	0,000000	2,046279	-0,124314	-0,124307	14,038591	-0,007798	6,803737	1,799724
335,400000	8,127019	8,157671	2,537568	0,393103	3,790230	-2579,529851	883,999538	-2994,734046	7,535385	954,469711	31,806233	28,760319	31,125464	28,517374	32,826897	-2,672789	1,195793	1,047513	198322,378941	-0,174868	19,143654	-0,027006	0,000000	2,046416	-0,124317	-0,124314	14,029025	-0,007821	6,801868	1,798494
335,600000	8,125650	8,155993	2,554385	0,393291	3,804886	-2465,236583	883,677049	-2994,779816	7,534327	952,620247	31,800457	28,759177	31,128675	28,515128	32,829231	-2,672641	1,196133	1,047882	198263,404000	-0,175043	19,144319	-0,027074	0,000000	2,046271	-0,124314	-0,124317	14,013475	-0,007802	6,768747	1,796501
335,800000	8,123888	8,154101	2,539468	0,393105	3,802961	-2518,728869	883,497616	-2994,742632	7,533071	952,141389	31,800754	28,756953	31,125574	28,515854	32,828770	-2,672610	1,196375	1,048041	198231,477400	-0,175138	19,145127	-0,027141	0,000000	2,045971	-0,124311	-0,124310	14,009602	-0,007952	6,796160	1,795985
336,000000	8,121986	8,152313	2,515437	0,393322	3,780224	-2760,382328	883,868051	-2994,671290	7,531579	954,079976	31,807859	28,755980	31,120782	28,520731	32,826358	-2,672643	1,195923	1,047716	198234,313487	-0,174860	19,145881	-0,027040	0,000000	2,045853	-0,124308	-0,124308	14,026050	-0,008117	6,841503	1,798074
336,200000	8,119995	8,150887	2,528390	0,394378	3,753985	-2797,572978	884,601614	-2994,591193	7,530244	954,919886	31,813328	28,758782	31,118461	28,524256	32,822508	-2,672744	1,195861	1,046938	198270,886314	-0,174621	19,146546	-0,026945	0,000000	2,046154	-0,124308	-0,124314	14,032887	-0,007904	6,815421	1,798978
336,400000	8,118152	8,149503	2,539722	0,394890	3,745151	-2538,128106	885,318450	-2994,545895	7,529066	953,111378	31,810803	28,762331	31,120208	28,522028	32,818711	-2,672865	1,195981	1,047267	198335,620021	-0,174309	19,147291	-0,026964	0,000000	2,046749	-0,124316	-0,124317	14,017357	-0,007559	6,792775	1,797031
336,600000	8,116400	8,147893	2,533922	0,394405	3,760149	-2462,075072	885,155660	-2994,528682	7,527723	951,360838	31,803034	28,763752	31,125928	28,517477	32,817967	-2,672775	1,196201	1,047413	198330,032878	-0,174210	19,148062	-0,026987	0,000000	2,046776	-0,124327	-0,124313	14,002863	-0,007774	6,803103	1,795144
336,800000	8,114618	8,146405	2,543293	0,393957	3,785186	-2693,405535	884,222750	-2994,612688	7,526166	950,977155	31,794160	28,762329	31,131100	28,513840	32,821697	-2,672596	1,195798	1,047133	198237,572366	-0,174442	19,148665	-0,026978	0,000000	2,046113	-0,124328	-0,124310	14,000548	-0,008684	6,784351	1,794730
337,000000	8,112910	8,144792	2,547210	0,393558	3,797607	-2847,634183	883,429832	-2994,721249	7,524651	951,155399	31,786919	28,759234	31,132663	28,510698	32,826306	-2,672538	1,194195	1,047980	198202,249896	-0,174715	19,148934	-0,026901	0,000000	2,046140	-0,124318	-0,124313	14,002531	-0,009168	6,775856	1,794922
337,200000	8,111288	8,142814	2,519122	0,393034	3,792612	-3025,060213	883,069099	-2994,692277	7,523097	950,489242	31,783833	28,757371	31,130414	28,509378	32,824617	-2,672614	1,193181	1,047524	198231,687576	-0,174707	19,148962	-0,026808	0,000000	2,046939	-0,124309	-0,124318	13,996299	-0,008538	6,828508	1,794204
337,400000	8,109747	8,141030	2,511907	0,393015	3,780315	-3337,090250	883,088566	-2994,671068	7,521563	949,377352	31,784302	28,756669	31,128598	28,509318	32,818695	-2,672766	1,193279	1,047205	198237,716101	-0,174696	19,149137	-0,026760	0,000000	2,047367	-0,124306	-0,124321	13,986191	-0,007783	6,841250	1,793004
337,600000	8,108201	8,139553	2,536663	0,393140	3,766750	-3361,878453	883,464848	-2994,877404	7,520440	949,954817	31,785362	28,757036	31,134961	28,508869	32,817605	-2,672746	1,193925	1,048302	198202,737082	-0,174918	19,149620	-0,026802	0,000000	2,046896	-0,124309	-0,124321	13,991093	-0,007827	6,792524	1,793627
337,800000	8,106583	8,138077	2,537004	0,393007	3,756147	-3179,472252	883,827043	-2995,171707	7,519404	951,232758	31,782441	28,758959	31,143054	28,506729	32,822656	-2,672558	1,191890	1,048443	198157,696133	-0,175104	19,150253	-0,026735	0,000000	2,046085	-0,124315	-0,124316	14,002301	-0,008289	6,791132	1,795006
338,000000	8,104887	8,136286	2,528747	0,393008	3,755845	-3129,469718	883,679844	-2995,223844	7,518036	950,680840	31,776483	28,758843	31,141645	28,502060	32,829280	-2,672472	1,187053	1,047986	198120,968522	-0,175681	19,150614	-0,026488	0,000000	2,045793	-0,124316	-0,124310	13,998066	-0,008694	6,805799	1,794411
338,200000	8,103342	8,134203	2,540332	0,392623	3,768187	-3017,989903	883,264915	-2995,033078	7,516508	948,468928	31,776157	28,755175	31,134199	28,501371	32,833240	-2,672386	1,185707	1,047970	198087,923697	-0,176608	19,150842	-0,026640	0,000000	2,045844	-0,124311	-0,124307	13,979472	-0,008708	6,781956	1,792024
338,400000	8,101927	8,132398	2,522929	0,391798	3,786193	-2879,439963	883,275896	-2994,834291	7,515141	947,813812	31,781400	28,752984	31,127565	28,508494	32,832696	-2,672400	1,189244	1,047712	198061,458822	-0,177240	19,151471	-0,027094	0,000000	2,045747	-0,124310	-0,124303	13,973430	-0,008181	6,814263	1,791316
338,600000	8,100359	8,130943	2,491388	0,391940	3,800361	-2968,597757	883,911983	-2994,738794	7,513982	949,805417	31,785457	28,755679	31,124482	28,514844	32,830895	-2,672708	1,192975	1,047803	198058,373373	-0,177199	19,152470	-0,027322	0,000000	2,045733	-0,124313	-0,124304	13,989673	-0,007663	6,875008	1,793466
338,800000	8,098605	8,129377	2,516568	0,392631	3,800374	-2998,992182	884,447563	-2994,667041	7,512660	951,549830	31,785245	28,759323	31,124385	28,513344	32,831303	-2,673000	1,193137	1,048680	198110,530768	-0,176398	19,153606	-0,027330	0,000000	2,046250	-0,124314	-0,124309	14,004275	-0,007597	6,824880	1,795348
339,000000	8,096676	8,127518	2,541294	0,392441	3,786553	-2768,162226	884,063922	-2994,634474	7,511105	951,790078	31,783100	28,759904	31,124390	28,507663	32,834177	-2,673036	1,191543	1,048671	198172,592882	-0,175425	19,154418	-0,027323	0,000000	2,046548	-0,124315	-0,124312	14,006491	-0,007794	6,776076	1,795607
339,200000	8,094846	8,125679	2,528509	0,392247	3,772921	-2519,756519	883,348753	-2994,775003	7,509554	951,536920	31,782556	28,758579	31,123060	28,505690	32,837075	-2,672870	1,191651	1,048253	198163,564552	-0,175156	19,154829	-0,027342	0,000000	2,045719	-0,124313	-0,124309	14,004450	-0,007881	6,799423	1,795334
339,400000	8,093393	8,124154	2,544044	0,393075	3,768792	-2289,086245	883,115978	-2994,833364	7,508171	951,416036	31,783007	28,757804	31,120891	28,509184	32,833961	-2,672773	1,193291	1,048242	198136,931028	-0,175656	19,155330	-0,027159	0,000000	2,045050	-0,124307	-0,124305	14,003262	-0,007709	6,768603	1,795203
339,600000	8,091908	8,122685	2,554471	0,393923	3,773639	-1991,175530	883,442317	-2994,566490	7,506995	951,458822	31,783603	28,758516	31,119184	28,515482	32,824031	-2,672929	1,195522	1,048707	198154,045217	-0,175846	19,155862	-0,026903	0,000000	2,045630	-0,124305	-0,124303	14,003223	-0,007310	6,747775	1,795250
339,800000	8,089934	8,121065	2,520195	0,394315	3,784769	-1893,827161	884,389305	-2994,285397	7,505721	951,495854	31,784510	28,759080	31,118831	28,522284	32,816203	-2,673202	1,196776	1,048804	198153,812597	-0,175093	19,156229	-0,026936	0,000000	2,046513	-0,124310	-0,124306	14,003441	-0,007217	6,812433	1,795289
340,000000	8,088186	8,119491	2,511084	0,394844	3,795898	-2031,245789	885,362566	-2994,225569	7,504339	951,463874	31,787168	28,760121	31,121730	28,524361	32,817046	-2,673277	1,196861	1,047952	198108,768524	-0,174612	19,156644	-0,027046	0,000000	2,047014	-0,124313	-0,124315	14,003529	-0,007574	6,829135	1,795255
340,200000	8,086990	8,118080	2,534274	0,395216	3,795645	-2027,760476	885,469323	-2994,364267	7,502972	951,438140	31,788631	28,761998	31,127060	28,519715	32,823071	-2,673066	1,196178	1,047955	198082,572632	-0,175063	19,157013	-0,027003	0,000000	2,047123	-0,124313	-0,124321	14,003519	-0,007780	6,783440	1,795227
340,400000	8,085430	8,116630	2,535807	0,394940	3,782983	-1968,713935	884,723021	-2994,659892	7,501541	950,546636	31,782948	28,761275	31,129383	28,513381	32,827375	-2,672909	1,195019	1,047532	198111,082269	-0,175302	19,156991	-0,027029	0,000000	2,046882	-0,124313	-0,124320	13,996081	-0,007837	6,779478	1,794266
340,600000	8,083587	8,115002	2,531876	0,394154	3,767991	-2101,839458	883,909765	-2994,814068	7,500078	949,328761	31,775060	28,759194	31,126036	28,508897	32,826568	-2,672872	1,195341	1,046688	198155,761889	-0,175242	19,156837	-0,027077	0,000000	2,046549	-0,124315	-0,124316	13,985917	-0,007917	6,785733	1,792952
340,800000	8,081798	8,113211	2,545150	0,393288	3,757950	-2204,871619	884,017896	-2994,726953	7,498577	949,936556	31,772558	28,760408	31,121949	28,508405	32,821563	-2,672846	1,196753	1,047785	198174,970471	-0,175559	19,157024	-0,027110	0,000000	2,046522	-0,124320	-0,124313	13,991035	-0,007922	6,758918	1,793608
341,000000	8,079841	8,111353	2,538205	0,393358	3,758164	-2294,199196	884,551298	-2994,762012	7,497114	951,255826	31,770339	28,763844	31,125350	28,509517	32,817683	-2,672875	1,197434	1,048351	198171,750632	-0,175900	19,157453	-0,027274	0,000000	2,046967	-0,124323	-0,124313	14,002334	-0,008127	6,770962	1,795031
341,200000	8,078166	8,109666	2,518564	0,393935	3,768517	-2581,462876	884,118413	-2994,984312	7,495683	951,574085	31,762497	28,764485	31,135263	28,505088	32,818719	-2,672852	1,197092	1,047458	198166,485701	-0,175840	19,157957	-0,027274	0,000000	2,047459	-0,124323	-0,124312	14,005507	-0,008625	6,807916	1,795374
341,400000	8,077086	8,108016	2,530042	0,393478	3,779805	-2773,872697	883,123537	-2995,112718	7,494175	951,397297	31,754126	28,760486	31,140760	28,499418	32,822895	-2,672729	1,195761	1,046958	198167,566172	-0,175894	19,158723	-0,027068	0,000000	2,047478	-0,124322	-0,124310	14,004467	-0,009071	6,785016	1,795183
341,600000	8,076309	8,106108	2,537404	0,392451	3,783435	-2861,261401	882,341393	-2995,125555	7,492640	951,261142	31,752285	28,755599	31,138128	28,499679	32,828938	-2,672706	1,193106	1,047028	198140,215326	-0,176344	19,159590	-0,026969	0,000000	2,046779	-0,124323	-0,124308	14,003461	-0,009210	6,769822	1,795036
341,800000	8,075072	8,104288	2,529534	0,392488	3,781375	-3142,581025	882,115924	-2995,103317	7,491140	952,158977	31,756174	28,753991	31,132853	28,502859	32,833310	-2,672853	1,191387	1,047384	198110,933898	-0,176135	19,160172	-0,026903	0,000000	2,046135	-0,124320	-0,124311	14,010710	-0,008913	6,783695	1,796004
342,000000	8,072927	8,102667	2,547069	0,393368	3,781927	-3300,784486	882,726166	-2994,992930	7,490048	953,441319	31,760693	28,754876	31,128008	28,505503	32,829654	-2,673039	1,192685	1,047429	198163,409139	-0,175260	19,160703	-0,026900	0,000000	2,046604	-0,124316	-0,124314	14,021003	-0,008433	6,748982	1,797386
342,200000	8,070551	8,100777	2,542530	0,393346	3,788034	-3218,135326	883,586377	-2994,910070	7,489160	952,884055	31,762623	28,757229	31,125747	28,506579	32,821282	-2,673296	1,194658	1,047773	198220,481359	-0,175181	19,161444	-0,026880	0,000000	2,047132	-0,124315	-0,124313	14,015970	-0,008081	6,756389	1,796786
342,400000	8,068611	8,098873	2,508336	0,392581	3,796203	-3322,352222	883,982696	-2995,035094	7,487750	951,556178	31,762339	28,760496	31,127974	28,505756	32,819682	-2,673452	1,195174	1,047515	198196,677003	-0,175960	19,162200	-0,026600	0,000000	2,046779	-0,124319	-0,124309	14,004677	-0,007946	6,821113	1,795354
342,600000	8,067275	8,097298	2,526168	0,392022	3,796780	-3505,322810	883,834828	-2995,204309	7,486098	952,042363	31,761323	28,761523	31,129220	28,503457	32,827349	-2,673198	1,193190	1,047096	198161,025591	-0,176822	19,163006	-0,026459	0,000000	2,046369	-0,124321	-0,124308	14,008907	-0,008090	6,785700	1,795879
342,800000	8,066275	8,095703	2,553007	0,392094	3,785764	-3424,731161	883,272105	-2995,188530	7,484612	953,389250	31,760469	28,759119	31,124916	28,502255	32,834286	-2,672988	1,190848	1,048066	198144,010545	-0,176648	19,163894	-0,026656	0,000000	2,046011	-0,124316	-0,124311	14,020099	-0,007966	6,733482	1,797330
343,000000	8,064736	8,093903	2,533617	0,392891	3,775749	-3300,585868	882,757192	-2994,916528	7,483305	953,843464	31,761720	28,756750	31,119439	28,505381	32,832513	-2,673293	1,191650	1,048408	198110,421413	-0,175407	19,164458	-0,026848	0,000000	2,045592	-0,124310	-0,124317	14,023406	-0,007459	6,769253	1,797819
343,200000	8,062364	8,092250	2,532128	0,393527	3,776990	-3204,253481	882,788955	-2994,658111	7,482102	954,647304	31,765614	28,757479	31,116422	28,510314	32,824850	-2,673545	1,193229	1,048269	198065,637050	-0,174967	19,164718	-0,026959	0,000000	2,045744	-0,124309	-0,124322	14,029854	-0,007159	6,770883	1,798685
343,400000	8,059947	8,090936	2,541763	0,393863	3,781662	-2867,485082	883,299327	-2994,675112	7,480791	955,783596	31,765749	28,759990	31,118935	28,514178	32,817714	-2,673340	1,193496	1,047808	198046,778375	-0,175242	19,165147	-0,027062	0,000000	2,046315	-0,124309	-0,124324	14,039006	-0,006776	6,751618	1,799908
343,600000	8,058275	8,089582	2,520477	0,394173	3,782396	-2538,901556	883,431930	-2994,763018	7,479341	956,091175	31,759427	28,760238	31,125074	28,514538	32,814929	-2,673069	1,193982	1,047342	198069,217698	-0,175181	19,165730	-0,027020	0,000000	2,046437	-0,124310	-0,124322	14,041126	-0,006315	6,791802	1,800239
343,800000	8,057147	8,087881	2,519028	0,393971	3,784384	-2440,770111	882,964928	-2994,761908	7,477935	955,964196	31,755898	28,757717	31,125665	28,509294	32,817561	-2,672984	1,195589	1,047755	198090,351670	-0,175061	19,165941	-0,026827	0,000000	2,046217	-0,124317	-0,124318	14,040117	-0,006371	6,793473	1,800102
344,000000	8,055728	8,086040	2,543516	0,393477	3,788877	-2307,488139	882,880930	-2994,741906	7,476588	954,927218	31,759070	28,756879	31,122396	28,504878	32,821277	-2,672950	1,196041	1,047404	198082,998114	-0,175357	19,165822	-0,026772	0,000000	2,046019	-0,124321	-0,124315	14,031912	-0,006867	6,745019	1,798986
344,200000	8,053960	8,084410	2,537372	0,393432	3,787267	-2304,082524	883,322808	-2994,789587	7,475245	952,741122	31,762665	28,758706	31,122726	28,507474	32,821930	-2,672965	1,193430	1,046979	198050,563424	-0,175938	19,166153	-0,026985	0,000000	2,045866	-0,124315	-0,124318	14,014243	-0,007554	6,755611	1,796632
344,400000	8,052072	8,082896	2,524180	0,393826	3,775419	-2593,682984	883,951852	-2994,871976	7,474015	951,246767	31,761790	28,760892	31,126266	28,513716	32,819406	-2,673176	1,190686	1,046987	198068,875563	-0,175978	19,166922	-0,027169	0,000000	2,046504	-0,124310	-0,124325	14,001903	-0,007773	6,780091	1,795021
344,600000	8,050300	8,081410	2,542439	0,393912	3,761684	-2705,962567	884,410447	-2994,846174	7,472816	951,146015	31,756662	28,763027	31,129563	28,515077	32,816336	-2,673300	1,187367	1,047284	198155,212669	-0,175955	19,167534	-0,026972	0,000000	2,047564	-0,124315	-0,124324	14,000803	-0,007520	6,744246	1,794912
344,800000	8,048854	8,080046	2,542958	0,393399	3,760926	-2688,799471	884,263787	-2994,880333	7,471328	952,236787	31,749526	28,764412	31,132342	28,508852	32,818404	-2,673255	1,183462	1,047997	198141,339418	-0,176766	19,167692	-0,026610	0,000000	2,047516	-0,124324	-0,124313	14,010230	-0,007779	6,742330	1,796088
345,000000	8,047476	8,078438	2,520525	0,392869	3,774001	-2987,145264	883,725830	-2995,151418	7,469679	954,360698	31,742883	28,763176	31,136971	28,499985	32,824446	-2,673313	1,184110	1,047903	198026,826327	-0,177442	19,167533	-0,026494	0,000000	2,046509	-0,124326	-0,124304	14,028764	-0,008474	6,784204	1,798376
345,200000	8,045976	8,076551	2,534408	0,392620	3,784018	-3296,671249	883,158528	-2995,271275	7,468341	955,789532	31,740376	28,759844	31,138996	28,494050	32,828060	-2,673212	1,187215	1,048154	197966,342156	-0,177501	19,167498	-0,026665	0,000000	2,045892	-0,124320	-0,124307	14,041183	-0,008903	6,756233	1,799914
345,400000	8,044388	8,074772	2,540977	0,392502	3,782984	-3224,286573	882,922401	-2995,091436	7,467211	955,918437	31,740067	28,757857	31,133964	28,493195	32,827932	-2,673082	1,187667	1,048295	197982,188927	-0,177260	19,167656	-0,026903	0,000000	2,045953	-0,124313	-0,124312	14,042144	-0,008782	6,742352	1,800053
345,600000	8,042715	8,072958	2,512788	0,392309	3,781224	-3065,270861	883,008306	-2994,925039	7,465912	955,708972	31,738879	28,758411	31,128617	28,495403	32,826135	-2,673282	1,186603	1,046923	198000,329633	-0,176674	19,168065	-0,027050	0,000000	2,046207	-0,124316	-0,124312	14,040067	-0,008462	6,795156	1,799828
345,800000	8,040965	8,071121	2,525863	0,392079	3,786492	-3044,918534	883,242912	-2994,865367	7,464504	955,582961	31,739223	28,760123	31,128271	28,499328	32,826114	-2,673223	1,185998	1,046125	197985,465283	-0,176374	19,168841	-0,027000	0,000000	2,046442	-0,124320	-0,124309	14,039111	-0,008564	6,768788	1,799692
346,000000	8,039507	8,069498	2,547561	0,392339	3,792462	-2996,111432	883,401954	-2994,857363	7,463144	955,541303	31,737155	28,760246	31,131763	28,500727	32,828821	-2,672865	1,186935	1,047185	197968,651476	-0,176737	19,169714	-0,026808	0,000000	2,046340	-0,124319	-0,124306	14,039165	-0,008967	6,726525	1,799647
346,200000	8,038536	8,067878	2,524319	0,392705	3,793621	-2991,522474	882,757923	-2994,892355	7,461703	956,443335	31,731851	28,756477	31,133664	28,497442	32,831220	-2,672752	1,189563	1,047933	197963,033072	-0,177129	19,170571	-0,026608	0,000000	2,045942	-0,124318	-0,124303	14,046789	-0,009025	6,770144	1,800618
346,400000	8,037512	8,066093	2,523179	0,392296	3,790602	-3030,307593	881,927636	-2994,957437	7,460151	958,587937	31,731881	28,752722	31,129370	28,497214	32,830710	-2,672694	1,190019	1,047589	197959,573988	-0,177439	19,171194	-0,026539	0,000000	2,045494	-0,124318	-0,124301	14,064430	-0,008688	6,771212	1,802924
346,600000	8,035575	8,064372	2,546419	0,392029	3,783475	-2874,390294	882,253128	-2994,939831	7,458771	960,101724	31,740993	28,754358	31,122691	28,503645	32,828189	-2,672757	1,187910	1,047601	197964,248166	-0,177569	19,171239	-0,026746	0,000000	2,045308	-0,124312	-0,124303	14,076874	-0,008452	6,725349	1,804550
346,800000	8,032853	8,062967	2,539134	0,392547	3,775929	-2811,097027	883,359468	-2994,822870	7,457533	960,235216	31,751234	28,759800	31,119512	28,510782	32,824417	-2,673178	1,187950	1,047463	197979,066737	-0,176704	19,171190	-0,027042	0,000000	2,045958	-0,124305	-0,124313	14,078017	-0,008478	6,737945	1,804694
347,000000	8,030337	8,061741	2,534449	0,392992	3,772066	-3008,607456	884,026067	-2994,781963	7,456223	960,033802	31,751386	28,762790	31,121123	28,512632	32,819803	-2,673470	1,190696	1,047983	198021,302862	-0,175548	19,171421	-0,027249	0,000000	2,046915	-0,124307	-0,124321	14,076003	-0,008150	6,746019	1,804477
347,200000	8,028430	8,060323	2,547704	0,392879	3,772757	-2960,138004	884,084966	-2994,850764	7,454836	960,846547	31,744063	28,761070	31,125688	28,509087	32,819195	-2,673362	1,194094	1,048099	198018,405148	-0,175271	19,171591	-0,027273	0,000000	2,047000	-0,124310	-0,124319	14,082452	-0,007795	6,719938	1,805350
347,400000	8,027051	8,058447	2,528663	0,392741	3,777516	-2750,252164	883,915856	-2994,948402	7,453232	962,897664	31,737442	28,758238	31,130015	28,505347	32,822740	-2,673273	1,195649	1,047014	197933,194363	-0,175500	19,171657	-0,027157	0,000000	2,046268	-0,124310	-0,124312	14,100064	-0,008246	6,755015	1,807551
347,600000	8,025882	8,056411	2,505442	0,393219	3,783941	-2866,237236	883,677521	-2994,940259	7,451753	964,362708	31,734046	28,757463	31,131118	28,504171	32,823544	-2,673319	1,195045	1,047238	197904,428119	-0,175793	19,171874	-0,027165	0,000000	2,045725	-0,124312	-0,124307	14,112727	-0,008661	6,798392	1,809122
347,800000	8,024408	8,054777	2,529899	0,393777	3,784146	-3039,376078	883,673683	-2994,723953	7,450743	964,541720	31,734902	28,758661	31,126668	28,504965	32,819679	-2,673266	1,194776	1,047179	197926,975859	-0,176178	19,172391	-0,027290	0,000000	2,045872	-0,124316	-0,124309	14,113957	-0,008396	6,750080	1,809314
348,000000	8,022594	8,053425	2,547739	0,394018	3,773494	-2926,047058	884,038910	-2994,542447	7,449660	965,235121	31,737253	28,760528	31,122571	28,506540	32,814595	-2,673216	1,195298	1,047360	197915,670427	-0,176756	19,172990	-0,027344	0,000000	2,046432	-0,124319	-0,124314	14,119350	-0,007994	6,715176	1,810057
348,200000	8,020862	8,051983	2,533739	0,394090	3,763866	-2757,552589	884,308570	-2994,599013	7,448199	967,201161	31,736284	28,762208	31,128851	28,506728	32,814332	-2,673135	1,196106	1,047656	197879,657616	-0,177028	19,173288	-0,027285	0,000000	2,046918	-0,124318	-0,124313	14,135936	-0,008163	6,740936	1,812163
348,400000	8,019239	8,050603	2,543044	0,393974	3,768896	-2674,442920	884,152594	-2994,743765	7,446735	967,744310	31,729135	28,762750	31,139065	28,504825	32,821453	-2,672925	1,195621	1,047036	197855,250782	-0,176566	19,173305	-0,027207	0,000000	2,047150	-0,124316	-0,124310	14,141009	-0,008703	6,722410	1,812745
348,600000	8,017627	8,049087	2,549015	0,394149	3,785657	-2622,814847	883,407007	-2994,833898	7,445404	965,802229	31,720175	28,759659	31,142542	28,500902	32,829333	-2,672937	1,194573	1,048239	197875,541576	-0,176099	19,173267	-0,027190	0,000000	2,047015	-0,124314	-0,124310	14,124801	-0,008709	6,710098	1,810665
348,800000	8,016217	8,047085	2,519548	0,393970	3,799980	-2786,050876	882,615868	-2994,959594	7,444034	964,147770	31,718344	28,755246	31,140131	28,497716	32,831862	-2,673183	1,195897	1,049003	197913,571198	-0,176168	19,173354	-0,027093	0,000000	2,046468	-0,124314	-0,124309	14,110402	-0,008132	6,764906	1,808892
349,000000	8,014634	8,045092	2,516557	0,393201	3,799211	-3066,193923	882,754709	-2995,092209	7,442680	963,946681	31,721201	28,755572	31,134472	28,498531	32,829207	-2,673314	1,196769	1,048294	197922,452576	-0,176424	19,173600	-0,026912	0,000000	2,046238	-0,124317	-0,124307	14,108254	-0,007666	6,769123	1,808676
349,200000	8,012737	8,043328	2,539460	0,393213	3,783106	-3051,056102	883,245738	-2995,149352	7,441243	964,172828	31,721888	28,758955	31,129684	28,500380	32,825278	-2,673249	1,195074	1,047782	197913,194843	-0,176494	19,174044	-0,026949	0,000000	2,046589	-0,124314	-0,124312	14,110280	-0,007801	6,723939	1,808919
349,400000	8,011266	8,041563	2,529804	0,393316	3,764864	-3060,605518	883,041205	-2995,236968	7,439605	965,142237	31,718219	28,760683	31,131319	28,497970	32,824214	-2,673201	1,194900	1,047118	197924,411474	-0,176504	19,174798	-0,027034	0,000000	2,046884	-0,124311	-0,124318	14,118867	-0,008287	6,741292	1,809958
349,600000	8,010301	8,039932	2,521076	0,392671	3,757674	-3381,986458	882,334068	-2995,311171	7,438054	967,209703	31,711879	28,758810	31,135273	28,490056	32,827357	-2,673219	1,196626	1,047141	197918,307103	-0,176795	19,175763	-0,026811	0,000000	2,046622	-0,124317	-0,124315	14,136478	-0,008634	6,757267	1,812172
349,800000	8,009276	8,038464	2,537585	0,391873	3,761040	-3408,636511	882,076683	-2995,325110	7,436769	967,752662	31,709384	28,755386	31,135440	28,483322	32,832354	-2,673148	1,195812	1,048114	197859,733383	-0,177866	19,176671	-0,026598	0,000000	2,045486	-0,124323	-0,124307	14,141304	-0,008928	6,725009	1,812753
350,000000	8,007602	8,037027	2,518776	0,391337	3,769977	-3151,521142	882,444436	-2995,232071	7,435686	965,753587	31,712891	28,755692	31,133170	28,486332	32,832395	-2,673160	1,191906	1,048391	197831,980891	-0,179040	19,177042	-0,026835	0,000000	2,044481	-0,124319	-0,124305	14,124804	-0,009118	6,759986	1,810613
350,200000	8,005097	8,035583	2,495922	0,391514	3,779156	-3078,549844	882,835783	-2994,923717	7,434512	964,039512	31,717871	28,759065	31,128092	28,496172	32,825973	-2,673378	1,189182	1,048147	197868,305373	-0,178610	19,176874	-0,027365	0,000000	2,044930	-0,124312	-0,124310	14,110345	-0,008980	6,802876	1,808776
350,400000	8,002447	8,034083	2,526551	0,392465	3,780600	-2975,249941	883,202608	-2994,656619	7,433177	964,698008	31,720580	28,760811	31,120540	28,504368	32,822249	-2,673558	1,190156	1,048737	197895,330457	-0,177491	19,176680	-0,027579	0,000000	2,046249	-0,124307	-0,124317	14,115650	-0,008782	6,742340	1,809482
350,600000	8,000616	8,032470	2,541491	0,393684	3,774167	-2785,337633	883,528078	-2994,757245	7,431839	967,032363	31,720777	28,761049	31,118661	28,507975	32,824410	-2,673481	1,194033	1,048104	197896,832404	-0,177569	19,176567	-0,027268	0,000000	2,047093	-0,124310	-0,124318	14,135276	-0,008912	6,712584	1,811982
350,800000	7,999457	8,030858	2,520995	0,394494	3,768951	-2717,162792	883,652043	-2994,994864	7,430316	967,729056	31,719400	28,761445	31,125296	28,507503	32,827383	-2,673327	1,197637	1,046835	197896,768717	-0,177929	19,176670	-0,026829	0,000000	2,046926	-0,124318	-0,124314	14,141490	-0,009311	6,750662	1,812728
351,000000	7,998000	8,029401	2,526645	0,394810	3,769028	-2631,424329	883,477111	-2995,004708	7,428827	965,765654	31,716453	28,760501	31,129013	28,505564	32,827851	-2,673425	1,198153	1,047043	197890,863006	-0,177943	19,177080	-0,026666	0,000000	2,046434	-0,124321	-0,124312	14,125108	-0,009321	6,738995	1,810626
351,200000	7,996276	8,027829	2,529776	0,394513	3,767413	-2481,338819	882,912364	-2994,867456	7,427612	964,090622	31,715261	28,757942	31,123616	28,504271	32,823723	-2,673760	1,197037	1,047437	197876,192204	-0,178189	19,177366	-0,026747	0,000000	2,046370	-0,124320	-0,124313	14,110421	-0,008629	6,731876	1,808831
351,400000	7,994740	8,025940	2,508564	0,393522	3,764090	-2563,394967	882,854388	-2994,899983	7,426355	963,916124	31,718795	28,757934	31,119081	28,504813	32,816750	-2,673982	1,197127	1,047396	197868,486028	-0,177965	19,177270	-0,026770	0,000000	2,046589	-0,124318	-0,124312	14,108201	-0,007868	6,771056	1,808643
351,600000	7,993235	8,024264	2,524500	0,393594	3,765770	-2792,137769	883,602526	-2995,060854	7,424879	964,182883	31,721892	28,761859	31,121888	28,505431	32,811513	-2,673816	1,198653	1,047570	197875,040507	-0,177201	19,177219	-0,026816	0,000000	2,046989	-0,124312	-0,124317	14,110257	-0,007694	6,739113	1,808929
351,800000	7,991591	8,023077	2,547548	0,394720	3,770940	-2690,396401	884,025052	-2995,063131	7,423371	964,292275	31,718245	28,764468	31,127856	28,499745	32,811584	-2,673468	1,198883	1,048174	197885,380737	-0,177080	19,177731	-0,026907	0,000000	2,047392	-0,124306	-0,124326	14,111451	-0,007974	6,694661	1,809047
352,000000	7,990076	8,021781	2,510401	0,394644	3,775251	-2460,374936	883,440479	-2994,980913	7,422100	965,126171	31,706929	28,762748	31,132493	28,491227	32,816480	-2,673278	1,197029	1,047895	197891,126033	-0,177444	19,178400	-0,026755	0,000000	2,047250	-0,124308	-0,124321	14,118907	-0,008462	6,764973	1,809940
352,200000	7,988766	8,020200	2,489269	0,393523	3,777101	-2432,015789	882,506004	-2995,041365	7,420852	966,249300	31,696553	28,759268	31,133160	28,490382	32,822480	-2,673253	1,194840	1,047520	197856,245712	-0,177421	19,178334	-0,026492	0,000000	2,046569	-0,124312	-0,124312	14,128846	-0,009020	6,804856	1,811144
352,400000	7,987513	8,018489	2,531791	0,392693	3,777976	-2324,710195	882,632608	-2995,172272	7,419574	965,606279	31,694974	28,757553	31,129996	28,494686	32,825470	-2,673238	1,194205	1,047764	197802,274205	-0,177457	19,177742	-0,026485	0,000000	2,046228	-0,124315	-0,124313	14,123641	-0,009185	6,721339	1,810455
352,600000	7,986129	8,016647	2,542508	0,392683	3,780450	-2223,118810	883,463314	-2995,167194	7,418483	964,268170	31,697455	28,758381	31,126442	28,496700	32,822833	-2,673209	1,194888	1,047176	197810,973582	-0,177569	19,177570	-0,026871	0,000000	2,046862	-0,124317	-0,124319	14,112355	-0,009079	6,699457	1,809021
352,800000	7,984351	8,014949	2,514327	0,392848	3,781065	-2312,343052	883,560041	-2995,130767	7,417205	963,863742	31,697409	28,759625	31,124973	28,495138	32,818963	-2,673243	1,194694	1,046543	197854,211599	-0,177113	19,178002	-0,027143	0,000000	2,047439	-0,124323	-0,124317	14,109203	-0,009308	6,752043	1,808587
353,000000	7,982541	8,013330	2,524898	0,392437	3,773049	-2253,039111	882,999759	-2995,334367	7,415501	963,929264	31,694072	28,759530	31,127951	28,490921	32,820660	-2,673254	1,193634	1,046696	197873,501210	-0,176484	19,178691	-0,026902	0,000000	2,046981	-0,124329	-0,124311	14,110249	-0,009806	6,730875	1,808658
353,200000	7,981055	8,011515	2,531682	0,392178	3,757853	-2051,368144	882,362520	-2995,570002	7,413712	963,104361	31,689242	28,759286	31,134073	28,487660	32,828932	-2,672987	1,193471	1,047163	197868,028394	-0,176641	19,179363	-0,026528	0,000000	2,046032	-0,124330	-0,124309	14,103835	-0,010288	6,716955	1,807773
353,400000	7,979652	8,009722	2,505851	0,392270	3,749905	-2059,068703	882,055148	-2995,524199	7,412254	960,997634	31,685676	28,759657	31,134555	28,487941	32,836727	-2,672831	1,194385	1,047405	197846,649511	-0,177786	19,179968	-0,026359	0,000000	2,045353	-0,124325	-0,124310	14,086425	-0,010504	6,765356	1,805512
353,600000	7,978304	8,008068	2,517180	0,392030	3,756123	-2157,006063	882,111700	-2995,287167	7,411149	959,535591	31,687231	28,758721	31,128437	28,490663	32,837015	-2,673200	1,194268	1,047634	197811,859294	-0,178971	19,180640	-0,026555	0,000000	2,045138	-0,124317	-0,124308	14,073831	-0,010150	6,742425	1,803942
353,800000	7,976814	8,006449	2,541958	0,391512	3,767862	-2079,467037	882,461642	-2995,044902	7,409971	959,452972	31,694505	28,758701	31,124170	28,494629	32,831860	-2,673520	1,194227	1,047942	197792,233208	-0,178796	19,181231	-0,026671	0,000000	2,045178	-0,124312	-0,124306	14,072586	-0,009597	6,694121	1,803853
354,000000	7,974688	8,004876	2,525339	0,391318	3,775909	-2206,112497	882,870069	-2994,907866	7,408510	960,616939	31,698382	28,760869	31,126407	28,498762	32,825639	-2,673454	1,195318	1,047468	197829,083676	-0,177647	19,181625	-0,026527	0,000000	2,045426	-0,124314	-0,124308	14,082009	-0,009274	6,724668	1,805103
354,200000	7,972575	8,003357	2,518636	0,391937	3,777158	-2685,005316	882,780471	-2994,925743	7,406998	961,966917	31,692882	28,761616	31,132018	28,498634	32,821245	-2,673290	1,196059	1,047172	197881,607400	-0,177539	19,182009	-0,026669	0,000000	2,045859	-0,124317	-0,124313	14,093153	-0,009120	6,736595	1,806553
354,400000	7,971183	8,001946	2,537014	0,392376	3,771921	-2855,004520	882,285338	-2994,995177	7,405626	961,350083	31,688081	28,760085	31,132878	28,493270	32,820910	-2,673220	1,197316	1,047890	197889,963163	-0,178409	19,182282	-0,027093	0,000000	2,046247	-0,124315	-0,124315	14,088008	-0,009136	6,700658	1,805891
354,600000	7,969874	8,000367	2,518632	0,391949	3,764347	-2827,258764	882,185449	-2995,005282	7,404296	959,958967	31,691195	28,758766	31,128088	28,490151	32,821715	-2,673319	1,198834	1,047660	197873,538031	-0,179494	19,182288	-0,027463	0,000000	2,046150	-0,124310	-0,124313	14,076507	-0,009281	6,734436	1,804397
354,800000	7,967952	7,998658	2,498398	0,391674	3,761484	-3107,409023	882,706333	-2995,007093	7,402957	959,548702	31,697410	28,759320	31,124287	28,494723	32,819648	-2,673461	1,199742	1,046849	197836,774768	-0,179785	19,182293	-0,027460	0,000000	2,045730	-0,124306	-0,124314	14,073265	-0,009474	6,772037	1,803956
355,000000	7,965823	7,997206	2,530542	0,392202	3,764535	-3277,696802	883,175699	-2994,982491	7,401614	959,676718	31,700257	28,760322	31,122945	28,502812	32,814951	-2,673590	1,199813	1,046894	197848,986686	-0,178882	19,182491	-0,027309	0,000000	2,046134	-0,124305	-0,124317	14,074319	-0,009456	6,709256	1,804094
355,200000	7,964004	7,995722	2,539684	0,393279	3,769547	-3131,572197	883,179691	-2994,892358	7,400277	959,829242	31,696629	28,761074	31,123001	28,505949	32,811673	-2,673729	1,198459	1,046653	197944,056074	-0,178437	19,182756	-0,027360	0,000000	2,047178	-0,124312	-0,124319	14,075343	-0,009203	6,690883	1,804257
355,400000	7,962301	7,994118	2,513896	0,393925	3,776011	-3058,272336	882,942626	-2994,982603	7,398958	959,834437	31,689426	28,761642	31,124606	28,502003	32,813679	-2,673729	1,197091	1,046393	197955,747699	-0,178381	19,182896	-0,027304	0,000000	2,047367	-0,124322	-0,124318	14,075515	-0,009332	6,738899	1,804263
355,600000	7,960715	7,992694	2,526110	0,393625	3,781119	-3027,970987	882,935149	-2995,298845	7,397538	959,783010	31,684218	28,761263	31,130959	28,495791	32,818264	-2,673701	1,197491	1,046219	197884,149536	-0,177946	19,182923	-0,027034	0,000000	2,046801	-0,124325	-0,124318	14,075378	-0,009626	6,714629	1,804208
355,800000	7,959345	7,991231	2,535237	0,392966	3,779229	-2889,822310	883,247663	-2995,376309	7,396092	959,803608	31,681912	28,761505	31,138927	28,492185	32,820294	-2,673526	1,198016	1,046751	197829,564903	-0,177595	19,183067	-0,026884	0,000000	2,046240	-0,124323	-0,124314	14,075294	-0,009369	6,696408	1,804230
356,000000	7,958266	7,989638	2,509644	0,392674	3,769907	-2891,182925	883,583691	-2995,071872	7,394799	959,859180	31,680065	28,762632	31,137781	28,491047	32,817880	-2,673287	1,195303	1,047356	197792,283745	-0,177605	19,183194	-0,026867	0,000000	2,045746	-0,124317	-0,124309	14,075290	-0,008899	6,744079	1,804290
356,200000	7,957348	7,988220	2,512611	0,392702	3,758325	-2963,808590	883,451416	-2994,878327	7,393509	958,980380	31,680297	28,761605	31,133480	28,491285	32,815968	-2,673374	1,192166	1,046644	197799,149157	-0,177750	19,183243	-0,026911	0,000000	2,045731	-0,124319	-0,124310	14,067887	-0,008857	6,737255	1,803346
356,400000	7,955972	7,986860	2,531846	0,392598	3,748533	-2819,215517	883,115925	-2995,073677	7,392175	956,839809	31,680833	28,760585	31,135086	28,491927	32,818733	-2,673306	1,192384	1,046447	197829,273812	-0,177995	19,183363	-0,027078	0,000000	2,046111	-0,124320	-0,124313	14,050318	-0,009229	6,699615	1,801044
356,600000	7,954045	7,985237	2,520833	0,392559	3,746404	-2835,249719	882,946364	-2995,344921	7,390857	956,192113	31,674604	28,760884	31,139403	28,489077	32,822966	-2,673078	1,192803	1,046335	197823,975005	-0,178617	19,183230	-0,027155	0,000000	2,046171	-0,124314	-0,124315	14,045276	-0,009618	6,719417	1,800347
356,800000	7,952407	7,983390	2,518121	0,392162	3,753612	-3165,190134	882,272938	-2995,437381	7,389356	958,122280	31,665251	28,758397	31,141148	28,483996	32,828111	-2,673190	1,193538	1,046771	197797,186188	-0,179451	19,183091	-0,027037	0,000000	2,045900	-0,124313	-0,124315	14,061687	-0,009847	6,723262	1,802423
357,000000	7,951130	7,981471	2,532306	0,390970	3,760813	-3204,068662	881,463656	-2995,351366	7,387742	959,869144	31,662640	28,755120	31,138139	28,484335	32,832148	-2,673368	1,196409	1,047747	197786,678001	-0,179791	19,183483	-0,027015	0,000000	2,045762	-0,124316	-0,124311	14,076156	-0,009682	6,694951	1,804300
357,200000	7,949418	7,979614	2,511204	0,390771	3,762075	-2985,275453	881,541305	-2995,167772	7,386337	960,195279	31,668033	28,755005	31,131439	28,490840	32,831065	-2,673391	1,199326	1,046982	197799,975731	-0,179404	19,183961	-0,027038	0,000000	2,045763	-0,124315	-0,124312	14,078289	-0,009084	6,733849	1,804651
357,400000	7,947561	7,978024	2,494827	0,392354	3,758403	-2886,505644	882,232357	-2995,029708	7,385171	959,107298	31,674648	28,756592	31,123867	28,495800	32,827157	-2,673376	1,200866	1,046702	197822,664511	-0,178764	19,184491	-0,026778	0,000000	2,045717	-0,124316	-0,124315	14,068827	-0,008734	6,764212	1,803482
357,600000	7,946193	7,976675	2,522911	0,393357	3,753059	-2700,018101	882,687945	-2995,015397	7,383961	956,888006	31,676733	28,757224	31,121318	28,494564	32,823248	-2,673311	1,201020	1,047542	197845,652020	-0,178679	19,185363	-0,026624	0,000000	2,045869	-0,124318	-0,124311	14,050078	-0,008585	6,709463	1,801096
357,800000	7,945104	7,975297	2,522043	0,392846	3,752629	-2351,729945	882,542062	-2995,131882	7,382564	955,401685	31,675118	28,756898	31,124858	28,490043	32,822504	-2,673242	1,201111	1,047476	197841,322344	-0,179016	19,185863	-0,026748	0,000000	2,045867	-0,124317	-0,124306	14,037586	-0,008560	6,710347	1,799497
358,000000	7,943859	7,973743	2,502076	0,392394	3,760802	-2029,376003	882,392985	-2995,274250	7,381061	955,240010	31,674366	28,757105	31,128430	28,488576	32,827499	-2,673262	1,201475	1,046893	197815,787948	-0,178823	19,185636	-0,026923	0,000000	2,045208	-0,124310	-0,124304	14,036641	-0,008971	6,747466	1,799323
358,200000	7,942149	7,972063	2,524709	0,392399	3,769635	-1821,555247	882,448715	-2995,197422	7,379646	954,586848	31,676988	28,757851	31,128861	28,491834	32,830294	-2,673283	1,200903	1,047056	197850,521569	-0,178637	19,185284	-0,027285	0,000000	2,044920	-0,124301	-0,124309	14,031320	-0,009133	6,702711	1,798620
358,400000	7,940103	7,970452	2,535380	0,392266	3,770312	-1858,907298	882,486393	-2994,958433	7,378561	953,528966	31,680444	28,758786	31,125852	28,497135	32,823006	-2,673420	1,199086	1,047613	197911,237162	-0,178619	19,185306	-0,027491	0,000000	2,045714	-0,124299	-0,124319	14,022122	-0,008816	6,681178	1,797480
358,600000	7,938165	7,968838	2,514340	0,392126	3,766168	-2135,366792	882,912770	-2994,866195	7,377587	954,154608	31,680724	28,759938	31,121801	28,501093	32,812002	-2,673704	1,197515	1,047011	197925,672430	-0,178536	19,185716	-0,027245	0,000000	2,046473	-0,124305	-0,124325	14,027182	-0,008623	6,720030	1,798154
358,800000	7,936350	7,967014	2,514315	0,392129	3,762365	-2310,282045	883,711740	-2994,989481	7,376298	955,449710	31,677147	28,760857	31,124507	28,501528	32,807965	-2,673664	1,196601	1,046288	197916,377672	-0,178897	19,186254	-0,027077	0,000000	2,046637	-0,124313	-0,124323	14,038270	-0,008841	6,718934	1,799549
359,000000	7,934484	7,965427	2,520507	0,392010	3,755825	-2249,860405	884,033030	-2995,206584	7,374732	955,766293	31,669732	28,760937	31,133783	28,498434	32,812445	-2,673440	1,195776	1,046646	197905,423117	-0,178813	19,186835	-0,027080	0,000000	2,046696	-0,124319	-0,124319	14,041377	-0,009292	6,706325	1,799889
359,200000	7,932661	7,964199	2,511132	0,392220	3,747080	-2311,626863	883,240818	-2995,347138	7,373132	955,641338	31,661622	28,758900	31,137392	28,493082	32,818482	-2,673579	1,196071	1,046795	197912,097026	-0,177852	19,187361	-0,026980	0,000000	2,046708	-0,124319	-0,124314	14,040354	-0,009317	6,723636	1,799755
359,400000	7,931068	7,962708	2,517265	0,392245	3,742634	-2598,076159	882,484087	-2995,354618	7,371584	955,570187	31,658879	28,757334	31,131506	28,491269	32,820965	-2,673739	1,198325	1,046576	197922,321645	-0,177338	19,187541	-0,026997	0,000000	2,046583	-0,124318	-0,124309	14,039367	-0,008927	6,710750	1,799678
359,600000	7,929873	7,960891	2,525441	0,391763	3,744255	-2735,085783	882,885186	-2995,239067	7,370141	954,688055	31,660559	28,758984	31,127882	28,495293	32,820219	-2,673598	1,200991	1,047008	197904,470456	-0,177575	19,187199	-0,027099	0,000000	2,046662	-0,124317	-0,124307	14,031786	-0,008749	6,693576	1,798729
359,800000	7,928793	7,959123	2,500291	0,392686	3,746371	-2776,281422	883,177931	-2995,088653	7,368828	953,522808	31,660096	28,760273	31,131289	28,497731	32,817770	-2,673379	1,200184	1,046609	197891,284047	-0,177495	19,186831	-0,027068	0,000000	2,046886	-0,124315	-0,124312	14,021760	-0,008506	6,740297	1,797474
360,000000	7,927509	7,957575	2,486504	0,394229	3,745076	-2944,997766	882,686191	-2995,142060	7,367557	954,183057	31,653526	28,759425	31,135828	28,492275	32,817380	-2,673218	1,196553	1,046017	197917,189862	-0,177533	19,187206	-0,026766	0,000000	2,046830	-0,124316	-0,124318	14,026957	-0,008159	6,766056	1,798185
360,200000	7,926284	7,956158	2,503085	0,394272	3,737937	-2955,622962	881,853136	-2995,379373	7,366089	955,517314	31,644515	28,757637	31,138687	28,481851	32,822267	-2,673131	1,194796	1,046800	197934,567203	-0,178525	19,187808	-0,026370	0,000000	2,046669	-0,124324	-0,124316	14,038258	-0,008262	6,733250	1,799621
360,400000	7,924927	7,954644	2,501816	0,393079	3,728241	-2824,021001	881,152306	-2995,598582	7,364390	954,952306	31,640242	28,756615	31,140009	28,475601	32,828702	-2,673094	1,195498	1,046620	197885,151419	-0,179493	19,187845	-0,026372	0,000000	2,045997	-0,124326	-0,124307	14,033999	-0,008744	6,734618	1,799013
360,600000	7,922946	7,953026	2,499891	0,391988	3,727292	-2757,358364	881,335497	-2995,584801	7,362915	952,698600	31,643218	28,757634	31,139558	28,478310	32,829948	-2,673218	1,196882	1,046483	197836,586814	-0,179790	19,187738	-0,026832	0,000000	2,045076	-0,124315	-0,124302	14,015378	-0,009047	6,737034	1,796586
360,800000	7,920950	7,951550	2,528622	0,391978	3,739949	-2572,511751	881,928046	-2995,272565	7,361806	951,995943	31,648647	28,758553	31,136430	28,485217	32,823927	-2,673458	1,196182	1,047586	197864,704864	-0,179614	19,187829	-0,027434	0,000000	2,045254	-0,124306	-0,124305	14,009331	-0,008904	6,680968	1,795829
361,000000	7,919429	7,950177	2,529787	0,392183	3,759871	-2424,570805	881,925879	-2995,048609	7,360517	953,953180	31,649915	28,758021	31,133286	28,488041	32,817899	-2,673615	1,192256	1,047114	197909,628980	-0,179236	19,187880	-0,027667	0,000000	2,046034	-0,124309	-0,124310	14,025577	-0,008709	6,677695	1,797937
361,200000	7,917694	7,948502	2,494381	0,391771	3,774649	-2651,998369	881,726988	-2995,166802	7,358914	955,677785	31,647770	28,758104	31,133127	28,486086	32,819258	-2,673623	1,189275	1,046398	197926,119593	-0,179565	19,187871	-0,027496	0,000000	2,046294	-0,124315	-0,124315	14,040182	-0,008839	6,744141	1,799794
361,400000	7,915839	7,946603	2,499201	0,391486	3,771879	-2901,396828	881,956788	-2995,345881	7,357501	955,885862	31,646876	28,758871	31,132815	28,484998	32,825132	-2,673483	1,190980	1,047139	197944,707996	-0,180320	19,187928	-0,027295	0,000000	2,046069	-0,124316	-0,124314	14,042398	-0,009309	6,733406	1,800018
361,600000	7,914470	7,944777	2,513221	0,391800	3,751464	-2804,952269	882,079882	-2995,380535	7,356366	954,721964	31,645464	28,758497	31,128142	28,485312	32,828787	-2,673448	1,194344	1,047242	197968,005325	-0,180130	19,188126	-0,027159	0,000000	2,045617	-0,124314	-0,124308	14,032939	-0,009618	6,705114	1,798765
361,800000	7,913170	7,942993	2,488285	0,392104	3,730838	-2810,035002	881,755976	-2995,292395	7,355222	953,404840	31,643824	28,756373	31,121407	28,487414	32,827244	-2,673671	1,195281	1,046903	197958,884729	-0,179596	19,188708	-0,027226	0,000000	2,045158	-0,124312	-0,124305	14,021593	-0,009330	6,751841	1,797347
362,000000	7,911370	7,941471	2,493305	0,392222	3,726712	-3056,335836	881,945799	-2995,101988	7,353872	954,066184	31,648236	28,755376	31,118663	28,494186	32,821983	-2,673979	1,195869	1,046977	197910,990767	-0,179310	19,189711	-0,027406	0,000000	2,045219	-0,124308	-0,124308	14,026670	-0,008853	6,741293	1,798059
362,200000	7,909208	7,940181	2,517290	0,393160	3,735567	-3007,859865	882,816177	-2994,982250	7,352315	955,469593	31,653675	28,757776	31,121726	28,499444	32,815400	-2,674146	1,196436	1,047169	197878,705643	-0,179090	19,190349	-0,027483	0,000000	2,045997	-0,124303	-0,124313	14,038185	-0,008589	6,694550	1,799570
362,400000	7,907279	7,938789	2,497185	0,394375	3,748538	-2785,949570	883,093909	-2994,992529	7,350901	956,756834	31,649862	28,759661	31,127322	28,495996	32,810938	-2,674027	1,196048	1,046666	197887,066527	-0,179186	19,190132	-0,027553	0,000000	2,046795	-0,124303	-0,124313	14,048863	-0,008470	6,732027	1,800955
362,600000	7,905808	7,937145	2,490577	0,394299	3,759553	-2707,411871	882,605621	-2994,993076	7,349772	957,846309	31,642340	28,758850	31,131163	28,488844	32,810986	-2,673694	1,195504	1,045985	197897,001352	-0,179544	19,189529	-0,027562	0,000000	2,046916	-0,124311	-0,124315	14,057971	-0,008444	6,743433	1,802127
362,800000	7,904714	7,935325	2,524582	0,393615	3,760648	-2544,388667	882,107134	-2995,013586	7,348505	957,111696	31,640396	28,757752	31,132324	28,486295	32,814962	-2,673375	1,193743	1,046517	197884,018833	-0,179800	19,189294	-0,027474	0,000000	2,046190	-0,124315	-0,124321	14,051829	-0,008460	6,676919	1,801337
363,000000	7,903435	7,933645	2,524127	0,393420	3,753354	-2531,524349	882,123857	-2995,128009	7,346936	955,741604	31,640638	28,758667	31,132647	28,489950	32,817557	-2,673406	1,192806	1,046860	197909,919609	-0,179848	19,189792	-0,027398	0,000000	2,045654	-0,124311	-0,124323	14,040358	-0,008480	6,676683	1,799863
363,200000	7,901473	7,932215	2,497692	0,393378	3,747297	-2916,869131	882,453648	-2995,209348	7,345502	956,250623	31,639639	28,760659	31,132259	28,493414	32,812611	-2,673771	1,193687	1,046837	197996,522844	-0,179862	19,190489	-0,027503	0,000000	2,046523	-0,124309	-0,124324	14,044740	-0,008592	6,726302	1,800410
363,400000	7,899332	7,930844	2,512287	0,393373	3,744319	-3107,183694	882,711185	-2995,245913	7,344172	958,460151	31,637621	28,761798	31,132567	28,491075	32,806612	-2,673899	1,194214	1,046589	198036,488081	-0,179736	19,190811	-0,027523	0,000000	2,047437	-0,124314	-0,124326	14,063439	-0,008768	6,697389	1,802786
363,600000	7,897542	7,929450	2,518896	0,393398	3,741287	-2914,992700	882,761952	-2995,410924	7,342666	959,140023	31,632502	28,761818	31,137672	28,484780	32,809289	-2,673683	1,193465	1,046145	198011,477726	-0,179514	19,190723	-0,027177	0,000000	2,047153	-0,124322	-0,124323	14,069491	-0,009124	6,683835	1,803517
363,800000	7,896229	7,928185	2,489567	0,393054	3,741564	-2786,196057	882,411652	-2995,560775	7,341306	957,139493	31,624741	28,760131	31,143256	28,478577	32,819764	-2,673502	1,193437	1,046104	197985,394226	-0,179668	19,190451	-0,027027	0,000000	2,046535	-0,124328	-0,124318	14,053232	-0,009630	6,739173	1,801367
364,000000	7,895236	7,926900	2,495741	0,392833	3,746314	-2707,718062	882,192705	-2995,525687	7,340113	955,375675	31,618789	28,758341	31,140104	28,475950	32,828300	-2,673543	1,195691	1,045881	197978,930433	-0,180023	19,190080	-0,027231	0,000000	2,046012	-0,124326	-0,124314	14,038621	-0,009813	6,726129	1,799469
364,200000	7,894020	7,925385	2,509792	0,392875	3,747309	-2489,766285	882,460586	-2995,386964	7,338843	956,031234	31,618264	28,759116	31,132741	28,477226	32,827082	-2,673865	1,196529	1,046524	197983,307333	-0,179941	19,189602	-0,027410	0,000000	2,045582	-0,124318	-0,124310	14,043823	-0,009515	6,697691	1,800174
364,400000	7,892710	7,923666	2,488224	0,392684	3,744122	-2449,537194	882,468694	-2995,316470	7,337433	957,534722	31,621599	28,760964	31,131127	28,479825	32,820904	-2,673991	1,195414	1,046707	197982,176674	-0,180073	19,189238	-0,027419	0,000000	2,045642	-0,124312	-0,124312	14,056023	-0,009108	6,737635	1,801792
364,600000	7,891578	7,921853	2,493506	0,392625	3,744836	-2663,001506	882,050446	-2995,386544	7,335901	957,066663	31,622994	28,760813	31,135288	28,482402	32,818655	-2,673638	1,194706	1,045969	197986,712768	-0,180276	19,189165	-0,027341	0,000000	2,046114	-0,124312	-0,124315	14,052096	-0,009105	6,726139	1,801288
364,800000	7,889986	7,920176	2,519675	0,392794	3,749373	-2661,493854	881,637364	-2995,470233	7,334448	955,702619	31,618592	28,758457	31,139237	28,482033	32,821207	-2,673383	1,194001	1,046480	197990,707746	-0,180137	19,189383	-0,027276	0,000000	2,046270	-0,124316	-0,124314	14,040838	-0,009287	6,675044	1,799821
365,000000	7,888103	7,918524	2,509408	0,392162	3,752150	-2591,845734	881,309485	-2995,493166	7,333105	955,305723	31,613292	28,756033	31,137845	28,478124	32,823766	-2,673464	1,192470	1,046441	197977,143918	-0,180514	19,189785	-0,027149	0,000000	2,045825	-0,124317	-0,124309	14,037447	-0,009227	6,693512	1,799394
365,200000	7,886625	7,916830	2,503716	0,391172	3,748113	-2705,265793	881,313990	-2995,446881	7,331749	954,557389	31,616146	28,755962	31,131528	28,477693	32,824711	-2,673632	1,191659	1,046267	197953,125659	-0,181047	19,190116	-0,027002	0,000000	2,045311	-0,124314	-0,124308	14,030982	-0,009041	6,703095	1,798588
365,400000	7,885090	7,915172	2,529115	0,391611	3,738279	-2621,099369	881,924489	-2995,338494	7,330412	953,493431	31,625888	28,758484	31,125894	28,484690	32,824273	-2,673721	1,192927	1,047337	197889,247667	-0,180872	19,190345	-0,027108	0,000000	2,044933	-0,124312	-0,124313	14,021839	-0,008832	6,653468	1,797442
365,600000	7,883110	7,913472	2,514172	0,392656	3,733502	-2530,922302	882,627916	-2995,216820	7,329099	954,164981	31,631533	28,760868	31,124828	28,493219	32,819751	-2,673810	1,194164	1,047524	197856,248259	-0,180362	19,190659	-0,027454	0,000000	2,045230	-0,124314	-0,124321	14,027144	-0,008498	6,680541	1,798165
365,800000	7,881402	7,912003	2,474039	0,392887	3,744753	-2793,592910	882,843639	-2995,103262	7,327811	955,525772	31,629215	28,760550	31,126375	28,495454	32,814055	-2,673894	1,195296	1,046977	197919,630760	-0,180355	19,191053	-0,027671	0,000000	2,046452	-0,124320	-0,124322	14,038312	-0,008245	6,756850	1,799630
366,000000	7,880383	7,910758	2,493192	0,392910	3,760006	-2961,394565	882,903226	-2995,112957	7,326521	955,841317	31,624133	28,759099	31,126762	28,491132	32,814715	-2,673854	1,196924	1,046356	197939,271937	-0,180208	19,191495	-0,027620	0,000000	2,046890	-0,124326	-0,124317	14,041400	-0,008685	6,719024	1,799970
366,200000	7,879330	7,909431	2,516733	0,393358	3,759915	-2824,335195	882,940079	-2995,313931	7,325164	955,648009	31,620433	28,759625	31,129661	28,485488	32,819453	-2,673842	1,198050	1,046136	197912,047129	-0,179394	19,191670	-0,027312	0,000000	2,046076	-0,124325	-0,124312	14,040354	-0,009261	6,673124	1,799762
366,400000	7,877584	7,908014	2,498294	0,393770	3,749128	-2681,984333	882,549027	-2995,403700	7,323876	955,561161	31,620338	28,760153	31,133356	28,483659	32,820627	-2,673828	1,197983	1,046759	197932,843408	-0,179084	19,191343	-0,027166	0,000000	2,045362	-0,124318	-0,124313	14,039363	-0,008999	6,707216	1,799669
366,600000	7,875770	7,906428	2,506671	0,393923	3,740981	-2539,981435	882,339461	-2995,159240	7,322709	955,611887	31,621229	28,759153	31,129239	28,487105	32,816063	-2,673923	1,196203	1,046956	197967,800791	-0,179453	19,190905	-0,027428	0,000000	2,045469	-0,124310	-0,124316	14,039201	-0,008412	6,689764	1,799723
366,800000	7,874415	7,904872	2,520582	0,394556	3,737552	-2327,162602	882,767918	-2994,883199	7,321430	955,650103	31,620199	28,758553	31,124939	28,491714	32,809906	-2,674107	1,193790	1,046794	197982,418826	-0,179670	19,190567	-0,027479	0,000000	2,046223	-0,124305	-0,124317	14,039336	-0,008225	6,661941	1,799764
367,000000	7,872884	7,903515	2,495004	0,395088	3,738986	-2302,617079	883,231141	-2994,960118	7,319956	955,644495	31,616962	28,760228	31,130163	28,493078	32,806628	-2,674006	1,191593	1,045761	197982,475897	-0,179516	19,190366	-0,027189	0,000000	2,046647	-0,124306	-0,124313	14,039417	-0,008354	6,709723	1,799758
367,200000	7,870910	7,901966	2,494035	0,394797	3,746065	-2440,089663	883,206952	-2995,308705	7,318556	954,735092	31,609241	28,762370	31,141536	28,488368	32,807818	-2,673740	1,190191	1,045160	197969,557701	-0,179671	19,190316	-0,026971	0,000000	2,046452	-0,124313	-0,124311	14,032004	-0,008572	6,710602	1,798779
367,400000	7,869094	7,900139	2,519803	0,394172	3,752840	-2363,196184	882,233671	-2995,558267	7,317281	953,500623	31,600159	28,760310	31,147687	28,479225	32,813617	-2,673502	1,189322	1,045850	197937,392960	-0,180565	19,190395	-0,026996	0,000000	2,046473	-0,124320	-0,124311	14,021831	-0,008763	6,660271	1,797450
367,600000	7,867723	7,898347	2,515142	0,393239	3,754211	-2213,157935	881,040477	-2995,533373	7,315942	954,093832	31,596220	28,755991	31,142821	28,474375	32,820390	-2,673405	1,188180	1,045763	197911,652570	-0,181389	19,190584	-0,027241	0,000000	2,046578	-0,124322	-0,124314	14,026941	-0,008892	6,667820	1,798089
367,800000	7,866462	7,896901	2,508882	0,392658	3,749520	-2198,088468	881,086287	-2995,364570	7,314623	955,420694	31,599085	28,754275	31,133815	28,477685	32,824854	-2,673400	1,189374	1,046093	197910,935654	-0,181491	19,190841	-0,027366	0,000000	2,046196	-0,124321	-0,124315	14,038238	-0,009053	6,678566	1,799517
368,000000	7,865094	7,895689	2,522615	0,393173	3,737497	-2078,119609	882,229909	-2995,255565	7,313276	955,771039	31,603361	28,756573	31,128858	28,482548	32,825153	-2,673399	1,192615	1,046572	197917,263593	-0,181033	19,191072	-0,027025	0,000000	2,045754	-0,124322	-0,124316	14,041412	-0,009287	6,651517	1,799894
368,200000	7,863798	7,894246	2,506176	0,393868	3,726410	-2012,373263	882,612790	-2995,373232	7,311671	956,524480	31,602608	28,758777	31,131942	28,481258	32,821352	-2,673529	1,194566	1,046396	197931,275753	-0,181018	19,190902	-0,026524	0,000000	2,045775	-0,124329	-0,124319	14,047790	-0,009346	6,681605	1,800705
368,400000	7,862639	7,892654	2,480229	0,393401	3,728761	-2266,602417	882,042590	-2995,608134	7,310125	958,498883	31,598541	28,758405	31,137994	28,475168	32,820436	-2,673672	1,195112	1,046324	197910,636488	-0,181584	19,190583	-0,026296	0,000000	2,045812	-0,124331	-0,124320	14,064360	-0,009364	6,730288	1,802828
368,600000	7,861173	7,891137	2,504497	0,392290	3,742237	-2467,005439	882,017504	-2995,635740	7,308916	959,940170	31,595215	28,759039	31,138925	28,473123	32,824882	-2,673701	1,195400	1,046460	197849,101485	-0,181624	19,190545	-0,026541	0,000000	2,045418	-0,124322	-0,124319	14,076652	-0,009583	6,682492	1,804377
368,800000	7,859243	7,889585	2,520807	0,392281	3,752208	-2356,516932	882,326862	-2995,397173	7,307790	959,239163	31,593924	28,760347	31,135490	28,478040	32,825534	-2,673699	1,196244	1,047326	197837,338341	-0,181008	19,190556	-0,027224	0,000000	2,045442	-0,124313	-0,124316	14,070532	-0,009334	6,650243	1,803624
369,000000	7,857232	7,888034	2,497293	0,393148	3,752645	-2242,525793	882,302919	-2995,172933	7,306423	957,007221	31,596212	28,759696	31,131502	28,485105	32,817448	-2,673764	1,197817	1,047019	197870,787639	-0,180189	19,190619	-0,027604	0,000000	2,046156	-0,124314	-0,124317	14,051029	-0,008536	6,693774	1,801224
