LabVIEW Measurement	
Writer_Version	2
Reader_Version	2
Separator	Tab
Decimal_Separator	,
Multi_Headings	No
X_Columns	One
Time_Pref	Absolute
Operator	Pos-Oscar
Date	2025/05/16
Time	10:24:46,9985887380583623334
***End_of_Header***	
	
Channels	32																																
Samples	1	1	1	1	1	1	1	1	1	1	1	1	1	1	1	1	1	1	1	1	1	1	1	1	1	1	1	1	1	1	1	1	
Date	2025/05/19	2025/05/19	2025/05/19	2025/05/19	2025/05/19	2025/05/19	2025/05/19	2025/05/19	2025/05/19	2025/05/19	2025/05/19	2025/05/19	2025/05/19	2025/05/19	2025/05/19	2025/05/19	2025/05/19	2025/05/19	2025/05/19	2025/05/19	2025/05/19	2025/05/19	2025/05/19	2025/05/19	2025/05/19	2025/05/19	2025/05/19	2025/05/19	2025/05/19	2025/05/19	2025/05/19	2025/05/19	
Time	10:49:02,3987758586687278098	10:49:02,3987820959688406533	10:49:02,3986012126357536858	10:49:02,398632399369148547	10:49:02,3986635863353740519	10:49:02,3986032126509826725	10:49:02,3985959753432553357	10:49:02,3985887380355279988	10:49:02,3986104499587100094	10:49:02,3986104499587100094	10:49:02,3986511115023177212	10:49:02,3987197225020509308	10:49:02,3986822982357125824	10:49:02,3986760609355997389	10:49:02,3986947730687689131	10:49:02,3987259598021637743	10:49:02,3987571465355586356	10:49:02,3986885355358254259	10:49:02,3985887380355279988	10:49:02,3985949753356408423	10:49:02,3987197225020509308	10:49:02,3985887380355279988	10:49:02,3985949753356408423	10:49:02,3986012126357536858	10:49:02,3986012126357536858	10:49:02,3986074499358665293	10:49:02,3986136874688100165	10:49:02,39861992476892286	10:49:02,3986511115023177212	10:49:02,3986573488024305647	10:49:02,3986573488024305647	10:49:02,3986573488024305647	
Y_Unit_Label	Volts	Volts	Volts	Volts	Volts	Amps	Amps	Amps	Amps	Amps	Volts	Volts	Volts	Volts	Volts	Volts	Volts	Volts	Volts	Volts	Volts	Volts	Volts	Volts	Volts	Volts	Volts	Volts	Volts	Volts	Volts	Volts	
X_Dimension	Time	Time	Time	Time	Time	Time	Time	Time	Time	Time	Time	Time	Time	Time	Time	Time	Time	Time	Time	Time	Time	Time	Time	Time	Time	Time	Time	Time	Time	Time	Time	Time	
X0	0,0000000000000000E+0	0,0000000000000000E+0	0,0000000000000000E+0	0,0000000000000000E+0	0,0000000000000000E+0	0,0000000000000000E+0	0,0000000000000000E+0	0,0000000000000000E+0	0,0000000000000000E+0	0,0000000000000000E+0	0,0000000000000000E+0	0,0000000000000000E+0	0,0000000000000000E+0	0,0000000000000000E+0	0,0000000000000000E+0	0,0000000000000000E+0	0,0000000000000000E+0	0,0000000000000000E+0	0,0000000000000000E+0	0,0000000000000000E+0	0,0000000000000000E+0	0,0000000000000000E+0	0,0000000000000000E+0	0,0000000000000000E+0	0,0000000000000000E+0	0,0000000000000000E+0	0,0000000000000000E+0	0,0000000000000000E+0	0,0000000000000000E+0	0,0000000000000000E+0	0,0000000000000000E+0	0,0000000000000000E+0	
Delta_X	0,200000	0,200000	0,200000	0,200000	0,200000	0,200000	0,200000	0,200000	0,200000	0,200000	0,200000	0,200000	0,200000	0,200000	0,200000	0,200000	0,200000	0,200000	0,200000	0,200000	0,200000	0,200000	0,200000	0,200000	0,200000	0,200000	0,200000	0,200000	0,200000	0,200000	0,200000	0,200000	
***End_of_Header***																																	
X_Value	PIT-A-0101	PIT-A-0301	PIT-M-0101	PIT-O-0301	PIT-W-0301	PDT-M-0101-40kPa_mA	PDT-M-0101B-10kPa_mA	PDT-M-0101C-3kPa_mA	 PDT-M-0101D-30Kpa_mA	 PDT-M-0101D-30Kpa_mA_tara	PIT-A-AUX	Model Pressure Drop	TIT-A-0101	TIT-A-0301	TIT-M-0101	TIT-O-0301	TIT-W-0301	LV-O-0X01	LV-W-0X01	LV-M-0X01	Densitometro	FT-A-0301	FT-A-0302	FT-A-0303	FT-A-0303 1	FT-O-0301	FT-O-0302	FT-O-0303	FT-W-0301	FT-W-0302	J Ar	J Água	Comment
0,000000	7,654201	7,685634	0,471611	0,089417	1,173755	-10890,959749	-10824,201575	-2985,302046	-9331,098290	-9951,167816	8,885602	20,531475	22,093525	22,813631	28,456094	23,290487	23,601697	-2,908176	1,267372	0,963098	214566,089108	-0,198232	0,001011	3,459840	1,584646	2,034175	-0,124479	-0,124472	0,000000	1,563214	1,299101	0,200513
0,200000	7,653788	7,685177	0,466016	0,090154	1,175168	-11517,255455	-10978,831668	-2984,866251	-9871,258467	-10491,327993	8,883432	20,520735	22,103630	22,816449	28,447974	23,300022	23,598150	-2,908196	1,268033	0,963194	213711,328459	-0,198100	0,000706	3,628663	1,585745	2,035663	-0,124476	-0,124480	0,000000	1,562747	1,304850	0,200453
0,400000	7,653325	7,685062	0,459194	0,091170	1,175556	-11799,993758	-10977,497458	-2984,507542	-10199,987187	-10820,056714	8,881297	20,518688	22,108728	22,817655	28,451157	23,306608	23,593680	-2,908142	1,267876	0,962968	213006,441408	-0,197463	0,000342	3,784130	1,587732	2,037829	-0,124471	-0,124487	0,000000	1,562658	1,312585	0,200441
0,600000	7,652892	7,685269	0,465064	0,091847	1,172767	-11522,502850	-10936,839747	-2984,872389	-10090,575714	-10710,645240	8,879828	20,519573	22,104206	22,816212	28,463166	23,306156	23,593235	-2,908142	1,267139	0,961888	212521,837152	-0,197410	0,000216	3,701027	1,590030	2,040206	-0,124469	-0,124487	0,000000	1,562696	1,309308	0,200446
0,800000	7,652551	7,685210	0,486283	0,092218	1,170003	-10829,308064	-10788,831783	-2985,608268	-9597,288707	-10217,358234	8,878589	20,513601	22,095025	22,815633	28,472844	23,301187	23,596366	-2,908208	1,267134	0,961645	212195,442070	-0,197482	0,000388	3,436249	1,591602	2,041549	-0,124480	-0,124486	0,000000	1,562436	1,291918	0,200413
1,000000	7,652193	7,684730	0,512614	0,092138	1,170909	-10162,932220	-10526,708822	-2985,932272	-9041,410133	-9661,479659	8,877130	20,465150	22,089997	22,815341	28,473362	23,295991	23,596398	-2,908270	1,266907	0,962266	211881,181844	-0,197365	0,000648	3,356034	1,592002	2,041114	-0,124490	-0,124483	0,000000	1,560326	1,269671	0,200142
1,200000	7,651822	7,684132	0,525869	0,091801	1,176463	-9996,984135	-10484,394606	-2985,646466	-8831,840694	-9451,910220	8,875499	20,378512	22,092261	22,815630	28,466788	23,291456	23,593661	-2,908227	1,266656	0,962473	211551,478263	-0,197448	0,000945	3,493587	1,590242	2,040099	-0,124493	-0,124479	0,000000	1,556548	1,257131	0,199658
1,400000	7,651328	7,683570	0,527809	0,091282	1,186606	-10428,562443	-10740,306555	-2985,110257	-9160,697604	-9780,767131	8,873861	20,330947	22,096929	22,819248	28,460350	23,288287	23,591956	-2,908059	1,267138	0,962578	211141,123376	-0,197456	0,000907	3,506832	1,586612	2,039684	-0,124489	-0,124478	0,000000	1,554471	1,252543	0,199391
1,600000	7,651039	7,683372	0,529931	0,090741	1,199721	-11223,721636	-10951,046662	-2984,759045	-9921,613328	-10541,682854	8,872179	20,330862	22,094375	22,821028	28,463566	23,287975	23,593972	-2,908058	1,267763	0,962609	210871,394308	-0,197198	0,000344	3,411308	1,583527	2,040142	-0,124483	-0,124483	0,000000	1,554468	1,248351	0,199391
1,800000	7,651255	7,683560	0,525923	0,090750	1,209256	-12098,598709	-10984,935637	-2985,012846	-10862,671413	-11482,740939	8,870260	20,332714	22,083511	22,817883	28,474208	23,288402	23,601246	-2,908158	1,267730	0,962375	210834,791115	-0,197530	-0,000184	3,338918	1,582557	2,040218	-0,124479	-0,124486	0,000000	1,554549	1,250949	0,199401
2,000000	7,651727	7,683478	0,515623	0,090806	1,211093	-12801,187986	-10957,287852	-2985,509546	-11654,427645	-12274,497172	8,868302	20,322590	22,073210	22,814092	28,480873	23,286572	23,611578	-2,908031	1,267022	0,962763	210809,501593	-0,198380	-1,691033E-5	3,333772	1,582957	2,039086	-0,124477	-0,124483	0,000000	1,554106	1,259804	0,199345
2,200000	7,652096	7,682809	0,512404	0,090473	1,209231	-13109,978162	-10939,455513	-2985,751603	-12010,776508	-12630,846034	8,866602	20,292530	22,073183	22,812457	28,479592	23,286486	23,616433	-2,907908	1,266214	0,963719	210365,637756	-0,198809	0,000611	3,445898	1,583020	2,037452	-0,124478	-0,124474	0,000000	1,552792	1,262442	0,199176
2,400000	7,651762	7,681867	0,523314	0,089905	1,209301	-12961,451304	-10936,521112	-2985,746511	-11889,981311	-12510,050837	8,865215	20,257982	22,084005	22,813428	28,471837	23,289225	23,609354	-2,907925	1,266379	0,963969	209485,632285	-0,198850	0,000887	3,635405	1,581806	2,036677	-0,124480	-0,124468	0,000000	1,551281	1,252262	0,198982
2,600000	7,650850	7,681170	0,538949	0,089814	1,214172	-12535,877304	-10938,841747	-2985,297044	-11513,993788	-12134,063315	8,864098	20,248081	22,094488	22,815130	28,464737	23,288497	23,598669	-2,908012	1,267150	0,963516	208704,693070	-0,198488	0,000648	3,757739	1,580157	2,036770	-0,124481	-0,124468	0,000000	1,550848	1,238107	0,198927
2,800000	7,650176	7,681011	0,549320	0,091004	1,225981	-12086,865926	-10940,391452	-2984,528934	-11136,535515	-11756,605041	8,862828	20,252543	22,096401	22,815534	28,462690	23,286919	23,595762	-2,908188	1,267887	0,963398	208033,716553	-0,197097	0,000553	3,649661	1,579830	2,036724	-0,124480	-0,124468	0,000000	1,551043	1,229528	0,198952
3,000000	7,649669	7,680995	0,557839	0,091617	1,235714	-11837,938523	-10939,704082	-2984,247670	-10913,523977	-11533,593503	8,861098	20,252086	22,094094	22,815455	28,461354	23,290386	23,600063	-2,908315	1,268554	0,963788	207416,927518	-0,195827	0,000790	3,510492	1,581220	2,036813	-0,124474	-0,124469	0,000000	1,551023	1,223869	0,198949
3,200000	7,649007	7,680656	0,560600	0,091145	1,232277	-12012,421785	-10938,785772	-2984,886241	-11012,481335	-11632,550861	8,859357	20,251349	22,094218	22,815938	28,461595	23,297146	23,604986	-2,908344	1,268248	0,963520	206829,186671	-0,196324	0,000755	3,497873	1,582565	2,037044	-0,124470	-0,124473	0,000000	1,550991	1,222693	0,198945
3,400000	7,648660	7,680226	0,545896	0,091389	1,222878	-12558,752305	-10939,337408	-2985,726815	-11484,249224	-12104,318751	8,857759	20,256313	22,096431	22,816252	28,465890	23,305341	23,605022	-2,908343	1,267508	0,962526	206126,705104	-0,197543	0,000543	3,392260	1,582710	2,037048	-0,124476	-0,124481	0,000000	1,551208	1,234397	0,198973
3,600000	7,648513	7,679896	0,518086	0,091739	1,210846	-13083,378883	-10940,843587	-2985,807909	-12068,222693	-12688,292219	8,856129	20,265104	22,098272	22,816817	28,469416	23,313243	23,596709	-2,908328	1,266990	0,962483	205467,526762	-0,197859	0,000701	3,272757	1,582705	2,038025	-0,124483	-0,124491	0,000000	1,551593	1,256980	0,199022
3,800000	7,647922	7,679618	0,484754	0,091585	1,189812	-13231,829020	-10941,634173	-2985,248806	-12373,150827	-12993,220353	8,854587	20,269346	22,099306	22,818041	28,470466	23,311397	23,585134	-2,908437	1,266752	0,963047	204757,451955	-0,197056	0,000938	3,390645	1,583662	2,039617	-0,124483	-0,124497	0,000000	1,551778	1,285946	0,199046
4,000000	7,647066	7,679513	0,458409	0,091791	1,165532	-12893,289965	-10941,463102	-2985,010359	-12214,816268	-12834,885795	8,852892	20,257589	22,097772	22,818679	28,471950	23,296678	23,582331	-2,908508	1,266729	0,963256	204060,681736	-0,196698	0,000888	3,627908	1,585947	2,041037	-0,124484	-0,124491	0,000000	1,551264	1,311061	0,198980
4,200000	7,646677	7,679499	0,455409	0,091530	1,141283	-12142,467435	-10940,694251	-2985,145386	-11651,842611	-12271,912138	8,851054	20,233948	22,090613	22,818024	28,475272	23,282410	23,589797	-2,908317	1,266940	0,963048	203418,622355	-0,196835	0,000671	3,776085	1,588218	2,042029	-0,124484	-0,124476	0,000000	1,550229	1,315661	0,198847
4,400000	7,646885	7,679363	0,456189	0,089983	1,110918	-11225,141660	-10939,190207	-2985,067489	-10905,445326	-11525,514852	8,849570	20,219628	22,080763	22,817200	28,477639	23,278549	23,599284	-2,908172	1,267364	0,962249	202670,902241	-0,196325	0,000424	3,677735	1,588328	2,040369	-0,124482	-0,124467	0,000000	1,549602	1,315041	0,198767
4,600000	7,647118	7,678911	0,434539	0,089113	1,078612	-10593,840958	-10938,780339	-2984,933129	-10364,760022	-10984,829549	8,848327	20,224203	22,074506	22,817403	28,477459	23,282971	23,606419	-2,908209	1,267201	0,961967	202642,757006	-0,195671	0,000380	3,371407	1,586784	2,038141	-0,124478	-0,124467	0,000000	1,549802	1,333527	0,198792
4,800000	7,647119	7,678297	0,402839	0,090039	1,052195	-10514,757077	-10940,150774	-2984,986417	-10271,602289	-10891,671815	8,846826	20,236107	22,073280	22,819048	28,477080	23,290756	23,608972	-2,908162	1,266590	0,962362	203941,795587	-0,195825	0,000428	3,269585	1,585612	2,038742	-0,124476	-0,124474	0,000000	1,550324	1,362560	0,198859
5,000000	7,647078	7,677859	0,381504	0,091091	1,031225	-10747,921062	-10941,884531	-2985,361187	-10463,224761	-11083,294287	8,844953	20,246209	22,075020	22,819058	28,478370	23,295800	23,606805	-2,907874	1,266459	0,962458	205468,617091	-0,197386	0,000386	3,513325	1,585263	2,040242	-0,124484	-0,124489	0,000000	1,550766	1,383243	0,198916
5,200000	7,646907	7,677402	0,379519	0,090891	1,016252	-11014,293933	-10942,774113	-2985,684555	-10694,755800	-11314,825327	8,842908	20,254529	22,076254	22,813599	28,480117	23,292109	23,602806	-2,907620	1,266402	0,962224	206044,692617	-0,198556	0,000349	3,797968	1,584802	2,040490	-0,124491	-0,124497	0,000000	1,551130	1,384792	0,198963
5,400000	7,646468	7,676855	0,395981	0,089805	1,010282	-11389,980214	-10942,365218	-2985,703881	-10993,003708	-11613,073235	8,841053	20,259822	22,076744	22,809076	28,479299	23,284559	23,601133	-2,907718	1,266105	0,961930	205860,531048	-0,198573	0,000556	3,874293	1,583701	2,038577	-0,124487	-0,124488	0,000000	1,551362	1,367436	0,198992
5,600000	7,645796	7,676344	0,413542	0,088969	1,011249	-11962,979043	-10941,467866	-2985,527335	-11479,928464	-12099,997991	8,839703	20,285307	22,081929	22,810402	28,472356	23,282978	23,603224	-2,908150	1,266363	0,961993	205630,175393	-0,198356	0,000935	3,778896	1,582712	2,035086	-0,124481	-0,124473	0,000000	1,552476	1,349481	0,199135
5,800000	7,644915	7,675797	0,420287	0,088787	1,014502	-12542,987139	-10940,487775	-2985,084504	-12058,878138	-12678,947664	8,838509	20,354412	22,092046	22,812959	28,460795	23,288978	23,601630	-2,908573	1,266854	0,962306	205572,219630	-0,197417	0,000974	3,709966	1,582283	2,033341	-0,124477	-0,124468	0,000000	1,555496	1,342557	0,199523
6,000000	7,644118	7,675586	0,420039	0,089288	1,019705	-12882,068352	-10939,484675	-2984,992506	-12425,257412	-13045,326938	8,837135	20,424400	22,099942	22,815048	28,458156	23,297387	23,595112	-2,908667	1,267007	0,962177	205597,039424	-0,196750	0,000688	3,669076	1,581975	2,035147	-0,124476	-0,124476	0,000000	1,558550	1,342476	0,199915
6,200000	7,643772	7,675982	0,418305	0,090364	1,023890	-12888,591629	-10939,664917	-2985,130840	-12364,924321	-12984,993848	8,835575	20,451645	22,100818	22,817452	28,464697	23,301679	23,593516	-2,908568	1,267279	0,961777	205851,252526	-0,196327	0,000386	3,585442	1,582407	2,038443	-0,124477	-0,124481	0,000000	1,559738	1,344564	0,200067
6,400000	7,643900	7,676263	0,415857	0,091023	1,026515	-12669,747224	-10940,995107	-2985,151604	-12018,719857	-12638,789383	8,833659	20,449691	22,095015	22,818910	28,469191	23,302608	23,596719	-2,908426	1,267270	0,962155	206346,451477	-0,195635	0,000309	3,584950	1,583667	2,040393	-0,124481	-0,124481	0,000000	1,559653	1,348019	0,200056
6,600000	7,644015	7,675880	0,409996	0,091490	1,033808	-12428,182513	-10941,626496	-2985,327605	-11670,120035	-12290,189561	8,831812	20,445317	22,088026	22,817079	28,469718	23,302688	23,598163	-2,908332	1,266559	0,963051	206815,056622	-0,196142	0,000532	3,715965	1,584207	2,040447	-0,124485	-0,124480	0,000000	1,559462	1,354038	0,200032
6,800000	7,643552	7,675143	0,400623	0,092162	1,043546	-12191,513044	-10941,103585	-2985,308962	-11339,860380	-11959,929906	8,830429	20,469544	22,087341	22,814525	28,466671	23,301132	23,595532	-2,908324	1,266454	0,963180	207258,978492	-0,197264	0,000860	3,767547	1,584101	2,039727	-0,124488	-0,124481	0,000000	1,560518	1,362894	0,200167
7,000000	7,642623	7,674416	0,391168	0,092190	1,051420	-11770,198796	-10940,195190	-2985,076329	-10854,998587	-11475,068114	8,829191	20,521736	22,093496	22,815786	28,463289	23,299379	23,587646	-2,908368	1,267059	0,962478	207669,856880	-0,197500	0,000978	3,696213	1,585066	2,039425	-0,124492	-0,124481	0,000000	1,562790	1,372860	0,200458
7,200000	7,641872	7,674295	0,382526	0,091748	1,057234	-11038,035397	-10806,739352	-2984,954474	-10131,061412	-10751,130939	8,827796	20,550843	22,096955	22,818809	28,463986	23,296349	23,582441	-2,908475	1,267279	0,961885	208293,093136	-0,197138	0,000792	3,709729	1,587492	2,040116	-0,124490	-0,124482	0,000000	1,564057	1,383528	0,200621
7,400000	7,641670	7,674726	0,372325	0,091606	1,059053	-10100,010553	-10312,298216	-2985,110619	-9230,619134	-9850,688661	8,826054	20,536298	22,090223	22,819766	28,470935	23,289502	23,590744	-2,908441	1,266792	0,961353	209288,626383	-0,197086	0,000541	3,756841	1,590005	2,040968	-0,124486	-0,124481	0,000000	1,563424	1,396121	0,200540
7,600000	7,641971	7,674749	0,354962	0,091089	1,052909	-9317,877864	-9676,280443	-2985,586769	-8436,730792	-9056,800319	8,823944	20,510756	22,077964	22,818243	28,480522	23,282073	23,606836	-2,908211	1,265751	0,961291	210000,561330	-0,197681	0,000434	3,724911	1,591417	2,040985	-0,124488	-0,124475	0,000000	1,562312	1,415330	0,200397
7,800000	7,642440	7,674159	0,333346	0,089023	1,040046	-9071,284835	-9405,638041	-2985,910663	-8065,274013	-8685,343539	8,821805	20,497701	22,070138	22,816229	28,484514	23,280195	23,616764	-2,907994	1,265486	0,962361	210221,096503	-0,198590	0,000422	3,745120	1,591260	2,040245	-0,124488	-0,124475	0,000000	1,561744	1,438073	0,200324
8,000000	7,642459	7,673433	0,323576	0,087506	1,023826	-9277,295117	-9566,827488	-2985,646348	-8104,911326	-8724,980852	8,820301	20,516070	22,070501	22,815069	28,480581	23,284626	23,615956	-2,907800	1,266398	0,963343	210263,807015	-0,199007	0,000362	3,845550	1,589129	2,039309	-0,124484	-0,124481	0,000000	1,562544	1,446618	0,200427
8,200000	7,642020	7,672862	0,333115	0,088475	1,003306	-9594,868125	-10003,929277	-2985,156458	-8406,870514	-9026,940041	8,819288	20,576035	22,075589	22,814492	28,471942	23,290723	23,608508	-2,907665	1,267337	0,963756	209971,911246	-0,198868	0,000363	3,873655	1,585329	2,038432	-0,124484	-0,124480	0,000000	1,565152	1,432696	0,200761
8,400000	7,641546	7,672387	0,358434	0,089546	0,986690	-10021,166931	-10553,368887	-2984,831419	-8960,786539	-9580,856065	8,818001	20,631164	22,082152	22,814224	28,462083	23,292928	23,600031	-2,907820	1,268028	0,963529	209334,065165	-0,198537	0,000446	3,694436	1,581651	2,037531	-0,124484	-0,124476	0,000000	1,567547	1,402598	0,201069
8,600000	7,641065	7,671987	0,389518	0,089464	0,980598	-10697,800843	-10923,377999	-2984,673731	-9778,173699	-10398,243225	8,816419	20,641819	22,088952	22,814368	28,456409	23,289270	23,597147	-2,908159	1,268320	0,962802	208835,513583	-0,197815	0,000515	3,533030	1,579911	2,036811	-0,124479	-0,124476	0,000000	1,568009	1,369611	0,201128
8,800000	7,640723	7,671862	0,414623	0,089621	0,981674	-11513,137979	-11008,231324	-2984,631875	-10702,383286	-11322,452812	8,814905	20,627848	22,093688	22,814529	28,457165	23,287755	23,600701	-2,908361	1,268227	0,962775	208578,411232	-0,196979	0,000513	3,673629	1,580363	2,037081	-0,124469	-0,124479	0,000000	1,567403	1,345663	0,201050
9,000000	7,640596	7,671924	0,431572	0,089775	0,993736	-12245,157368	-10968,879941	-2984,603079	-11453,812468	-12073,881994	8,813368	20,619761	22,094882	22,814378	28,461167	23,296614	23,603076	-2,908357	1,267745	0,963331	208379,415285	-0,197089	0,000381	3,857016	1,581508	2,037187	-0,124463	-0,124479	0,000000	1,567052	1,330716	0,201005
9,200000	7,640313	7,671930	0,439802	0,089250	1,015255	-12722,631297	-10940,004381	-2984,612663	-11861,273456	-12481,342983	8,811659	20,641281	22,095342	22,814083	28,462953	23,308503	23,599759	-2,908413	1,266914	0,963529	208148,484395	-0,197449	0,000318	3,810891	1,581059	2,036666	-0,124462	-0,124481	0,000000	1,567986	1,322741	0,201125
9,400000	7,639497	7,671830	0,436680	0,089767	1,037117	-12907,484896	-10936,988419	-2984,959968	-11993,692491	-12613,762018	8,810109	20,689114	22,096172	22,814947	28,459975	23,312325	23,592577	-2,908533	1,266697	0,963320	207852,482699	-0,197317	0,000420	3,562327	1,579679	2,037654	-0,124468	-0,124484	0,000000	1,570061	1,324427	0,201391
9,600000	7,638347	7,671429	0,427336	0,091805	1,056572	-12926,693909	-10940,736244	-2985,633085	-12029,175213	-12649,244739	8,808862	20,716243	22,095359	22,816731	28,460362	23,306357	23,587694	-2,908311	1,267291	0,962837	208004,332091	-0,197796	0,000562	3,331829	1,579621	2,039566	-0,124481	-0,124484	0,000000	1,571237	1,332985	0,201542
9,800000	7,637649	7,670856	0,422631	0,092700	1,070917	-12860,038226	-10941,670445	-2986,005142	-11985,319560	-12605,389087	8,807511	20,710771	22,091334	22,816858	28,465419	23,294030	23,588297	-2,908000	1,267413	0,962381	209041,170483	-0,198364	0,000756	3,381696	1,580643	2,041046	-0,124493	-0,124484	0,000000	1,571000	1,338193	0,201511
10,000000	7,637578	7,670308	0,425429	0,091500	1,075720	-12783,666410	-10940,656497	-2985,815657	-11840,814405	-12460,883931	8,805620	20,698684	22,085354	22,814924	28,467064	23,283186	23,591896	-2,907978	1,267460	0,962581	210258,216495	-0,198191	0,000674	3,538698	1,581355	2,041096	-0,124493	-0,124483	0,000000	1,570476	1,336098	0,201444
10,200000	7,637572	7,669747	0,423983	0,090157	1,075458	-12767,513596	-10940,692267	-2985,173463	-11679,473511	-12299,543037	8,803277	20,687660	22,082300	22,814097	28,464761	23,281607	23,595827	-2,908066	1,267946	0,962986	211300,531706	-0,197387	0,000362	3,608877	1,580952	2,040569	-0,124482	-0,124483	0,000000	1,569998	1,337022	0,201383
10,400000	7,637376	7,669352	0,409463	0,090124	1,082010	-12577,765459	-10940,743448	-2984,565884	-11432,208854	-12052,278380	8,801181	20,649471	22,083814	22,816486	28,464702	23,288343	23,599014	-2,908276	1,267872	0,963064	212483,780694	-0,195981	0,000269	3,671065	1,580077	2,040907	-0,124476	-0,124484	0,000000	1,568341	1,349980	0,201170
10,600000	7,637189	7,669352	0,393319	0,090975	1,093970	-12079,376807	-10941,626333	-2984,739879	-11036,796085	-11656,865612	8,799865	20,577019	22,084467	22,818647	28,470227	23,293895	23,602388	-2,908394	1,267382	0,963273	213343,781356	-0,195750	0,000306	3,689742	1,579748	2,040989	-0,124482	-0,124484	0,000000	1,565195	1,365358	0,200767
10,800000	7,637267	7,669420	0,390129	0,091028	1,096066	-11612,094992	-10942,736953	-2985,448014	-10689,899175	-11309,968702	8,798865	20,526985	22,079299	22,817483	28,477773	23,290670	23,605920	-2,908085	1,266797	0,963368	213705,223448	-0,197653	0,000315	3,639656	1,580239	2,041137	-0,124494	-0,124483	0,000000	1,563019	1,368969	0,200488
11,000000	7,637318	7,668951	0,394129	0,090031	1,089446	-11460,251387	-10941,889696	-2985,762898	-10514,529580	-11134,599106	8,797549	20,523683	22,074008	22,814615	28,482438	23,282944	23,607079	-2,907745	1,266436	0,963196	213906,028956	-0,199260	0,000379	3,574545	1,581513	2,040018	-0,124500	-0,124481	0,000000	1,562875	1,366101	0,200469
11,200000	7,636961	7,668152	0,388839	0,089286	1,087443	-11443,885137	-10940,350567	-2985,321316	-10365,206662	-10985,276188	8,795876	20,538671	22,077403	22,811774	28,478154	23,280054	23,603720	-2,907811	1,267047	0,963482	214163,720327	-0,199041	0,000480	3,581642	1,582280	2,036932	-0,124493	-0,124480	0,000000	1,563527	1,371839	0,200553
11,400000	7,636600	7,667429	0,370492	0,089182	1,084548	-11140,885134	-10856,184175	-2984,550279	-10010,418119	-10630,487645	8,794105	20,539853	22,087581	22,812055	28,464625	23,284412	23,600113	-2,908008	1,267875	0,964140	214573,455744	-0,198391	0,000532	3,645336	1,581861	2,034779	-0,124481	-0,124481	0,000000	1,563579	1,389663	0,200560
11,600000	7,636482	7,667020	0,348270	0,089279	1,073835	-10445,173641	-10533,188863	-2984,174495	-9383,647656	-10003,717182	8,792559	20,511900	22,095797	22,816568	28,452066	23,292595	23,598428	-2,908145	1,268060	0,964312	214844,102572	-0,197857	0,000542	3,636496	1,581612	2,035036	-0,124475	-0,124482	0,000000	1,562362	1,412206	0,200404
11,800000	7,635871	7,666973	0,337999	0,089698	1,061430	-9821,969355	-10152,386896	-2984,624753	-8789,052568	-9409,122095	8,791249	20,470609	22,096863	22,819217	28,450460	23,300743	23,597329	-2,908406	1,268152	0,963847	214853,887138	-0,197342	0,000554	3,585024	1,582896	2,036665	-0,124476	-0,124477	0,000000	1,560564	1,424178	0,200173
12,000000	7,634716	7,666972	0,352648	0,090789	1,051707	-9737,076530	-10165,162483	-2985,526824	-8626,874200	-9246,943727	8,789954	20,448230	22,090618	22,817411	28,457347	23,305840	23,599026	-2,908533	1,267713	0,963112	214784,660188	-0,197702	0,000726	3,541403	1,586057	2,037883	-0,124481	-0,124473	0,000000	1,559589	1,411603	0,200048
12,200000	7,634134	7,666444	0,375686	0,091885	1,045631	-10065,508740	-10531,794048	-2985,936292	-8869,222584	-9489,292111	8,788447	20,451176	22,085197	22,814833	28,463626	23,306254	23,601762	-2,908326	1,266807	0,962438	214635,426500	-0,198119	0,000894	3,556977	1,589304	2,038342	-0,124486	-0,124475	0,000000	1,559718	1,390751	0,200064
12,400000	7,634161	7,665456	0,376224	0,092072	1,040705	-10314,908466	-10767,525825	-2985,629931	-9113,732139	-9733,801665	8,786748	20,461852	22,089467	22,814562	28,464850	23,305066	23,598254	-2,908163	1,266653	0,962183	214377,438030	-0,197980	0,000681	3,602504	1,590408	2,038679	-0,124486	-0,124482	0,000000	1,560183	1,391021	0,200124
12,600000	7,633956	7,664952	0,363964	0,091300	1,041368	-10201,736145	-10653,185610	-2985,215227	-9087,999346	-9708,068873	8,785182	20,470286	22,098617	22,816193	28,464032	23,303885	23,587150	-2,908303	1,267081	0,962342	214157,415228	-0,198127	0,000343	3,584859	1,589764	2,039150	-0,124481	-0,124488	0,000000	1,560550	1,402868	0,200171
12,800000	7,633593	7,665174	0,370270	0,090882	1,054515	-9951,389796	-10482,339046	-2984,996362	-8939,832062	-9559,901588	8,783794	20,471709	22,101289	22,817284	28,464404	23,298293	23,579569	-2,908377	1,267486	0,962677	213982,252858	-0,198179	0,000336	3,578890	1,588696	2,039616	-0,124478	-0,124489	0,000000	1,560612	1,395503	0,200179
13,000000	7,633331	7,665704	0,394138	0,091217	1,070187	-10044,833340	-10592,505647	-2985,005870	-9026,647520	-9646,717047	8,782295	20,464962	22,093085	22,816785	28,465864	23,291204	23,583030	-2,908202	1,267453	0,962929	213809,064147	-0,197585	0,000442	3,609639	1,587833	2,040482	-0,124478	-0,124485	0,000000	1,560318	1,370950	0,200141
13,200000	7,633038	7,665847	0,418459	0,090590	1,078697	-10683,648670	-10849,134179	-2985,413541	-9527,156210	-10147,225737	8,780543	20,445829	22,080236	22,815796	28,471073	23,288253	23,595001	-2,908093	1,266748	0,962944	213645,430837	-0,197214	0,000394	3,658588	1,587850	2,041380	-0,124479	-0,124480	0,000000	1,559485	1,347500	0,200034
13,400000	7,632830	7,665142	0,435971	0,089152	1,087428	-11684,068034	-10975,576792	-2985,787826	-10349,147918	-10969,217445	8,778818	20,422745	22,071412	22,815339	28,475623	23,287576	23,608416	-2,908116	1,266299	0,962554	213464,230847	-0,197181	0,000364	3,720227	1,588597	2,041449	-0,124481	-0,124477	0,000000	1,558478	1,331599	0,199905
13,600000	7,632752	7,664214	0,446725	0,088966	1,101967	-12710,466743	-10971,609055	-2985,902013	-11275,079267	-11895,148794	8,777535	20,419617	22,069057	22,815056	28,473227	23,289248	23,614291	-2,908136	1,266213	0,962153	213056,832702	-0,197510	0,000485	3,763005	1,589245	2,040542	-0,124486	-0,124474	0,000000	1,558342	1,322085	0,199888
13,800000	7,632829	7,663544	0,451158	0,089088	1,112329	-13517,661423	-10945,165997	-2985,865975	-12115,655410	-12735,724937	8,776290	20,425908	22,071839	22,814671	28,467442	23,293699	23,609839	-2,908091	1,266441	0,962395	212121,848857	-0,198270	0,000586	3,770860	1,589278	2,039515	-0,124490	-0,124476	0,000000	1,558616	1,317947	0,199923
14,000000	7,632873	7,662980	0,449469	0,088761	1,114045	-14100,977358	-10935,318798	-2985,580865	-12799,648504	-13419,718031	8,774560	20,405255	22,076984	22,814755	28,465761	23,293677	23,600652	-2,908063	1,267021	0,962608	211064,324769	-0,198649	0,000530	3,727052	1,588618	2,039026	-0,124491	-0,124481	0,000000	1,557715	1,318841	0,199807
14,200000	7,632465	7,662641	0,450250	0,089409	1,110655	-14572,835953	-10935,711982	-2985,519183	-13349,413514	-13969,483041	8,772820	20,360486	22,080659	22,815644	28,468367	23,287030	23,597392	-2,908110	1,266997	0,962143	210107,168034	-0,198868	0,000432	3,595697	1,588313	2,038163	-0,124488	-0,124479	0,000000	1,555762	1,317832	0,199557
14,400000	7,631797	7,662566	0,467428	0,089757	1,106280	-15000,225597	-10937,753060	-2985,468318	-13798,820806	-14418,890333	8,771219	20,335463	22,082156	22,816446	28,465932	23,283128	23,603687	-2,908176	1,266956	0,962127	209041,856738	-0,198627	0,000443	3,385222	1,588977	2,036203	-0,124482	-0,124471	0,000000	1,554669	1,302918	0,199417
14,600000	7,631215	7,662394	0,494325	0,089096	1,108320	-15336,208917	-10940,208507	-2985,292689	-14142,268745	-14762,338272	8,769436	20,344137	22,084935	22,816740	28,456442	23,287354	23,609484	-2,908237	1,267056	0,962999	208783,099081	-0,198142	0,000656	3,370023	1,589597	2,033709	-0,124479	-0,124471	0,000000	1,555048	1,279889	0,199465
14,800000	7,630732	7,661969	0,504557	0,089065	1,114133	-15430,389707	-10942,248878	-2985,477044	-14319,191334	-14939,260860	8,767656	20,363260	22,090778	22,817009	28,451000	23,297350	23,608508	-2,908282	1,266247	0,963017	209964,351499	-0,198657	0,000795	3,582543	1,589361	2,033335	-0,124482	-0,124483	0,000000	1,555883	1,270905	0,199572
15,000000	7,630317	7,661559	0,494878	0,090035	1,113041	-15165,190357	-10942,503215	-2985,606820	-14193,410744	-14813,480270	8,766305	20,382719	22,096280	22,818008	28,454578	23,306895	23,603828	-2,908246	1,266267	0,962444	211492,977155	-0,199697	0,000774	3,589804	1,588136	2,036079	-0,124486	-0,124497	0,000000	1,556732	1,278102	0,199681
15,200000	7,629920	7,661322	0,484031	0,091349	1,109354	-14536,873775	-10942,085012	-2985,309426	-13633,936491	-14254,006018	8,765183	20,397388	22,097702	22,818089	28,460854	23,308985	23,596493	-2,908088	1,267729	0,962612	212805,152219	-0,199802	0,000708	3,400412	1,586897	2,039011	-0,124484	-0,124500	0,000000	1,557372	1,286435	0,199763
15,400000	7,629656	7,661332	0,478481	0,092450	1,113077	-13640,299022	-10941,356640	-2984,545808	-12727,930403	-13347,999929	8,763719	20,392493	22,093582	22,815395	28,464716	23,303578	23,588811	-2,908021	1,269168	0,962438	214167,548046	-0,197972	0,000472	3,297864	1,586920	2,040263	-0,124479	-0,124494	0,000000	1,557159	1,291314	0,199736
15,600000	7,629799	7,661483	0,478183	0,092497	1,113935	-12635,185692	-10940,378507	-2983,910531	-11713,390166	-12333,459692	8,761983	20,370584	22,087229	22,814049	28,467839	23,297018	23,586055	-2,908141	1,270322	0,961747	215289,098150	-0,196098	0,000298	3,268324	1,587546	2,039915	-0,124477	-0,124487	0,000000	1,556202	1,292127	0,199613
15,800000	7,629903	7,661356	0,484478	0,091270	1,110815	-11712,950978	-10937,736178	-2984,335168	-10731,647184	-11351,716710	8,760283	20,353066	22,085177	22,816135	28,471526	23,294681	23,587679	-2,908418	1,269590	0,961750	216283,394605	-0,196266	0,000405	3,245874	1,588111	2,038542	-0,124482	-0,124483	0,000000	1,555438	1,287091	0,199515
16,000000	7,629304	7,660984	0,487963	0,090213	1,119830	-11012,438085	-10864,115471	-2985,061632	-9860,377673	-10480,447199	8,758529	20,347723	22,086719	22,817500	28,471582	23,296517	23,589047	-2,908686	1,267221	0,962703	217189,647151	-0,197017	0,000603	3,260093	1,589237	2,038080	-0,124484	-0,124483	0,000000	1,555204	1,284924	0,199485
16,200000	7,628365	7,660567	0,473570	0,090059	1,137301	-10561,075850	-10678,075800	-2985,111709	-9224,735340	-9844,804866	8,756813	20,351850	22,086269	22,817557	28,471194	23,297672	23,589808	-2,908411	1,265889	0,963687	217561,954068	-0,197204	0,000680	3,352435	1,590960	2,039541	-0,124482	-0,124487	0,000000	1,555384	1,298822	0,199508
16,400000	7,627954	7,660187	0,447377	0,089921	1,151467	-10271,615332	-10508,294616	-2985,046518	-8904,627145	-9524,696671	8,755459	20,355283	22,081213	22,817767	28,476206	23,294620	23,593887	-2,907873	1,265844	0,963635	217517,714246	-0,197214	0,000530	3,407821	1,591612	2,041537	-0,124484	-0,124491	0,000000	1,555534	1,322841	0,199528
16,600000	7,628292	7,659976	0,428390	0,089446	1,163071	-10055,116960	-10485,870491	-2985,237997	-8841,409335	-9461,478862	8,754076	20,345207	22,072720	22,815593	28,486271	23,288586	23,602392	-2,907663	1,266339	0,963023	217002,645938	-0,197359	0,000407	3,394669	1,590345	2,041403	-0,124487	-0,124484	0,000000	1,555094	1,339388	0,199471
16,800000	7,628733	7,659706	0,411032	0,088873	1,170337	-10074,631545	-10637,589851	-2985,219335	-9007,119107	-9627,188633	8,752519	20,335853	22,067196	22,811438	28,490449	23,284092	23,611090	-2,907755	1,267378	0,962836	215675,558645	-0,197368	0,000553	3,469927	1,588649	2,038833	-0,124484	-0,124472	0,000000	1,554686	1,354421	0,199419
17,000000	7,628491	7,659109	0,398718	0,088509	1,169254	-10561,101680	-10854,517288	-2985,081687	-9508,464572	-10128,534098	8,751015	20,343986	22,070778	22,810797	28,478588	23,284703	23,613716	-2,908052	1,267952	0,963085	214272,085789	-0,197721	0,000742	3,533617	1,588160	2,036488	-0,124479	-0,124462	0,000000	1,555041	1,365784	0,199464
17,200000	7,627585	7,658490	0,416939	0,088664	1,162116	-11419,433683	-10965,582762	-2985,193402	-10340,702753	-10960,772279	8,749374	20,355057	22,082023	22,814343	28,461050	23,289507	23,607209	-2,908447	1,267757	0,963200	213757,668318	-0,198490	0,000785	3,370105	1,589886	2,035210	-0,124478	-0,124462	0,000000	1,555524	1,349487	0,199526
17,400000	7,626741	7,658248	0,455934	0,089092	1,147751	-12313,494867	-10965,143302	-2985,287007	-11220,247689	-11840,317215	8,747848	20,352145	22,092130	22,816785	28,454876	23,295590	23,599530	-2,908664	1,267561	0,963140	213890,668103	-0,198501	0,000629	3,178691	1,592596	2,034954	-0,124478	-0,124469	0,000000	1,555397	1,315492	0,199510
17,600000	7,626401	7,658152	0,482723	0,089756	1,132290	-12936,108339	-10944,831807	-2985,387430	-11803,787360	-12423,856886	8,746614	20,350221	22,093450	22,815319	28,460868	23,298471	23,600848	-2,908530	1,267100	0,963139	214010,010376	-0,198298	0,000422	3,234713	1,593996	2,035977	-0,124478	-0,124476	0,000000	1,555313	1,292868	0,199499
17,800000	7,626298	7,657877	0,488991	0,090569	1,130564	-13179,670855	-10938,272705	-2985,702523	-12026,652797	-12646,722324	8,745061	20,364788	22,089367	22,813154	28,465455	23,297586	23,606429	-2,908347	1,266572	0,963157	213883,157056	-0,198403	0,000560	3,401087	1,593652	2,037167	-0,124478	-0,124478	0,000000	1,555949	1,287133	0,199581
18,000000	7,626041	7,657318	0,491862	0,090721	1,139560	-13163,914684	-10939,068756	-2985,685686	-12086,382643	-12706,452170	8,743138	20,379013	22,088973	22,813350	28,465063	23,299192	23,605287	-2,908310	1,266664	0,963338	213657,490014	-0,198169	0,000934	3,469355	1,591839	2,037296	-0,124478	-0,124477	0,000000	1,556570	1,283109	0,199661
18,200000	7,625390	7,656739	0,504579	0,090498	1,149231	-13134,921828	-10939,917339	-2985,122126	-12176,511575	-12796,581102	8,741594	20,380369	22,093304	22,814869	28,464438	23,303466	23,596232	-2,908286	1,267903	0,963694	213470,383713	-0,197692	0,000993	3,473260	1,589579	2,037007	-0,124479	-0,124482	0,000000	1,556630	1,270358	0,199668
18,400000	7,624390	7,656560	0,519078	0,091040	1,158588	-13284,188676	-10940,658405	-2984,622246	-12407,473382	-13027,542908	8,740475	20,380996	22,096492	22,816725	28,465074	23,305065	23,585344	-2,908302	1,269466	0,963880	213306,994659	-0,197277	0,000700	3,464677	1,588162	2,038015	-0,124481	-0,124487	0,000000	1,556657	1,257075	0,199672
18,600000	7,623718	7,656527	0,521662	0,091557	1,162484	-13560,019312	-10941,604238	-2984,790933	-12737,852578	-13357,922104	8,739002	20,383698	22,094695	22,818167	28,467603	23,302154	23,579822	-2,908341	1,269354	0,963084	213323,333654	-0,197557	0,000426	3,436000	1,587512	2,040236	-0,124485	-0,124488	0,000000	1,556775	1,254424	0,199687
18,800000	7,623726	7,656239	0,511471	0,091451	1,155645	-13684,847630	-10942,136760	-2985,527261	-12891,321640	-13511,391167	8,737088	20,376113	22,089088	22,817880	28,472376	23,294345	23,585624	-2,908228	1,267938	0,961543	213711,637561	-0,198945	0,000344	3,476667	1,587250	2,041626	-0,124491	-0,124488	0,000000	1,556444	1,262657	0,199644
19,000000	7,623892	7,655945	0,493891	0,091689	1,149213	-13352,669775	-10941,779599	-2986,134432	-12581,154500	-13201,224027	8,735432	20,364821	22,083702	22,816741	28,476509	23,288258	23,597479	-2,908022	1,266726	0,960897	214252,920083	-0,200118	0,000402	3,610528	1,587185	2,041958	-0,124494	-0,124487	0,000000	1,555951	1,277449	0,199581
19,200000	7,623804	7,655781	0,473567	0,091426	1,149565	-12454,403277	-10941,029510	-2986,063835	-11769,353979	-12389,423506	8,734001	20,364389	22,079572	22,815344	28,479032	23,291437	23,603991	-2,907930	1,266389	0,961770	214857,994625	-0,199931	0,000457	3,796566	1,586396	2,041363	-0,124492	-0,124486	0,000000	1,555932	1,294425	0,199579
19,400000	7,623629	7,655471	0,458544	0,090342	1,140506	-11182,251098	-10788,824491	-2985,368845	-10584,451073	-11204,520599	8,732548	20,367718	22,076532	22,813400	28,479155	23,297309	23,602908	-2,908022	1,266915	0,962707	215591,286258	-0,198906	0,000483	3,897813	1,584576	2,039728	-0,124485	-0,124485	0,000000	1,556077	1,306225	0,199597
19,600000	7,623524	7,655041	0,451837	0,089995	1,118336	-9889,714775	-10174,740706	-2984,835389	-9229,936597	-9850,006123	8,730983	20,368589	22,076584	22,812836	28,473880	23,297765	23,599969	-2,908069	1,267745	0,962558	216298,840583	-0,198298	0,000458	3,783939	1,583197	2,039159	-0,124481	-0,124481	0,000000	1,556115	1,311034	0,199602
19,800000	7,623394	7,654644	0,444037	0,090095	1,105305	-8874,922438	-9252,587719	-2984,923921	-8052,519725	-8672,589252	8,729261	20,384705	22,079656	22,814197	28,470338	23,291915	23,600838	-2,907951	1,268250	0,962710	217137,779134	-0,198270	0,000396	3,643914	1,583123	2,039109	-0,124487	-0,124479	0,000000	1,556819	1,317975	0,199692
20,000000	7,623017	7,654241	0,422973	0,089583	1,104836	-8372,305320	-8730,480643	-2985,271919	-7418,651860	-8038,721386	8,727859	20,418686	22,081569	22,814183	28,473927	23,282973	23,603910	-2,907932	1,268034	0,963494	217939,057040	-0,198373	0,000353	3,707512	1,584010	2,038382	-0,124490	-0,124480	0,000000	1,558301	1,338196	0,199883
20,200000	7,622812	7,653812	0,388160	0,088719	1,100179	-8539,367508	-9006,498818	-2985,399267	-7473,214945	-8093,284471	8,726598	20,442073	22,081793	22,811876	28,475276	23,279658	23,605958	-2,908006	1,267164	0,963698	217947,671598	-0,198545	0,000388	3,902196	1,585832	2,037450	-0,124486	-0,124480	0,000000	1,559321	1,373295	0,200013
20,400000	7,622964	7,653390	0,356021	0,088305	1,093644	-9261,451809	-9863,672258	-2985,273048	-8118,715148	-8738,784674	8,724851	20,449614	22,085163	22,812181	28,466020	23,287230	23,607559	-2,907973	1,266313	0,963510	217229,698428	-0,198461	0,000570	3,896433	1,587990	2,036653	-0,124478	-0,124476	0,000000	1,559650	1,407657	0,200056
20,600000	7,622701	7,653076	0,345650	0,088963	1,089258	-10166,753942	-10708,269298	-2985,044083	-9135,650716	-9755,720242	8,722966	20,455945	22,091843	22,816161	28,455823	23,300173	23,606794	-2,908108	1,266312	0,963325	216236,100620	-0,197766	0,000793	3,701133	1,589177	2,036757	-0,124471	-0,124475	0,000000	1,559925	1,419451	0,200091
20,800000	7,621951	7,652988	0,359658	0,090227	1,080094	-10936,890014	-11058,649807	-2985,019747	-10185,762683	-10805,832209	8,721397	20,466051	22,095922	22,819058	28,457153	23,309055	23,600857	-2,908496	1,267045	0,962823	214767,941220	-0,197352	0,000969	3,562198	1,589175	2,037845	-0,124473	-0,124477	0,000000	1,560366	1,404797	0,200147
21,000000	7,621128	7,652786	0,390320	0,091011	1,067249	-11426,237205	-11028,506576	-2985,212573	-10918,005277	-11538,074803	8,720051	20,476099	22,093997	22,818943	28,465251	23,309193	23,595388	-2,908614	1,267813	0,962086	213302,049620	-0,197623	0,000968	3,440455	1,588533	2,039381	-0,124480	-0,124476	0,000000	1,560803	1,373254	0,200204
21,200000	7,620549	7,652363	0,420906	0,091011	1,047507	-11659,654917	-10948,124380	-2985,231927	-11270,812967	-11890,882493	8,718831	20,479571	22,090357	22,817776	28,470654	23,304991	23,593185	-2,908463	1,267886	0,961795	212777,316362	-0,197504	0,000704	3,332759	1,587221	2,039619	-0,124486	-0,124478	0,000000	1,560955	1,342536	0,200223
21,400000	7,620324	7,652105	0,425477	0,090766	1,021095	-11890,211191	-10924,172998	-2985,130483	-11502,014113	-12122,083639	8,717411	20,480798	22,090384	22,815844	28,471980	23,302094	23,588459	-2,908464	1,267260	0,961997	213003,758645	-0,197152	0,000317	3,297389	1,585240	2,038435	-0,124487	-0,124486	0,000000	1,561008	1,336534	0,200230
21,600000	7,620164	7,652016	0,403169	0,091335	1,006777	-12295,204707	-10932,306748	-2985,050371	-11861,594240	-12481,663767	8,715716	20,478061	22,092966	22,815191	28,470520	23,301087	23,585142	-2,908586	1,266631	0,962329	213263,261410	-0,197143	0,000170	3,355869	1,583575	2,037709	-0,124481	-0,124490	0,000000	1,560889	1,356348	0,200215
21,800000	7,619779	7,651825	0,382496	0,091874	1,004332	-12735,536735	-10942,328142	-2985,099692	-12316,698105	-12936,767632	8,714316	20,469355	22,093503	22,818808	28,468495	23,301006	23,587774	-2,908590	1,266533	0,962221	213312,542137	-0,197400	0,000281	3,487394	1,582835	2,038415	-0,124478	-0,124485	0,000000	1,560510	1,375937	0,200166
22,000000	7,619212	7,651503	0,378769	0,091287	1,004037	-13009,838144	-10944,865100	-2985,473420	-12621,736886	-13241,806413	8,713185	20,465016	22,087054	22,821479	28,470341	23,299205	23,593896	-2,908398	1,266800	0,961880	213279,219451	-0,197740	0,000366	3,584578	1,582506	2,039962	-0,124485	-0,124480	0,000000	1,560321	1,379317	0,200142
22,200000	7,618946	7,651168	0,379776	0,090769	1,010868	-13020,123195	-10942,133509	-2985,829307	-12588,891907	-13208,961433	8,711723	20,477860	22,074865	22,818923	28,476898	23,293945	23,603035	-2,908036	1,267273	0,962063	213326,229901	-0,197983	0,000497	3,613561	1,582389	2,040867	-0,124493	-0,124479	0,000000	1,560880	1,378196	0,200213
22,400000	7,619229	7,650589	0,375104	0,090536	1,019291	-12718,880946	-10939,549231	-2985,795715	-12182,188816	-12802,258343	8,709924	20,507823	22,066729	22,814313	28,481676	23,288077	23,612517	-2,907741	1,267095	0,962400	213476,495587	-0,198293	0,000609	3,642508	1,582340	2,040683	-0,124493	-0,124477	0,000000	1,562185	1,382788	0,200381
22,600000	7,619638	7,649872	0,366860	0,089612	1,021152	-12060,901029	-10929,469147	-2985,526470	-11398,194911	-12018,264438	8,708132	20,533705	22,069053	22,812533	28,478459	23,287346	23,614737	-2,907859	1,266807	0,962325	213622,445863	-0,198337	0,000498	3,787504	1,582093	2,040108	-0,124488	-0,124476	0,000000	1,563311	1,390792	0,200525
22,800000	7,619533	7,649411	0,353975	0,088447	1,022635	-11061,012435	-10688,499585	-2985,382084	-10272,521349	-10892,590875	8,706543	20,545079	22,078205	22,813951	28,471062	23,290217	23,606420	-2,908182	1,267508	0,962229	213754,912795	-0,198214	0,000287	3,962581	1,582120	2,039180	-0,124485	-0,124476	0,000000	1,563806	1,403941	0,200589
23,000000	7,619003	7,649174	0,339896	0,088968	1,029969	-9894,009377	-9922,687382	-2985,593209	-8995,556622	-9615,626148	8,705031	20,547253	22,086023	22,815137	28,467160	23,291059	23,597611	-2,908221	1,267592	0,962586	213929,270160	-0,198921	0,000193	3,941299	1,583276	2,037558	-0,124481	-0,124477	0,000000	1,563900	1,419672	0,200601
23,200000	7,618489	7,649028	0,331789	0,090646	1,037885	-8892,418864	-8976,830005	-2985,587656	-7922,897851	-8542,967378	8,703395	20,548023	22,087202	22,814267	28,465935	23,290454	23,597943	-2,908014	1,267537	0,963024	214440,723657	-0,199397	0,000292	3,780130	1,585552	2,036405	-0,124479	-0,124476	0,000000	1,563934	1,430345	0,200605
23,400000	7,617948	7,648758	0,327006	0,090714	1,038396	-8456,339640	-8615,686203	-2985,128490	-7430,850753	-8050,920279	8,701914	20,551545	22,083652	22,812665	28,465540	23,291282	23,604203	-2,907937	1,268012	0,963174	215323,814715	-0,198247	0,000531	3,686397	1,587020	2,036355	-0,124478	-0,124471	0,000000	1,564087	1,436792	0,200625
23,600000	7,617348	7,648267	0,320467	0,089580	1,034469	-8775,509364	-9120,587129	-2984,958970	-7663,964899	-8284,034425	8,700677	20,552110	22,082505	22,812386	28,466454	23,295902	23,608378	-2,907981	1,267716	0,963349	215575,760163	-0,197178	0,000758	3,677300	1,586457	2,036702	-0,124473	-0,124469	0,000000	1,564112	1,443322	0,200628
23,800000	7,616924	7,647653	0,317446	0,089777	1,030007	-9714,020372	-10095,063781	-2985,014232	-8477,216715	-9097,286241	8,699375	20,549981	22,085801	22,813400	28,463444	23,303483	23,605647	-2,907988	1,267743	0,963748	214636,324504	-0,197476	0,000865	3,665424	1,584828	2,037059	-0,124468	-0,124472	0,000000	1,564019	1,445024	0,200616
24,000000	7,616711	7,647268	0,330921	0,090995	1,025752	-10943,124949	-10851,327904	-2984,775443	-9583,230647	-10203,300173	8,697757	20,553980	22,090395	22,815296	28,457024	23,311698	23,596403	-2,908061	1,268317	0,963668	213404,079841	-0,197879	0,000853	3,627757	1,582888	2,037907	-0,124469	-0,124480	0,000000	1,564193	1,428534	0,200638
24,200000	7,616394	7,647313	0,359536	0,091960	1,029747	-12076,393190	-11074,002793	-2984,643372	-10663,125441	-11283,194967	8,696036	20,560340	22,093453	22,817354	28,453578	23,314102	23,585812	-2,908248	1,268009	0,963114	212186,130922	-0,197801	0,000674	3,547911	1,581258	2,039707	-0,124473	-0,124490	0,000000	1,564470	1,396997	0,200674
24,400000	7,615997	7,647421	0,389389	0,093017	1,043035	-12806,955169	-11008,837307	-2985,081031	-11434,136307	-12054,205833	8,694615	20,556919	22,092127	22,818467	28,456173	23,306208	23,582589	-2,908364	1,267557	0,962575	210729,806496	-0,198005	0,000439	3,513998	1,579860	2,041401	-0,124479	-0,124488	0,000000	1,564321	1,365784	0,200655
24,600000	7,615688	7,647518	0,412474	0,093014	1,056460	-13081,440438	-10940,759775	-2985,702725	-11814,405326	-12434,474853	8,693138	20,544740	22,087253	22,818020	28,461591	23,296939	23,588887	-2,908348	1,267430	0,962452	209494,023603	-0,198505	0,000544	3,634401	1,578322	2,041639	-0,124486	-0,124479	0,000000	1,563791	1,342186	0,200587
24,800000	7,615232	7,647367	0,430260	0,091357	1,068208	-13144,316882	-10928,304815	-2985,792362	-11971,023844	-12591,093370	8,691410	20,535749	22,083108	22,816601	28,463703	23,292863	23,594866	-2,908393	1,267265	0,962785	208377,457766	-0,198357	0,000768	3,781211	1,577168	2,040291	-0,124491	-0,124478	0,000000	1,563400	1,324512	0,200537
25,000000	7,614750	7,646543	0,448657	0,090543	1,079768	-13189,753865	-10936,612455	-2985,428542	-12064,485259	-12684,554786	8,689840	20,537869	22,082072	22,815779	28,466083	23,293049	23,596293	-2,908385	1,267391	0,962834	207416,494776	-0,198128	0,000689	3,832007	1,576489	2,039250	-0,124487	-0,124482	0,000000	1,563492	1,307011	0,200548
25,200000	7,614684	7,645726	0,470961	0,091260	1,092381	-13268,735552	-10941,207329	-2985,165109	-12144,077695	-12764,147222	8,688283	20,543386	22,082107	22,816920	28,472504	23,295571	23,597318	-2,908125	1,267531	0,962439	207714,420929	-0,198583	0,000436	3,745762	1,576600	2,040484	-0,124479	-0,124486	0,000000	1,563732	1,287176	0,200579
25,400000	7,614627	7,645750	0,490949	0,091659	1,106126	-13456,778278	-10940,986160	-2985,244467	-12260,383211	-12880,452737	8,686545	20,539625	22,078042	22,817930	28,480283	23,294613	23,600936	-2,907923	1,267371	0,961956	209203,721515	-0,198815	0,000101	3,579585	1,577882	2,041377	-0,124477	-0,124484	0,000000	1,563569	1,270977	0,200558
25,600000	7,614207	7,646121	0,498318	0,090819	1,113949	-13701,424748	-10940,057161	-2985,709928	-12412,430026	-13032,499553	8,685134	20,519602	22,070299	22,815332	28,480883	23,288308	23,606539	-2,907977	1,266773	0,961962	210442,025829	-0,198923	-8,999091E-5	3,508800	1,579380	2,039940	-0,124485	-0,124473	0,000000	1,562697	1,265992	0,200447
25,800000	7,614099	7,645921	0,493349	0,089859	1,117989	-13741,202599	-10939,618846	-2986,089570	-12427,345593	-13047,415119	8,683973	20,480632	22,067816	22,812154	28,471737	23,283505	23,611204	-2,907908	1,266515	0,962548	211081,987666	-0,199341	0,000281	3,567247	1,580529	2,037649	-0,124491	-0,124463	0,000000	1,561001	1,271076	0,200229
26,000000	7,614164	7,645203	0,480600	0,090154	1,130783	-13357,767601	-10939,698498	-2985,913667	-12096,428031	-12716,497558	8,682458	20,440800	22,075041	22,812009	28,462056	23,285691	23,612500	-2,907841	1,266802	0,963442	211527,274955	-0,199413	0,000846	3,681825	1,582735	2,035140	-0,124490	-0,124463	0,000000	1,559265	1,283668	0,200006
26,200000	7,613595	7,644188	0,465308	0,091030	1,147445	-12584,482517	-10940,422072	-2985,371718	-11420,676935	-12040,746461	8,680961	20,425176	22,086606	22,814111	28,455353	23,292860	23,606652	-2,908054	1,266837	0,963556	212100,366319	-0,199066	0,000849	3,630828	1,586218	2,033922	-0,124483	-0,124471	0,000000	1,558584	1,299733	0,199919
26,400000	7,612772	7,643229	0,461477	0,091574	1,155214	-11726,540504	-10941,056403	-2984,844017	-10650,667297	-11270,736823	8,679783	20,433574	22,094475	22,817279	28,454176	23,299733	23,597715	-2,908126	1,267671	0,962455	212948,938934	-0,198492	0,000523	3,396489	1,588528	2,034904	-0,124478	-0,124481	0,000000	1,558950	1,304875	0,199966
26,600000	7,612310	7,643140	0,472710	0,091558	1,160257	-11198,928510	-10940,419441	-2984,862139	-10091,004909	-10711,074436	8,678392	20,448423	22,094868	22,818709	28,460832	23,303377	23,594861	-2,908063	1,268799	0,962117	213721,543012	-0,198262	0,000419	3,358485	1,588728	2,037131	-0,124479	-0,124484	0,000000	1,559598	1,295089	0,200049
26,800000	7,612124	7,643580	0,479463	0,091262	1,168375	-11137,265504	-10939,719215	-2985,162894	-9866,742847	-10486,812373	8,676805	20,446529	22,090507	22,815278	28,469246	23,303962	23,597071	-2,908190	1,269038	0,962651	214428,878632	-0,198288	0,000428	3,591570	1,588009	2,038434	-0,124478	-0,124482	0,000000	1,559515	1,288710	0,200038
27,000000	7,611894	7,643780	0,469207	0,091701	1,179714	-11354,869764	-10940,501875	-2985,284301	-9922,963189	-10543,032715	8,675317	20,415194	22,088142	22,811092	28,470864	23,303083	23,598595	-2,908355	1,268675	0,962510	215040,942781	-0,198222	0,000378	3,769871	1,587228	2,037962	-0,124474	-0,124482	0,000000	1,558149	1,297126	0,199863
27,200000	7,611493	7,643684	0,453545	0,092698	1,195200	-11547,088213	-10942,199715	-2985,423397	-10079,330483	-10699,400009	8,673924	20,383686	22,091653	22,812573	28,464662	23,301649	23,595831	-2,908283	1,268071	0,962541	215055,586323	-0,198788	0,000327	3,696052	1,586991	2,037739	-0,124472	-0,124481	0,000000	1,556774	1,310866	0,199687
27,400000	7,611085	7,643458	0,447368	0,093172	1,201433	-11413,830321	-10941,049097	-2985,257524	-10058,602029	-10678,671555	8,672488	20,377080	22,096640	22,817015	28,458203	23,300879	23,588373	-2,908161	1,267783	0,962767	214524,945635	-0,198837	0,000259	3,595901	1,587199	2,039047	-0,124474	-0,124478	0,000000	1,556486	1,316551	0,199650
27,600000	7,610695	7,643292	0,449214	0,092905	1,190094	-10926,638891	-10827,779658	-2984,741822	-9695,038659	-10315,108186	8,670726	20,373303	22,096155	22,818556	28,459460	23,299840	23,585100	-2,908179	1,268234	0,961941	214060,014582	-0,197500	0,000259	3,631350	1,587212	2,041373	-0,124479	-0,124481	0,000000	1,556321	1,314858	0,199629
27,800000	7,610476	7,643189	0,449854	0,092157	1,178109	-10272,607276	-10416,610299	-2984,655280	-9064,072342	-9684,141868	8,668926	20,362659	22,087136	22,817115	28,468572	23,295421	23,592712	-2,908074	1,268228	0,961460	213834,903423	-0,196807	0,000455	3,615699	1,587400	2,042688	-0,124483	-0,124484	0,000000	1,555856	1,314463	0,199569
28,000000	7,610639	7,643056	0,449918	0,091109	1,179233	-9545,222308	-9711,433394	-2984,944463	-8338,393515	-8958,463041	8,667537	20,344921	22,075873	22,815306	28,477683	23,291595	23,604315	-2,907970	1,267327	0,962234	213699,319016	-0,197349	0,000645	3,529257	1,588754	2,041909	-0,124484	-0,124480	0,000000	1,555082	1,315554	0,199470
28,200000	7,610853	7,642617	0,461497	0,090266	1,181675	-8825,764989	-9000,595767	-2985,171589	-7676,341042	-8296,410569	8,666289	20,309774	22,071595	22,814698	28,482123	23,293014	23,610008	-2,908115	1,267132	0,963085	213544,956378	-0,197999	0,000642	3,496416	1,591055	2,040206	-0,124479	-0,124476	0,000000	1,553546	1,306973	0,199273
28,400000	7,610614	7,641855	0,485811	0,090507	1,174247	-8396,953382	-8691,970745	-2985,625508	-7289,976243	-7910,045769	8,664896	20,277765	22,074125	22,815248	28,482029	23,295391	23,606564	-2,908192	1,267019	0,962968	213319,230812	-0,198692	0,000515	3,624097	1,592738	2,038924	-0,124474	-0,124477	0,000000	1,552147	1,286820	0,199093
28,600000	7,609907	7,641284	0,498715	0,091281	1,169755	-8564,097977	-9035,430486	-2986,213085	-7398,954150	-8019,023677	8,663385	20,272210	22,079088	22,815709	28,478531	23,295027	23,600552	-2,908084	1,266288	0,962391	212885,311537	-0,199632	0,000450	3,835245	1,593156	2,038495	-0,124480	-0,124479	0,000000	1,551904	1,275969	0,199062
28,800000	7,609292	7,641034	0,492248	0,090789	1,174404	-9338,299402	-9898,883545	-2986,286780	-8054,867588	-8674,937114	8,661689	20,280411	22,082562	22,815531	28,476041	23,292440	23,599480	-2,908097	1,266029	0,962795	212002,793486	-0,200212	0,000684	3,839250	1,593160	2,038104	-0,124486	-0,124481	0,000000	1,552262	1,281457	0,199108
29,000000	7,609001	7,640620	0,486677	0,089571	1,178585	-10468,342356	-10726,051417	-2985,858535	-9094,112766	-9714,182293	8,659990	20,282035	22,082774	22,814599	28,476170	23,287074	23,602845	-2,908231	1,266329	0,963755	211051,897002	-0,199574	0,000973	3,630122	1,593042	2,036850	-0,124487	-0,124478	0,000000	1,552333	1,286108	0,199117
29,200000	7,608612	7,639896	0,495087	0,089662	1,187039	-11671,747977	-11056,374836	-2985,561606	-10241,269396	-10861,338922	8,658598	20,275478	22,081893	22,813386	28,472759	23,284744	23,607837	-2,908319	1,266540	0,964136	210154,340871	-0,198632	0,000975	3,402712	1,592527	2,035864	-0,124484	-0,124468	0,000000	1,552046	1,278341	0,199080
29,400000	7,608144	7,639387	0,512056	0,090326	1,205043	-12711,259515	-11023,715027	-2985,191235	-11270,308698	-11890,378225	8,657291	20,271856	22,083090	22,813136	28,464486	23,294248	23,610055	-2,908381	1,267373	0,963993	209058,537975	-0,198202	0,000980	3,282510	1,592040	2,035334	-0,124477	-0,124466	0,000000	1,551888	1,263494	0,199060
29,600000	7,607795	7,639108	0,524017	0,090702	1,226153	-13467,616786	-10947,429068	-2984,790253	-12102,711327	-12722,780853	8,655644	20,278750	22,088834	22,814485	28,457064	23,309760	23,604055	-2,908505	1,268502	0,963604	208086,842476	-0,198272	0,000846	3,267957	1,591865	2,034872	-0,124471	-0,124476	0,000000	1,552190	1,253358	0,199099
29,800000	7,607326	7,638736	0,531061	0,092198	1,246168	-14007,682366	-10926,127501	-2985,078300	-12767,500798	-13387,570325	8,653766	20,293474	22,095482	22,816239	28,452770	23,317330	23,593693	-2,908644	1,268555	0,962977	207200,270860	-0,198536	0,000534	3,273445	1,591628	2,036649	-0,124474	-0,124484	0,000000	1,552833	1,247324	0,199181
30,000000	7,606658	7,638431	0,537041	0,093880	1,256497	-14447,254523	-10934,670669	-2985,555916	-13310,958915	-13931,028441	8,652334	20,306409	22,097802	22,817053	28,454763	23,312519	23,587073	-2,908563	1,268356	0,962509	206492,524054	-0,198381	0,000433	3,329873	1,590662	2,039521	-0,124484	-0,124486	0,000000	1,553399	1,241675	0,199254
30,200000	7,606044	7,638237	0,546049	0,093660	1,253691	-14824,347591	-10942,799298	-2985,567794	-13748,803657	-14368,873183	8,651335	20,311086	22,096234	22,815325	28,463509	23,301794	23,585742	-2,908327	1,268056	0,962775	206951,016872	-0,198415	0,000347	3,435250	1,588747	2,040434	-0,124494	-0,124488	0,000000	1,553603	1,232967	0,199280
30,400000	7,606011	7,638013	0,565851	0,092053	1,247950	-15055,789044	-10944,138599	-2985,304173	-14018,533822	-14638,603348	8,650004	20,307672	22,093086	22,812945	28,469902	23,294512	23,587831	-2,908162	1,267613	0,962965	208497,332082	-0,198663	0,000325	3,537447	1,587060	2,039714	-0,124493	-0,124488	0,000000	1,553454	1,216080	0,199261
30,600000	7,606310	7,637690	0,579389	0,090871	1,238896	-15041,389803	-10943,737258	-2984,908396	-14072,030120	-14692,099646	8,648381	20,295227	22,091150	22,814967	28,468450	23,295075	23,591719	-2,908110	1,268033	0,962480	209937,747362	-0,198325	0,000394	3,533628	1,586719	2,038765	-0,124482	-0,124484	0,000000	1,552910	1,205332	0,199191
30,800000	7,606040	7,637345	0,563456	0,090952	1,220166	-14799,796472	-10943,371756	-2984,644427	-13973,986783	-14594,056309	8,646853	20,279368	22,089938	22,819295	28,465052	23,298804	23,595299	-2,908271	1,268745	0,962236	211163,122209	-0,197591	0,000358	3,400583	1,586955	2,038850	-0,124475	-0,124482	0,000000	1,552217	1,217722	0,199102
31,000000	7,605402	7,637066	0,530337	0,091635	1,199175	-14285,944750	-10942,162634	-2984,708258	-13652,373311	-14272,442838	8,645232	20,272208	22,084800	22,820780	28,469106	23,297486	23,597838	-2,908376	1,268790	0,962097	212269,660009	-0,197353	0,000247	3,324657	1,586899	2,040524	-0,124479	-0,124479	0,000000	1,551903	1,244014	0,199062
31,200000	7,605296	7,636813	0,503644	0,092127	1,182271	-13357,835576	-10940,895749	-2985,128015	-12899,581869	-13519,651395	8,643362	20,271961	22,073581	22,818465	28,480542	23,291913	23,602302	-2,907999	1,267934	0,961864	213341,641960	-0,198170	0,000140	3,234959	1,586692	2,041800	-0,124488	-0,124479	0,000000	1,551893	1,265963	0,199061
31,400000	7,605671	7,636565	0,482529	0,091899	1,158915	-12193,594167	-10940,405687	-2985,743519	-11826,767479	-12446,837005	8,641623	20,270036	22,064173	22,814947	28,485963	23,289096	23,606568	-2,907612	1,267094	0,962100	214633,152930	-0,198810	0,000103	3,033144	1,586757	2,040328	-0,124493	-0,124480	0,000000	1,551808	1,284056	0,199050
31,600000	7,605655	7,636209	0,459012	0,090894	1,130404	-11225,939068	-10940,547123	-2985,934565	-10821,399653	-11441,469179	8,640154	20,283295	22,066015	22,813244	28,478412	23,289929	23,605218	-2,907730	1,266723	0,963064	215433,787286	-0,198408	0,000307	2,902294	1,587381	2,037096	-0,124493	-0,124478	0,000000	1,552388	1,305195	0,199124
31,800000	7,605232	7,635763	0,433585	0,089741	1,111020	-10609,360684	-10941,156520	-2985,675301	-10082,075444	-10702,144970	8,638581	20,323011	22,077204	22,814868	28,467746	23,292330	23,602581	-2,908049	1,266444	0,964340	215487,993019	-0,198558	0,000832	2,909236	1,588418	2,034369	-0,124491	-0,124473	0,000000	1,554125	1,329100	0,199347
32,000000	7,604863	7,635504	0,403768	0,089279	1,095482	-10177,417931	-10908,883122	-2985,211173	-9577,958775	-10198,028301	8,637228	20,364094	22,087309	22,818058	28,464081	23,296665	23,601966	-2,908294	1,267212	0,964691	215408,887866	-0,198908	0,001058	3,012075	1,589902	2,033666	-0,124489	-0,124472	0,000000	1,555919	1,358538	0,199577
32,200000	7,604232	7,635316	0,370793	0,089552	1,075863	-9873,668283	-10859,248597	-2984,814067	-9309,548376	-9929,617903	8,636280	20,377785	22,088443	22,818357	28,466240	23,301280	23,601881	-2,908322	1,268257	0,963679	215866,873668	-0,198674	0,000679	3,190393	1,591019	2,034932	-0,124484	-0,124474	0,000000	1,556517	1,392188	0,199654
32,400000	7,603414	7,634966	0,349770	0,089962	1,058372	-9912,172518	-10875,307327	-2984,981314	-9410,033108	-10030,102634	8,635146	20,366859	22,083548	22,815340	28,467860	23,301842	23,604423	-2,908240	1,267958	0,962657	216887,626918	-0,199238	0,000353	3,259847	1,590486	2,036043	-0,124478	-0,124474	0,000000	1,556040	1,413371	0,199593
32,600000	7,603131	7,634542	0,344646	0,090366	1,043577	-10253,691425	-10928,092702	-2985,395578	-9889,367399	-10509,436926	8,633592	20,362991	22,080599	22,813455	28,466132	23,300770	23,606195	-2,908337	1,267645	0,962758	217823,253268	-0,199914	0,000504	3,193575	1,589034	2,036152	-0,124473	-0,124472	0,000000	1,555871	1,417395	0,199571
32,800000	7,603235	7,634029	0,350650	0,090287	1,022590	-10513,287840	-10948,564829	-2985,514926	-10398,754269	-11018,823796	8,631902	20,387793	22,085592	22,814424	28,460087	23,305013	23,600716	-2,908517	1,267670	0,963176	218634,968248	-0,199420	0,000628	3,211238	1,587731	2,036726	-0,124473	-0,124476	0,000000	1,556953	1,409819	0,199710
33,000000	7,602899	7,633778	0,369848	0,089983	0,996343	-10577,378811	-10946,291335	-2985,464519	-10613,794906	-11233,864433	8,630426	20,432970	22,094622	22,815630	28,451889	23,310276	23,590215	-2,908595	1,267250	0,962708	219322,442944	-0,198635	0,000539	3,229239	1,586154	2,037725	-0,124478	-0,124484	0,000000	1,558924	1,388587	0,199962
33,200000	7,601955	7,633973	0,382666	0,091315	0,971141	-10634,506342	-10943,263770	-2985,443553	-10582,580363	-11202,649890	8,629002	20,467109	22,097586	22,816702	28,450922	23,309035	23,582902	-2,908547	1,267031	0,961740	219595,647944	-0,198171	0,000750	3,223508	1,585183	2,038680	-0,124483	-0,124486	0,000000	1,560412	1,374888	0,200153
33,400000	7,601030	7,634084	0,372989	0,093327	0,948811	-10767,181380	-10942,969490	-2985,169487	-10518,438163	-11138,507690	8,627450	20,476827	22,092289	22,818241	28,459016	23,304393	23,583204	-2,908331	1,267276	0,961472	219595,747595	-0,197437	0,000928	3,382326	1,586527	2,040094	-0,124489	-0,124482	0,000000	1,560835	1,385804	0,200208
33,600000	7,600751	7,633871	0,358725	0,092996	0,936467	-10970,267312	-10941,624299	-2984,870396	-10569,918687	-11189,988214	8,626042	20,470425	22,084468	22,818794	28,465741	23,300341	23,589790	-2,908070	1,267308	0,961616	219796,777817	-0,196869	0,000648	3,638401	1,588933	2,041166	-0,124493	-0,124478	0,000000	1,560556	1,402476	0,200172
33,800000	7,601134	7,633327	0,348541	0,091220	0,941502	-11241,080395	-10940,009383	-2985,074422	-10729,737880	-11349,807406	8,624652	20,461282	22,079917	22,818088	28,468124	23,298781	23,599283	-2,908006	1,266800	0,961511	220504,194212	-0,197268	0,000280	3,744073	1,590185	2,041134	-0,124490	-0,124477	0,000000	1,560158	1,414110	0,200121
34,000000	7,601520	7,632719	0,330862	0,090277	0,955479	-11393,878751	-10938,942187	-2985,565748	-10849,255073	-11469,324599	8,623085	20,478161	22,078395	22,817208	28,471078	23,301449	23,605009	-2,908148	1,266326	0,962097	221276,069448	-0,197832	9,566108E-5	3,520226	1,590556	2,039917	-0,124487	-0,124479	0,000000	1,560893	1,433154	0,200215
34,200000	7,601249	7,632353	0,311141	0,090032	0,963726	-11141,655774	-10925,484270	-2985,798721	-10685,930950	-11306,000477	8,621633	20,520662	22,077713	22,816543	28,473459	23,302576	23,603683	-2,908389	1,266406	0,963455	221527,801711	-0,197767	0,000205	3,298583	1,590458	2,038858	-0,124486	-0,124479	0,000000	1,562744	1,454582	0,200452
34,400000	7,600396	7,632180	0,303692	0,090535	0,962497	-10543,561279	-10804,638067	-2985,804211	-10097,799108	-10717,868634	8,620293	20,543826	22,077329	22,816737	28,471481	23,295929	23,602441	-2,908381	1,266819	0,963799	221369,035399	-0,198402	0,000417	3,365230	1,588845	2,039047	-0,124490	-0,124475	0,000000	1,563751	1,461373	0,200582
34,600000	7,599843	7,631986	0,302152	0,091242	0,959709	-9894,110351	-10370,949990	-2986,107900	-9261,767710	-9881,837236	8,618809	20,534701	22,076126	22,816695	28,468264	23,286297	23,605875	-2,908012	1,267150	0,963203	221334,450513	-0,200117	0,000483	3,315474	1,586418	2,038827	-0,124497	-0,124473	0,000000	1,563354	1,460818	0,200531
34,800000	7,599743	7,631471	0,294931	0,090526	0,962192	-9332,293514	-9730,383039	-2986,225149	-8515,667277	-9135,736803	8,617165	20,525759	22,074348	22,815267	28,464381	23,282086	23,609661	-2,907810	1,267461	0,962698	221674,729203	-0,200616	0,000513	3,120977	1,584918	2,037329	-0,124499	-0,124472	0,000000	1,562965	1,467479	0,200481
35,000000	7,599731	7,630974	0,281375	0,089479	0,953486	-9112,332602	-9490,458643	-2985,539769	-8193,085375	-8813,154902	8,615334	20,534386	22,074656	22,813885	28,457657	23,286759	23,610289	-2,908056	1,267718	0,962383	222067,842261	-0,199619	0,000653	3,102194	1,584615	2,035275	-0,124489	-0,124472	0,000000	1,563341	1,482615	0,200529
35,200000	7,599689	7,630688	0,278106	0,090020	0,927841	-9513,944563	-9969,110833	-2984,797889	-8480,855368	-9100,924894	8,613595	20,566021	22,080658	22,814099	28,452069	23,298521	23,607598	-2,908294	1,268043	0,962550	222046,204082	-0,198956	0,000746	3,171997	1,585243	2,034315	-0,124476	-0,124470	0,000000	1,564717	1,486919	0,200705
35,400000	7,599317	7,630312	0,291622	0,091631	0,910267	-10322,431638	-10681,119399	-2984,701202	-9230,248184	-9850,317710	8,612398	20,615677	22,089819	22,816638	28,450451	23,310352	23,602853	-2,908377	1,268415	0,962960	221644,788806	-0,198896	0,000587	3,253177	1,586165	2,035882	-0,124470	-0,124474	0,000000	1,566874	1,472125	0,200982
35,600000	7,598614	7,630108	0,311007	0,092656	0,901620	-11089,192769	-11030,164034	-2985,042046	-10087,169684	-10707,239210	8,611312	20,650191	22,094018	22,818299	28,454634	23,313714	23,597507	-2,908577	1,268123	0,963356	220973,368026	-0,199065	0,000246	3,250690	1,586785	2,037565	-0,124474	-0,124482	0,000000	1,568373	1,450894	0,201174
35,800000	7,597930	7,630100	0,339688	0,092399	0,893946	-11618,713429	-11025,448994	-2985,513657	-10773,452957	-11393,522484	8,609824	20,655079	22,091952	22,815646	28,457378	23,307965	23,593024	-2,908546	1,267138	0,963728	219689,572007	-0,199478	6,378979E-5	3,167477	1,586747	2,037396	-0,124482	-0,124485	0,000000	1,568585	1,419810	0,201202
36,000000	7,597722	7,629927	0,369987	0,091866	0,899949	-11928,376546	-10954,862202	-2985,699717	-11192,319655	-11812,389181	8,608066	20,647700	22,089519	22,812254	28,452623	23,301703	23,591452	-2,908204	1,266841	0,963773	218170,321713	-0,199536	0,000346	3,165001	1,585651	2,036567	-0,124482	-0,124484	0,000000	1,568265	1,387405	0,201161
36,200000	7,597603	7,629559	0,383322	0,091642	0,919588	-12082,564216	-10929,585462	-2985,231500	-11367,756708	-11987,826235	8,606357	20,650757	22,090990	22,812928	28,450546	23,300893	23,591600	-2,908111	1,267237	0,963454	216756,086156	-0,198866	0,000640	3,123869	1,583801	2,035714	-0,124476	-0,124482	0,000000	1,568397	1,372351	0,201178
36,400000	7,597000	7,629095	0,379966	0,091596	0,942117	-12066,540832	-10934,554984	-2984,615607	-11297,638680	-11917,708206	8,605109	20,676640	22,092112	22,816167	28,454071	23,303257	23,590684	-2,908346	1,267368	0,963112	215254,721159	-0,197768	0,000658	3,034349	1,581504	2,036773	-0,124471	-0,124482	0,000000	1,569520	1,373621	0,201322
36,600000	7,596234	7,628767	0,370921	0,091722	0,967138	-11867,395246	-10941,244887	-2984,511174	-11006,772030	-11626,841557	8,604064	20,708996	22,088569	22,819898	28,458885	23,303932	23,591470	-2,908492	1,267823	0,962916	214645,443693	-0,197052	0,000658	3,115765	1,579205	2,040200	-0,124473	-0,124480	0,000000	1,570923	1,380629	0,201502
36,800000	7,595727	7,628726	0,365591	0,091652	0,992290	-11644,883634	-10942,406948	-2984,873106	-10676,318541	-11296,388067	8,602547	20,723106	22,082362	22,821250	28,466222	23,301378	23,597043	-2,908405	1,268102	0,962664	215481,242958	-0,197250	0,000615	3,302616	1,578595	2,042508	-0,124484	-0,124478	0,000000	1,571535	1,385505	0,201580
37,000000	7,595956	7,628636	0,375180	0,091188	1,011217	-11602,599238	-10942,268010	-2985,555772	-10491,468797	-11111,538324	8,600683	20,718632	22,075425	22,816737	28,473837	23,296390	23,603747	-2,908183	1,267385	0,962367	216655,453548	-0,198300	0,000592	3,301998	1,580277	2,041766	-0,124489	-0,124484	0,000000	1,571341	1,377348	0,201555
37,200000	7,596695	7,628212	0,395659	0,090530	1,026392	-11839,430896	-10942,703961	-2985,934596	-10528,605772	-11148,675298	8,599070	20,711303	22,071593	22,810929	28,474703	23,290315	23,606832	-2,907933	1,266619	0,962730	217579,990185	-0,199207	0,000599	3,119560	1,582560	2,039562	-0,124486	-0,124488	0,000000	1,571023	1,359055	0,201514
37,400000	7,596854	7,627650	0,401081	0,089962	1,043621	-12247,399150	-10942,433874	-2985,797591	-10753,064482	-11373,134008	8,597738	20,708673	22,075771	22,810318	28,468375	23,287887	23,605441	-2,907917	1,265935	0,963643	218444,167316	-0,199308	0,000630	3,064856	1,584017	2,037652	-0,124483	-0,124481	0,000000	1,570909	1,354926	0,201500
37,600000	7,596250	7,627158	0,390527	0,089295	1,058498	-12511,298325	-10940,785271	-2985,610218	-10987,852007	-11607,921533	8,596469	20,710286	22,085094	22,813921	28,461719	23,290141	23,600228	-2,908132	1,265875	0,963539	218708,107379	-0,199270	0,000684	3,174102	1,584613	2,036554	-0,124482	-0,124474	0,000000	1,570979	1,365602	0,201509
37,800000	7,595557	7,626824	0,390547	0,088837	1,063425	-12474,458584	-10939,335169	-2985,297997	-11069,490819	-11689,560345	8,595202	20,711828	22,089709	22,816627	28,461392	23,291114	23,599489	-2,908288	1,266914	0,962890	217993,719880	-0,198931	0,000565	3,181853	1,584743	2,035977	-0,124482	-0,124468	0,000000	1,571046	1,365627	0,201517
38,000000	7,595220	7,626593	0,405510	0,089391	1,062338	-12396,215516	-10939,025437	-2985,071005	-11085,020617	-11705,090143	8,593585	20,707020	22,085241	22,816761	28,464551	23,290269	23,607843	-2,908148	1,267894	0,963028	217098,584735	-0,199000	0,000453	3,068447	1,584594	2,035425	-0,124480	-0,124469	0,000000	1,570838	1,350933	0,201491
38,200000	7,595189	7,626261	0,415486	0,090025	1,058869	-12558,487048	-10938,284276	-2985,084577	-11194,685817	-11814,755343	8,591749	20,701389	22,079305	22,815184	28,461564	23,293402	23,614526	-2,908002	1,268417	0,963074	216855,421446	-0,199473	0,000472	3,006515	1,584273	2,035314	-0,124475	-0,124471	0,000000	1,570594	1,341078	0,201459
38,400000	7,594900	7,625855	0,411814	0,090069	1,057471	-12804,259569	-10938,050279	-2985,197566	-11313,400038	-11933,469564	8,590312	20,703627	22,081408	22,813673	28,453146	23,301558	23,613416	-2,908216	1,268226	0,962821	217137,968148	-0,199624	0,000532	2,933818	1,583984	2,035007	-0,124469	-0,124473	0,000000	1,570691	1,344229	0,201472
38,600000	7,594036	7,625495	0,409778	0,090821	1,070119	-12711,138423	-10939,621699	-2985,432959	-11201,521607	-11821,591134	8,589083	20,696638	22,090180	22,813825	28,445898	23,309080	23,604006	-2,908466	1,267538	0,962855	217494,600584	-0,199979	0,000617	2,818084	1,583863	2,034527	-0,124472	-0,124478	0,000000	1,570388	1,345979	0,201433
38,800000	7,593123	7,625026	0,423007	0,092233	1,089553	-12086,493864	-10916,195017	-2985,437269	-10704,841899	-11324,911425	8,587697	20,656103	22,098741	22,815312	28,443640	23,311266	23,590005	-2,908558	1,267718	0,962735	217882,998526	-0,199871	0,000593	2,875226	1,584049	2,035493	-0,124483	-0,124482	0,000000	1,568629	1,333527	0,201207
39,000000	7,592635	7,624602	0,439847	0,092464	1,101799	-11064,145687	-10617,221011	-2984,961260	-9824,155932	-10444,225459	8,586272	20,596661	22,101764	22,816817	28,446400	23,307627	23,581557	-2,908490	1,268854	0,962484	218234,767921	-0,199206	0,000515	3,068376	1,584587	2,037781	-0,124487	-0,124485	0,000000	1,566048	1,318313	0,200876
39,200000	7,592583	7,624465	0,448819	0,091952	1,113818	-9960,522934	-9860,737718	-2984,545399	-8755,112941	-9375,182468	8,584848	20,545387	22,098983	22,816927	28,451373	23,299325	23,583976	-2,908356	1,269185	0,962564	218527,460753	-0,198454	0,000523	3,162578	1,584902	2,039174	-0,124482	-0,124484	0,000000	1,563819	1,310406	0,200590
39,400000	7,592656	7,624600	0,452956	0,092054	1,128394	-9150,178860	-9053,247521	-2984,574916	-7857,297792	-8477,367319	8,583358	20,512014	22,093262	22,816372	28,456701	23,294953	23,592969	-2,908269	1,268477	0,962749	218850,023524	-0,197594	0,000801	3,186405	1,584243	2,039254	-0,124472	-0,124476	0,000000	1,562367	1,306176	0,200404
39,600000	7,592404	7,624776	0,452929	0,091764	1,143237	-8806,342853	-8698,787638	-2984,955751	-7400,136549	-8020,206075	8,581757	20,503937	22,085629	22,816405	28,461093	23,300888	23,598261	-2,908124	1,267512	0,962782	218978,475151	-0,197524	0,001028	3,198677	1,582986	2,039262	-0,124470	-0,124475	0,000000	1,562016	1,305210	0,200359
39,800000	7,591869	7,624622	0,446963	0,091546	1,163296	-8901,556950	-8925,508007	-2985,542055	-7440,518289	-8060,587815	8,580091	20,503970	22,079128	22,816618	28,464991	23,306759	23,597122	-2,908056	1,266942	0,962257	218790,790303	-0,198588	0,000725	3,075109	1,582557	2,039157	-0,124481	-0,124486	0,000000	1,562017	1,310231	0,200359
40,000000	7,591586	7,624340	0,436403	0,092378	1,184853	-9391,543732	-9622,118249	-2985,695863	-7911,962194	-8532,031721	8,578538	20,482496	22,075357	22,816078	28,466710	23,302984	23,594966	-2,907982	1,267222	0,961591	218474,217268	-0,199027	0,000367	2,969000	1,583545	2,040139	-0,124491	-0,124496	0,000000	1,561082	1,320658	0,200239
40,200000	7,591766	7,623963	0,428767	0,092653	1,197432	-10225,442971	-10438,975146	-2985,534876	-8693,097063	-9313,166589	8,577159	20,449577	22,073344	22,815858	28,467900	23,292902	23,596196	-2,907669	1,267630	0,962017	217608,368425	-0,198746	0,000370	3,113488	1,584720	2,041128	-0,124496	-0,124490	0,000000	1,559648	1,328653	0,200055
40,400000	7,591888	7,623349	0,430390	0,091164	1,204215	-11294,705065	-10939,110851	-2985,679192	-9648,758159	-10268,827686	8,575724	20,432238	22,071770	22,814563	28,470314	23,284269	23,600394	-2,907499	1,267365	0,962893	216078,015656	-0,199143	0,000639	3,148594	1,584737	2,039331	-0,124492	-0,124475	0,000000	1,558892	1,327080	0,199958
40,600000	7,591821	7,622593	0,431432	0,089246	1,213936	-12382,229478	-11035,492476	-2985,586484	-10639,092662	-11259,162188	8,574284	20,433125	22,072431	22,812070	28,467348	23,282038	23,604162	-2,907735	1,266555	0,963048	214729,270828	-0,199572	0,000755	2,947617	1,584046	2,036254	-0,124484	-0,124463	0,000000	1,558931	1,325418	0,199963
40,800000	7,591727	7,621733	0,426674	0,088840	1,223077	-13200,136521	-10974,619142	-2985,167608	-11482,863913	-12102,933439	8,572977	20,445966	22,078294	22,813842	28,457695	23,288681	23,606029	-2,908050	1,266623	0,962942	213549,476663	-0,199372	0,000560	2,936935	1,584378	2,034183	-0,124477	-0,124467	0,000000	1,559491	1,329935	0,200035
41,000000	7,591225	7,621174	0,431859	0,089736	1,227378	-13481,738521	-10935,492229	-2984,899337	-11945,193290	-12565,262816	8,571555	20,433548	22,085652	22,817753	28,450433	23,300945	23,604924	-2,908286	1,266948	0,963034	212426,671909	-0,198664	0,000475	3,017648	1,585922	2,033577	-0,124471	-0,124479	0,000000	1,558949	1,326273	0,199966
41,200000	7,590657	7,621042	0,455283	0,090615	1,227907	-13141,762595	-10933,744125	-2985,087754	-11895,869429	-12515,938955	8,570086	20,363348	22,088533	22,817860	28,451583	23,309114	23,602015	-2,908442	1,266252	0,963112	211368,326229	-0,198488	0,000594	2,902861	1,586326	2,034496	-0,124471	-0,124483	0,000000	1,555886	1,305232	0,199573
41,400000	7,590397	7,620936	0,486135	0,090999	1,222680	-12459,633475	-10939,468929	-2985,806623	-11480,171340	-12100,240866	8,568618	20,293106	22,085966	22,816032	28,455492	23,308348	23,600966	-2,908352	1,266080	0,963282	210137,778639	-0,199753	0,000735	2,815650	1,584193	2,036231	-0,124480	-0,124481	0,000000	1,552817	1,276415	0,199179
41,600000	7,590063	7,620647	0,501148	0,091775	1,209342	-11900,984540	-10940,114012	-2986,037640	-11039,634873	-11659,704400	8,567105	20,271967	22,084214	22,815327	28,455837	23,303869	23,600100	-2,908150	1,266898	0,963504	209384,198477	-0,200327	0,000866	3,009021	1,581253	2,037264	-0,124488	-0,124476	0,000000	1,551893	1,261261	0,199061
41,800000	7,589606	7,620230	0,487216	0,092667	1,193720	-11789,918182	-10938,372180	-2985,359554	-10914,027665	-11534,097192	8,565827	20,277877	22,088891	22,814979	28,450819	23,302991	23,594708	-2,908178	1,267264	0,963459	209349,956951	-0,199014	0,000956	3,343714	1,579060	2,036980	-0,124483	-0,124473	0,000000	1,552151	1,271234	0,199094
42,000000	7,589011	7,619787	0,468731	0,092621	1,176497	-12088,306664	-10937,415848	-2984,899903	-11149,629891	-11769,699418	8,564543	20,281341	22,096633	22,816434	28,443415	23,306392	23,587537	-2,908469	1,267498	0,963036	209567,963606	-0,198419	0,000895	3,427489	1,577301	2,036566	-0,124473	-0,124479	0,000000	1,552303	1,285702	0,199113
42,200000	7,588243	7,619767	0,468315	0,092591	1,154811	-12364,380746	-10938,467640	-2985,001328	-11372,723418	-11992,792945	8,562911	20,260298	22,098656	22,819964	28,441940	23,309968	23,584568	-2,908827	1,268275	0,962248	210323,732223	-0,198857	0,000737	3,245915	1,576733	2,037900	-0,124474	-0,124487	0,000000	1,551382	1,285578	0,198995
42,400000	7,587522	7,620385	0,474728	0,092836	1,142512	-12256,863461	-10941,149897	-2985,355223	-11220,717405	-11840,786932	8,561321	20,214526	22,089882	22,820885	28,451229	23,309772	23,588214	-2,908838	1,268383	0,962046	211658,484441	-0,199073	0,000613	3,170077	1,578184	2,040128	-0,124482	-0,124488	0,000000	1,549379	1,281291	0,198738
42,600000	7,587245	7,620696	0,477417	0,092628	1,144952	-11706,537055	-10913,847283	-2985,879386	-10640,773005	-11260,842531	8,559836	20,173389	22,076279	22,818000	28,467525	23,304301	23,596391	-2,908428	1,267451	0,962713	212834,545890	-0,199587	0,000518	3,269590	1,580176	2,041027	-0,124490	-0,124487	0,000000	1,547576	1,280701	0,198507
42,800000	7,587433	7,620109	0,478909	0,092183	1,153321	-10823,616288	-10718,313444	-2985,931051	-9773,112133	-10393,181660	8,558288	20,158188	22,069041	22,814929	28,479246	23,296588	23,602669	-2,908022	1,266377	0,962829	213878,792684	-0,199877	0,000396	3,354086	1,581832	2,040569	-0,124493	-0,124485	0,000000	1,546910	1,280726	0,198421
43,000000	7,587583	7,619258	0,484458	0,090949	1,164878	-9921,468852	-10282,588647	-2985,314644	-8905,867335	-9525,936861	8,556922	20,160806	22,071205	22,813840	28,478868	23,291920	23,601609	-2,907812	1,266528	0,962321	214832,425181	-0,199351	0,000400	3,282106	1,584274	2,039409	-0,124493	-0,124484	0,000000	1,547024	1,277782	0,198436
43,200000	7,587344	7,618657	0,489966	0,089239	1,176410	-9348,488390	-9902,927663	-2984,872026	-8360,590571	-8980,660097	8,555561	20,161426	22,077086	22,814579	28,470817	23,290416	23,595403	-2,907835	1,267624	0,962040	215415,492469	-0,198653	0,000572	3,105653	1,587078	2,037933	-0,124492	-0,124480	0,000000	1,547052	1,275183	0,198440
43,400000	7,586836	7,618319	0,480648	0,089334	1,186587	-9277,112082	-9986,145608	-2984,877714	-8315,508717	-8935,578244	8,553950	20,151384	22,079046	22,815672	28,465192	23,288994	23,594267	-2,907943	1,268268	0,962202	215804,460755	-0,198271	0,000674	3,028764	1,589020	2,036810	-0,124486	-0,124473	0,000000	1,546611	1,284703	0,198383
43,600000	7,586512	7,618103	0,457339	0,090446	1,197411	-9731,340937	-10472,005834	-2984,884907	-8789,596651	-9409,666177	8,552419	20,139005	22,075502	22,815634	28,465105	23,288417	23,602229	-2,908057	1,268664	0,962714	215695,328656	-0,198187	0,000561	3,053484	1,590378	2,036454	-0,124481	-0,124467	0,000000	1,546068	1,306342	0,198313
43,800000	7,586618	7,617929	0,437257	0,090000	1,199366	-10590,440252	-10894,834424	-2984,945134	-9666,471725	-10286,541251	8,550969	20,132887	22,072189	22,814751	28,465546	23,290119	23,612882	-2,908253	1,268447	0,963285	214760,166877	-0,198444	0,000407	3,084914	1,591575	2,036232	-0,124482	-0,124467	0,000000	1,545800	1,325579	0,198279
44,000000	7,586822	7,617575	0,438144	0,089218	1,181875	-11611,670319	-11016,940660	-2985,136254	-10702,276602	-11322,346128	8,549317	20,139095	22,074277	22,813166	28,463164	23,295118	23,617747	-2,908190	1,267900	0,963727	213717,034271	-0,198961	0,000459	3,125567	1,593291	2,035819	-0,124483	-0,124472	0,000000	1,546072	1,326130	0,198314
44,200000	7,586512	7,616983	0,464659	0,089780	1,157410	-12600,978489	-10979,707568	-2985,070103	-11639,800513	-12259,870039	8,547886	20,157295	22,082769	22,812231	28,456751	23,305187	23,611387	-2,908052	1,268019	0,963739	212827,782723	-0,199136	0,000602	3,104990	1,595265	2,035538	-0,124480	-0,124482	0,000000	1,546870	1,303614	0,198416
44,400000	7,585693	7,616455	0,499802	0,090500	1,143081	-13408,266953	-10941,990574	-2984,616395	-12330,678027	-12950,747553	8,546883	20,178057	22,092029	22,813532	28,450230	23,312799	23,597655	-2,908253	1,268301	0,963519	211764,384346	-0,198697	0,000673	3,009448	1,595323	2,035287	-0,124477	-0,124494	0,000000	1,547781	1,272989	0,198533
44,600000	7,584775	7,616103	0,524727	0,091252	1,142547	-13897,180537	-10934,598499	-2984,282162	-12773,692463	-13393,761989	8,545720	20,209835	22,095777	22,816400	28,449563	23,308458	23,586607	-2,908404	1,268637	0,962954	210822,138035	-0,198151	0,000595	2,933834	1,593207	2,035579	-0,124476	-0,124495	0,000000	1,549173	1,250444	0,198712
44,800000	7,583851	7,616104	0,536695	0,092076	1,153256	-14116,446865	-10937,524088	-2984,416308	-13063,716184	-13683,785710	8,544207	20,248418	22,094562	22,818757	28,454896	23,299220	23,585731	-2,908380	1,269643	0,962293	210001,874891	-0,197731	0,000548	2,909463	1,590688	2,036444	-0,124478	-0,124482	0,000000	1,550862	1,238751	0,198928
45,000000	7,583211	7,616225	0,545061	0,091519	1,173916	-14175,540654	-10938,391925	-2984,768049	-13232,401120	-13852,470646	8,542508	20,266386	22,091110	22,819251	28,459531	23,295364	23,591528	-2,908471	1,269741	0,962744	209341,644720	-0,197916	0,000644	2,866874	1,588543	2,036582	-0,124481	-0,124475	0,000000	1,551649	1,230413	0,199029
45,200000	7,583171	7,616080	0,553750	0,090426	1,196064	-14147,030125	-10938,751016	-2985,331613	-13277,100839	-13897,170365	8,540786	20,263128	22,087214	22,818393	28,458958	23,298444	23,595046	-2,908568	1,268041	0,963527	209720,809386	-0,199370	0,000586	2,785826	1,588161	2,036669	-0,124479	-0,124483	0,000000	1,551506	1,223215	0,199011
45,400000	7,583461	7,615800	0,559236	0,090634	1,208344	-14133,534168	-10940,999322	-2985,654829	-13237,746139	-13857,815665	8,539400	20,252397	22,084888	22,817437	28,459758	23,306263	23,595524	-2,908390	1,266648	0,963131	211113,041781	-0,200150	0,000450	2,769521	1,590205	2,038098	-0,124481	-0,124493	0,000000	1,551037	1,220446	0,198951
45,600000	7,583669	7,615565	0,562718	0,091301	1,214048	-14036,326646	-10943,418788	-2985,411780	-13037,196540	-13657,266067	8,538350	20,245750	22,082743	22,818207	28,466906	23,311916	23,594782	-2,908135	1,266511	0,962396	212429,828396	-0,199149	0,000550	2,853375	1,592614	2,040692	-0,124489	-0,124494	0,000000	1,550746	1,219563	0,198913
45,800000	7,583464	7,615398	0,563604	0,091173	1,219649	-13595,729692	-10943,343091	-2985,304699	-12520,844910	-13140,914437	8,537362	20,248129	22,076732	22,818186	28,475417	23,307546	23,594874	-2,908014	1,266908	0,962616	213543,051660	-0,198441	0,000628	2,879012	1,593605	2,041650	-0,124495	-0,124491	0,000000	1,550850	1,219641	0,198927
46,000000	7,583037	7,615347	0,555593	0,090357	1,229459	-12718,991688	-10940,730294	-2985,330350	-11671,706938	-12291,776464	8,536090	20,253483	22,069061	22,814876	28,477293	23,293859	23,598083	-2,907892	1,267063	0,963254	214532,537836	-0,198516	0,000577	2,782218	1,593332	2,039358	-0,124494	-0,124480	0,000000	1,551084	1,225729	0,198957
46,200000	7,583046	7,615212	0,537667	0,089433	1,241356	-11487,880507	-10812,078312	-2985,162154	-10569,052829	-11189,122356	8,534343	20,259603	22,067545	22,812030	28,473068	23,282195	23,602212	-2,907879	1,267222	0,963512	215498,196868	-0,198888	0,000570	2,797135	1,592550	2,036413	-0,124487	-0,124469	0,000000	1,551352	1,239392	0,198991
46,400000	7,583098	7,614618	0,521427	0,089096	1,239178	-10101,224595	-10210,831310	-2984,777935	-9279,058705	-9899,128231	8,532623	20,267437	22,074852	22,811611	28,467941	23,281764	23,603341	-2,908113	1,268336	0,963355	216705,796850	-0,199107	0,000512	2,944617	1,591588	2,034333	-0,124479	-0,124468	0,000000	1,551695	1,251764	0,199035
46,600000	7,582493	7,613759	0,519938	0,088986	1,222358	-8902,937408	-9153,665897	-2984,494280	-7989,639399	-8609,708926	8,531122	20,268910	22,083156	22,813471	28,461702	23,289108	23,603445	-2,908280	1,269267	0,963348	217549,325212	-0,198626	0,000494	3,008012	1,590760	2,034097	-0,124475	-0,124474	0,000000	1,551759	1,252180	0,199043
46,800000	7,581602	7,613215	0,521686	0,089111	1,212258	-8233,828199	-8387,215111	-2984,962328	-7114,275707	-7734,345233	8,529725	20,262851	22,084718	22,817759	28,458364	23,296208	23,607990	-2,908288	1,268189	0,963377	217842,625242	-0,198659	0,000617	3,026302	1,590602	2,035591	-0,124478	-0,124478	0,000000	1,551494	1,250505	0,199009
47,000000	7,581075	7,613048	0,502534	0,089808	1,212156	-8228,188813	-8483,462635	-2985,833211	-6963,874092	-7583,943618	8,528263	20,278188	22,081547	22,819033	28,461016	23,298539	23,612354	-2,908240	1,266412	0,962558	217917,205087	-0,199768	0,000742	3,078447	1,591189	2,037143	-0,124484	-0,124479	0,000000	1,552165	1,266900	0,199096
47,200000	7,581101	7,612590	0,466619	0,090257	1,213587	-8774,587254	-9296,971476	-2986,044436	-7480,730760	-8100,800286	8,526563	20,316773	22,078393	22,813626	28,464442	23,298239	23,610265	-2,908106	1,266125	0,961866	217284,784192	-0,200359	0,000732	3,057361	1,592019	2,037514	-0,124489	-0,124483	0,000000	1,553852	1,298584	0,199312
47,400000	7,581261	7,611852	0,436680	0,090441	1,218798	-9650,054581	-10298,668213	-2985,390096	-8428,871102	-9048,940628	8,525194	20,343655	22,078869	22,809181	28,461923	23,300702	23,603459	-2,908125	1,267417	0,962127	215871,936768	-0,199485	0,000717	3,045094	1,592141	2,036725	-0,124485	-0,124484	0,000000	1,555026	1,325654	0,199463
47,600000	7,580903	7,611313	0,428932	0,091186	1,222133	-10589,029236	-10930,236886	-2984,347721	-9543,766383	-10163,835909	8,524226	20,362326	22,085825	22,811541	28,451593	23,305645	23,593634	-2,908308	1,269208	0,962133	214525,971354	-0,197838	0,000799	3,127900	1,591225	2,036223	-0,124477	-0,124481	0,000000	1,555842	1,331937	0,199567
47,800000	7,580023	7,611044	0,447889	0,092079	1,213229	-11326,495910	-11062,594444	-2983,712417	-10517,548795	-11137,618322	8,522904	20,377306	22,095329	22,816700	28,446518	23,309874	23,583087	-2,908530	1,270187	0,962084	213257,485495	-0,196836	0,000769	3,120910	1,589500	2,036656	-0,124473	-0,124482	0,000000	1,556496	1,312980	0,199651
48,000000	7,579377	7,611222	0,482830	0,092711	1,195022	-11688,640454	-10987,580001	-2983,923131	-11038,721411	-11658,790937	8,521088	20,380228	22,097929	22,819532	28,454821	23,309371	23,579695	-2,908747	1,269889	0,962438	212056,663661	-0,197102	0,000522	3,025804	1,586730	2,037848	-0,124475	-0,124487	0,000000	1,556623	1,279843	0,199667
48,200000	7,579163	7,611678	0,513933	0,092930	1,174411	-11605,649960	-10934,178939	-2984,618162	-10957,378746	-11577,448272	8,519175	20,394942	22,089595	22,818992	28,464833	23,304488	23,586965	-2,908664	1,268768	0,962313	210938,039150	-0,198204	0,000242	3,008574	1,584084	2,039133	-0,124475	-0,124492	0,000000	1,557265	1,251559	0,199750
48,400000	7,579103	7,611746	0,519377	0,091615	1,160973	-11168,465418	-10930,466104	-2985,467768	-10457,390834	-11077,460360	8,517627	20,425927	22,077528	22,816480	28,469916	23,301231	23,597294	-2,908185	1,267381	0,962234	209621,452976	-0,199929	0,000103	2,976464	1,583741	2,039592	-0,124476	-0,124494	0,000000	1,558617	1,246845	0,199923
48,600000	7,579162	7,611279	0,502775	0,090121	1,163015	-10678,398851	-10940,458662	-2986,064598	-9933,125432	-10553,194959	8,516454	20,443117	22,071541	22,814242	28,472427	23,300868	23,601672	-2,907672	1,266452	0,962500	209147,402567	-0,201592	0,000152	2,848585	1,585510	2,038873	-0,124479	-0,124492	0,000000	1,559366	1,261985	0,200019
48,800000	7,579064	7,610745	0,489835	0,090815	1,173340	-10538,730821	-10944,945436	-2985,875320	-9722,602504	-10342,672030	8,515077	20,443907	22,072186	22,813644	28,472654	23,300219	23,597718	-2,907536	1,266795	0,962744	210169,398742	-0,201704	0,000326	2,749803	1,587335	2,037931	-0,124482	-0,124485	0,000000	1,559401	1,274340	0,200024
49,000000	7,578648	7,610211	0,484439	0,091903	1,181593	-10946,723029	-10944,275393	-2984,953399	-9971,635520	-10591,705046	8,513683	20,441958	22,073986	22,814494	28,471951	23,296816	23,591588	-2,907826	1,268327	0,963365	211471,425235	-0,199889	0,000521	2,708922	1,588115	2,037545	-0,124492	-0,124479	0,000000	1,559316	1,279516	0,200013
49,200000	7,578203	7,609518	0,475569	0,090982	1,188551	-11734,189701	-10941,552640	-2984,450564	-10614,567435	-11234,636962	8,512701	20,431009	22,074555	22,816145	28,470441	23,290848	23,593181	-2,908210	1,269107	0,963937	211927,210543	-0,198271	0,000668	2,705407	1,587715	2,037242	-0,124495	-0,124473	0,000000	1,558839	1,286770	0,199952
49,400000	7,577917	7,609037	0,458293	0,089688	1,194004	-12545,825442	-10939,075484	-2985,088014	-11406,545442	-12026,614968	8,511544	20,416917	22,075110	22,816751	28,467317	23,284764	23,602470	-2,908512	1,268255	0,963697	211741,160272	-0,198600	0,000706	2,750473	1,586652	2,036277	-0,124489	-0,124470	0,000000	1,558224	1,301059	0,199873
49,600000	7,577632	7,608867	0,440026	0,089699	1,193924	-13079,669731	-10938,927373	-2985,911669	-12005,840187	-12625,909713	8,509718	20,417067	22,076199	22,815483	28,464461	23,285342	23,610084	-2,908526	1,267212	0,962656	211411,047837	-0,200110	0,000501	2,839355	1,585743	2,034881	-0,124486	-0,124472	0,000000	1,558231	1,316782	0,199874
49,800000	7,577415	7,608490	0,440091	0,089450	1,188886	-13148,482881	-10939,862734	-2986,181717	-12139,160395	-12759,229921	8,507763	20,436013	22,077252	22,813377	28,461674	23,295484	23,610847	-2,908252	1,266631	0,961675	210972,759253	-0,201133	0,000250	2,927940	1,584792	2,033853	-0,124481	-0,124481	0,000000	1,559057	1,315873	0,199980
50,000000	7,577248	7,607923	0,457566	0,089066	1,179024	-12642,914577	-10940,019216	-2986,113968	-11722,163294	-12342,232820	8,506240	20,460329	22,079728	22,812184	28,460838	23,306923	23,605546	-2,908166	1,265856	0,961844	210553,505618	-0,201504	0,000363	3,050384	1,583339	2,034111	-0,124477	-0,124489	0,000000	1,560116	1,298814	0,200115
50,200000	7,576891	7,607563	0,474437	0,090299	1,158604	-11598,134765	-10909,874501	-2985,881114	-10844,483544	-11464,553070	8,505016	20,468343	22,083406	22,813221	28,463000	23,311747	23,598886	-2,908337	1,265802	0,962416	210161,865566	-0,201222	0,000701	3,197381	1,582447	2,036002	-0,124477	-0,124492	0,000000	1,560466	1,283174	0,200160
50,400000	7,576249	7,607547	0,475933	0,091686	1,131938	-10518,257741	-10864,574327	-2985,643482	-9886,833956	-10506,903483	8,503538	20,470117	22,086050	22,815531	28,462516	23,308310	23,593812	-2,908540	1,266679	0,962368	209668,885207	-0,199862	0,000969	3,184944	1,582734	2,037440	-0,124481	-0,124489	0,000000	1,560543	1,282091	0,200170
50,600000	7,575458	7,607368	0,453582	0,091916	1,112606	-10147,159761	-10879,515931	-2985,303038	-9443,367706	-10063,437232	8,501869	20,488287	22,088161	22,815362	28,458853	23,301408	23,590699	-2,908575	1,267424	0,962097	209723,354804	-0,198608	0,000977	3,098658	1,583129	2,037097	-0,124483	-0,124480	0,000000	1,561334	1,302096	0,200272
50,800000	7,575039	7,606839	0,425311	0,091907	1,097013	-10461,616365	-10927,287352	-2984,841660	-9661,509511	-10281,579037	8,500592	20,505425	22,089743	22,813548	28,453715	23,300295	23,589340	-2,908399	1,268070	0,962154	210805,549311	-0,198365	0,000854	3,158117	1,582596	2,036733	-0,124480	-0,124476	0,000000	1,562080	1,327391	0,200367
51,000000	7,574951	7,606469	0,411508	0,092065	1,081613	-10865,626829	-10946,165304	-2984,769633	-10154,764988	-10774,834515	8,499437	20,501736	22,090859	22,816245	28,447981	23,306649	23,587748	-2,908380	1,267975	0,962777	211972,800439	-0,198756	0,000751	3,245452	1,580933	2,037453	-0,124475	-0,124483	0,000000	1,561920	1,338872	0,200347
51,200000	7,574533	7,606337	0,411963	0,092450	1,076648	-11171,591285	-10946,025277	-2985,157542	-10634,962146	-11255,031672	8,498157	20,494914	22,090310	22,820707	28,447105	23,312289	23,586846	-2,908681	1,266928	0,963098	211883,530821	-0,198961	0,000479	3,244482	1,579527	2,038953	-0,124474	-0,124491	0,000000	1,561623	1,337205	0,200309
51,400000	7,573864	7,606559	0,421325	0,092743	1,079538	-11496,464900	-10943,511729	-2985,674221	-11052,777408	-11672,846934	8,496757	20,499676	22,084362	22,820603	28,456066	23,310415	23,588786	-2,908692	1,266351	0,962460	210691,806542	-0,199367	0,000294	3,210459	1,579802	2,040938	-0,124484	-0,124492	0,000000	1,561830	1,328700	0,200335
51,600000	7,573779	7,606598	0,428114	0,092167	1,078573	-11805,685377	-10941,512007	-2985,949603	-11368,445140	-11988,514666	8,495186	20,507973	22,075845	22,817164	28,470442	23,301503	23,593131	-2,908242	1,266602	0,961786	209831,872403	-0,199569	0,000347	3,176306	1,581042	2,041894	-0,124497	-0,124487	0,000000	1,562191	1,323503	0,200382
51,800000	7,574114	7,606015	0,423308	0,091236	1,075528	-11969,790091	-10939,715681	-2985,847199	-11537,445428	-12157,514954	8,493665	20,509895	22,071366	22,814376	28,478751	23,292245	23,597614	-2,907959	1,266275	0,962105	209752,004549	-0,199179	0,000406	3,150513	1,581901	2,040449	-0,124497	-0,124482	0,000000	1,562275	1,328655	0,200392
52,000000	7,574168	7,605340	0,409480	0,090672	1,075005	-12036,156731	-10938,775260	-2985,612447	-11615,522227	-12235,591753	8,492156	20,501779	22,072464	22,813801	28,476397	23,286907	23,600035	-2,908036	1,265885	0,962774	209839,020872	-0,199411	0,000494	3,110081	1,582118	2,037345	-0,124490	-0,124479	0,000000	1,561922	1,341766	0,200347
52,200000	7,573969	7,604814	0,391684	0,090105	1,071367	-12168,501193	-10938,976056	-2985,388214	-11685,529440	-12305,598966	8,490661	20,493973	22,076015	22,815887	28,465627	23,285221	23,600995	-2,908152	1,266270	0,962956	209384,197834	-0,199658	0,000617	3,159914	1,582128	2,035481	-0,124485	-0,124475	0,000000	1,561582	1,358797	0,200303
52,400000	7,573558	7,604619	0,378000	0,089829	1,063807	-12191,815392	-10939,761404	-2985,232292	-11616,487232	-12236,556759	8,489267	20,498190	22,077115	22,818902	28,457910	23,287764	23,602507	-2,908151	1,267026	0,963091	208345,296912	-0,199334	0,000646	3,278692	1,583361	2,036010	-0,124480	-0,124472	0,000000	1,561765	1,373285	0,200327
52,600000	7,573032	7,604560	0,372168	0,090209	1,056673	-11769,221020	-10941,221683	-2985,319355	-11194,459980	-11814,529507	8,487857	20,505262	22,072596	22,818698	28,461037	23,293320	23,604096	-2,908109	1,267799	0,963168	207427,124688	-0,199245	0,000571	3,258535	1,585990	2,036850	-0,124480	-0,124476	0,000000	1,562073	1,381419	0,200366
52,800000	7,572828	7,604053	0,368222	0,090641	1,052950	-11132,709587	-10942,492396	-2985,814576	-10577,479796	-11197,549323	8,486316	20,502210	22,067392	22,815394	28,465434	23,298495	23,607524	-2,907939	1,267487	0,962926	206657,030242	-0,199947	0,000543	3,190325	1,587783	2,036752	-0,124487	-0,124480	0,000000	1,561940	1,386926	0,200349
53,000000	7,572902	7,603429	0,363867	0,090903	1,054961	-10846,245092	-10942,364209	-2985,940428	-10182,489559	-10802,559085	8,484710	20,497722	22,071201	22,812382	28,462208	23,301424	23,608966	-2,907786	1,266530	0,962484	205980,808981	-0,200607	0,000582	3,292145	1,588226	2,036243	-0,124487	-0,124482	0,000000	1,561745	1,391643	0,200324
53,200000	7,572676	7,603116	0,353702	0,090909	1,054380	-10950,516863	-10941,472221	-2985,161888	-10107,036517	-10727,106044	8,483293	20,506347	22,083885	22,811799	28,453510	23,303989	23,598425	-2,908008	1,266894	0,961961	206257,737319	-0,200401	0,000551	3,392966	1,589231	2,036084	-0,124479	-0,124482	0,000000	1,562121	1,402896	0,200373
53,400000	7,571953	7,602974	0,331782	0,090886	1,047906	-10932,542137	-10893,078397	-2984,491429	-10004,301963	-10624,371489	8,482098	20,519544	22,096765	22,813815	28,446079	23,306942	23,583393	-2,908405	1,268208	0,961988	207515,525178	-0,200105	0,000381	3,268069	1,591801	2,036064	-0,124473	-0,124484	0,000000	1,562695	1,428232	0,200446
53,600000	7,571030	7,603218	0,310689	0,092047	1,043629	-10389,182956	-10571,561767	-2984,268422	-9520,694025	-10140,763552	8,480715	20,525769	22,100560	22,816084	28,442952	23,307447	23,577623	-2,908583	1,268768	0,962485	208268,020182	-0,199677	0,000243	3,127453	1,594374	2,036408	-0,124469	-0,124485	0,000000	1,562966	1,453586	0,200481
53,800000	7,570444	7,603652	0,304861	0,093120	1,033549	-9584,772750	-9988,647612	-2984,144355	-8786,241016	-9406,310542	8,478980	20,525392	22,093008	22,816488	28,444913	23,305274	23,582844	-2,908568	1,268606	0,962643	207891,673892	-0,198797	0,000331	3,193725	1,595046	2,038105	-0,124469	-0,124480	0,000000	1,562949	1,460777	0,200479
54,000000	7,570306	7,603591	0,327156	0,092198	1,010348	-9211,747028	-9708,776945	-2984,604830	-8328,825973	-8948,895500	8,477478	20,515072	22,083723	22,816260	28,451066	23,302944	23,595011	-2,908472	1,268308	0,962371	207231,344111	-0,198843	0,000444	3,297149	1,594035	2,040025	-0,124475	-0,124477	0,000000	1,562500	1,435339	0,200421
54,200000	7,570456	7,603173	0,364684	0,091224	0,989779	-9572,881538	-10073,434819	-2985,459166	-8514,965348	-9135,034875	8,476328	20,504570	22,078940	22,816223	28,456506	23,303633	23,604691	-2,908278	1,267888	0,962185	206698,409421	-0,199742	0,000410	3,277565	1,592578	2,040590	-0,124484	-0,124484	0,000000	1,562043	1,394534	0,200363
54,400000	7,570628	7,602660	0,374479	0,091397	0,976381	-10382,610475	-10693,226002	-2985,707167	-9267,592754	-9887,662280	8,475005	20,508620	22,077169	22,815600	28,457864	23,308491	23,604007	-2,908094	1,267457	0,962102	206140,418893	-0,199943	0,000329	3,287751	1,590634	2,040922	-0,124490	-0,124489	0,000000	1,562220	1,382829	0,200385
54,600000	7,570550	7,601996	0,363573	0,091549	0,964435	-11221,639034	-11018,438267	-2985,248379	-10194,452160	-10814,521686	8,473527	20,518157	22,076486	22,815262	28,458351	23,309448	23,596063	-2,908078	1,267439	0,961478	205534,275594	-0,199317	0,000133	3,300077	1,588281	2,040848	-0,124489	-0,124491	0,000000	1,562635	1,391727	0,200438
54,800000	7,570205	7,601591	0,362871	0,091731	0,961189	-11754,659464	-11017,595287	-2984,922574	-10877,146751	-11497,216277	8,472123	20,519023	22,074816	22,815687	28,459306	23,299232	23,591477	-2,908165	1,267654	0,961352	204705,156271	-0,198921	-4,989461E-5	3,296420	1,586671	2,040077	-0,124485	-0,124485	0,000000	1,562672	1,390969	0,200443
55,000000	7,569630	7,601490	0,375873	0,091398	0,971950	-11781,796947	-10952,826633	-2985,154742	-11083,038196	-11703,107722	8,470782	20,511999	22,071520	22,815676	28,459660	23,287544	23,597050	-2,908138	1,267283	0,962460	203828,715989	-0,199241	0,000224	3,371081	1,585441	2,039444	-0,124485	-0,124472	0,000000	1,562367	1,376737	0,200404
55,200000	7,569413	7,601259	0,402068	0,089751	0,987976	-11536,769135	-10928,429665	-2985,551470	-10961,296922	-11581,366448	8,469215	20,527286	22,068229	22,815392	28,461380	23,285269	23,606656	-2,908169	1,266778	0,963433	203009,656338	-0,199520	0,000666	3,367128	1,584671	2,037576	-0,124486	-0,124465	0,000000	1,563032	1,350322	0,200489
55,400000	7,569386	7,600750	0,426796	0,088429	0,999214	-11548,385308	-10931,728028	-2985,849891	-10931,192855	-11551,262382	8,467532	20,578029	22,068900	22,814809	28,459845	23,289819	23,611762	-2,908479	1,266280	0,963659	202079,230934	-0,199529	0,000716	3,222697	1,586287	2,035350	-0,124483	-0,124466	0,000000	1,565239	1,328180	0,200772
55,600000	7,568846	7,599974	0,433651	0,088430	1,007658	-11974,992662	-10938,950252	-2985,933799	-11168,600286	-11788,669812	8,466112	20,621519	22,074779	22,814978	28,453572	23,298052	23,611244	-2,908561	1,266168	0,963421	201923,278997	-0,199826	0,000498	3,097537	1,589517	2,034743	-0,124480	-0,124472	0,000000	1,567128	1,324369	0,201015
55,800000	7,568228	7,599225	0,428406	0,089338	1,015268	-12422,354018	-10942,396199	-2985,521793	-11443,347638	-12063,417165	8,464649	20,632667	22,081655	22,815726	28,451149	23,307519	23,607649	-2,908297	1,267581	0,963138	203127,879581	-0,200035	0,000369	3,145977	1,591263	2,035883	-0,124483	-0,124482	0,000000	1,567612	1,330564	0,201077
56,000000	7,567918	7,598905	0,422090	0,090370	1,023179	-12525,251295	-10941,867050	-2984,938352	-11505,054920	-12125,124447	8,463162	20,630149	22,084921	22,813788	28,452771	23,310002	23,602882	-2,908151	1,269280	0,962985	204547,289813	-0,200015	0,000489	3,242800	1,590326	2,037411	-0,124488	-0,124487	0,000000	1,567503	1,335656	0,201063
56,200000	7,567722	7,598886	0,414822	0,090705	1,034812	-12357,164545	-10939,546570	-2984,740764	-11390,302580	-12010,372106	8,461850	20,625545	22,085177	22,811417	28,451030	23,304870	23,598830	-2,908217	1,269788	0,962226	205184,641808	-0,200313	0,000614	3,241909	1,587091	2,037114	-0,124487	-0,124483	0,000000	1,567303	1,339789	0,201037
56,400000	7,567506	7,598770	0,404737	0,090864	1,043128	-12175,464361	-10938,830440	-2984,790168	-11233,014820	-11853,084347	8,460492	20,619574	22,088227	22,812094	28,443837	23,302276	23,597160	-2,908417	1,269329	0,961605	205297,072656	-0,200230	0,000599	3,240290	1,582687	2,035690	-0,124481	-0,124477	0,000000	1,567044	1,345614	0,201004
56,600000	7,567089	7,598521	0,396825	0,091441	1,042485	-12205,326460	-10940,321006	-2984,843635	-11160,769030	-11780,838556	8,459182	20,622538	22,095167	22,814845	28,436844	23,305959	23,593042	-2,908677	1,268711	0,962377	205328,442449	-0,199644	0,000564	3,142582	1,579242	2,035044	-0,124476	-0,124480	0,000000	1,567172	1,350210	0,201020
56,800000	7,566517	7,598257	0,398217	0,091954	1,042689	-12504,732717	-10942,223470	-2984,809813	-11326,094143	-11946,163670	8,457818	20,633181	22,098947	22,817186	28,440449	23,310742	23,586950	-2,908740	1,268514	0,963046	205439,650846	-0,199295	0,000396	2,994504	1,578242	2,036321	-0,124477	-0,124490	0,000000	1,567634	1,347974	0,201080
57,000000	7,566006	7,598220	0,408025	0,091524	1,051753	-12872,465192	-10943,950064	-2984,911726	-11649,108222	-12269,177748	8,456181	20,638079	22,094589	22,819223	28,453388	23,312065	23,587094	-2,908497	1,268420	0,962375	205602,950032	-0,199367	0,000162	3,045983	1,579506	2,039268	-0,124480	-0,124495	0,000000	1,567847	1,339695	0,201107
57,200000	7,565575	7,598413	0,409455	0,090759	1,066946	-12993,098874	-10944,106522	-2985,252826	-11786,214930	-12406,284456	8,454758	20,632590	22,083943	22,819661	28,464151	23,308585	23,591712	-2,908200	1,268117	0,961774	205724,663555	-0,199502	0,000207	3,071574	1,581839	2,041330	-0,124484	-0,124490	0,000000	1,567609	1,340388	0,201076
57,400000	7,565447	7,598274	0,394625	0,090744	1,082756	-12569,837285	-10941,120969	-2985,385193	-11439,456779	-12059,526306	8,453654	20,619425	22,073358	22,815908	28,470839	23,302620	23,597556	-2,908037	1,268181	0,962024	205804,848172	-0,199368	0,000501	2,993175	1,583952	2,040799	-0,124490	-0,124481	0,000000	1,567037	1,356483	0,201003
57,600000	7,565435	7,597665	0,380518	0,090736	1,090848	-11494,295451	-10725,727120	-2985,201479	-10506,888912	-11126,958438	8,452266	20,612735	22,067573	22,812932	28,471644	23,297353	23,603233	-2,908000	1,268130	0,962262	205859,921061	-0,199605	0,000714	3,096438	1,585306	2,039218	-0,124495	-0,124477	0,000000	1,566746	1,371442	0,200966
57,800000	7,565296	7,596873	0,376498	0,090301	1,090588	-10115,077642	-10033,038380	-2985,131201	-9197,891902	-9817,961429	8,450480	20,619013	22,069132	22,814534	28,464752	23,295194	23,603212	-2,908014	1,267649	0,962019	205924,472937	-0,199967	0,000685	3,320967	1,585936	2,038402	-0,124494	-0,124476	0,000000	1,567019	1,375829	0,201001
58,000000	7,565120	7,596172	0,370810	0,090043	1,090808	-9064,083066	-9220,924005	-2985,261269	-8076,742466	-8696,811993	8,448854	20,619017	22,075957	22,817387	28,459479	23,296422	23,598491	-2,908115	1,267548	0,961757	206039,701196	-0,199689	0,000609	3,409436	1,586140	2,038291	-0,124489	-0,124478	0,000000	1,567019	1,381567	0,201001
58,200000	7,564875	7,595979	0,361760	0,090370	1,084790	-8703,940042	-8988,818998	-2985,639405	-7637,090515	-8257,160041	8,447883	20,604378	22,077536	22,818156	28,462304	23,296471	23,598537	-2,908194	1,266945	0,962321	206528,558485	-0,199637	0,000527	3,270636	1,586531	2,038160	-0,124486	-0,124481	0,000000	1,566384	1,391074	0,200919
58,400000	7,564840	7,596056	0,363621	0,090661	1,065971	-9112,592940	-9552,508113	-2986,152241	-7954,082904	-8574,152430	8,447037	20,598388	22,070911	22,816358	28,466199	23,295096	23,607974	-2,908067	1,265979	0,963080	207438,531928	-0,200546	0,000431	2,963908	1,587062	2,036909	-0,124486	-0,124479	0,000000	1,566123	1,389679	0,200886
58,600000	7,565044	7,595572	0,376428	0,089755	1,048759	-10068,902870	-10438,998000	-2986,139569	-8732,693669	-9352,763195	8,445527	20,602156	22,066901	22,813300	28,460900	23,297543	23,616193	-2,907935	1,265917	0,963123	207739,326633	-0,201406	0,000516	2,740230	1,586938	2,034952	-0,124486	-0,124475	0,000000	1,566287	1,376548	0,200907
58,800000	7,564821	7,594739	0,387319	0,088887	1,047664	-11009,658070	-10977,057561	-2985,489904	-9526,636999	-10146,706525	8,443786	20,583813	22,073132	22,811295	28,449165	23,302578	23,612580	-2,907973	1,266596	0,962690	206886,572753	-0,201064	0,000577	2,912656	1,586232	2,034125	-0,124482	-0,124477	0,000000	1,565490	1,364952	0,200805
59,000000	7,563999	7,594404	0,393817	0,089695	1,060525	-11556,033542	-11051,825844	-2984,617575	-10077,255232	-10697,324759	8,442281	20,551234	22,083783	22,811651	28,441784	23,306718	23,600314	-2,908153	1,268400	0,962210	205839,215739	-0,199615	0,000489	3,250268	1,585337	2,034659	-0,124472	-0,124481	0,000000	1,564074	1,357732	0,200623
59,200000	7,563262	7,594426	0,402429	0,090971	1,078050	-11740,849573	-10974,322152	-2984,385420	-10417,352029	-11037,421556	8,440608	20,534104	22,090791	22,814108	28,442568	23,309618	23,589591	-2,908467	1,269865	0,961981	205524,824764	-0,198913	0,000337	3,314306	1,584173	2,035647	-0,124470	-0,124485	0,000000	1,563328	1,348396	0,200527
59,400000	7,562556	7,594462	0,417040	0,091401	1,098359	-11832,118877	-10931,476079	-2985,057300	-10705,245919	-11325,315446	8,438971	20,528382	22,092086	22,816671	28,446992	23,308352	23,587964	-2,908784	1,269165	0,962190	205774,288921	-0,199612	0,000339	3,200850	1,582734	2,037071	-0,124478	-0,124487	0,000000	1,563080	1,333288	0,200496
59,600000	7,561829	7,594510	0,437991	0,091634	1,117468	-12101,089998	-10931,240469	-2985,676327	-11051,010149	-11671,079675	8,437734	20,522046	22,089617	22,817534	28,448026	23,303223	23,592942	-2,908761	1,267897	0,962445	206049,253200	-0,200269	0,000572	3,173977	1,581512	2,038449	-0,124485	-0,124482	0,000000	1,562804	1,312849	0,200460
59,800000	7,561573	7,594358	0,464980	0,091965	1,128215	-12559,530431	-10940,000152	-2985,749527	-11424,868582	-12044,938108	8,436263	20,511481	22,087295	22,816805	28,444446	23,303247	23,596701	-2,908399	1,267331	0,962424	206222,023993	-0,200652	0,000728	3,275915	1,581367	2,038651	-0,124489	-0,124480	0,000000	1,562344	1,288499	0,200401
60,000000	7,561376	7,594043	0,494428	0,091550	1,136115	-12905,195262	-10943,864654	-2985,252476	-11629,258556	-12249,328082	8,434513	20,489381	22,085964	22,815090	28,441614	23,311007	23,594549	-2,908108	1,267234	0,962184	206335,072082	-0,200498	0,000608	3,420204	1,582087	2,038783	-0,124485	-0,124485	0,000000	1,561382	1,263622	0,200278
60,200000	7,561021	7,593785	0,513396	0,091088	1,148687	-12816,605664	-10943,513900	-2984,516868	-11456,151157	-12076,220683	8,433259	20,453131	22,083369	22,814817	28,447139	23,315693	23,589793	-2,908057	1,267938	0,961608	206409,431640	-0,199655	0,000316	3,507300	1,582421	2,040203	-0,124478	-0,124490	0,000000	1,559803	1,248027	0,200075
60,400000	7,560947	7,593708	0,504903	0,091584	1,164773	-12241,456910	-10942,063841	-2984,340908	-10933,452188	-11553,521714	8,432207	20,419605	22,079474	22,816353	28,459429	23,310628	23,588543	-2,908194	1,268531	0,961517	206474,225850	-0,198503	0,000229	3,462529	1,582234	2,042102	-0,124478	-0,124488	0,000000	1,558341	1,254959	0,199888
60,600000	7,560836	7,593860	0,473828	0,091742	1,182740	-11404,169015	-10940,829554	-2985,068037	-10283,240494	-10903,310020	8,430819	20,405375	22,076108	22,817769	28,469103	23,299344	23,593703	-2,908301	1,267443	0,962418	206524,565627	-0,197981	0,000409	3,357198	1,582256	2,041955	-0,124484	-0,124478	0,000000	1,557721	1,281507	0,199808
60,800000	7,560331	7,593712	0,448300	0,090607	1,192507	-10764,147752	-10940,480308	-2986,092476	-9789,648670	-10409,718196	8,429454	20,408685	22,072413	22,816240	28,472014	23,288538	23,603198	-2,908196	1,265325	0,963594	206585,175459	-0,199452	0,000693	3,303659	1,582030	2,038927	-0,124490	-0,124472	0,000000	1,557865	1,303915	0,199827
61,000000	7,559989	7,592732	0,438913	0,089568	1,183832	-10754,724556	-10940,378306	-2986,633136	-9741,456819	-10361,526345	8,427904	20,406207	22,069996	22,812941	28,467188	23,286195	23,609878	-2,908022	1,264419	0,963958	206666,736543	-0,201723	0,000903	3,262171	1,581006	2,036475	-0,124494	-0,124474	0,000000	1,557757	1,311419	0,199813
61,200000	7,559962	7,591516	0,433397	0,089947	1,165477	-11377,694987	-10940,359769	-2986,213802	-10234,856681	-10854,926207	8,426130	20,376090	22,073361	22,814014	28,458588	23,293074	23,611491	-2,907857	1,265736	0,963242	206988,216977	-0,201988	0,000912	3,184858	1,579996	2,035894	-0,124491	-0,124477	0,000000	1,556443	1,315398	0,199644
61,400000	7,559828	7,590983	0,425089	0,090825	1,150086	-12174,910479	-10940,559438	-2985,126048	-11014,976122	-11635,045649	8,424841	20,337742	22,078607	22,816992	28,452377	23,301573	23,609823	-2,907790	1,267477	0,962719	207637,005955	-0,200533	0,000791	3,175631	1,580044	2,036182	-0,124486	-0,124478	0,000000	1,554768	1,322987	0,199429
61,600000	7,559515	7,591049	0,414834	0,090880	1,138678	-12645,075097	-10940,258476	-2984,598786	-11621,788118	-12241,857644	8,423758	20,320341	22,078799	22,817001	28,452228	23,305523	23,608066	-2,907955	1,268600	0,962972	208098,822891	-0,199797	0,000662	3,267915	1,581043	2,037359	-0,124485	-0,124475	0,000000	1,554008	1,333432	0,199332
61,800000	7,559196	7,590949	0,409384	0,090358	1,126328	-12541,045259	-10939,420859	-2984,838615	-11682,185535	-12302,255062	8,422360	20,323826	22,077762	22,815266	28,455931	23,304600	23,607892	-2,908196	1,269031	0,963216	208156,428865	-0,199750	0,000594	3,314420	1,581780	2,037917	-0,124486	-0,124472	0,000000	1,554160	1,339224	0,199351
62,000000	7,558860	7,590454	0,416651	0,090135	1,112221	-11779,468513	-10900,860851	-2985,164494	-11066,794773	-11686,864299	8,420862	20,335242	22,081552	22,812355	28,455735	23,303576	23,604608	-2,908391	1,268443	0,963250	208039,537605	-0,199756	0,000537	3,281364	1,581511	2,036953	-0,124487	-0,124479	0,000000	1,554659	1,332060	0,199415
62,200000	7,558292	7,589964	0,426503	0,090476	1,102401	-10581,515545	-10618,098452	-2985,333354	-9942,254563	-10562,324090	8,419524	20,331053	22,089894	22,811131	28,450341	23,305286	23,597353	-2,908465	1,267626	0,963315	207640,401200	-0,200322	0,000579	3,310169	1,580877	2,035370	-0,124484	-0,124490	0,000000	1,554476	1,322232	0,199392
62,400000	7,557420	7,589691	0,426975	0,091034	1,098073	-9475,996176	-9994,778189	-2985,207639	-8770,908748	-9390,978275	8,418329	20,302252	22,099675	22,815178	28,445638	23,309128	23,590650	-2,908409	1,267446	0,962784	206972,301763	-0,200708	0,000612	3,389018	1,581214	2,034992	-0,124476	-0,124491	0,000000	1,553217	1,321995	0,199230
62,600000	7,556522	7,589736	0,424567	0,091588	1,093537	-8877,961326	-9485,246547	-2984,823988	-8053,010012	-8673,079539	8,417161	20,275004	22,102601	22,819711	28,449133	23,312989	23,587181	-2,908414	1,267784	0,961868	206381,946300	-0,199911	0,000457	3,265269	1,582526	2,036474	-0,124471	-0,124488	0,000000	1,552026	1,325331	0,199078
62,800000	7,556226	7,589884	0,417648	0,091692	1,088454	-8954,241048	-9591,348022	-2984,579534	-7990,752197	-8610,821723	8,415819	20,258472	22,093824	22,819344	28,457861	23,312634	23,589145	-2,908406	1,268847	0,961808	205830,756645	-0,199038	0,000391	3,126100	1,584646	2,038787	-0,124474	-0,124487	0,000000	1,551302	1,333649	0,198985
63,000000	7,556635	7,589750	0,396364	0,091374	1,092031	-9614,711624	-10209,173525	-2984,638745	-8482,204108	-9102,273635	8,414216	20,237753	22,080872	22,816417	28,461971	23,307611	23,597039	-2,908212	1,269696	0,962285	205294,433064	-0,199080	0,000532	3,329441	1,587776	2,041100	-0,124479	-0,124482	0,000000	1,550396	1,356672	0,198869
63,200000	7,556999	7,589374	0,375874	0,091329	1,107517	-10577,029320	-10807,078128	-2984,673087	-9312,855252	-9932,924778	8,412450	20,217625	22,074406	22,815256	28,461728	23,302953	23,602026	-2,908145	1,269216	0,962727	204695,531148	-0,199228	0,000578	3,547985	1,589468	2,041839	-0,124482	-0,124478	0,000000	1,549514	1,378294	0,198756
63,400000	7,556787	7,588819	0,380951	0,090804	1,121623	-11532,410587	-11032,045886	-2984,890025	-10246,507695	-10866,577221	8,410689	20,226950	22,077580	22,815952	28,459361	23,300554	23,596714	-2,908447	1,267940	0,962867	203902,532728	-0,199218	0,000361	3,548828	1,588268	2,041104	-0,124484	-0,124478	0,000000	1,549923	1,372086	0,198808
63,600000	7,556221	7,588345	0,406523	0,090147	1,124351	-12287,806369	-11000,317679	-2985,629123	-11086,879034	-11706,948561	8,409299	20,268137	22,082886	22,815905	28,458727	23,297822	23,590942	-2,908642	1,266003	0,962042	203235,433452	-0,199897	0,000186	3,543582	1,586464	2,040328	-0,124486	-0,124478	0,000000	1,551725	1,345523	0,199039
63,800000	7,555791	7,588146	0,433520	0,090774	1,123278	-12870,796938	-10944,853192	-2986,091944	-11738,805063	-12358,874590	8,408120	20,303473	22,081169	22,814630	28,462946	23,293909	23,593400	-2,908414	1,264758	0,961633	202723,636824	-0,200657	0,000313	3,431829	1,585883	2,039634	-0,124486	-0,124478	0,000000	1,553271	1,319683	0,199237
64,000000	7,555765	7,588006	0,456174	0,090961	1,125794	-13341,411890	-10932,106734	-2985,878216	-12205,338421	-12825,407947	8,406713	20,311430	22,074570	22,813456	28,467808	23,289724	23,600176	-2,908059	1,265270	0,962476	202285,653605	-0,200928	0,000480	3,221300	1,585658	2,039152	-0,124482	-0,124475	0,000000	1,553618	1,298965	0,199282
64,200000	7,556017	7,587716	0,474086	0,089756	1,128471	-13671,678718	-10938,943766	-2985,433706	-12551,211107	-13171,280633	8,405373	20,303782	22,070881	22,812440	28,470294	23,288163	23,608822	-2,907858	1,266678	0,963069	201872,871011	-0,200779	0,000479	3,172702	1,584072	2,038074	-0,124478	-0,124469	0,000000	1,553284	1,281862	0,199239
64,400000	7,555945	7,587173	0,489387	0,089122	1,131047	-13877,610022	-10942,073020	-2984,981975	-12841,285405	-13461,354932	8,404197	20,302126	22,073207	22,811954	28,467122	23,293395	23,615801	-2,908003	1,267759	0,963205	201384,299471	-0,199766	0,000518	3,180700	1,581476	2,036189	-0,124477	-0,124465	0,000000	1,553212	1,266517	0,199230
64,600000	7,555313	7,586623	0,502037	0,089311	1,136305	-14009,988694	-10939,459269	-2984,845198	-13086,395234	-13706,464760	8,402983	20,315405	22,080482	22,814076	28,457780	23,304226	23,613551	-2,908376	1,267941	0,963514	201556,147116	-0,199133	0,000568	3,129899	1,579750	2,035377	-0,124476	-0,124471	0,000000	1,553792	1,254347	0,199304
64,800000	7,554702	7,586318	0,506358	0,090013	1,139140	-14039,729411	-10937,635425	-2985,348311	-13199,020555	-13819,090081	8,401762	20,331084	22,088031	22,817077	28,451604	23,311418	23,603825	-2,908542	1,267263	0,963580	202989,130984	-0,200168	0,000320	3,111291	1,579633	2,035396	-0,124477	-0,124484	0,000000	1,554477	1,250571	0,199392
65,000000	7,554400	7,586088	0,505699	0,091349	1,136457	-13831,152001	-10939,799529	-2985,843174	-12994,208630	-13614,278156	8,400317	20,334911	22,091749	22,816957	28,451902	23,309005	23,596841	-2,908478	1,266358	0,962773	204701,385246	-0,201135	0,000135	3,062494	1,580866	2,035787	-0,124479	-0,124487	0,000000	1,554645	1,252063	0,199414
65,200000	7,554327	7,585770	0,507509	0,091851	1,130697	-13293,908495	-10942,208494	-2985,726256	-12384,980757	-13005,050283	8,398582	20,328864	22,091273	22,815758	28,451787	23,305535	23,595278	-2,908445	1,266377	0,962114	206150,092228	-0,200074	0,000514	3,007658	1,582976	2,036700	-0,124479	-0,124480	0,000000	1,554380	1,252186	0,199380
65,400000	7,554077	7,585329	0,507440	0,091117	1,129264	-12475,810232	-10941,295753	-2985,317803	-11494,528095	-12114,597622	8,396902	20,327242	22,090506	22,816303	28,451537	23,307451	23,593865	-2,908538	1,267145	0,962539	207653,613327	-0,198681	0,000999	3,054371	1,585473	2,036693	-0,124479	-0,124475	0,000000	1,554309	1,254152	0,199371
65,600000	7,553282	7,584914	0,503199	0,090742	1,141942	-11436,591783	-10812,762089	-2984,999971	-10434,189538	-11054,259064	8,395360	20,333713	22,092496	22,817249	28,453587	23,311418	23,592148	-2,908656	1,267750	0,962596	208913,686456	-0,198979	0,001102	3,098999	1,587763	2,036593	-0,124476	-0,124475	0,000000	1,554592	1,259451	0,199407
65,800000	7,552442	7,584688	0,499549	0,091559	1,158848	-10350,338047	-10366,717327	-2984,808674	-9310,367724	-9930,437250	8,394032	20,335555	22,095178	22,819333	28,456791	23,315218	23,590810	-2,908589	1,267777	0,962104	210076,366362	-0,199760	0,000872	3,113887	1,589101	2,037383	-0,124476	-0,124483	0,000000	1,554673	1,263553	0,199417
66,000000	7,551849	7,584660	0,492574	0,092652	1,166408	-9555,760037	-9775,243466	-2984,780021	-8409,021351	-9029,090877	8,392835	20,331815	22,094535	22,820685	28,460608	23,314944	23,588425	-2,908508	1,267834	0,962347	211113,718800	-0,199546	0,000476	3,006422	1,589372	2,038791	-0,124481	-0,124493	0,000000	1,554509	1,269683	0,199396
66,200000	7,551483	7,584711	0,478093	0,092594	1,169551	-9241,226060	-9486,995311	-2985,283490	-7989,203591	-8609,273117	8,391239	20,332984	22,086994	22,817417	28,466240	23,307768	23,589880	-2,908539	1,267722	0,962378	211400,142084	-0,199250	0,000183	2,838897	1,588804	2,040265	-0,124486	-0,124491	0,000000	1,554560	1,281715	0,199403
66,400000	7,551631	7,584680	0,463702	0,091292	1,173832	-9395,978187	-9731,893945	-2985,977190	-8094,732634	-8714,802160	8,389502	20,332542	22,075200	22,813812	28,471185	23,297202	23,596630	-2,908333	1,266797	0,962009	211111,891122	-0,199722	0,000200	2,921387	1,588327	2,040295	-0,124487	-0,124482	0,000000	1,554541	1,293966	0,199400
66,600000	7,552100	7,584358	0,455068	0,090035	1,176703	-9985,110004	-10341,690028	-2986,149217	-8679,333743	-9299,403270	8,388184	20,318003	22,069707	22,814457	28,469265	23,290785	23,603470	-2,908074	1,266055	0,962345	210463,803657	-0,199820	0,000442	3,048746	1,588678	2,038600	-0,124487	-0,124477	0,000000	1,553906	1,301876	0,199319
66,800000	7,552248	7,583765	0,443335	0,089478	1,177831	-10883,592139	-10862,084791	-2985,768732	-9620,365001	-10240,434528	8,387082	20,303493	22,073995	22,816428	28,462110	23,291886	23,605414	-2,908141	1,265967	0,962732	209219,367809	-0,199114	0,000705	2,981940	1,589311	2,036789	-0,124491	-0,124476	0,000000	1,553272	1,312855	0,199237
67,000000	7,551869	7,583222	0,430624	0,089569	1,178366	-11789,989547	-11028,391906	-2985,356488	-10621,245725	-11241,315251	8,385877	20,318063	22,077810	22,816191	28,457853	23,295849	23,602981	-2,908198	1,266377	0,962588	207938,733380	-0,198885	0,000788	2,967242	1,590034	2,036908	-0,124493	-0,124476	0,000000	1,553908	1,325025	0,199319
67,200000	7,551296	7,582725	0,433661	0,090031	1,177268	-12325,480431	-10988,451142	-2985,262896	-11309,907849	-11929,977376	8,384517	20,359459	22,076439	22,815779	28,461479	23,298848	23,604063	-2,908100	1,267128	0,962586	207202,427841	-0,199194	0,000611	3,113195	1,590730	2,038172	-0,124488	-0,124473	0,000000	1,555717	1,322737	0,199551
67,400000	7,550912	7,582459	0,451364	0,090110	1,173591	-12261,500122	-10940,631933	-2985,305202	-11486,911439	-12106,980965	8,382942	20,389620	22,073947	22,815458	28,467489	23,300200	23,608619	-2,908132	1,267951	0,962982	206752,184656	-0,199307	0,000418	3,138401	1,590359	2,037540	-0,124483	-0,124472	0,000000	1,557033	1,306279	0,199720
67,600000	7,550766	7,582248	0,467810	0,089748	1,167428	-11802,932067	-10929,711306	-2985,233624	-11284,930160	-11904,999687	8,381339	20,396670	22,073832	22,812342	28,467188	23,301046	23,610265	-2,908302	1,268056	0,963306	206411,654890	-0,199232	0,000318	3,058657	1,588930	2,034949	-0,124477	-0,124476	0,000000	1,557341	1,290457	0,199759
67,800000	7,550662	7,581570	0,467596	0,089613	1,153415	-11487,754012	-10935,127946	-2985,145806	-11035,610461	-11655,679987	8,379913	20,403104	22,079189	22,810400	28,460320	23,303259	23,607043	-2,908413	1,267627	0,963359	206068,980740	-0,199304	0,000305	3,148755	1,587171	2,033348	-0,124475	-0,124476	0,000000	1,557622	1,289093	0,199795
68,000000	7,550373	7,580862	0,453976	0,090041	1,133279	-11591,109783	-10940,275891	-2985,065157	-10963,451870	-11583,521396	8,378567	20,418147	22,090341	22,812728	28,452252	23,306683	23,599040	-2,908521	1,267368	0,963186	205810,568293	-0,199494	0,000461	3,295342	1,584744	2,034197	-0,124477	-0,124474	0,000000	1,558278	1,299030	0,199880
68,200000	7,549833	7,580718	0,447069	0,090556	1,121494	-11892,891216	-10941,688296	-2984,879000	-11070,840959	-11690,910486	8,377351	20,428635	22,100288	22,816374	28,448741	23,311603	23,590571	-2,908676	1,267191	0,962722	206384,191810	-0,199302	0,000710	3,410991	1,582070	2,036706	-0,124477	-0,124473	0,000000	1,558735	1,302978	0,199938
68,400000	7,549225	7,580893	0,449278	0,091441	1,121809	-12073,384450	-10941,333363	-2984,918276	-11196,982985	-11817,052512	8,376068	20,420589	22,099034	22,818115	28,452101	23,313728	23,590370	-2,908602	1,267440	0,962072	207790,871823	-0,199069	0,000755	3,532535	1,580264	2,038934	-0,124478	-0,124476	0,000000	1,558384	1,299539	0,199893
68,600000	7,548788	7,580873	0,443313	0,092898	1,130358	-12013,338506	-10940,182421	-2985,128973	-11172,937165	-11793,006692	8,374456	20,410710	22,088560	22,816982	28,455998	23,310376	23,596799	-2,908431	1,267983	0,962070	208814,344740	-0,199005	0,000585	3,582468	1,579572	2,040141	-0,124483	-0,124478	0,000000	1,557953	1,304360	0,199838
68,800000	7,548503	7,580470	0,430004	0,092949	1,140257	-11783,037647	-10939,580271	-2985,117031	-11010,256401	-11630,325927	8,372899	20,416964	22,080515	22,816068	28,455932	23,309217	23,600141	-2,908411	1,268198	0,962593	209109,917041	-0,199094	0,000400	3,434219	1,579793	2,040512	-0,124484	-0,124475	0,000000	1,558226	1,316630	0,199873
69,000000	7,548236	7,579973	0,431276	0,091827	1,141920	-11449,967004	-10940,613117	-2985,120107	-10727,367182	-11347,436708	8,371729	20,422884	22,078759	22,816698	28,458346	23,311171	23,597227	-2,908398	1,267756	0,962485	209191,417394	-0,199737	0,000200	3,101267	1,580405	2,039487	-0,124480	-0,124477	0,000000	1,558484	1,315902	0,199906
69,200000	7,547900	7,579840	0,441136	0,091422	1,137750	-11048,920730	-10936,510537	-2985,530023	-10250,426197	-10870,495723	8,370522	20,423365	22,079389	22,816916	28,463764	23,310873	23,590731	-2,908354	1,266932	0,962018	209451,203012	-0,200597	6,101826E-5	2,916160	1,580494	2,038475	-0,124481	-0,124482	0,000000	1,558505	1,306970	0,199909
69,400000	7,547515	7,579982	0,432174	0,090844	1,142702	-10527,208888	-10758,839776	-2986,098988	-9602,969385	-10223,038912	8,368991	20,425826	22,079341	22,816339	28,465727	23,305822	23,587083	-2,908280	1,266088	0,962056	209971,944916	-0,201181	0,000167	3,001944	1,579670	2,038698	-0,124489	-0,124482	0,000000	1,558613	1,314499	0,199923
69,600000	7,547288	7,579836	0,409200	0,090022	1,157756	-9713,621862	-10119,532154	-2986,369433	-8804,723569	-9424,793095	8,367475	20,417454	22,077535	22,816041	28,466766	23,295715	23,592107	-2,908149	1,265599	0,962616	210444,895521	-0,201668	0,000512	3,092156	1,578638	2,039094	-0,124492	-0,124480	0,000000	1,558247	1,335049	0,199876
69,800000	7,547184	7,579262	0,392520	0,090198	1,167967	-8718,029949	-9091,802543	-2986,174143	-7881,834545	-8501,904072	8,366249	20,396017	22,074391	22,815712	28,469640	23,287489	23,603592	-2,908001	1,265451	0,962828	210859,862631	-0,201707	0,000780	3,022105	1,578029	2,038683	-0,124490	-0,124476	0,000000	1,557312	1,350450	0,199756
70,000000	7,547124	7,578976	0,383861	0,090102	1,168884	-7885,352645	-8141,346781	-2985,632138	-7025,805702	-7645,875228	8,365005	20,381569	22,070735	22,814905	28,469728	23,289884	23,612969	-2,907960	1,265979	0,962720	211262,266468	-0,201005	0,000824	2,826544	1,578236	2,036862	-0,124486	-0,124469	0,000000	1,556682	1,359040	0,199675
70,200000	7,547087	7,579040	0,381035	0,088994	1,161461	-7462,852045	-7689,517763	-2985,102817	-6491,875593	-7111,945119	8,363501	20,387335	22,070878	22,815119	28,462492	23,300934	23,614764	-2,908258	1,267295	0,963285	211431,569597	-0,199836	0,000715	2,676360	1,579979	2,034900	-0,124480	-0,124467	0,000000	1,556934	1,363302	0,199707
70,400000	7,546670	7,578847	0,383307	0,089135	1,152486	-7604,247167	-7939,423762	-2985,209523	-6485,171908	-7105,241434	8,362164	20,407214	22,077103	22,816087	28,451426	23,310097	23,609684	-2,908572	1,268165	0,964084	211370,604127	-0,199572	0,000624	2,716786	1,582784	2,034797	-0,124479	-0,124473	0,000000	1,557801	1,363394	0,199818
70,600000	7,546041	7,578276	0,386145	0,090913	1,149842	-8335,630618	-8851,398840	-2985,985781	-7078,103506	-7698,173032	8,360869	20,423138	22,084802	22,815989	28,447817	23,311050	23,603871	-2,908377	1,268219	0,964031	210960,119539	-0,201033	0,000490	2,860954	1,584881	2,036132	-0,124484	-0,124477	0,000000	1,558495	1,362296	0,199907
70,800000	7,545767	7,577732	0,394246	0,091629	1,145270	-9483,640024	-10032,185347	-2986,190959	-8144,252839	-8764,322366	8,359070	20,426530	22,089699	22,815112	28,451151	23,305328	23,601395	-2,908078	1,267642	0,963055	209930,157617	-0,201499	0,000292	2,979627	1,585285	2,036691	-0,124484	-0,124479	0,000000	1,558643	1,354656	0,199926
71,000000	7,545706	7,577414	0,412051	0,090952	1,133528	-10723,081085	-10861,795031	-2985,597045	-9406,634777	-10026,704303	8,357276	20,425274	22,091632	22,813871	28,452243	23,301091	23,600108	-2,908163	1,267335	0,962264	208789,016939	-0,200351	0,000324	3,025173	1,584525	2,034920	-0,124477	-0,124484	0,000000	1,558588	1,336888	0,199919
71,200000	7,545386	7,576832	0,432705	0,090794	1,122667	-11780,215256	-11088,981388	-2985,157318	-10580,087509	-11200,157035	8,356215	20,425266	22,093967	22,813545	28,448005	23,304889	23,597793	-2,908434	1,267984	0,962479	207755,594810	-0,199990	0,000561	2,965043	1,584176	2,033611	-0,124473	-0,124483	0,000000	1,558588	1,317209	0,199919
71,400000	7,544645	7,576099	0,453024	0,091129	1,117866	-12588,349364	-11011,160575	-2984,926729	-11509,630471	-12129,699997	8,355273	20,424892	22,097254	22,816731	28,445172	23,312215	23,594843	-2,908589	1,268574	0,962577	206572,143935	-0,200105	0,000716	2,889887	1,585524	2,034764	-0,124477	-0,124478	0,000000	1,558572	1,299750	0,199917
71,600000	7,544065	7,575807	0,473810	0,091405	1,115470	-13093,475672	-10936,913713	-2984,706563	-12093,348379	-12713,417905	8,353818	20,428138	22,097640	22,820419	28,451874	23,315923	23,592230	-2,908558	1,268516	0,961736	205845,531525	-0,199592	0,000581	2,955578	1,587727	2,037128	-0,124480	-0,124483	0,000000	1,558713	1,283160	0,199935
71,800000	7,543845	7,575979	0,494533	0,091599	1,115411	-13140,966791	-10924,315932	-2985,027549	-12213,545744	-12833,615271	8,352251	20,431985	22,090853	22,820020	28,462161	23,313349	23,591793	-2,908441	1,267952	0,960757	205801,830354	-0,199280	0,000376	3,047645	1,589419	2,040700	-0,124482	-0,124490	0,000000	1,558881	1,266779	0,199957
72,000000	7,543831	7,576214	0,510174	0,091590	1,118519	-12738,330181	-10935,345568	-2985,800159	-11896,409999	-12516,479526	8,350867	20,427205	22,079473	22,817390	28,467870	23,306090	23,594344	-2,908282	1,267167	0,960615	205869,023337	-0,199617	0,000397	3,031238	1,590281	2,042889	-0,124488	-0,124486	0,000000	1,558673	1,254402	0,199930
72,200000	7,543975	7,576046	0,509833	0,091532	1,122803	-12133,380639	-10942,451971	-2986,263639	-11343,385641	-11963,455168	8,349430	20,420579	22,073731	22,815058	28,467519	23,300889	23,596220	-2,908105	1,266402	0,961685	205343,677976	-0,200329	0,000610	3,048569	1,589971	2,041522	-0,124492	-0,124479	0,000000	1,558384	1,254426	0,199893
72,400000	7,543896	7,575426	0,495748	0,091248	1,124788	-11646,325329	-10942,490134	-2986,188621	-10823,822457	-11443,891983	8,347775	20,414782	22,076523	22,814657	28,462572	23,301071	23,597677	-2,908128	1,266036	0,962842	204180,988172	-0,200770	0,000753	3,130918	1,589069	2,038654	-0,124492	-0,124475	0,000000	1,558131	1,265414	0,199861
72,600000	7,543465	7,574867	0,484482	0,090796	1,121696	-11537,949074	-10941,026651	-2985,744275	-10597,722523	-11217,792050	8,346179	20,408737	22,081106	22,818069	28,458014	23,301525	23,600772	-2,908268	1,266189	0,962782	203147,596980	-0,200475	0,000785	3,130651	1,588591	2,036862	-0,124490	-0,124473	0,000000	1,557867	1,274521	0,199827
72,800000	7,542736	7,574830	0,479742	0,090461	1,118218	-11833,318389	-10940,196987	-2985,415767	-10738,609065	-11358,678592	8,344832	20,410631	22,081181	22,820914	28,461678	23,299373	23,603887	-2,908350	1,266955	0,961891	202291,165941	-0,199867	0,000866	3,096767	1,587850	2,036804	-0,124489	-0,124473	0,000000	1,557950	1,278007	0,199838
73,000000	7,542049	7,575007	0,475105	0,090334	1,121412	-12267,121708	-10939,197893	-2985,469068	-11072,149855	-11692,219382	8,343561	20,412654	22,076042	22,819370	28,472767	23,297256	23,608452	-2,908350	1,267508	0,961655	201509,991194	-0,199588	0,000878	3,191568	1,585810	2,037295	-0,124487	-0,124475	0,000000	1,558038	1,280459	0,199849
73,200000	7,541900	7,574574	0,465288	0,090367	1,132679	-12583,238837	-10938,313128	-2985,741522	-11432,941759	-12053,011286	8,342335	20,400954	22,071880	22,815896	28,475113	23,295996	23,616565	-2,908160	1,266736	0,962419	200955,254816	-0,200350	0,000701	3,286544	1,584023	2,037131	-0,124487	-0,124474	0,000000	1,557528	1,287549	0,199783
73,400000	7,542230	7,573618	0,448490	0,089884	1,137076	-12758,754132	-10938,127304	-2985,948372	-11747,588856	-12367,658382	8,341088	20,395600	22,074466	22,813623	28,463185	23,297646	23,619420	-2,908068	1,265921	0,963115	200497,244229	-0,201329	0,000468	3,285304	1,584599	2,036146	-0,124488	-0,124476	0,000000	1,557294	1,302773	0,199753
73,600000	7,542381	7,573026	0,437458	0,089139	1,128116	-12782,566846	-10938,669694	-2985,859692	-11855,487631	-12475,557157	8,339813	20,414590	22,083198	22,813908	28,453521	23,303492	23,609803	-2,908272	1,266293	0,963471	200134,590071	-0,201486	0,000323	3,280739	1,586519	2,035248	-0,124482	-0,124481	0,000000	1,558123	1,314232	0,199860
73,800000	7,541962	7,573073	0,445715	0,089697	1,121939	-12469,032749	-10940,733204	-2985,720497	-11563,604143	-12183,673670	8,338804	20,438854	22,091698	22,815485	28,450839	23,308445	23,597914	-2,908432	1,266905	0,963507	199782,655222	-0,201441	0,000363	3,199525	1,587770	2,034958	-0,124477	-0,124481	0,000000	1,559181	1,307742	0,199995
74,000000	7,541176	7,573152	0,464503	0,091370	1,118144	-11650,469045	-10923,657263	-2985,795620	-10831,000170	-11451,069696	8,337635	20,444270	22,094136	22,817020	28,447751	23,310553	23,592947	-2,908381	1,267194	0,962794	199502,905885	-0,201275	0,000581	2,981011	1,587713	2,035330	-0,124480	-0,124476	0,000000	1,559417	1,290903	0,200026
74,200000	7,540350	7,572675	0,470953	0,092028	1,105866	-10545,085997	-10766,488466	-2985,740610	-9865,475792	-10485,545318	8,336084	20,427969	22,092279	22,817776	28,448634	23,310746	23,593293	-2,908396	1,267741	0,962297	200172,040747	-0,200297	0,000689	2,805931	1,585957	2,036518	-0,124485	-0,124476	0,000000	1,558706	1,283748	0,199935
74,400000	7,539970	7,572079	0,456371	0,091437	1,092702	-9754,978538	-10535,702698	-2985,312496	-9119,845131	-9739,914657	8,334487	20,414887	22,090072	22,817849	28,456393	23,310164	23,596213	-2,908460	1,267981	0,962635	201866,672844	-0,199076	0,000662	2,972185	1,583866	2,038073	-0,124482	-0,124475	0,000000	1,558135	1,294841	0,199861
74,600000	7,540107	7,571841	0,435432	0,091249	1,086777	-9721,510914	-10566,167129	-2984,737419	-9010,816741	-9630,886268	8,332662	20,424467	22,088338	22,817479	28,463304	23,312989	23,598300	-2,908481	1,267786	0,962680	203257,464938	-0,197813	0,000605	3,289063	1,583681	2,039008	-0,124473	-0,124476	0,000000	1,558553	1,313578	0,199915
74,800000	7,540233	7,571922	0,419415	0,091427	1,082215	-10313,098273	-10815,592731	-2984,668637	-9537,200702	-10157,270228	8,330820	20,442166	22,087060	22,817220	28,466143	23,318761	23,595441	-2,908562	1,267351	0,962209	204056,702923	-0,197062	0,000445	3,267043	1,584933	2,039514	-0,124473	-0,124481	0,000000	1,559325	1,329483	0,200014
75,000000	7,540024	7,572164	0,409077	0,091579	1,075525	-11081,828771	-10965,929275	-2985,242817	-10313,221607	-10933,291133	8,329501	20,443486	22,083919	22,817618	28,468115	23,318079	23,590412	-2,908542	1,266863	0,961813	204608,331382	-0,198102	0,000299	2,992531	1,586142	2,039319	-0,124481	-0,124488	0,000000	1,559382	1,340308	0,200021
75,200000	7,539579	7,572134	0,403612	0,092271	1,070941	-11755,925462	-10973,769556	-2985,723139	-10994,082239	-11614,151765	8,328346	20,442158	22,076959	22,817358	28,469550	23,305922	23,590502	-2,908401	1,266511	0,962031	204432,417451	-0,199490	0,000215	2,918987	1,586358	2,039105	-0,124491	-0,124489	0,000000	1,559325	1,345714	0,200014
75,400000	7,539280	7,571692	0,400212	0,092353	1,071514	-12224,961526	-10948,241607	-2985,808221	-11450,977384	-12071,046911	8,326871	20,467712	22,069877	22,816692	28,470899	23,292253	23,597351	-2,908152	1,266242	0,962535	203555,493167	-0,199650	0,000183	3,146423	1,586139	2,039950	-0,124499	-0,124478	0,000000	1,560438	1,348737	0,200157
75,600000	7,539419	7,571243	0,403183	0,090770	1,080320	-12313,621735	-10937,084218	-2985,630208	-11570,399725	-12190,469251	8,325593	20,500117	22,065926	22,816043	28,469789	23,288193	23,605253	-2,907964	1,266658	0,962533	202726,406660	-0,199282	0,000346	3,245212	1,586740	2,039281	-0,124493	-0,124467	0,000000	1,561849	1,346317	0,200338
75,800000	7,539686	7,570673	0,417607	0,089237	1,093177	-11896,955403	-10936,379219	-2985,222478	-11235,132490	-11855,202016	8,324601	20,510428	22,066149	22,815544	28,464901	23,293523	23,610007	-2,908103	1,266879	0,962578	202062,952318	-0,199105	0,000564	3,030955	1,587830	2,037164	-0,124480	-0,124467	0,000000	1,562298	1,333421	0,200395
76,000000	7,539383	7,569936	0,432320	0,089278	1,096859	-11161,298718	-10938,166275	-2985,104928	-10581,345450	-11201,414976	8,323208	20,507052	22,070968	22,817252	28,461656	23,302509	23,610344	-2,908311	1,266665	0,962767	201586,299990	-0,199345	0,000609	2,865569	1,588431	2,036288	-0,124477	-0,124471	0,000000	1,562151	1,320082	0,200376
76,200000	7,538391	7,569787	0,429975	0,090238	1,088162	-10533,997993	-10939,603227	-2985,595989	-9977,293837	-10597,363363	8,321385	20,505765	22,076083	22,818321	28,463240	23,308081	23,607824	-2,908400	1,266509	0,962577	202171,849743	-0,200308	0,000547	2,929002	1,587528	2,036266	-0,124480	-0,124476	0,000000	1,562095	1,321474	0,200369
76,400000	7,537602	7,569955	0,409339	0,090847	1,074432	-10381,032501	-10940,181205	-2985,966050	-9752,775159	-10372,844685	8,319697	20,509201	22,077242	22,814682	28,463042	23,305715	23,605879	-2,908334	1,266016	0,962417	203810,604432	-0,201340	0,000538	3,031170	1,585757	2,036222	-0,124479	-0,124481	0,000000	1,562245	1,339378	0,200388
76,600000	7,537586	7,569586	0,384353	0,090775	1,054889	-10704,382982	-10940,488814	-2986,044341	-9992,750393	-10612,819920	8,318309	20,510983	22,077299	22,811307	28,457227	23,301135	23,603681	-2,908085	1,266034	0,962299	205109,958639	-0,201715	0,000606	3,123044	1,584945	2,035959	-0,124481	-0,124483	0,000000	1,562322	1,362794	0,200398
76,800000	7,537681	7,568836	0,368859	0,090848	1,030900	-11088,358850	-10940,775058	-2985,876129	-10363,719955	-10983,789482	8,316971	20,510139	22,082706	22,812188	28,452279	23,302552	23,601558	-2,908136	1,266679	0,961853	205701,947989	-0,201297	0,000662	3,295648	1,585498	2,035104	-0,124484	-0,124480	0,000000	1,562286	1,378559	0,200394
77,000000	7,537248	7,568368	0,360348	0,091384	1,013937	-11084,264967	-10916,938938	-2985,048980	-10354,125478	-10974,195004	8,315840	20,521959	22,091194	22,815119	28,447290	23,309215	23,597404	-2,908530	1,267471	0,961526	206017,854487	-0,200203	0,000707	3,395767	1,587066	2,034766	-0,124482	-0,124477	0,000000	1,562800	1,388446	0,200460
77,200000	7,536605	7,568218	0,355400	0,091654	1,008110	-10574,540079	-10737,633343	-2984,396907	-9821,931481	-10442,001008	8,314907	20,543196	22,094111	22,817448	28,444069	23,315523	23,590921	-2,908676	1,268624	0,961719	206069,178215	-0,199643	0,000627	3,378736	1,588996	2,036675	-0,124479	-0,124479	0,000000	1,563724	1,395161	0,200578
77,400000	7,536124	7,568118	0,361565	0,091896	1,008020	-9888,301558	-10345,255298	-2984,677326	-9103,577667	-9723,647194	8,313607	20,547428	22,090487	22,819033	28,447031	23,318237	23,589734	-2,908531	1,269148	0,961494	205925,733816	-0,199812	0,000350	3,378103	1,590668	2,039827	-0,124479	-0,124482	0,000000	1,563908	1,390293	0,200602
77,600000	7,535832	7,568274	0,371153	0,092514	1,011551	-9518,616310	-10052,569997	-2985,029127	-8649,247984	-9269,317510	8,311939	20,549997	22,083050	22,819511	28,453320	23,317035	23,593612	-2,908373	1,268446	0,960976	205784,054002	-0,199403	0,000136	3,349161	1,591830	2,041210	-0,124484	-0,124489	0,000000	1,564020	1,381627	0,200616
77,800000	7,535562	7,568315	0,369829	0,092531	1,016322	-9711,518763	-10214,012078	-2985,031210	-8701,059780	-9321,129306	8,310242	20,578878	22,076449	22,817141	28,459085	23,312405	23,595440	-2,908243	1,267716	0,961438	205695,530867	-0,199397	0,000126	3,278950	1,592191	2,040562	-0,124488	-0,124496	0,000000	1,565275	1,383322	0,200777
78,000000	7,535243	7,567699	0,357082	0,091957	1,019452	-10418,834945	-10667,440570	-2985,052112	-9258,885839	-9878,955366	8,308481	20,615979	22,077486	22,814710	28,459603	23,306836	23,593499	-2,908182	1,267007	0,961822	205621,642898	-0,200356	0,000165	3,269522	1,591945	2,039696	-0,124489	-0,124493	0,000000	1,566887	1,396017	0,200984
78,200000	7,534998	7,567093	0,343788	0,091440	1,025226	-11382,546538	-10966,556912	-2985,078846	-10152,349416	-10772,418942	8,306916	20,634372	22,083405	22,815360	28,456476	23,303882	23,588859	-2,908250	1,266279	0,961642	205098,095801	-0,200463	0,000178	3,296343	1,591177	2,039333	-0,124489	-0,124487	0,000000	1,567686	1,409036	0,201086
78,400000	7,534717	7,566989	0,346196	0,090629	1,032537	-12304,376954	-11004,957100	-2984,793866	-11128,014760	-11748,084286	8,305779	20,629790	22,085150	22,817390	28,456183	23,301408	23,587742	-2,908229	1,266760	0,962245	203939,923465	-0,199272	0,000297	3,301957	1,589471	2,039389	-0,124487	-0,124483	0,000000	1,567487	1,404978	0,201061
78,600000	7,534561	7,566964	0,365671	0,089974	1,037589	-13065,051766	-10958,919522	-2984,650111	-11993,608750	-12613,678276	8,304729	20,612067	22,079052	22,817474	28,461485	23,296041	23,598730	-2,908191	1,267490	0,963264	203147,358889	-0,198498	0,000478	3,327079	1,587575	2,039205	-0,124481	-0,124475	0,000000	1,566717	1,383303	0,200962
78,800000	7,534752	7,566853	0,391355	0,089661	1,040459	-13712,609726	-10933,697373	-2985,202625	-12695,924065	-13315,993592	8,303588	20,597955	22,068660	22,816161	28,466426	23,292237	23,614493	-2,908270	1,267167	0,963446	203163,787056	-0,199445	0,000509	3,282261	1,586633	2,038359	-0,124480	-0,124466	0,000000	1,566104	1,356963	0,200884
79,000000	7,534886	7,566614	0,420873	0,089007	1,037163	-14320,852599	-10932,791549	-2985,899034	-13260,918517	-13880,988043	8,302182	20,602261	22,062662	22,815479	28,463121	23,295484	23,620537	-2,908308	1,266165	0,962870	203410,791478	-0,200804	0,000461	3,007064	1,586075	2,036725	-0,124484	-0,124469	0,000000	1,566292	1,328246	0,200908
79,200000	7,534531	7,566046	0,450526	0,089309	1,031327	-14847,970024	-10937,262761	-2986,093628	-13684,402237	-14304,471764	8,300406	20,615944	22,067143	22,814624	28,454502	23,302417	23,614954	-2,908308	1,265221	0,962432	203578,439701	-0,201360	0,000419	2,701154	1,584965	2,035194	-0,124485	-0,124479	0,000000	1,566886	1,300050	0,200984
79,400000	7,533846	7,565350	0,469468	0,090722	1,035934	-15088,447565	-10939,923200	-2985,695229	-13875,002515	-14495,072042	8,298883	20,623790	22,077535	22,813648	28,447308	23,308077	23,604160	-2,908292	1,265212	0,962720	203685,654307	-0,200883	0,000393	2,745543	1,583336	2,035011	-0,124480	-0,124484	0,000000	1,567227	1,281835	0,201027
79,600000	7,533289	7,564891	0,472926	0,090905	1,047112	-14846,067192	-10941,129923	-2985,249477	-13704,320126	-14324,389652	8,297957	20,627607	22,086725	22,814474	28,442964	23,310784	23,594755	-2,908312	1,266202	0,963051	204168,175920	-0,200115	0,000374	3,050291	1,581842	2,035378	-0,124475	-0,124483	0,000000	1,567392	1,277527	0,201049
79,800000	7,532965	7,564668	0,469979	0,090354	1,051362	-14135,464170	-10941,239853	-2985,230534	-13117,755521	-13737,825047	8,297049	20,629894	22,092593	22,816471	28,442040	23,307352	23,592594	-2,908448	1,267468	0,962980	205503,034071	-0,200079	0,000444	3,199057	1,581004	2,035362	-0,124475	-0,124482	0,000000	1,567492	1,279366	0,201061
80,000000	7,532573	7,564531	0,472706	0,090762	1,051314	-13188,664456	-10940,296331	-2985,456050	-12223,254273	-12843,323799	8,295686	20,628984	22,094612	22,817503	28,442677	23,303937	23,597425	-2,908612	1,268389	0,962964	207018,944826	-0,200594	0,000711	3,119087	1,580754	2,035598	-0,124479	-0,124479	0,000000	1,567452	1,276771	0,201056
80,200000	7,531947	7,564282	0,479580	0,091197	1,056171	-12344,537964	-10939,973062	-2985,457781	-11310,848735	-11930,918261	8,294047	20,631970	22,094163	22,817581	28,444339	23,308879	23,601476	-2,908533	1,268247	0,963039	208366,510840	-0,200999	0,000799	2,986223	1,581015	2,035664	-0,124475	-0,124477	0,000000	1,567582	1,271017	0,201073
80,400000	7,531452	7,563870	0,481436	0,091070	1,062991	-11906,186525	-10941,658022	-2985,169972	-10732,151361	-11352,220888	8,292218	20,643725	22,093053	22,816779	28,446444	23,316411	23,598404	-2,908375	1,267817	0,963066	209861,106100	-0,200697	0,000538	2,927675	1,581357	2,036276	-0,124470	-0,124484	0,000000	1,568092	1,269650	0,201138
80,600000	7,531391	7,563560	0,478853	0,091810	1,066601	-11988,518243	-10944,017489	-2984,940090	-10659,555930	-11279,625456	8,290318	20,644225	22,092140	22,815991	28,447466	23,319558	23,592244	-2,908389	1,268107	0,962451	210979,080210	-0,200029	0,000125	3,021271	1,581371	2,039392	-0,124476	-0,124494	0,000000	1,568114	1,271840	0,201141
80,800000	7,531388	7,563569	0,481518	0,093037	1,072997	-12436,031272	-10944,685437	-2985,018021	-10952,323642	-11572,393168	8,288937	20,629134	22,088957	22,816852	28,452028	23,315998	23,590495	-2,908251	1,267925	0,961597	211644,970591	-0,199849	-0,000122	3,160250	1,581543	2,042353	-0,124492	-0,124496	0,000000	1,567459	1,269706	0,201057
81,000000	7,531185	7,563602	0,487177	0,092859	1,087145	-12896,881258	-10943,052425	-2985,404210	-11292,428348	-11912,497875	8,287955	20,610950	22,081398	22,816844	28,459705	23,305492	23,592741	-2,908040	1,267126	0,961537	212058,725943	-0,200489	9,803861E-5	3,224269	1,582030	2,042455	-0,124503	-0,124488	0,000000	1,566669	1,265299	0,200956
81,200000	7,531067	7,563174	0,483375	0,091256	1,104406	-13003,784277	-10941,386574	-2985,541745	-11391,768327	-12011,837854	8,286837	20,579726	22,074460	22,814170	28,463242	23,294548	23,595817	-2,907968	1,266599	0,962019	211484,139860	-0,201460	0,000456	3,196325	1,582371	2,039841	-0,124498	-0,124477	0,000000	1,565312	1,268781	0,200782
81,400000	7,531168	7,562499	0,471243	0,089471	1,118375	-12575,362521	-10941,679051	-2985,122761	-11087,004508	-11707,074034	8,285514	20,535748	22,072938	22,813337	28,459716	23,292376	23,599383	-2,907916	1,266450	0,962555	209956,097332	-0,201697	0,000555	3,172977	1,582965	2,037054	-0,124485	-0,124471	0,000000	1,563400	1,279615	0,200537
81,600000	7,531109	7,562043	0,461130	0,088742	1,122581	-11747,601949	-10930,524635	-2984,745436	-10416,281140	-11036,350666	8,283880	20,504034	22,076076	22,816384	28,454628	23,298660	23,603719	-2,907960	1,266822	0,962828	208916,125307	-0,200855	0,000458	3,226876	1,584047	2,036415	-0,124475	-0,124474	0,000000	1,562020	1,289252	0,200360
81,800000	7,530755	7,561696	0,456319	0,088762	1,117951	-10885,246305	-10831,180361	-2984,806902	-9650,220595	-10270,290121	8,282225	20,493970	22,078809	22,818218	28,455369	23,303983	23,606225	-2,908195	1,267381	0,962856	208825,160253	-0,199806	0,000259	3,232322	1,584517	2,036932	-0,124473	-0,124483	0,000000	1,561582	1,293839	0,200303
82,000000	7,530444	7,561276	0,457127	0,088710	1,115613	-10397,584793	-10721,903909	-2985,177446	-9181,936251	-9802,005777	8,281012	20,492482	22,076142	22,816640	28,462930	23,302803	23,609014	-2,908317	1,267315	0,963010	208904,723146	-0,199751	0,000200	3,181189	1,583579	2,038125	-0,124484	-0,124486	0,000000	1,561517	1,292332	0,200295
82,200000	7,530255	7,560925	0,461556	0,088957	1,118463	-10512,753554	-10791,694259	-2985,735559	-9293,717564	-9913,787090	8,279858	20,489408	22,071338	22,813884	28,468821	23,299169	23,611561	-2,908116	1,267034	0,963185	208221,321946	-0,200814	0,000452	3,212027	1,582164	2,038378	-0,124494	-0,124479	0,000000	1,561383	1,287248	0,200278
82,400000	7,529986	7,560395	0,464168	0,089885	1,118624	-11098,675572	-10924,116798	-2985,960175	-9956,023331	-10576,092857	8,278468	20,471593	22,074123	22,811439	28,463563	23,299410	23,607501	-2,908000	1,267198	0,963365	206759,357958	-0,201458	0,000685	3,387045	1,582084	2,036509	-0,124490	-0,124472	0,000000	1,560607	1,284794	0,200178
82,600000	7,529503	7,559543	0,461714	0,091128	1,113629	-11868,708844	-10962,103037	-2985,635836	-10885,139060	-11505,208587	8,277271	20,442329	22,086697	22,812481	28,448160	23,304668	23,601220	-2,908167	1,267278	0,963544	205512,960533	-0,201481	0,000690	3,595224	1,583324	2,034943	-0,124480	-0,124472	0,000000	1,559332	1,287761	0,200015
82,800000	7,528661	7,559135	0,462731	0,091904	1,105468	-12672,647639	-10951,223986	-2985,288110	-11783,336537	-12403,406064	8,276140	20,432278	22,098183	22,816795	28,434680	23,312021	23,596089	-2,908400	1,267729	0,963637	204528,341123	-0,201805	0,000641	3,564598	1,584347	2,035392	-0,124475	-0,124474	0,000000	1,558894	1,287558	0,199959
83,000000	7,527742	7,559367	0,480628	0,092294	1,100702	-13466,642217	-10941,371144	-2985,128180	-12521,986259	-13142,055786	8,274468	20,443239	22,099609	22,819159	28,434253	23,317675	23,590909	-2,908573	1,268382	0,963200	203710,580394	-0,201802	0,000526	3,306795	1,585120	2,036998	-0,124476	-0,124479	0,000000	1,559372	1,272631	0,200020
83,200000	7,527541	7,559637	0,506424	0,092798	1,110178	-14177,504489	-10940,038646	-2985,158430	-13115,362487	-13735,432014	8,272607	20,450459	22,093534	22,817338	28,443910	23,319102	23,590157	-2,908507	1,268239	0,962187	204011,979043	-0,201562	0,000233	3,182254	1,586010	2,038735	-0,124480	-0,124489	0,000000	1,559686	1,251620	0,200060
83,400000	7,527944	7,559645	0,524548	0,093157	1,129373	-14706,958456	-10942,094288	-2985,158887	-13595,766401	-14215,835927	8,271158	20,439819	22,087096	22,813930	28,455562	23,316044	23,594069	-2,908283	1,267636	0,961765	205418,689057	-0,201447	5,056045E-5	3,178857	1,585836	2,039877	-0,124480	-0,124500	0,000000	1,559223	1,236661	0,200001
83,600000	7,528201	7,559425	0,536797	0,092520	1,148588	-15050,889373	-10944,459213	-2984,970023	-13984,791910	-14604,861437	8,269997	20,404724	22,085179	22,813578	28,461382	23,312276	23,594796	-2,908170	1,267210	0,962064	206866,797516	-0,201197	0,000122	3,095289	1,584478	2,039995	-0,124478	-0,124498	0,000000	1,557692	1,225744	0,199804
83,800000	7,527929	7,559293	0,545331	0,090912	1,166401	-15302,418093	-10944,568720	-2984,903144	-14302,112208	-14922,181735	8,268933	20,362042	22,086834	22,815718	28,459500	23,309427	23,590262	-2,908123	1,267343	0,962244	208275,565087	-0,200915	0,000371	3,019866	1,583262	2,039329	-0,124483	-0,124484	0,000000	1,555829	1,218001	0,199566
84,000000	7,527077	7,559163	0,543572	0,090577	1,175457	-15490,680275	-10942,414249	-2984,790407	-14529,016730	-15149,086256	8,267809	20,345434	22,087463	22,817148	28,457467	23,304810	23,587866	-2,908243	1,268011	0,961749	209565,400281	-0,200161	0,000657	2,990992	1,582791	2,038495	-0,124485	-0,124475	0,000000	1,555104	1,218994	0,199473
84,200000	7,526184	7,558788	0,531139	0,091573	1,171998	-15485,798566	-10940,600713	-2984,699201	-14564,925985	-15184,995511	8,266465	20,353619	22,082441	22,817694	28,459714	23,299060	23,591352	-2,908493	1,268513	0,961047	210689,633222	-0,199489	0,000662	2,951638	1,583375	2,038494	-0,124487	-0,124475	0,000000	1,555462	1,229303	0,199518
84,400000	7,525870	7,558487	0,512117	0,091167	1,167524	-15187,186554	-10941,036501	-2985,154186	-14340,246098	-14960,315624	8,264828	20,352213	22,073000	22,816606	28,463921	23,293937	23,598863	-2,908390	1,267925	0,961370	211960,168249	-0,200388	0,000422	2,846032	1,584762	2,039077	-0,124489	-0,124477	0,000000	1,555400	1,245842	0,199511
84,600000	7,526352	7,558143	0,484718	0,089733	1,160006	-14627,950778	-10942,593024	-2985,452698	-13888,791482	-14508,861009	8,262982	20,326557	22,066547	22,814224	28,465774	23,292966	23,609412	-2,908076	1,266675	0,962596	213069,025519	-0,201293	0,000296	2,771993	1,585922	2,038851	-0,124484	-0,124474	0,000000	1,554280	1,269740	0,199367
84,800000	7,527095	7,557581	0,455577	0,089082	1,135086	-13745,515018	-10942,948615	-2985,376395	-13150,014845	-13770,084371	8,261432	20,290922	22,067257	22,813201	28,464470	23,300772	23,616944	-2,908031	1,265604	0,963162	214114,694019	-0,200485	0,000360	2,870594	1,585901	2,037120	-0,124481	-0,124474	0,000000	1,552722	1,295067	0,199167
85,000000	7,526981	7,557212	0,442085	0,088969	1,103181	-12527,265911	-10941,541356	-2985,472198	-12031,350940	-12651,420466	8,260407	20,262583	22,073372	22,814238	28,459124	23,311812	23,613318	-2,908209	1,265786	0,963057	215116,659727	-0,199737	0,000607	2,996793	1,584327	2,035456	-0,124485	-0,124477	0,000000	1,551482	1,305807	0,199008
85,200000	7,526060	7,556965	0,437355	0,089147	1,081169	-11388,385706	-10939,660817	-2985,544507	-10825,411054	-11445,480581	8,259429	20,250363	22,080021	22,816090	28,453727	23,314220	23,603288	-2,908403	1,266782	0,963388	216086,312816	-0,200464	0,000985	3,106682	1,582078	2,035025	-0,124486	-0,124476	0,000000	1,550948	1,308176	0,198939
85,400000	7,525134	7,556553	0,416211	0,089981	1,064907	-10706,449799	-10926,447929	-2985,349410	-9970,696697	-10590,766223	8,258118	20,255076	22,085013	22,816790	28,453930	23,307490	23,598228	-2,908448	1,267633	0,963254	217249,352367	-0,201482	0,000957	3,245421	1,580799	2,034968	-0,124483	-0,124472	0,000000	1,551154	1,326576	0,198966
85,600000	7,524381	7,556352	0,384066	0,090295	1,056607	-10309,243205	-10866,923716	-2984,911516	-9495,148630	-10115,218157	8,256600	20,268016	22,087581	22,816124	28,452925	23,301364	23,599099	-2,908407	1,268570	0,962388	217921,314119	-0,200955	0,000518	3,306659	1,580986	2,035331	-0,124477	-0,124471	0,000000	1,551720	1,357525	0,199038
85,800000	7,523983	7,556326	0,362990	0,089590	1,062183	-9983,371160	-10772,249445	-2984,772824	-9255,704547	-9875,774074	8,255091	20,281607	22,087145	22,816202	28,448022	23,302514	23,600557	-2,908515	1,268491	0,962124	217823,389528	-0,200029	0,000370	3,299452	1,581377	2,035473	-0,124472	-0,124471	0,000000	1,552315	1,378840	0,199115
86,000000	7,523883	7,555889	0,357105	0,089546	1,066919	-9884,041172	-10759,478269	-2985,023667	-9262,995123	-9883,064649	8,253528	20,306570	22,087436	22,816761	28,446163	23,310617	23,600167	-2,908658	1,267726	0,962507	217539,289674	-0,200057	0,000564	3,303216	1,580780	2,036125	-0,124471	-0,124475	0,000000	1,553406	1,384216	0,199255
86,200000	7,523555	7,555275	0,363275	0,090910	1,062506	-10208,107110	-10862,379523	-2985,217181	-9551,102933	-10171,172459	8,251847	20,337732	22,089495	22,818562	28,449438	23,320308	23,596854	-2,908606	1,267578	0,962880	217087,698828	-0,200062	0,000559	3,256983	1,579589	2,038540	-0,124477	-0,124484	0,000000	1,554768	1,376818	0,199429
86,400000	7,522957	7,554933	0,379272	0,092359	1,061589	-10892,965893	-10949,387133	-2985,404043	-10065,497956	-10685,567482	8,250272	20,352598	22,088439	22,819357	28,454569	23,323404	23,591589	-2,908506	1,267519	0,963063	216350,969755	-0,200232	0,000375	3,147594	1,579266	2,040555	-0,124486	-0,124490	0,000000	1,555417	1,360530	0,199513
86,600000	7,522558	7,554876	0,396665	0,092375	1,069800	-11673,231312	-10961,221606	-2985,678077	-10682,494735	-11302,564261	8,248958	20,350320	22,082424	22,816090	28,460125	23,316108	23,587523	-2,908485	1,267403	0,962847	215744,858304	-0,201146	0,000404	3,133546	1,580076	2,041179	-0,124491	-0,124488	0,000000	1,555318	1,344300	0,199500
86,800000	7,522557	7,554902	0,403372	0,091329	1,078336	-12210,750477	-10946,339446	-2985,742144	-11209,609419	-11829,678946	8,247959	20,339452	22,076692	22,814151	28,465946	23,305141	23,588979	-2,908328	1,267553	0,962119	215338,558945	-0,201669	0,000481	3,220203	1,581063	2,040618	-0,124493	-0,124479	0,000000	1,554843	1,338747	0,199439
87,000000	7,522635	7,554734	0,408644	0,090100	1,083984	-12360,470770	-10936,982317	-2985,411003	-11490,167869	-12110,237395	8,247024	20,342401	22,076404	22,815682	28,468908	23,299269	23,595200	-2,908150	1,267455	0,961903	215006,430030	-0,201024	0,000461	3,322021	1,581993	2,038632	-0,124490	-0,124473	0,000000	1,554972	1,334499	0,199456
87,200000	7,522488	7,554564	0,431209	0,089247	1,087215	-12344,645151	-10937,401250	-2985,005880	-11568,446015	-12188,515542	8,245675	20,375137	22,078653	22,816883	28,466014	23,298793	23,599113	-2,908240	1,267303	0,962528	214857,440725	-0,200224	0,000384	3,396123	1,582635	2,037288	-0,124483	-0,124474	0,000000	1,556401	1,313939	0,199639
87,400000	7,522244	7,554400	0,453104	0,089307	1,087589	-12468,011584	-10940,216842	-2985,200057	-11633,731566	-12253,801092	8,243822	20,405527	22,078034	22,816872	28,460784	23,299772	23,600445	-2,908266	1,267090	0,962457	214846,617592	-0,200785	0,000281	3,301587	1,582506	2,037962	-0,124480	-0,124480	0,000000	1,557727	1,293980	0,199809
87,600000	7,522086	7,553968	0,452213	0,089794	1,094704	-12774,001109	-10941,225870	-2985,740131	-11791,638671	-12411,708197	8,241957	20,409066	22,072747	22,816188	28,463003	23,300341	23,604891	-2,908085	1,266926	0,961818	214857,083067	-0,201690	0,000271	3,079074	1,582015	2,039228	-0,124485	-0,124485	0,000000	1,557882	1,294320	0,199829
87,800000	7,522000	7,553292	0,440103	0,089843	1,113191	-12995,346147	-10941,774291	-2985,839391	-11899,127517	-12519,197043	8,240648	20,401151	22,064734	22,813861	28,471793	23,300038	23,611908	-2,907889	1,267306	0,962235	214846,347555	-0,201633	0,000404	3,000089	1,581793	2,039495	-0,124493	-0,124483	0,000000	1,557536	1,304971	0,199784
88,000000	7,522079	7,552461	0,430560	0,089375	1,135061	-12792,240884	-10941,535150	-2985,608389	-11696,706924	-12316,776450	8,239730	20,399358	22,061935	22,810249	28,471780	23,299801	23,615344	-2,907631	1,267419	0,963109	214859,768770	-0,201749	0,000584	3,097666	1,582093	2,037819	-0,124501	-0,124476	0,000000	1,557458	1,313817	0,199774
88,200000	7,522143	7,551784	0,421527	0,089176	1,148275	-12022,764344	-10906,043065	-2984,893160	-11031,609629	-11651,679156	8,238593	20,412237	22,070686	22,809098	28,460511	23,302394	23,610410	-2,907662	1,268044	0,963519	215185,207583	-0,201500	0,000568	3,185853	1,582727	2,035393	-0,124498	-0,124475	0,000000	1,558020	1,322550	0,199847
88,400000	7,521577	7,551378	0,414552	0,089517	1,143677	-10836,949498	-10560,815005	-2984,051083	-9927,632988	-10547,702514	8,237115	20,432868	22,087040	22,812547	28,449256	23,307888	23,597634	-2,908219	1,269231	0,963659	215850,021666	-0,200334	0,000421	3,265315	1,583046	2,034732	-0,124484	-0,124478	0,000000	1,558920	1,329213	0,199962
88,600000	7,520470	7,551347	0,414436	0,089706	1,134994	-9620,575103	-9725,687680	-2984,205884	-8669,873870	-9289,943397	8,235613	20,445223	22,098907	22,817013	28,444950	23,312977	23,588543	-2,908777	1,269323	0,963514	216546,086846	-0,199601	0,000408	3,326428	1,582953	2,035578	-0,124474	-0,124478	0,000000	1,559458	1,329198	0,200031
88,800000	7,519608	7,551586	0,410457	0,090023	1,138912	-8833,215469	-8993,924804	-2985,025878	-7771,986746	-8392,056272	8,234231	20,449158	22,098415	22,818733	28,450759	23,315565	23,593743	-2,908940	1,268301	0,963296	217364,334314	-0,199737	0,000474	3,229994	1,583232	2,036390	-0,124469	-0,124480	0,000000	1,559630	1,333240	0,200053
89,000000	7,519262	7,551591	0,395502	0,090662	1,137854	-8782,509202	-9019,824268	-2985,632690	-7580,654742	-8200,724269	8,232817	20,454475	22,089918	22,817233	28,459260	23,315878	23,603835	-2,908767	1,266771	0,963106	218117,524240	-0,200193	0,000563	3,104186	1,584361	2,036952	-0,124471	-0,124482	0,000000	1,559861	1,348541	0,200083
89,200000	7,519107	7,551386	0,379020	0,090458	1,119175	-9256,179283	-9520,284845	-2985,848120	-7886,992807	-8507,062333	8,231292	20,458611	22,083737	22,814799	28,461911	23,316450	23,604427	-2,908490	1,266154	0,962700	218051,406230	-0,200520	0,000555	3,098033	1,585798	2,037269	-0,124481	-0,124485	0,000000	1,560042	1,365894	0,200106
89,400000	7,518730	7,551144	0,369782	0,090344	1,108141	-9558,141704	-9826,421238	-2985,497812	-8175,324778	-8795,394304	8,230080	20,473566	22,083900	22,814581	28,461439	23,317118	23,596324	-2,908253	1,266985	0,962493	217241,740415	-0,200394	0,000440	3,090296	1,586552	2,038007	-0,124485	-0,124487	0,000000	1,560693	1,375723	0,200189
89,600000	7,518260	7,550925	0,372687	0,091550	1,112515	-9459,121131	-9886,808491	-2984,771808	-8275,930535	-8896,000061	8,229250	20,507923	22,085111	22,816764	28,459476	23,316134	23,587843	-2,908179	1,267895	0,962710	216303,087544	-0,199498	0,000437	3,062035	1,586301	2,039736	-0,124480	-0,124484	0,000000	1,562189	1,372538	0,200381
89,800000	7,517886	7,550774	0,390130	0,092219	1,115986	-9444,453699	-10084,591391	-2984,634566	-8419,714043	-9039,783570	8,228116	20,525999	22,083466	22,818893	28,457862	23,311040	23,584976	-2,908419	1,268102	0,962512	215176,159208	-0,198712	0,000551	3,065895	1,585747	2,041136	-0,124478	-0,124482	0,000000	1,562976	1,354795	0,200482
90,000000	7,517719	7,550719	0,417146	0,091706	1,115960	-9751,276360	-10490,107331	-2985,236732	-8746,012915	-9366,082442	8,226617	20,511241	22,079312	22,818932	28,459520	23,299966	23,591995	-2,908669	1,268014	0,962329	214112,013116	-0,199007	0,000720	3,093127	1,585282	2,040599	-0,124483	-0,124479	0,000000	1,562334	1,328566	0,200400
90,200000	7,517904	7,550432	0,445792	0,091180	1,119690	-10110,426947	-10853,472267	-2985,774191	-9142,024439	-9762,093966	8,225114	20,491187	22,074094	22,817331	28,462652	23,292144	23,605027	-2,908452	1,267441	0,962720	213717,154871	-0,200142	0,000753	3,157045	1,584900	2,039194	-0,124486	-0,124472	0,000000	1,561461	1,301895	0,200288
90,400000	7,517940	7,549717	0,465713	0,090241	1,128660	-10412,394968	-10993,793302	-2986,099247	-9511,441048	-10131,510574	8,223397	20,488599	22,071138	22,814938	28,466507	23,296356	23,612589	-2,908148	1,266665	0,962718	213822,629283	-0,201605	0,000672	3,169124	1,584811	2,037763	-0,124488	-0,124474	0,000000	1,561348	1,284040	0,200273
90,600000	7,517582	7,549093	0,470221	0,089218	1,140066	-10936,207131	-10977,120130	-2986,188212	-9964,744046	-10584,813573	8,221577	20,481713	22,072050	22,812675	28,468049	23,304984	23,610056	-2,908234	1,266142	0,962398	213957,849278	-0,202543	0,000554	3,071602	1,584938	2,036402	-0,124485	-0,124484	0,000000	1,561048	1,280127	0,200235
90,800000	7,517289	7,548810	0,465312	0,089853	1,157474	-11764,042576	-10944,108450	-2985,828389	-10617,684068	-11237,753594	8,220230	20,448079	22,075080	22,812181	28,464719	23,307937	23,604089	-2,908234	1,266192	0,962546	213992,412128	-0,202353	0,000417	3,060527	1,584920	2,036727	-0,124483	-0,124482	0,000000	1,559583	1,284348	0,200047
91,000000	7,517246	7,548709	0,460140	0,091035	1,174978	-12555,056220	-10934,690250	-2985,441180	-11349,597328	-11969,666855	8,219076	20,417555	22,078486	22,813271	28,460551	23,304295	23,601892	-2,907914	1,267305	0,963149	214004,088740	-0,201814	0,000424	3,181939	1,584658	2,037404	-0,124487	-0,124472	0,000000	1,558252	1,288649	0,199876
91,200000	7,517034	7,548547	0,461339	0,090604	1,181734	-13053,270022	-10936,985847	-2985,283948	-11932,383057	-12552,452583	8,217717	20,412670	22,080226	22,813118	28,458997	23,298807	23,603172	-2,907839	1,268069	0,963401	213976,897556	-0,201750	0,000544	3,213392	1,584490	2,036506	-0,124485	-0,124468	0,000000	1,558039	1,287423	0,199849
91,400000	7,516448	7,548199	0,462611	0,089347	1,182756	-13289,105097	-10939,486721	-2985,153688	-12240,067463	-12860,136989	8,216532	20,419761	22,080411	22,811344	28,457329	23,299087	23,603729	-2,908100	1,267907	0,963172	213873,372238	-0,201960	0,000537	3,149865	1,584321	2,034774	-0,124478	-0,124471	0,000000	1,558348	1,286115	0,199889
91,600000	7,515814	7,547679	0,459651	0,089401	1,182424	-13303,564885	-10940,898338	-2985,133744	-12239,031715	-12859,101241	8,215379	20,419282	22,082927	22,812329	28,449372	23,308422	23,601604	-2,908218	1,268134	0,963381	213788,200165	-0,202364	0,000329	3,120881	1,583911	2,034007	-0,124471	-0,124475	0,000000	1,558327	1,288273	0,199886
91,800000	7,515217	7,547067	0,466213	0,091295	1,180583	-13110,896277	-10943,277277	-2985,050731	-12024,395916	-12644,465443	8,213742	20,400369	22,089264	22,816480	28,441440	23,320346	23,596862	-2,908284	1,268934	0,963812	213775,654917	-0,202304	0,000296	3,173245	1,583781	2,035587	-0,124468	-0,124479	0,000000	1,557502	1,282255	0,199780
92,000000	7,514526	7,546787	0,485556	0,093105	1,184158	-12830,160267	-10945,552915	-2984,705405	-11799,427701	-12419,497227	8,212079	20,367189	22,093624	22,818862	28,447460	23,325253	23,590821	-2,908377	1,269168	0,963266	213782,117524	-0,201543	0,000452	3,198012	1,584488	2,038086	-0,124473	-0,124489	0,000000	1,556054	1,266091	0,199594
92,200000	7,514283	7,546999	0,505156	0,093235	1,193046	-12583,724220	-10945,877926	-2984,615262	-11621,445475	-12241,515001	8,210974	20,341565	22,090265	22,817463	28,463257	23,320990	23,588276	-2,908216	1,268889	0,962301	213727,824397	-0,201137	0,000435	3,138598	1,585480	2,040223	-0,124483	-0,124498	0,000000	1,554935	1,250483	0,199451
92,400000	7,514623	7,547388	0,512615	0,092441	1,202859	-12393,808487	-10944,440196	-2984,738390	-11406,200955	-12026,270482	8,210035	20,328686	22,082790	22,815229	28,470699	23,313298	23,590119	-2,908088	1,268603	0,962277	213606,837781	-0,200621	0,000388	3,140611	1,585692	2,040933	-0,124488	-0,124494	0,000000	1,554373	1,244577	0,199379
92,600000	7,514631	7,547470	0,503958	0,091756	1,214820	-12110,396173	-10941,767596	-2984,672978	-11088,193530	-11708,263056	8,208798	20,314596	22,078685	22,814954	28,465877	23,307094	23,591021	-2,908258	1,268184	0,962264	213504,725038	-0,199714	0,000509	3,121626	1,585246	2,039346	-0,124483	-0,124483	0,000000	1,553757	1,251384	0,199300
92,800000	7,514032	7,546916	0,491429	0,091267	1,222120	-11492,664002	-10892,801062	-2984,815421	-10543,731995	-11163,801521	8,207344	20,309485	22,079632	22,817221	28,461133	23,303809	23,591286	-2,908405	1,267498	0,962118	213429,287834	-0,200075	0,000578	2,969689	1,584848	2,037271	-0,124479	-0,124478	0,000000	1,553533	1,261473	0,199271
93,000000	7,513339	7,546299	0,485577	0,091029	1,221693	-10536,964727	-10558,555611	-2985,213368	-9657,546973	-10277,616499	8,205713	20,320543	22,080186	22,820399	28,462408	23,303457	23,594139	-2,908390	1,267071	0,962861	213401,804576	-0,201390	0,000444	2,873968	1,584358	2,037287	-0,124480	-0,124480	0,000000	1,554017	1,265953	0,199333
93,200000	7,512939	7,546101	0,476023	0,091112	1,224098	-9530,853557	-9777,108377	-2985,461973	-8585,941287	-9206,010814	8,204113	20,329415	22,075167	22,820975	28,470270	23,304981	23,599196	-2,908295	1,267179	0,963579	213746,556334	-0,201584	0,000298	2,889288	1,583343	2,039099	-0,124484	-0,124482	0,000000	1,554404	1,273336	0,199383
93,400000	7,513043	7,546005	0,454358	0,091158	1,224300	-8661,111493	-8794,143847	-2985,625685	-7597,659670	-8217,729196	8,202890	20,327779	22,065590	22,817865	28,481760	23,305881	23,606847	-2,908062	1,266881	0,963597	214478,116998	-0,200895	0,000341	2,914121	1,582209	2,040132	-0,124485	-0,124482	0,000000	1,554333	1,291435	0,199374
93,600000	7,513427	7,545721	0,431109	0,090861	1,213173	-7861,062880	-7874,748107	-2985,744527	-6758,044717	-7378,114243	8,201718	20,327710	22,059311	22,813943	28,485896	23,304599	23,614396	-2,907781	1,266697	0,963529	214817,041518	-0,200688	0,000678	2,895129	1,581684	2,039086	-0,124488	-0,124471	0,000000	1,554330	1,311981	0,199373
93,800000	7,513580	7,545148	0,417981	0,090013	1,198144	-7212,586487	-7275,092951	-2985,538474	-6137,770429	-6757,839955	8,200266	20,340510	22,064224	22,812705	28,479389	23,305508	23,614198	-2,907900	1,267235	0,963442	214399,124976	-0,200399	0,001009	2,900794	1,581482	2,036537	-0,124486	-0,124461	0,000000	1,554889	1,323851	0,199445
94,000000	7,513276	7,544404	0,412756	0,088799	1,181895	-7172,708679	-7447,453746	-2985,110216	-6051,137645	-6671,207171	8,198894	20,352887	22,077258	22,814394	28,468486	23,307989	23,604469	-2,908343	1,267265	0,962961	213763,682305	-0,199815	0,000844	3,070660	1,580601	2,034392	-0,124479	-0,124464	0,000000	1,555430	1,327837	0,199514
94,200000	7,512550	7,543928	0,407681	0,088597	1,164356	-8005,930791	-8551,089594	-2984,802394	-6735,475658	-7355,545185	8,197702	20,329417	22,086954	22,815711	28,460188	23,306002	23,594398	-2,908481	1,267222	0,962074	212990,892262	-0,199799	0,000415	3,258695	1,578960	2,033999	-0,124475	-0,124472	0,000000	1,554405	1,331125	0,199383
94,400000	7,511863	7,543899	0,403934	0,089713	1,157373	-9246,900229	-10002,626940	-2984,677810	-7945,209455	-8565,278981	8,196163	20,277373	22,087146	22,815346	28,458384	23,305050	23,592431	-2,908323	1,267698	0,961652	211955,549991	-0,200028	0,000249	3,329291	1,577582	2,035124	-0,124475	-0,124479	0,000000	1,552129	1,333504	0,199091
94,600000	7,511570	7,543764	0,407015	0,090447	1,163524	-10114,938279	-10929,946261	-2984,886255	-9053,418869	-9673,488395	8,194331	20,240122	22,082522	22,815171	28,459711	23,309653	23,598481	-2,908381	1,267643	0,962528	210913,915747	-0,200173	0,000345	3,315629	1,577034	2,036488	-0,124472	-0,124483	0,000000	1,550499	1,330107	0,198882
94,800000	7,511392	7,543324	0,423235	0,090430	1,163788	-10297,918662	-11121,339334	-2985,401229	-9583,317521	-10203,387047	8,192792	20,231800	22,080819	22,814817	28,459897	23,314597	23,605729	-2,908609	1,267490	0,963550	209640,360651	-0,200687	0,000475	3,193911	1,576657	2,037145	-0,124471	-0,124485	0,000000	1,550135	1,314561	0,198835
95,000000	7,510904	7,542762	0,454774	0,091100	1,146395	-10103,137066	-11001,717547	-2985,674102	-9580,419715	-10200,489241	8,191585	20,250445	22,083772	22,814362	28,459939	23,319605	23,605429	-2,908502	1,267767	0,963344	208366,906900	-0,201639	0,000702	3,047890	1,576057	2,037170	-0,124474	-0,124483	0,000000	1,550951	1,285479	0,198940
95,200000	7,510219	7,542243	0,488845	0,092329	1,123010	-10017,433797	-10908,267224	-2985,458430	-9418,486700	-10038,556227	8,190467	20,290127	22,086310	22,814912	28,460272	23,324692	23,594751	-2,908234	1,267948	0,962507	207204,805796	-0,202009	0,000852	2,995410	1,575846	2,037731	-0,124478	-0,124486	0,000000	1,552687	1,255804	0,199162
95,400000	7,509662	7,542210	0,499646	0,093314	1,111086	-10376,319242	-10902,502110	-2985,089687	-9489,070349	-10109,139875	8,189207	20,332089	22,085278	22,815492	28,463175	23,322937	23,582018	-2,908173	1,268339	0,961956	205771,805107	-0,201112	0,000743	3,012543	1,576476	2,039263	-0,124483	-0,124490	0,000000	1,554521	1,247258	0,199398
95,600000	7,509296	7,542514	0,476356	0,093943	1,114133	-11134,040113	-10930,497760	-2984,945752	-10016,515567	-10636,585094	8,187614	20,352792	22,081290	22,815977	28,471909	23,313241	23,580317	-2,908254	1,268559	0,961681	204492,636868	-0,199897	0,000657	3,074542	1,577675	2,040504	-0,124489	-0,124486	0,000000	1,555426	1,267986	0,199514
95,800000	7,509214	7,542588	0,448468	0,092918	1,123862	-11974,723044	-10944,041337	-2985,013844	-10882,717670	-11502,787196	8,186155	20,344061	22,075217	22,816814	28,477781	23,302311	23,589484	-2,908395	1,268026	0,962103	203364,299106	-0,199033	0,000678	3,184738	1,579175	2,040454	-0,124489	-0,124478	0,000000	1,555044	1,293671	0,199465
96,000000	7,509172	7,542506	0,443198	0,090702	1,127152	-12712,192825	-10942,373595	-2985,289590	-11736,461531	-12356,531058	8,185168	20,322577	22,069480	22,817807	28,475460	23,297153	23,599599	-2,908514	1,267251	0,963637	202322,049025	-0,198935	0,000782	3,256262	1,581009	2,038574	-0,124486	-0,124476	0,000000	1,554106	1,299878	0,199344
96,200000	7,509020	7,542243	0,451442	0,089886	1,119816	-13290,623818	-10939,785996	-2985,774808	-12325,982456	-12946,051982	8,184036	20,308038	22,067217	22,818294	28,473936	23,301021	23,607132	-2,908460	1,266451	0,964515	201324,688305	-0,200400	0,000792	3,219980	1,581587	2,036853	-0,124485	-0,124482	0,000000	1,553470	1,292916	0,199263
96,400000	7,509053	7,541693	0,458812	0,090683	1,114969	-13678,398272	-10940,164852	-2985,961848	-12661,729394	-13281,798920	8,182436	20,314796	22,068663	22,818183	28,474925	23,307919	23,610875	-2,908262	1,266134	0,963829	200111,261627	-0,202003	0,000625	3,150912	1,579943	2,038044	-0,124485	-0,124488	0,000000	1,553766	1,284966	0,199301
96,600000	7,509126	7,541286	0,464021	0,091244	1,117580	-13769,137284	-10941,655260	-2985,717688	-12776,404776	-13396,474302	8,180657	20,350676	22,068632	22,817031	28,475459	23,308812	23,609685	-2,908073	1,266623	0,963113	199809,147069	-0,202341	0,000515	3,160001	1,578183	2,039551	-0,124488	-0,124490	0,000000	1,555333	1,278912	0,199502
96,800000	7,509004	7,540790	0,471688	0,090954	1,117123	-13378,265398	-10941,557444	-2985,516748	-12547,872274	-13167,941801	8,179134	20,389021	22,065868	22,814067	28,473454	23,303917	23,607700	-2,907943	1,267062	0,962660	201161,505622	-0,202332	0,000452	3,214791	1,577982	2,038699	-0,124491	-0,124483	0,000000	1,557007	1,272015	0,199717
97,000000	7,508684	7,539843	0,477715	0,090634	1,104594	-12526,100709	-10939,737648	-2985,417375	-11893,634503	-12513,704029	8,177960	20,406543	22,067689	22,812062	28,467714	23,300071	23,607689	-2,907984	1,267503	0,962291	202866,130037	-0,202085	0,000585	3,299136	1,579240	2,036829	-0,124490	-0,124472	0,000000	1,557772	1,267679	0,199815
97,200000	7,508200	7,539175	0,463154	0,090423	1,081073	-11418,164335	-10900,285008	-2985,427616	-10882,974702	-11503,044228	8,176716	20,416865	22,078300	22,812876	28,461200	23,302301	23,607151	-2,908331	1,267831	0,962368	204392,933543	-0,201818	0,000841	3,304425	1,581463	2,034291	-0,124482	-0,124465	0,000000	1,558222	1,281970	0,199872
97,400000	7,507603	7,539060	0,424699	0,090454	1,055730	-10263,911514	-10654,296246	-2985,447153	-9739,758876	-10359,828402	8,175309	20,427374	22,091117	22,814583	28,453062	23,310263	23,603023	-2,908858	1,267305	0,962354	206119,285857	-0,201914	0,000801	3,178163	1,583952	2,033125	-0,124473	-0,124469	0,000000	1,558680	1,318598	0,199931
97,600000	7,506874	7,539085	0,386164	0,091474	1,032398	-9463,820035	-10310,482056	-2985,214988	-8890,896769	-9510,966296	8,173955	20,460540	22,096386	22,817131	28,447798	23,317441	23,596713	-2,909044	1,267232	0,961920	207406,811325	-0,201572	0,000657	3,141761	1,585678	2,035049	-0,124468	-0,124481	0,000000	1,560126	1,356714	0,200117
97,800000	7,506386	7,539236	0,361399	0,092586	1,011238	-9463,326959	-10358,023677	-2985,204355	-8794,894480	-9414,964006	8,172400	20,533414	22,092873	22,819020	28,454277	23,320563	23,594516	-2,908739	1,267695	0,961715	208164,150917	-0,201065	0,000608	3,141498	1,586218	2,037535	-0,124473	-0,124486	0,000000	1,563298	1,381919	0,200524
98,000000	7,506366	7,539306	0,347302	0,092388	0,992040	-10164,500076	-10743,279595	-2985,246593	-9500,362502	-10120,432028	8,170713	20,591968	22,085117	22,816612	28,467079	23,320118	23,596799	-2,908475	1,268133	0,961831	208697,203069	-0,200167	0,000635	3,093513	1,586086	2,038526	-0,124483	-0,124481	0,000000	1,565844	1,396352	0,200850
98,200000	7,506384	7,539016	0,353181	0,091650	0,975107	-11106,909216	-10982,288263	-2985,143034	-10571,943755	-11192,013281	8,169649	20,601774	22,078371	22,813340	28,470049	23,316229	23,598180	-2,908477	1,268386	0,962252	208534,094507	-0,199631	0,000772	3,097184	1,586003	2,038404	-0,124490	-0,124476	0,000000	1,566270	1,390192	0,200905
98,400000	7,506068	7,538367	0,383280	0,091467	0,966143	-12022,620755	-10994,204264	-2985,279983	-11569,435401	-12189,504927	8,169008	20,599164	22,078479	22,813556	28,462328	23,311158	23,595681	-2,908451	1,267765	0,962952	207730,405047	-0,200636	0,001001	3,101632	1,586585	2,038417	-0,124490	-0,124476	0,000000	1,566157	1,360290	0,200890
98,600000	7,505387	7,537747	0,417768	0,091761	0,965046	-12811,796909	-10951,456452	-2985,239000	-12351,941454	-12972,010981	8,167952	20,604091	22,084802	22,816213	28,456395	23,308930	23,588615	-2,908408	1,267795	0,963059	207326,121720	-0,201222	0,001049	3,081354	1,587589	2,038981	-0,124487	-0,124483	0,000000	1,566371	1,327891	0,200918
98,800000	7,504631	7,537761	0,442203	0,091932	0,968623	-13471,086471	-10933,504362	-2985,072512	-12959,149798	-13579,219324	8,166348	20,611090	22,086434	22,818316	28,458792	23,308741	23,585659	-2,908437	1,268366	0,962392	207772,145952	-0,200913	0,000625	3,115054	1,588136	2,039864	-0,124485	-0,124490	0,000000	1,566675	1,305836	0,200957
99,000000	7,504491	7,538163	0,454889	0,091986	0,980667	-14011,950664	-10935,984573	-2985,204923	-13374,388028	-13994,457554	8,164573	20,624162	22,077063	22,817672	28,467359	23,304861	23,596601	-2,908372	1,267706	0,962181	208415,240936	-0,200722	0,000249	3,201411	1,587976	2,040162	-0,124485	-0,124488	0,000000	1,567243	1,294416	0,201030
99,200000	7,505007	7,538083	0,455590	0,091511	0,995837	-14305,980138	-10940,645852	-2985,508626	-13501,175489	-14121,245016	8,162732	20,643130	22,066015	22,815896	28,473578	23,300801	23,611581	-2,908224	1,267055	0,962969	208920,443324	-0,200803	0,000284	3,244304	1,587681	2,039142	-0,124482	-0,124480	0,000000	1,568066	1,293575	0,201135
99,400000	7,505319	7,537408	0,446411	0,090125	1,008527	-14286,006239	-10941,586523	-2985,878729	-13387,269225	-14007,338751	8,161105	20,658848	22,063251	22,815410	28,471918	23,302460	23,615892	-2,908121	1,267106	0,963647	209413,710920	-0,201529	0,000485	3,258546	1,587594	2,037354	-0,124485	-0,124478	0,000000	1,568748	1,301608	0,201223
99,600000	7,505202	7,536466	0,430454	0,089579	1,022253	-14080,901177	-10940,848366	-2986,038612	-13225,105716	-13845,175242	8,160114	20,664714	22,068966	22,815342	28,466679	23,305489	23,610053	-2,908016	1,267070	0,963365	210065,861184	-0,202608	0,000606	3,237210	1,587426	2,035866	-0,124490	-0,124481	0,000000	1,569003	1,315826	0,201255
99,800000	7,504902	7,535452	0,413828	0,090234	1,033270	-13859,093065	-10940,232483	-2985,725731	-13099,796769	-13719,866296	8,159129	20,670541	22,077519	22,813919	28,461726	23,304904	23,601560	-2,907917	1,267350	0,962734	211187,331002	-0,203275	0,000573	3,089589	1,586998	2,035166	-0,124492	-0,124479	0,000000	1,569256	1,330774	0,201288
100,000000	7,504417	7,535000	0,403672	0,090126	1,036506	-13683,008722	-10940,332091	-2985,094338	-12912,241853	-13532,311380	8,157723	20,679959	22,082359	22,813267	28,456163	23,301884	23,597719	-2,908072	1,268085	0,962582	212378,903240	-0,202751	0,000520	2,980445	1,586393	2,035108	-0,124484	-0,124474	0,000000	1,569664	1,339802	0,201340
100,200000	7,503966	7,535164	0,397408	0,089816	1,033401	-13395,973494	-10940,975054	-2984,680926	-12508,832636	-13128,902162	8,156325	20,680363	22,083984	22,814823	28,452406	23,298651	23,600914	-2,908383	1,268437	0,962561	213441,739876	-0,201581	0,000421	3,025132	1,586155	2,035169	-0,124476	-0,124469	0,000000	1,569682	1,345610	0,201342
100,400000	7,503713	7,535213	0,390808	0,090912	1,027152	-12713,490616	-10939,738794	-2984,971334	-11748,265646	-12368,335172	8,154849	20,677747	22,084346	22,815695	28,451762	23,301916	23,605525	-2,908432	1,268401	0,962649	214655,735043	-0,201709	0,000301	3,086528	1,586765	2,035397	-0,124476	-0,124466	0,000000	1,569568	1,352519	0,201328
100,600000	7,503426	7,534998	0,382721	0,091820	1,024066	-11661,783628	-10897,273730	-2985,286877	-10675,700099	-11295,769625	8,153124	20,680993	22,083974	22,814510	28,453569	23,316005	23,606017	-2,908323	1,268510	0,962943	215481,942713	-0,202193	0,000305	3,044542	1,587720	2,035571	-0,124477	-0,124471	0,000000	1,569709	1,361231	0,201346
100,800000	7,502860	7,534673	0,367453	0,091840	1,026586	-10698,452387	-10749,670639	-2985,192630	-9680,431930	-10300,501456	8,151725	20,691398	22,085828	22,813981	28,454651	23,329242	23,600076	-2,908574	1,268436	0,962862	215782,577523	-0,201851	0,000424	2,983528	1,588344	2,035993	-0,124474	-0,124484	0,000000	1,570160	1,376930	0,201404
101,000000	7,502045	7,534158	0,349596	0,092630	1,024740	-10230,765628	-10580,556588	-2985,190230	-9132,365739	-9752,435265	8,150862	20,705711	22,089378	22,815341	28,454402	23,330393	23,591329	-2,908913	1,268389	0,962350	215973,676454	-0,201438	0,000492	3,041905	1,588350	2,038229	-0,124474	-0,124491	0,000000	1,570781	1,395071	0,201483
101,200000	7,501418	7,533740	0,349435	0,093611	1,016083	-10309,765340	-10601,840029	-2985,083901	-9079,430010	-9699,499536	8,149861	20,691584	22,090654	22,816878	28,459680	23,321012	23,586816	-2,908737	1,268962	0,961882	216127,427772	-0,201203	0,000394	3,138377	1,587381	2,040194	-0,124483	-0,124491	0,000000	1,570168	1,394334	0,201405
101,400000	7,501255	7,533742	0,368196	0,092921	1,007136	-10798,497940	-10799,059020	-2984,869864	-9437,035184	-10057,104711	8,148526	20,639241	22,085814	22,816322	28,468515	23,307643	23,587208	-2,908297	1,268861	0,961874	216236,902004	-0,201274	0,000301	3,147985	1,585617	2,039996	-0,124489	-0,124489	0,000000	1,567897	1,373723	0,201114
101,600000	7,501362	7,533707	0,384536	0,091571	1,001354	-11520,164724	-10946,624169	-2984,950721	-10096,395709	-10716,465236	8,147146	20,596192	22,077180	22,814119	28,470991	23,300081	23,591452	-2,908146	1,267883	0,962304	216287,893238	-0,201030	0,000356	3,170770	1,584104	2,038940	-0,124485	-0,124482	0,000000	1,566028	1,356224	0,200874
101,800000	7,501399	7,533383	0,390902	0,091679	1,006336	-12168,159693	-10971,243790	-2984,988391	-10796,672905	-11416,742432	8,145712	20,590880	22,070736	22,815320	28,465829	23,302884	23,598128	-2,908225	1,267582	0,962947	216292,157008	-0,200335	0,000490	3,343923	1,583372	2,038403	-0,124479	-0,124473	0,000000	1,565797	1,349310	0,200844
102,000000	7,501283	7,532995	0,395579	0,092319	1,029449	-12495,937770	-10952,018176	-2984,942170	-11242,141167	-11862,210694	8,144150	20,607642	22,069210	22,819002	28,461328	23,309140	23,603115	-2,908312	1,267269	0,963549	216195,090014	-0,199924	0,000559	3,400071	1,583265	2,038828	-0,124483	-0,124472	0,000000	1,566525	1,344597	0,200937
102,200000	7,501029	7,532535	0,403557	0,091778	1,062853	-12517,504183	-10940,328654	-2985,363975	-11367,718211	-11987,787738	8,142527	20,619005	22,069278	22,819646	28,465583	23,310191	23,604875	-2,908322	1,266863	0,963442	215333,987238	-0,200568	0,000491	3,176276	1,583271	2,039623	-0,124493	-0,124480	0,000000	1,567019	1,336900	0,201001
102,400000	7,500792	7,532008	0,415412	0,090900	1,091469	-12353,867163	-10938,758583	-2985,836707	-11283,449319	-11903,518845	8,141150	20,592299	22,066378	22,817121	28,475478	23,304188	23,606509	-2,908005	1,267139	0,962895	213665,686221	-0,201840	0,000386	2,983692	1,581765	2,040349	-0,124501	-0,124486	0,000000	1,565859	1,324410	0,200852
102,600000	7,500972	7,531619	0,432444	0,090463	1,110921	-12135,882419	-10939,071085	-2985,786568	-11126,523294	-11746,592821	8,139963	20,537274	22,064755	22,814506	28,478864	23,298336	23,607512	-2,907619	1,267442	0,962934	212189,784939	-0,202370	0,000392	2,990324	1,578860	2,039227	-0,124496	-0,124482	0,000000	1,563466	1,306220	0,200545
102,800000	7,501204	7,531372	0,453126	0,089944	1,121942	-11940,356040	-10939,030519	-2985,146394	-10990,714152	-11610,783679	8,138621	20,504912	22,069017	22,812288	28,471436	23,298178	23,603863	-2,907684	1,267523	0,962803	210908,638369	-0,201647	0,000470	3,057432	1,576772	2,035665	-0,124480	-0,124474	0,000000	1,562058	1,285859	0,200364
103,000000	7,500842	7,531075	0,470514	0,089671	1,122820	-11882,740702	-10939,383241	-2984,387346	-10938,278852	-11558,348378	8,137281	20,498504	22,077477	22,812905	28,461258	23,304337	23,599796	-2,908096	1,267752	0,962416	209701,448492	-0,200501	0,000525	3,131390	1,576043	2,032804	-0,124466	-0,124471	0,000000	1,561779	1,269971	0,200329
103,200000	7,499937	7,530697	0,476396	0,090098	1,118535	-12136,360897	-10940,304421	-2984,417213	-11072,493009	-11692,562535	8,135978	20,501854	22,085167	22,818257	28,456446	23,313042	23,598922	-2,908539	1,267811	0,962457	208534,079900	-0,200156	0,000558	3,243124	1,576487	2,033264	-0,124464	-0,124474	0,000000	1,561925	1,265165	0,200347
103,400000	7,498917	7,530339	0,471024	0,090895	1,114238	-12583,315142	-10940,930208	-2985,244257	-11383,237061	-12003,306587	8,134546	20,504392	22,086171	22,821179	28,456493	23,317962	23,599765	-2,908751	1,266987	0,962584	207163,134024	-0,201170	0,000561	3,312458	1,577954	2,035916	-0,124476	-0,124478	0,000000	1,562035	1,270902	0,200362
103,600000	7,498238	7,530048	0,461078	0,091562	1,108657	-12880,834553	-10941,844723	-2985,935410	-11686,231732	-12306,301258	8,133086	20,460376	22,080470	22,818359	28,458029	23,318722	23,603588	-2,908428	1,266393	0,963062	206274,125646	-0,202872	0,000612	3,279279	1,579443	2,038094	-0,124488	-0,124481	0,000000	1,560118	1,280740	0,200116
103,800000	7,498209	7,529750	0,451583	0,092003	1,108627	-12953,871634	-10942,744090	-2985,742358	-11876,501939	-12496,571465	8,131528	20,377627	22,075537	22,814395	28,457783	23,317698	23,606454	-2,907997	1,266978	0,963581	206042,470885	-0,203130	0,000623	3,237920	1,580035	2,038890	-0,124490	-0,124483	0,000000	1,556510	1,289576	0,199653
104,000000	7,498336	7,529608	0,442238	0,092053	1,120328	-12947,364107	-10941,934589	-2984,914331	-11981,227410	-12601,296937	8,130044	20,331398	22,077299	22,812788	28,453224	23,318042	23,599965	-2,908000	1,267753	0,963370	205935,043422	-0,201950	0,000476	3,235231	1,579900	2,038846	-0,124483	-0,124485	0,000000	1,554491	1,297791	0,199394
104,200000	7,498018	7,529420	0,431290	0,091772	1,127693	-12912,347855	-10940,495654	-2984,372664	-11998,302056	-12618,371582	8,129023	20,331984	22,083337	22,814225	28,451954	23,320108	23,586394	-2,908258	1,268350	0,962522	205739,732139	-0,201173	0,000323	3,222119	1,579780	2,038668	-0,124474	-0,124487	0,000000	1,554517	1,307581	0,199397
104,400000	7,497471	7,529142	0,426083	0,092122	1,123391	-12720,712244	-10940,836449	-2984,565869	-11814,617406	-12434,686932	8,127951	20,339656	22,085514	22,816819	28,459756	23,318358	23,577994	-2,908503	1,268658	0,961986	205470,563385	-0,201151	0,000241	3,367362	1,579970	2,039378	-0,124474	-0,124484	0,000000	1,554852	1,312495	0,199440
104,600000	7,497103	7,529295	0,424278	0,092607	1,125863	-12196,711465	-10942,341073	-2984,859662	-11293,597249	-11913,666775	8,126346	20,337385	22,079871	22,817852	28,470195	23,311748	23,582072	-2,908517	1,268270	0,962067	205473,703190	-0,201108	0,000320	3,586830	1,580304	2,040676	-0,124483	-0,124481	0,000000	1,554753	1,314501	0,199427
104,800000	7,497069	7,529354	0,408784	0,091225	1,135027	-11388,490635	-10908,111729	-2984,961841	-10481,757728	-11101,827255	8,124798	20,323237	22,071648	22,816729	28,477349	23,305453	23,594739	-2,908233	1,267536	0,962188	205959,852078	-0,201037	0,000422	3,533863	1,580503	2,040976	-0,124488	-0,124485	0,000000	1,554134	1,329177	0,199348
105,000000	7,497012	7,528816	0,380270	0,089144	1,133875	-10377,777312	-10507,243357	-2985,216796	-9492,424088	-10112,493614	8,123621	20,313814	22,065384	22,815004	28,480558	23,302952	23,607993	-2,907834	1,266723	0,962840	206568,171433	-0,201457	0,000383	3,300437	1,580923	2,040194	-0,124485	-0,124488	0,000000	1,553723	1,356944	0,199295
105,200000	7,496869	7,528213	0,366387	0,088901	1,122192	-9231,273807	-9514,632099	-2985,474766	-8385,137987	-9005,207514	8,122380	20,323400	22,062397	22,814115	28,480006	23,304995	23,614124	-2,907717	1,266029	0,963387	207248,637360	-0,201776	0,000487	3,164729	1,582010	2,038722	-0,124480	-0,124481	0,000000	1,554142	1,371583	0,199349
105,400000	7,496727	7,528053	0,373317	0,089343	1,105306	-8383,638550	-8578,306158	-2985,350879	-7457,087973	-8077,157499	8,121114	20,339344	22,063849	22,814154	28,476548	23,307861	23,610585	-2,907951	1,266169	0,962821	208122,459856	-0,201259	0,000722	3,181446	1,583063	2,037388	-0,124477	-0,124476	0,000000	1,554838	1,365526	0,199438
105,600000	7,496277	7,528121	0,374320	0,089799	1,085118	-8252,242895	-8435,393314	-2985,070215	-7115,136145	-7735,205672	8,120023	20,348002	22,067354	22,814428	28,472396	23,306442	23,604709	-2,908182	1,267002	0,962326	208614,919016	-0,200336	0,000723	3,152613	1,583411	2,037063	-0,124479	-0,124472	0,000000	1,555216	1,364820	0,199487
105,800000	7,495528	7,527868	0,366298	0,090640	1,075185	-8754,308113	-9096,227387	-2985,121668	-7464,692394	-8084,761920	8,118755	20,346504	22,069252	22,814585	28,467424	23,301736	23,603617	-2,908223	1,267905	0,962378	208487,542483	-0,200318	0,000593	3,010649	1,583283	2,036615	-0,124487	-0,124468	0,000000	1,555151	1,372662	0,199479
106,000000	7,494923	7,527220	0,367440	0,090483	1,081679	-9550,265101	-10111,608821	-2985,345436	-8304,745620	-8924,815146	8,117109	20,344257	22,071002	22,814813	28,460761	23,300731	23,605043	-2,908272	1,267978	0,962544	208157,843022	-0,200810	0,000697	3,033002	1,582810	2,035617	-0,124489	-0,124470	0,000000	1,555053	1,370970	0,199466
106,200000	7,494882	7,526527	0,381062	0,090058	1,093746	-10304,440049	-10859,859373	-2985,485735	-9233,344364	-9853,413890	8,115310	20,353634	22,076289	22,815033	28,454165	23,307890	23,604328	-2,908523	1,266977	0,962613	207440,928537	-0,201042	0,000874	3,190164	1,581841	2,034666	-0,124485	-0,124482	0,000000	1,555462	1,356469	0,199518
106,400000	7,494955	7,526045	0,395152	0,090986	1,107225	-10779,499126	-11071,656410	-2985,502260	-9816,319865	-10436,389391	8,113809	20,368687	22,083830	22,815367	28,453373	23,318500	23,601173	-2,908598	1,266438	0,962347	206238,941749	-0,201827	0,000793	3,215647	1,581273	2,034456	-0,124481	-0,124495	0,000000	1,556120	1,342201	0,199603
106,600000	7,494539	7,525638	0,404768	0,092396	1,121543	-10843,569257	-10966,492132	-2985,159236	-9853,027505	-10473,097031	8,112679	20,379587	22,090457	22,816506	28,460033	23,325952	23,596032	-2,908417	1,267105	0,962269	205162,216448	-0,202195	0,000620	3,207895	1,581986	2,036497	-0,124481	-0,124498	0,000000	1,556595	1,333572	0,199664
106,800000	7,493745	7,525468	0,418058	0,093320	1,135420	-10452,355559	-10616,677224	-2984,745741	-9410,052664	-10030,122191	8,111607	20,384316	22,091304	22,817264	28,467270	23,326495	23,590549	-2,908347	1,268408	0,962368	204210,359669	-0,201283	0,000505	3,145610	1,582977	2,038527	-0,124483	-0,124492	0,000000	1,556802	1,321897	0,199690
107,000000	7,492994	7,525448	0,439523	0,093643	1,152140	-9751,067136	-9956,343048	-2984,681044	-8696,139499	-9316,209025	8,110459	20,377963	22,085578	22,816211	28,468136	23,318751	23,589527	-2,908383	1,269044	0,961789	203427,703978	-0,200317	0,000412	2,950326	1,583037	2,038603	-0,124485	-0,124486	0,000000	1,556524	1,302233	0,199655
107,200000	7,492757	7,525322	0,462206	0,092875	1,165198	-9112,373385	-9323,731961	-2984,722571	-8044,600902	-8664,670428	8,109085	20,366688	22,080072	22,815370	28,464951	23,309627	23,593148	-2,908402	1,268607	0,961440	203672,060073	-0,199725	0,000501	2,930350	1,581953	2,038708	-0,124492	-0,124481	0,000000	1,556032	1,281117	0,199592
107,400000	7,492892	7,525231	0,482085	0,091608	1,165913	-8871,848720	-9116,118698	-2984,692053	-7738,166616	-8358,236142	8,107656	20,363849	22,078634	22,816169	28,463269	23,307603	23,595538	-2,908419	1,268353	0,962261	204855,542864	-0,199738	0,000735	3,083701	1,580380	2,038674	-0,124490	-0,124481	0,000000	1,555908	1,262645	0,199576
107,600000	7,493019	7,524949	0,497320	0,091393	1,162341	-9136,253491	-9419,978243	-2984,731605	-7859,439186	-8479,508712	8,106325	20,362936	22,078963	22,816513	28,464231	23,310817	23,595185	-2,908415	1,268775	0,962546	205712,805020	-0,200465	0,000678	3,138486	1,579305	2,038856	-0,124481	-0,124484	0,000000	1,555868	1,248903	0,199571
107,800000	7,493051	7,524690	0,496341	0,092214	1,164950	-9857,449940	-10127,069716	-2984,838140	-8427,574631	-9047,644157	8,104932	20,355051	22,074934	22,816977	28,470108	23,312602	23,596439	-2,908223	1,268610	0,962290	205851,785324	-0,200659	0,000222	3,063592	1,579506	2,039679	-0,124479	-0,124485	0,000000	1,555524	1,249865	0,199526
108,000000	7,492999	7,524755	0,481267	0,092610	1,168472	-10832,143279	-10797,869682	-2984,799076	-9372,464947	-9992,534474	8,103370	20,348941	22,065494	22,817547	28,479376	23,310165	23,601518	-2,907900	1,268231	0,962788	205723,927990	-0,200304	-0,000107	2,959310	1,581307	2,039936	-0,124484	-0,124483	0,000000	1,555257	1,264074	0,199492
108,200000	7,493054	7,524719	0,468323	0,091652	1,166629	-11796,594135	-11047,498386	-2984,807861	-10460,395765	-11080,465291	8,101761	20,358159	22,057390	22,814229	28,486044	23,305569	23,607508	-2,907806	1,268048	0,963093	205123,581252	-0,200436	7,670565E-6	3,022100	1,583811	2,039188	-0,124487	-0,124478	0,000000	1,555660	1,277279	0,199544
108,400000	7,493077	7,524179	0,466305	0,090428	1,164500	-12623,819504	-11008,018339	-2985,052024	-11410,080089	-12030,149615	8,100566	20,389337	22,055863	22,809970	28,485315	23,301605	23,610657	-2,907979	1,267319	0,963214	204002,563135	-0,200924	0,000375	3,213353	1,585332	2,037277	-0,124485	-0,124471	0,000000	1,557021	1,280201	0,199718
108,600000	7,492678	7,523364	0,479017	0,089802	1,162095	-13207,479695	-10942,713396	-2985,211518	-11975,566764	-12595,636290	8,099428	20,429652	22,062604	22,810405	28,476429	23,300267	23,608202	-2,908244	1,267190	0,963553	202990,764296	-0,201383	0,000687	3,329894	1,585311	2,035577	-0,124480	-0,124467	0,000000	1,558779	1,269015	0,199944
108,800000	7,491914	7,522877	0,501758	0,089413	1,158516	-13339,019456	-10925,064471	-2985,213970	-12033,776013	-12653,845540	8,097979	20,448622	22,074787	22,813871	28,465907	23,303090	23,601327	-2,908535	1,267377	0,963411	202119,513005	-0,201529	0,000720	3,365899	1,584348	2,035463	-0,124475	-0,124468	0,000000	1,559606	1,248901	0,200050
109,000000	7,491146	7,522864	0,526639	0,090119	1,165656	-12954,660525	-10932,315646	-2985,239528	-11643,535140	-12263,604666	8,096837	20,441624	22,082668	22,816162	28,461116	23,307465	23,598554	-2,908699	1,266912	0,962964	201476,753362	-0,201084	0,000576	3,397976	1,583400	2,036197	-0,124473	-0,124475	0,000000	1,559301	1,227771	0,200011
109,200000	7,490637	7,522806	0,551320	0,092113	1,184924	-12238,404708	-10940,937555	-2985,542939	-10970,439792	-11590,509318	8,095751	20,435330	22,080401	22,816530	28,462198	23,311735	23,604833	-2,908609	1,266623	0,962507	202099,395494	-0,200945	0,000483	3,446455	1,583175	2,037047	-0,124475	-0,124480	0,000000	1,559027	1,208052	0,199976
109,400000	7,490618	7,522268	0,569649	0,092804	1,201572	-11427,275860	-10913,881277	-2985,760736	-10194,804672	-10814,874198	8,094180	20,429731	22,074104	22,815801	28,465391	23,317976	23,610705	-2,908426	1,266999	0,962203	203902,911021	-0,201056	0,000625	3,424986	1,582550	2,037541	-0,124481	-0,124479	0,000000	1,558783	1,193408	0,199944
109,600000	7,490705	7,521431	0,581257	0,091697	1,216000	-10689,363102	-10732,250821	-2985,468116	-9448,721842	-10068,791369	8,092636	20,409198	22,073851	22,814902	28,467331	23,323727	23,605349	-2,908397	1,267605	0,962259	205539,017736	-0,200858	0,000918	3,339279	1,581076	2,037359	-0,124485	-0,124478	0,000000	1,557887	1,183435	0,199830
109,800000	7,490235	7,520643	0,587585	0,091697	1,233667	-10207,376909	-10488,180543	-2985,085734	-8914,323649	-9534,393176	8,091537	20,387903	22,081128	22,815452	28,468284	23,325344	23,592362	-2,908431	1,268107	0,962522	206906,860149	-0,200829	0,000921	3,238169	1,580009	2,037442	-0,124484	-0,124484	0,000000	1,556958	1,177812	0,199710
110,000000	7,489391	7,520358	0,578182	0,092649	1,251064	-10172,424169	-10530,860836	-2984,863739	-8833,883890	-9453,953417	8,090498	20,377439	22,087202	22,816757	28,469593	23,322329	23,582014	-2,908459	1,268212	0,962424	208061,684442	-0,200811	0,000658	3,054090	1,579544	2,038210	-0,124484	-0,124491	0,000000	1,556502	1,184444	0,199652
110,200000	7,488738	7,520529	0,549940	0,092369	1,268349	-10556,431191	-10806,907488	-2984,783550	-9239,349930	-9859,419457	8,089040	20,372189	22,085684	22,817658	28,470416	23,314325	23,580647	-2,908521	1,268172	0,961929	208030,015599	-0,200687	0,000539	2,994428	1,579768	2,039438	-0,124483	-0,124491	0,000000	1,556272	1,206231	0,199622
110,400000	7,488576	7,520587	0,516804	0,091927	1,280312	-11179,122838	-10973,304652	-2985,101217	-9935,759373	-10555,828900	8,087293	20,360801	22,078504	22,817988	28,473516	23,304442	23,588769	-2,908526	1,267780	0,961812	206903,843546	-0,200868	0,000519	3,139466	1,581677	2,040052	-0,124482	-0,124487	0,000000	1,555775	1,234103	0,199559
110,600000	7,488702	7,520473	0,492770	0,092161	1,281632	-11800,103330	-10980,283822	-2985,795763	-10646,085779	-11266,155305	8,085746	20,323277	22,070062	22,816736	28,478301	23,300646	23,600305	-2,908411	1,266825	0,961911	205930,573343	-0,201576	0,000427	3,134408	1,584597	2,039561	-0,124488	-0,124484	0,000000	1,554136	1,256306	0,199348
110,800000	7,488795	7,520235	0,490730	0,091441	1,275984	-12158,038178	-10950,350101	-2986,091514	-11114,524218	-11734,593745	8,084310	20,270776	22,062584	22,815069	28,481116	23,306166	23,606814	-2,908127	1,266246	0,961799	205411,596852	-0,202227	0,000431	2,909181	1,587165	2,038615	-0,124494	-0,124485	0,000000	1,551841	1,260048	0,199054
111,000000	7,488799	7,519653	0,518444	0,090521	1,263777	-12283,422682	-10939,063477	-2985,934698	-11320,957350	-11941,026876	8,082872	20,245188	22,059226	22,814817	28,482819	23,312551	23,605738	-2,907894	1,265882	0,961640	205016,995476	-0,202672	0,000446	2,790259	1,590039	2,037946	-0,124493	-0,124487	0,000000	1,550721	1,239204	0,198910
111,200000	7,488584	7,519005	0,554703	0,091120	1,249699	-12334,469869	-10939,897278	-2985,606451	-11371,194349	-11991,263875	8,081739	20,249477	22,060580	22,814926	28,483256	23,311144	23,602756	-2,907883	1,266633	0,961774	204593,228450	-0,202703	0,000306	2,969834	1,593103	2,038881	-0,124491	-0,124486	0,000000	1,550909	1,212531	0,198934
111,400000	7,488223	7,518637	0,570325	0,091983	1,245448	-12330,100444	-10940,486991	-2985,048493	-11328,383475	-11948,453001	8,080543	20,255277	22,063479	22,815485	28,484528	23,304223	23,603634	-2,907972	1,268604	0,962392	204051,698167	-0,201742	0,000321	3,119472	1,594489	2,038796	-0,124490	-0,124484	0,000000	1,551163	1,201458	0,198967
111,600000	7,487952	7,518385	0,557639	0,091419	1,251416	-12267,029591	-10939,553558	-2984,950695	-11289,200247	-11909,269773	8,079101	20,255999	22,065844	22,814716	28,484944	23,298214	23,606217	-2,908132	1,268978	0,963240	203710,242471	-0,201211	0,000544	2,991860	1,593790	2,035986	-0,124487	-0,124482	0,000000	1,551194	1,210686	0,198971
111,800000	7,487633	7,518217	0,527277	0,089816	1,260118	-12108,116666	-10938,567360	-2985,527419	-11269,183129	-11889,252656	8,077890	20,259081	22,067258	22,812302	28,479324	23,298751	23,608117	-2,908325	1,267662	0,963501	203700,708629	-0,202019	0,000724	2,777107	1,591928	2,033048	-0,124478	-0,124477	0,000000	1,551329	1,233285	0,198988
112,000000	7,487300	7,518091	0,491918	0,089092	1,267739	-11901,351110	-10938,998290	-2985,729171	-11229,859063	-11849,928589	8,076734	20,261959	22,072638	22,813225	28,473695	23,308051	23,609821	-2,908555	1,266594	0,962724	203812,768723	-0,202125	0,000668	2,685351	1,589029	2,031673	-0,124473	-0,124473	0,000000	1,551455	1,260182	0,199004
112,200000	7,486759	7,517798	0,457786	0,090260	1,260741	-11726,480812	-10940,212626	-2985,406634	-11177,230390	-11797,299916	8,075252	20,263144	22,081018	22,816326	28,470898	23,319133	23,607290	-2,908781	1,266063	0,961779	204552,512758	-0,201048	0,000394	2,742679	1,586414	2,033069	-0,124476	-0,124478	0,000000	1,551507	1,287507	0,199011
112,400000	7,486067	7,517555	0,433101	0,092212	1,232920	-11387,555778	-10941,736483	-2985,146565	-10936,809373	-11556,878899	8,073642	20,268484	22,082788	22,816539	28,470326	23,323294	23,601062	-2,908676	1,266479	0,961724	206093,623498	-0,200506	0,000250	2,748617	1,585922	2,036325	-0,124481	-0,124487	0,000000	1,551741	1,309246	0,199041
112,600000	7,485937	7,517421	0,429192	0,093388	1,196671	-10670,693880	-10838,670694	-2984,799931	-10273,690666	-10893,760192	8,072269	20,275969	22,077077	22,814569	28,476270	23,320249	23,597419	-2,908297	1,268129	0,961850	207537,377233	-0,200449	0,000255	2,748363	1,586729	2,038951	-0,124483	-0,124488	0,000000	1,552068	1,313512	0,199083
112,800000	7,485937	7,517205	0,442777	0,093303	1,168256	-9723,456750	-10383,148853	-2984,501426	-9271,001818	-9891,071345	8,071223	20,278840	22,071429	22,813770	28,480154	23,316088	23,595638	-2,908214	1,268807	0,961435	208774,163923	-0,200226	0,000327	2,880869	1,586729	2,039576	-0,124486	-0,124484	0,000000	1,552194	1,301126	0,199099
113,000000	7,485556	7,516714	0,442132	0,092865	1,152690	-8923,632223	-9702,171986	-2984,677235	-8332,774240	-8952,843766	8,070237	20,276092	22,073100	22,814754	28,473702	23,315399	23,592479	-2,908435	1,267892	0,961464	209859,284700	-0,200787	0,000537	2,940934	1,584704	2,038100	-0,124485	-0,124482	0,000000	1,552073	1,299939	0,199084
113,200000	7,484927	7,516083	0,419267	0,093089	1,136681	-8612,245725	-9366,577701	-2984,988503	-7864,118607	-8484,188134	8,069042	20,271028	22,080602	22,817301	28,466937	23,315615	23,588338	-2,908579	1,267017	0,961986	210593,767008	-0,201647	0,000742	2,918426	1,581733	2,036845	-0,124483	-0,124480	0,000000	1,551852	1,318275	0,199055
113,400000	7,484275	7,515943	0,404100	0,093565	1,123491	-8905,728681	-9665,842063	-2985,057221	-7979,447564	-8599,517090	8,067454	20,268794	22,082786	22,820395	28,470904	23,313992	23,586769	-2,908547	1,266786	0,962064	211178,893503	-0,201139	0,000828	3,013046	1,580428	2,037990	-0,124484	-0,124480	0,000000	1,551754	1,331403	0,199043
113,600000	7,484108	7,516130	0,403141	0,093465	1,121171	-9622,114965	-10350,703073	-2985,313816	-8565,852727	-9185,922254	8,065615	20,268551	22,073990	22,820472	28,483536	23,311211	23,593321	-2,908409	1,266804	0,961373	211192,090809	-0,200268	0,000705	3,092759	1,581248	2,039843	-0,124484	-0,124481	0,000000	1,551743	1,333089	0,199041
113,800000	7,484338	7,516106	0,407063	0,092770	1,124380	-10416,057286	-10891,211134	-2986,052591	-9396,839779	-10016,909305	8,064182	20,264366	22,060751	22,817559	28,494495	23,307545	23,606823	-2,908229	1,266208	0,961123	210249,668566	-0,200552	0,000567	2,968224	1,582543	2,040186	-0,124488	-0,124488	0,000000	1,551560	1,330519	0,199018
114,000000	7,484579	7,515731	0,414372	0,092016	1,135798	-11032,659049	-11037,673518	-2986,575641	-10213,316418	-10833,385944	8,063259	20,261201	22,053677	22,815524	28,495918	23,304684	23,616875	-2,907987	1,265139	0,961599	209133,948927	-0,201585	0,000716	2,858843	1,583675	2,039266	-0,124492	-0,124493	0,000000	1,551422	1,324544	0,199000
114,200000	7,484711	7,515144	0,423940	0,090990	1,149452	-11441,755420	-10986,282047	-2986,183748	-10853,490656	-11473,560183	8,062091	20,280353	22,056872	22,814489	28,486359	23,303740	23,614040	-2,907835	1,265130	0,961618	208469,626045	-0,202263	0,000730	2,988594	1,584560	2,038003	-0,124492	-0,124489	0,000000	1,552260	1,316247	0,199108
114,400000	7,484521	7,514649	0,440688	0,090060	1,149796	-11701,825551	-10938,267692	-2985,177948	-11234,049461	-11854,118987	8,060599	20,323835	22,064822	22,813898	28,473954	23,303483	23,603548	-2,907959	1,266707	0,961896	208039,295323	-0,201975	0,000391	3,197559	1,584462	2,036834	-0,124489	-0,124482	0,000000	1,554161	1,300732	0,199351
114,600000	7,484147	7,514333	0,466008	0,090896	1,141755	-11838,381143	-10930,184738	-2984,530568	-11353,094576	-11973,164102	8,059303	20,356121	22,069169	22,814513	28,468568	23,303062	23,598219	-2,908279	1,268129	0,962523	207708,731942	-0,201370	0,000204	3,192909	1,583421	2,035852	-0,124484	-0,124476	0,000000	1,555571	1,277345	0,199532
114,800000	7,483797	7,514187	0,487431	0,092335	1,135547	-11882,005602	-10936,402066	-2984,549146	-11327,164570	-11947,234096	8,057957	20,363642	22,069496	22,815356	28,468282	23,303114	23,599972	-2,908491	1,268648	0,962603	207390,359224	-0,201349	0,000204	3,011749	1,582449	2,035197	-0,124481	-0,124470	0,000000	1,555899	1,258140	0,199575
115,000000	7,483272	7,514046	0,492131	0,092027	1,130169	-11872,693515	-10939,271331	-2984,903513	-11264,424074	-11884,493600	8,056418	20,361140	22,071111	22,815735	28,468184	23,305661	23,604548	-2,908502	1,268394	0,962795	207151,304511	-0,201621	0,000265	3,019772	1,581624	2,035193	-0,124479	-0,124472	0,000000	1,555790	1,253499	0,199561
115,200000	7,482664	7,513809	0,483283	0,091316	1,131504	-11807,368917	-10938,814493	-2985,392199	-11138,906987	-11758,976514	8,054933	20,366103	22,075539	22,814771	28,468332	23,312578	23,608951	-2,908570	1,267674	0,962970	207767,428507	-0,201862	0,000390	3,183355	1,580987	2,035593	-0,124480	-0,124478	0,000000	1,556007	1,260441	0,199588
115,400000	7,482212	7,513652	0,470700	0,091929	1,138685	-11646,525249	-10939,736035	-2985,576222	-10916,922085	-11536,991611	8,053451	20,429809	22,080425	22,813556	28,468052	23,322975	23,606809	-2,908609	1,267430	0,962431	209268,235121	-0,202142	0,000324	3,174757	1,580960	2,035922	-0,124481	-0,124482	0,000000	1,558786	1,271188	0,199945
115,600000	7,481801	7,513495	0,458978	0,092852	1,140830	-11428,768697	-10942,384077	-2985,494589	-10684,258558	-11304,328085	8,052203	20,552570	22,082927	22,814328	28,467860	23,329545	23,596412	-2,908425	1,267429	0,962511	210346,423043	-0,202357	0,000198	3,105870	1,581060	2,036185	-0,124478	-0,124488	0,000000	1,564132	1,281460	0,200630
115,800000	7,481267	7,513255	0,453070	0,093716	1,140412	-11235,978888	-10944,039866	-2985,227779	-10462,581328	-11082,650854	8,051267	20,634116	22,081644	22,815863	28,468309	23,324227	23,586483	-2,908274	1,267659	0,963114	210637,551718	-0,201679	0,000349	3,167397	1,581353	2,037429	-0,124479	-0,124488	0,000000	1,567675	1,286869	0,201085
116,000000	7,480747	7,512850	0,451466	0,094128	1,139047	-10995,853306	-10922,016483	-2984,696261	-10125,395419	-10745,464946	8,050129	20,636819	22,077249	22,816835	28,471637	23,312774	23,585462	-2,908218	1,268542	0,962794	210718,992794	-0,199839	0,000576	3,257411	1,582642	2,039435	-0,124486	-0,124479	0,000000	1,567792	1,289291	0,201100
116,200000	7,480399	7,512330	0,445140	0,092820	1,132710	-10479,050500	-10682,523346	-2984,669235	-9555,005595	-10175,075121	8,048738	20,615191	22,072205	22,817366	28,476345	23,306010	23,592723	-2,908267	1,268851	0,962317	210858,013995	-0,199021	0,000584	3,286034	1,584608	2,040062	-0,124491	-0,124476	0,000000	1,566853	1,296484	0,200980
116,400000	7,480182	7,512261	0,431469	0,091237	1,128562	-9708,604765	-10049,921508	-2985,192969	-8781,689515	-9401,759042	8,047321	20,610774	22,067547	22,817567	28,476332	23,305558	23,599668	-2,908529	1,267850	0,962221	211084,166690	-0,200033	0,000482	3,286106	1,586113	2,039553	-0,124487	-0,124480	0,000000	1,566661	1,310103	0,200955
116,600000	7,480178	7,512365	0,413845	0,091243	1,137353	-8994,232123	-9282,766088	-2985,429018	-8011,246617	-8631,316144	8,045846	20,636722	22,064828	22,818329	28,477574	23,310174	23,602487	-2,908571	1,266814	0,962325	211286,130694	-0,201112	0,000500	3,281089	1,586715	2,039537	-0,124481	-0,124484	0,000000	1,567788	1,326962	0,201099
116,800000	7,480441	7,512021	0,390552	0,092096	1,149212	-8414,113202	-8647,045772	-2985,653287	-7389,017437	-8009,086963	8,044483	20,678348	22,064787	22,819417	28,483429	23,315885	23,603096	-2,908272	1,266414	0,963033	211465,554030	-0,201828	0,000641	3,221433	1,587037	2,040699	-0,124485	-0,124488	0,000000	1,569594	1,349439	0,201331
117,000000	7,480500	7,511600	0,362191	0,092350	1,150157	-7880,827430	-8078,278449	-2985,886362	-6857,194506	-7477,264033	8,043259	20,705478	22,063151	22,817345	28,490141	23,314244	23,603643	-2,908152	1,266496	0,963319	211588,046754	-0,201813	0,000656	3,180160	1,587727	2,041057	-0,124492	-0,124487	0,000000	1,570771	1,378117	0,201482
117,200000	7,480293	7,511225	0,341555	0,091505	1,142816	-7410,609172	-7613,711696	-2985,638112	-6399,927170	-7019,996697	8,041812	20,708027	22,060126	22,813112	28,492260	23,304752	23,606852	-2,908228	1,266784	0,962512	211166,416480	-0,201118	0,000679	3,242524	1,588350	2,039125	-0,124496	-0,124476	0,000000	1,570881	1,399841	0,201496
117,400000	7,480105	7,510699	0,343399	0,090309	1,128640	-7245,679362	-7594,069816	-2985,294578	-6254,395375	-6874,464901	8,040398	20,698350	22,061398	22,811805	28,484045	23,296172	23,611673	-2,908193	1,267247	0,962550	210151,070836	-0,200778	0,000942	3,288631	1,588620	2,036137	-0,124495	-0,124466	0,000000	1,570462	1,398038	0,201442
117,600000	7,479498	7,510250	0,368426	0,089828	1,108732	-7787,890419	-8363,187449	-2985,094365	-6718,386696	-7338,456222	8,039268	20,695726	22,068529	22,813674	28,470576	23,296754	23,611408	-2,908225	1,267828	0,963203	209273,248967	-0,201178	0,001054	3,155176	1,589000	2,033396	-0,124487	-0,124466	0,000000	1,570348	1,372644	0,201428
117,800000	7,478732	7,509779	0,401093	0,090241	1,095982	-8998,535929	-9690,440601	-2984,976110	-7782,917885	-8402,987411	8,037916	20,698117	22,076583	22,815515	28,460187	23,306627	23,606593	-2,908361	1,267765	0,962635	208677,622179	-0,202277	0,000721	2,957942	1,589730	2,032976	-0,124479	-0,124471	0,000000	1,570452	1,341115	0,201441
118,000000	7,478553	7,509415	0,427770	0,091201	1,095090	-10357,050559	-10765,472742	-2984,995019	-9106,911823	-9726,981350	8,036410	20,698872	22,078809	22,816867	28,457237	23,318324	23,604528	-2,908315	1,267936	0,962110	208183,337735	-0,202469	0,000291	2,978082	1,591278	2,034940	-0,124479	-0,124479	0,000000	1,570484	1,317253	0,201445
118,200000	7,478584	7,509605	0,442651	0,092196	1,095819	-11508,154540	-11118,115587	-2985,051188	-10341,717316	-10961,786842	8,034866	20,706860	22,075406	22,817365	28,461704	23,325731	23,604290	-2,908249	1,268872	0,962427	207416,575882	-0,201379	0,000117	3,210160	1,593511	2,037291	-0,124479	-0,124482	0,000000	1,570831	1,305536	0,201490
118,400000	7,478465	7,509750	0,447623	0,092434	1,098578	-12434,735925	-11042,695698	-2985,156858	-11353,644808	-11973,714335	8,033201	20,709613	22,071486	22,814504	28,468235	23,327279	23,603140	-2,908285	1,269253	0,962520	206192,761789	-0,200974	0,000270	3,390630	1,594674	2,037858	-0,124477	-0,124479	0,000000	1,570950	1,302063	0,201505
118,600000	7,478201	7,509273	0,454446	0,092212	1,104651	-13187,562913	-10945,064344	-2985,344437	-12149,361422	-12769,430948	8,032057	20,706402	22,071762	22,812122	28,469061	23,324020	23,598988	-2,908278	1,268620	0,962655	205101,624439	-0,201813	0,000615	3,380320	1,594022	2,036805	-0,124480	-0,124480	0,000000	1,570811	1,295364	0,201487
118,800000	7,477792	7,508659	0,470478	0,092264	1,106900	-13675,024411	-10922,584743	-2985,191416	-12689,134342	-13309,203868	8,031307	20,706790	22,079210	22,814451	28,466233	23,319107	23,590651	-2,908353	1,267895	0,962485	204160,248899	-0,201973	0,000849	3,275799	1,592578	2,036654	-0,124488	-0,124483	0,000000	1,570828	1,279959	0,201489
119,000000	7,477227	7,508473	0,490827	0,092272	1,104709	-13758,186762	-10933,270501	-2984,591104	-12863,634453	-13483,703979	8,030016	20,689235	22,087479	22,818548	28,465630	23,316432	23,582391	-2,908501	1,267967	0,961964	203428,831216	-0,200702	0,000890	3,115087	1,591193	2,037695	-0,124488	-0,124483	0,000000	1,570067	1,261335	0,201392
119,200000	7,476531	7,508667	0,500853	0,092397	1,098723	-13462,247868	-10941,004570	-2984,255996	-12638,961227	-13259,030753	8,028479	20,648553	22,084828	22,820138	28,468407	23,313969	23,582848	-2,908539	1,268376	0,962136	203965,777295	-0,199649	0,000632	2,980893	1,590366	2,038900	-0,124482	-0,124487	0,000000	1,568302	1,252287	0,201165
119,400000	7,476134	7,508790	0,488945	0,092609	1,091710	-12894,712961	-10942,001038	-2984,739125	-12094,224118	-12714,293645	8,027228	20,612914	22,070552	22,819070	28,476382	23,310198	23,594941	-2,908408	1,268151	0,962235	205698,508002	-0,200065	0,000202	2,986186	1,589717	2,039925	-0,124481	-0,124489	0,000000	1,566754	1,261849	0,200967
119,600000	7,476191	7,508574	0,464133	0,091817	1,090671	-12171,902028	-10942,417446	-2985,509173	-11401,947197	-12022,016723	8,025747	20,598148	22,056201	22,817213	28,483884	23,307902	23,607197	-2,908213	1,267386	0,961994	207288,967368	-0,201216	-3,459830E-5	3,080615	1,588914	2,040523	-0,124489	-0,124489	0,000000	1,566113	1,282601	0,200885
119,800000	7,476410	7,508211	0,439824	0,090768	1,087164	-11575,583957	-10942,834864	-2985,850658	-10859,616737	-11479,686264	8,023997	20,593206	22,050980	22,815370	28,484283	23,307855	23,610847	-2,908096	1,266902	0,962045	208586,753319	-0,201868	9,919443E-5	3,175147	1,588055	2,039975	-0,124492	-0,124484	0,000000	1,565898	1,303513	0,200857
120,000000	7,476387	7,507786	0,417439	0,091156	1,072730	-11424,330398	-10942,049947	-2985,775799	-10696,475826	-11316,545353	8,022706	20,583458	22,054891	22,814292	28,481611	23,310381	23,607083	-2,908104	1,267018	0,962308	209687,868905	-0,201957	0,000535	3,222212	1,586863	2,038899	-0,124490	-0,124477	0,000000	1,565475	1,323042	0,200803
120,200000	7,475924	7,507243	0,400847	0,091757	1,058842	-11551,035698	-10940,729026	-2985,611187	-10784,379481	-11404,449008	8,021672	20,563621	22,061347	22,814403	28,478239	23,311503	23,600171	-2,908200	1,267389	0,962528	210362,184569	-0,201851	0,000799	3,196962	1,585896	2,038288	-0,124491	-0,124476	0,000000	1,564612	1,337802	0,200692
120,400000	7,475362	7,506745	0,388397	0,091312	1,047316	-11523,510579	-10938,853664	-2985,587714	-10833,571409	-11453,640935	8,020352	20,540937	22,064607	22,815345	28,473871	23,307366	23,597394	-2,908198	1,267196	0,962683	210848,801794	-0,201966	0,000706	3,058997	1,585815	2,037576	-0,124491	-0,124480	0,000000	1,563626	1,349630	0,200566
120,600000	7,475008	7,506353	0,372243	0,090902	1,029887	-11386,373913	-10937,726456	-2985,555768	-10772,873414	-11392,942940	8,019073	20,521588	22,066106	22,815690	28,470940	23,302005	23,602126	-2,908125	1,267204	0,962883	211053,015587	-0,202037	0,000530	3,011085	1,586196	2,036138	-0,124487	-0,124480	0,000000	1,562784	1,365775	0,200458
120,800000	7,474762	7,506082	0,362265	0,090589	1,015718	-11180,832820	-10928,063216	-2985,269647	-10561,994690	-11182,064216	8,017855	20,509456	22,068175	22,814667	28,466192	23,302839	23,608681	-2,908087	1,267792	0,962979	210857,083651	-0,202020	0,000413	3,195537	1,586286	2,034699	-0,124481	-0,124473	0,000000	1,562256	1,375800	0,200390
121,000000	7,474602	7,505812	0,364480	0,089696	1,008608	-10518,298735	-10686,531891	-2985,002472	-9970,179621	-10590,249148	8,016430	20,511620	22,070667	22,813725	28,459427	23,314329	23,609165	-2,908103	1,267562	0,962756	210593,535565	-0,202285	0,000459	3,381812	1,586079	2,034398	-0,124470	-0,124472	0,000000	1,562350	1,373316	0,200402
121,200000	7,474417	7,505442	0,361622	0,089395	0,995617	-9582,219751	-10170,355132	-2985,069696	-9096,118415	-9716,187942	8,015001	20,510338	22,074065	22,814074	28,458963	23,327796	23,602460	-2,908281	1,267243	0,962362	210636,474090	-0,202489	0,000596	3,406800	1,586728	2,035536	-0,124465	-0,124484	0,000000	1,562294	1,376699	0,200395
121,400000	7,473805	7,505082	0,345332	0,090831	0,979536	-9232,214217	-10017,130165	-2985,381409	-8613,751441	-9233,820967	8,013670	20,489590	22,078211	22,815489	28,464999	23,330573	23,595094	-2,908510	1,267388	0,962211	210955,746889	-0,202222	0,000625	3,342133	1,588450	2,037978	-0,124474	-0,124490	0,000000	1,561391	1,394850	0,200279
121,600000	7,472968	7,504848	0,328039	0,092456	0,974234	-9771,321156	-10463,956971	-2985,530489	-8986,429932	-9606,499459	8,012342	20,466688	22,080816	22,816453	28,466938	23,322753	23,591612	-2,908520	1,267369	0,961998	211185,248782	-0,201532	0,000636	3,300302	1,589734	2,039881	-0,124483	-0,124483	0,000000	1,560394	1,414127	0,200151
121,800000	7,472527	7,504611	0,324267	0,092437	0,974930	-10746,547284	-10907,152479	-2985,286606	-9969,823179	-10589,892705	8,011086	20,450651	22,079286	22,814690	28,465710	23,314179	23,590524	-2,908300	1,268042	0,961980	211216,817333	-0,200749	0,000643	3,249593	1,589639	2,039391	-0,124482	-0,124478	0,000000	1,559695	1,418035	0,200061
122,000000	7,472635	7,504174	0,339962	0,091607	0,972519	-11737,539759	-11020,157044	-2985,021985	-11054,603147	-11674,672673	8,009698	20,438184	22,074572	22,813471	28,468149	23,313504	23,590637	-2,908172	1,268838	0,962732	211228,383818	-0,200327	0,000496	3,175073	1,587873	2,038211	-0,124478	-0,124479	0,000000	1,559151	1,399808	0,199992
122,200000	7,472742	7,503942	0,369100	0,091244	0,972850	-12637,582319	-10975,807787	-2984,970545	-11952,662509	-12572,732035	8,008204	20,432231	22,071542	22,816706	28,471188	23,318019	23,592198	-2,908361	1,268424	0,962714	211416,733312	-0,200252	0,000426	3,155244	1,584048	2,038176	-0,124477	-0,124480	0,000000	1,558892	1,366665	0,199958
122,400000	7,472327	7,504098	0,401021	0,091055	0,977463	-13444,655827	-10939,009392	-2985,179628	-12637,769395	-13257,838922	8,007078	20,448686	22,071459	22,820093	28,476302	23,320148	23,594719	-2,908672	1,267266	0,961843	211754,656460	-0,200404	0,000589	3,203096	1,579471	2,039148	-0,124481	-0,124484	0,000000	1,559609	1,331687	0,200050
122,600000	7,471835	7,504025	0,429888	0,090803	0,986363	-14157,294852	-10934,716209	-2985,880899	-13171,809094	-13791,878620	8,005998	20,489544	22,068908	22,819357	28,486047	23,316074	23,597914	-2,908546	1,266257	0,962064	212047,998202	-0,201608	0,000639	3,273251	1,576797	2,040997	-0,124486	-0,124488	0,000000	1,561389	1,302618	0,200279
122,800000	7,471585	7,503457	0,451241	0,090590	1,009912	-14680,099182	-10939,498422	-2986,525258	-13536,751959	-14156,821485	8,004572	20,520054	22,061862	22,815882	28,493287	23,306935	23,602450	-2,907893	1,265940	0,962890	212323,375308	-0,203426	0,000472	3,273980	1,576509	2,041875	-0,124493	-0,124490	0,000000	1,562717	1,283170	0,200449
123,000000	7,471581	7,502862	0,462554	0,090184	1,043151	-14851,693272	-10942,158916	-2986,368190	-13666,338482	-14286,408008	8,002901	20,523312	22,056019	22,812401	28,491928	23,298994	23,606876	-2,907479	1,266317	0,963255	212588,670429	-0,204113	0,000351	3,217286	1,577152	2,040082	-0,124495	-0,124486	0,000000	1,562859	1,273680	0,200467
123,200000	7,472041	7,502567	0,468484	0,089829	1,069386	-14735,766792	-10941,998388	-2985,569357	-13604,801345	-14224,870872	8,001325	20,512935	22,057561	22,811178	28,481990	23,297524	23,607587	-2,907714	1,267076	0,963237	212830,767461	-0,203299	0,000471	3,140744	1,577585	2,036748	-0,124491	-0,124477	0,000000	1,562407	1,268801	0,200409
123,400000	7,472258	7,502341	0,471937	0,089987	1,088961	-14600,480990	-10940,482596	-2984,622494	-13486,595564	-14106,665090	8,000278	20,506126	22,066568	22,813886	28,466545	23,303109	23,605414	-2,908304	1,268433	0,963136	213106,776356	-0,201764	0,000583	3,007140	1,577335	2,034343	-0,124480	-0,124471	0,000000	1,562111	1,265512	0,200371
123,600000	7,471545	7,501985	0,468466	0,090542	1,102883	-14505,886981	-10940,007122	-2984,530302	-13344,017193	-13964,086720	7,999383	20,496781	22,074501	22,817860	28,458353	23,311623	23,603738	-2,908693	1,269347	0,963436	213583,105054	-0,200881	0,000584	2,942850	1,576776	2,034459	-0,124473	-0,124475	0,000000	1,561704	1,267950	0,200319
123,800000	7,470671	7,501714	0,457100	0,091209	1,107403	-14193,108127	-10939,796220	-2985,436980	-13023,034324	-13643,103851	7,998152	20,471524	22,075188	22,818119	28,462902	23,316907	23,604558	-2,908684	1,268685	0,963674	214535,059895	-0,201179	0,000577	3,032129	1,576835	2,035977	-0,124475	-0,124479	0,000000	1,560604	1,277870	0,200178
124,000000	7,470359	7,501583	0,440761	0,091581	1,105724	-13435,043430	-10939,957327	-2986,133672	-12333,729219	-12953,798745	7,996612	20,452060	22,071843	22,815529	28,470629	23,317642	23,608152	-2,908510	1,267585	0,963249	215572,348446	-0,202419	0,000554	3,234820	1,577663	2,037065	-0,124480	-0,124483	0,000000	1,559756	1,293071	0,200069
124,200000	7,470313	7,501252	0,419164	0,091631	1,093262	-12221,428921	-10859,381411	-2986,119640	-11203,017839	-11823,087365	7,994929	20,454010	22,072035	22,813686	28,474025	23,318167	23,607081	-2,908361	1,266588	0,962404	216483,924990	-0,203620	0,000615	3,450451	1,577937	2,037479	-0,124482	-0,124486	0,000000	1,559841	1,312957	0,200080
124,400000	7,469983	7,500779	0,396225	0,091631	1,072817	-10771,810289	-10419,094068	-2985,633273	-9788,415379	-10408,484905	7,993408	20,461475	22,079718	22,813670	28,468558	23,320490	23,595686	-2,908450	1,266472	0,961746	217496,589489	-0,203099	0,000702	3,391736	1,577532	2,037364	-0,124483	-0,124484	0,000000	1,560166	1,334095	0,200122
124,600000	7,469280	7,500686	0,381850	0,091641	1,059940	-9550,968042	-9664,921248	-2985,116607	-8535,601900	-9155,671426	7,992363	20,461290	22,086754	22,815936	28,460890	23,322332	23,582890	-2,908621	1,267660	0,962179	218154,799978	-0,201658	0,000768	3,093888	1,577823	2,036816	-0,124485	-0,124484	0,000000	1,560158	1,348169	0,200121
124,800000	7,468516	7,500919	0,374784	0,092254	1,052455	-9047,886688	-9340,819603	-2984,830778	-7965,785188	-8585,854714	7,991443	20,468590	22,084330	22,818349	28,460477	23,320073	23,578380	-2,908500	1,268727	0,963125	218324,659052	-0,201154	0,000755	3,031873	1,578948	2,037449	-0,124485	-0,124485	0,000000	1,560476	1,356091	0,200162
125,000000	7,468059	7,500975	0,369162	0,092955	1,042507	-9455,209557	-9870,299272	-2984,612956	-8289,707296	-8909,776822	7,990022	20,488938	22,075411	22,817927	28,466563	23,313819	23,582345	-2,908288	1,269585	0,963235	218313,978803	-0,201351	0,000577	3,284263	1,580587	2,039999	-0,124482	-0,124483	0,000000	1,561363	1,363113	0,200275
125,200000	7,468083	7,500637	0,367615	0,092430	1,034895	-10487,922513	-10667,294975	-2984,692486	-9254,418747	-9874,488273	7,988308	20,493614	22,067655	22,815864	28,475210	23,309927	23,592541	-2,908230	1,270080	0,962626	217622,981775	-0,201690	0,000276	3,384200	1,581890	2,041491	-0,124483	-0,124480	0,000000	1,561566	1,365775	0,200301
125,400000	7,468308	7,500103	0,368391	0,091472	1,038843	-11575,799187	-11046,246010	-2985,285483	-10382,475914	-11002,545440	7,986988	20,482464	22,063737	22,814385	28,479063	23,311933	23,603084	-2,908141	1,268667	0,962128	216182,211729	-0,202140	7,555235E-5	3,160109	1,582358	2,040551	-0,124487	-0,124481	0,000000	1,561081	1,365343	0,200239
125,600000	7,468336	7,499667	0,374697	0,091079	1,051618	-12361,099131	-11034,730532	-2985,459660	-11306,303628	-11926,373154	7,985998	20,484001	22,061362	22,813752	28,478473	23,318248	23,605857	-2,907981	1,267415	0,962295	215022,863055	-0,202230	0,000154	2,958944	1,582911	2,039412	-0,124486	-0,124482	0,000000	1,561148	1,359483	0,200248
125,800000	7,467846	7,499299	0,392749	0,090716	1,063234	-12865,648245	-10955,670065	-2984,936023	-11911,715264	-12531,784790	7,984572	20,495296	22,060185	22,813948	28,478601	23,319747	23,601370	-2,907974	1,267660	0,962725	214339,235176	-0,201812	0,000374	3,006354	1,583541	2,038313	-0,124483	-0,124481	0,000000	1,561639	1,342330	0,200311
126,000000	7,467144	7,498691	0,416229	0,090963	1,075175	-13228,026085	-10928,457689	-2984,658940	-12260,080650	-12880,150177	7,982867	20,495327	22,061922	22,815200	28,476115	23,308852	23,597714	-2,908121	1,267455	0,962754	213799,852631	-0,201453	0,000567	3,098531	1,583134	2,037369	-0,124485	-0,124478	0,000000	1,561641	1,319616	0,200311
126,200000	7,467033	7,497971	0,438915	0,091449	1,087626	-13415,425742	-10932,526258	-2984,859218	-12381,236805	-13001,306331	7,981611	20,494197	22,063712	22,815806	28,473972	23,297526	23,600372	-2,908201	1,267603	0,962566	213249,265868	-0,201554	0,000605	3,045817	1,580706	2,036911	-0,124488	-0,124473	0,000000	1,561592	1,296689	0,200305
126,400000	7,467286	7,497629	0,459995	0,090189	1,097744	-13297,297440	-10938,580891	-2985,342958	-12250,904867	-12870,974394	7,980605	20,508064	22,063485	22,815043	28,473891	23,296475	23,606888	-2,908312	1,267870	0,962851	212564,417253	-0,202180	0,000372	3,004437	1,577365	2,035313	-0,124486	-0,124470	0,000000	1,562195	1,275210	0,200382
126,600000	7,467125	7,497613	0,475293	0,088907	1,108621	-12999,466754	-10940,662223	-2985,661268	-11984,284293	-12604,353820	7,979327	20,523191	22,063866	22,814321	28,465390	23,302165	23,611051	-2,908515	1,266629	0,963073	212457,749082	-0,202754	0,000266	3,037569	1,575547	2,033771	-0,124477	-0,124472	0,000000	1,562854	1,260491	0,200467
126,800000	7,466498	7,497415	0,479643	0,089909	1,117849	-12730,983086	-10940,824567	-2985,456977	-11708,177151	-12328,246678	7,977671	20,525603	22,067639	22,815344	28,453326	23,313321	23,610432	-2,908614	1,266093	0,962684	213419,975215	-0,202732	0,000535	3,038856	1,575973	2,034204	-0,124473	-0,124480	0,000000	1,562959	1,257040	0,200480
127,000000	7,465782	7,496949	0,476696	0,091693	1,125556	-12521,459635	-10941,396838	-2985,272200	-11403,435494	-12023,505021	7,976062	20,525654	22,073375	22,816949	28,452182	23,323918	23,605300	-2,908587	1,266976	0,962418	214629,610597	-0,202563	0,000640	3,074371	1,578114	2,036235	-0,124478	-0,124487	0,000000	1,562961	1,261179	0,200480
127,200000	7,465369	7,496683	0,470247	0,092722	1,136299	-12414,500058	-10941,811646	-2985,374326	-11154,373428	-11774,442955	7,974974	20,517653	22,075052	22,815675	28,459226	23,325014	23,596686	-2,908618	1,267585	0,962035	215652,022709	-0,202208	0,000499	3,205833	1,580877	2,038075	-0,124482	-0,124488	0,000000	1,562613	1,268926	0,200436
127,400000	7,465102	7,496526	0,461297	0,092898	1,143607	-12427,507291	-10941,590946	-2984,970867	-11121,692468	-11741,761994	7,973863	20,483527	22,072712	22,814371	28,465812	23,320466	23,589611	-2,908633	1,268954	0,961575	216694,123870	-0,201166	0,000442	3,259889	1,582772	2,038245	-0,124479	-0,124482	0,000000	1,561127	1,278243	0,200245
127,600000	7,464893	7,496204	0,455447	0,092067	1,144116	-12429,635009	-10941,495849	-2984,171023	-11187,014729	-11807,084256	7,972361	20,445727	22,072614	22,815763	28,467838	23,317622	23,586947	-2,908542	1,269850	0,961893	217178,588706	-0,199632	0,000568	3,176922	1,583241	2,037644	-0,124476	-0,124478	0,000000	1,559480	1,283716	0,200034
127,800000	7,464661	7,496000	0,457056	0,091306	1,145181	-12250,110699	-10941,506427	-2984,185890	-11028,993708	-11649,063234	7,971086	20,423323	22,076389	22,817797	28,464284	23,318270	23,585578	-2,908614	1,268408	0,962385	216830,085321	-0,199339	0,000782	3,048557	1,583364	2,036904	-0,124473	-0,124480	0,000000	1,558503	1,282342	0,199909
128,000000	7,463974	7,495976	0,461915	0,091601	1,148257	-11740,361916	-10888,014450	-2984,935488	-10485,638380	-11105,707906	7,970065	20,413081	22,077157	22,818683	28,462294	23,319477	23,585733	-2,908715	1,266617	0,962019	216347,031903	-0,200955	0,000778	2,901789	1,584390	2,036998	-0,124474	-0,124486	0,000000	1,558057	1,278891	0,199851
128,200000	7,463288	7,496092	0,460622	0,092245	1,152851	-10884,258007	-10587,939163	-2985,748940	-9632,867100	-10252,936626	7,968758	20,409690	22,069473	22,819426	28,468889	23,318589	23,590447	-2,908490	1,265431	0,961352	216403,648866	-0,202783	0,000590	2,899131	1,585894	2,038833	-0,124485	-0,124491	0,000000	1,557909	1,281280	0,199832
128,400000	7,463145	7,496167	0,456497	0,092413	1,159559	-9978,810801	-10010,052853	-2986,130066	-8737,830914	-9357,900440	7,967072	20,390244	22,057455	22,818734	28,479761	23,315037	23,597146	-2,908102	1,265327	0,961086	216949,114699	-0,202981	0,000546	3,021533	1,587309	2,040884	-0,124495	-0,124489	0,000000	1,557060	1,286119	0,199723
128,600000	7,463583	7,495688	0,459323	0,091662	1,162364	-9378,355982	-9478,392352	-2985,671357	-8106,178885	-8726,248411	7,965342	20,354262	22,048148	22,814077	28,486145	23,310425	23,603569	-2,907893	1,266677	0,961199	217348,114125	-0,201943	0,000629	2,993684	1,588765	2,040577	-0,124497	-0,124481	0,000000	1,555490	1,284779	0,199522
128,800000	7,464116	7,494758	0,455714	0,090640	1,162376	-9097,083485	-9176,601467	-2985,048722	-7779,262151	-8399,331678	7,964102	20,333818	22,047197	22,810895	28,482854	23,306313	23,607898	-2,907901	1,268151	0,961579	217405,065547	-0,201565	0,000565	2,876783	1,589502	2,038105	-0,124495	-0,124475	0,000000	1,554597	1,288422	0,199407
129,000000	7,463986	7,493912	0,434676	0,090309	1,169107	-8939,452022	-9043,638851	-2984,764417	-7609,465117	-8229,534643	7,963195	20,337513	22,056298	22,813237	28,472156	23,303496	23,604866	-2,908078	1,268898	0,961933	217359,743741	-0,201780	0,000430	2,961473	1,589070	2,036573	-0,124491	-0,124475	0,000000	1,554758	1,306781	0,199428
129,200000	7,463318	7,493591	0,415391	0,090494	1,182085	-8810,657237	-9106,342732	-2984,592018	-7569,151634	-8189,221161	7,961717	20,338223	22,068335	22,817295	28,463732	23,304622	23,597903	-2,908349	1,268859	0,962293	216715,623133	-0,201980	0,000405	3,130746	1,588386	2,036312	-0,124484	-0,124480	0,000000	1,554789	1,323917	0,199432
129,400000	7,462711	7,493747	0,415234	0,091302	1,191454	-8826,007629	-9424,374932	-2984,634823	-7745,644988	-8365,714514	7,959854	20,318088	22,072408	22,818344	28,465862	23,306498	23,598655	-2,908414	1,268274	0,962725	215266,115138	-0,202064	0,000521	3,040556	1,587740	2,035480	-0,124479	-0,124488	0,000000	1,553909	1,323554	0,199319
129,600000	7,462519	7,493719	0,430488	0,092309	1,192970	-9238,428852	-10000,214453	-2984,952721	-8215,510685	-8835,580211	7,958431	20,288015	22,067830	22,816839	28,473515	23,308630	23,608037	-2,908228	1,267580	0,962760	214126,743753	-0,201883	0,000715	2,809995	1,586711	2,034358	-0,124477	-0,124490	0,000000	1,552595	1,308622	0,199151
129,800000	7,462486	7,493530	0,450011	0,091588	1,188586	-10182,331111	-10640,911884	-2985,064610	-9001,514356	-9621,583883	7,957298	20,260622	22,063723	22,815323	28,476303	23,314203	23,613077	-2,908122	1,267558	0,962625	213677,337454	-0,201415	0,000678	2,797394	1,585228	2,034239	-0,124476	-0,124488	0,000000	1,551397	1,289779	0,198997
130,000000	7,462230	7,493457	0,471314	0,090208	1,187017	-11424,416121	-10991,089842	-2984,866625	-9999,203971	-10619,273497	7,956026	20,250273	22,066069	22,814148	28,472926	23,318572	23,607306	-2,908189	1,268107	0,963217	213420,189111	-0,201384	0,000466	2,972382	1,583541	2,035039	-0,124477	-0,124487	0,000000	1,550944	1,269724	0,198939
130,200000	7,461943	7,493104	0,493568	0,090869	1,196617	-12535,481503	-11018,114378	-2984,656887	-11008,267491	-11628,337017	7,954720	20,258639	22,072446	22,814098	28,466747	23,321126	23,595579	-2,908263	1,268445	0,963634	212825,115912	-0,201803	0,000413	3,071836	1,582499	2,036135	-0,124478	-0,124483	0,000000	1,551310	1,249896	0,198986
130,400000	7,461597	7,492665	0,514592	0,092146	1,212270	-13332,361887	-10959,124055	-2984,426998	-11880,506883	-12500,576410	7,953616	20,266728	22,076730	22,815538	28,462939	23,324543	23,584195	-2,908391	1,268589	0,962886	211776,832703	-0,201706	0,000399	3,032898	1,582034	2,037136	-0,124481	-0,124481	0,000000	1,551664	1,232091	0,199031
130,600000	7,461114	7,492526	0,537468	0,092052	1,222793	-13905,475447	-10931,872824	-2984,336742	-12548,351756	-13168,421282	7,952611	20,260194	22,076312	22,816938	28,463111	23,323182	23,580814	-2,908586	1,269073	0,962033	210816,464268	-0,201193	0,000211	3,023449	1,581557	2,038395	-0,124484	-0,124480	0,000000	1,551378	1,213360	0,198995
130,800000	7,460747	7,492451	0,554081	0,091868	1,228636	-14321,502907	-10933,507240	-2984,686404	-12987,803886	-13607,873412	7,951362	20,242925	22,072370	22,817248	28,464581	23,317092	23,587634	-2,908557	1,268574	0,961580	209959,029922	-0,201175	7,680636E-5	3,126461	1,581055	2,039648	-0,124483	-0,124479	0,000000	1,550622	1,199997	0,198898
131,000000	7,460611	7,492284	0,554775	0,091992	1,241167	-14571,728590	-10940,182753	-2985,340123	-13261,255372	-13881,324898	7,949762	20,234628	22,067144	22,816269	28,469463	23,317124	23,595379	-2,908342	1,266861	0,961247	209302,887268	-0,201801	0,000246	3,199869	1,580236	2,039538	-0,124478	-0,124480	0,000000	1,550259	1,198840	0,198851
131,200000	7,460458	7,492121	0,551666	0,091207	1,254322	-14684,634383	-10943,007806	-2985,878631	-13483,706059	-14103,775585	7,948224	20,239445	22,063781	22,815428	28,477169	23,322544	23,596406	-2,908320	1,266157	0,961575	209741,799883	-0,202325	0,000449	3,173332	1,579433	2,038744	-0,124476	-0,124485	0,000000	1,550470	1,200643	0,198878
131,400000	7,459926	7,491918	0,558932	0,090438	1,254748	-14697,460455	-10943,348430	-2986,222099	-13653,939016	-14274,008543	7,947075	20,241863	22,062041	22,816095	28,483781	23,322014	23,594121	-2,908413	1,266376	0,962297	211176,594734	-0,203034	0,000544	3,104675	1,579501	2,039041	-0,124485	-0,124491	0,000000	1,550576	1,195090	0,198892
131,600000	7,459157	7,491425	0,568714	0,090684	1,252132	-14525,590798	-10942,398748	-2986,349235	-13604,974183	-14225,043709	7,945942	20,237530	22,060765	22,816739	28,490163	23,313760	23,594452	-2,908325	1,266566	0,962667	212168,389626	-0,203771	0,000694	3,073577	1,580223	2,040406	-0,124496	-0,124487	0,000000	1,550386	1,188132	0,198867
131,800000	7,458671	7,490959	0,564768	0,090495	1,251392	-13998,588569	-10940,245837	-2986,052694	-13176,297518	-13796,367044	7,944581	20,217972	22,060225	22,816500	28,492880	23,302646	23,598371	-2,908092	1,266508	0,962556	212267,321640	-0,203381	0,000680	3,123411	1,581467	2,040380	-0,124499	-0,124475	0,000000	1,549530	1,192013	0,198757
132,000000	7,458896	7,490762	0,548764	0,088930	1,238732	-13046,606454	-10938,611541	-2985,489031	-12327,554595	-12947,624122	7,942990	20,178398	22,056534	22,814484	28,489033	23,294325	23,604278	-2,907898	1,266415	0,962325	212197,947120	-0,202552	0,000577	3,130038	1,583706	2,037277	-0,124493	-0,124466	0,000000	1,547796	1,206006	0,198535
132,200000	7,459608	7,490287	0,534665	0,087727	1,217022	-11746,562680	-10848,909177	-2985,084030	-11090,019916	-11710,089442	7,941375	20,147286	22,053253	22,811735	28,480591	23,297064	23,609465	-2,908019	1,266927	0,962535	212845,556647	-0,201978	0,000691	2,999457	1,586102	2,034298	-0,124481	-0,124460	0,000000	1,546432	1,218841	0,198360
132,400000	7,459564	7,489557	0,522687	0,088267	1,198674	-10325,673216	-10405,115931	-2985,080076	-9631,112825	-10251,182351	7,940222	20,144539	22,057393	22,813065	28,472565	23,309675	23,609927	-2,908382	1,267789	0,962755	214239,918814	-0,201630	0,000875	2,858962	1,587685	2,033818	-0,124473	-0,124463	0,000000	1,546311	1,229515	0,198345
132,600000	7,458647	7,489245	0,498073	0,089652	1,186407	-9106,446555	-9579,585914	-2985,347561	-8317,041874	-8937,111400	7,939212	20,156473	22,064780	22,816293	28,471400	23,320528	23,605757	-2,908625	1,267491	0,963034	215484,072984	-0,202204	0,000829	2,816288	1,588506	2,034357	-0,124475	-0,124475	0,000000	1,546834	1,250306	0,198412
132,800000	7,458173	7,489329	0,459245	0,090476	1,179436	-8343,999733	-8896,994851	-2985,404736	-7500,511290	-8120,580817	7,937881	20,163495	22,069633	22,815386	28,473470	23,322816	23,600665	-2,908554	1,266775	0,963097	216531,959276	-0,203089	0,000473	2,896403	1,588507	2,036225	-0,124480	-0,124488	0,000000	1,547142	1,283616	0,198451
133,000000	7,458002	7,489213	0,419823	0,090630	1,170540	-8232,483283	-8930,637648	-2985,198649	-7357,400451	-7977,469977	7,936369	20,177775	22,070324	22,812734	28,475107	23,319864	23,597022	-2,908201	1,267268	0,962302	217367,821191	-0,203297	0,000233	3,084573	1,587105	2,038362	-0,124484	-0,124494	0,000000	1,547768	1,318108	0,198532
133,200000	7,457706	7,488767	0,392502	0,091132	1,157978	-8824,440486	-9729,528698	-2984,925112	-7925,534919	-8545,604445	7,935005	20,216524	22,071100	22,811667	28,474420	23,318781	23,594283	-2,908170	1,268378	0,961943	217010,914480	-0,202618	0,000505	3,233888	1,584225	2,037797	-0,124485	-0,124488	0,000000	1,549466	1,341471	0,198749
133,400000	7,457194	7,488052	0,392257	0,091765	1,145401	-9851,070114	-10656,014240	-2984,621310	-8996,096281	-9616,165807	7,933916	20,252973	22,076546	22,812867	28,468693	23,320132	23,590733	-2,908573	1,269183	0,962491	215548,196084	-0,201391	0,000832	3,296261	1,581491	2,035868	-0,124481	-0,124477	0,000000	1,551062	1,339248	0,198954
133,600000	7,456237	7,487423	0,421757	0,091743	1,128842	-10849,421123	-11064,563565	-2984,634809	-10108,291924	-10728,361450	7,932868	20,271124	22,082752	22,818319	28,463711	23,321217	23,587849	-2,908726	1,269004	0,962654	214111,523506	-0,201264	0,000761	3,300714	1,580447	2,036100	-0,124479	-0,124474	0,000000	1,551856	1,310440	0,199056
133,800000	7,455611	7,487388	0,458774	0,091400	1,109492	-11486,875464	-11041,400330	-2985,007276	-10905,138400	-11525,207926	7,931436	20,282647	22,083585	22,823203	28,467891	23,321504	23,588003	-2,908514	1,268511	0,961852	212760,505801	-0,201926	0,000482	3,203083	1,581073	2,038639	-0,124481	-0,124477	0,000000	1,552360	1,277670	0,199121
134,000000	7,455553	7,487844	0,479180	0,091132	1,094686	-11768,831845	-10953,717043	-2985,353699	-11339,228082	-11959,297608	7,929702	20,277762	22,074916	22,821145	28,479463	23,318928	23,592973	-2,908335	1,267753	0,960684	211494,271941	-0,201870	0,000203	3,177157	1,582780	2,041223	-0,124483	-0,124481	0,000000	1,552146	1,261523	0,199093
134,200000	7,455701	7,488214	0,475476	0,090994	1,086467	-11909,077129	-10926,659044	-2985,679922	-11534,600132	-12154,669658	7,928209	20,283855	22,061105	22,815681	28,490433	23,313420	23,603635	-2,908377	1,266061	0,960431	210307,538749	-0,201873	6,184318E-5	3,226190	1,584550	2,041960	-0,124483	-0,124483	0,000000	1,552413	1,266230	0,199127
134,400000	7,456006	7,488011	0,455132	0,090802	1,083215	-12057,336805	-10934,926693	-2985,856230	-11624,052728	-12244,122255	7,926991	20,344351	22,053616	22,812687	28,494122	23,309111	23,609887	-2,908412	1,265305	0,961676	208918,323269	-0,202341	0,000130	3,179459	1,585600	2,040770	-0,124487	-0,124480	0,000000	1,555057	1,284790	0,199466
134,600000	7,456184	7,487436	0,439059	0,090162	1,085479	-12238,068361	-10943,300224	-2985,606404	-11698,113786	-12318,183312	7,925809	20,412322	22,056126	22,812822	28,489194	23,307338	23,602839	-2,908268	1,266302	0,963207	208404,965905	-0,203073	0,000305	3,116784	1,586079	2,038760	-0,124491	-0,124477	0,000000	1,558024	1,299428	0,199847
134,800000	7,455851	7,486676	0,436212	0,089685	1,092844	-12306,644361	-10944,056615	-2985,034991	-11700,660383	-12320,729910	7,924463	20,432620	22,062510	22,814437	28,484015	23,305690	23,594109	-2,908088	1,267621	0,963425	209401,947396	-0,203559	0,000428	3,008134	1,586598	2,036475	-0,124492	-0,124482	0,000000	1,558909	1,302285	0,199961
135,000000	7,455202	7,485977	0,429167	0,089933	1,099751	-11991,831169	-10941,651264	-2984,639743	-11410,590332	-12030,659859	7,922983	20,419767	22,064934	22,815563	28,482343	23,302797	23,594520	-2,908001	1,268641	0,962989	210707,191643	-0,203256	0,000516	2,935295	1,587457	2,035324	-0,124495	-0,124482	0,000000	1,558348	1,309294	0,199889
135,200000	7,454957	7,485734	0,413718	0,089894	1,101771	-11290,207285	-10924,654136	-2984,811006	-10738,230864	-11358,300390	7,921716	20,404069	22,062613	22,814985	28,479165	23,299558	23,601612	-2,908079	1,268905	0,962993	211413,722193	-0,202910	0,000546	3,016483	1,587807	2,035659	-0,124495	-0,124477	0,000000	1,557664	1,323850	0,199801
135,400000	7,454867	7,485732	0,402212	0,089182	1,102669	-10396,561843	-10680,843630	-2985,125719	-9816,238498	-10436,308025	7,920618	20,433609	22,060290	22,814375	28,474926	23,300020	23,610979	-2,908284	1,268007	0,962600	211709,596291	-0,202432	0,000376	3,124355	1,587246	2,035848	-0,124487	-0,124475	0,000000	1,558952	1,334230	0,199966
135,600000	7,454496	7,485654	0,391379	0,089128	1,100696	-9396,535768	-9930,376142	-2985,407450	-8777,454590	-9397,524116	7,919399	20,525940	22,060288	22,814113	28,473200	23,308030	23,616694	-2,908404	1,266911	0,961916	211890,756494	-0,202165	0,000255	3,159460	1,586685	2,035293	-0,124481	-0,124477	0,000000	1,562973	1,344129	0,200482
135,800000	7,454115	7,485297	0,373223	0,090049	1,089074	-8440,970793	-8841,457862	-2985,723195	-7733,973829	-8354,043355	7,918040	20,605801	22,064924	22,813492	28,471665	23,320920	23,612774	-2,908492	1,266618	0,961795	212123,132847	-0,202527	0,000298	3,146894	1,585753	2,035349	-0,124481	-0,124479	0,000000	1,566445	1,361046	0,200927
136,000000	7,453540	7,484795	0,360067	0,091085	1,073237	-7787,027083	-7987,284892	-2985,789622	-6902,879513	-7522,949039	7,916603	20,632963	22,073940	22,814290	28,469049	23,328283	23,600430	-2,908587	1,266889	0,961905	212376,916900	-0,202718	0,000259	3,203282	1,582834	2,036193	-0,124483	-0,124485	0,000000	1,567625	1,371590	0,201079
136,200000	7,452958	7,484604	0,361071	0,092452	1,059133	-7682,115538	-7894,944223	-2985,593869	-6602,848565	-7222,918091	7,915102	20,638140	22,079558	22,816031	28,464745	23,324078	23,588865	-2,908465	1,267363	0,961876	212482,770892	-0,202911	0,000268	3,276359	1,579182	2,037307	-0,124487	-0,124490	0,000000	1,567850	1,367356	0,201107
136,400000	7,452651	7,484535	0,367871	0,093012	1,049995	-8261,085736	-8720,045852	-2985,187978	-7049,054394	-7669,123920	7,913665	20,639548	22,077534	22,816048	28,463171	23,315517	23,585108	-2,908214	1,268159	0,962275	212472,471171	-0,202876	0,000477	3,263885	1,577704	2,038631	-0,124487	-0,124485	0,000000	1,567911	1,359265	0,201115
136,600000	7,452514	7,484404	0,381767	0,091120	1,053035	-9366,551686	-9995,556159	-2984,685667	-8124,439288	-8744,508814	7,912299	20,658231	22,072575	22,814819	28,468895	23,311525	23,586837	-2,908223	1,268706	0,963045	212084,199227	-0,202104	0,000655	3,160967	1,578120	2,038453	-0,124477	-0,124478	0,000000	1,568722	1,345955	0,201219
136,800000	7,452460	7,484363	0,401656	0,089198	1,062723	-10620,396802	-10891,500273	-2984,495502	-9430,188182	-10050,257708	7,910743	20,694151	22,069590	22,814967	28,471405	23,314493	23,589801	-2,908574	1,268017	0,963120	210941,573913	-0,201557	0,000620	3,119487	1,578665	2,037922	-0,124469	-0,124478	0,000000	1,570280	1,327311	0,201419
137,000000	7,452294	7,484302	0,420675	0,089913	1,069547	-11753,692141	-11108,109757	-2984,833674	-10611,703841	-11231,773367	7,909355	20,713666	22,067763	22,818330	28,469273	23,320261	23,592091	-2,908780	1,266972	0,962510	209698,000882	-0,202155	0,000508	3,310205	1,578631	2,039074	-0,124474	-0,124485	0,000000	1,571126	1,309472	0,201528
137,200000	7,452085	7,484108	0,443264	0,092003	1,079077	-12683,181287	-11013,449679	-2985,366885	-11550,835587	-12170,905114	7,908412	20,715816	22,063995	22,821043	28,473835	23,321784	23,593135	-2,908429	1,266666	0,961960	209195,746794	-0,203386	0,000283	3,502861	1,578051	2,040944	-0,124487	-0,124496	0,000000	1,571219	1,288473	0,201540
137,400000	7,452001	7,483779	0,467849	0,092839	1,093278	-13378,493243	-10936,657675	-2985,604677	-12250,401530	-12870,471056	7,907445	20,712370	22,056068	22,817465	28,484533	23,315634	23,595091	-2,907852	1,266580	0,961912	209238,682432	-0,203789	1,957073E-5	3,500209	1,577806	2,042177	-0,124497	-0,124499	0,000000	1,571070	1,266698	0,201520
137,600000	7,452090	7,483335	0,485746	0,091735	1,108925	-13762,170810	-10926,305157	-2985,646844	-12659,148299	-13279,217826	7,906273	20,705069	22,046829	22,812485	28,489987	23,305885	23,598846	-2,907583	1,266302	0,962339	209336,870527	-0,203494	0,000165	3,419634	1,578298	2,041439	-0,124496	-0,124487	0,000000	1,570753	1,251802	0,201480
137,800000	7,452008	7,482771	0,497658	0,090354	1,126360	-13738,641512	-10936,577113	-2985,481475	-12704,108753	-13324,178279	7,904906	20,698258	22,045358	22,811804	28,483712	23,301520	23,603920	-2,907799	1,266185	0,963011	209345,341083	-0,202853	0,000596	3,285075	1,579268	2,038494	-0,124489	-0,124471	0,000000	1,570458	1,242500	0,201442
138,000000	7,451403	7,482336	0,509216	0,089941	1,139517	-13447,335863	-10941,509621	-2985,065007	-12485,920664	-13105,990190	7,903373	20,687271	22,052877	22,813626	28,470278	23,305894	23,606943	-2,908416	1,266242	0,963399	209376,479433	-0,201591	0,000902	3,124505	1,580924	2,035467	-0,124482	-0,124467	0,000000	1,569981	1,234147	0,201381
138,200000	7,450556	7,482108	0,515745	0,090275	1,142677	-13197,589361	-10940,775087	-2984,997434	-12229,855608	-12849,925134	7,901972	20,676089	22,060220	22,815745	28,462572	23,313296	23,606342	-2,908793	1,266806	0,962779	210012,380748	-0,201220	0,000881	3,073031	1,582553	2,034646	-0,124480	-0,124472	0,000000	1,569496	1,230021	0,201319
138,400000	7,450131	7,481983	0,504921	0,090724	1,142971	-13094,097787	-10940,250411	-2985,517954	-12057,012327	-12677,081853	7,900719	20,674052	22,062213	22,817390	28,467320	23,316986	23,606874	-2,908603	1,267534	0,962070	211299,445294	-0,202354	0,000424	3,121591	1,582426	2,035536	-0,124484	-0,124481	0,000000	1,569408	1,238766	0,201307
138,600000	7,450162	7,482023	0,477818	0,090459	1,148893	-13043,735786	-10941,203273	-2986,037901	-11979,896811	-12599,966337	7,899267	20,677379	22,059663	22,816231	28,476965	23,315749	23,606974	-2,908238	1,267070	0,962216	212467,266143	-0,203585	4,258258E-5	3,149585	1,580746	2,036224	-0,124488	-0,124489	0,000000	1,569552	1,260207	0,201326
138,800000	7,450087	7,481887	0,448279	0,089958	1,157610	-12872,827797	-10941,399073	-2985,984216	-11897,945524	-12518,015050	7,897821	20,669343	22,057575	22,810968	28,480328	23,314824	23,604966	-2,908061	1,266534	0,962425	213491,550906	-0,203825	0,000204	3,182263	1,579367	2,035773	-0,124490	-0,124489	0,000000	1,569204	1,284817	0,201281
139,000000	7,449814	7,481317	0,429681	0,090202	1,158494	-12360,335593	-10941,221237	-2985,486636	-11543,312903	-12163,382429	7,896578	20,627833	22,062146	22,808463	28,471840	23,317160	23,602430	-2,908137	1,267051	0,962872	214364,875404	-0,203373	0,000690	3,265230	1,578857	2,035090	-0,124491	-0,124481	0,000000	1,567402	1,301003	0,201050
139,200000	7,449366	7,480513	0,431952	0,090610	1,148458	-11452,782322	-10881,554237	-2984,953214	-10742,512690	-11362,582216	7,895282	20,567824	22,072649	22,812500	28,460064	23,320565	23,594705	-2,908329	1,267627	0,963304	214627,121728	-0,202467	0,001065	3,257783	1,579077	2,035776	-0,124489	-0,124477	0,000000	1,564795	1,298927	0,200716
139,400000	7,448555	7,479968	0,445626	0,090914	1,134885	-10425,199288	-10609,403217	-2984,542367	-9688,217285	-10308,286811	7,894004	20,530756	22,080446	22,817568	28,456193	23,323916	23,584359	-2,908550	1,268383	0,962593	214432,293786	-0,201316	0,000984	3,197702	1,580198	2,037564	-0,124485	-0,124479	0,000000	1,563183	1,287428	0,200509
139,600000	7,447726	7,480009	0,445920	0,092049	1,124414	-9698,778829	-10147,691711	-2984,450289	-8794,242852	-9414,312378	7,892937	20,514354	22,076500	22,819109	28,462342	23,323511	23,583990	-2,908543	1,268976	0,961856	214538,768423	-0,200806	0,000539	3,234553	1,581657	2,038876	-0,124480	-0,124483	0,000000	1,562469	1,288379	0,200417
139,800000	7,447406	7,480311	0,427155	0,093171	1,120135	-9379,399123	-9717,503699	-2984,788160	-8269,697606	-8889,767132	7,891671	20,506314	22,063058	22,817565	28,472056	23,318827	23,593913	-2,908289	1,268446	0,961948	215357,582755	-0,201052	0,000260	3,259161	1,582932	2,039490	-0,124478	-0,124485	0,000000	1,562119	1,306475	0,200372
140,000000	7,447623	7,480281	0,405936	0,092434	1,120293	-9287,833417	-9504,238649	-2985,178736	-8048,152678	-8668,222205	7,889801	20,503085	22,053194	22,815657	28,478530	23,316102	23,601790	-2,908181	1,267792	0,962144	216206,253117	-0,201538	0,000297	3,165545	1,584494	2,039787	-0,124480	-0,124485	0,000000	1,561979	1,327542	0,200354
140,200000	7,447866	7,479695	0,392171	0,091315	1,121412	-9409,767370	-9737,610122	-2985,423545	-8149,895947	-8769,965473	7,888041	20,481236	22,052456	22,814977	28,484116	23,316255	23,602336	-2,908178	1,267031	0,962484	215992,691064	-0,202153	0,000220	3,047358	1,585763	2,039467	-0,124482	-0,124486	0,000000	1,561027	1,341683	0,200232
140,400000	7,447730	7,479216	0,384197	0,091458	1,121270	-9848,744246	-10365,067636	-2985,532853	-8669,918106	-9289,987632	7,887123	20,446506	22,053904	22,814909	28,488192	23,315339	23,598147	-2,908046	1,266043	0,962917	214835,894280	-0,202248	0,000217	3,057105	1,585623	2,038972	-0,124481	-0,124486	0,000000	1,559514	1,349239	0,200038
140,600000	7,447444	7,479289	0,391551	0,091399	1,117337	-10526,190467	-10885,858963	-2985,404941	-9455,566394	-10075,635921	7,886370	20,428404	22,053255	22,815076	28,486852	23,310848	23,594988	-2,908052	1,266044	0,963186	213741,273844	-0,201719	0,000451	3,234115	1,584827	2,038747	-0,124484	-0,124479	0,000000	1,558725	1,341436	0,199937
140,800000	7,447399	7,479345	0,418404	0,090343	1,114171	-11053,394136	-11032,994938	-2985,056500	-10083,849077	-10703,918603	7,885069	20,424954	22,051144	22,815885	28,482921	23,302557	23,599494	-2,908325	1,266605	0,963442	212806,298890	-0,201643	0,000524	3,336176	1,584328	2,038377	-0,124486	-0,124471	0,000000	1,558575	1,315603	0,199918
141,000000	7,447463	7,478954	0,443834	0,089790	1,117921	-11086,998198	-10984,125366	-2984,931076	-10234,983502	-10855,053029	7,883548	20,415897	22,048772	22,816051	28,481081	23,297649	23,609968	-2,908500	1,266839	0,963333	211948,563186	-0,202009	0,000590	3,202688	1,584084	2,037613	-0,124484	-0,124468	0,000000	1,558180	1,292155	0,199867
141,200000	7,447172	7,478223	0,451694	0,090035	1,123242	-10752,684516	-10936,421759	-2985,358592	-9985,855885	-10605,925411	7,882161	20,401499	22,048734	22,814979	28,480018	23,304442	23,617790	-2,908470	1,266685	0,962866	211137,349133	-0,202441	0,000711	3,135431	1,583875	2,036245	-0,124483	-0,124468	0,000000	1,557552	1,284875	0,199786
141,400000	7,446749	7,477547	0,442510	0,089865	1,127737	-10448,617988	-10929,959973	-2985,808293	-9661,094538	-10281,164064	7,880841	20,388433	22,053283	22,813748	28,474042	23,317755	23,615074	-2,908500	1,266444	0,962407	210187,599140	-0,202564	0,000662	3,290424	1,583344	2,035446	-0,124483	-0,124474	0,000000	1,556981	1,292502	0,199713
141,600000	7,446459	7,477235	0,427683	0,090282	1,135155	-10493,956928	-10938,468134	-2985,781510	-9585,366527	-10205,436054	7,879420	20,373033	22,061298	22,814040	28,466369	23,327029	23,604684	-2,908545	1,266784	0,962475	209601,577247	-0,202469	0,000527	3,409358	1,582664	2,036548	-0,124481	-0,124486	0,000000	1,556309	1,305288	0,199627
141,800000	7,446116	7,477002	0,418163	0,091693	1,137936	-10899,481367	-10943,408901	-2985,673164	-9879,018874	-10499,088401	7,877934	20,360101	22,068549	22,815719	28,466694	23,328085	23,596167	-2,908476	1,267426	0,963368	209565,930053	-0,202933	0,000577	3,427250	1,582110	2,038147	-0,124484	-0,124488	0,000000	1,555745	1,313551	0,199555
142,000000	7,445300	7,476664	0,408764	0,092119	1,131063	-11423,784510	-10942,923591	-2985,722803	-10387,117541	-11007,187068	7,876563	20,353199	22,071861	22,816497	28,472952	23,322256	23,592646	-2,908494	1,267241	0,963915	209743,724501	-0,203160	0,000889	3,453363	1,581459	2,038024	-0,124488	-0,124483	0,000000	1,555443	1,321745	0,199516
142,200000	7,444212	7,476423	0,398974	0,091331	1,124402	-11835,952631	-10940,092493	-2985,608707	-10863,983418	-11484,052945	7,875552	20,349207	22,071045	22,814807	28,474517	23,316132	23,592724	-2,908614	1,266594	0,963233	210351,238304	-0,202557	0,000968	3,364986	1,580797	2,035851	-0,124486	-0,124483	0,000000	1,555269	1,330418	0,199494
142,400000	7,443787	7,476112	0,405413	0,090626	1,122285	-12015,572310	-10938,681669	-2985,413183	-11158,067387	-11778,136914	7,874423	20,337131	22,068499	22,813158	28,469514	23,316994	23,592988	-2,908655	1,266766	0,962537	211382,755190	-0,202618	0,000698	3,092631	1,580561	2,034713	-0,124482	-0,124488	0,000000	1,554742	1,324059	0,199426
142,600000	7,443840	7,475762	0,428000	0,091064	1,120449	-11983,300758	-10940,277714	-2985,061891	-11255,468471	-11875,537997	7,872713	20,301145	22,066712	22,815192	28,468828	23,322908	23,592080	-2,908572	1,267825	0,962712	212286,617393	-0,202618	0,000412	2,954402	1,580931	2,036618	-0,124478	-0,124490	0,000000	1,553169	1,303346	0,199224
142,800000	7,443665	7,475873	0,443261	0,092222	1,116877	-11777,352433	-10942,741166	-2984,700279	-11138,340599	-11758,410125	7,871222	20,260614	22,064032	22,817853	28,477053	23,326294	23,592081	-2,908421	1,268526	0,962393	213109,975810	-0,201729	0,000166	3,064219	1,581096	2,039935	-0,124478	-0,124492	0,000000	1,551396	1,289734	0,198997
143,000000	7,443635	7,476127	0,439148	0,092542	1,111570	-11363,694714	-10944,094215	-2984,793812	-10740,427933	-11360,497459	7,870221	20,248456	22,056447	22,817154	28,486654	23,323707	23,596339	-2,908242	1,268108	0,961675	213844,438993	-0,201250	2,339461E-5	3,159084	1,580299	2,042744	-0,124483	-0,124493	0,000000	1,550864	1,292853	0,198929
143,200000	7,444010	7,475918	0,424980	0,092223	1,106717	-10727,432882	-10831,152489	-2985,212394	-10076,285892	-10696,355418	7,868994	20,256401	22,047088	22,815068	28,489384	23,315804	23,601761	-2,908009	1,267855	0,962031	214140,037031	-0,201440	0,000155	3,115642	1,579396	2,043076	-0,124494	-0,124490	0,000000	1,551212	1,304956	0,198973
143,400000	7,444207	7,475338	0,416702	0,091809	1,101990	-9921,824897	-10378,294337	-2985,605200	-9232,785116	-9852,854642	7,867543	20,257312	22,045434	22,812379	28,485222	23,307113	23,602905	-2,907847	1,267468	0,962468	214128,069069	-0,202224	0,000413	2,985334	1,579822	2,040591	-0,124502	-0,124483	0,000000	1,551252	1,312841	0,198978
143,600000	7,444140	7,474629	0,421801	0,091007	1,091848	-9225,777256	-9676,065724	-2985,293948	-8406,269801	-9026,339327	7,866358	20,258488	22,052566	22,811162	28,481489	23,303813	23,602284	-2,907861	1,266748	0,962256	214186,872407	-0,202836	0,000484	2,928072	1,581291	2,037297	-0,124495	-0,124479	0,000000	1,551303	1,309227	0,198985
143,800000	7,443839	7,473981	0,430424	0,090150	1,080403	-8970,699721	-9204,450606	-2984,358784	-7875,573248	-8495,642775	7,865332	20,285098	22,060087	22,815492	28,480871	23,305769	23,601607	-2,908046	1,267828	0,961914	214517,089815	-0,202196	0,000421	2,987231	1,582709	2,035712	-0,124481	-0,124478	0,000000	1,552467	1,302376	0,199134
144,000000	7,443119	7,473765	0,433275	0,089548	1,080987	-9179,218194	-9302,366048	-2983,931278	-7818,033152	-8438,102678	7,864075	20,318025	22,060926	22,820025	28,482858	23,308595	23,601946	-2,908311	1,269236	0,961415	214870,630006	-0,200885	0,000343	3,105043	1,583955	2,036288	-0,124475	-0,124479	0,000000	1,553907	1,300764	0,199319
144,200000	7,442496	7,473904	0,434545	0,089393	1,102740	-9720,006810	-9929,656641	-2984,546981	-8250,700027	-8870,769553	7,862495	20,327405	22,055100	22,818340	28,484220	23,311033	23,606033	-2,908405	1,268443	0,961455	214734,729573	-0,200614	0,000284	3,255197	1,584713	2,037218	-0,124473	-0,124479	0,000000	1,554317	1,300268	0,199371
144,400000	7,442359	7,473785	0,432806	0,090159	1,136751	-10532,181505	-10661,348592	-2985,594205	-9067,842125	-9687,911651	7,860994	20,327705	22,049275	22,813172	28,482621	23,313304	23,612874	-2,908210	1,266894	0,962422	214152,406143	-0,202141	0,000322	3,300857	1,584963	2,037030	-0,124475	-0,124478	0,000000	1,554330	1,302051	0,199373
144,600000	7,442441	7,473199	0,426244	0,091220	1,161664	-11502,761729	-11021,199657	-2986,182983	-10023,759064	-10643,828590	7,859522	20,342411	22,051652	22,810321	28,477660	23,318205	23,613889	-2,908009	1,266456	0,963557	213291,526783	-0,204463	0,000419	3,226196	1,585277	2,035910	-0,124478	-0,124479	0,000000	1,554972	1,308203	0,199456
144,800000	7,442293	7,472458	0,428025	0,091334	1,176515	-12295,885957	-11026,990174	-2985,794596	-10770,220055	-11390,289582	7,858019	20,384242	22,062446	22,810937	28,469641	23,324268	23,600999	-2,908139	1,267263	0,963740	211847,992189	-0,205329	0,000451	3,189763	1,585498	2,035373	-0,124479	-0,124480	0,000000	1,556799	1,306601	0,199690
145,000000	7,441790	7,472041	0,442286	0,091461	1,192933	-12588,358867	-10958,577448	-2984,930145	-11084,205967	-11704,275494	7,856915	20,439679	22,071201	22,813006	28,464897	23,326522	23,584024	-2,908316	1,268550	0,962924	210293,618827	-0,204053	0,000487	3,183566	1,584987	2,035872	-0,124480	-0,124481	0,000000	1,559217	1,293165	0,200000
145,200000	7,441195	7,472081	0,453398	0,092427	1,209480	-12438,651994	-10931,776109	-2984,333377	-11039,763799	-11659,833325	7,855793	20,467952	22,071032	22,814982	28,466897	23,326048	23,577475	-2,908308	1,269400	0,962659	208886,422026	-0,201987	0,000485	3,134657	1,583095	2,037069	-0,124478	-0,124479	0,000000	1,560449	1,281749	0,200158
145,400000	7,440590	7,472345	0,460788	0,092464	1,219558	-12151,537524	-10935,471986	-2983,966850	-10879,798254	-11499,867780	7,854404	20,460575	22,066732	22,816228	28,473551	23,322987	23,582895	-2,908375	1,269402	0,962964	207330,130150	-0,200405	0,000324	3,121698	1,580519	2,038528	-0,124474	-0,124477	0,000000	1,560127	1,273248	0,200117
145,600000	7,440135	7,472692	0,480385	0,091452	1,219047	-11956,962886	-10941,990062	-2984,148976	-10780,347582	-11400,417108	7,853186	20,443627	22,062469	22,817232	28,480189	23,320005	23,593894	-2,908526	1,268592	0,962816	206785,578041	-0,200054	0,000270	3,082713	1,579039	2,039163	-0,124471	-0,124480	0,000000	1,559389	1,255285	0,200022
145,800000	7,439784	7,472865	0,509810	0,091461	1,212031	-12016,807503	-10942,964103	-2984,917494	-10871,769605	-11491,839131	7,851895	20,434375	22,058148	22,817992	28,481929	23,321446	23,601316	-2,908487	1,267492	0,962645	207931,500060	-0,200783	0,000356	2,990628	1,579381	2,038766	-0,124472	-0,124485	0,000000	1,558985	1,231105	0,199970
146,000000	7,439380	7,472588	0,533343	0,091958	1,207756	-12321,539114	-10942,632272	-2985,366480	-11194,652636	-11814,722163	7,850397	20,416969	22,054730	22,817658	28,482505	23,325277	23,600455	-2,908309	1,266780	0,962531	209381,340573	-0,201423	0,000361	3,027385	1,581141	2,039149	-0,124479	-0,124486	0,000000	1,558226	1,213518	0,199873
146,200000	7,439163	7,472153	0,540003	0,091768	1,204885	-12559,717456	-10942,964316	-2985,403542	-11517,303820	-12137,373347	7,849196	20,378694	22,051329	22,816527	28,485290	23,324376	23,595547	-2,908207	1,266672	0,962599	210178,227813	-0,201548	0,000319	3,102297	1,582910	2,039945	-0,124488	-0,124489	0,000000	1,556556	1,209573	0,199659
146,400000	7,439124	7,471742	0,528812	0,091677	1,195160	-12469,902335	-10942,315137	-2985,550634	-11582,405508	-12202,475034	7,848220	20,342957	22,048106	22,815840	28,486851	23,313555	23,594322	-2,908133	1,266822	0,962737	210636,610971	-0,201956	0,000325	3,093782	1,583063	2,039877	-0,124498	-0,124486	0,000000	1,554996	1,218499	0,199459
146,600000	7,439114	7,471288	0,511604	0,090771	1,180513	-12155,893398	-10940,604372	-2985,679740	-11431,399016	-12051,468543	7,847132	20,325843	22,046329	22,815110	28,485817	23,302299	23,599165	-2,908099	1,266938	0,962419	211027,872281	-0,202674	0,000577	3,047416	1,581921	2,039430	-0,124499	-0,124470	0,000000	1,554248	1,231420	0,199363
146,800000	7,439057	7,470958	0,497927	0,088676	1,171269	-11973,290296	-10938,703845	-2985,456324	-11304,245472	-11924,314998	7,845937	20,324643	22,046020	22,814883	28,480635	23,300907	23,606560	-2,908238	1,267141	0,962892	211451,258275	-0,202673	0,000847	3,034637	1,580850	2,037077	-0,124488	-0,124461	0,000000	1,554196	1,241758	0,199356
147,000000	7,439073	7,470655	0,487937	0,087974	1,169416	-12030,297758	-10937,063363	-2985,082055	-11273,126109	-11893,195635	7,844416	20,334718	22,049055	22,815934	28,472296	23,307510	23,610811	-2,908498	1,267173	0,964121	211872,866197	-0,201859	0,000666	3,159091	1,579457	2,034366	-0,124478	-0,124469	0,000000	1,554636	1,248914	0,199412
147,200000	7,439222	7,470086	0,483356	0,089435	1,171791	-11981,974919	-10936,477641	-2985,187985	-11107,231232	-11727,300759	7,842603	20,363804	22,054961	22,817205	28,468176	23,318565	23,609548	-2,908615	1,266809	0,964381	212419,530462	-0,201845	0,000234	3,240728	1,576893	2,034229	-0,124476	-0,124479	0,000000	1,555906	1,250632	0,199575
147,400000	7,438906	7,469485	0,482448	0,090851	1,173530	-11505,658457	-10898,851935	-2985,582961	-10573,244370	-11193,313897	7,841137	20,411200	22,058444	22,816977	28,472139	23,327184	23,605030	-2,908540	1,266622	0,963619	213200,331032	-0,202262	7,666961E-5	3,062427	1,574544	2,035061	-0,124477	-0,124484	0,000000	1,557975	1,249463	0,199841
147,600000	7,438220	7,469180	0,469866	0,090901	1,175522	-10539,160817	-10536,049168	-2985,884801	-9625,659239	-10245,728765	7,840222	20,442705	22,058139	22,814835	28,476595	23,326931	23,599787	-2,908460	1,266675	0,962774	213732,793665	-0,202114	0,000346	2,851063	1,573951	2,035624	-0,124480	-0,124483	0,000000	1,559348	1,259670	0,200017
147,800000	7,437849	7,469115	0,437608	0,090195	1,182103	-9256,523467	-9606,620344	-2986,122659	-8427,428119	-9047,497645	7,839329	20,443306	22,058492	22,813342	28,474236	23,321616	23,597053	-2,908267	1,266966	0,962707	213872,005364	-0,202239	0,000839	2,861909	1,574890	2,035519	-0,124484	-0,124475	0,000000	1,559375	1,288703	0,200020
148,000000	7,437559	7,468947	0,400857	0,089894	1,185120	-8021,885767	-8468,398338	-2985,981428	-7292,935247	-7913,004773	7,838076	20,442161	22,064265	22,813692	28,468689	23,319804	23,596655	-2,908220	1,267067	0,963281	213912,874380	-0,202180	0,001230	2,969083	1,576718	2,034799	-0,124485	-0,124468	0,000000	1,559325	1,324008	0,200014
148,200000	7,436956	7,468473	0,376537	0,090496	1,175069	-7250,981636	-7774,468476	-2985,277074	-6545,160714	-7165,230241	7,836713	20,457987	22,071849	22,815272	28,462693	23,323517	23,592944	-2,908599	1,267331	0,963337	214007,809115	-0,201488	0,001120	2,942679	1,577992	2,035088	-0,124482	-0,124473	0,000000	1,560014	1,348389	0,200102
148,400000	7,436247	7,468124	0,370404	0,091569	1,158418	-7285,267969	-8013,368184	-2984,906331	-6490,897348	-7110,966874	7,835444	20,450185	22,071775	22,817214	28,461010	23,327656	23,586357	-2,908760	1,268060	0,962896	214158,621738	-0,201631	0,000681	2,838956	1,577148	2,037169	-0,124476	-0,124482	0,000000	1,559674	1,353628	0,200059
148,600000	7,435755	7,468162	0,379760	0,092629	1,145197	-8107,302968	-9159,478074	-2985,217337	-7250,823724	-7870,893250	7,833790	20,395035	22,063294	22,818379	28,469519	23,328789	23,585308	-2,908489	1,268325	0,962284	213931,730968	-0,202408	0,000414	2,947159	1,575182	2,040280	-0,124472	-0,124486	0,000000	1,557269	1,342809	0,199750
148,800000	7,435600	7,468343	0,399836	0,092823	1,129576	-9319,843816	-10436,757583	-2985,459684	-8504,280584	-9124,350110	7,831865	20,342115	22,051467	22,817360	28,484241	23,326109	23,590398	-2,908181	1,268235	0,961582	212940,410425	-0,202576	0,000317	3,228801	1,573390	2,042095	-0,124476	-0,124487	0,000000	1,554959	1,322135	0,199454
149,000000	7,435889	7,468111	0,426537	0,092041	1,111595	-10463,398226	-11060,882953	-2985,585378	-9686,313509	-10306,383036	7,830673	20,323952	22,042422	22,813601	28,493348	23,319673	23,595039	-2,907997	1,267455	0,961747	211806,844920	-0,202903	0,000219	3,284858	1,570971	2,041229	-0,124485	-0,124488	0,000000	1,554166	1,295404	0,199352
149,200000	7,436212	7,467118	0,449532	0,090932	1,105671	-11239,942292	-11085,706397	-2985,725844	-10478,485548	-11098,555074	7,829776	20,333351	22,041955	22,811463	28,489944	23,312112	23,596752	-2,907947	1,266293	0,962848	211029,173380	-0,203820	0,000281	3,125131	1,568143	2,039364	-0,124491	-0,124485	0,000000	1,554576	1,272395	0,199405
149,400000	7,435994	7,466157	0,463833	0,090003	1,108286	-11599,664807	-10972,010744	-2985,730894	-10896,812071	-11516,881598	7,828263	20,347953	22,049286	22,813895	28,482617	23,308194	23,594906	-2,908061	1,266200	0,963518	210379,174990	-0,204291	0,000501	3,030095	1,567112	2,037942	-0,124494	-0,124485	0,000000	1,555214	1,258947	0,199487
149,600000	7,435488	7,465998	0,467916	0,089590	1,110405	-11674,964572	-10923,322738	-2985,519196	-11045,904487	-11665,974013	7,826840	20,342976	22,054910	22,816350	28,477746	23,308058	23,594509	-2,908310	1,267035	0,963642	209833,092626	-0,203640	0,000723	3,002988	1,568352	2,037174	-0,124493	-0,124482	0,000000	1,554997	1,256382	0,199459
149,800000	7,435174	7,466095	0,459156	0,089887	1,116650	-11702,798174	-10926,650268	-2985,227717	-11087,240802	-11707,310329	7,825832	20,328464	22,050855	22,815967	28,475835	23,307118	23,603386	-2,908388	1,267498	0,964057	209295,732777	-0,202566	0,000762	3,021902	1,569859	2,036972	-0,124488	-0,124475	0,000000	1,554363	1,265151	0,199377
150,000000	7,435233	7,465918	0,446939	0,090401	1,121249	-11843,417619	-10937,270233	-2985,356095	-11209,548381	-11829,617908	7,824676	20,327779	22,042713	22,814885	28,476066	23,307113	23,614552	-2,908243	1,267407	0,964076	208839,193097	-0,202233	0,000466	2,997470	1,570330	2,036734	-0,124482	-0,124470	0,000000	1,554333	1,276199	0,199374
150,200000	7,435317	7,465574	0,436561	0,089994	1,115379	-11961,765290	-10940,451692	-2985,632926	-11342,802063	-11962,871589	7,823298	20,336049	22,041272	22,814659	28,474891	23,312469	23,617575	-2,908193	1,267052	0,963597	209121,860092	-0,202381	0,000412	2,888871	1,569780	2,035887	-0,124479	-0,124473	0,000000	1,554694	1,284916	0,199420
150,400000	7,435074	7,465178	0,427224	0,089706	1,109845	-11799,542194	-10940,352921	-2985,506145	-11189,615334	-11809,684860	7,821849	20,344688	22,049525	22,814702	28,473821	23,321056	23,612260	-2,908386	1,266419	0,963345	210123,901095	-0,202626	0,000676	2,945346	1,569050	2,034960	-0,124481	-0,124482	0,000000	1,555072	1,292659	0,199468
150,600000	7,434603	7,464796	0,420830	0,090671	1,109319	-11276,606103	-10921,948112	-2985,454718	-10629,320303	-11249,389829	7,820394	20,368935	22,061277	22,814084	28,471197	23,327299	23,600860	-2,908577	1,265603	0,962692	211142,292608	-0,203472	0,000649	3,154772	1,569018	2,035219	-0,124482	-0,124490	0,000000	1,556130	1,298385	0,199604
150,800000	7,434114	7,464592	0,412350	0,091279	1,099707	-10496,278042	-10682,458379	-2985,290115	-9777,113774	-10397,183300	7,818933	20,414817	22,067782	22,813490	28,465152	23,327640	23,589917	-2,908526	1,265635	0,962101	212152,424340	-0,203501	0,000477	3,170857	1,570426	2,036030	-0,124476	-0,124493	0,000000	1,558132	1,307300	0,199861
151,000000	7,433589	7,464720	0,396126	0,091004	1,084118	-9562,987920	-9895,619591	-2984,651373	-8735,341296	-9355,410823	7,817540	20,453913	22,067247	22,813743	28,464126	23,322384	23,587462	-2,908401	1,267332	0,962002	213074,408147	-0,202124	0,000391	3,037914	1,574125	2,036146	-0,124470	-0,124488	0,000000	1,559837	1,325628	0,200080
151,200000	7,432988	7,464990	0,379784	0,091489	1,076426	-8579,968229	-8757,968371	-2984,388436	-7649,583407	-8269,652933	7,816452	20,467395	22,063083	22,814800	28,469400	23,318086	23,591502	-2,908352	1,268647	0,961911	213669,117954	-0,201811	0,000381	3,055695	1,578589	2,036749	-0,124474	-0,124481	0,000000	1,560424	1,345201	0,200155
151,400000	7,432639	7,464968	0,366505	0,091876	1,074017	-7858,315920	-8010,720117	-2984,564027	-6866,530764	-7486,600290	7,815311	20,470374	22,058351	22,815496	28,472346	23,321671	23,594312	-2,908400	1,268690	0,962304	214104,342778	-0,202390	0,000542	3,126156	1,580951	2,037811	-0,124477	-0,124478	0,000000	1,560554	1,360316	0,200172
151,600000	7,432367	7,464564	0,343349	0,091134	1,071313	-7792,845931	-8115,662411	-2984,715932	-6713,731582	-7333,801109	7,813926	20,478283	22,056614	22,815190	28,470748	23,327966	23,592731	-2,908593	1,268007	0,962384	214322,307879	-0,202294	0,000670	3,192355	1,580886	2,038851	-0,124475	-0,124482	0,000000	1,560899	1,383645	0,200216
151,800000	7,431859	7,464255	0,322655	0,091254	1,070150	-8435,634088	-9004,568746	-2985,026026	-7253,444378	-7873,513905	7,812711	20,488136	22,056936	22,815562	28,469678	23,328560	23,588312	-2,908582	1,266924	0,961905	214308,308402	-0,202384	0,000461	3,376201	1,579913	2,041265	-0,124477	-0,124490	0,000000	1,561328	1,404378	0,200271
152,000000	7,431542	7,464381	0,332601	0,092237	1,070273	-9438,151848	-10172,414447	-2985,149176	-8303,163416	-8923,232942	7,811487	20,480259	22,054213	22,816589	28,474491	23,322636	23,586377	-2,908078	1,267091	0,961857	214209,141357	-0,202585	8,683123E-5	3,479566	1,578887	2,043163	-0,124489	-0,124493	0,000000	1,560985	1,393025	0,200227
152,200000	7,431687	7,464524	0,360597	0,091826	1,067947	-10454,118421	-10928,614799	-2985,162685	-9551,971295	-10172,040822	7,810160	20,458591	22,048727	22,815382	28,482826	23,313592	23,591302	-2,907827	1,267513	0,962144	213765,752402	-0,202410	4,308725E-5	3,436406	1,578238	2,042174	-0,124496	-0,124485	0,000000	1,560041	1,363857	0,200106
152,400000	7,431873	7,464012	0,384040	0,090005	1,060227	-11383,880439	-11087,818608	-2985,363439	-10715,151914	-11335,221441	7,808853	20,444751	22,044487	22,812454	28,486637	23,306682	23,599730	-2,908159	1,266697	0,962267	212945,830259	-0,202322	0,000366	3,414868	1,578653	2,038891	-0,124490	-0,124474	0,000000	1,559438	1,341048	0,200028
152,600000	7,431726	7,463170	0,410781	0,088751	1,048788	-12253,945978	-10996,484986	-2985,452984	-11665,043689	-12285,113215	7,807395	20,438367	22,045049	22,812903	28,479787	23,306406	23,606126	-2,908406	1,266204	0,962572	212215,729354	-0,202585	0,000635	3,359401	1,579986	2,035772	-0,124482	-0,124471	0,000000	1,559159	1,316567	0,199993
152,800000	7,431320	7,462620	0,444564	0,088804	1,038922	-13072,153141	-10930,726586	-2985,476369	-12384,488131	-13004,557658	7,805787	20,436454	22,050890	22,816652	28,468737	23,311214	23,607232	-2,908432	1,266564	0,963477	211572,643928	-0,203124	0,000597	3,239312	1,581181	2,034889	-0,124479	-0,124472	0,000000	1,559076	1,286590	0,199982
153,000000	7,431011	7,462210	0,469958	0,089238	1,037276	-13671,638005	-10924,329602	-2985,399967	-12820,536780	-13440,606306	7,804341	20,452914	22,054723	22,817991	28,467614	23,315254	23,605730	-2,908447	1,266601	0,963884	210975,660743	-0,202938	0,000382	3,202292	1,581448	2,035785	-0,124478	-0,124476	0,000000	1,559793	1,264496	0,200074
153,200000	7,430954	7,461874	0,478582	0,089397	1,043060	-13865,778794	-10934,569128	-2985,313365	-12939,408328	-13559,477854	7,803207	20,512211	22,051730	22,815759	28,473479	23,314963	23,608119	-2,908434	1,266486	0,963429	210426,501838	-0,201919	0,000261	3,257001	1,580588	2,037525	-0,124483	-0,124479	0,000000	1,562376	1,256418	0,200405
153,400000	7,430778	7,461650	0,476124	0,089612	1,050615	-13800,782513	-10939,953507	-2985,681783	-12887,998839	-13508,068365	7,802024	20,590002	22,048548	22,813941	28,473192	23,313759	23,610396	-2,908389	1,266453	0,962989	209798,258198	-0,201905	0,000456	3,220012	1,579688	2,037715	-0,124488	-0,124478	0,000000	1,565759	1,257767	0,200839
153,600000	7,430226	7,461341	0,468296	0,090062	1,064686	-13761,084062	-10940,858331	-2986,206144	-12864,485451	-13484,554977	7,800597	20,632218	22,052579	22,813519	28,465517	23,316991	23,605774	-2,908415	1,266328	0,962940	209777,368528	-0,203276	0,000821	3,111403	1,579735	2,035938	-0,124489	-0,124477	0,000000	1,567593	1,264436	0,201074
153,800000	7,429468	7,460774	0,456819	0,090693	1,080622	-13798,139694	-10940,920125	-2985,796471	-12897,344841	-13517,414368	7,799223	20,640044	22,062836	22,814400	28,457187	23,322393	23,597422	-2,908536	1,267250	0,962747	210850,678268	-0,203663	0,000822	3,116552	1,579963	2,034898	-0,124486	-0,124480	0,000000	1,567932	1,274462	0,201118
154,000000	7,428561	7,460228	0,449324	0,091526	1,086485	-13730,717730	-10941,688029	-2984,816452	-12823,122761	-13443,192287	7,798039	20,641449	22,072354	22,818482	28,454648	23,326282	23,589207	-2,908739	1,268818	0,961990	212122,777404	-0,202615	0,000606	3,147223	1,579988	2,035593	-0,124484	-0,124483	0,000000	1,567993	1,280963	0,201126
154,200000	7,427812	7,460130	0,450686	0,091970	1,087043	-13379,258220	-10942,444040	-2984,380496	-12439,162823	-13059,232350	7,796805	20,640842	22,073165	22,821618	28,461231	23,327812	23,583890	-2,908832	1,269353	0,961452	213067,447981	-0,201638	0,000542	2,976299	1,580697	2,036956	-0,124483	-0,124485	0,000000	1,567967	1,280334	0,201122
154,400000	7,427763	7,460350	0,447745	0,091675	1,087170	-12676,814455	-10941,646062	-2984,348761	-11678,203107	-12298,272634	7,795377	20,630999	22,063167	22,819853	28,472096	23,326263	23,585412	-2,908642	1,269058	0,961820	213951,183277	-0,200980	0,000456	2,724751	1,582091	2,037887	-0,124480	-0,124492	0,000000	1,567540	1,284155	0,201068
154,600000	7,428176	7,460656	0,427625	0,091466	1,086555	-11642,290232	-10849,131949	-2984,791065	-10627,781237	-11247,850763	7,793986	20,620273	22,050698	22,816799	28,478640	23,322297	23,592372	-2,908319	1,267986	0,962324	214626,024838	-0,201363	0,000339	2,680231	1,583035	2,038475	-0,124479	-0,124497	0,000000	1,567074	1,303127	0,201008
154,800000	7,428399	7,460748	0,399286	0,091339	1,090302	-10486,500054	-10484,692413	-2985,619345	-9509,019536	-10129,089063	7,792761	20,620751	22,045284	22,815028	28,478741	23,319673	23,596777	-2,908047	1,266303	0,961929	215177,961510	-0,202945	0,000216	2,855979	1,582937	2,038824	-0,124483	-0,124492	0,000000	1,567095	1,329471	0,201011
155,000000	7,428212	7,460330	0,380452	0,090369	1,092285	-9611,541663	-9969,569507	-2985,693677	-8644,198951	-9264,268478	7,791648	20,634808	22,046690	22,814211	28,476524	23,317346	23,593437	-2,907958	1,266190	0,961429	215725,594408	-0,203398	0,000245	3,111401	1,581635	2,038831	-0,124489	-0,124482	0,000000	1,567705	1,346435	0,201089
155,200000	7,427812	7,459659	0,371078	0,089764	1,083417	-9331,107787	-9752,652393	-2984,958031	-8281,756056	-8901,825582	7,790629	20,652346	22,048495	22,814872	28,474806	23,311713	23,588299	-2,908033	1,267331	0,961562	216035,020915	-0,202406	0,000384	3,261248	1,579321	2,039032	-0,124492	-0,124478	0,000000	1,568466	1,353542	0,201186
155,400000	7,427460	7,459090	0,361943	0,090263	1,071289	-9588,125763	-10055,939416	-2984,818404	-8441,118223	-9061,187749	7,789255	20,651268	22,046130	22,815742	28,474656	23,307271	23,589943	-2,908026	1,267415	0,962025	216142,331536	-0,202532	0,000273	3,256015	1,576807	2,039539	-0,124493	-0,124477	0,000000	1,568419	1,360358	0,201180
155,600000	7,427556	7,458768	0,361371	0,089963	1,059997	-10086,023862	-10609,110993	-2985,202557	-8970,469304	-9590,538830	7,787524	20,632933	22,041499	22,814791	28,477249	23,305591	23,599013	-2,908051	1,267077	0,962462	215797,936450	-0,203264	0,000181	3,187137	1,575016	2,039375	-0,124490	-0,124476	0,000000	1,567624	1,359349	0,201078
155,800000	7,427934	7,458600	0,374545	0,088805	1,049851	-10633,649900	-10960,694186	-2984,983519	-9660,035201	-10280,104727	7,786124	20,619333	22,039737	22,813374	28,479525	23,306999	23,610251	-2,908195	1,267400	0,962151	214672,585892	-0,202759	0,000219	3,052016	1,574434	2,037837	-0,124480	-0,124472	0,000000	1,567033	1,345808	0,201003
156,000000	7,427865	7,458414	0,388591	0,088481	1,050039	-11151,517994	-11011,561011	-2984,798001	-10296,176203	-10916,245729	7,784964	20,622322	22,042272	22,813085	28,477126	23,315053	23,615448	-2,908190	1,267230	0,961687	213497,476271	-0,202432	0,000279	2,911321	1,574537	2,035166	-0,124471	-0,124471	0,000000	1,567163	1,332238	0,201019
156,200000	7,427140	7,458156	0,399207	0,089004	1,060718	-11535,832564	-10962,248627	-2985,290093	-10713,931744	-11334,001270	7,783709	20,640201	22,048017	22,813340	28,470383	23,324798	23,609984	-2,908263	1,266522	0,961938	213110,059221	-0,203382	0,000354	2,835280	1,574738	2,033502	-0,124470	-0,124475	0,000000	1,567939	1,322223	0,201119
156,400000	7,426082	7,457776	0,412268	0,090257	1,073270	-11709,134142	-10936,025385	-2985,698532	-10901,240222	-11521,309749	7,782533	20,660842	22,054249	22,814087	28,464125	23,326728	23,599852	-2,908477	1,266794	0,962502	213271,138955	-0,204155	0,000347	2,888001	1,575296	2,034015	-0,124477	-0,124484	0,000000	1,568835	1,310365	0,201234
156,600000	7,425444	7,457358	0,427004	0,091963	1,083850	-11784,080151	-10936,438489	-2985,637982	-11020,499121	-11640,568648	7,781143	20,657217	22,058129	22,815166	28,463468	23,319951	23,593701	-2,908452	1,267433	0,962962	213466,395497	-0,203864	0,000365	3,127085	1,576168	2,035630	-0,124486	-0,124489	0,000000	1,568678	1,297474	0,201214
156,800000	7,425346	7,456959	0,437249	0,092285	1,089550	-11919,200935	-10939,937106	-2985,182321	-11167,607673	-11787,677199	7,779602	20,609832	22,058925	22,815559	28,463057	23,314311	23,593969	-2,908343	1,267265	0,963355	213585,026975	-0,202747	0,000394	3,251512	1,576999	2,036858	-0,124486	-0,124479	0,000000	1,566620	1,288835	0,200950
157,000000	7,425090	7,456831	0,440319	0,091288	1,088116	-12036,334133	-10940,386550	-2984,556186	-11225,972969	-11846,042496	7,778391	20,557224	22,056726	22,816042	28,457268	23,317374	23,595978	-2,908453	1,267096	0,963531	213695,195748	-0,201363	0,000496	3,113698	1,577387	2,036126	-0,124474	-0,124471	0,000000	1,564334	1,286358	0,200656
157,200000	7,424653	7,456902	0,437773	0,091201	1,082500	-12001,328214	-10939,775202	-2984,455925	-11086,899935	-11706,969461	7,777137	20,541783	22,055227	22,817211	28,454071	23,326441	23,595045	-2,908668	1,267280	0,962956	214227,346191	-0,201240	0,000575	2,982030	1,576367	2,035740	-0,124470	-0,124476	0,000000	1,563663	1,287795	0,200570
157,400000	7,424245	7,456784	0,434007	0,092209	1,082010	-11804,844217	-10940,117066	-2984,853180	-10775,741620	-11395,811146	7,775746	20,547717	22,055609	22,819650	28,457823	23,335362	23,592076	-2,908763	1,267694	0,962075	215273,676893	-0,202188	0,000492	3,013860	1,574139	2,038227	-0,124478	-0,124488	0,000000	1,563921	1,289340	0,200603
157,600000	7,423674	7,456586	0,428296	0,092798	1,093948	-11475,451283	-10942,697422	-2985,164537	-10368,457658	-10988,527185	7,774529	20,551331	22,053659	22,820904	28,467599	23,337096	23,589186	-2,908644	1,268311	0,961517	216108,291996	-0,202797	0,000287	3,132607	1,572387	2,040692	-0,124489	-0,124497	0,000000	1,564078	1,293063	0,200624
157,800000	7,423431	7,456338	0,413946	0,092170	1,111458	-11032,143578	-10924,551298	-2985,327138	-9928,833575	-10548,903101	7,773311	20,532357	22,047820	22,816795	28,478576	23,326916	23,587612	-2,908330	1,268126	0,961567	216577,843980	-0,203033	0,000189	3,107301	1,572302	2,041106	-0,124500	-0,124499	0,000000	1,563252	1,306149	0,200518
158,000000	7,423801	7,455932	0,394220	0,090552	1,122998	-10499,988158	-10784,481982	-2985,246389	-9477,193026	-10097,262553	7,772052	20,484546	22,042526	22,812080	28,483835	23,313462	23,590278	-2,907921	1,267053	0,962151	216935,837419	-0,202563	0,000444	2,980928	1,573513	2,040019	-0,124499	-0,124490	0,000000	1,561171	1,325638	0,200251
158,200000	7,424033	7,455581	0,383993	0,089392	1,125185	-10007,873009	-10452,126927	-2984,838011	-9031,146197	-9651,215723	7,770875	20,440813	22,043576	22,812325	28,483041	23,308341	23,597406	-2,907949	1,266351	0,962565	217210,937642	-0,201240	0,000645	3,041339	1,574648	2,037910	-0,124488	-0,124477	0,000000	1,559266	1,336340	0,200006
158,400000	7,423764	7,455326	0,386591	0,089197	1,122516	-9653,602299	-9991,652000	-2984,668544	-8596,044810	-9216,114337	7,769686	20,419573	22,046809	22,815484	28,475909	23,310165	23,601828	-2,908479	1,265934	0,962902	217448,742943	-0,200655	0,000551	3,237215	1,575408	2,036898	-0,124481	-0,124471	0,000000	1,558340	1,334393	0,199888
158,600000	7,423184	7,454919	0,384448	0,088857	1,117104	-9350,447852	-9506,614715	-2985,209265	-8156,412621	-8776,482148	7,768444	20,415536	22,045409	22,818824	28,471147	23,313375	23,603347	-2,908540	1,265548	0,963082	217393,471659	-0,201877	0,000471	3,239817	1,576180	2,037241	-0,124483	-0,124472	0,000000	1,558164	1,337013	0,199865
158,800000	7,422709	7,454572	0,367328	0,088538	1,104055	-8938,031166	-9008,421346	-2985,913892	-7697,461159	-8317,530685	7,766829	20,426198	22,040563	22,820004	28,474918	23,315305	23,607254	-2,908108	1,265650	0,962937	216856,672067	-0,203644	0,000557	2,982576	1,577515	2,037420	-0,124486	-0,124475	0,000000	1,558629	1,354863	0,199925
159,000000	7,422705	7,454369	0,354775	0,089273	1,087156	-8379,415066	-8486,540454	-2986,292553	-7224,825312	-7844,894838	7,764812	20,423590	22,036560	22,816069	28,477898	23,315634	23,609891	-2,908004	1,265637	0,962764	216213,747787	-0,204718	0,000625	2,756728	1,580015	2,036823	-0,124486	-0,124478	0,000000	1,558515	1,369587	0,199910
159,200000	7,422942	7,454021	0,364536	0,090338	1,076711	-8026,340707	-8265,000163	-2986,144302	-6945,101918	-7565,171444	7,763411	20,393337	22,038447	22,810150	28,475300	23,315529	23,608224	-2,908120	1,265739	0,962745	215387,211253	-0,204712	0,000614	2,767840	1,581682	2,035560	-0,124485	-0,124481	0,000000	1,557195	1,361181	0,199741
159,400000	7,422805	7,453456	0,382833	0,090459	1,069043	-8360,379628	-8790,013386	-2985,457848	-7219,327915	-7839,397442	7,762700	20,379003	22,048549	22,809875	28,469578	23,316802	23,601614	-2,908078	1,266472	0,963334	214208,017253	-0,204123	0,000655	2,923070	1,580367	2,034599	-0,124487	-0,124482	0,000000	1,556570	1,341933	0,199661
159,600000	7,422088	7,452770	0,399923	0,090258	1,061248	-9374,039980	-9889,503394	-2984,911885	-8129,405177	-8749,474703	7,761776	20,391263	22,062699	22,814666	28,462087	23,321251	23,589879	-2,908202	1,267486	0,963721	213340,661195	-0,203522	0,000704	3,106013	1,577916	2,034645	-0,124485	-0,124484	0,000000	1,557105	1,323326	0,199729
159,800000	7,420999	7,452439	0,412500	0,090674	1,063265	-10608,273402	-10802,979192	-2984,601578	-9361,918028	-9981,987555	7,760454	20,394883	22,071424	22,817844	28,457800	23,325908	23,583006	-2,908580	1,268500	0,962737	212933,601834	-0,202669	0,000578	3,230110	1,576936	2,035689	-0,124479	-0,124486	0,000000	1,557263	1,310639	0,199749
160,000000	7,419962	7,452614	0,417857	0,091991	1,071874	-11705,367177	-11095,322152	-2984,472520	-10544,572561	-11164,642087	7,758811	20,384558	22,066995	22,818091	28,461816	23,325733	23,588890	-2,908674	1,268770	0,961724	212668,943990	-0,202396	0,000364	3,203426	1,577901	2,036815	-0,124477	-0,124486	0,000000	1,556812	1,306528	0,199692
160,200000	7,419616	7,452615	0,430841	0,092678	1,079408	-12584,697295	-11026,375125	-2984,790177	-11469,025521	-12089,095047	7,757181	20,378371	22,055634	22,817147	28,468105	23,323220	23,599105	-2,908479	1,267950	0,961999	212419,203167	-0,203047	0,000325	3,204864	1,580185	2,038159	-0,124481	-0,124486	0,000000	1,556542	1,296572	0,199657
160,400000	7,419871	7,452221	0,455682	0,091597	1,090865	-13200,866675	-10944,080407	-2985,203297	-12040,950114	-12661,019640	7,755798	20,380046	22,050360	22,815811	28,470080	23,324808	23,603520	-2,908383	1,267515	0,962402	212099,198196	-0,203406	0,000336	3,364059	1,582498	2,039884	-0,124486	-0,124489	0,000000	1,556615	1,276258	0,199666
160,600000	7,419938	7,451896	0,482131	0,091220	1,109236	-13478,553523	-10927,486217	-2985,366180	-12218,710107	-12838,779633	7,754561	20,381234	22,050786	22,814400	28,470673	23,327540	23,599068	-2,908320	1,267542	0,962412	211816,354136	-0,203602	0,000108	3,428285	1,583760	2,040796	-0,124490	-0,124494	0,000000	1,556667	1,254433	0,199673
160,800000	7,419767	7,451706	0,502449	0,092082	1,129983	-13410,415511	-10937,755301	-2985,294937	-12064,451407	-12684,520933	7,753460	20,380723	22,050406	22,813517	28,473965	23,326183	23,589848	-2,908208	1,267508	0,962618	211552,122949	-0,203955	-6,989298E-5	3,264338	1,583956	2,040880	-0,124488	-0,124491	0,000000	1,556645	1,237603	0,199670
161,000000	7,419840	7,451594	0,518431	0,091696	1,150681	-13065,199987	-10944,335460	-2984,947312	-11724,469168	-12344,538695	7,752174	20,374994	22,047337	22,814282	28,477480	23,321445	23,586423	-2,908198	1,267853	0,962849	211349,326719	-0,203303	9,555238E-5	3,086514	1,583326	2,040313	-0,124484	-0,124482	0,000000	1,556395	1,224080	0,199638
161,200000	7,419889	7,451678	0,538398	0,090293	1,170646	-12575,777461	-10942,869386	-2984,600773	-11323,861464	-11943,930990	7,750752	20,362756	22,042111	22,815789	28,479893	23,312596	23,593775	-2,908340	1,267865	0,962790	211920,269066	-0,201869	0,000351	2,972836	1,581697	2,038334	-0,124484	-0,124474	0,000000	1,555861	1,206958	0,199570
161,400000	7,419486	7,451620	0,558163	0,089835	1,182043	-12167,677864	-10938,335898	-2984,925063	-10973,763248	-11593,832774	7,749665	20,347906	22,038374	22,816880	28,483639	23,305790	23,606379	-2,908526	1,267714	0,962773	213329,988349	-0,201667	0,000526	2,881002	1,578976	2,036380	-0,124489	-0,124470	0,000000	1,555212	1,189593	0,199486
161,600000	7,418939	7,451111	0,563790	0,089568	1,183721	-12074,922837	-10935,932674	-2985,649926	-10818,926549	-11438,996076	7,748696	20,336711	22,037161	22,816668	28,485442	23,309547	23,613881	-2,908532	1,267238	0,963206	214286,978437	-0,203018	0,000614	2,879719	1,576266	2,035179	-0,124492	-0,124469	0,000000	1,554723	1,183213	0,199424
161,800000	7,418771	7,450394	0,551724	0,088959	1,190510	-12351,989036	-10937,305194	-2986,025262	-10984,620196	-11604,689723	7,747381	20,339173	22,038780	22,815201	28,481807	23,317869	23,611592	-2,908416	1,265705	0,963295	214357,310972	-0,204289	0,000545	2,963277	1,575367	2,034516	-0,124486	-0,124478	0,000000	1,554831	1,191628	0,199437
162,000000	7,418759	7,449923	0,531656	0,089604	1,202288	-12877,591962	-10939,526848	-2986,127582	-11483,699567	-12103,769093	7,745913	20,349852	22,043527	22,814379	28,477209	23,321290	23,605906	-2,908347	1,264735	0,962607	214273,000727	-0,204630	0,000393	3,049868	1,576793	2,035928	-0,124479	-0,124488	0,000000	1,555297	1,208258	0,199497
162,200000	7,418554	7,449980	0,520857	0,090865	1,202502	-13495,603297	-10940,620048	-2986,119534	-12163,723630	-12783,793157	7,744696	20,356144	22,047197	22,813858	28,477048	23,319229	23,602526	-2,908296	1,265478	0,962179	214854,432100	-0,204018	0,000375	3,006233	1,579532	2,037040	-0,124486	-0,124486	0,000000	1,555572	1,218964	0,199533
162,400000	7,418084	7,449969	0,521866	0,090936	1,192967	-14018,546728	-10941,268590	-2985,838619	-12754,254767	-13374,324294	7,743411	20,358158	22,048382	22,812377	28,477523	23,316262	23,601161	-2,908354	1,266744	0,962577	216093,142549	-0,203172	0,000592	2,885472	1,582290	2,035905	-0,124493	-0,124478	0,000000	1,555660	1,220290	0,199544
162,600000	7,417579	7,449377	0,517007	0,090224	1,183999	-14226,799866	-10940,899393	-2985,356527	-12995,985629	-13616,055155	7,741875	20,344532	22,049874	22,811768	28,470575	23,317525	23,599293	-2,908490	1,267796	0,962766	217208,383963	-0,202792	0,000854	2,824496	1,584171	2,034314	-0,124489	-0,124475	0,000000	1,555065	1,225543	0,199467
162,800000	7,417323	7,448852	0,509771	0,090137	1,178930	-13970,812189	-10939,636674	-2985,044000	-12761,774521	-13381,844048	7,740501	20,310497	22,054522	22,814712	28,458299	23,325630	23,595648	-2,908542	1,268293	0,962351	218195,364440	-0,202901	0,000836	2,831942	1,584737	2,034045	-0,124482	-0,124476	0,000000	1,553578	1,231720	0,199277
163,000000	7,417008	7,448802	0,516441	0,090980	1,179975	-13238,091366	-10939,773809	-2984,756434	-12107,435024	-12727,504551	7,739140	20,287620	22,060902	22,818489	28,453497	23,334462	23,591581	-2,908703	1,268325	0,962229	219067,530530	-0,202785	0,000529	2,933211	1,583609	2,035961	-0,124474	-0,124483	0,000000	1,552578	1,225384	0,199148
163,200000	7,416591	7,448918	0,530181	0,092079	1,181772	-12228,570784	-10941,603880	-2984,736485	-11241,961310	-11862,030836	7,737695	20,285434	22,062227	22,818759	28,463655	23,335583	23,587305	-2,908825	1,267903	0,961866	219889,297330	-0,202710	0,000255	2,948373	1,581376	2,038494	-0,124471	-0,124496	0,000000	1,552482	1,212721	0,199136
163,400000	7,416363	7,448816	0,531697	0,092492	1,184070	-11331,702350	-10943,528785	-2985,142513	-10466,388717	-11086,458244	7,736566	20,284387	22,055831	22,816569	28,480452	23,329437	23,587466	-2,908560	1,267014	0,961254	220977,537179	-0,203102	0,000287	2,810695	1,580347	2,040454	-0,124478	-0,124502	0,000000	1,552436	1,210794	0,199130
163,600000	7,416310	7,448458	0,508157	0,091907	1,193222	-10927,285807	-10944,012278	-2985,315295	-10112,233617	-10732,303143	7,735439	20,291487	22,045709	22,815067	28,487514	23,320724	23,592718	-2,908233	1,266734	0,961338	221893,712126	-0,202932	0,000402	2,784952	1,581108	2,040750	-0,124490	-0,124499	0,000000	1,552747	1,230276	0,199170
163,800000	7,416136	7,448002	0,468692	0,091209	1,196609	-11153,388808	-10943,016934	-2985,317970	-10359,141193	-10979,210719	7,734022	20,320852	22,039382	22,814453	28,484416	23,313594	23,594686	-2,908147	1,266719	0,961816	222533,810613	-0,202615	0,000373	2,920484	1,581954	2,038826	-0,124497	-0,124492	0,000000	1,554030	1,263946	0,199335
164,000000	7,415859	7,447553	0,435974	0,090668	1,182259	-11772,532208	-10942,023095	-2984,935400	-11055,960953	-11676,030480	7,732949	20,353952	22,040817	22,815340	28,480967	23,310903	23,593212	-2,908207	1,267055	0,962595	222950,045202	-0,202456	0,000427	3,159291	1,582202	2,037584	-0,124495	-0,124482	0,000000	1,555476	1,292871	0,199520
164,200000	7,415692	7,447120	0,416236	0,090022	1,159118	-12455,100904	-10941,514559	-2984,244229	-11864,996977	-12485,066503	7,732119	20,366154	22,043216	22,818431	28,479337	23,312510	23,594239	-2,908312	1,268230	0,962944	222206,137627	-0,201813	0,000458	3,349688	1,581840	2,038500	-0,124489	-0,124475	0,000000	1,556009	1,310510	0,199589
164,400000	7,415564	7,446764	0,415517	0,089663	1,133188	-13034,447351	-10940,905800	-2984,252594	-12465,265849	-13085,335375	7,730736	20,359900	22,039550	22,818864	28,482376	23,315579	23,598932	-2,908325	1,268655	0,962057	220313,258817	-0,201324	0,000196	3,231943	1,580945	2,039108	-0,124485	-0,124473	0,000000	1,555736	1,310389	0,199554
164,600000	7,415599	7,446671	0,443082	0,089822	1,107718	-13256,666109	-10941,114854	-2984,956444	-12600,094977	-13220,164503	7,728824	20,347953	22,032154	22,814896	28,488843	23,317491	23,606266	-2,908181	1,267903	0,961336	218588,924160	-0,201707	-2,029950E-5	3,003139	1,580302	2,038178	-0,124482	-0,124474	0,000000	1,555214	1,284857	0,199487
164,800000	7,415671	7,446619	0,477513	0,090065	1,094106	-12852,848355	-10942,495667	-2985,482791	-12172,586339	-12792,655865	7,727059	20,338910	22,028462	22,811824	28,489160	23,317212	23,612745	-2,908022	1,266882	0,962288	217121,003333	-0,202733	0,000116	2,963080	1,580433	2,036584	-0,124483	-0,124476	0,000000	1,554819	1,255014	0,199436
165,000000	7,415364	7,446192	0,486272	0,089436	1,092851	-12021,594042	-10942,649187	-2985,379002	-11399,167255	-12019,236781	7,725781	20,343661	22,033833	22,811575	28,478944	23,317721	23,610501	-2,908087	1,266315	0,963506	215907,179285	-0,203555	0,000338	2,979116	1,581261	2,034749	-0,124484	-0,124476	0,000000	1,555027	1,248164	0,199463
165,200000	7,414705	7,445628	0,467000	0,088297	1,092626	-11351,298399	-10941,830281	-2984,937158	-10743,399132	-11363,468658	7,724595	20,361777	22,046347	22,812371	28,467173	23,321440	23,598846	-2,908361	1,266564	0,963351	216018,724988	-0,203672	0,000459	2,957855	1,582859	2,033422	-0,124479	-0,124476	0,000000	1,555818	1,265708	0,199564
165,400000	7,413827	7,445298	0,446070	0,088709	1,085987	-11266,562400	-10941,767322	-2984,789190	-10562,333019	-11182,402545	7,723424	20,378803	22,056467	22,814050	28,464261	23,323280	23,587676	-2,908497	1,267227	0,962863	217296,978986	-0,203826	0,000435	3,097325	1,585621	2,034081	-0,124474	-0,124481	0,000000	1,556561	1,286205	0,199659
165,600000	7,413253	7,445047	0,435162	0,090557	1,079397	-11726,695675	-10940,748983	-2984,730877	-10856,128514	-11476,198040	7,722403	20,383638	22,057280	22,814776	28,467717	23,321630	23,584300	-2,908483	1,267680	0,962568	218178,934850	-0,203410	0,000352	3,325734	1,588684	2,036531	-0,124477	-0,124482	0,000000	1,556772	1,298462	0,199686
165,800000	7,413167	7,444863	0,429131	0,091148	1,082159	-12315,084747	-10939,548428	-2984,309846	-11299,645269	-11919,714795	7,721129	20,375035	22,053016	22,814557	28,470972	23,321184	23,588932	-2,908441	1,268000	0,962008	218121,949169	-0,201877	0,000319	3,455622	1,590188	2,038851	-0,124477	-0,124478	0,000000	1,556397	1,305165	0,199638
166,000000	7,413130	7,444766	0,424880	0,090296	1,089473	-12568,563609	-10940,011807	-2984,277575	-11489,563128	-12109,632655	7,719664	20,380265	22,049138	22,815867	28,473258	23,324824	23,596265	-2,908414	1,267711	0,961853	217781,051361	-0,201248	0,000245	3,492737	1,590249	2,039981	-0,124475	-0,124479	0,000000	1,556625	1,309099	0,199668
166,200000	7,412856	7,444626	0,416799	0,090378	1,093705	-12316,135458	-10940,200150	-2985,197342	-11229,394821	-11849,464347	7,718538	20,422382	22,047097	22,817116	28,474265	23,332602	23,598226	-2,908529	1,266514	0,962334	217407,245279	-0,202618	0,000230	3,386892	1,589551	2,039746	-0,124476	-0,124484	0,000000	1,558462	1,315968	0,199903
166,400000	7,412162	7,444362	0,418664	0,091049	1,094553	-11661,207167	-10935,133487	-2986,197321	-10587,086549	-11207,156075	7,717736	20,468346	22,047411	22,816919	28,473428	23,337745	23,591448	-2,908628	1,266145	0,962315	216940,109872	-0,204324	0,000404	3,297867	1,587813	2,039545	-0,124480	-0,124489	0,000000	1,560466	1,312757	0,200160
166,600000	7,411403	7,443940	0,438275	0,091498	1,098577	-10892,452393	-10923,588894	-2986,522763	-9857,777305	-10477,846832	7,716654	20,480036	22,048203	22,817012	28,474546	23,331545	23,582458	-2,908518	1,266627	0,961634	216533,078065	-0,205003	0,000553	3,382643	1,585969	2,040573	-0,124486	-0,124492	0,000000	1,560975	1,293286	0,200226
166,800000	7,410933	7,443529	0,454008	0,092148	1,109595	-10457,620548	-10919,743944	-2986,178057	-9459,094280	-10079,163807	7,715148	20,467405	22,046084	22,817155	28,481081	23,316268	23,582815	-2,908209	1,266430	0,961013	216172,620284	-0,204686	0,000419	3,454716	1,585402	2,041365	-0,124492	-0,124487	0,000000	1,560425	1,278793	0,200155
167,000000	7,410819	7,443516	0,454134	0,091366	1,116610	-10618,411132	-10930,212879	-2985,586463	-9624,526433	-10244,595960	7,713513	20,450279	22,040453	22,815810	28,487153	23,304295	23,594247	-2,907975	1,266151	0,960981	215838,838899	-0,203549	0,000294	3,294910	1,586234	2,040195	-0,124493	-0,124481	0,000000	1,559679	1,279384	0,200059
167,200000	7,411007	7,443695	0,442481	0,089263	1,110281	-11257,145372	-10939,678669	-2985,225057	-10273,674269	-10893,743795	7,711999	20,435709	22,035471	22,814412	28,485653	23,303352	23,607197	-2,908186	1,266515	0,961942	215495,706496	-0,202146	0,000480	3,062104	1,587841	2,037034	-0,124487	-0,124477	0,000000	1,559043	1,291056	0,199978
167,400000	7,411171	7,443373	0,424317	0,088496	1,098858	-12057,654640	-10940,952434	-2985,242858	-11153,501926	-11773,571453	7,710844	20,436775	22,034554	22,815385	28,478094	23,310482	23,613344	-2,908584	1,266623	0,963095	215065,770328	-0,202103	0,000730	3,150152	1,589127	2,035320	-0,124484	-0,124476	0,000000	1,559090	1,308500	0,199984
167,600000	7,411057	7,442568	0,415429	0,089371	1,088901	-12789,887637	-10940,465863	-2985,682868	-12004,301162	-12624,370688	7,709617	20,445154	22,037174	22,818182	28,470960	23,319211	23,612298	-2,908615	1,266781	0,963100	214627,072974	-0,203785	0,000624	3,424877	1,589428	2,037308	-0,124490	-0,124482	0,000000	1,559455	1,316800	0,200031
167,800000	7,410722	7,441879	0,432960	0,090348	1,079715	-13443,832455	-10941,476150	-2985,971851	-12689,738096	-13309,807622	7,708050	20,444276	22,039211	22,818031	28,473129	23,322811	23,607854	-2,908295	1,267443	0,962564	214070,296434	-0,204937	0,000273	3,440832	1,589092	2,038747	-0,124498	-0,124491	0,000000	1,559417	1,300312	0,200026
168,000000	7,410568	7,441444	0,464916	0,090525	1,077462	-14022,200979	-10942,504115	-2985,720600	-13195,696074	-13815,765600	7,706656	20,443128	22,039690	22,813165	28,478936	23,318884	23,602537	-2,908159	1,267684	0,962193	213480,602467	-0,204697	0,000133	3,225257	1,588459	2,037602	-0,124497	-0,124490	0,000000	1,559367	1,271408	0,200019
168,200000	7,410672	7,441019	0,489699	0,090061	1,083320	-14447,372767	-10941,849845	-2985,132524	-13569,341039	-14189,410566	7,705578	20,449746	22,044060	22,809813	28,477639	23,315078	23,599190	-2,908408	1,267720	0,961749	212936,045910	-0,203564	0,000210	3,080131	1,587415	2,036055	-0,124492	-0,124480	0,000000	1,559655	1,249373	0,200056
168,400000	7,410400	7,440673	0,502027	0,089745	1,093131	-14731,363719	-10940,548045	-2984,521002	-13872,230561	-14492,300088	7,704312	20,474484	22,054380	22,811993	28,471433	23,317985	23,596940	-2,908765	1,267796	0,961763	212343,271865	-0,202692	0,000320	3,152134	1,585910	2,034351	-0,124485	-0,124476	0,000000	1,560733	1,237853	0,200195
168,600000	7,409552	7,440549	0,500240	0,090215	1,108250	-14946,752945	-10940,715156	-2984,265177	-14115,766613	-14735,836140	7,702797	20,519848	22,063993	22,815274	28,464618	23,324306	23,593182	-2,908943	1,267883	0,962061	212352,084764	-0,202978	0,000383	3,344409	1,584616	2,033923	-0,124475	-0,124481	0,000000	1,562708	1,238256	0,200448
168,800000	7,408722	7,440730	0,486660	0,091385	1,120090	-15067,567545	-10941,645232	-2984,288775	-14257,208299	-14877,277826	7,701504	20,555184	22,065923	22,817646	28,463280	23,330215	23,591126	-2,908848	1,268327	0,962252	213409,579398	-0,203077	0,000366	3,353038	1,583946	2,035705	-0,124470	-0,124487	0,000000	1,564245	1,249055	0,200645
169,000000	7,408121	7,441182	0,470767	0,092494	1,122301	-15049,612006	-10941,584220	-2984,665086	-14281,003821	-14901,073347	7,700383	20,561239	22,059311	22,819291	28,468416	23,333108	23,592714	-2,908690	1,268234	0,962147	214650,165283	-0,202536	0,000260	3,143430	1,583234	2,037998	-0,124474	-0,124491	0,000000	1,564509	1,262073	0,200679
169,200000	7,407855	7,441488	0,455658	0,092848	1,123161	-14881,659383	-10941,024540	-2985,564743	-14158,117901	-14778,187428	7,699177	20,547073	22,048699	22,816807	28,476802	23,330970	23,595867	-2,908518	1,267139	0,961620	215721,535490	-0,202704	0,000155	2,995653	1,582444	2,039250	-0,124479	-0,124492	0,000000	1,563893	1,274634	0,200600
169,400000	7,408129	7,441153	0,436717	0,092213	1,115829	-14410,981604	-10941,390603	-2986,111671	-13724,130133	-14344,199659	7,697939	20,529002	22,041527	22,812575	28,483137	23,325138	23,597579	-2,908322	1,266285	0,961659	216921,302050	-0,203416	0,000178	2,953388	1,583008	2,039394	-0,124483	-0,124491	0,000000	1,563107	1,291900	0,200499
169,600000	7,408280	7,440355	0,421745	0,091206	1,093059	-13453,923150	-10942,597955	-2985,552598	-12812,945491	-13433,015017	7,696599	20,509148	22,042168	22,812829	28,482218	23,319842	23,595360	-2,908348	1,266549	0,962427	217973,088220	-0,203057	0,000229	2,912370	1,585055	2,039442	-0,124488	-0,124488	0,000000	1,562243	1,307070	0,200388
169,800000	7,407885	7,439765	0,423041	0,090514	1,075322	-12202,278808	-10942,070944	-2984,699037	-11530,363540	-12150,433067	7,695166	20,478079	22,047982	22,816429	28,476986	23,317614	23,590157	-2,908580	1,267224	0,962460	218958,941455	-0,202074	0,000338	2,854024	1,586895	2,039489	-0,124490	-0,124482	0,000000	1,560890	1,307265	0,200215
170,000000	7,407445	7,439709	0,430852	0,090254	1,069543	-11098,660682	-10834,636539	-2984,655857	-10244,073850	-10864,143377	7,693951	20,450106	22,050192	22,818143	28,475024	23,315310	23,590135	-2,908765	1,267314	0,961594	219873,095065	-0,201892	0,000491	2,843278	1,587501	2,039288	-0,124489	-0,124477	0,000000	1,559671	1,300596	0,200058
170,200000	7,407301	7,439904	0,426830	0,090656	1,061086	-10291,278530	-10405,213109	-2985,317053	-9214,858328	-9834,927855	7,692785	20,438547	22,043887	22,817068	28,480707	23,311247	23,601050	-2,908577	1,266877	0,961460	220703,452077	-0,202658	0,000382	2,915353	1,586375	2,038719	-0,124486	-0,124477	0,000000	1,559167	1,303399	0,199994
170,400000	7,407585	7,439768	0,410724	0,090613	1,053916	-9673,908371	-9726,915798	-2986,094225	-8446,241188	-9066,310714	7,691287	20,435157	22,035114	22,814906	28,486382	23,309604	23,613504	-2,908171	1,266287	0,961842	221668,699082	-0,203956	0,000165	2,866678	1,583980	2,037539	-0,124486	-0,124479	0,000000	1,559019	1,316309	0,199975
170,600000	7,407988	7,439355	0,392391	0,089480	1,062126	-9309,339116	-9316,508046	-2986,260286	-8001,102250	-8621,171776	7,689725	20,436041	22,033026	22,812936	28,485926	23,312712	23,616297	-2,908090	1,265735	0,962039	221837,949296	-0,204450	0,000208	2,764579	1,581915	2,036081	-0,124488	-0,124478	0,000000	1,559058	1,331851	0,199980
170,800000	7,407695	7,438837	0,377707	0,089298	1,078495	-9398,349508	-9585,997353	-2985,863370	-8065,700558	-8685,770085	7,688488	20,446989	22,038920	22,812561	28,482772	23,318449	23,609474	-2,908198	1,265749	0,962538	220605,872424	-0,204067	0,000484	2,951564	1,580969	2,035211	-0,124486	-0,124473	0,000000	1,559535	1,345151	0,200041
171,000000	7,406642	7,438135	0,368296	0,090447	1,086207	-10021,230311	-10313,334873	-2985,612006	-8688,149548	-9308,219074	7,687560	20,462033	22,047681	22,814115	28,475888	23,323320	23,600174	-2,908243	1,266015	0,962678	219069,760405	-0,203898	0,000733	3,230759	1,580700	2,035305	-0,124488	-0,124472	0,000000	1,560191	1,354025	0,200125
171,200000	7,405825	7,437816	0,370801	0,090911	1,089206	-10994,092052	-10887,314316	-2985,440667	-9684,862064	-10304,931590	7,686617	20,468382	22,054143	22,815875	28,468790	23,324284	23,595327	-2,908228	1,266292	0,962464	217562,903253	-0,204057	0,000822	3,195605	1,580661	2,035671	-0,124490	-0,124477	0,000000	1,560467	1,351425	0,200160
171,400000	7,405735	7,437868	0,390664	0,090864	1,095124	-11957,621636	-11043,815430	-2985,174190	-10755,387256	-11375,456783	7,685366	20,466102	22,055448	22,815957	28,467921	23,321348	23,597190	-2,908131	1,267251	0,962579	215761,390514	-0,204369	0,000651	3,006360	1,580812	2,035405	-0,124487	-0,124480	0,000000	1,560368	1,332246	0,200148
171,600000	7,405769	7,437609	0,412894	0,091327	1,099565	-12694,182530	-10989,047965	-2984,645836	-11645,576557	-12265,646083	7,683781	20,467762	22,053016	22,814654	28,466008	23,321494	23,600692	-2,908181	1,268618	0,962734	214651,038493	-0,203927	0,000325	3,084539	1,581138	2,035794	-0,124479	-0,124477	0,000000	1,560440	1,311505	0,200157
171,800000	7,405602	7,437188	0,428063	0,091073	1,103311	-13130,966136	-10938,276697	-2984,160388	-12154,178009	-12774,247535	7,681908	20,481647	22,051140	22,813960	28,462448	23,331180	23,597334	-2,908363	1,269294	0,962663	214576,824153	-0,203107	0,000117	3,327325	1,581497	2,037001	-0,124467	-0,124478	0,000000	1,561045	1,297785	0,200235
172,000000	7,405292	7,436953	0,446363	0,090332	1,106012	-13173,793989	-10932,601043	-2984,260661	-12177,510214	-12797,579740	7,680333	20,490988	22,052523	22,814866	28,464925	23,340760	23,588593	-2,908481	1,268884	0,961804	214752,410185	-0,203162	-6,598254E-5	3,330141	1,581306	2,037867	-0,124466	-0,124490	0,000000	1,561452	1,281174	0,200287
172,200000	7,404730	7,436788	0,466603	0,091348	1,106011	-12842,774713	-10941,274336	-2984,785193	-11858,275265	-12478,344791	7,679535	20,478519	22,054814	22,815752	28,471180	23,338799	23,584143	-2,908538	1,267909	0,960833	214700,126960	-0,203206	-8,498385E-5	3,154588	1,580406	2,039700	-0,124480	-0,124496	0,000000	1,560909	1,262764	0,200217
172,400000	7,404168	7,436601	0,473745	0,092984	1,108635	-12398,768704	-10945,268734	-2985,130669	-11505,564524	-12125,634050	7,678692	20,459918	22,053612	22,816426	28,476365	23,327838	23,585889	-2,908420	1,267196	0,961217	214412,143260	-0,202698	0,000200	3,088400	1,579843	2,041057	-0,124490	-0,124493	0,000000	1,560099	1,256185	0,200113
172,600000	7,404059	7,436432	0,468284	0,092497	1,110013	-12252,009696	-10944,627051	-2984,939349	-11401,567837	-12021,637364	7,677253	20,451822	22,046782	22,815537	28,480364	23,315600	23,589764	-2,908190	1,267393	0,962136	214143,501521	-0,202359	0,000322	3,131213	1,579969	2,040156	-0,124492	-0,124490	0,000000	1,559746	1,260955	0,200068
172,800000	7,404205	7,436161	0,461069	0,090855	1,106200	-12633,041794	-10941,732858	-2984,636100	-11690,892515	-12310,962041	7,675604	20,442971	22,037239	22,813340	28,484009	23,309423	23,595254	-2,908099	1,267561	0,962515	213935,495805	-0,202439	0,000244	3,190265	1,580383	2,038767	-0,124491	-0,124482	0,000000	1,559360	1,267501	0,200018
173,000000	7,404174	7,435862	0,446275	0,090108	1,104916	-13306,915298	-10939,707306	-2984,512758	-12277,531048	-12897,600575	7,674020	20,434909	22,032242	22,815233	28,481787	23,312716	23,600980	-2,908253	1,267299	0,962587	213747,629436	-0,202408	0,000258	3,231465	1,581555	2,037990	-0,124485	-0,124473	0,000000	1,559009	1,281358	0,199973
173,200000	7,403873	7,435731	0,424312	0,090644	1,102279	-13840,725577	-10939,517193	-2984,672700	-12879,645695	-13499,715221	7,672667	20,455442	22,033627	22,818756	28,473636	23,319858	23,604142	-2,908527	1,267002	0,962480	213485,032259	-0,202217	0,000294	3,217287	1,583229	2,037855	-0,124481	-0,124473	0,000000	1,559903	1,302431	0,200088
173,400000	7,403551	7,435672	0,413419	0,091340	1,092438	-13972,968943	-10939,644143	-2985,254518	-13182,167954	-13802,237481	7,671624	20,502176	22,035464	22,817655	28,473085	23,322106	23,605263	-2,908604	1,266670	0,961954	213087,394200	-0,203004	0,000308	3,147258	1,584015	2,038378	-0,124484	-0,124478	0,000000	1,561939	1,313117	0,200349
173,600000	7,403398	7,435497	0,419300	0,090859	1,085310	-13636,217246	-10939,796706	-2985,890812	-12964,470330	-13584,539857	7,670622	20,534381	22,033339	22,814258	28,481909	23,319589	23,606918	-2,908273	1,266366	0,961378	212742,794994	-0,204696	0,000234	3,018160	1,583886	2,038417	-0,124489	-0,124478	0,000000	1,563341	1,307594	0,200529
173,800000	7,403385	7,434997	0,423978	0,090015	1,077521	-12867,456504	-10940,027007	-2986,199433	-12225,377097	-12845,446623	7,669345	20,537070	22,031505	22,812592	28,483819	23,317644	23,608441	-2,907986	1,265881	0,961632	212438,782497	-0,205505	0,000221	2,862800	1,583222	2,036393	-0,124492	-0,124478	0,000000	1,563458	1,302688	0,200544
174,000000	7,403362	7,433973	0,410950	0,089810	1,058456	-11787,305037	-10869,489584	-2986,090328	-11100,370955	-11720,440482	7,667929	20,531175	22,037431	22,811995	28,472512	23,317943	23,604708	-2,908227	1,266082	0,962303	212222,610003	-0,205125	0,000503	2,835211	1,582009	2,033400	-0,124489	-0,124478	0,000000	1,563201	1,313509	0,200511
174,200000	7,402904	7,432816	0,389400	0,090117	1,041690	-10652,334749	-10573,323312	-2985,706932	-9833,886640	-10453,956166	7,666654	20,534753	22,049571	22,813532	28,459073	23,320547	23,597179	-2,908527	1,266948	0,962342	212766,170138	-0,204849	0,000759	2,992811	1,581416	2,032189	-0,124481	-0,124476	0,000000	1,563357	1,333139	0,200531
174,400000	7,401948	7,432497	0,372385	0,090691	1,041316	-9825,155984	-10197,218986	-2985,274169	-8883,090386	-9503,159912	7,665457	20,544262	22,058270	22,818020	28,454236	23,324382	23,592717	-2,908547	1,267551	0,962032	214074,618691	-0,204464	0,000737	3,199328	1,582427	2,033921	-0,124476	-0,124476	0,000000	1,563770	1,350443	0,200584
174,600000	7,401115	7,433068	0,367993	0,091198	1,046042	-9637,159597	-10212,040185	-2985,216889	-8644,473363	-9264,542889	7,664149	20,545331	22,056352	22,820254	28,458386	23,329034	23,593322	-2,908575	1,268246	0,962317	214865,901393	-0,203700	0,000585	3,326977	1,584146	2,036909	-0,124477	-0,124479	0,000000	1,563817	1,356353	0,200590
174,800000	7,400795	7,433580	0,378314	0,091550	1,045079	-10210,631798	-10619,479922	-2985,553123	-9135,351682	-9755,421209	7,662731	20,534742	22,046741	22,817708	28,465947	23,331740	23,598006	-2,908553	1,268308	0,962907	214686,448264	-0,203835	0,000454	3,304699	1,585081	2,038723	-0,124480	-0,124485	0,000000	1,563356	1,347115	0,200531
175,000000	7,400805	7,433370	0,391719	0,092095	1,048030	-11292,065425	-10942,204245	-2985,786736	-10065,515481	-10685,585008	7,661280	20,525823	22,040868	22,814492	28,468380	23,329041	23,601141	-2,908356	1,267143	0,962448	214210,440239	-0,204908	0,000354	3,132789	1,584402	2,038858	-0,124482	-0,124491	0,000000	1,562968	1,333554	0,200481
175,200000	7,400873	7,432728	0,400854	0,092262	1,064888	-12368,572739	-11005,689469	-2985,748288	-11015,276009	-11635,345535	7,659811	20,537294	22,043672	22,813120	28,464883	23,327034	23,594888	-2,908198	1,266727	0,961442	213314,640523	-0,205647	0,000196	3,050132	1,582434	2,038666	-0,124483	-0,124494	0,000000	1,563467	1,323099	0,200545
175,400000	7,400886	7,432326	0,407888	0,091497	1,091485	-13027,344127	-10966,709492	-2985,311525	-11641,024383	-12261,093910	7,658623	20,556755	22,047436	22,812747	28,465748	23,327167	23,583719	-2,908229	1,267648	0,961072	211883,680954	-0,205393	-3,318692E-6	3,159984	1,580749	2,039040	-0,124483	-0,124496	0,000000	1,564314	1,315027	0,200654
175,600000	7,400742	7,432259	0,416338	0,091767	1,120572	-13221,011746	-10940,075855	-2984,768643	-11880,647673	-12500,717199	7,657736	20,557423	22,045288	22,813849	28,471276	23,323147	23,578367	-2,908328	1,267889	0,961169	210621,209725	-0,204335	6,284896E-5	3,129117	1,580122	2,039314	-0,124484	-0,124497	0,000000	1,564343	1,306669	0,200658
175,800000	7,400297	7,432205	0,428215	0,092654	1,144236	-13202,596051	-10937,400248	-2984,582821	-11920,127834	-12540,197360	7,656577	20,542446	22,038623	22,815604	28,477674	23,316399	23,583360	-2,908349	1,267540	0,961536	209493,500625	-0,203197	0,000404	2,990234	1,579489	2,039167	-0,124483	-0,124486	0,000000	1,563691	1,295290	0,200574
176,000000	7,400093	7,432105	0,447583	0,091090	1,157104	-13195,680733	-10940,508572	-2984,883334	-11948,540319	-12568,609845	7,655192	20,522990	22,031376	22,815850	28,484536	23,311727	23,596909	-2,908410	1,266888	0,961945	208558,632150	-0,203017	0,000557	3,034996	1,577723	2,038814	-0,124482	-0,124473	0,000000	1,562845	1,276537	0,200465
176,200000	7,400189	7,431936	0,476606	0,088914	1,162618	-13290,982967	-10940,778591	-2985,812632	-12054,830477	-12674,900003	7,653721	20,511574	22,027441	22,815228	28,485111	23,311595	23,611026	-2,908354	1,265485	0,962251	208875,317977	-0,204304	0,000428	3,126683	1,576132	2,038103	-0,124485	-0,124471	0,000000	1,562348	1,250153	0,200402
176,400000	7,399962	7,431357	0,509430	0,088886	1,161550	-13552,939717	-10939,925363	-2986,600140	-12306,912956	-12926,982483	7,652002	20,522644	22,028867	22,813702	28,476740	23,316928	23,616988	-2,908202	1,264921	0,962351	210334,304898	-0,205821	0,000195	3,135973	1,576323	2,037195	-0,124487	-0,124476	0,000000	1,562830	1,222993	0,200463
176,600000	7,399491	7,430435	0,538206	0,089789	1,160365	-13971,412666	-10940,438744	-2986,434271	-12703,737343	-13323,806869	7,650422	20,532489	22,033321	22,811782	28,467341	23,322547	23,611755	-2,908122	1,265585	0,962153	211663,116711	-0,206304	5,598833E-5	3,132756	1,577198	2,036674	-0,124485	-0,124484	0,000000	1,563258	1,200608	0,200518
176,800000	7,399056	7,429691	0,556293	0,090849	1,171561	-14362,566477	-10942,122668	-2985,613182	-13074,458023	-13694,527549	7,649289	20,510396	22,039052	22,811480	28,464249	23,321551	23,603154	-2,908079	1,266396	0,961788	212674,350772	-0,205251	0,000102	3,135232	1,577876	2,036852	-0,124483	-0,124484	0,000000	1,562297	1,187044	0,200395
177,000000	7,398942	7,429479	0,559666	0,091493	1,188758	-14507,994540	-10942,566792	-2984,798266	-13230,735573	-13850,805099	7,648271	20,479138	22,044736	22,812719	28,466399	23,316940	23,600484	-2,908175	1,267645	0,961355	213495,744234	-0,203521	0,000167	3,096793	1,579089	2,036968	-0,124487	-0,124474	0,000000	1,560936	1,185359	0,200221
177,200000	7,398889	7,429517	0,552113	0,090705	1,201729	-14335,364039	-10941,106666	-2984,488423	-13130,269727	-13750,339254	7,646964	20,462680	22,048100	22,814180	28,468164	23,315559	23,601218	-2,908355	1,268733	0,961211	213932,815738	-0,202837	0,000288	3,007608	1,581477	2,035728	-0,124486	-0,124469	0,000000	1,560219	1,192938	0,200129
177,400000	7,398508	7,429424	0,545530	0,089540	1,212829	-13891,182653	-10939,502543	-2984,434671	-12783,434635	-13403,504161	7,645506	20,456397	22,050788	22,814936	28,465586	23,320082	23,599594	-2,908645	1,268486	0,961777	214166,637520	-0,203036	0,000500	2,943925	1,584828	2,033817	-0,124475	-0,124476	0,000000	1,559945	1,200532	0,200093
177,600000	7,398089	7,429170	0,546897	0,089525	1,219638	-13289,040022	-10938,886204	-2984,322406	-12215,931575	-12836,001101	7,644263	20,457226	22,054690	22,816046	28,461361	23,329096	23,595522	-2,908749	1,267957	0,961878	214568,809032	-0,203486	0,000474	2,983301	1,587627	2,033489	-0,124468	-0,124486	0,000000	1,559981	1,201532	0,200098
177,800000	7,397563	7,428921	0,545312	0,090431	1,220207	-12561,031444	-10940,473268	-2984,456701	-11471,350055	-12091,419582	7,643196	20,446423	22,055653	22,818328	28,464417	23,337387	23,591362	-2,908528	1,267725	0,961357	215416,948460	-0,203658	0,000239	3,118262	1,588544	2,036299	-0,124471	-0,124493	0,000000	1,559510	1,203426	0,200038
178,000000	7,396767	7,428943	0,529479	0,091088	1,218457	-11638,721763	-10910,523150	-2985,099930	-10573,688111	-11193,757637	7,641994	20,408132	22,050338	22,819077	28,475499	23,337412	23,588906	-2,908388	1,267354	0,961444	216331,974701	-0,203352	0,000157	3,215102	1,588187	2,039952	-0,124479	-0,124496	0,000000	1,557841	1,215661	0,199824
178,200000	7,396201	7,429041	0,509502	0,091184	1,216180	-10598,010402	-10636,266209	-2985,914618	-9588,330887	-10208,400413	7,640533	20,368231	22,041907	22,816249	28,482473	23,328284	23,589115	-2,908402	1,266506	0,961866	217179,315992	-0,203311	0,000437	3,240708	1,587538	2,041284	-0,124489	-0,124489	0,000000	1,556100	1,231309	0,199600
178,400000	7,396105	7,428697	0,496093	0,090659	1,211573	-9634,963763	-10005,176802	-2985,976055	-8664,652608	-9284,722134	7,639145	20,353414	22,037487	22,813787	28,479477	23,319808	23,592047	-2,908414	1,266252	0,962508	218154,378745	-0,202995	0,000891	3,276758	1,586460	2,040776	-0,124494	-0,124477	0,000000	1,555453	1,241453	0,199517
178,600000	7,396159	7,428009	0,479777	0,089992	1,203681	-8961,150342	-9379,838240	-2985,256235	-7991,630933	-8611,700459	7,638169	20,357247	22,040239	22,814872	28,473126	23,318171	23,593718	-2,908396	1,266933	0,963004	218531,873848	-0,202435	0,001016	3,280823	1,585147	2,039437	-0,124492	-0,124474	0,000000	1,555620	1,253974	0,199539
178,800000	7,395951	7,427498	0,451312	0,090108	1,196343	-8655,322967	-9070,183031	-2984,950144	-7632,852656	-8252,922182	7,637171	20,361615	22,042339	22,816226	28,471429	23,320329	23,593697	-2,908395	1,266941	0,962597	217936,842903	-0,203161	0,000753	3,290937	1,584313	2,038616	-0,124488	-0,124476	0,000000	1,555811	1,277816	0,199563
179,000000	7,395498	7,427294	0,418095	0,090542	1,191310	-8585,624372	-9086,251203	-2985,206262	-7545,964016	-8166,033542	7,635707	20,345033	22,038032	22,816820	28,473798	23,320380	23,597620	-2,908306	1,267017	0,961736	217126,417992	-0,204296	0,000394	3,274953	1,583228	2,038997	-0,124486	-0,124481	0,000000	1,555087	1,306840	0,199470
179,200000	7,395390	7,427278	0,401622	0,090449	1,186670	-8666,712099	-9406,539546	-2985,565033	-7737,191640	-8357,261167	7,634083	20,304168	22,030800	22,816819	28,477142	23,316658	23,603823	-2,908077	1,267083	0,961324	216189,530837	-0,204856	0,000167	3,198970	1,581658	2,039416	-0,124485	-0,124486	0,000000	1,553301	1,320906	0,199241
179,400000	7,395668	7,427136	0,410833	0,089872	1,177834	-9024,416585	-9976,117585	-2985,933154	-8217,838695	-8837,908221	7,632586	20,266313	22,025017	22,813221	28,482927	23,313164	23,608653	-2,907964	1,266116	0,961911	214907,054073	-0,205149	0,000109	3,217791	1,581869	2,038494	-0,124483	-0,124489	0,000000	1,551646	1,312474	0,199029
179,600000	7,395729	7,426561	0,432940	0,089295	1,159433	-9841,319561	-10606,629438	-2985,812822	-8996,009058	-9616,078584	7,631057	20,252268	22,025505	22,808933	28,483582	23,310959	23,610570	-2,908056	1,265983	0,963244	214004,315986	-0,204760	0,000264	3,242086	1,584135	2,036220	-0,124484	-0,124489	0,000000	1,551031	1,294001	0,198950
179,800000	7,395321	7,425722	0,460368	0,089228	1,135866	-10979,183728	-10973,971378	-2985,306827	-10000,908160	-10620,977686	7,629663	20,259053	22,035378	22,809684	28,471749	23,310281	23,607249	-2,908297	1,266741	0,963835	213696,345422	-0,203960	0,000585	3,086444	1,586282	2,034067	-0,124486	-0,124489	0,000000	1,551328	1,271228	0,198988
180,000000	7,394575	7,425064	0,481227	0,089630	1,124347	-11973,773845	-11018,295848	-2984,955814	-10945,830992	-11565,900518	7,628737	20,271609	22,049085	22,814032	28,455895	23,314148	23,599314	-2,908584	1,266971	0,962689	213571,789964	-0,203734	0,000679	2,898960	1,587823	2,033613	-0,124484	-0,124489	0,000000	1,551877	1,254353	0,199059
180,200000	7,393979	7,424749	0,480005	0,090365	1,129521	-12437,097925	-10962,556436	-2984,879894	-11530,775356	-12150,844882	7,627860	20,277751	22,055288	22,816265	28,449655	23,319332	23,594252	-2,908551	1,267375	0,961275	213373,468671	-0,204399	0,000454	2,973483	1,588066	2,035123	-0,124483	-0,124487	0,000000	1,552146	1,255499	0,199093
180,400000	7,394007	7,424748	0,473597	0,091580	1,135686	-12423,343933	-10934,384112	-2985,005055	-11754,294292	-12374,363818	7,626431	20,278492	22,050394	22,815313	28,454919	23,322806	23,597679	-2,908339	1,268223	0,960953	212993,961343	-0,204668	0,000193	3,182689	1,585908	2,037034	-0,124480	-0,124487	0,000000	1,552178	1,259273	0,199097
180,600000	7,394294	7,424820	0,487044	0,091959	1,136797	-12405,679810	-10935,498300	-2984,982220	-11854,565739	-12474,635265	7,624600	20,280665	22,043579	22,814773	28,462937	23,327988	23,601144	-2,908430	1,268674	0,961283	212626,091788	-0,203177	-3,006779E-6	3,179983	1,583065	2,038027	-0,124477	-0,124487	0,000000	1,552273	1,245690	0,199109
180,800000	7,394037	7,424761	0,502613	0,091142	1,131715	-12628,316532	-10941,973632	-2985,007603	-11977,110531	-12597,180057	7,623260	20,283939	22,044259	22,816008	28,468285	23,334191	23,597698	-2,908593	1,268414	0,961859	212321,238189	-0,202207	-0,000169	3,122654	1,581927	2,038000	-0,124478	-0,124488	0,000000	1,552417	1,231900	0,199128
181,000000	7,393199	7,424612	0,498180	0,091568	1,121503	-12780,523682	-10944,727931	-2985,387622	-11991,260540	-12611,330067	7,622463	20,287444	22,049772	22,816842	28,470086	23,336821	23,589609	-2,908458	1,267510	0,962601	212106,443774	-0,204103	-4,159198E-5	3,255854	1,582578	2,037890	-0,124482	-0,124492	0,000000	1,552570	1,236037	0,199147
181,200000	7,392757	7,424343	0,484753	0,093034	1,121820	-12506,638150	-10944,058485	-2985,472870	-11685,897073	-12305,966600	7,621390	20,295785	22,051346	22,815665	28,469625	23,333436	23,580824	-2,908333	1,266949	0,962696	212403,781150	-0,205740	0,000279	3,344981	1,584237	2,038524	-0,124488	-0,124496	0,000000	1,552935	1,248490	0,199194
181,400000	7,392685	7,424032	0,471529	0,092968	1,132745	-11778,513800	-10938,363838	-2985,022583	-11017,740722	-11637,810249	7,619982	20,316050	22,046707	22,814872	28,470745	23,324160	23,579438	-2,908391	1,267381	0,961930	213220,264355	-0,205053	0,000254	3,209711	1,586140	2,039501	-0,124490	-0,124494	0,000000	1,553820	1,261189	0,199308
181,600000	7,392506	7,423838	0,456126	0,091787	1,138765	-10797,537727	-10766,888832	-2984,521572	-10079,667733	-10699,737259	7,618578	20,346802	22,037456	22,815620	28,475274	23,312071	23,588486	-2,908337	1,268111	0,961767	213785,649015	-0,203483	9,785523E-5	3,037336	1,587241	2,039440	-0,124485	-0,124483	0,000000	1,555164	1,275407	0,199480
181,800000	7,392489	7,423775	0,440321	0,090604	1,140643	-9775,853114	-10157,055242	-2984,259555	-9014,272238	-9634,341764	7,617204	20,364468	22,028036	22,815549	28,478362	23,307308	23,600893	-2,908213	1,268456	0,962360	213834,115558	-0,202179	0,000229	2,979845	1,587149	2,038547	-0,124478	-0,124468	0,000000	1,555935	1,289337	0,199579
182,000000	7,392507	7,423663	0,427071	0,089465	1,140862	-8907,986595	-9320,040736	-2984,425059	-8061,989361	-8682,058888	7,615795	20,365617	22,024710	22,814951	28,477084	23,315042	23,608191	-2,908235	1,267861	0,962719	213763,601898	-0,201937	0,000409	2,978563	1,585995	2,038114	-0,124476	-0,124468	0,000000	1,555986	1,300346	0,199586
182,200000	7,392495	7,423388	0,417421	0,089497	1,133728	-8546,208638	-8967,053931	-2985,025143	-7585,578081	-8205,647608	7,614369	20,372865	22,027274	22,815188	28,476051	23,323743	23,606878	-2,908267	1,266946	0,962533	214008,687562	-0,203123	0,000423	3,049666	1,584107	2,038320	-0,124481	-0,124485	0,000000	1,556302	1,307597	0,199626
182,400000	7,392572	7,422866	0,411377	0,091004	1,125606	-8937,612004	-9476,297526	-2985,584886	-7829,366758	-8449,436284	7,612986	20,379634	22,032762	22,814976	28,479494	23,323370	23,603060	-2,908206	1,266369	0,962061	214605,643906	-0,204555	0,000356	3,211405	1,582514	2,039241	-0,124486	-0,124495	0,000000	1,556597	1,311812	0,199664
182,600000	7,392601	7,422421	0,399607	0,091842	1,125095	-9861,190825	-10396,517527	-2985,587319	-8679,375175	-9299,444702	7,611580	20,393803	22,036804	22,814557	28,480340	23,317493	23,601924	-2,908171	1,265991	0,962121	215152,970193	-0,204355	0,000275	3,256824	1,582049	2,038766	-0,124487	-0,124487	0,000000	1,557216	1,322395	0,199743
182,800000	7,392275	7,422086	0,383054	0,090809	1,130106	-10789,761304	-10974,991464	-2985,139402	-9685,888677	-10305,958203	7,610333	20,440389	22,037059	22,812858	28,472939	23,312804	23,602260	-2,908214	1,266147	0,962805	215603,411214	-0,203148	0,000357	3,125391	1,582569	2,035530	-0,124482	-0,124479	0,000000	1,559247	1,338591	0,200004
183,000000	7,391567	7,421594	0,386752	0,089498	1,136017	-11296,837161	-11058,926028	-2984,677145	-10353,306750	-10973,376276	7,609360	20,486908	22,038519	22,810901	28,464521	23,313215	23,602689	-2,908370	1,267069	0,963472	215974,999329	-0,202608	0,000624	3,055146	1,583125	2,032864	-0,124475	-0,124472	0,000000	1,561274	1,335382	0,200264
183,200000	7,390588	7,421376	0,411354	0,089508	1,137739	-11390,085177	-10975,722713	-2984,559816	-10564,207354	-11184,276881	7,608256	20,502711	22,044521	22,814081	28,459416	23,321115	23,601299	-2,908633	1,267373	0,963356	215895,155637	-0,202639	0,000748	3,194320	1,582100	2,032941	-0,124470	-0,124471	0,000000	1,561962	1,311175	0,200352
183,400000	7,389583	7,421443	0,439969	0,090625	1,130049	-11332,755035	-10928,979280	-2984,803452	-10538,491264	-11158,560790	7,607079	20,505768	22,051165	22,818302	28,457852	23,331279	23,596722	-2,908972	1,266807	0,962178	215373,868881	-0,202338	0,000563	3,313189	1,579280	2,034895	-0,124473	-0,124478	0,000000	1,562095	1,282802	0,200369
183,600000	7,389151	7,421652	0,470276	0,091671	1,119273	-11421,412346	-10929,548941	-2985,243184	-10556,952940	-11177,022466	7,605960	20,502436	22,051481	22,818110	28,461642	23,334720	23,592671	-2,909041	1,266549	0,961135	214875,224684	-0,202622	0,000231	3,159379	1,576736	2,037702	-0,124479	-0,124483	0,000000	1,561950	1,254373	0,200351
183,800000	7,389247	7,421837	0,490584	0,092266	1,117789	-11894,391165	-10940,291328	-2985,721791	-10884,180340	-11504,249866	7,604589	20,489175	22,044349	22,815820	28,469009	23,331715	23,593132	-2,908549	1,266511	0,961345	214466,634782	-0,203846	5,606841E-5	2,884310	1,575254	2,039320	-0,124487	-0,124484	0,000000	1,561373	1,236181	0,200277
184,000000	7,389228	7,421554	0,493332	0,092734	1,123737	-12588,187162	-10943,800030	-2985,806138	-11521,148010	-12141,217537	7,602989	20,481562	22,038127	22,813409	28,472250	23,328338	23,593033	-2,908153	1,266912	0,962146	214089,175841	-0,204252	0,000205	2,748547	1,573705	2,038693	-0,124494	-0,124487	0,000000	1,561041	1,232674	0,200234
184,200000	7,388889	7,421043	0,483102	0,092873	1,129044	-13076,685554	-10942,394488	-2985,443844	-12075,010286	-12695,079813	7,601623	20,483194	22,039190	22,813055	28,468574	23,326633	23,588955	-2,908268	1,267271	0,962277	213807,343585	-0,203721	0,000449	2,772352	1,572302	2,037490	-0,124493	-0,124485	0,000000	1,561112	1,239984	0,200243
184,400000	7,388427	7,420645	0,464193	0,092587	1,135227	-13060,793487	-10941,859308	-2985,013933	-12125,108653	-12745,178179	7,600488	20,478955	22,044651	22,816664	28,468317	23,324748	23,586200	-2,908468	1,266960	0,961992	213583,133439	-0,203231	0,000503	2,803751	1,571947	2,037118	-0,124486	-0,124482	0,000000	1,560928	1,255644	0,200220
184,600000	7,388123	7,420516	0,446940	0,092029	1,141070	-12464,542303	-10942,028097	-2984,883544	-11580,338873	-12200,408399	7,599145	20,468068	22,046289	22,820235	28,476153	23,321698	23,587366	-2,908523	1,266939	0,962340	213405,625723	-0,203146	0,000392	2,876358	1,572344	2,037793	-0,124487	-0,124484	0,000000	1,560454	1,270941	0,200159
184,800000	7,388068	7,420615	0,441008	0,091394	1,136601	-11526,791994	-10940,712085	-2985,241631	-10700,580963	-11320,650489	7,597828	20,461061	22,038783	22,818821	28,483013	23,317589	23,593945	-2,908437	1,266830	0,962874	213209,824229	-0,203852	0,000146	3,117793	1,573417	2,038906	-0,124491	-0,124487	0,000000	1,560148	1,277097	0,200120
185,000000	7,388168	7,420362	0,440013	0,090769	1,127193	-10703,663427	-10939,663228	-2985,736301	-9913,032687	-10533,102213	7,596720	20,471989	22,026070	22,814302	28,487180	23,311853	23,606552	-2,908191	1,265771	0,962618	213073,308449	-0,205014	-0,000103	3,255069	1,575638	2,039205	-0,124491	-0,124487	0,000000	1,560624	1,279783	0,200181
185,200000	7,388484	7,419585	0,430932	0,090432	1,122233	-10301,419197	-10936,913553	-2986,166295	-9477,900377	-10097,969904	7,595421	20,505836	22,018627	22,811066	28,488093	23,308874	23,615338	-2,907878	1,265048	0,962118	213595,727401	-0,206206	-0,000142	3,207098	1,577915	2,038328	-0,124487	-0,124484	0,000000	1,562098	1,289668	0,200370
185,400000	7,388633	7,418825	0,421873	0,090385	1,115131	-10274,870478	-10930,925952	-2986,155370	-9330,102522	-9950,172048	7,593924	20,539638	22,022452	22,810012	28,479768	23,312914	23,611371	-2,907832	1,265444	0,962176	214806,508867	-0,206488	9,661118E-6	3,241340	1,578954	2,037006	-0,124485	-0,124480	0,000000	1,563569	1,298595	0,200558
185,600000	7,388336	7,418452	0,419916	0,090170	1,104333	-10357,578488	-10923,171469	-2985,471909	-9298,225798	-9918,295324	7,592508	20,556225	22,032182	22,811297	28,467231	23,318785	23,600763	-2,908145	1,266266	0,962427	215334,643831	-0,205308	0,000328	3,233329	1,579249	2,035633	-0,124485	-0,124480	0,000000	1,564291	1,300510	0,200651
185,800000	7,387921	7,418387	0,413040	0,090519	1,093398	-10382,338592	-10917,761263	-2984,927220	-9302,034933	-9922,104460	7,591272	20,562033	22,039782	22,813946	28,460964	23,321232	23,593643	-2,908419	1,267256	0,962837	214509,892114	-0,204045	0,000618	3,080619	1,579462	2,034746	-0,124487	-0,124481	0,000000	1,564543	1,306967	0,200683
186,000000	7,387604	7,418475	0,401532	0,091403	1,088616	-10457,500186	-10924,883687	-2984,715880	-9399,986751	-10020,056277	7,590132	20,562780	22,042903	22,814840	28,461657	23,321235	23,592584	-2,908508	1,268131	0,963572	213403,295885	-0,203517	0,000583	3,051161	1,579174	2,035186	-0,124487	-0,124480	0,000000	1,564576	1,317476	0,200687
186,200000	7,387397	7,418460	0,403989	0,091272	1,095645	-10811,200696	-10938,283337	-2984,564587	-9759,571085	-10379,640611	7,588853	20,555154	22,044349	22,813858	28,462540	23,321907	23,596726	-2,908496	1,268146	0,963697	213038,725051	-0,203165	0,000214	3,283009	1,578406	2,036176	-0,124480	-0,124481	0,000000	1,564244	1,314536	0,200645
186,400000	7,387003	7,418158	0,424145	0,090460	1,102621	-11493,323587	-10943,734570	-2984,857372	-10464,088436	-11084,157962	7,587411	20,543637	22,046373	22,812717	28,460310	23,326954	23,601727	-2,908482	1,266961	0,962985	213278,106255	-0,202963	-1,327511E-5	3,486983	1,578137	2,036610	-0,124472	-0,124483	0,000000	1,563743	1,295652	0,200581
186,600000	7,386216	7,417772	0,443642	0,090386	1,103160	-12283,704614	-10942,818568	-2985,316696	-11339,923213	-11959,992740	7,586094	20,541311	22,048892	22,813360	28,457964	23,337081	23,599714	-2,908537	1,266117	0,962235	213285,257302	-0,203239	0,000263	3,468163	1,578237	2,037465	-0,124468	-0,124484	0,000000	1,563642	1,278156	0,200568
186,800000	7,385489	7,417462	0,452383	0,090732	1,106636	-12924,273396	-10942,923362	-2985,450028	-12079,978190	-12700,047716	7,585057	20,551810	22,050619	22,816220	28,459832	23,342382	23,591314	-2,908641	1,266179	0,961953	212629,355740	-0,203285	0,000584	3,402236	1,577988	2,038558	-0,124475	-0,124489	0,000000	1,564099	1,270208	0,200626
187,000000	7,385226	7,417189	0,456145	0,091469	1,109756	-13352,030195	-10943,556636	-2985,571861	-12544,825435	-13164,894961	7,584087	20,562500	22,048231	22,818375	28,462398	23,333559	23,585888	-2,908722	1,265885	0,962069	211810,499475	-0,203312	0,000434	3,285063	1,577705	2,039810	-0,124491	-0,124492	0,000000	1,564563	1,266658	0,200686
187,200000	7,385143	7,416815	0,465647	0,092240	1,103410	-13704,899441	-10941,534462	-2985,531283	-12854,621414	-13474,690940	7,582925	20,551030	22,042139	22,818377	28,465438	23,319089	23,588993	-2,908536	1,266295	0,962002	211091,386925	-0,203827	0,000269	3,119229	1,578311	2,041282	-0,124503	-0,124485	0,000000	1,564065	1,258884	0,200622
187,400000	7,384922	7,416496	0,483293	0,091375	1,097807	-14037,230419	-10939,474772	-2985,322436	-13121,710656	-13741,780183	7,581423	20,515310	22,036935	22,817383	28,471089	23,312637	23,596314	-2,908321	1,266925	0,961887	210305,791275	-0,204046	0,000541	3,178565	1,580040	2,040685	-0,124502	-0,124480	0,000000	1,562511	1,245243	0,200423
187,600000	7,384576	7,416383	0,496707	0,090216	1,102644	-14177,358689	-10939,293768	-2985,269498	-13254,811184	-13874,880711	7,579642	20,475355	22,033337	22,816686	28,472641	23,315891	23,601406	-2,908441	1,266364	0,961981	210221,446991	-0,203699	0,000687	3,356718	1,581923	2,038763	-0,124489	-0,124484	0,000000	1,560771	1,235541	0,200199
187,800000	7,384279	7,416204	0,492672	0,090971	1,112096	-14033,745434	-10940,543178	-2985,370445	-13177,117515	-13797,187042	7,578065	20,452279	22,031359	22,818674	28,472058	23,322928	23,603970	-2,908603	1,266022	0,961968	211369,441758	-0,203728	0,000454	3,269970	1,582800	2,037602	-0,124482	-0,124490	0,000000	1,559766	1,239532	0,200070
188,000000	7,384060	7,415922	0,475745	0,092197	1,119023	-13683,579471	-10942,535177	-2985,662075	-12933,030344	-13553,099871	7,576786	20,454330	22,031116	22,820628	28,477722	23,326754	23,605541	-2,908511	1,266264	0,962009	212749,166680	-0,204599	0,000287	3,073381	1,582491	2,037776	-0,124489	-0,124490	0,000000	1,559855	1,253485	0,200082
188,200000	7,383922	7,415509	0,463687	0,091836	1,124560	-13161,866607	-10943,148264	-2986,010778	-12492,610299	-13112,679825	7,575440	20,463987	22,029278	22,816245	28,486722	23,321151	23,605700	-2,908255	1,265952	0,962489	213911,055528	-0,205228	0,000314	3,091575	1,581305	2,038414	-0,124496	-0,124487	0,000000	1,560276	1,262863	0,200136
188,400000	7,383911	7,415063	0,457988	0,090287	1,129693	-12460,924318	-10941,882634	-2986,113723	-11788,621927	-12408,691454	7,574205	20,469793	22,026949	22,811083	28,490946	23,309909	23,604177	-2,907966	1,265633	0,962928	215147,439179	-0,205567	0,000391	3,121619	1,579976	2,037448	-0,124496	-0,124483	0,000000	1,560529	1,266709	0,200168
188,600000	7,383974	7,414661	0,445404	0,089410	1,125158	-11611,454440	-10936,756253	-2985,641080	-10895,428035	-11515,497561	7,573176	20,474398	22,029991	22,811239	28,486335	23,304695	23,604009	-2,907879	1,266278	0,963001	216072,427041	-0,205692	0,000469	3,038067	1,579514	2,035093	-0,124491	-0,124478	0,000000	1,560729	1,277287	0,200194
188,800000	7,383945	7,414112	0,427712	0,090014	1,112230	-10753,999707	-10832,130295	-2984,951184	-9990,344218	-10610,413744	7,571975	20,470038	22,039059	22,812603	28,472491	23,309798	23,604332	-2,908200	1,267352	0,962889	216739,560991	-0,205078	0,000515	2,977193	1,580215	2,033098	-0,124483	-0,124473	0,000000	1,560539	1,293545	0,200170
189,000000	7,383539	7,413617	0,418558	0,091028	1,105649	-10102,107532	-10528,266804	-2984,495386	-9228,304384	-9848,373910	7,570493	20,458287	22,046724	22,814130	28,460382	23,320376	23,601789	-2,908564	1,268456	0,962585	217364,011794	-0,204202	0,000528	2,959614	1,582004	2,033258	-0,124470	-0,124473	0,000000	1,560027	1,303233	0,200104
189,200000	7,382895	7,413500	0,415361	0,091580	1,106940	-9771,793175	-10194,515695	-2984,332402	-8731,318012	-9351,387539	7,568959	20,455283	22,048289	22,817763	28,458176	23,330619	23,599431	-2,908670	1,268810	0,962184	217595,761233	-0,202921	0,000505	3,065799	1,584274	2,035830	-0,124464	-0,124477	0,000000	1,559897	1,308008	0,200087
189,400000	7,382287	7,413863	0,403492	0,091996	1,107967	-9625,836705	-9950,281667	-2984,761817	-8470,146048	-9090,215574	7,567669	20,462543	22,045280	22,819820	28,462144	23,337173	23,597951	-2,908726	1,267776	0,961654	217456,003517	-0,202145	0,000359	3,178963	1,586209	2,038283	-0,124474	-0,124477	0,000000	1,560213	1,320750	0,200128
189,600000	7,381820	7,414292	0,384848	0,092363	1,102899	-9359,306656	-9586,512621	-2985,331970	-8196,915834	-8816,985360	7,566574	20,456576	22,041075	22,816602	28,469663	23,337229	23,595682	-2,908689	1,266579	0,961556	216943,272739	-0,203201	0,000242	3,132727	1,587359	2,038512	-0,124483	-0,124482	0,000000	1,559953	1,339627	0,200094
189,800000	7,381583	7,414039	0,367380	0,091906	1,093183	-8998,034627	-9195,281048	-2985,332506	-7858,461855	-8478,531381	7,565539	20,426872	22,041270	22,812298	28,474450	23,331716	23,591568	-2,908510	1,266152	0,962540	215798,895098	-0,204343	0,000383	3,087286	1,587453	2,037952	-0,124484	-0,124489	0,000000	1,558658	1,356827	0,199928
190,000000	7,381221	7,413381	0,353999	0,091110	1,088600	-8951,598268	-9287,467967	-2985,105459	-7789,863650	-8409,933176	7,564528	20,397549	22,046821	22,812864	28,472884	23,326779	23,584586	-2,908437	1,265885	0,963048	214605,227654	-0,204161	0,000557	3,124307	1,585800	2,038361	-0,124482	-0,124491	0,000000	1,557379	1,368699	0,199764
190,200000	7,380721	7,413124	0,358197	0,090803	1,087180	-9449,272148	-9979,791328	-2985,078750	-8274,980700	-8895,050226	7,563359	20,378305	22,051142	22,817122	28,472067	23,324491	23,579919	-2,908478	1,266104	0,962327	214259,357906	-0,203648	0,000577	3,107365	1,582150	2,039042	-0,124481	-0,124483	0,000000	1,556539	1,361260	0,199657
190,400000	7,380541	7,413115	0,375537	0,090926	1,081073	-10318,990497	-10731,880894	-2985,273020	-9237,188482	-9857,258008	7,562044	20,354998	22,044729	22,819429	28,477170	23,319224	23,584758	-2,908477	1,266715	0,962382	214608,864859	-0,203516	0,000541	3,070280	1,578660	2,039484	-0,124484	-0,124476	0,000000	1,555522	1,341139	0,199526
190,600000	7,380519	7,412761	0,383947	0,091505	1,073601	-11208,723086	-11047,183822	-2985,688492	-10330,872986	-10950,942512	7,560528	20,334148	22,028974	22,818388	28,482937	23,312985	23,598721	-2,908456	1,266734	0,962634	214541,359857	-0,204017	0,000401	3,193931	1,577353	2,040031	-0,124489	-0,124473	0,000000	1,554611	1,331856	0,199409
190,800000	7,380530	7,412259	0,392792	0,091331	1,062888	-11872,526156	-11019,735159	-2986,156806	-11177,597193	-11797,666719	7,558729	20,343255	22,016971	22,816392	28,481613	23,313550	23,612110	-2,908366	1,266177	0,962024	213428,229746	-0,205147	0,000205	3,336501	1,577233	2,040224	-0,124495	-0,124472	0,000000	1,555009	1,323218	0,199460
191,000000	7,380601	7,411921	0,418796	0,090722	1,046659	-12326,006854	-10948,828644	-2986,255718	-11667,847499	-12287,917025	7,557188	20,383670	22,015986	22,814872	28,475548	23,317895	23,614669	-2,908170	1,265242	0,962052	212090,743837	-0,205899	7,837939E-5	3,266107	1,576741	2,039170	-0,124495	-0,124477	0,000000	1,556774	1,298479	0,199687
191,200000	7,380509	7,411443	0,446920	0,091344	1,036150	-12710,237534	-10929,164936	-2985,971458	-12000,803253	-12620,872779	7,556092	20,423690	22,022945	22,813531	28,472106	23,321571	23,605950	-2,908092	1,264519	0,962527	210932,537040	-0,205739	7,154476E-5	3,114545	1,576308	2,037557	-0,124492	-0,124484	0,000000	1,558519	1,272800	0,199911
191,400000	7,380225	7,410966	0,456977	0,091922	1,034609	-13012,067997	-10935,712617	-2985,497625	-12315,420316	-12935,489842	7,554889	20,442681	22,029635	22,812646	28,472933	23,322675	23,596358	-2,908117	1,264855	0,962289	209660,645117	-0,205334	0,000187	3,160280	1,577092	2,036406	-0,124492	-0,124486	0,000000	1,559347	1,264574	0,200017
191,600000	7,379894	7,410741	0,452331	0,090978	1,035154	-13138,090719	-10941,709764	-2985,033082	-12512,177576	-13132,247103	7,553592	20,439194	22,032871	22,813284	28,473502	23,318626	23,594874	-2,908128	1,266465	0,961942	208884,936832	-0,204996	0,000387	3,264587	1,578674	2,035452	-0,124490	-0,124482	0,000000	1,559195	1,269860	0,199997
191,800000	7,379613	7,410543	0,444012	0,090027	1,039732	-13144,652094	-10942,107650	-2984,781536	-12523,373353	-13143,442880	7,552528	20,426705	22,035297	22,814212	28,467282	23,313809	23,600024	-2,908162	1,268097	0,962569	208843,400010	-0,204914	0,000587	3,238518	1,579292	2,034577	-0,124485	-0,124477	0,000000	1,558651	1,277617	0,199927
192,000000	7,379333	7,410151	0,434861	0,090164	1,049652	-13138,173062	-10940,680273	-2984,608771	-12459,288584	-13079,358111	7,551454	20,443696	22,037778	22,814196	28,458836	23,317175	23,604446	-2,908279	1,268473	0,963507	209062,661555	-0,204861	0,000561	3,320652	1,578423	2,034351	-0,124482	-0,124476	0,000000	1,559392	1,284966	0,200022
192,200000	7,378877	7,409762	0,427937	0,090005	1,058306	-13103,238934	-10940,876253	-2984,522919	-12383,429920	-13003,499447	7,550145	20,498534	22,040363	22,814565	28,457272	23,328319	23,602008	-2,908484	1,267941	0,963286	209841,180417	-0,204335	0,000324	3,437695	1,577774	2,035297	-0,124477	-0,124485	0,000000	1,561780	1,290600	0,200329
192,400000	7,378304	7,409733	0,424056	0,089929	1,065159	-12993,496235	-10942,014502	-2984,562802	-12212,574592	-12832,644119	7,548728	20,542357	22,042896	22,815060	28,461163	23,336481	23,594244	-2,908565	1,267294	0,962263	211226,703052	-0,203979	0,000179	3,382249	1,579444	2,037400	-0,124471	-0,124497	0,000000	1,563688	1,295499	0,200573
192,600000	7,377979	7,409829	0,418206	0,091339	1,072604	-12715,178882	-10943,523427	-2984,758621	-11829,815127	-12449,884653	7,547235	20,554724	22,044469	22,815107	28,465459	23,337106	23,588057	-2,908492	1,266782	0,961865	212462,537149	-0,204099	0,000230	3,294530	1,582692	2,039992	-0,124478	-0,124498	0,000000	1,564225	1,303552	0,200642
192,800000	7,377741	7,409961	0,405623	0,092551	1,075906	-12042,710793	-10920,033676	-2984,901828	-11144,370907	-11764,440434	7,545861	20,556121	22,043559	22,815930	28,468531	23,332086	23,586462	-2,908431	1,266578	0,962054	213550,792232	-0,203649	0,000390	3,192951	1,584580	2,040908	-0,124488	-0,124490	0,000000	1,564286	1,316825	0,200650
193,000000	7,377360	7,409973	0,389408	0,091985	1,070789	-10932,167540	-10620,723723	-2985,058683	-10103,783242	-10723,852768	7,544663	20,551873	22,038957	22,815033	28,471770	23,324161	23,587849	-2,908442	1,266398	0,962065	214532,838770	-0,203510	0,000599	3,029261	1,583965	2,038897	-0,124489	-0,124481	0,000000	1,564101	1,331704	0,200627
193,200000	7,377152	7,409354	0,377476	0,091079	1,062981	-9645,493702	-9719,702255	-2985,293829	-8783,740188	-9403,809715	7,543401	20,558970	22,035118	22,813006	28,471945	23,320168	23,590982	-2,908494	1,266068	0,962074	215136,894167	-0,204216	0,000740	2,891588	1,582502	2,037248	-0,124484	-0,124475	0,000000	1,564410	1,341914	0,200666
193,400000	7,376959	7,408668	0,363957	0,091323	1,055244	-8470,035207	-8468,916485	-2985,171008	-7477,635806	-8097,705332	7,542246	20,594345	22,035737	22,815994	28,471539	23,322755	23,594474	-2,908520	1,266560	0,962393	215519,184286	-0,203505	0,000790	2,874098	1,582450	2,037526	-0,124479	-0,124476	0,000000	1,565948	1,355049	0,200863
193,600000	7,376420	7,408617	0,340400	0,092122	1,041856	-7671,278598	-7608,145512	-2985,142245	-6573,901044	-7193,970570	7,541078	20,622871	22,035881	22,820886	28,477129	23,325105	23,596956	-2,908572	1,266847	0,962674	215629,596203	-0,202562	0,000634	2,975441	1,583497	2,038181	-0,124480	-0,124485	0,000000	1,567187	1,379779	0,201022
193,800000	7,376122	7,408808	0,319039	0,091966	1,022804	-7560,878556	-7679,233942	-2985,493690	-6396,403897	-7016,473424	7,539530	20,621920	22,029595	22,820041	28,483564	23,321363	23,600047	-2,908401	1,266245	0,962750	215383,435920	-0,203400	0,000221	3,069676	1,584213	2,039700	-0,124489	-0,124490	0,000000	1,567145	1,402833	0,201017
194,000000	7,376500	7,408574	0,318589	0,091093	1,001382	-8250,570303	-8718,877088	-2985,763377	-7051,905901	-7671,975428	7,537952	20,611930	22,020395	22,815260	28,486950	23,315407	23,606109	-2,907921	1,266183	0,962849	214994,391255	-0,204548	-3,334468E-5	3,086762	1,584912	2,040266	-0,124496	-0,124488	0,000000	1,566712	1,403931	0,200961
194,200000	7,376737	7,407946	0,343788	0,090826	0,983698	-9440,290607	-10100,053344	-2985,719797	-8285,787077	-8905,856603	7,536682	20,616094	22,016725	22,810958	28,483833	23,312519	23,610339	-2,907745	1,266360	0,962977	214059,851826	-0,204953	0,000279	3,062947	1,586191	2,038053	-0,124494	-0,124478	0,000000	1,566892	1,378608	0,200985
194,400000	7,376562	7,407143	0,380851	0,090920	0,980464	-10655,849105	-10955,043217	-2985,368995	-9636,715466	-10256,784993	7,535659	20,632502	22,022869	22,809959	28,473346	23,313325	23,608159	-2,908071	1,266340	0,963318	212446,921261	-0,204742	0,000724	3,113384	1,587607	2,035125	-0,124490	-0,124469	0,000000	1,567605	1,342617	0,201076
194,600000	7,376250	7,406492	0,410918	0,090499	0,989531	-11669,987250	-11109,892238	-2985,196352	-10789,815247	-11409,884773	7,534596	20,643726	22,035586	22,814731	28,461440	23,318656	23,603650	-2,908460	1,266650	0,963462	211294,552794	-0,204781	0,000679	3,244450	1,588577	2,034108	-0,124485	-0,124470	0,000000	1,568092	1,314622	0,201138
194,800000	7,375671	7,406221	0,432133	0,090462	1,001866	-12545,660086	-10998,519694	-2985,275717	-11693,115305	-12313,184832	7,533203	20,649895	22,043631	22,819180	28,456330	23,326341	23,599376	-2,908679	1,267246	0,963103	210923,117740	-0,205205	0,000345	3,292775	1,588853	2,035404	-0,124483	-0,124476	0,000000	1,568360	1,295281	0,201173
195,000000	7,375114	7,406065	0,448887	0,091608	1,019693	-13306,019397	-10927,573048	-2985,073278	-12368,374230	-12988,443756	7,531712	20,654556	22,042485	22,817510	28,461921	23,330519	23,597253	-2,908663	1,267480	0,962832	210752,250459	-0,204929	8,263178E-5	3,331159	1,588206	2,036993	-0,124480	-0,124483	0,000000	1,568562	1,279783	0,201199
195,200000	7,375023	7,406056	0,458307	0,092462	1,041367	-13786,040365	-10924,699175	-2984,910580	-12769,695909	-13389,765436	7,530420	20,659296	22,039081	22,813979	28,467336	23,330634	23,600322	-2,908455	1,267045	0,962557	210526,661193	-0,204439	3,491458E-5	3,439696	1,586481	2,037608	-0,124473	-0,124489	0,000000	1,568768	1,270168	0,201225
195,400000	7,375217	7,405979	0,460050	0,092317	1,059133	-13910,169399	-10937,696928	-2985,084758	-12897,621886	-13517,691412	7,529037	20,665672	22,039697	22,812496	28,466946	23,332004	23,602195	-2,908432	1,266486	0,962174	210220,338323	-0,204318	0,000221	3,476765	1,583721	2,037097	-0,124475	-0,124488	0,000000	1,569044	1,266437	0,201261
195,600000	7,374844	7,405595	0,458048	0,091858	1,071664	-13805,048905	-10942,613771	-2985,163933	-12816,948280	-13437,017807	7,527607	20,672822	22,044884	22,813335	28,465309	23,333485	23,593545	-2,908632	1,266758	0,962050	210371,183249	-0,204211	0,000570	3,386041	1,580955	2,036328	-0,124481	-0,124486	0,000000	1,569355	1,265894	0,201300
195,800000	7,373778	7,405195	0,458325	0,091884	1,079747	-13529,335340	-10941,457444	-2984,965711	-12519,314434	-13139,383961	7,526697	20,675710	22,049921	22,816094	28,464767	23,330954	23,582154	-2,908648	1,267670	0,962058	211400,541641	-0,203952	0,000860	3,168907	1,579343	2,036495	-0,124484	-0,124486	0,000000	1,569480	1,264288	0,201316
196,000000	7,372807	7,405104	0,459706	0,092327	1,084591	-13173,917101	-10941,042822	-2984,626618	-12099,994981	-12720,064507	7,525656	20,667444	22,048206	22,818049	28,466519	23,326607	23,580738	-2,908496	1,268598	0,962069	212607,545856	-0,203628	0,000901	3,048919	1,578654	2,038385	-0,124490	-0,124487	0,000000	1,569121	1,262525	0,201270
196,200000	7,372513	7,405270	0,452650	0,091960	1,094249	-12946,057896	-10942,021687	-2984,643195	-11830,102037	-12450,171563	7,523960	20,645968	22,040074	22,817253	28,470106	23,321710	23,587597	-2,908327	1,268541	0,962353	213606,315130	-0,203452	0,000670	3,156288	1,579107	2,040964	-0,124495	-0,124482	0,000000	1,568189	1,269069	0,201151
196,400000	7,372984	7,405436	0,437975	0,090996	1,109558	-12850,297185	-10941,795832	-2985,330994	-11775,009659	-12395,079185	7,522428	20,621178	22,031880	22,816111	28,475839	23,317601	23,598507	-2,908256	1,266781	0,962518	214647,599104	-0,203805	0,000288	3,216778	1,580765	2,041495	-0,124493	-0,124477	0,000000	1,567113	1,283426	0,201013
196,600000	7,373405	7,405329	0,427201	0,090775	1,114172	-12802,397519	-10941,273050	-2985,966107	-11772,873925	-12392,943452	7,521231	20,606238	22,027355	22,815367	28,479924	23,317167	23,607914	-2,908256	1,265323	0,962005	215376,337731	-0,204862	4,827667E-5	3,131453	1,582063	2,040179	-0,124489	-0,124481	0,000000	1,566464	1,294185	0,200930
196,800000	7,373316	7,404818	0,425080	0,091127	1,106279	-12714,004448	-10942,293338	-2985,828788	-11675,049219	-12295,118745	7,519844	20,572027	22,028018	22,813866	28,479785	23,321785	23,607703	-2,908208	1,265341	0,961348	215687,342252	-0,205132	7,075213E-5	3,126610	1,582365	2,039494	-0,124487	-0,124487	0,000000	1,564978	1,296287	0,200739
197,000000	7,372924	7,404244	0,422724	0,091086	1,104272	-12362,634826	-10943,822093	-2985,342539	-11347,833277	-11967,902804	7,518404	20,503442	22,031489	22,813830	28,477577	23,324563	23,601224	-2,908266	1,265789	0,961526	215844,900003	-0,204177	0,000241	3,249414	1,582552	2,038985	-0,124486	-0,124485	0,000000	1,561994	1,298490	0,200356
197,200000	7,372433	7,403693	0,413218	0,091103	1,107756	-11698,045147	-10927,334194	-2985,107837	-10749,448617	-11369,518143	7,517518	20,449964	22,033939	22,815523	28,474986	23,316837	23,599100	-2,908374	1,266586	0,962259	215886,956555	-0,203436	0,000317	3,267317	1,583207	2,037740	-0,124489	-0,124479	0,000000	1,559665	1,307664	0,200058
197,400000	7,372210	7,403211	0,406997	0,090778	1,103826	-10862,426392	-10711,778102	-2985,356324	-9928,909440	-10548,978966	7,516739	20,437430	22,035053	22,816218	28,473124	23,307757	23,603131	-2,908396	1,267288	0,962723	215865,110548	-0,203666	0,000499	3,269809	1,584540	2,036849	-0,124492	-0,124472	0,000000	1,559118	1,314467	0,199987
197,600000	7,372110	7,402929	0,411523	0,089670	1,096880	-10056,687681	-10162,754193	-2985,688790	-9023,135612	-9643,205139	7,515336	20,443340	22,035664	22,815295	28,469069	23,307675	23,607496	-2,908324	1,266654	0,962703	215952,917932	-0,204684	0,000695	3,333693	1,586264	2,035554	-0,124487	-0,124469	0,000000	1,559376	1,311618	0,200020
197,800000	7,371855	7,402741	0,417019	0,089821	1,092060	-9558,099538	-9626,107930	-2985,556324	-8328,784740	-8948,854267	7,513489	20,438694	22,036653	22,814306	28,462495	23,315710	23,609084	-2,908274	1,265733	0,962253	216287,169192	-0,205616	0,000501	3,184448	1,587212	2,033989	-0,124476	-0,124476	0,000000	1,559174	1,307256	0,199994
198,000000	7,371406	7,402601	0,413323	0,091865	1,089854	-9484,201475	-9545,981775	-2985,191503	-8088,701603	-8708,771129	7,511638	20,412869	22,040059	22,816030	28,455723	23,329173	23,606379	-2,908328	1,265932	0,962024	216604,666965	-0,205293	0,000429	2,956583	1,587021	2,034173	-0,124469	-0,124485	0,000000	1,558048	1,310460	0,199850
198,200000	7,370859	7,402452	0,402782	0,093707	1,097135	-9784,298439	-9978,840706	-2985,054185	-8325,158993	-8945,228519	7,510390	20,384752	22,044527	22,818360	28,454861	23,340476	23,599709	-2,908507	1,266556	0,962206	216221,533612	-0,203499	0,000584	2,883640	1,586149	2,035950	-0,124473	-0,124486	0,000000	1,556821	1,319547	0,199693
198,400000	7,370313	7,402323	0,396908	0,093647	1,111417	-10400,587079	-10596,243520	-2985,230652	-8951,097110	-9571,166636	7,509463	20,376149	22,045726	22,817106	28,463820	23,341124	23,592449	-2,908698	1,267175	0,962280	215145,377247	-0,202303	0,000502	2,812489	1,584394	2,037618	-0,124482	-0,124489	0,000000	1,556445	1,323657	0,199645
198,600000	7,369946	7,402177	0,397338	0,092835	1,129071	-11180,484324	-10965,599098	-2985,396009	-9781,528065	-10401,597592	7,508247	20,379828	22,044526	22,814912	28,471244	23,332512	23,587093	-2,908604	1,267691	0,962458	214075,534987	-0,203065	0,000302	2,831143	1,582195	2,038212	-0,124489	-0,124491	0,000000	1,556606	1,321432	0,199665
198,800000	7,369844	7,401898	0,402987	0,092729	1,153011	-11862,803730	-11016,613754	-2985,179859	-10514,300498	-11134,370024	7,506982	20,377817	22,044600	22,814983	28,467485	23,323790	23,585405	-2,908394	1,267486	0,962982	213012,062707	-0,204213	0,000230	3,038611	1,580682	2,037873	-0,124487	-0,124491	0,000000	1,556518	1,314791	0,199654
199,000000	7,369653	7,401784	0,419025	0,092653	1,174412	-12329,217258	-10963,521153	-2984,839558	-10984,982009	-11605,051535	7,505881	20,363475	22,045760	22,815621	28,459506	23,321484	23,585549	-2,908471	1,266868	0,962928	212022,594216	-0,204445	0,000255	3,169969	1,579492	2,037522	-0,124481	-0,124491	0,000000	1,555892	1,298891	0,199574
199,200000	7,369269	7,401777	0,441450	0,092406	1,185910	-12682,226641	-10934,936007	-2984,978708	-11320,078832	-11940,148358	7,504678	20,333255	22,042951	22,816200	28,461344	23,324530	23,587550	-2,908622	1,266921	0,962110	211105,580205	-0,204310	0,000317	3,150749	1,578524	2,038386	-0,124479	-0,124487	0,000000	1,554572	1,277896	0,199404
199,400000	7,368857	7,401415	0,461391	0,092503	1,194984	-13020,484007	-10935,316868	-2985,521187	-11699,850989	-12319,920516	7,503045	20,300243	22,034213	22,818237	28,473286	23,325482	23,594560	-2,908392	1,266908	0,961712	210002,396677	-0,204564	0,000277	3,116646	1,579109	2,040149	-0,124485	-0,124483	0,000000	1,553129	1,260906	0,199219
199,600000	7,368657	7,400916	0,474129	0,092787	1,202469	-13319,130821	-10940,764732	-2985,995983	-12112,613260	-12732,682786	7,501448	20,279359	22,023657	22,818510	28,482436	23,321494	23,602779	-2,908075	1,266154	0,961838	209666,169288	-0,205069	0,000147	3,161168	1,580913	2,041107	-0,124494	-0,124484	0,000000	1,552216	1,251396	0,199102
199,800000	7,368793	7,400428	0,484157	0,092537	1,202537	-13419,929836	-10942,029057	-2986,024632	-12346,465294	-12966,534820	7,500375	20,264582	22,016468	22,813944	28,482035	23,316984	23,607919	-2,907952	1,266282	0,961634	210717,872181	-0,205052	0,000217	3,242788	1,581789	2,040353	-0,124499	-0,124482	0,000000	1,551570	1,243571	0,199019
200,000000	7,368967	7,399989	0,502614	0,091445	1,199577	-13174,062393	-10940,792150	-2985,699697	-12215,244685	-12835,314211	7,499284	20,258839	22,017556	22,809596	28,473674	23,313296	23,608248	-2,907886	1,267060	0,961527	212089,751157	-0,204825	0,000384	3,172165	1,580809	2,038210	-0,124495	-0,124473	0,000000	1,551319	1,227448	0,198987
200,200000	7,368818	7,399743	0,523663	0,090481	1,196231	-12713,803570	-10939,908192	-2985,310410	-11808,681987	-12428,751513	7,497898	20,256735	22,027976	22,810394	28,463500	23,312246	23,602958	-2,908017	1,267246	0,962163	213146,041087	-0,205099	0,000313	3,005876	1,578585	2,035789	-0,124489	-0,124470	0,000000	1,551226	1,208701	0,198975
200,400000	7,368301	7,399453	0,526988	0,090219	1,194832	-12262,774679	-10939,922771	-2985,189029	-11339,217316	-11959,286843	7,496554	20,227632	22,038970	22,813721	28,458448	23,315733	23,596912	-2,908264	1,267077	0,962395	214107,958122	-0,205782	7,231824E-5	2,924454	1,576691	2,034398	-0,124483	-0,124475	0,000000	1,549953	1,204546	0,198812
200,600000	7,367855	7,399314	0,508255	0,090655	1,195087	-11888,770529	-10940,933473	-2985,349621	-10957,143748	-11577,213275	7,495307	20,185535	22,040657	22,814462	28,461185	23,318825	23,597757	-2,908350	1,267011	0,961947	214835,479838	-0,206324	-9,666168E-5	2,903499	1,576475	2,034085	-0,124477	-0,124482	0,000000	1,548108	1,219334	0,198575
200,800000	7,368030	7,399502	0,484428	0,091729	1,189690	-11600,615552	-10942,396390	-2985,211116	-10730,053755	-11350,123282	7,493994	20,175364	22,035661	22,813019	28,466309	23,320421	23,604865	-2,908317	1,267062	0,962041	215409,988787	-0,205978	-3,425356E-5	2,887642	1,577458	2,034332	-0,124473	-0,124482	0,000000	1,547663	1,239742	0,198518
201,000000	7,368315	7,399334	0,473326	0,091995	1,179434	-11392,574651	-10943,286834	-2984,992461	-10545,454145	-11165,523672	7,492485	20,187838	22,033241	22,812747	28,466981	23,325456	23,608657	-2,908379	1,267163	0,962297	215909,509311	-0,205421	0,000223	2,922866	1,579237	2,034849	-0,124475	-0,124482	0,000000	1,548209	1,250475	0,198588
201,200000	7,367776	7,398734	0,470388	0,091339	1,171345	-11177,317037	-10941,665159	-2985,154222	-10237,300685	-10857,370212	7,491092	20,200055	22,036924	22,813573	28,463510	23,331728	23,603198	-2,908590	1,267173	0,962223	216039,855425	-0,205629	0,000386	3,025092	1,581738	2,035575	-0,124482	-0,124489	0,000000	1,548745	1,254851	0,198657
201,400000	7,366707	7,398415	0,459752	0,091885	1,171920	-10701,644198	-10771,882007	-2984,993511	-9701,725021	-10321,794548	7,490130	20,223254	22,042383	22,814759	28,460073	23,335466	23,591865	-2,908659	1,267303	0,962139	215875,561043	-0,205380	0,000307	3,049730	1,584051	2,036582	-0,124488	-0,124490	0,000000	1,549761	1,265779	0,198787
201,600000	7,365884	7,398256	0,438002	0,093161	1,173166	-9834,018920	-10178,261511	-2984,375540	-8905,502105	-9525,571631	7,489155	20,260909	22,044743	22,816233	28,459291	23,335335	23,582598	-2,908527	1,268132	0,961883	215738,981796	-0,203898	0,000230	2,949501	1,585422	2,037438	-0,124487	-0,124485	0,000000	1,551409	1,286010	0,198999
201,800000	7,365380	7,397896	0,416657	0,093207	1,164184	-8924,932755	-9358,796269	-2984,545476	-8047,632546	-8667,702072	7,487748	20,288148	22,042997	22,817604	28,462984	23,328411	23,581231	-2,908452	1,268383	0,961839	215722,985128	-0,203307	0,000308	2,801786	1,585703	2,038182	-0,124482	-0,124482	0,000000	1,552601	1,305579	0,199151
202,000000	7,365086	7,397870	0,413393	0,092872	1,156625	-8443,239813	-8894,171617	-2985,435086	-7507,164511	-8127,234037	7,486340	20,287316	22,037384	22,817916	28,470354	23,320360	23,589238	-2,908464	1,266945	0,961799	215720,451945	-0,204165	0,000437	2,807481	1,584770	2,039069	-0,124478	-0,124477	0,000000	1,552564	1,307853	0,199147
202,200000	7,364944	7,398047	0,419177	0,092266	1,158250	-8544,614214	-9095,678859	-2985,900869	-7517,542665	-8137,612191	7,485194	20,274001	22,030329	22,816518	28,476002	23,320742	23,599001	-2,908486	1,265471	0,961520	215582,917071	-0,204570	0,000697	3,061526	1,582473	2,039301	-0,124478	-0,124477	0,000000	1,551982	1,300690	0,199072
202,400000	7,364847	7,397659	0,404601	0,090598	1,160716	-9108,067910	-9803,688290	-2985,864694	-8004,674846	-8624,744373	7,484052	20,270660	22,025641	22,815026	28,477585	23,325158	23,600665	-2,908471	1,264778	0,961841	215322,683195	-0,204264	0,000887	3,300067	1,579962	2,038968	-0,124480	-0,124484	0,000000	1,551836	1,312060	0,199053
202,600000	7,364938	7,396929	0,382476	0,090097	1,163802	-9857,924128	-10561,195136	-2985,832949	-8763,804890	-9383,874416	7,482903	20,276879	22,024782	22,814829	28,477950	23,324813	23,597082	-2,908327	1,264583	0,962252	215088,279410	-0,204903	0,000677	3,338598	1,578856	2,039375	-0,124487	-0,124490	0,000000	1,552108	1,332021	0,199088
202,800000	7,364973	7,396317	0,387671	0,091048	1,166471	-10561,301061	-10969,373405	-2985,948315	-9609,807824	-10229,877351	7,481695	20,282252	22,025390	22,815557	28,478988	23,318357	23,597083	-2,908022	1,265365	0,961852	214865,054548	-0,206155	0,000380	3,177733	1,579466	2,039842	-0,124496	-0,124487	0,000000	1,552343	1,327449	0,199118
203,000000	7,364717	7,395996	0,413131	0,091000	1,161078	-11047,943618	-11024,123825	-2985,948113	-10260,338534	-10880,408061	7,480356	20,284884	22,023266	22,816189	28,478496	23,309910	23,602592	-2,907943	1,266164	0,961597	214676,389054	-0,205843	0,000353	3,031559	1,581607	2,038681	-0,124499	-0,124477	0,000000	1,552458	1,305234	0,199133
203,200000	7,364571	7,395821	0,436804	0,089765	1,151440	-11290,787665	-10963,871680	-2985,673291	-10523,542509	-11143,612036	7,478918	20,279929	22,020773	22,814787	28,473654	23,307132	23,609212	-2,908285	1,266541	0,962150	214633,700551	-0,204698	0,000400	3,064619	1,584058	2,035779	-0,124491	-0,124467	0,000000	1,552241	1,285669	0,199105
203,400000	7,364594	7,395263	0,456654	0,089182	1,144882	-11449,027843	-10931,458394	-2985,443139	-10576,586705	-11196,656232	7,477340	20,271947	22,024066	22,812959	28,463098	23,312713	23,612547	-2,908577	1,266855	0,962381	214680,761086	-0,204612	0,000432	3,109085	1,584622	2,033720	-0,124483	-0,124462	0,000000	1,551892	1,268472	0,199060
203,600000	7,364459	7,394494	0,475370	0,090156	1,145054	-11637,575529	-10932,275535	-2985,674880	-10716,993589	-11337,063115	7,475829	20,272544	22,033834	22,814603	28,454486	23,322343	23,610456	-2,908609	1,266481	0,962066	214719,572991	-0,205333	0,000433	3,143457	1,583393	2,034036	-0,124482	-0,124470	0,000000	1,551918	1,251245	0,199064
203,800000	7,364076	7,394352	0,492086	0,091225	1,150441	-11993,386156	-10940,067249	-2985,889004	-11103,559669	-11723,629195	7,474570	20,295633	22,043452	22,816926	28,455960	23,329933	23,604666	-2,908604	1,266060	0,962135	214743,934764	-0,206014	0,000208	3,208172	1,582050	2,035272	-0,124484	-0,124487	0,000000	1,552928	1,236147	0,199193
204,000000	7,363792	7,394780	0,502141	0,091340	1,148998	-12558,508648	-10944,094903	-2985,648099	-11671,989767	-12292,059293	7,473399	20,342577	22,045259	22,815769	28,462417	23,331331	23,599984	-2,908505	1,266259	0,962342	214785,642174	-0,206265	4,079834E-5	3,230055	1,581052	2,037131	-0,124484	-0,124495	0,000000	1,554979	1,227189	0,199457
204,200000	7,363789	7,394811	0,496758	0,091295	1,142311	-13047,962505	-10943,898761	-2985,368640	-12145,969683	-12766,039210	7,472119	20,373140	22,042145	22,813178	28,466876	23,327502	23,596825	-2,908272	1,266910	0,962463	214892,544486	-0,205649	0,000195	3,231528	1,580560	2,038374	-0,124482	-0,124490	0,000000	1,556314	1,231254	0,199628
204,400000	7,363448	7,394471	0,474425	0,091430	1,141877	-13082,836976	-10941,894691	-2984,987508	-12239,513340	-12859,582866	7,470693	20,376448	22,041393	22,811768	28,465918	23,324071	23,591845	-2,908297	1,267836	0,962720	215038,588370	-0,204192	0,000415	3,236650	1,580729	2,037597	-0,124482	-0,124483	0,000000	1,556458	1,249997	0,199646
204,600000	7,362505	7,394334	0,449255	0,091258	1,141159	-12485,645982	-10940,713938	-2984,515327	-11798,487732	-12418,557259	7,469364	20,379324	22,043959	22,813143	28,459683	23,325462	23,585966	-2,908540	1,268169	0,962205	215147,016286	-0,202953	0,000416	3,259976	1,581144	2,036573	-0,124484	-0,124483	0,000000	1,556584	1,271997	0,199662
204,800000	7,361710	7,394096	0,435951	0,091186	1,134510	-11425,226994	-10897,681333	-2984,377521	-10859,267964	-11479,337490	7,468330	20,388232	22,047065	22,817613	28,453815	23,329292	23,583188	-2,908631	1,268066	0,961341	215236,586100	-0,203018	0,000202	3,309958	1,581270	2,037798	-0,124486	-0,124484	0,000000	1,556973	1,283807	0,199712
205,000000	7,361271	7,393771	0,430336	0,091789	1,125293	-10339,448010	-10638,728167	-2984,381332	-9712,765220	-10332,834746	7,467279	20,413871	22,044318	22,820080	28,457862	23,329939	23,584822	-2,908524	1,268104	0,961841	215361,208982	-0,203774	8,997401E-5	3,325496	1,581024	2,040684	-0,124487	-0,124486	0,000000	1,558091	1,288605	0,199856
205,200000	7,361014	7,393632	0,421211	0,092531	1,113128	-9507,472432	-9992,215731	-2984,571601	-8682,686877	-9302,756403	7,465899	20,446087	22,033648	22,817767	28,471573	23,326899	23,590966	-2,908333	1,267471	0,962592	215891,061203	-0,204073	6,863982E-5	3,260050	1,580689	2,042333	-0,124485	-0,124491	0,000000	1,559496	1,296655	0,200036
205,400000	7,361238	7,393521	0,409679	0,092684	1,105240	-8834,213977	-9091,332978	-2985,135288	-7838,244617	-8458,314144	7,464296	20,454614	22,022674	22,814420	28,482463	23,322380	23,600937	-2,908083	1,266330	0,962182	216887,516871	-0,204294	-5,376448E-5	3,191088	1,580515	2,041721	-0,124487	-0,124494	0,000000	1,559867	1,307169	0,200083
205,600000	7,361856	7,393288	0,400834	0,092045	1,106121	-8262,263525	-8339,181651	-2985,453351	-7166,781826	-7786,851352	7,462826	20,451813	22,018369	22,812922	28,484322	23,319636	23,606135	-2,907954	1,266120	0,961596	217355,411071	-0,204302	3,027221E-5	3,136254	1,580685	2,039729	-0,124493	-0,124488	0,000000	1,559745	1,315544	0,200068
205,800000	7,362050	7,392777	0,392681	0,090404	1,108028	-7959,914266	-8056,619895	-2985,034393	-6786,538797	-7406,608323	7,461732	20,454984	22,022835	22,813530	28,479496	23,319474	23,601361	-2,908179	1,266679	0,961357	216813,233099	-0,203309	0,000442	3,015719	1,581293	2,037370	-0,124488	-0,124477	0,000000	1,559884	1,323653	0,200086
206,000000	7,361436	7,392353	0,381587	0,088984	1,106005	-8077,767849	-8312,265333	-2984,676074	-6827,659718	-7447,729245	7,460716	20,459779	22,029946	22,815826	28,473503	23,316967	23,595543	-2,908518	1,267210	0,961661	215970,277499	-0,202902	0,000659	2,890754	1,581833	2,035326	-0,124480	-0,124474	0,000000	1,560092	1,334638	0,200112
206,200000	7,360717	7,392181	0,374759	0,089350	1,107091	-8664,545432	-9082,045728	-2985,058145	-7332,241676	-7952,311202	7,459419	20,462082	22,031670	22,817362	28,470398	23,312798	23,596804	-2,908568	1,267049	0,962851	214957,135880	-0,204032	0,000541	2,882134	1,581377	2,034555	-0,124482	-0,124476	0,000000	1,560193	1,340833	0,200125
206,400000	7,360453	7,391800	0,382385	0,089858	1,119917	-9576,494662	-10127,070826	-2985,575795	-8262,649331	-8882,718857	7,457990	20,458641	22,029985	22,816188	28,468815	23,311604	23,604152	-2,908416	1,265874	0,963863	213624,465648	-0,204997	0,000523	2,937825	1,580231	2,035103	-0,124485	-0,124477	0,000000	1,560043	1,332405	0,200106
206,600000	7,360424	7,391289	0,401123	0,089537	1,131192	-10572,822626	-10878,834721	-2986,003558	-9439,584858	-10059,654385	7,456549	20,452318	22,029392	22,814652	28,465681	23,315470	23,612003	-2,908321	1,264856	0,963997	212399,633199	-0,205688	0,000535	2,970416	1,579363	2,035616	-0,124483	-0,124478	0,000000	1,559767	1,313770	0,200071
206,800000	7,360290	7,390927	0,425745	0,089910	1,127157	-11563,337715	-11076,440109	-2986,039585	-10592,395821	-11212,465347	7,455167	20,453159	22,031777	22,814200	28,460923	23,325367	23,613908	-2,908305	1,265418	0,963608	211135,397294	-0,206001	0,000516	3,045693	1,578819	2,035428	-0,124484	-0,124480	0,000000	1,559804	1,290554	0,200075
207,000000	7,359790	7,390724	0,453579	0,091003	1,117507	-12502,650656	-11003,882736	-2985,440437	-11556,178539	-12176,248065	7,454087	20,463142	22,037767	22,814553	28,455998	23,337465	23,605624	-2,908447	1,266888	0,963032	209885,064403	-0,205482	0,000625	3,147289	1,577955	2,035634	-0,124488	-0,124483	0,000000	1,560239	1,265086	0,200131
207,200000	7,358857	7,390609	0,480564	0,092270	1,107813	-13330,551366	-10939,380307	-2985,023626	-12319,061408	-12939,130935	7,453200	20,475423	22,044003	22,816162	28,454689	23,341512	23,592257	-2,908701	1,267832	0,962890	208720,581561	-0,205252	0,000645	3,177773	1,577275	2,036198	-0,124494	-0,124488	0,000000	1,560774	1,241453	0,200200
207,400000	7,358177	7,390426	0,502984	0,093396	1,098356	-13973,635239	-10928,069782	-2985,110621	-12886,644676	-13506,714202	7,452039	20,482150	22,045955	22,817623	28,460612	23,333110	23,583077	-2,908800	1,268187	0,963181	207403,951034	-0,205393	0,000550	3,149509	1,578272	2,037024	-0,124497	-0,124488	0,000000	1,561067	1,223691	0,200237
207,600000	7,358039	7,390122	0,513983	0,092896	1,100446	-14256,326196	-10935,946074	-2985,318576	-13202,206697	-13822,276224	7,450406	20,477858	22,042956	22,817708	28,468045	23,322344	23,582164	-2,908638	1,267697	0,963105	206994,653524	-0,205395	0,000447	3,106074	1,580326	2,038240	-0,124493	-0,124483	0,000000	1,560880	1,216363	0,200213
207,800000	7,357948	7,390020	0,511483	0,091086	1,112135	-14152,832700	-10942,186642	-2985,350141	-13262,976654	-13883,046180	7,448826	20,467049	22,036660	22,816957	28,469816	23,319258	23,586909	-2,908448	1,267007	0,963087	208111,895449	-0,204945	0,000267	3,078007	1,582323	2,037689	-0,124485	-0,124484	0,000000	1,560409	1,219912	0,200153
208,000000	7,357761	7,389959	0,501741	0,090590	1,120412	-13902,611239	-10943,263411	-2985,239403	-13169,284518	-13789,354044	7,447696	20,453940	22,030503	22,816657	28,467918	23,323838	23,592319	-2,908456	1,266756	0,963456	209548,811209	-0,204654	0,000140	3,102881	1,584238	2,036990	-0,124478	-0,124489	0,000000	1,559838	1,229300	0,200080
208,200000	7,357487	7,389464	0,488542	0,091699	1,122790	-13689,933978	-10943,507860	-2985,357884	-13007,482059	-13627,551585	7,446666	20,445233	22,026517	22,818421	28,467660	23,329713	23,596086	-2,908464	1,266493	0,963443	210782,147126	-0,205537	0,000182	3,262084	1,585034	2,038812	-0,124480	-0,124491	0,000000	1,559459	1,240745	0,200031
208,400000	7,357131	7,388955	0,472817	0,092635	1,117557	-13498,486396	-10944,271577	-2985,563891	-12802,260398	-13422,329925	7,445313	20,448617	22,022344	22,818672	28,471941	23,328349	23,596646	-2,908330	1,266338	0,963486	212111,101110	-0,206753	0,000269	3,458071	1,584460	2,040821	-0,124491	-0,124492	0,000000	1,559606	1,253485	0,200050
208,600000	7,357068	7,388791	0,460585	0,092285	1,109275	-13172,429410	-10943,246096	-2985,407530	-12470,438104	-13090,507630	7,443687	20,453491	22,017374	22,814176	28,477940	23,318530	23,595816	-2,908229	1,266415	0,963230	213153,882627	-0,206870	0,000251	3,491861	1,583740	2,041407	-0,124499	-0,124487	0,000000	1,559818	1,263433	0,200077
208,800000	7,357432	7,388720	0,454436	0,090920	1,106851	-12525,575589	-10940,933930	-2985,225409	-11819,987136	-12440,056663	7,442228	20,449024	22,014255	22,810750	28,480827	23,309379	23,597651	-2,908057	1,266601	0,962470	213921,948627	-0,206536	0,000179	3,384837	1,583128	2,040383	-0,124496	-0,124476	0,000000	1,559624	1,268303	0,200052
209,000000	7,357670	7,388511	0,449740	0,089877	1,104115	-11518,810905	-10855,086631	-2985,007788	-10778,186123	-11398,255649	7,441042	20,442593	22,017918	22,811186	28,477553	23,307951	23,602188	-2,908047	1,266662	0,962440	214579,242614	-0,205843	0,000289	3,215629	1,582209	2,037263	-0,124487	-0,124469	0,000000	1,559344	1,271626	0,200016
209,200000	7,357405	7,388222	0,442662	0,089711	1,096658	-10354,803072	-10467,213072	-2984,488075	-9556,350689	-10176,420215	7,439903	20,444100	22,026955	22,813014	28,466786	23,313900	23,604022	-2,908510	1,266817	0,962815	215167,135799	-0,204319	0,000478	3,058150	1,580870	2,034152	-0,124478	-0,124470	0,000000	1,559409	1,276689	0,200025
209,400000	7,356782	7,387984	0,430479	0,089841	1,092815	-9384,137336	-9817,833891	-2984,572160	-8521,992312	-9142,061838	7,438796	20,450093	22,033016	22,815215	28,459380	23,322435	23,601610	-2,908760	1,266753	0,962965	215863,572216	-0,203891	0,000454	2,947432	1,579000	2,033333	-0,124472	-0,124479	0,000000	1,559670	1,285965	0,200058
209,600000	7,356113	7,387843	0,410500	0,089844	1,093747	-8950,394555	-9465,547388	-2985,451054	-8018,379711	-8638,449238	7,437723	20,451799	22,033952	22,816545	28,465027	23,328310	23,600751	-2,908599	1,266028	0,962747	216255,671677	-0,204470	0,000284	2,929820	1,577282	2,034608	-0,124477	-0,124485	0,000000	1,559745	1,302766	0,200068
209,800000	7,355777	7,387686	0,382546	0,089918	1,088996	-9237,654653	-9830,189665	-2986,085687	-8213,011596	-8833,081123	7,436464	20,446849	22,031714	22,815130	28,474208	23,330347	23,602220	-2,908492	1,265664	0,962185	216122,922291	-0,204660	0,000325	3,025622	1,576640	2,036039	-0,124486	-0,124485	0,000000	1,559529	1,328598	0,200040
210,000000	7,355829	7,387284	0,355703	0,090106	1,080381	-10076,595023	-10548,514957	-2986,012553	-8989,237726	-9609,307253	7,435003	20,441105	22,029400	22,811704	28,474569	23,329681	23,601444	-2,908368	1,265762	0,962020	215770,341168	-0,205121	0,000628	3,092315	1,576728	2,036276	-0,124485	-0,124485	0,000000	1,559279	1,354943	0,200008
210,200000	7,355674	7,386785	0,342953	0,090093	1,076559	-10993,738431	-10982,203901	-2985,426546	-10024,623100	-10644,692626	7,433772	20,445633	22,032143	22,810918	28,467269	23,329053	23,596451	-2,908221	1,265929	0,962575	214853,150000	-0,205403	0,000716	3,070440	1,576956	2,036226	-0,124482	-0,124484	0,000000	1,559476	1,367899	0,200033
210,400000	7,354886	7,386444	0,350434	0,090297	1,070449	-11656,346622	-11032,633348	-2984,830363	-10960,187076	-11580,256602	7,432728	20,455432	22,039812	22,814363	28,458919	23,331415	23,587363	-2,908319	1,266688	0,962893	213295,755020	-0,204602	0,000504	3,052014	1,577403	2,036818	-0,124483	-0,124480	0,000000	1,559903	1,360594	0,200088
210,600000	7,353946	7,386323	0,377802	0,091406	1,052770	-12059,736352	-10967,108910	-2984,540310	-11527,677707	-12147,747233	7,431367	20,453489	22,044443	22,818160	28,454293	23,334849	23,581349	-2,908666	1,267593	0,962684	212366,889026	-0,203382	0,000413	3,123584	1,578070	2,038001	-0,124483	-0,124481	0,000000	1,559818	1,334064	0,200077
210,800000	7,353571	7,386201	0,413675	0,092859	1,032491	-12173,162649	-10932,544490	-2984,749522	-11609,011854	-12229,081380	7,429772	20,451317	22,040138	22,819592	28,458992	23,334038	23,586538	-2,908940	1,267472	0,962818	212503,280729	-0,203062	0,000482	3,203876	1,578562	2,039305	-0,124482	-0,124487	0,000000	1,559724	1,300598	0,200065
211,000000	7,353596	7,385955	0,432284	0,092909	1,021975	-11921,585070	-10932,753183	-2985,390160	-11306,684458	-11926,753984	7,428355	20,474377	22,029551	22,819117	28,470511	23,328672	23,596967	-2,908888	1,266999	0,962803	212899,246750	-0,204108	0,000350	3,184004	1,579030	2,040283	-0,124487	-0,124489	0,000000	1,560728	1,284087	0,200194
211,200000	7,353577	7,385725	0,421965	0,090820	1,018070	-11577,210611	-10940,418540	-2985,722080	-10953,381979	-11573,451506	7,427048	20,507642	22,021349	22,816943	28,478682	23,324547	23,602302	-2,908571	1,266505	0,962502	213176,106869	-0,205178	0,000139	3,140791	1,579639	2,040371	-0,124495	-0,124489	0,000000	1,562177	1,293917	0,200380
211,400000	7,353611	7,385299	0,397459	0,089223	1,018433	-11602,368360	-10943,458898	-2985,551989	-10915,005419	-11535,074946	7,425574	20,522969	22,021837	22,814412	28,480675	23,323245	23,599897	-2,908219	1,265554	0,962565	213374,551643	-0,205357	0,000223	3,093192	1,579886	2,039358	-0,124496	-0,124493	0,000000	1,562844	1,316776	0,200465
211,600000	7,353750	7,384851	0,380256	0,089606	1,022169	-12113,867284	-10943,504090	-2985,207869	-11330,911837	-11950,981363	7,424218	20,525408	22,025661	22,814462	28,479380	23,321156	23,594551	-2,908103	1,265656	0,962660	213474,002403	-0,204909	0,000454	3,085304	1,579748	2,038598	-0,124491	-0,124491	0,000000	1,562950	1,333001	0,200479
211,800000	7,353813	7,384795	0,382894	0,089796	1,027363	-12846,245813	-10942,738709	-2984,895171	-12019,174390	-12639,243917	7,423171	20,526633	22,026050	22,816478	28,476918	23,316094	23,594139	-2,908171	1,266875	0,962971	213474,628209	-0,204816	0,000529	3,297303	1,580055	2,038662	-0,124488	-0,124483	0,000000	1,563003	1,330687	0,200486
212,000000	7,353794	7,384872	0,389933	0,089308	1,035869	-13486,140702	-10941,658387	-2984,832504	-12622,273705	-13242,343232	7,421836	20,526436	22,023051	22,817031	28,473869	23,308319	23,601379	-2,908226	1,267442	0,962942	213499,823420	-0,205100	0,000391	3,578906	1,581251	2,037820	-0,124491	-0,124472	0,000000	1,562995	1,324943	0,200485
212,200000	7,353826	7,384652	0,384629	0,089559	1,038007	-13799,599994	-10940,317689	-2985,043600	-12839,305923	-13459,375450	7,420103	20,526238	22,020653	22,815634	28,469194	23,306703	23,610174	-2,908330	1,267312	0,962159	213824,464692	-0,205090	0,000177	3,585196	1,582575	2,036508	-0,124489	-0,124466	0,000000	1,562986	1,331086	0,200484
212,400000	7,353557	7,383979	0,381627	0,090125	1,032429	-13618,491428	-10940,331335	-2985,289902	-12562,494340	-13182,563866	7,418562	20,536124	22,023227	22,813880	28,466118	23,317513	23,612147	-2,908464	1,267143	0,962207	214431,355637	-0,205376	3,573904E-5	3,404567	1,583338	2,035808	-0,124479	-0,124469	0,000000	1,563416	1,334509	0,200539
212,600000	7,353053	7,383247	0,393361	0,090027	1,039091	-12916,868076	-10942,319905	-2985,216668	-11840,420101	-12460,489627	7,417457	20,553010	22,029031	22,813242	28,464647	23,331406	23,605322	-2,908597	1,266635	0,962898	214964,968925	-0,205849	-4,011534E-5	3,296565	1,583668	2,035415	-0,124471	-0,124478	0,000000	1,564151	1,323422	0,200633
212,800000	7,352776	7,382889	0,410767	0,090327	1,051522	-11865,422313	-10912,963146	-2984,970220	-10824,338429	-11444,407955	7,416561	20,560582	22,035861	22,813523	28,461085	23,338411	23,595261	-2,908687	1,266589	0,962965	215444,908857	-0,205704	1,982492E-5	3,256131	1,582973	2,036255	-0,124471	-0,124483	0,000000	1,564480	1,306441	0,200675
213,000000	7,352325	7,382922	0,428674	0,091230	1,049063	-10797,958688	-10723,215644	-2984,894954	-9784,576090	-10404,645617	7,415459	20,559683	22,042185	22,814103	28,459830	23,336936	23,588954	-2,908645	1,267471	0,962698	215913,932220	-0,204818	0,000265	3,239905	1,580073	2,037489	-0,124480	-0,124480	0,000000	1,564441	1,287693	0,200670
213,200000	7,351460	7,383154	0,445705	0,091467	1,040707	-10168,054740	-10457,017202	-2985,133612	-9071,223382	-9691,292908	7,414071	20,568702	22,044469	22,814848	28,463397	23,329709	23,588382	-2,908635	1,267776	0,962473	216479,046212	-0,204280	0,000470	3,239929	1,575979	2,037662	-0,124490	-0,124478	0,000000	1,564833	1,269267	0,200720
213,400000	7,350724	7,383087	0,452237	0,090901	1,039087	-10273,110607	-10488,818236	-2985,472180	-8969,748361	-9589,817887	7,412677	20,597625	22,042489	22,814778	28,466095	23,323266	23,590392	-2,908648	1,267037	0,962286	217231,567301	-0,204820	0,000601	3,255509	1,572951	2,036881	-0,124491	-0,124478	0,000000	1,566090	1,261129	0,200882
213,600000	7,350350	7,382438	0,447018	0,090743	1,040541	-10952,468346	-10784,190693	-2985,436419	-9456,567287	-10076,636813	7,411538	20,623723	22,040910	22,815180	28,462325	23,325068	23,592159	-2,908525	1,266527	0,962063	217373,537730	-0,205601	0,000541	3,317260	1,571575	2,037034	-0,124486	-0,124481	0,000000	1,567224	1,264456	0,201027
213,800000	7,350113	7,381881	0,443865	0,091771	1,048520	-11731,799357	-10972,131056	-2985,101171	-10139,887053	-10759,956580	7,410671	20,631317	22,041340	22,817229	28,458027	23,331910	23,592670	-2,908438	1,266708	0,962076	216448,261205	-0,205588	0,000338	3,333078	1,571202	2,039167	-0,124479	-0,124487	0,000000	1,567553	1,266807	0,201069
214,000000	7,350088	7,381899	0,443467	0,092651	1,070874	-12195,321744	-10984,642614	-2984,988854	-10624,765186	-11244,834712	7,409600	20,630464	22,038579	22,818365	28,465550	23,334328	23,593366	-2,908541	1,266631	0,962172	215366,307827	-0,204480	0,000139	3,252484	1,571348	2,041231	-0,124478	-0,124491	0,000000	1,567516	1,267304	0,201065
214,200000	7,350205	7,381939	0,437249	0,092327	1,098507	-12300,495684	-10953,059354	-2985,523463	-10855,994797	-11476,064323	7,408047	20,627787	22,029744	22,817263	28,480528	23,329353	23,598424	-2,908444	1,266111	0,962229	214598,843530	-0,204170	4,153923E-5	3,241351	1,572239	2,042469	-0,124486	-0,124489	0,000000	1,567400	1,273585	0,201050
214,400000	7,350412	7,381739	0,434436	0,091239	1,123437	-12273,053980	-10938,482722	-2985,962079	-10971,182718	-11591,252245	7,406394	20,625968	22,020213	22,815234	28,488065	23,320912	23,603540	-2,908133	1,266113	0,962493	213835,528926	-0,205277	0,000288	3,189674	1,574044	2,041667	-0,124494	-0,124484	0,000000	1,567321	1,277559	0,201040
214,600000	7,350681	7,381406	0,441558	0,090115	1,148419	-12292,216090	-10938,205526	-2985,577476	-11076,015881	-11696,085408	7,404879	20,621852	22,018139	22,812765	28,484875	23,315270	23,602139	-2,908198	1,266772	0,962873	213151,293575	-0,205852	0,000501	2,999663	1,575915	2,038116	-0,124494	-0,124476	0,000000	1,567142	1,272703	0,201017
214,800000	7,350626	7,380962	0,452215	0,089382	1,168573	-12482,338241	-10940,647107	-2984,984157	-11266,275609	-11886,345135	7,403680	20,615406	22,023319	22,812659	28,476059	23,313546	23,599329	-2,908432	1,267373	0,963393	212523,959533	-0,205648	0,000460	3,012692	1,577003	2,035096	-0,124485	-0,124469	0,000000	1,566862	1,264126	0,200981
215,000000	7,350197	7,380615	0,469317	0,088868	1,177609	-12942,753182	-10941,143837	-2984,719476	-11637,170799	-12257,240325	7,402824	20,614283	22,029716	22,816313	28,470713	23,314294	23,599822	-2,908508	1,267446	0,963903	211991,320511	-0,205189	0,000414	3,187810	1,577415	2,034829	-0,124476	-0,124470	0,000000	1,566814	1,249644	0,200974
215,200000	7,349608	7,380309	0,495276	0,088764	1,177626	-13584,131709	-10939,884488	-2985,303973	-12194,635119	-12814,704646	7,401707	20,621521	22,032663	22,818677	28,471059	23,317474	23,602401	-2,908583	1,266177	0,963923	211749,618359	-0,205168	0,000412	3,250306	1,578231	2,035800	-0,124474	-0,124475	0,000000	1,567128	1,228522	0,201015
215,400000	7,349164	7,379778	0,511415	0,089819	1,169857	-14170,795579	-10939,208371	-2986,137281	-12817,364210	-13437,433736	7,400148	20,626503	22,029670	22,816625	28,470469	23,320623	23,607381	-2,908554	1,265230	0,963583	211659,782945	-0,205624	0,000346	3,149998	1,580921	2,036152	-0,124481	-0,124482	0,000000	1,567344	1,217398	0,201043
215,600000	7,348967	7,379141	0,499203	0,091361	1,156037	-14543,866935	-10940,617289	-2986,032049	-13368,003871	-13988,073397	7,398473	20,591143	22,025514	22,813417	28,467561	23,323144	23,612129	-2,908354	1,266282	0,963388	211587,900694	-0,205821	0,000271	3,011012	1,584368	2,035903	-0,124488	-0,124488	0,000000	1,565808	1,229903	0,200846
215,800000	7,348834	7,378676	0,469409	0,091689	1,144154	-14672,104796	-10941,598718	-2985,123778	-13798,147734	-14418,217260	7,397174	20,516210	22,028678	22,812288	28,461542	23,328262	23,608084	-2,908194	1,267593	0,963527	211499,239294	-0,204944	0,000420	3,077123	1,586880	2,035937	-0,124488	-0,124485	0,000000	1,562550	1,256751	0,200428
216,000000	7,348498	7,378443	0,450348	0,090859	1,133424	-14648,268848	-10941,267715	-2984,356037	-14086,183163	-14706,252689	7,396276	20,468578	22,039065	22,813634	28,455314	23,334139	23,595557	-2,908399	1,268565	0,963803	211468,453785	-0,203666	0,000671	3,210885	1,589530	2,036205	-0,124483	-0,124478	0,000000	1,560476	1,275333	0,200162
216,200000	7,347587	7,378457	0,451620	0,090467	1,112029	-14545,576960	-10941,160535	-2984,491451	-14112,042833	-14732,112359	7,395064	20,465769	22,047866	22,816649	28,453930	23,335167	23,585950	-2,908758	1,268503	0,963475	212107,618485	-0,204002	0,000714	3,143871	1,592005	2,036330	-0,124479	-0,124477	0,000000	1,560353	1,276182	0,200146
216,400000	7,346645	7,378525	0,464534	0,091130	1,085769	-14333,258492	-10940,637235	-2985,107119	-13763,084019	-14383,153545	7,393620	20,472819	22,048533	22,817871	28,457871	23,331821	23,584636	-2,908895	1,267627	0,962868	213486,403759	-0,204871	0,000541	2,992199	1,591607	2,037130	-0,124481	-0,124483	0,000000	1,560661	1,264629	0,200185
216,600000	7,346435	7,378482	0,480735	0,091136	1,076274	-13931,338822	-10941,588106	-2985,630725	-13098,208113	-13718,277640	7,392372	20,471674	22,043003	22,816552	28,466359	23,327416	23,588908	-2,908727	1,267310	0,962460	214715,207587	-0,205398	0,000336	2,958760	1,588650	2,038803	-0,124483	-0,124491	0,000000	1,560611	1,248498	0,200179
216,800000	7,346635	7,378562	0,482902	0,090057	1,088694	-13256,536491	-10943,798922	-2985,711926	-12253,859077	-12873,928604	7,391281	20,441950	22,036533	22,815133	28,473810	23,323987	23,596194	-2,908356	1,267023	0,962107	215703,774429	-0,205599	0,000112	3,004739	1,585714	2,040073	-0,124479	-0,124497	0,000000	1,559315	1,244418	0,200013
217,000000	7,346703	7,378788	0,458182	0,089828	1,110539	-12306,583765	-10939,161084	-2985,639855	-11287,539276	-11907,608803	7,390166	20,387789	22,030792	22,814970	28,476052	23,325352	23,601572	-2,908257	1,266358	0,962026	216581,071611	-0,205190	5,731762E-5	3,062241	1,582592	2,039942	-0,124478	-0,124492	0,000000	1,556953	1,263075	0,199710
217,200000	7,346385	7,378888	0,427254	0,090296	1,128706	-11112,950471	-10745,635462	-2985,707955	-10181,170900	-10801,240426	7,388837	20,358536	22,024900	22,815994	28,475361	23,329140	23,599952	-2,908391	1,265964	0,962455	217427,301408	-0,204649	0,000433	3,133095	1,578569	2,039290	-0,124485	-0,124480	0,000000	1,555676	1,287184	0,199546
217,400000	7,345902	7,378599	0,414946	0,090593	1,137622	-9789,752147	-10011,293497	-2985,663458	-8953,603980	-9573,673506	7,387332	20,358852	22,020800	22,817185	28,474747	23,325591	23,595226	-2,908401	1,266495	0,963217	218446,112791	-0,204358	0,000797	3,193719	1,575161	2,039203	-0,124493	-0,124474	0,000000	1,555690	1,295530	0,199548
217,600000	7,345737	7,377851	0,412511	0,091111	1,140257	-8656,626480	-8922,234226	-2985,722473	-7792,813325	-8412,882852	7,385969	20,356930	22,020040	22,817788	28,476996	23,314739	23,595943	-2,908207	1,266991	0,963206	218905,283791	-0,204672	0,000692	3,238632	1,573790	2,039415	-0,124495	-0,124472	0,000000	1,555606	1,296525	0,199537
217,800000	7,346010	7,377324	0,408325	0,090910	1,137202	-8036,687630	-8224,572377	-2985,789434	-7042,282152	-7662,351678	7,384748	20,344970	22,019429	22,816117	28,477699	23,307863	23,602874	-2,907975	1,266799	0,962878	218434,732087	-0,205024	0,000416	3,215394	1,574128	2,038686	-0,124491	-0,124470	0,000000	1,555084	1,300589	0,199470
218,000000	7,346287	7,377224	0,403990	0,089551	1,131171	-8041,324626	-8336,464826	-2985,751353	-6937,599464	-7557,668991	7,383296	20,313326	22,018914	22,813274	28,472110	23,310919	23,607904	-2,907987	1,266136	0,962828	217730,524981	-0,205487	0,000304	3,143768	1,574821	2,035927	-0,124482	-0,124475	0,000000	1,553701	1,305153	0,199293
218,200000	7,346043	7,376811	0,392357	0,089159	1,130293	-8655,324844	-9195,640626	-2985,602996	-7483,333882	-8103,403409	7,381978	20,276177	22,021749	22,813147	28,466512	23,321378	23,607820	-2,908152	1,265595	0,962241	216751,688109	-0,206035	0,000377	3,087523	1,574765	2,033516	-0,124474	-0,124484	0,000000	1,552077	1,315926	0,199084
218,400000	7,345356	7,376224	0,380033	0,090328	1,137258	-9713,226693	-10301,261788	-2985,254980	-8507,633072	-9127,702598	7,380823	20,265323	22,028257	22,816640	28,466438	23,332749	23,604902	-2,908236	1,266050	0,962052	215290,499593	-0,205997	0,000522	2,972138	1,574415	2,033999	-0,124475	-0,124490	0,000000	1,551602	1,327278	0,199023
218,600000	7,344452	7,375938	0,383024	0,091235	1,143329	-10885,737700	-10967,992842	-2985,086281	-9707,494201	-10327,563727	7,379351	20,270173	22,033950	22,818709	28,469321	23,335621	23,599933	-2,908232	1,267457	0,962662	213990,763665	-0,205734	0,000545	2,891612	1,574732	2,035672	-0,124486	-0,124488	0,000000	1,551814	1,324631	0,199051
218,800000	7,343788	7,375696	0,397732	0,091091	1,141551	-11898,293150	-11076,826158	-2984,889789	-10796,285369	-11416,354895	7,377923	20,271588	22,034286	22,815554	28,467453	23,329384	23,595459	-2,908198	1,268521	0,962783	212838,128414	-0,205278	0,000468	2,996145	1,576255	2,036781	-0,124493	-0,124483	0,000000	1,551876	1,311922	0,199058
219,000000	7,344096	7,375230	0,418136	0,090470	1,138686	-12580,125427	-10985,340473	-2984,275138	-11607,039693	-12227,109220	7,376849	20,270066	22,034205	22,812425	28,461602	23,324606	23,593401	-2,908192	1,268588	0,962417	211770,042338	-0,204164	0,000445	3,122777	1,579448	2,037069	-0,124488	-0,124483	0,000000	1,551810	1,295574	0,199050
219,200000	7,344577	7,374829	0,444007	0,090353	1,133506	-12890,565412	-10930,122416	-2983,994539	-12088,497417	-12708,566943	7,375925	20,272835	22,038830	22,813893	28,459290	23,327049	23,591364	-2,908465	1,268140	0,962725	210739,064272	-0,203470	0,000409	3,080645	1,582563	2,036269	-0,124477	-0,124483	0,000000	1,551931	1,274786	0,199065
219,400000	7,343970	7,374830	0,472232	0,091228	1,117164	-12999,171621	-10928,253551	-2984,265886	-12311,605892	-12931,675419	7,374795	20,281475	22,042742	22,816927	28,458861	23,333116	23,588250	-2,908860	1,267468	0,963411	209483,216788	-0,204008	0,000380	3,015640	1,583121	2,036230	-0,124472	-0,124483	0,000000	1,552309	1,250762	0,199114
219,600000	7,342916	7,375161	0,487610	0,092310	1,097665	-13132,063398	-10939,457608	-2984,626429	-12421,764671	-13041,834198	7,373311	20,288413	22,041166	22,818725	28,460410	23,337721	23,586607	-2,908876	1,266723	0,962930	209074,100092	-0,204189	0,000424	3,119536	1,581767	2,038303	-0,124478	-0,124485	0,000000	1,552612	1,236816	0,199153
219,800000	7,342241	7,375462	0,483213	0,092775	1,088674	-13273,080023	-10944,030987	-2985,219639	-12469,985697	-13090,055223	7,371739	20,285853	22,034499	22,818781	28,470351	23,337483	23,587749	-2,908695	1,266094	0,961714	210173,117106	-0,203526	0,000348	3,137801	1,580063	2,040551	-0,124487	-0,124487	0,000000	1,552500	1,239232	0,199139
220,000000	7,342004	7,375337	0,478416	0,092352	1,094885	-13183,127302	-10943,158498	-2985,683272	-12327,053743	-12947,123269	7,370190	20,269408	22,024614	22,815989	28,486191	23,331359	23,592134	-2,908593	1,266122	0,961652	211623,157054	-0,203149	0,000228	2,928155	1,577913	2,040498	-0,124493	-0,124487	0,000000	1,551781	1,241622	0,199046
220,200000	7,342442	7,374684	0,481609	0,090988	1,113776	-12782,997238	-10941,739263	-2985,473268	-11909,757121	-12529,826647	7,368915	20,252108	22,017558	22,812250	28,494532	23,322077	23,598229	-2,908476	1,266238	0,962450	212850,918347	-0,203337	0,000242	2,800988	1,575560	2,038654	-0,124490	-0,124481	0,000000	1,551024	1,237051	0,198949
220,400000	7,343030	7,373736	0,483787	0,089711	1,130712	-12181,751927	-10939,996126	-2985,154856	-11283,417214	-11903,486740	7,367981	20,264523	22,018416	22,812183	28,490082	23,315063	23,601689	-2,908315	1,266109	0,962541	214101,420050	-0,204448	0,000324	2,900582	1,574372	2,037515	-0,124485	-0,124477	0,000000	1,551567	1,234145	0,199019
220,600000	7,342927	7,373054	0,486182	0,089292	1,142547	-11435,199458	-10874,740221	-2985,119145	-10478,480291	-11098,549817	7,366795	20,304558	22,024851	22,815245	28,480668	23,313733	23,600304	-2,908311	1,266421	0,962550	215098,449290	-0,205481	0,000395	3,038824	1,574872	2,037335	-0,124483	-0,124477	0,000000	1,553318	1,232394	0,199243
220,800000	7,342317	7,372932	0,492718	0,089212	1,162877	-10621,767078	-10567,900342	-2985,237094	-9543,193961	-10163,263487	7,365311	20,327205	22,028168	22,817114	28,472524	23,316089	23,601407	-2,908503	1,266695	0,962894	215938,321621	-0,205214	0,000466	3,034378	1,575811	2,037296	-0,124482	-0,124473	0,000000	1,554308	1,227669	0,199370
221,000000	7,341566	7,373008	0,502019	0,089738	1,186804	-9849,917301	-9897,702744	-2985,716028	-8621,201685	-9241,271211	7,364033	20,326635	22,023047	22,816698	28,468911	23,318282	23,610871	-2,908502	1,266361	0,962655	216694,694615	-0,205318	0,000542	2,936641	1,576143	2,036879	-0,124483	-0,124468	0,000000	1,554283	1,220319	0,199367
221,200000	7,341046	7,372875	0,509709	0,090226	1,207300	-9101,892551	-8980,588742	-2986,392633	-7766,976524	-8387,046051	7,362906	20,332191	22,016556	22,815286	28,469285	23,320518	23,618888	-2,908303	1,265969	0,962730	216980,760854	-0,206698	0,000544	2,884199	1,576143	2,035974	-0,124485	-0,124468	0,000000	1,554526	1,214088	0,199398
221,400000	7,341208	7,372284	0,507448	0,089321	1,227162	-8331,873168	-8059,118484	-2986,547311	-6950,066337	-7570,135864	7,361570	20,347178	22,019561	22,813577	28,468900	23,324691	23,616353	-2,908215	1,266131	0,963280	216876,478712	-0,207760	0,000506	2,878421	1,577169	2,035206	-0,124488	-0,124475	0,000000	1,555180	1,216621	0,199482
221,600000	7,341584	7,371484	0,497288	0,088794	1,237284	-7593,964473	-7330,461142	-2985,754168	-6221,505440	-6841,574966	7,360117	20,365304	22,031556	22,812578	28,465954	23,329073	23,604769	-2,908238	1,266929	0,963293	216743,046282	-0,207173	0,000495	2,952070	1,579496	2,035124	-0,124484	-0,124481	0,000000	1,555972	1,226562	0,199584
221,800000	7,341261	7,371163	0,488872	0,090201	1,235275	-7076,229588	-6965,317934	-2984,674247	-5735,540350	-6355,609876	7,358581	20,380455	22,042641	22,813862	28,461325	23,333351	23,591883	-2,908389	1,268225	0,962951	216710,577709	-0,205309	0,000427	3,125848	1,582322	2,035823	-0,124472	-0,124482	0,000000	1,556633	1,235633	0,199669
222,000000	7,340266	7,371345	0,478530	0,091297	1,234366	-7048,542184	-7167,805678	-2984,356633	-5699,783852	-6319,853378	7,357179	20,379743	22,046685	22,816662	28,460398	23,335323	23,585312	-2,908594	1,268970	0,962527	216637,486474	-0,204058	0,000446	3,259369	1,585682	2,036525	-0,124464	-0,124479	0,000000	1,556602	1,246933	0,199665
222,200000	7,339468	7,371474	0,460053	0,091197	1,238908	-7635,957624	-8016,131112	-2984,728887	-6241,366866	-6861,436392	7,356284	20,365255	22,043444	22,818228	28,466661	23,329811	23,587382	-2,908627	1,268111	0,962623	215965,777857	-0,204706	0,000628	3,225349	1,587658	2,036036	-0,124466	-0,124478	0,000000	1,555970	1,264333	0,199584
222,400000	7,339306	7,371293	0,449532	0,091451	1,241107	-8705,246584	-9305,872862	-2985,126627	-7292,529449	-7912,598975	7,355418	20,356572	22,036136	22,816935	28,472708	23,324973	23,594112	-2,908434	1,267069	0,963160	214671,076058	-0,205828	0,000745	3,086003	1,586144	2,036016	-0,124473	-0,124479	0,000000	1,555591	1,272302	0,199535
222,600000	7,339162	7,370909	0,460646	0,091400	1,240205	-9954,487275	-10496,404062	-2985,154157	-8593,249305	-9213,318832	7,354131	20,358558	22,030465	22,815023	28,475227	23,330849	23,596671	-2,908179	1,266810	0,963085	213548,742893	-0,205456	0,000614	3,096083	1,583060	2,038207	-0,124477	-0,124486	0,000000	1,555677	1,260124	0,199546
222,800000	7,338752	7,370579	0,483374	0,091006	1,236870	-11052,982819	-11056,312801	-2984,894284	-9795,306069	-10415,375595	7,352559	20,360845	22,027450	22,814784	28,477655	23,338186	23,594093	-2,908097	1,266609	0,962474	212593,093682	-0,204320	0,000264	3,211287	1,581025	2,040632	-0,124478	-0,124495	0,000000	1,555777	1,239176	0,199559
223,000000	7,338727	7,370451	0,506826	0,091586	1,227655	-11881,748000	-11074,308195	-2984,723462	-10708,609322	-11328,678849	7,350962	20,360459	22,024950	22,814854	28,479308	23,335983	23,592801	-2,908225	1,266962	0,962157	211653,564641	-0,203533	0,000109	3,211809	1,579792	2,042405	-0,124484	-0,124493	0,000000	1,555760	1,218917	0,199557
223,200000	7,338934	7,370501	0,526495	0,092097	1,218761	-12547,032443	-10969,909492	-2984,708225	-11404,585944	-12024,655470	7,349722	20,355429	22,022971	22,814927	28,482720	23,326365	23,594601	-2,908349	1,267766	0,962149	210737,174156	-0,203061	0,000282	3,127271	1,579109	2,042369	-0,124495	-0,124481	0,000000	1,555541	1,202704	0,199529
223,400000	7,338844	7,370481	0,544580	0,091002	1,220968	-13053,594085	-10924,943806	-2985,017984	-11972,193332	-12592,262858	7,348892	20,345029	22,019922	22,814539	28,489300	23,316101	23,598345	-2,908366	1,267156	0,962410	209707,434163	-0,203563	0,000527	2,995120	1,579328	2,039709	-0,124499	-0,124475	0,000000	1,555087	1,188806	0,199470
223,600000	7,338741	7,370008	0,564197	0,089239	1,231054	-13312,795370	-10926,940813	-2985,412730	-12369,643347	-12989,712874	7,347797	20,339209	22,016876	22,813482	28,490182	23,310907	23,601900	-2,908322	1,265864	0,963285	209478,130641	-0,204634	0,000506	2,946026	1,579544	2,036676	-0,124490	-0,124473	0,000000	1,554832	1,173992	0,199438
223,800000	7,338653	7,369350	0,580474	0,088491	1,234966	-13418,669444	-10936,696997	-2985,394500	-12600,094033	-13220,163560	7,346096	20,345078	22,018406	22,814617	28,482499	23,314274	23,604470	-2,908321	1,265520	0,964044	210628,236178	-0,205166	0,000224	2,964348	1,578678	2,034562	-0,124481	-0,124472	0,000000	1,555089	1,161133	0,199471
224,000000	7,338055	7,369056	0,583893	0,088718	1,235148	-13486,923747	-10940,944358	-2985,488052	-12694,792676	-13314,862203	7,344412	20,353478	22,024198	22,817374	28,474608	23,322982	23,606341	-2,908463	1,265328	0,964106	212071,073292	-0,205266	0,000223	2,847729	1,576620	2,033942	-0,124479	-0,124477	0,000000	1,555456	1,157033	0,199518
224,200000	7,337248	7,368939	0,566086	0,089499	1,239091	-13354,724190	-10941,704095	-2985,804928	-12538,776643	-13158,846169	7,343203	20,354708	22,027319	22,817810	28,474599	23,328760	23,606058	-2,908478	1,265421	0,963483	213259,953275	-0,205475	0,000516	2,749529	1,575153	2,035136	-0,124482	-0,124485	0,000000	1,555509	1,169088	0,199524
224,400000	7,336923	7,368621	0,530541	0,090596	1,238142	-12770,751581	-10941,877067	-2985,933511	-12016,529491	-12636,599018	7,342024	20,355717	22,024233	22,815469	28,480156	23,328865	23,606345	-2,908125	1,266063	0,962682	214476,436328	-0,206268	0,000633	2,801802	1,575494	2,036727	-0,124489	-0,124489	0,000000	1,555553	1,196496	0,199530
224,600000	7,336782	7,368156	0,503275	0,091376	1,230155	-11751,550165	-10941,905330	-2985,761288	-11157,874717	-11777,944243	7,340595	20,366807	22,021876	22,813702	28,477213	23,327453	23,606086	-2,907978	1,266904	0,962629	215533,020311	-0,206570	0,000554	2,865751	1,576401	2,036402	-0,124493	-0,124486	0,000000	1,556038	1,218837	0,199592
224,800000	7,336475	7,367566	0,498252	0,091594	1,218289	-10710,894386	-10936,444375	-2985,169290	-10189,537457	-10809,606983	7,339428	20,383416	22,026074	22,814022	28,464094	23,328161	23,598883	-2,908346	1,268153	0,962831	216580,326520	-0,205398	0,000582	2,860347	1,576334	2,034347	-0,124488	-0,124478	0,000000	1,556762	1,222731	0,199685
225,000000	7,336110	7,366918	0,488407	0,091426	1,202207	-10051,801695	-10849,857086	-2984,557210	-9430,896401	-10050,965927	7,338440	20,377515	22,034793	22,816713	28,454987	23,331604	23,588869	-2,908679	1,268792	0,962752	217572,637429	-0,204452	0,000678	2,927390	1,575110	2,033663	-0,124481	-0,124477	0,000000	1,556505	1,229722	0,199652
225,200000	7,335562	7,366721	0,457584	0,091489	1,185014	-9641,621148	-10530,306386	-2984,431847	-8914,809121	-9534,878647	7,337158	20,338539	22,041707	22,820878	28,456894	23,336161	23,582542	-2,908823	1,268512	0,962478	218282,688433	-0,204390	0,000459	3,099045	1,574385	2,035794	-0,124477	-0,124482	0,000000	1,554803	1,255120	0,199434
225,400000	7,334879	7,367208	0,423196	0,092418	1,163271	-9067,952253	-9843,489937	-2984,901327	-8358,300515	-8978,370042	7,335968	20,298395	22,040010	22,821827	28,466103	23,338198	23,582607	-2,908841	1,268046	0,962382	218904,706792	-0,204579	0,000115	3,204257	1,575035	2,038695	-0,124477	-0,124490	0,000000	1,553049	1,286101	0,199209
225,600000	7,334733	7,367713	0,395369	0,093054	1,137237	-8372,615042	-9072,177530	-2985,653782	-7714,414926	-8334,484452	7,334949	20,274751	22,029507	22,818383	28,477609	23,334774	23,590169	-2,908656	1,266911	0,962485	218894,209058	-0,205372	0,000114	3,246899	1,575703	2,040515	-0,124480	-0,124495	0,000000	1,552015	1,312461	0,199076
225,800000	7,335201	7,367482	0,378497	0,092506	1,116481	-8157,247897	-8973,822359	-2986,106610	-7456,212222	-8076,281749	7,333638	20,268516	22,017783	22,815800	28,485828	23,328725	23,598848	-2,908285	1,265378	0,962243	217804,632410	-0,206021	0,000439	3,244885	1,575650	2,040927	-0,124487	-0,124496	0,000000	1,551742	1,328498	0,199041
226,000000	7,335373	7,366641	0,376044	0,091620	1,100758	-8719,199377	-9759,733127	-2986,169471	-7968,329210	-8588,398736	7,332155	20,275895	22,014291	22,816247	28,486090	23,326444	23,599895	-2,908019	1,265044	0,962120	216536,314470	-0,205849	0,000671	3,153007	1,575253	2,039949	-0,124496	-0,124493	0,000000	1,552065	1,330396	0,199083
226,200000	7,334883	7,366020	0,379812	0,090670	1,084252	-9675,765727	-10684,182016	-2985,838810	-9064,033712	-9684,103239	7,330780	20,298199	22,017622	22,816446	28,482913	23,324668	23,592768	-2,908070	1,266209	0,962776	215858,703604	-0,205456	0,000522	3,094579	1,574531	2,038868	-0,124501	-0,124489	0,000000	1,553040	1,326041	0,199208
226,400000	7,334502	7,365942	0,396339	0,090255	1,067855	-10599,617573	-11074,207935	-2985,184238	-10281,092538	-10901,162064	7,329402	20,342985	22,017325	22,816034	28,482771	23,319450	23,586840	-2,908230	1,267146	0,963506	215570,760551	-0,205113	0,000325	3,109524	1,573645	2,038727	-0,124493	-0,124479	0,000000	1,554997	1,309591	0,199459
226,600000	7,334659	7,365867	0,425661	0,090425	1,048019	-11442,008505	-11039,708658	-2984,649183	-11304,587768	-11924,657294	7,327939	20,372820	22,012790	22,815628	28,484186	23,315671	23,590402	-2,908403	1,267282	0,963442	215381,111532	-0,204448	0,000293	3,058788	1,573229	2,038751	-0,124483	-0,124469	0,000000	1,556300	1,282303	0,199626
226,800000	7,334903	7,365672	0,437287	0,089816	1,024264	-12156,822938	-10950,465012	-2984,518361	-11979,372150	-12599,441676	7,326550	20,364207	22,009752	22,815080	28,482821	23,314923	23,601575	-2,908566	1,267592	0,963262	215114,248869	-0,203819	0,000383	3,002825	1,573219	2,037799	-0,124483	-0,124467	0,000000	1,555924	1,271884	0,199578
227,000000	7,334684	7,365263	0,420280	0,088895	1,010011	-12466,705056	-10924,852430	-2984,988469	-12198,046647	-12818,116174	7,325148	20,353527	22,011088	22,814978	28,479092	23,317912	23,611718	-2,908534	1,267038	0,963372	214794,951926	-0,204790	0,000487	3,014875	1,573269	2,036083	-0,124483	-0,124474	0,000000	1,555458	1,287083	0,199518
227,200000	7,334019	7,364485	0,398238	0,089038	1,008198	-12365,831664	-10933,339935	-2985,679004	-12050,179969	-12670,249495	7,323600	20,364989	22,016971	22,813801	28,472821	23,325552	23,612539	-2,908361	1,265327	0,963149	214492,395840	-0,206698	0,000357	3,057416	1,573426	2,034746	-0,124481	-0,124485	0,000000	1,555958	1,307368	0,199582
227,400000	7,333371	7,364007	0,386106	0,089975	1,008114	-12228,012770	-10941,963571	-2985,949197	-11826,608250	-12446,677777	7,322175	20,401787	22,023617	22,812317	28,464991	23,333082	23,603056	-2,908284	1,265063	0,962541	214170,412156	-0,207473	0,000220	3,155270	1,573605	2,034321	-0,124480	-0,124493	0,000000	1,557564	1,318862	0,199788
227,600000	7,332875	7,363913	0,377070	0,091323	1,010098	-12286,392367	-10944,526306	-2985,710716	-11753,090516	-12373,160042	7,321189	20,446212	22,028409	22,812473	28,462816	23,333673	23,593085	-2,908278	1,266466	0,962168	214309,809850	-0,206728	0,000291	3,268738	1,573794	2,035129	-0,124482	-0,124491	0,000000	1,559501	1,327654	0,200037
227,800000	7,332262	7,363734	0,367046	0,092226	1,019344	-12358,854572	-10943,399241	-2985,493625	-11731,448967	-12351,518493	7,320337	20,463240	22,030468	22,813923	28,466262	23,327575	23,589875	-2,908297	1,267731	0,962474	215299,011248	-0,205922	0,000439	3,329366	1,574669	2,036679	-0,124489	-0,124485	0,000000	1,560243	1,338117	0,200132
228,000000	7,331406	7,363635	0,357330	0,091627	1,029673	-12104,905039	-10940,703659	-2985,335625	-11454,911161	-12074,980687	7,319091	20,454737	22,029434	22,815561	28,467645	23,323172	23,590274	-2,908521	1,268478	0,963003	216407,748211	-0,205835	0,000588	3,298680	1,576601	2,037315	-0,124490	-0,124483	0,000000	1,559873	1,349335	0,200084
228,200000	7,330882	7,363655	0,344773	0,090770	1,029206	-11438,329496	-10909,349526	-2984,702686	-10800,532112	-11420,601638	7,317466	20,446238	22,026909	22,816174	28,463448	23,325927	23,590891	-2,908803	1,268657	0,962980	216833,467794	-0,205065	0,000608	3,137050	1,577881	2,036876	-0,124484	-0,124487	0,000000	1,559502	1,363027	0,200037
228,400000	7,330837	7,363550	0,328519	0,091507	1,019667	-10604,255388	-10696,783652	-2984,054082	-9899,966665	-10520,036191	7,315982	20,451818	22,024209	22,816208	28,459143	23,333693	23,590488	-2,908704	1,268252	0,962540	216753,013585	-0,203923	0,000376	2,926477	1,577012	2,037077	-0,124479	-0,124493	0,000000	1,559746	1,378913	0,200068
228,600000	7,330796	7,363357	0,317505	0,093097	1,013785	-9886,061177	-10213,788908	-2984,063829	-9007,716228	-9627,785754	7,314923	20,502617	22,021659	22,817588	28,465900	23,340382	23,588004	-2,908394	1,268152	0,962578	216622,663706	-0,203700	0,000125	2,903810	1,575237	2,039394	-0,124480	-0,124496	0,000000	1,561958	1,388871	0,200352
228,800000	7,330710	7,363158	0,317624	0,093029	1,009178	-9414,436083	-9761,219278	-2984,633688	-8409,846719	-9029,916245	7,313922	20,591055	22,017694	22,818298	28,482841	23,338257	23,584901	-2,908306	1,267973	0,962731	216556,838210	-0,204110	-7,218306E-5	3,066436	1,574328	2,041630	-0,124488	-0,124497	0,000000	1,565805	1,387987	0,200845
229,000000	7,330774	7,362995	0,318999	0,091055	0,996811	-9325,694419	-9769,311660	-2985,328640	-8300,005807	-8920,075334	7,312746	20,639341	22,010977	22,814838	28,492636	23,325576	23,585400	-2,908311	1,266780	0,962483	216452,472525	-0,204799	-8,977395E-5	3,172907	1,574685	2,041169	-0,124497	-0,124494	0,000000	1,567902	1,386889	0,201114
229,200000	7,331073	7,362806	0,324188	0,089222	0,976448	-9804,492788	-10267,900788	-2985,465837	-8743,235072	-9363,304599	7,311453	20,633617	22,006723	22,811856	28,490787	23,313224	23,591421	-2,908160	1,266057	0,962468	215780,042064	-0,204832	0,000377	3,170467	1,575735	2,039266	-0,124499	-0,124486	0,000000	1,567653	1,382347	0,201082
229,400000	7,331070	7,362490	0,343793	0,088500	0,960464	-10799,874430	-10810,792663	-2985,052238	-9630,593659	-10250,663186	7,310015	20,619849	22,009146	22,813481	28,485607	23,310717	23,598288	-2,908221	1,266403	0,962694	214485,949267	-0,204092	0,000799	3,179647	1,576489	2,037083	-0,124492	-0,124477	0,000000	1,567055	1,362741	0,201006
229,600000	7,330526	7,362072	0,367511	0,088586	0,964818	-11865,918409	-11023,982651	-2984,912961	-10631,840535	-11251,910062	7,308596	20,615115	22,011993	22,815794	28,478024	23,315327	23,601812	-2,908568	1,266439	0,962911	213430,864517	-0,204327	0,000671	3,229955	1,576650	2,035826	-0,124488	-0,124470	0,000000	1,566850	1,339121	0,200979
229,800000	7,330155	7,361713	0,388708	0,089021	0,981393	-12578,176478	-10995,732799	-2985,099669	-11434,639987	-12054,709513	7,307273	20,635583	22,010733	22,817312	28,471086	23,321957	23,604725	-2,908585	1,266186	0,962839	212762,949344	-0,205133	0,000134	3,285817	1,576571	2,036593	-0,124486	-0,124467	0,000000	1,567739	1,318513	0,201093
230,000000	7,330291	7,361494	0,405928	0,089580	0,995881	-12988,838397	-10943,764433	-2985,346613	-12002,916133	-12622,985659	7,305821	20,687111	22,008196	22,817426	28,472167	23,327640	23,609983	-2,908410	1,266161	0,962908	212244,897907	-0,205131	-0,000299	3,372696	1,576683	2,037980	-0,124487	-0,124469	0,000000	1,569974	1,302420	0,201380
230,200000	7,330466	7,361114	0,412041	0,090189	1,014580	-13334,428702	-10930,706153	-2985,613466	-12434,775698	-13054,845224	7,304574	20,726824	22,007342	22,813353	28,479262	23,329023	23,614259	-2,908553	1,266162	0,963571	211757,428623	-0,204916	-0,000130	3,391942	1,577008	2,037758	-0,124490	-0,124472	0,000000	1,571696	1,297036	0,201601
230,400000	7,330036	7,360327	0,414763	0,090315	1,039419	-13616,654804	-10936,770249	-2985,599364	-12727,600057	-13347,669584	7,303499	20,734220	22,011857	22,809923	28,477928	23,327556	23,612283	-2,908754	1,266419	0,963993	211172,294806	-0,205489	0,000388	3,299806	1,576710	2,035867	-0,124489	-0,124474	0,000000	1,572016	1,294182	0,201642
230,600000	7,329134	7,359409	0,428021	0,090259	1,059639	-13799,281267	-10941,871390	-2985,357402	-12898,659275	-13518,728802	7,302036	20,735845	22,023714	22,811423	28,466085	23,328189	23,603292	-2,908704	1,266895	0,963878	211162,894259	-0,206553	0,000712	3,243338	1,575818	2,034198	-0,124488	-0,124482	0,000000	1,572087	1,281238	0,201651
230,800000	7,328460	7,358990	0,443961	0,090570	1,070326	-13951,982725	-10942,040288	-2984,871574	-13020,651767	-13640,721294	7,300692	20,742606	22,037086	22,813905	28,454230	23,329878	23,589930	-2,908642	1,267551	0,963268	212203,496439	-0,206463	0,000687	3,252956	1,575564	2,034246	-0,124484	-0,124489	0,000000	1,572380	1,266760	0,201688
231,000000	7,328152	7,359138	0,445888	0,091003	1,072927	-13995,335609	-10941,121062	-2984,343123	-13030,934948	-13651,004474	7,299988	20,744909	22,040981	22,815388	28,451256	23,330293	23,582367	-2,908673	1,268089	0,962444	213438,423494	-0,205005	0,000402	3,212127	1,576583	2,035594	-0,124477	-0,124490	0,000000	1,572479	1,265892	0,201701
231,200000	7,328023	7,359363	0,435429	0,091336	1,069274	-13805,610901	-10940,826285	-2984,475566	-12859,213067	-13479,282593	7,299121	20,733292	22,030862	22,816140	28,461770	23,330869	23,587692	-2,908598	1,268165	0,962154	214504,373460	-0,204149	8,501765E-5	3,091585	1,578358	2,037267	-0,124476	-0,124493	0,000000	1,571976	1,276631	0,201637
231,400000	7,327996	7,359379	0,424146	0,091273	1,064173	-13501,260243	-10940,924706	-2985,157165	-12613,997625	-13234,067152	7,297561	20,715611	22,016952	22,815283	28,473664	23,332091	23,596511	-2,908566	1,267932	0,962113	215736,904139	-0,204749	-2,573423E-5	3,031186	1,579906	2,039242	-0,124485	-0,124490	0,000000	1,571210	1,288069	0,201538
231,600000	7,327848	7,359362	0,415031	0,091159	1,060408	-13220,197240	-10942,683611	-2985,706548	-12391,175488	-13011,245014	7,295988	20,706848	22,011403	22,814136	28,476981	23,332695	23,598747	-2,908600	1,267154	0,962162	216519,153573	-0,206045	0,000158	3,058877	1,580674	2,040483	-0,124488	-0,124488	0,000000	1,570830	1,297017	0,201490
231,800000	7,327514	7,359400	0,405000	0,091676	1,057383	-12822,454900	-10944,187781	-2985,655095	-12039,431981	-12659,501507	7,294839	20,706769	22,013407	22,814107	28,475783	23,331386	23,594129	-2,908550	1,266645	0,962438	216568,118311	-0,206478	0,000374	3,085298	1,580496	2,040368	-0,124488	-0,124486	0,000000	1,570827	1,306135	0,201489
232,000000	7,327150	7,359077	0,394156	0,092165	1,057301	-12184,226454	-10943,491778	-2985,428691	-11416,380013	-12036,449540	7,293561	20,708358	22,015360	22,814931	28,473799	23,329241	23,588859	-2,908516	1,266600	0,962515	216499,896692	-0,205961	0,000479	3,046422	1,579208	2,039579	-0,124492	-0,124481	0,000000	1,570896	1,315162	0,201498
232,200000	7,326767	7,358385	0,383485	0,091728	1,057662	-11543,727420	-10942,128315	-2985,433759	-10738,467465	-11358,536992	7,291888	20,689054	22,014404	22,815241	28,473189	23,324444	23,589628	-2,908422	1,265860	0,962564	217031,278380	-0,205522	0,000511	2,905178	1,577332	2,038291	-0,124495	-0,124483	0,000000	1,570059	1,323622	0,201391
232,400000	7,326578	7,357797	0,373781	0,091274	1,050948	-11134,836125	-10936,736382	-2985,359170	-10249,736131	-10869,805657	7,290427	20,638803	22,011893	22,814366	28,473356	23,315369	23,597664	-2,908309	1,265816	0,962534	218162,010629	-0,205150	0,000297	2,860161	1,576065	2,036749	-0,124491	-0,124487	0,000000	1,567878	1,331815	0,201111
232,600000	7,326769	7,357411	0,365098	0,091071	1,041320	-10837,986738	-10850,397332	-2985,213780	-9839,385758	-10459,455284	7,289147	20,600912	22,009127	22,813836	28,472548	23,311254	23,607153	-2,908253	1,266986	0,962351	219166,725517	-0,205428	0,000163	3,045087	1,575824	2,036216	-0,124484	-0,124481	0,000000	1,566233	1,340022	0,200900
232,800000	7,327116	7,356962	0,352764	0,089805	1,040267	-10333,413794	-10414,288947	-2985,236847	-9256,563849	-9876,633376	7,287680	20,602753	22,008872	22,813657	28,472492	23,318242	23,612398	-2,908307	1,267247	0,962815	220037,689644	-0,205957	0,000338	3,116166	1,576152	2,035935	-0,124482	-0,124475	0,000000	1,566313	1,352454	0,200910
233,000000	7,326979	7,356597	0,336226	0,088613	1,046305	-9454,921808	-9473,203016	-2985,367275	-8397,962401	-9018,031927	7,286458	20,618019	22,012172	22,813963	28,470459	23,327492	23,611739	-2,908481	1,266869	0,963469	220763,719955	-0,206062	0,000552	2,960157	1,577185	2,035129	-0,124479	-0,124478	0,000000	1,566976	1,370026	0,200995
233,200000	7,326103	7,356437	0,320751	0,089965	1,046203	-8442,901585	-8351,619441	-2985,538079	-7399,113226	-8019,182753	7,285670	20,618703	22,017842	22,814616	28,464692	23,329873	23,607355	-2,908522	1,266682	0,963226	220747,459816	-0,206150	0,000707	2,894201	1,579095	2,035847	-0,124483	-0,124481	0,000000	1,567006	1,387706	0,200999
233,400000	7,325253	7,356389	0,313772	0,092434	1,033569	-7723,090047	-7528,226702	-2985,667601	-6559,395802	-7179,465328	7,284685	20,598249	22,024280	22,814321	28,461859	23,326820	23,603324	-2,908405	1,266564	0,962575	220113,617662	-0,206197	0,000620	2,938446	1,580427	2,036744	-0,124490	-0,124481	0,000000	1,566117	1,396238	0,200885
233,600000	7,324953	7,356379	0,323527	0,092808	1,020413	-7542,458576	-7312,811423	-2985,245314	-6179,751177	-6799,820704	7,283183	20,569901	22,026886	22,812137	28,462316	23,323691	23,598631	-2,908296	1,267113	0,962119	219434,718614	-0,205938	0,000337	3,084701	1,580198	2,036319	-0,124486	-0,124481	0,000000	1,564885	1,385754	0,200727
233,800000	7,324965	7,356039	0,338025	0,091873	1,023960	-7893,539232	-7832,598564	-2984,697813	-6437,144905	-7057,214431	7,281489	20,555297	22,025681	22,810705	28,459491	23,326378	23,594219	-2,908364	1,267325	0,962182	218707,140087	-0,205587	0,000236	3,375276	1,579296	2,036037	-0,124477	-0,124478	0,000000	1,564250	1,369888	0,200646
234,000000	7,324570	7,355656	0,338050	0,091973	1,043778	-8690,001771	-8990,129126	-2984,700142	-7298,514912	-7918,584439	7,280102	20,554318	22,026664	22,814585	28,454265	23,335417	23,592896	-2,908680	1,266972	0,962729	217954,954779	-0,205482	0,000431	3,553065	1,578681	2,036476	-0,124469	-0,124476	0,000000	1,564208	1,369224	0,200640
234,200000	7,323666	7,355557	0,333977	0,092886	1,059926	-9811,599903	-10269,921669	-2984,681995	-8524,095173	-9144,164699	7,279076	20,547946	22,030401	22,819456	28,455006	23,342298	23,591332	-2,909105	1,267167	0,963055	216828,188735	-0,204766	0,000606	3,510936	1,578839	2,037884	-0,124468	-0,124481	0,000000	1,563931	1,373507	0,200605
234,400000	7,323209	7,355505	0,345803	0,093147	1,063879	-11027,013975	-10993,881976	-2984,888027	-9799,795318	-10419,864844	7,277779	20,528357	22,028925	22,819819	28,465615	23,340669	23,588994	-2,908993	1,267151	0,962899	215125,953910	-0,204652	0,000551	3,406968	1,579580	2,039872	-0,124476	-0,124491	0,000000	1,563078	1,362110	0,200495
234,600000	7,323533	7,355507	0,372151	0,092209	1,068790	-12116,021696	-11094,561944	-2985,430469	-10914,255317	-11534,324843	7,276346	20,494310	22,018511	22,817022	28,477230	23,332175	23,590564	-2,908294	1,266527	0,962364	213928,207098	-0,205521	0,000431	3,261551	1,580282	2,041277	-0,124485	-0,124495	0,000000	1,561597	1,336604	0,200305
234,800000	7,323913	7,355636	0,400937	0,091164	1,076774	-13016,853378	-10989,343283	-2985,652432	-11813,931545	-12434,001072	7,275251	20,453027	22,007964	22,814033	28,479432	23,324452	23,594879	-2,908045	1,265729	0,962092	213531,346235	-0,205329	0,000470	3,133186	1,580722	2,040818	-0,124494	-0,124492	0,000000	1,559798	1,309536	0,200075
235,000000	7,323704	7,355545	0,425384	0,090434	1,082265	-13756,381435	-10928,580239	-2985,574999	-12531,000998	-13151,070525	7,274249	20,426119	22,004382	22,813052	28,473987	23,320943	23,596021	-2,908286	1,265612	0,962322	213342,791227	-0,205154	0,000613	3,120596	1,580504	2,038574	-0,124497	-0,124484	0,000000	1,558625	1,286856	0,199924
235,200000	7,323114	7,354979	0,445810	0,089856	1,093197	-14338,146189	-10925,616668	-2985,357513	-13101,504393	-13721,573919	7,273088	20,422811	22,006911	22,815169	28,467903	23,319421	23,594899	-2,908441	1,266473	0,962542	213069,519347	-0,205946	0,000506	3,105111	1,579252	2,037077	-0,124496	-0,124474	0,000000	1,558481	1,267542	0,199906
235,400000	7,322628	7,354581	0,466708	0,089968	1,108807	-14764,645307	-10937,980877	-2985,180341	-13551,141221	-14171,210747	7,271466	20,433183	22,009780	22,818051	28,467562	23,319071	23,596667	-2,908456	1,267164	0,962514	212664,207416	-0,206717	0,000284	2,996061	1,577910	2,037653	-0,124494	-0,124474	0,000000	1,558933	1,248340	0,199964
235,600000	7,322530	7,354663	0,487144	0,090162	1,120785	-15068,334550	-10944,785275	-2985,085006	-13911,201410	-14531,270936	7,269729	20,426982	22,007673	22,817153	28,473371	23,319432	23,602665	-2,908381	1,266973	0,962342	212771,882067	-0,206609	0,000176	2,844708	1,577394	2,038355	-0,124490	-0,124482	0,000000	1,558663	1,230815	0,199929
235,800000	7,322814	7,354694	0,496137	0,090002	1,128645	-15293,730130	-10944,809877	-2985,196212	-14210,994386	-14831,063912	7,268434	20,384101	22,003632	22,813730	28,478498	23,321101	23,611159	-2,908283	1,266327	0,962356	213867,999484	-0,206087	0,000283	2,740046	1,577399	2,037071	-0,124482	-0,124486	0,000000	1,556792	1,223458	0,199689
236,000000	7,323023	7,354109	0,488828	0,090149	1,130011	-15453,838398	-10941,776409	-2985,593998	-14451,896353	-15071,965880	7,267388	20,344640	22,004154	22,811790	28,476576	23,323219	23,614808	-2,908252	1,265463	0,962449	215176,124480	-0,206340	0,000487	2,754841	1,577046	2,034714	-0,124479	-0,124481	0,000000	1,555070	1,229105	0,199468
236,200000	7,322647	7,352967	0,477270	0,090006	1,121117	-15498,880699	-10939,137977	-2985,980197	-14537,303499	-15157,373026	7,266519	20,339534	22,011438	22,812091	28,466828	23,325880	23,607231	-2,908301	1,265264	0,962542	216279,096971	-0,207322	0,000576	2,888660	1,576376	2,033445	-0,124484	-0,124477	0,000000	1,554846	1,237989	0,199439
236,400000	7,321765	7,352138	0,469550	0,089517	1,108932	-15308,236886	-10938,678474	-2985,940789	-14304,689047	-14924,758573	7,265578	20,345253	22,021659	22,813611	28,457708	23,329856	23,594459	-2,908428	1,266016	0,962925	217428,815695	-0,207706	0,000620	3,037930	1,577348	2,033514	-0,124490	-0,124482	0,000000	1,555096	1,245094	0,199472
236,600000	7,321009	7,351944	0,457037	0,090528	1,101782	-14709,239258	-10939,392107	-2985,423256	-13667,043834	-14287,113360	7,264133	20,353353	22,027207	22,814734	28,455203	23,330513	23,586427	-2,908580	1,266853	0,963452	218410,170723	-0,207181	0,000531	3,046876	1,580120	2,034562	-0,124487	-0,124486	0,000000	1,555450	1,257954	0,199517
236,800000	7,320810	7,352009	0,434988	0,092193	1,096122	-13625,798664	-10940,183042	-2984,957614	-12656,418851	-13276,488377	7,262503	20,346798	22,025037	22,814427	28,454711	23,328359	23,587057	-2,908660	1,267951	0,963497	219310,207816	-0,206604	0,000478	2,935119	1,582899	2,036183	-0,124479	-0,124482	0,000000	1,555164	1,279547	0,199480
237,000000	7,320910	7,352070	0,415004	0,092114	1,091694	-12271,244762	-10925,023117	-2984,925270	-11402,061026	-12022,130553	7,261186	20,300703	22,020728	22,814215	28,453487	23,328545	23,594051	-2,908684	1,268468	0,962784	220137,181174	-0,206203	0,000403	2,974236	1,585256	2,037658	-0,124473	-0,124483	0,000000	1,553150	1,299562	0,199222
237,200000	7,320815	7,351941	0,408623	0,091624	1,093327	-11010,592766	-10716,175232	-2985,223720	-10102,104772	-10722,174299	7,260058	20,255520	22,017851	22,814969	28,453282	23,331660	23,600031	-2,908633	1,267474	0,962414	220948,104486	-0,206234	0,000234	3,074409	1,586232	2,038590	-0,124473	-0,124488	0,000000	1,551173	1,306232	0,198968
237,400000	7,320490	7,351752	0,412064	0,092007	1,096163	-10005,066131	-10102,488558	-2985,407040	-8945,542815	-9565,612342	7,258703	20,251722	22,017083	22,815140	28,455514	23,338135	23,597953	-2,908552	1,266508	0,962682	221955,929540	-0,206649	0,000191	2,989114	1,585082	2,039319	-0,124478	-0,124488	0,000000	1,551007	1,302081	0,198947
237,600000	7,320249	7,351738	0,410303	0,091983	1,096869	-9220,306444	-9292,774567	-2985,155333	-8048,244474	-8668,314000	7,257044	20,270425	22,018431	22,814700	28,459919	23,340652	23,589184	-2,908487	1,266785	0,962323	222304,470138	-0,206573	0,000178	2,948407	1,583330	2,040125	-0,124484	-0,124491	0,000000	1,551825	1,302286	0,199052
237,800000	7,320148	7,351616	0,394773	0,091617	1,106602	-8693,287407	-8782,445441	-2984,735179	-7509,211203	-8129,280729	7,255590	20,278626	22,017650	22,814666	28,462017	23,330903	23,583277	-2,908332	1,267351	0,961901	221513,730651	-0,205893	0,000242	3,038826	1,582300	2,040976	-0,124486	-0,124495	0,000000	1,552184	1,315925	0,199098
238,000000	7,319736	7,351203	0,374282	0,091125	1,123015	-8570,467700	-8850,021581	-2984,434020	-7426,140512	-8046,210038	7,254597	20,266280	22,013230	22,814901	28,464929	23,317653	23,588808	-2,908173	1,267977	0,962175	220478,622615	-0,205156	0,000332	3,153457	1,582170	2,041044	-0,124487	-0,124488	0,000000	1,551644	1,335390	0,199029
238,200000	7,319047	7,350863	0,365886	0,089714	1,131250	-8983,956977	-9459,209242	-2984,476903	-7813,122250	-8433,191776	7,253601	20,251255	22,007565	22,815323	28,470374	23,311234	23,601131	-2,908312	1,268013	0,962303	219458,099853	-0,204467	0,000487	3,324478	1,582874	2,039392	-0,124489	-0,124476	0,000000	1,550987	1,344167	0,198944
238,400000	7,318563	7,350637	0,380701	0,088465	1,133919	-9911,007469	-10300,854546	-2984,953699	-8593,753237	-9213,822763	7,252336	20,248686	22,003338	22,815881	28,468805	23,312970	23,609191	-2,908528	1,266715	0,962521	218219,667905	-0,204699	0,000687	3,408024	1,583127	2,037104	-0,124485	-0,124470	0,000000	1,550874	1,329905	0,198930
238,600000	7,318563	7,350329	0,409318	0,088809	1,135924	-11088,016628	-10894,457259	-2985,338670	-9618,186085	-10238,255611	7,250991	20,253097	22,002747	22,816011	28,462362	23,320709	23,612068	-2,908415	1,265716	0,962982	216898,190646	-0,205982	0,000632	3,230310	1,582131	2,035513	-0,124484	-0,124471	0,000000	1,551067	1,301993	0,198955
238,800000	7,318802	7,350071	0,432841	0,090188	1,140398	-12181,700507	-11048,785302	-2985,399693	-10682,712448	-11302,781975	7,249602	20,259488	22,004438	22,815751	28,460058	23,329232	23,611836	-2,908281	1,265789	0,963076	215163,459755	-0,206848	0,000360	3,003404	1,580836	2,035908	-0,124486	-0,124481	0,000000	1,551347	1,279513	0,198991
239,000000	7,318553	7,349848	0,452308	0,091139	1,152322	-13040,352348	-10990,060238	-2985,444983	-11624,816734	-12244,886260	7,248363	20,271415	22,005662	22,814071	28,463174	23,332136	23,607357	-2,908446	1,266495	0,963282	213393,858346	-0,206382	0,000101	2,974059	1,579695	2,037227	-0,124490	-0,124489	0,000000	1,551869	1,261431	0,199058
239,200000	7,317994	7,349582	0,471285	0,090837	1,161209	-13714,719966	-10937,879794	-2985,552004	-12394,408263	-13014,477789	7,247470	20,278920	22,007150	22,811858	28,463069	23,328233	23,601925	-2,908557	1,266675	0,963489	211793,627532	-0,206028	0,000201	3,029311	1,578538	2,036841	-0,124496	-0,124484	0,000000	1,552197	1,244211	0,199100
239,400000	7,317788	7,349197	0,486201	0,090302	1,162329	-14306,148879	-10929,723614	-2985,421337	-13015,294165	-13635,363691	7,246499	20,268870	22,013453	22,811631	28,452330	23,324444	23,599599	-2,908458	1,266610	0,963573	209996,568276	-0,206822	0,000581	3,121313	1,576836	2,035011	-0,124496	-0,124478	0,000000	1,551757	1,230291	0,199043
239,600000	7,317627	7,348541	0,503618	0,090404	1,168912	-14815,152141	-10936,204153	-2984,800650	-13515,758561	-14135,828087	7,244944	20,259682	22,025486	22,813400	28,437997	23,327269	23,596086	-2,908537	1,267609	0,963649	209199,111228	-0,206910	0,000713	3,202973	1,574877	2,033370	-0,124486	-0,124481	0,000000	1,551355	1,214362	0,198992
239,800000	7,316956	7,348108	0,524606	0,090602	1,182591	-15171,382297	-10939,820776	-2984,287373	-13907,887078	-14527,956604	7,243194	20,266770	22,033037	22,815813	28,433287	23,334597	23,590684	-2,908787	1,268509	0,962856	210102,267079	-0,205887	0,000424	3,139262	1,574154	2,033873	-0,124479	-0,124487	0,000000	1,551666	1,196996	0,199031
240,000000	7,316109	7,348408	0,545774	0,091137	1,190054	-15369,084679	-10940,893918	-2984,509101	-14181,428351	-14801,497877	7,241845	20,272054	22,029357	22,818744	28,443304	23,338735	23,590021	-2,908882	1,268919	0,961841	211496,835848	-0,205373	2,153005E-5	3,076888	1,574988	2,036649	-0,124479	-0,124494	0,000000	1,551897	1,181294	0,199061
240,200000	7,315740	7,348636	0,569320	0,091986	1,188532	-15411,011578	-10941,326794	-2984,990530	-14253,943091	-14874,012618	7,240461	20,268812	22,020386	22,819392	28,458528	23,337006	23,593089	-2,908789	1,269223	0,961864	212739,364794	-0,205547	-0,000218	3,181691	1,577216	2,039820	-0,124484	-0,124499	0,000000	1,551755	1,165295	0,199043
240,400000	7,315862	7,348174	0,585481	0,092120	1,187858	-15218,094111	-10941,936662	-2985,291252	-14012,040484	-14632,110011	7,238919	20,288765	22,011895	22,814637	28,467467	23,333098	23,596481	-2,908583	1,268502	0,962312	213996,664568	-0,205941	-0,000149	3,200345	1,580638	2,041146	-0,124492	-0,124499	0,000000	1,552628	1,155904	0,199155
240,600000	7,316081	7,347656	0,578396	0,091491	1,190560	-14662,407298	-10942,912356	-2985,402043	-13439,640874	-14059,710400	7,237796	20,336621	22,008027	22,810357	28,466126	23,328597	23,599156	-2,908293	1,267226	0,962202	215057,589378	-0,206538	0,000199	2,927683	1,583404	2,039895	-0,124495	-0,124494	0,000000	1,554719	1,163066	0,199423
240,800000	7,316000	7,347426	0,556872	0,090909	1,192482	-13625,377358	-10942,987239	-2985,161320	-12525,242844	-13145,312371	7,236950	20,369866	22,010815	22,811390	28,459598	23,324384	23,597213	-2,908141	1,266986	0,962072	216092,515428	-0,206708	0,000386	2,780461	1,584082	2,038311	-0,124493	-0,124488	0,000000	1,556171	1,179595	0,199609
241,000000	7,315613	7,347429	0,544415	0,090479	1,197821	-12197,614902	-10916,413359	-2984,799398	-11258,083789	-11878,153315	7,235809	20,373554	22,015471	22,814738	28,457302	23,322742	23,592418	-2,908284	1,267347	0,962011	217116,385343	-0,206354	0,000207	2,993008	1,583258	2,038021	-0,124490	-0,124480	0,000000	1,556332	1,188473	0,199630
241,200000	7,315380	7,347534	0,539078	0,090323	1,203044	-10831,164961	-10774,104121	-2984,988606	-9938,242085	-10558,311612	7,234212	20,359280	22,014332	22,816398	28,461748	23,319779	23,593660	-2,908314	1,267354	0,961613	218085,230145	-0,206886	-1,946335E-5	3,190736	1,581770	2,038369	-0,124488	-0,124475	0,000000	1,555709	1,191501	0,199550
241,400000	7,315467	7,347300	0,525626	0,090796	1,197554	-9965,005806	-10456,854760	-2985,496394	-9002,190363	-9622,259890	7,232674	20,339914	22,006196	22,814882	28,467541	23,315145	23,603517	-2,908065	1,266869	0,961847	219181,813332	-0,207768	-0,000127	3,158410	1,580181	2,038294	-0,124484	-0,124475	0,000000	1,554863	1,200800	0,199442
241,600000	7,315705	7,346632	0,510447	0,090264	1,192346	-9656,934801	-10184,034654	-2985,494743	-8585,502921	-9205,572447	7,231544	20,332988	21,999229	22,812477	28,471542	23,316829	23,614012	-2,907965	1,266583	0,962578	219836,969272	-0,207112	-3,045204E-5	3,072094	1,579220	2,037491	-0,124477	-0,124477	0,000000	1,554561	1,212064	0,199403
241,800000	7,315805	7,345979	0,501775	0,088715	1,197554	-9834,641631	-10310,436231	-2985,345702	-8681,924852	-9301,994378	7,230593	20,338979	22,001363	22,812463	28,472941	23,322912	23,616120	-2,908221	1,266691	0,963088	219860,691948	-0,206034	0,000243	3,086541	1,579234	2,036172	-0,124475	-0,124480	0,000000	1,554822	1,218987	0,199436
242,000000	7,315299	7,345642	0,488657	0,088838	1,207726	-10487,549293	-10721,312091	-2985,716809	-9301,132113	-9921,201640	7,229454	20,347919	22,010175	22,814051	28,467067	23,327728	23,610039	-2,908556	1,265958	0,963407	219700,623079	-0,206279	0,000370	3,055158	1,579360	2,034814	-0,124483	-0,124485	0,000000	1,555213	1,229751	0,199486
242,200000	7,314451	7,345460	0,466929	0,090354	1,217762	-11480,989110	-10977,950727	-2986,087647	-10268,383457	-10888,452983	7,228035	20,359362	22,018308	22,814489	28,454602	23,330623	23,602495	-2,908528	1,265294	0,963189	219374,263715	-0,207251	0,000468	2,892622	1,578298	2,033952	-0,124493	-0,124486	0,000000	1,555712	1,247054	0,199551
242,400000	7,313983	7,345196	0,454123	0,091030	1,222163	-12494,427412	-10996,919326	-2985,640135	-11255,293698	-11875,363225	7,226780	20,368933	22,023049	22,813838	28,446318	23,329960	23,597599	-2,908326	1,266612	0,962953	218857,573596	-0,206967	0,000611	2,850945	1,576644	2,034591	-0,124493	-0,124483	0,000000	1,556130	1,256651	0,199604
242,600000	7,313700	7,344887	0,459154	0,091310	1,220527	-13232,877268	-10954,046286	-2984,871258	-12042,801343	-12662,870869	7,225690	20,366123	22,024281	22,814232	28,448135	23,328006	23,596779	-2,908472	1,268475	0,962910	218414,184462	-0,205544	0,000543	3,007927	1,575945	2,035999	-0,124484	-0,124479	0,000000	1,556008	1,251721	0,199588
242,800000	7,313328	7,344805	0,468210	0,091635	1,217259	-13617,689165	-10934,016507	-2984,610814	-12581,023284	-13201,092810	7,224277	20,356178	22,023002	22,814990	28,451134	23,330900	23,597871	-2,908780	1,268693	0,962444	218024,945050	-0,204830	0,000470	3,197259	1,576595	2,036555	-0,124477	-0,124475	0,000000	1,555573	1,244507	0,199533
243,000000	7,312969	7,344787	0,478469	0,091040	1,208930	-13712,709957	-10935,026118	-2984,846223	-12869,350616	-13489,420142	7,222739	20,358586	22,023315	22,814812	28,451303	23,340394	23,595542	-2,908930	1,267824	0,962230	217642,432870	-0,204909	0,000552	3,215623	1,578060	2,036681	-0,124475	-0,124477	0,000000	1,555679	1,237014	0,199546
243,200000	7,312481	7,344559	0,494748	0,091307	1,190757	-13604,183126	-10940,486692	-2985,493820	-12963,783130	-13583,852656	7,221639	20,372992	22,026464	22,814972	28,454221	23,347097	23,589781	-2,908944	1,266875	0,962894	217275,290449	-0,205750	0,000560	3,033057	1,579082	2,037477	-0,124482	-0,124489	0,000000	1,556308	1,224307	0,199627
243,400000	7,311880	7,344402	0,500268	0,093179	1,169581	-13404,609674	-10943,950592	-2986,111728	-12956,278883	-13576,348409	7,220643	20,379183	22,026835	22,815706	28,459668	23,341659	23,585628	-2,908788	1,266370	0,963213	216856,139041	-0,207123	0,000338	2,921523	1,579125	2,039707	-0,124491	-0,124498	0,000000	1,556578	1,219829	0,199662
243,600000	7,311407	7,344462	0,484588	0,093485	1,148847	-13114,879147	-10944,254512	-2986,094146	-12787,134004	-13407,203530	7,219071	20,371422	22,020956	22,816202	28,465093	23,327904	23,586818	-2,908486	1,266260	0,962401	216903,301399	-0,207265	5,725956E-5	2,979995	1,578861	2,040994	-0,124496	-0,124496	0,000000	1,556239	1,232541	0,199618
243,800000	7,311346	7,344345	0,467519	0,091667	1,125755	-12608,440789	-10942,735502	-2985,721583	-12313,555814	-12933,625340	7,217471	20,359697	22,010397	22,814963	28,469257	23,316088	23,593089	-2,908347	1,266213	0,962181	217818,266292	-0,206157	0,000134	3,029334	1,578818	2,039033	-0,124497	-0,124487	0,000000	1,555727	1,246855	0,199552
244,000000	7,311762	7,343713	0,465106	0,090285	1,111670	-11972,165531	-10940,815071	-2985,378119	-11613,929056	-12233,998583	7,216626	20,353090	22,002300	22,813353	28,468721	23,313382	23,600766	-2,908448	1,266553	0,962818	218898,280248	-0,205241	0,000466	2,912454	1,579448	2,036596	-0,124493	-0,124476	0,000000	1,555439	1,249317	0,199515
244,200000	7,312011	7,342941	0,468745	0,090077	1,106336	-11382,155035	-10936,729448	-2985,292529	-10865,975052	-11486,044578	7,215974	20,352856	22,003515	22,814945	28,464568	23,318949	23,605600	-2,908481	1,266820	0,963043	219668,503919	-0,205526	0,000599	2,813507	1,580472	2,035883	-0,124489	-0,124471	0,000000	1,555428	1,246889	0,199514
244,400000	7,311708	7,342401	0,467348	0,090441	1,095445	-10783,512200	-10826,423505	-2985,470564	-10059,065644	-10679,135170	7,214788	20,356362	22,008583	22,816882	28,465014	23,325679	23,605178	-2,908437	1,266889	0,963122	220347,221660	-0,206818	0,000285	2,936011	1,580367	2,036661	-0,124486	-0,124477	0,000000	1,555581	1,247906	0,199534
244,600000	7,311431	7,342225	0,455391	0,090834	1,091160	-10120,639505	-10467,949407	-2985,693805	-9219,940759	-9840,010286	7,213025	20,359167	22,007489	22,815571	28,472474	23,327313	23,603187	-2,908269	1,266823	0,962816	220739,627936	-0,208095	-0,000158	3,122005	1,579127	2,038314	-0,124486	-0,124484	0,000000	1,555704	1,257186	0,199549
244,800000	7,311551	7,342201	0,428711	0,090815	1,107093	-9475,746161	-9965,565511	-2986,126518	-8545,772044	-9165,841571	7,210978	20,356713	22,002293	22,813056	28,477719	23,324741	23,603738	-2,907969	1,266039	0,962103	220733,168540	-0,208994	-0,000178	3,261654	1,578396	2,038468	-0,124488	-0,124489	0,000000	1,555597	1,280109	0,199536
245,000000	7,311595	7,341847	0,396187	0,090705	1,122704	-9006,972601	-9608,854332	-2986,268981	-8163,809586	-8783,879112	7,209287	20,352377	22,002731	22,810732	28,472406	23,323293	23,602807	-2,908043	1,265414	0,961767	220582,633147	-0,208806	0,000141	3,339381	1,578275	2,036348	-0,124489	-0,124490	0,000000	1,555407	1,309773	0,199511
245,200000	7,311136	7,341243	0,374904	0,090959	1,117486	-8969,649037	-9696,550514	-2985,792498	-8150,611508	-8770,681035	7,208453	20,351571	22,011787	22,810776	28,460550	23,325698	23,598621	-2,908502	1,265605	0,961819	220156,956745	-0,207879	0,000459	3,318639	1,577820	2,033677	-0,124487	-0,124487	0,000000	1,555372	1,329523	0,199507
245,400000	7,310278	7,340791	0,372601	0,091260	1,101347	-9566,303829	-10257,803830	-2984,997843	-8617,895714	-9237,965240	7,207857	20,357125	22,023529	22,815354	28,449324	23,330259	23,593395	-2,908788	1,266463	0,962740	219430,686098	-0,206946	0,000722	3,305835	1,577342	2,033046	-0,124485	-0,124478	0,000000	1,555615	1,331208	0,199538
245,600000	7,309272	7,340747	0,383231	0,091411	1,092092	-10486,191542	-10827,738372	-2984,401372	-9434,259367	-10054,328893	7,206559	20,363929	22,028930	22,819483	28,446487	23,334315	23,588945	-2,908748	1,267915	0,963695	218507,995484	-0,206358	0,000812	3,375823	1,577462	2,035348	-0,124486	-0,124479	0,000000	1,555912	1,321037	0,199576
245,800000	7,308517	7,340859	0,392438	0,091723	1,090076	-11149,628184	-11031,734567	-2984,533343	-10211,434802	-10831,504328	7,204971	20,361025	22,024499	22,818699	28,453907	23,336130	23,588636	-2,908678	1,268638	0,963250	217075,485145	-0,206339	0,000630	3,421951	1,578410	2,038194	-0,124487	-0,124489	0,000000	1,555785	1,313141	0,199560
246,000000	7,308321	7,340837	0,399597	0,092532	1,087905	-11504,993074	-10995,451374	-2984,991666	-10777,038101	-11397,107628	7,203751	20,349892	22,015348	22,816714	28,461828	23,336107	23,593558	-2,908621	1,267572	0,962726	215555,377375	-0,206414	0,000489	3,342305	1,580089	2,039611	-0,124484	-0,124493	0,000000	1,555299	1,307851	0,199497
246,200000	7,308595	7,340485	0,415987	0,093409	1,082849	-11805,328975	-10942,493887	-2985,286319	-11224,324583	-11844,394109	7,202590	20,355130	22,010511	22,816086	28,462508	23,337137	23,596541	-2,908575	1,266525	0,962658	214165,534609	-0,206530	0,000423	3,161790	1,581190	2,039290	-0,124481	-0,124493	0,000000	1,555528	1,293558	0,199527
246,400000	7,308849	7,340148	0,437557	0,092789	1,075562	-12077,649920	-10930,502039	-2985,391096	-11559,865319	-12179,934845	7,201171	20,393583	22,012695	22,815236	28,458622	23,338322	23,589632	-2,908736	1,266447	0,962204	212597,360290	-0,206512	0,000238	3,036143	1,580832	2,038567	-0,124481	-0,124494	0,000000	1,557206	1,273788	0,199742
246,600000	7,308520	7,340504	0,451719	0,091828	1,071717	-12211,972579	-10937,567133	-2985,420106	-11686,392431	-12306,461957	7,199793	20,437372	22,016069	22,814862	28,461056	23,335476	23,581114	-2,908857	1,266349	0,961735	211900,059616	-0,206110	0,000339	3,044116	1,579871	2,038339	-0,124484	-0,124492	0,000000	1,559116	1,260656	0,199987
246,800000	7,307877	7,340874	0,454217	0,092672	1,071863	-12195,038943	-10942,822392	-2985,648545	-11605,259738	-12225,329264	7,198668	20,455401	22,013978	22,815617	28,470053	23,327771	23,581419	-2,908652	1,266125	0,962112	212628,119178	-0,206096	0,000714	3,073800	1,579168	2,038381	-0,124490	-0,124491	0,000000	1,559902	1,258020	0,200088
247,000000	7,307671	7,340429	0,448087	0,092897	1,072335	-12106,838637	-10942,356198	-2985,768813	-11426,992311	-12047,061837	7,197339	20,446358	22,005979	22,815817	28,476380	23,317964	23,590591	-2,908371	1,266002	0,962645	213666,738875	-0,206473	0,000703	3,070830	1,578500	2,038536	-0,124497	-0,124483	0,000000	1,559508	1,262771	0,200037
247,200000	7,307816	7,339607	0,437355	0,091104	1,077272	-12004,939192	-10940,091966	-2985,503582	-11262,130318	-11882,199844	7,195694	20,432529	21,998488	22,814450	28,476874	23,312245	23,605485	-2,908210	1,265962	0,962437	214238,998965	-0,206432	0,000486	3,094598	1,577297	2,038032	-0,124497	-0,124476	0,000000	1,558905	1,271116	0,199960
247,400000	7,307656	7,339145	0,424331	0,089803	1,085205	-11920,688952	-10938,448138	-2985,511163	-11155,844220	-11775,913746	7,194324	20,446184	21,995965	22,813165	28,472176	23,315354	23,617709	-2,908272	1,265769	0,962485	214474,989681	-0,206739	0,000555	3,130775	1,575776	2,037047	-0,124493	-0,124475	0,000000	1,559500	1,281421	0,200036
247,600000	7,307387	7,339057	0,409105	0,089763	1,089019	-11862,764955	-10937,518420	-2985,739554	-11068,085543	-11688,155069	7,193411	20,488539	21,998393	22,813450	28,464312	23,325464	23,618540	-2,908674	1,266105	0,963493	214712,235305	-0,207065	0,000782	3,193406	1,574916	2,036801	-0,124488	-0,124475	0,000000	1,561345	1,294517	0,200273
247,800000	7,307419	7,338807	0,391651	0,090007	1,089671	-11692,232825	-10938,070479	-2985,837874	-10871,534143	-11491,603669	7,192536	20,523794	22,003928	22,814496	28,457162	23,332609	23,609418	-2,908855	1,266652	0,964646	215156,065488	-0,207246	0,000765	3,343485	1,574942	2,036519	-0,124482	-0,124476	0,000000	1,562880	1,310706	0,200470
248,000000	7,307218	7,338273	0,378404	0,090929	1,085963	-11088,912977	-10761,168088	-2986,040383	-10315,317665	-10935,387191	7,191281	20,527846	22,009636	22,814318	28,453239	23,328254	23,599784	-2,908621	1,266771	0,964386	215598,166038	-0,208159	0,000437	3,419665	1,575030	2,036440	-0,124484	-0,124482	0,000000	1,563056	1,323280	0,200493
248,200000	7,306453	7,337913	0,373051	0,092003	1,078701	-10006,889742	-10082,338027	-2986,200064	-9255,847965	-9875,917492	7,189577	20,518937	22,013611	22,813339	28,453565	23,321425	23,596895	-2,908442	1,266957	0,963265	215763,634123	-0,208397	0,000375	3,217823	1,574285	2,036916	-0,124490	-0,124484	0,000000	1,562669	1,327761	0,200443
248,400000	7,305850	7,337729	0,365491	0,091391	1,072315	-8901,456547	-9090,487612	-2985,857005	-8052,969252	-8673,038778	7,187915	20,520020	22,016629	22,813619	28,455625	23,322642	23,599109	-2,908400	1,267027	0,963190	215738,415341	-0,207332	0,000723	2,957199	1,572546	2,035669	-0,124487	-0,124482	0,000000	1,562716	1,333619	0,200449
248,600000	7,305793	7,337192	0,348025	0,090500	1,059029	-8272,162783	-8482,976766	-2985,112671	-7291,208476	-7911,278002	7,186879	20,531745	22,020180	22,814363	28,453198	23,329773	23,599473	-2,908568	1,266865	0,963392	215788,514939	-0,206062	0,000824	2,952393	1,570823	2,034076	-0,124478	-0,124483	0,000000	1,563226	1,349324	0,200514
248,800000	7,305532	7,336660	0,335772	0,091564	1,036278	-8353,870459	-8642,366476	-2984,808083	-7215,075883	-7835,145409	7,186035	20,545611	22,023203	22,817324	28,449732	23,338833	23,595452	-2,908756	1,267306	0,963047	216072,934831	-0,205774	0,000605	3,095671	1,570031	2,034393	-0,124475	-0,124489	0,000000	1,563829	1,360903	0,200592
249,000000	7,304605	7,336841	0,351254	0,093281	1,020751	-9068,871695	-9461,792499	-2985,006991	-7749,411057	-8369,480584	7,184656	20,550396	22,022794	22,820249	28,452711	23,343177	23,589878	-2,908676	1,268382	0,962810	216409,026073	-0,206575	0,000403	3,129268	1,570172	2,036651	-0,124480	-0,124495	0,000000	1,564037	1,345454	0,200618
249,200000	7,303912	7,337201	0,382322	0,093691	1,023352	-10082,994927	-10448,870828	-2984,986683	-8689,469432	-9309,538958	7,183068	20,549604	22,016712	22,816667	28,460140	23,337074	23,586472	-2,908459	1,268682	0,962456	216697,695773	-0,206777	0,000199	3,069268	1,571264	2,039699	-0,124487	-0,124496	0,000000	1,564003	1,316223	0,200614
249,400000	7,304226	7,337082	0,398760	0,092974	1,038820	-11044,682301	-11000,098501	-2984,931554	-9736,242990	-10356,312516	7,181845	20,551452	22,008140	22,811957	28,464942	23,326888	23,587731	-2,908271	1,268350	0,962027	217010,045554	-0,206610	0,000142	3,035526	1,572625	2,041096	-0,124492	-0,124495	0,000000	1,564083	1,301899	0,200624
249,600000	7,304840	7,336599	0,404116	0,092071	1,061661	-11784,304217	-11060,448088	-2985,033559	-10619,891015	-11239,960542	7,180727	20,548428	22,004365	22,812219	28,463393	23,321278	23,592768	-2,908231	1,267889	0,962296	217290,390074	-0,206920	0,000233	3,033881	1,573104	2,040335	-0,124493	-0,124496	0,000000	1,563952	1,297243	0,200607
249,800000	7,304967	7,336109	0,415293	0,091215	1,089927	-12297,912479	-10975,291626	-2985,078920	-11215,990183	-11836,059709	7,179337	20,555609	22,006213	22,814057	28,459057	23,321283	23,595271	-2,908341	1,266677	0,963074	217557,376284	-0,207017	0,000305	3,033398	1,572700	2,038725	-0,124492	-0,124493	0,000000	1,564264	1,286561	0,200647
250,000000	7,304638	7,335835	0,433958	0,090435	1,115993	-12627,386023	-10932,538405	-2984,923239	-11526,605314	-12146,674840	7,178014	20,590479	22,008128	22,814364	28,458206	23,323852	23,595359	-2,908446	1,266062	0,962726	217786,581645	-0,206313	0,000390	3,023598	1,571802	2,038166	-0,124490	-0,124482	0,000000	1,565780	1,269036	0,200842
250,200000	7,304246	7,335735	0,459148	0,089997	1,133966	-12811,937687	-10932,552632	-2984,644618	-11636,425284	-12256,494811	7,176883	20,619237	22,006472	22,815222	28,461572	23,324129	23,599644	-2,908413	1,266905	0,961275	218003,126580	-0,205132	0,000356	3,019026	1,571034	2,038893	-0,124491	-0,124475	0,000000	1,567029	1,246504	0,201002
250,400000	7,304089	7,335697	0,488397	0,089970	1,147848	-12927,230250	-10939,349201	-2984,896853	-11678,915093	-12298,984619	7,175614	20,619076	22,002110	22,816185	28,467820	23,321274	23,606903	-2,908313	1,267175	0,961121	218280,240035	-0,205243	0,000366	2,966609	1,571142	2,038696	-0,124489	-0,124473	0,000000	1,567022	1,222098	0,201001
250,600000	7,304174	7,335493	0,515032	0,089777	1,160299	-13023,220912	-10940,653735	-2985,564543	-11720,854740	-12340,924266	7,174305	20,609829	21,998304	22,813236	28,472293	23,317900	23,612548	-2,908255	1,266171	0,962443	218728,424733	-0,206630	0,000510	2,938543	1,571755	2,036765	-0,124485	-0,124475	0,000000	1,566620	1,201073	0,200950
250,800000	7,304345	7,335033	0,533716	0,089397	1,171450	-13041,677259	-10938,987257	-2985,887643	-11699,503777	-12319,573303	7,172965	20,609140	22,000285	22,809890	28,466686	23,317157	23,612931	-2,908301	1,265383	0,963631	219556,596101	-0,207415	0,000395	3,017360	1,572688	2,034661	-0,124484	-0,124480	0,000000	1,566590	1,187065	0,200946
251,000000	7,303946	7,334482	0,537911	0,089660	1,186465	-13018,180666	-10938,317842	-2985,807121	-11652,702288	-12272,771815	7,171502	20,618429	22,010405	22,811854	28,453794	23,322409	23,606632	-2,908512	1,265402	0,963867	220417,026102	-0,207235	0,000172	3,092640	1,575039	2,033715	-0,124484	-0,124482	0,000000	1,566994	1,185458	0,200998
251,200000	7,302776	7,334114	0,527972	0,090278	1,204198	-13071,664730	-10940,039544	-2985,605936	-11732,075096	-12352,144623	7,170137	20,620673	22,020620	22,816230	28,444708	23,330255	23,599454	-2,908610	1,266390	0,962928	221112,468407	-0,206939	0,000225	3,065023	1,578617	2,034006	-0,124483	-0,124480	0,000000	1,567091	1,195776	0,201010
251,400000	7,301942	7,333965	0,515468	0,091477	1,213141	-13086,735510	-10942,140379	-2985,298256	-11841,257697	-12461,327223	7,168960	20,612565	22,022303	22,817657	28,444221	23,333558	23,598313	-2,908523	1,267971	0,962174	221845,061362	-0,206535	0,000465	2,943262	1,580904	2,034883	-0,124488	-0,124478	0,000000	1,566739	1,207363	0,200965
251,600000	7,301932	7,333646	0,505657	0,092994	1,210261	-12879,253116	-10942,317079	-2984,856753	-11759,596769	-12379,666295	7,167784	20,615974	22,017662	22,816135	28,448034	23,333633	23,600791	-2,908457	1,268964	0,962592	222287,216976	-0,205901	0,000528	2,873278	1,580761	2,035915	-0,124490	-0,124478	0,000000	1,566887	1,215100	0,200984
251,800000	7,302206	7,333135	0,497227	0,092495	1,201566	-12529,152935	-10941,505285	-2984,541441	-11514,656946	-12134,726472	7,166563	20,627492	22,014541	22,814035	28,452553	23,337037	23,600394	-2,908485	1,269183	0,962922	222306,534111	-0,205188	0,000340	2,933259	1,579424	2,036942	-0,124483	-0,124484	0,000000	1,567387	1,220863	0,201048
252,000000	7,302303	7,332682	0,487028	0,091191	1,195029	-12239,823966	-10940,627387	-2984,545776	-11251,580195	-11871,649722	7,165401	20,633340	22,016396	22,813991	28,457484	23,340387	23,593922	-2,908603	1,268742	0,962640	222208,209349	-0,204753	0,000199	3,071239	1,577660	2,038000	-0,124472	-0,124493	0,000000	1,567641	1,227821	0,201081
252,200000	7,301867	7,332482	0,470709	0,091855	1,195745	-12037,895956	-10940,249714	-2984,941723	-10988,804665	-11608,874192	7,164232	20,604716	22,019548	22,815678	28,460628	23,339250	23,585716	-2,908655	1,267541	0,962515	221945,176800	-0,205357	0,000233	3,177067	1,576452	2,038902	-0,124472	-0,124497	0,000000	1,566398	1,240475	0,200921
252,400000	7,301196	7,332845	0,453947	0,092662	1,194078	-11674,020991	-10937,021601	-2985,604992	-10595,163632	-11215,233158	7,162963	20,524954	22,017511	22,816495	28,460296	23,334477	23,583179	-2,908592	1,266032	0,962374	221463,016465	-0,206671	0,000390	3,157092	1,576771	2,039302	-0,124480	-0,124495	0,000000	1,562930	1,255086	0,200476
252,600000	7,300766	7,333024	0,445507	0,091973	1,186373	-10875,727546	-10718,104660	-2985,947544	-9883,657021	-10503,726547	7,161486	20,455232	22,009591	22,816357	28,462021	23,325023	23,588599	-2,908462	1,265840	0,961695	221028,542434	-0,207573	0,000492	3,109269	1,577653	2,039542	-0,124488	-0,124492	0,000000	1,559894	1,263159	0,200087
252,800000	7,300482	7,332501	0,438135	0,091273	1,183280	-9792,701200	-10055,257448	-2985,657543	-8890,630580	-9510,700106	7,159936	20,428476	22,001249	22,815267	28,467555	23,316155	23,598552	-2,908254	1,267098	0,961258	220661,304759	-0,207599	0,000451	3,131633	1,577473	2,039703	-0,124491	-0,124487	0,000000	1,558728	1,269439	0,199937
253,000000	7,300449	7,331918	0,424390	0,090795	1,180731	-8862,494530	-9218,736671	-2985,296032	-7942,226665	-8562,296192	7,158658	20,424558	21,996403	22,813432	28,470873	23,316768	23,605677	-2,908032	1,267723	0,961767	220350,619918	-0,207400	0,000372	3,154718	1,576238	2,039177	-0,124493	-0,124483	0,000000	1,558557	1,280624	0,199915
253,200000	7,300695	7,331367	0,406501	0,089954	1,173761	-8358,302375	-8722,561987	-2985,027976	-7366,462693	-7986,532219	7,157675	20,426372	21,995447	22,811574	28,469160	23,324585	23,606579	-2,908092	1,267425	0,962740	220383,219309	-0,206614	0,000257	3,119638	1,575974	2,038332	-0,124490	-0,124481	0,000000	1,558636	1,296616	0,199926
253,400000	7,300809	7,330908	0,382746	0,089859	1,170507	-8343,203921	-8860,891755	-2984,483572	-7337,386445	-7957,455972	7,156354	20,403898	21,997172	22,811091	28,463749	23,329310	23,602588	-2,908318	1,268031	0,963123	220734,085715	-0,205662	0,000101	3,073420	1,577627	2,038220	-0,124483	-0,124480	0,000000	1,557656	1,320189	0,199800
253,600000	7,300494	7,330727	0,367862	0,091041	1,169978	-8762,921722	-9588,232505	-2984,451926	-7844,315306	-8464,384833	7,154610	20,359726	22,000972	22,813237	28,460360	23,328152	23,598584	-2,908390	1,268448	0,963090	220560,377121	-0,206161	0,000155	3,061733	1,579585	2,038227	-0,124480	-0,124481	0,000000	1,555728	1,336162	0,199553
253,800000	7,299738	7,330764	0,376354	0,091882	1,158758	-9509,377456	-10471,940281	-2985,122314	-8710,121914	-9330,191440	7,153393	20,334373	22,004917	22,815568	28,460501	23,324386	23,598700	-2,908461	1,267499	0,963444	219298,274420	-0,206710	0,000303	3,036870	1,580133	2,036617	-0,124484	-0,124484	0,000000	1,554621	1,328372	0,199411
254,000000	7,299118	7,330654	0,394720	0,091353	1,136931	-10376,476014	-10980,422265	-2985,366024	-9651,986074	-10272,055601	7,152558	20,340595	22,007017	22,814032	28,459643	23,321611	23,600716	-2,908478	1,266488	0,963230	217860,812522	-0,206332	0,000250	3,042645	1,578603	2,033578	-0,124486	-0,124483	0,000000	1,554893	1,309590	0,199445
254,200000	7,299073	7,330092	0,419466	0,090494	1,118979	-11024,551453	-11048,084607	-2985,185504	-10324,285815	-10944,355342	7,151182	20,355454	22,010236	22,811834	28,452290	23,325238	23,601323	-2,908336	1,265758	0,962512	216911,874873	-0,206450	0,000351	3,051168	1,575424	2,032368	-0,124484	-0,124478	0,000000	1,555542	1,284050	0,199529
254,400000	7,298977	7,329535	0,450003	0,090567	1,107863	-11193,051138	-10973,387090	-2985,076824	-10504,087012	-11124,156538	7,149646	20,357497	22,016678	22,814594	28,442279	23,333357	23,599138	-2,908339	1,266332	0,962095	216172,457277	-0,206869	0,000569	2,965561	1,572810	2,033845	-0,124483	-0,124480	0,000000	1,555631	1,254773	0,199540
254,600000	7,298301	7,329513	0,467676	0,091659	1,100385	-10988,581788	-10932,243093	-2984,791208	-10320,924610	-10940,994136	7,148596	20,340358	22,021119	22,817474	28,442971	23,338746	23,595069	-2,908583	1,267806	0,961465	215561,665064	-0,206502	0,000408	2,941669	1,572386	2,035875	-0,124484	-0,124487	0,000000	1,554883	1,239311	0,199444
254,800000	7,297531	7,329779	0,461832	0,092656	1,100328	-10869,091286	-10931,150890	-2984,597702	-10182,026478	-10802,096004	7,147627	20,309301	22,018089	22,816706	28,453412	23,339597	23,592106	-2,908660	1,268368	0,961286	214927,898342	-0,206047	0,000137	3,029012	1,573171	2,038430	-0,124484	-0,124492	0,000000	1,553525	1,244975	0,199270
255,000000	7,297156	7,329676	0,443234	0,093151	1,103820	-11111,574175	-10938,039209	-2985,110293	-10337,116158	-10957,185684	7,146439	20,287825	22,009397	22,816225	28,460459	23,337131	23,590774	-2,908536	1,268262	0,962099	214399,900617	-0,206461	0,000133	3,147602	1,574113	2,040341	-0,124486	-0,124487	0,000000	1,552586	1,261796	0,199150
255,200000	7,296963	7,329264	0,431880	0,093410	1,104441	-11403,393670	-10940,918847	-2985,745858	-10582,442932	-11202,512458	7,145002	20,290339	22,003099	22,815683	28,461205	23,333395	23,589405	-2,908653	1,267575	0,962632	214640,693608	-0,207331	0,000312	3,220965	1,575805	2,039549	-0,124491	-0,124482	0,000000	1,552696	1,273114	0,199164
255,400000	7,296706	7,328753	0,430200	0,092835	1,109956	-11301,437622	-10941,228793	-2985,679884	-10538,538264	-11158,607790	7,143316	20,299531	22,004616	22,815092	28,460208	23,329888	23,587245	-2,908772	1,266102	0,962767	215552,413526	-0,207975	0,000435	3,191897	1,578905	2,037654	-0,124492	-0,124485	0,000000	1,553098	1,277037	0,199215
255,600000	7,296680	7,328183	0,428178	0,091690	1,116185	-10763,269593	-10839,669992	-2985,250726	-10048,523889	-10668,593415	7,141774	20,300018	22,009315	22,817685	28,460956	23,327832	23,585755	-2,908671	1,265763	0,963121	216059,182796	-0,208081	0,000274	3,208501	1,581979	2,037388	-0,124493	-0,124492	0,000000	1,553120	1,281241	0,199218
255,800000	7,296947	7,328060	0,421501	0,090928	1,108725	-10100,136192	-10505,649427	-2985,223610	-9298,624465	-9918,693991	7,140549	20,299235	22,008021	22,819502	28,464595	23,326564	23,588017	-2,908557	1,266594	0,962740	215752,590001	-0,207676	-1,587458E-5	3,287983	1,582651	2,038893	-0,124495	-0,124495	0,000000	1,553085	1,287796	0,199214
256,000000	7,297052	7,328280	0,412293	0,090588	1,101520	-9531,455356	-9922,815985	-2985,567838	-8556,890920	-9176,960446	7,139464	20,304354	21,999335	22,816855	28,469605	23,322956	23,596517	-2,908318	1,266743	0,962073	215285,583605	-0,207120	-5,981564E-5	3,335582	1,580441	2,040237	-0,124494	-0,124490	0,000000	1,553309	1,294454	0,199242
256,200000	7,297078	7,328345	0,400487	0,090323	1,108564	-8957,525499	-9204,599951	-2985,683782	-7894,386692	-8514,456219	7,138535	20,311466	21,990874	22,813116	28,473213	23,318201	23,609366	-2,908034	1,266762	0,962547	215156,514487	-0,207134	0,000190	3,366583	1,576956	2,039999	-0,124493	-0,124478	0,000000	1,553620	1,302535	0,199282
256,400000	7,297288	7,328005	0,376134	0,090165	1,113529	-8440,082212	-8677,114909	-2985,588610	-7387,686253	-8007,755779	7,137591	20,323813	21,990476	22,812058	28,470532	23,318474	23,616067	-2,907982	1,266968	0,963378	215259,677657	-0,208101	0,000362	3,286061	1,574565	2,038033	-0,124489	-0,124470	0,000000	1,554160	1,323524	0,199351
256,600000	7,297325	7,327263	0,352610	0,089877	1,108667	-8282,347866	-8658,503535	-2985,481360	-7234,940929	-7855,010455	7,136232	20,340158	21,998644	22,813023	28,462533	23,323250	23,609439	-2,908179	1,267196	0,963504	215219,539055	-0,208871	0,000222	3,178643	1,574330	2,035811	-0,124485	-0,124473	0,000000	1,554874	1,346189	0,199443
256,800000	7,296859	7,326578	0,347777	0,089938	1,100106	-8638,135945	-9253,026124	-2985,264420	-7577,868050	-8197,937576	7,134548	20,357889	22,008269	22,813035	28,454701	23,325218	23,597956	-2,908360	1,267455	0,963114	214833,872704	-0,208670	2,038656E-5	3,134757	1,575074	2,034823	-0,124482	-0,124480	0,000000	1,555648	1,351510	0,199542
257,000000	7,296254	7,326280	0,351492	0,091117	1,090452	-9431,472476	-10199,381927	-2984,983638	-8411,899029	-9031,968556	7,132910	20,393612	22,013392	22,812120	28,451490	23,325685	23,592903	-2,908493	1,267737	0,962759	214314,086832	-0,207323	0,000130	3,010721	1,576461	2,034882	-0,124479	-0,124489	0,000000	1,557207	1,348922	0,199742
257,200000	7,296065	7,326348	0,367124	0,091476	1,084199	-10415,843329	-10893,289682	-2984,941149	-9538,446343	-10158,515869	7,131522	20,439505	22,014122	22,812202	28,453204	23,328408	23,595285	-2,908631	1,267919	0,962579	213625,930489	-0,205916	0,000416	2,919087	1,579508	2,035414	-0,124478	-0,124495	0,000000	1,559209	1,336088	0,199999
257,400000	7,296078	7,326420	0,396424	0,090092	1,078224	-11345,399950	-11071,823399	-2985,182983	-10629,037606	-11249,107133	7,130362	20,466625	22,014308	22,813187	28,453385	23,331502	23,600306	-2,908588	1,267619	0,962876	212690,425718	-0,206062	0,000476	2,981527	1,583183	2,035594	-0,124475	-0,124493	0,000000	1,560391	1,311093	0,200151
257,600000	7,295421	7,326351	0,422216	0,089530	1,066203	-12071,701099	-11000,526319	-2985,081695	-11431,135260	-12051,204787	7,129231	20,476915	22,015573	22,814483	28,450077	23,334887	23,600748	-2,908513	1,267850	0,963710	211879,479692	-0,206889	0,000456	3,094278	1,585293	2,035596	-0,124474	-0,124490	0,000000	1,560839	1,288992	0,200208
257,800000	7,294227	7,326023	0,443087	0,090592	1,056067	-12534,224544	-10938,414314	-2984,476358	-11870,977346	-12491,046873	7,128092	20,482041	22,016577	22,815444	28,449002	23,339067	23,592993	-2,908564	1,268746	0,963886	211151,056849	-0,206901	0,000347	3,150974	1,585267	2,036718	-0,124477	-0,124490	0,000000	1,561062	1,270262	0,200237
258,000000	7,293699	7,325541	0,461728	0,091980	1,053301	-12780,421697	-10929,058107	-2984,071641	-12041,900705	-12661,970231	7,126980	20,479426	22,015568	22,815358	28,452659	23,338878	23,583643	-2,908627	1,269177	0,963292	210583,835708	-0,205829	-3,022525E-6	3,061209	1,583772	2,038114	-0,124483	-0,124495	0,000000	1,560948	1,252817	0,200222
258,200000	7,293760	7,325553	0,466194	0,093132	1,055615	-12900,808742	-10937,383195	-2984,225546	-12112,090058	-12732,159585	7,125816	20,464053	22,011845	22,816216	28,457898	23,331706	23,580938	-2,908747	1,268984	0,962937	211026,903117	-0,204868	-0,000158	2,944941	1,581657	2,039378	-0,124485	-0,124494	0,000000	1,560279	1,247351	0,200136
258,400000	7,293463	7,325892	0,451956	0,092868	1,062841	-12919,758034	-10942,362193	-2984,915207	-12156,961150	-12777,030676	7,124516	20,441087	22,006350	22,817834	28,460295	23,323793	23,586464	-2,908919	1,268162	0,962962	212405,254211	-0,205087	0,000108	2,996639	1,579329	2,040590	-0,124488	-0,124483	0,000000	1,559278	1,257788	0,200008
258,600000	7,293123	7,325902	0,436488	0,091301	1,074377	-12826,984364	-10942,073628	-2985,764043	-12092,115769	-12712,185296	7,123026	20,423493	22,000042	22,817488	28,460408	23,319781	23,594824	-2,908867	1,266358	0,963239	213668,760119	-0,206103	0,000420	3,177046	1,577272	2,039716	-0,124491	-0,124478	0,000000	1,558511	1,269685	0,199909
258,800000	7,293213	7,325258	0,434996	0,090714	1,086999	-12623,504890	-10940,732239	-2985,866934	-11803,287648	-12423,357174	7,121624	20,421888	21,995498	22,815477	28,461473	23,322064	23,600515	-2,908565	1,264967	0,963478	214726,527484	-0,206667	0,000490	3,319987	1,576104	2,037985	-0,124491	-0,124481	0,000000	1,558441	1,269980	0,199901
259,000000	7,293215	7,324312	0,435442	0,091231	1,096440	-12186,927317	-10940,838051	-2985,399329	-11254,893724	-11874,963250	7,120432	20,433818	21,996494	22,815390	28,461611	23,328750	23,602849	-2,908349	1,265081	0,963202	215642,555632	-0,206440	0,000343	3,332690	1,575685	2,037864	-0,124490	-0,124483	0,000000	1,558961	1,269104	0,199967
259,200000	7,292776	7,323884	0,424832	0,091463	1,102827	-11417,034268	-10903,636844	-2985,111114	-10482,627732	-11102,697258	7,119198	20,453441	21,999685	22,816129	28,464436	23,330452	23,603142	-2,908422	1,266247	0,962739	216180,946989	-0,206118	0,000186	3,235357	1,576199	2,038281	-0,124490	-0,124485	0,000000	1,559816	1,278918	0,200077
259,400000	7,292111	7,323728	0,417674	0,090856	1,104574	-10525,983027	-10662,732769	-2985,112113	-9611,093222	-10231,162748	7,117952	20,484587	21,998543	22,813602	28,470020	23,323098	23,602957	-2,908482	1,267541	0,962636	216516,557358	-0,206134	0,000226	3,079703	1,577300	2,037954	-0,124492	-0,124483	0,000000	1,561173	1,286287	0,200251
259,600000	7,291927	7,323201	0,424250	0,089722	1,103965	-9847,113353	-10170,711448	-2985,246894	-8844,529359	-9464,598886	7,116682	20,512081	21,996914	22,811228	28,468918	23,314556	23,603477	-2,908212	1,267952	0,962929	216847,050712	-0,206688	0,000325	2,926166	1,577703	2,036193	-0,124491	-0,124478	0,000000	1,562370	1,280597	0,200405
259,800000	7,292479	7,322612	0,427999	0,089628	1,106944	-9514,597360	-9729,948571	-2985,238098	-8349,402539	-8969,472065	7,115282	20,520477	22,002449	22,811866	28,458584	23,314280	23,606000	-2,908193	1,267792	0,963355	217361,840117	-0,207221	0,000282	2,870846	1,577342	2,033678	-0,124485	-0,124475	0,000000	1,562736	1,276804	0,200451
260,000000	7,292758	7,322500	0,419207	0,090504	1,108135	-9449,747841	-9553,651346	-2985,278613	-8130,110182	-8750,179709	7,113881	20,526207	22,012098	22,813306	28,443055	23,322088	23,606174	-2,908741	1,267331	0,963146	217834,443767	-0,207637	0,000204	2,970623	1,577277	2,033199	-0,124483	-0,124480	0,000000	1,562985	1,284574	0,200483
260,200000	7,291965	7,322550	0,410074	0,091244	1,107159	-9474,112891	-9536,329175	-2985,527061	-8062,152521	-8682,222048	7,112445	20,540323	22,017819	22,814688	28,433643	23,332148	23,600560	-2,908882	1,267034	0,962267	217305,814184	-0,208468	0,000188	3,054906	1,578216	2,034966	-0,124485	-0,124488	0,000000	1,563599	1,293628	0,200562
260,400000	7,290980	7,322412	0,406856	0,092317	1,114509	-9493,799773	-9632,326177	-2985,315808	-8085,964821	-8706,034348	7,111135	20,558853	22,018345	22,815849	28,437268	23,339060	23,595307	-2,908516	1,267700	0,961426	215759,165626	-0,208083	0,000147	3,076548	1,579431	2,037390	-0,124485	-0,124490	0,000000	1,564405	1,297576	0,200666
260,600000	7,290889	7,322307	0,403895	0,093183	1,126193	-9694,878222	-10003,130484	-2984,741346	-8326,833886	-8946,903412	7,109939	20,570331	22,014342	22,814993	28,448893	23,340550	23,593124	-2,908378	1,268744	0,961308	214631,649365	-0,206460	7,814193E-5	3,005612	1,579960	2,038758	-0,124482	-0,124489	0,000000	1,564904	1,300787	0,200730
260,800000	7,291178	7,322146	0,408094	0,092532	1,133578	-10313,354498	-10572,533405	-2984,469787	-8940,560647	-9560,630174	7,108777	20,561673	22,008856	22,811639	28,457421	23,338220	23,591902	-2,908364	1,269016	0,962367	214355,221140	-0,205882	5,780016E-5	2,790456	1,579514	2,037883	-0,124483	-0,124489	0,000000	1,564528	1,296567	0,200681
261,000000	7,291018	7,321814	0,425132	0,091320	1,142331	-11280,226021	-10950,280877	-2984,199534	-9877,703544	-10497,773071	7,107902	20,548366	22,008740	22,810476	28,455489	23,334851	23,590022	-2,908478	1,269225	0,963610	214252,481673	-0,205746	0,000129	2,784302	1,578020	2,036858	-0,124483	-0,124489	0,000000	1,563949	1,279793	0,200607
261,200000	7,290492	7,321536	0,442036	0,091104	1,155710	-12290,070708	-11017,739294	-2984,106543	-10902,127932	-11522,197458	7,106785	20,543757	22,014359	22,814481	28,450863	23,332959	23,585178	-2,908743	1,269052	0,963560	213496,229278	-0,205599	0,000164	3,037693	1,576839	2,037305	-0,124480	-0,124489	0,000000	1,563748	1,263759	0,200581
261,400000	7,289920	7,321617	0,454951	0,091331	1,171452	-13091,277893	-10969,347890	-2984,845760	-11805,966584	-12426,036110	7,105085	20,534358	22,016136	22,818945	28,453486	23,331403	23,581864	-2,908725	1,267596	0,962708	211988,591763	-0,206630	7,712275E-5	3,117693	1,577178	2,038512	-0,124483	-0,124492	0,000000	1,563340	1,252810	0,200529
261,600000	7,289587	7,321863	0,470533	0,091733	1,188060	-13667,280399	-10938,597442	-2985,585509	-12514,037266	-13134,106792	7,103494	20,514498	22,006313	22,818591	28,462505	23,326842	23,589899	-2,908415	1,266474	0,962177	210985,255913	-0,207510	-1,644505E-5	2,975419	1,577916	2,039456	-0,124489	-0,124493	0,000000	1,562475	1,240185	0,200418
261,800000	7,289784	7,321698	0,484882	0,092054	1,197594	-14106,567573	-10936,893870	-2985,640681	-12990,732803	-13610,802329	7,102188	20,497991	21,990969	22,815470	28,469999	23,321601	23,604753	-2,908202	1,265979	0,962077	210910,545547	-0,206892	9,348778E-5	2,933853	1,577963	2,039794	-0,124495	-0,124484	0,000000	1,561757	1,228252	0,200326
262,000000	7,290036	7,320929	0,495196	0,091038	1,199335	-14339,522640	-10941,746815	-2985,542416	-13141,153198	-13761,222724	7,100859	20,498703	21,984004	22,814231	28,469670	23,320676	23,612315	-2,908235	1,265955	0,962226	210999,866593	-0,206233	0,000316	2,955133	1,577379	2,039500	-0,124499	-0,124477	0,000000	1,561788	1,219215	0,200330
262,200000	7,289815	7,320053	0,508999	0,090222	1,205350	-14189,438762	-10942,411099	-2985,401892	-12918,842996	-13538,912522	7,099820	20,511952	21,989265	22,814383	28,464740	23,322789	23,609723	-2,908349	1,266359	0,962394	210344,453770	-0,206497	0,000433	2,935857	1,576148	2,038223	-0,124499	-0,124483	0,000000	1,562365	1,206967	0,200404
262,400000	7,289341	7,319572	0,526475	0,090693	1,217729	-13652,939574	-10940,390643	-2985,082930	-12428,497670	-13048,567196	7,098965	20,525723	21,997756	22,814329	28,462086	23,324579	23,601760	-2,908358	1,266490	0,963086	208919,747185	-0,207290	0,000527	2,961847	1,573862	2,036530	-0,124495	-0,124488	0,000000	1,562964	1,191333	0,200481
262,600000	7,288788	7,319340	0,542583	0,090584	1,226568	-12925,635067	-10938,915191	-2984,990136	-11820,517149	-12440,586675	7,097686	20,529771	22,003670	22,814797	28,459801	23,325478	23,595504	-2,908387	1,266940	0,964168	207645,751158	-0,208178	0,000508	3,025841	1,571250	2,035133	-0,124487	-0,124488	0,000000	1,563140	1,176887	0,200503
262,800000	7,288240	7,319046	0,551252	0,089784	1,231832	-12255,576979	-10938,358955	-2985,313860	-11237,120235	-11857,189761	7,096241	20,501134	22,006489	22,815415	28,457704	23,323290	23,597301	-2,908553	1,267234	0,964114	206563,770137	-0,208359	0,000251	3,112172	1,569594	2,034085	-0,124483	-0,124486	0,000000	1,561894	1,169022	0,200343
263,000000	7,287789	7,318808	0,546471	0,089889	1,235664	-11874,982440	-10939,289475	-2985,543072	-10836,767738	-11456,837264	7,094916	20,447614	22,005506	22,815036	28,457973	23,321853	23,604431	-2,908614	1,266803	0,963340	205701,115597	-0,207738	0,000110	3,120607	1,569060	2,033783	-0,124484	-0,124483	0,000000	1,559562	1,172207	0,200044
263,200000	7,287592	7,318768	0,533324	0,090662	1,230839	-11850,977502	-10942,104564	-2985,536490	-10703,481017	-11323,550543	7,093469	20,423378	22,004912	22,814290	28,457839	23,330191	23,607474	-2,908575	1,266653	0,963147	206011,239309	-0,207286	0,000203	3,053298	1,570576	2,033848	-0,124486	-0,124483	0,000000	1,558506	1,183401	0,199909
263,400000	7,287469	7,318542	0,520667	0,090823	1,222448	-12047,758571	-10944,090499	-2985,344725	-10809,854382	-11429,923908	7,092018	20,436295	22,008602	22,814219	28,454934	23,341678	23,600904	-2,908595	1,266837	0,962982	207364,666074	-0,207081	0,000287	3,013129	1,574301	2,034592	-0,124485	-0,124486	0,000000	1,559069	1,196042	0,199981
263,600000	7,286987	7,317906	0,508866	0,091760	1,218298	-12274,574899	-10943,250180	-2984,847502	-11063,245403	-11683,314930	7,090781	20,450438	22,012910	22,814907	28,450654	23,345943	23,591090	-2,908495	1,267296	0,962819	207994,997829	-0,206929	0,000248	3,016888	1,577588	2,037019	-0,124484	-0,124489	0,000000	1,559685	1,207805	0,200060
263,800000	7,286498	7,317305	0,493767	0,093752	1,210436	-12290,113647	-10941,590890	-2984,401647	-11209,951982	-11830,021509	7,089592	20,449790	22,013728	22,816072	28,451839	23,342285	23,585857	-2,908278	1,268642	0,962716	207153,972562	-0,206730	7,441172E-6	3,066430	1,578496	2,039223	-0,124488	-0,124490	0,000000	1,559657	1,220632	0,200057
264,000000	7,286556	7,317476	0,478154	0,094095	1,201158	-11842,193381	-10934,545155	-2984,423352	-10900,956515	-11521,026041	7,088402	20,423977	22,009900	22,815473	28,459024	23,333166	23,584778	-2,908353	1,268965	0,961924	205975,011173	-0,206482	-0,000199	3,093715	1,577263	2,039653	-0,124491	-0,124488	0,000000	1,558532	1,232624	0,199912
264,200000	7,286882	7,318076	0,471132	0,092708	1,199871	-10864,975621	-10713,640224	-2984,716262	-10028,828742	-10648,898268	7,087371	20,374333	22,003619	22,812963	28,464411	23,326588	23,586795	-2,908567	1,267547	0,961600	205000,436612	-0,206786	-0,000203	3,032256	1,574720	2,038554	-0,124487	-0,124483	0,000000	1,556366	1,236636	0,199634
264,400000	7,287027	7,318126	0,474270	0,091171	1,200852	-9652,547236	-10049,886108	-2984,973879	-8872,107745	-9492,177272	7,086435	20,331633	22,000570	22,812884	28,462576	23,327590	23,590847	-2,908596	1,266667	0,962493	204001,945955	-0,207325	4,733357E-5	3,003314	1,572322	2,037835	-0,124481	-0,124476	0,000000	1,554501	1,232124	0,199395
264,600000	7,286745	7,317859	0,474399	0,090518	1,198529	-8703,806941	-9287,906775	-2985,242692	-7915,971547	-8536,041073	7,085457	20,316610	22,002209	22,815997	28,460810	23,331821	23,595613	-2,908656	1,266309	0,963129	203596,732223	-0,207262	0,000441	3,111556	1,571346	2,038607	-0,124476	-0,124474	0,000000	1,553845	1,231191	0,199311
264,800000	7,285907	7,317534	0,457129	0,091035	1,194997	-8346,640717	-9048,444298	-2985,710051	-7531,186306	-8151,255832	7,084303	20,321889	22,002497	22,818272	28,469893	23,332285	23,599602	-2,908618	1,265539	0,962950	204108,282814	-0,207339	0,000484	3,245870	1,572006	2,039428	-0,124478	-0,124480	0,000000	1,554076	1,246292	0,199341
265,000000	7,285301	7,316958	0,421848	0,091167	1,185556	-8650,250537	-9554,536014	-2986,115736	-7817,233387	-8437,302913	7,082943	20,325002	21,996691	22,816274	28,480848	23,325426	23,603575	-2,908370	1,264977	0,962427	204760,884042	-0,208128	0,000260	3,276467	1,574313	2,040216	-0,124493	-0,124482	0,000000	1,554212	1,279071	0,199358
265,200000	7,285544	7,316503	0,392336	0,090729	1,166140	-9464,675059	-10409,072200	-2985,905281	-8661,208352	-9281,277878	7,081358	20,295929	21,988594	22,811666	28,479218	23,317322	23,607991	-2,908219	1,265477	0,962191	204571,697422	-0,208186	0,000266	3,208895	1,577479	2,039482	-0,124502	-0,124474	0,000000	1,552941	1,308763	0,199195
265,400000	7,285880	7,316135	0,393429	0,090534	1,145440	-10459,327692	-10957,607051	-2985,287387	-9761,747341	-10381,816868	7,079563	20,243829	21,987141	22,809097	28,468426	23,315059	23,608072	-2,908209	1,266273	0,962801	203508,516957	-0,207262	0,000544	3,182369	1,579655	2,036787	-0,124493	-0,124467	0,000000	1,550662	1,309446	0,198903
265,600000	7,285724	7,315488	0,419769	0,089995	1,124395	-11311,370615	-11049,750441	-2985,153731	-10743,257700	-11363,327226	7,078193	20,219735	21,994732	22,811277	28,458328	23,318909	23,605732	-2,908335	1,266614	0,963523	202613,243202	-0,207159	0,000781	3,272586	1,580023	2,034720	-0,124481	-0,124468	0,000000	1,549607	1,285288	0,198767
265,800000	7,285281	7,314847	0,449729	0,089538	1,098594	-11830,587453	-10977,262239	-2985,486999	-11367,652138	-11987,721664	7,077111	20,232340	22,004423	22,816139	28,452900	23,326440	23,603847	-2,908606	1,266747	0,963370	202217,478569	-0,207777	0,000748	3,399920	1,579817	2,034878	-0,124479	-0,124473	0,000000	1,550159	1,258411	0,198838
266,000000	7,284658	7,314536	0,456197	0,090160	1,076530	-11904,386413	-10933,142298	-2985,596452	-11514,333999	-12134,403526	7,075504	20,247865	22,009922	22,817671	28,454918	23,333065	23,601463	-2,908772	1,266380	0,962669	201978,220502	-0,207532	0,000578	3,424100	1,580441	2,036638	-0,124481	-0,124480	0,000000	1,550838	1,253269	0,198925
266,200000	7,284084	7,314490	0,433469	0,091323	1,063249	-11493,168454	-10931,319965	-2985,512855	-11151,492919	-11771,562446	7,074022	20,259007	22,008609	22,814970	28,461535	23,335853	23,601812	-2,908702	1,265661	0,962160	201697,783589	-0,207007	0,000398	3,306568	1,581868	2,037846	-0,124482	-0,124488	0,000000	1,551326	1,274330	0,198988
266,400000	7,283955	7,314469	0,409998	0,092299	1,052264	-10914,118007	-10938,917208	-2985,227289	-10565,030901	-11185,100427	7,073221	20,287506	22,004136	22,811962	28,463533	23,334977	23,603798	-2,908508	1,265968	0,962260	201320,332303	-0,206954	0,000309	3,185703	1,582688	2,037851	-0,124482	-0,124493	0,000000	1,552573	1,296242	0,199148
266,600000	7,284087	7,314324	0,404694	0,092675	1,042879	-10743,781812	-10942,774493	-2984,800437	-10249,414778	-10869,484304	7,072309	20,332411	22,005011	22,811470	28,457974	23,336288	23,600234	-2,908476	1,267293	0,962461	201518,335755	-0,206724	0,000365	3,117872	1,582131	2,037405	-0,124478	-0,124487	0,000000	1,554535	1,300637	0,199400
266,800000	7,283850	7,314193	0,412534	0,091882	1,042536	-11075,363641	-10943,109772	-2984,546456	-10329,936366	-10950,005892	7,071112	20,363279	22,011639	22,813735	28,452284	23,338758	23,590502	-2,908608	1,268328	0,962485	202801,263784	-0,206193	0,000493	3,012445	1,580922	2,037206	-0,124478	-0,124477	0,000000	1,555883	1,292371	0,199572
267,000000	7,282954	7,314143	0,416409	0,091625	1,054303	-11456,310657	-10942,028121	-2984,320244	-10497,137335	-11117,206862	7,070080	20,367611	22,016556	22,816144	28,453474	23,334700	23,583001	-2,908820	1,268941	0,962640	204190,322933	-0,205303	0,000593	2,923041	1,579084	2,038053	-0,124483	-0,124477	0,000000	1,556073	1,287322	0,199597
267,200000	7,281994	7,314093	0,405472	0,093128	1,072075	-11468,849561	-10941,141187	-2984,305148	-10449,940602	-11070,010129	7,068814	20,356920	22,013519	22,817338	28,459067	23,328910	23,584351	-2,908982	1,268626	0,962334	204563,720266	-0,205065	0,000360	2,961823	1,576519	2,039964	-0,124488	-0,124484	0,000000	1,555606	1,295247	0,199537
267,400000	7,281994	7,314031	0,395715	0,093603	1,085405	-11008,825097	-10828,185981	-2984,817034	-10029,399537	-10649,469064	7,067072	20,350403	22,003338	22,817075	28,465986	23,325138	23,593704	-2,908749	1,267326	0,962027	204160,416871	-0,206287	-0,000107	3,033276	1,574162	2,041282	-0,124491	-0,124489	0,000000	1,555321	1,302377	0,199500
267,600000	7,282780	7,313774	0,402234	0,092150	1,089353	-10357,479316	-10467,634444	-2985,377432	-9312,032166	-9932,101692	7,065519	20,367751	21,994072	22,814787	28,472770	23,323303	23,604636	-2,908255	1,266605	0,962659	203726,142864	-0,207251	-0,000230	2,981680	1,572818	2,040654	-0,124487	-0,124488	0,000000	1,556079	1,295212	0,199598
267,800000	7,283068	7,313264	0,415150	0,091317	1,094690	-9869,433555	-10029,176571	-2985,505740	-8653,469576	-9273,539103	7,064400	20,403154	21,990409	22,813176	28,476246	23,327081	23,609767	-2,908004	1,266603	0,963160	203436,485029	-0,207076	0,000167	2,909907	1,572587	2,038408	-0,124482	-0,124482	0,000000	1,557624	1,283140	0,199796
268,000000	7,282482	7,312837	0,425146	0,091205	1,109823	-9551,836836	-9764,639361	-2985,363628	-8290,175108	-8910,244634	7,063311	20,431431	21,991306	22,813848	28,475394	23,331954	23,606328	-2,908176	1,266500	0,962812	203229,248564	-0,206655	0,000523	2,920797	1,573916	2,036705	-0,124486	-0,124479	0,000000	1,558857	1,275142	0,199954
268,200000	7,281717	7,312762	0,434061	0,091059	1,120996	-9368,296140	-9747,607101	-2985,229500	-8206,086233	-8826,155760	7,062055	20,441102	21,994816	22,814567	28,472136	23,328763	23,600551	-2,908388	1,266624	0,963066	202934,233214	-0,206773	0,000559	2,876745	1,577209	2,036191	-0,124491	-0,124479	0,000000	1,559279	1,269834	0,200008
268,400000	7,281364	7,312767	0,445700	0,091370	1,114811	-9584,618542	-10070,896487	-2985,200401	-8432,532168	-9052,601694	7,060714	20,431537	21,997987	22,814603	28,471010	23,318251	23,599914	-2,908443	1,266841	0,963565	202445,053336	-0,207351	0,000386	2,829958	1,580896	2,035643	-0,124491	-0,124478	0,000000	1,558862	1,262548	0,199954
268,600000	7,281351	7,312465	0,456560	0,090938	1,099103	-10387,893729	-10609,917913	-2985,275427	-9070,291741	-9690,361268	7,059326	20,436050	21,998901	22,814215	28,469155	23,311200	23,604135	-2,908547	1,266543	0,963245	202101,824475	-0,207237	7,336840E-5	2,875111	1,583049	2,034981	-0,124489	-0,124475	0,000000	1,559058	1,254785	0,199980
268,800000	7,281372	7,312044	0,465095	0,089918	1,089125	-11513,603967	-10958,733132	-2985,424399	-10034,482348	-10654,551875	7,057963	20,500197	21,998429	22,814391	28,462069	23,316085	23,609634	-2,908753	1,266770	0,963422	202051,558897	-0,206673	5,591070E-5	2,890253	1,583706	2,033540	-0,124483	-0,124477	0,000000	1,561853	1,247896	0,200338
269,000000	7,281169	7,311578	0,475531	0,090189	1,092629	-12523,941888	-11010,867481	-2985,651447	-11055,535900	-11675,605426	7,056676	20,594354	22,000137	22,815491	28,455121	23,329701	23,611360	-2,908776	1,267217	0,963698	202099,167756	-0,207320	0,000402	2,895976	1,583799	2,032579	-0,124478	-0,124481	0,000000	1,565948	1,239036	0,200863
269,200000	7,280529	7,311093	0,479880	0,091270	1,112057	-13242,443837	-10964,033471	-2985,800921	-11935,060330	-12555,129857	7,055537	20,653545	22,006213	22,816604	28,451335	23,342494	23,606606	-2,908688	1,267468	0,963137	202048,786731	-0,208026	0,000524	3,015974	1,583664	2,034557	-0,124482	-0,124487	0,000000	1,568518	1,235196	0,201193
269,400000	7,279680	7,310857	0,478970	0,092021	1,140195	-13752,837560	-10938,310873	-2985,570081	-12637,387088	-13257,456614	7,054446	20,665003	22,010780	22,816680	28,453615	23,346700	23,597704	-2,908643	1,268523	0,962721	201863,859309	-0,207254	0,000298	3,102516	1,583630	2,037211	-0,124488	-0,124491	0,000000	1,569015	1,235903	0,201257
269,600000	7,279156	7,310585	0,486910	0,092211	1,162507	-14203,477596	-10937,790422	-2984,939445	-13202,489564	-13822,559090	7,053137	20,652232	22,009164	22,814571	28,460054	23,340845	23,589042	-2,908475	1,269352	0,962810	201699,988648	-0,206158	0,000237	3,093096	1,583925	2,038362	-0,124488	-0,124491	0,000000	1,568461	1,229524	0,201186
269,800000	7,279132	7,310166	0,508324	0,091911	1,173465	-14671,602813	-10940,683407	-2984,358081	-13667,372366	-14287,441893	7,051850	20,637887	22,006939	22,812690	28,460944	23,330850	23,586084	-2,908342	1,269136	0,962864	201586,261534	-0,205737	0,000345	3,077248	1,584277	2,038350	-0,124486	-0,124489	0,000000	1,567839	1,212281	0,201106
270,000000	7,279213	7,310058	0,535548	0,091390	1,174253	-15094,197493	-10940,480580	-2984,265453	-14010,920270	-14630,989796	7,050537	20,623470	22,008422	22,813596	28,456750	23,325708	23,588343	-2,908471	1,268240	0,962242	201567,802194	-0,206225	0,000209	2,925349	1,584053	2,036909	-0,124480	-0,124488	0,000000	1,567213	1,190574	0,201026
270,200000	7,278834	7,310239	0,547178	0,090814	1,169057	-15305,491284	-10940,752393	-2984,540480	-14180,093195	-14800,162721	7,048973	20,601500	22,009433	22,815719	28,455145	23,327950	23,589491	-2,908803	1,267460	0,961678	202394,906435	-0,207029	-3,291390E-5	2,729822	1,582428	2,036177	-0,124474	-0,124490	0,000000	1,566258	1,180419	0,200903
270,400000	7,278161	7,310360	0,530951	0,090455	1,166509	-15208,481325	-10942,865275	-2984,871778	-14202,388649	-14822,458176	7,047615	20,585126	22,004604	22,817927	28,459745	23,331068	23,590170	-2,908850	1,267259	0,962066	204148,873804	-0,207028	-5,639125E-5	2,762857	1,580016	2,038047	-0,124477	-0,124490	0,000000	1,565547	1,191145	0,200812
270,600000	7,277858	7,310315	0,499443	0,090348	1,162461	-14930,119600	-10943,615069	-2985,309012	-14172,435455	-14792,504982	7,046456	20,587747	21,994562	22,819511	28,467627	23,331010	23,597019	-2,908452	1,267144	0,962492	205752,470562	-0,206839	-4,465742E-5	3,011620	1,578468	2,040437	-0,124488	-0,124484	0,000000	1,565661	1,215014	0,200827
270,800000	7,278004	7,309901	0,471306	0,090274	1,149537	-14624,358136	-10942,177316	-2985,728147	-14094,155894	-14714,225421	7,045052	20,594030	21,983437	22,817256	28,476176	23,327523	23,606852	-2,908228	1,266722	0,962582	207125,521760	-0,207416	-8,196447E-5	3,242219	1,577984	2,040779	-0,124495	-0,124480	0,000000	1,565934	1,237862	0,200862
271,000000	7,278288	7,309115	0,459687	0,090035	1,135652	-14244,841936	-10940,001932	-2985,938886	-13822,003132	-14442,072658	7,043794	20,572440	21,977126	22,812249	28,479424	23,321623	23,610450	-2,908241	1,266080	0,963106	208350,556683	-0,208260	3,211777E-5	3,274906	1,577958	2,039142	-0,124499	-0,124479	0,000000	1,564996	1,247616	0,200741
271,200000	7,278382	7,308499	0,464711	0,089668	1,122751	-13728,997731	-10938,838098	-2985,903391	-13242,797120	-13862,866647	7,042715	20,527254	21,981583	22,810440	28,471274	23,318931	23,607378	-2,908242	1,265698	0,963933	209513,412429	-0,208665	0,000262	3,179665	1,578458	2,036999	-0,124496	-0,124475	0,000000	1,563030	1,243610	0,200489
271,400000	7,278047	7,308233	0,473060	0,089288	1,108017	-13032,810344	-10938,954721	-2985,517137	-12365,523012	-12985,592538	7,041272	20,497265	21,993396	22,813724	28,459201	23,322785	23,600641	-2,908428	1,266126	0,963976	210910,274163	-0,208197	0,000405	3,100897	1,578923	2,035267	-0,124485	-0,124472	0,000000	1,561725	1,236820	0,200322
271,600000	7,277459	7,308146	0,469275	0,089132	1,106025	-12091,535818	-10939,028042	-2985,247852	-11277,560634	-11897,630160	7,040021	20,493505	22,002006	22,817088	28,454694	23,328353	23,597292	-2,908750	1,266589	0,963311	211776,563657	-0,207359	0,000497	3,186893	1,578660	2,034534	-0,124475	-0,124477	0,000000	1,561561	1,239755	0,200301
271,800000	7,276810	7,308075	0,446288	0,090041	1,116343	-11054,042020	-10855,967276	-2985,599981	-10189,919570	-10809,989096	7,039127	20,499717	22,001861	22,816708	28,457319	23,330497	23,603857	-2,908796	1,266196	0,962808	211838,513725	-0,207459	0,000583	3,349548	1,578087	2,034686	-0,124475	-0,124485	0,000000	1,561832	1,259012	0,200335
272,000000	7,276415	7,307745	0,413273	0,090782	1,120957	-10108,311216	-10443,285433	-2985,988133	-9233,666660	-9853,736186	7,037755	20,507434	21,996714	22,814278	28,459191	23,330089	23,610138	-2,908445	1,266102	0,962736	211769,219313	-0,208349	0,000568	3,265437	1,577515	2,035176	-0,124480	-0,124486	0,000000	1,562168	1,287936	0,200379
272,200000	7,276510	7,307302	0,384826	0,089795	1,120844	-9277,902630	-9651,253772	-2985,734601	-8368,409557	-8988,479084	7,036031	20,499771	21,996382	22,811947	28,458663	23,331981	23,607046	-2,908183	1,266876	0,962925	212252,692762	-0,208571	0,000528	2,990545	1,577144	2,035708	-0,124485	-0,124487	0,000000	1,561834	1,314032	0,200336
272,400000	7,276525	7,307110	0,365622	0,089538	1,119781	-8551,651150	-8841,341004	-2984,923963	-7622,827751	-8242,897277	7,034587	20,472564	22,002821	22,811465	28,456006	23,337932	23,597565	-2,908259	1,267635	0,962574	213281,753050	-0,207581	0,000424	2,863652	1,577451	2,036618	-0,124483	-0,124491	0,000000	1,560649	1,332737	0,200184
272,600000	7,276061	7,307151	0,353079	0,091168	1,107381	-8017,819862	-8362,841964	-2984,173576	-7118,476179	-7738,545705	7,033500	20,457680	22,008001	22,813231	28,450503	23,342880	23,585333	-2,908445	1,268383	0,961814	214209,510300	-0,206058	0,000430	2,949996	1,578232	2,038194	-0,124480	-0,124492	0,000000	1,560001	1,345736	0,200101
272,800000	7,275325	7,307278	0,350622	0,092053	1,083456	-7984,428397	-8494,284748	-2984,079258	-7061,811615	-7681,881142	7,032506	20,456108	22,008884	22,816022	28,448197	23,342413	23,578926	-2,908624	1,268877	0,961976	215021,564919	-0,205398	0,000564	3,060204	1,578869	2,039323	-0,124480	-0,124489	0,000000	1,559933	1,348727	0,200092
273,000000	7,274799	7,307277	0,364416	0,091509	1,068022	-8644,254888	-9382,343387	-2984,383958	-7645,977873	-8266,047399	7,031436	20,450693	22,005857	22,817967	28,454228	23,335344	23,583484	-2,908658	1,268322	0,962670	215684,832589	-0,205672	0,000526	3,110425	1,578936	2,039091	-0,124484	-0,124487	0,000000	1,559697	1,335161	0,200062
273,200000	7,274859	7,307023	0,386426	0,091529	1,066483	-9752,521178	-10486,407342	-2984,782865	-8753,666380	-9373,735907	7,030272	20,442825	21,999550	22,817503	28,462009	23,328227	23,593129	-2,908479	1,267339	0,962394	215597,863671	-0,206143	0,000420	3,136630	1,578603	2,038997	-0,124486	-0,124486	0,000000	1,559354	1,313675	0,200018
273,400000	7,275157	7,306820	0,399962	0,091620	1,069556	-10930,159771	-11049,157276	-2985,196349	-10006,063607	-10626,133133	7,029009	20,436122	21,993613	22,815036	28,466539	23,329404	23,600704	-2,908307	1,266359	0,962100	214865,399112	-0,206752	0,000424	3,159248	1,579132	2,039087	-0,124483	-0,124490	0,000000	1,559061	1,301403	0,199980
273,600000	7,275046	7,306549	0,402682	0,090407	1,077368	-11973,393782	-11071,616466	-2985,406831	-11100,823558	-11720,893085	7,027726	20,436118	21,991127	22,813394	28,467253	23,333254	23,602312	-2,908402	1,265201	0,962672	214238,208308	-0,207179	0,000445	3,198724	1,580599	2,038692	-0,124480	-0,124495	0,000000	1,559061	1,300053	0,199980
273,800000	7,274638	7,305947	0,409185	0,089611	1,085341	-12835,215569	-10969,537358	-2985,422254	-11967,944815	-12588,014341	7,026381	20,436653	21,990815	22,813990	28,465068	23,331300	23,602052	-2,908457	1,265194	0,962598	213829,067561	-0,206962	0,000343	3,240409	1,581677	2,039320	-0,124483	-0,124495	0,000000	1,559085	1,294828	0,199983
274,000000	7,274457	7,305487	0,427397	0,089838	1,086885	-13524,578598	-10926,318671	-2985,512728	-12660,468045	-13280,537571	7,024917	20,430973	21,989381	22,815013	28,465687	23,323002	23,604258	-2,908224	1,266362	0,962212	213453,183105	-0,206632	0,000311	3,235738	1,582321	2,039484	-0,124492	-0,124486	0,000000	1,558837	1,278747	0,199951
274,200000	7,274330	7,305254	0,452300	0,089874	1,086152	-14060,584613	-10929,444018	-2985,628579	-13219,114642	-13839,184168	7,023554	20,421376	21,986478	22,814286	28,467555	23,314178	23,607947	-2,908221	1,266993	0,962588	213069,634607	-0,206744	0,000474	3,208649	1,582740	2,037789	-0,124492	-0,124473	0,000000	1,558419	1,257120	0,199898
274,400000	7,273958	7,304800	0,471175	0,089537	1,080234	-14459,302435	-10937,651326	-2985,551237	-13652,632744	-14272,702271	7,022340	20,416549	21,985130	22,812462	28,463409	23,313465	23,611657	-2,908530	1,266925	0,963242	212637,025702	-0,207108	0,000588	3,181044	1,582546	2,035397	-0,124489	-0,124469	0,000000	1,558208	1,240755	0,199871
274,600000	7,273368	7,304177	0,469777	0,089366	1,067475	-14712,150282	-10939,417026	-2985,490187	-13945,558537	-14565,628063	7,021027	20,426738	21,989783	22,813401	28,452052	23,321970	23,611602	-2,908797	1,266938	0,963665	212725,538208	-0,207721	0,000548	3,120310	1,582106	2,033825	-0,124487	-0,124476	0,000000	1,558652	1,241447	0,199928
274,800000	7,272737	7,303870	0,448897	0,089844	1,062556	-14730,951756	-10940,043192	-2985,550861	-14010,050003	-14630,119529	7,019723	20,441913	21,999761	22,816574	28,444385	23,332938	23,607053	-2,908874	1,266573	0,963394	213768,663634	-0,208354	0,000457	3,112498	1,582090	2,034331	-0,124485	-0,124484	0,000000	1,559314	1,259239	0,200012
275,000000	7,272541	7,303914	0,424007	0,090681	1,065012	-14368,028391	-10941,819495	-2985,643919	-13703,919366	-14323,988892	7,018480	20,445863	22,006472	22,817383	28,450124	23,338986	23,601582	-2,908677	1,265571	0,962982	215012,687520	-0,208589	0,000302	3,161556	1,582527	2,036122	-0,124484	-0,124489	0,000000	1,559486	1,281640	0,200035
275,200000	7,272758	7,303860	0,406459	0,091293	1,059698	-13570,134596	-10942,395090	-2985,774485	-12961,437459	-13581,506985	7,017061	20,444612	22,003971	22,816105	28,462587	23,337943	23,598196	-2,908439	1,265636	0,963119	216119,283931	-0,208365	0,000270	3,177292	1,583359	2,037905	-0,124484	-0,124492	0,000000	1,559432	1,298370	0,200028
275,400000	7,272692	7,303564	0,396976	0,091616	1,050047	-12426,420464	-10932,769805	-2985,655900	-11839,146556	-12459,216083	7,015738	20,447275	21,999799	22,815039	28,467369	23,334458	23,596013	-2,908408	1,266809	0,963267	217338,288245	-0,207799	0,000513	3,195259	1,584776	2,037944	-0,124483	-0,124490	0,000000	1,559548	1,308336	0,200042
275,600000	7,272074	7,303086	0,394250	0,091408	1,043471	-11154,865663	-10769,080703	-2985,380607	-10506,058578	-11126,128104	7,014670	20,451740	22,001950	22,813860	28,459368	23,330814	23,590816	-2,908530	1,267590	0,963083	218360,580544	-0,207702	0,000716	3,150583	1,586244	2,035956	-0,124484	-0,124488	0,000000	1,559742	1,312005	0,200067
275,800000	7,271273	7,302645	0,392846	0,091209	1,035808	-10135,638277	-10368,064524	-2985,131195	-9311,441299	-9931,510825	7,013609	20,467715	22,006788	22,814635	28,450317	23,328396	23,586008	-2,908672	1,268014	0,962784	219258,373237	-0,208245	0,000609	3,044525	1,586653	2,035047	-0,124486	-0,124490	0,000000	1,560438	1,313553	0,200157
276,000000	7,270844	7,302569	0,381866	0,091875	1,024022	-9709,933128	-10092,224019	-2984,741926	-8666,441370	-9286,510897	7,012392	20,500655	22,007525	22,817865	28,450404	23,329544	23,585908	-2,908733	1,268403	0,962448	220008,327318	-0,207807	0,000260	2,987006	1,585380	2,037379	-0,124486	-0,124491	0,000000	1,561873	1,322905	0,200341
276,200000	7,270870	7,302687	0,358342	0,092481	1,016748	-9930,647629	-10294,123922	-2984,835072	-8721,258395	-9341,327921	7,010895	20,521791	22,000303	22,819056	28,458745	23,331157	23,589516	-2,908597	1,267606	0,961978	219903,943064	-0,206877	-8,004914E-5	3,038969	1,583077	2,040731	-0,124484	-0,124489	0,000000	1,562793	1,343921	0,200459
276,400000	7,270981	7,302872	0,329398	0,092025	1,015587	-10558,992455	-10736,498471	-2985,305101	-9301,058246	-9921,127772	7,009366	20,516106	21,988107	22,816341	28,470026	23,329866	23,597923	-2,908294	1,266589	0,962048	219030,675826	-0,206906	-7,045525E-5	3,180346	1,581260	2,042004	-0,124484	-0,124487	0,000000	1,562545	1,371712	0,200427
276,600000	7,271131	7,303049	0,312620	0,090898	1,009367	-11275,428034	-10987,386445	-2985,461836	-10103,862273	-10723,931800	7,008073	20,510416	21,980156	22,812685	28,473474	23,325588	23,606587	-2,908196	1,266322	0,962821	217899,227271	-0,207794	0,000188	3,225745	1,580439	2,040999	-0,124488	-0,124485	0,000000	1,562298	1,388593	0,200395
276,800000	7,271175	7,302730	0,326743	0,089707	1,002223	-11872,855420	-10999,673580	-2985,506825	-10884,055926	-11504,125452	7,006782	20,517765	21,982771	22,811549	28,466143	23,322478	23,607704	-2,908395	1,265839	0,963138	216362,759402	-0,208627	0,000224	3,219687	1,580582	2,039091	-0,124494	-0,124482	0,000000	1,562618	1,373850	0,200436
277,000000	7,270971	7,302057	0,360064	0,088715	1,001555	-12197,906387	-10953,042554	-2985,449610	-11441,986710	-12062,056237	7,005476	20,522238	21,992167	22,812426	28,458469	23,321409	23,602063	-2,908528	1,266162	0,963144	214843,340304	-0,208407	0,000248	3,319290	1,581449	2,037475	-0,124494	-0,124479	0,000000	1,562812	1,340766	0,200461
277,200000	7,270532	7,301517	0,388451	0,088906	1,004066	-12210,065675	-10932,148145	-2985,240937	-11629,427709	-12249,497235	7,004528	20,514997	21,998877	22,813995	28,456426	23,319041	23,597423	-2,908456	1,267094	0,963315	213487,828872	-0,207711	0,000388	3,374094	1,581844	2,036443	-0,124487	-0,124475	0,000000	1,562497	1,313569	0,200421
277,400000	7,270039	7,301103	0,402954	0,089644	1,011899	-12050,100812	-10934,107242	-2985,129082	-11531,751163	-12151,820689	7,003536	20,504683	21,998892	22,815166	28,457058	23,318099	23,599565	-2,908435	1,267121	0,963253	211930,448703	-0,207213	0,000232	3,300993	1,581425	2,035919	-0,124483	-0,124474	0,000000	1,562048	1,299573	0,200363
277,600000	7,269989	7,300790	0,399539	0,088910	1,021438	-11929,201578	-10939,016464	-2985,383919	-11404,213611	-12024,283137	7,002083	20,504609	21,995797	22,814828	28,456252	23,319960	23,606257	-2,908504	1,266464	0,962848	211358,951904	-0,207182	0,000113	3,284751	1,581136	2,035909	-0,124485	-0,124475	0,000000	1,562045	1,302456	0,200363
277,800000	7,269958	7,300578	0,390190	0,088280	1,024083	-12059,427703	-10940,845429	-2985,895311	-11405,740937	-12025,810463	7,000729	20,514993	21,994857	22,813893	28,452755	23,325763	23,612055	-2,908478	1,265850	0,962754	212466,806849	-0,208016	0,000451	3,273101	1,581498	2,035645	-0,124486	-0,124478	0,000000	1,562497	1,311475	0,200421
278,000000	7,269467	7,300313	0,393989	0,089596	1,029514	-12410,867674	-10941,253403	-2986,079574	-11502,812073	-12122,881600	6,999722	20,527503	21,998960	22,813165	28,448287	23,336560	23,610384	-2,908414	1,265682	0,963142	213913,805115	-0,209052	0,000745	3,108498	1,582222	2,034694	-0,124485	-0,124484	0,000000	1,563041	1,308440	0,200491
278,200000	7,268865	7,299970	0,404166	0,091031	1,044561	-12704,207517	-10941,657392	-2985,531512	-11575,236861	-12195,306387	6,998667	20,544434	22,005211	22,813532	28,444765	23,344708	23,597874	-2,908468	1,266691	0,962901	214797,085346	-0,209065	0,000531	3,024779	1,582329	2,034750	-0,124482	-0,124492	0,000000	1,563778	1,298970	0,200585
278,400000	7,268358	7,299732	0,405524	0,091760	1,063961	-12774,218427	-10943,081836	-2984,726002	-11563,567260	-12183,636786	6,997226	20,554555	22,009241	22,814805	28,444256	23,343503	23,583621	-2,908642	1,268113	0,962196	215348,519935	-0,208047	4,155815E-5	3,085859	1,581423	2,036874	-0,124481	-0,124494	0,000000	1,564218	1,296926	0,200642
278,600000	7,268006	7,299775	0,400140	0,092129	1,086081	-12695,906893	-10943,301945	-2984,428133	-11526,139825	-12146,209351	6,995688	20,546055	22,009407	22,815391	28,450290	23,334738	23,579803	-2,908684	1,268842	0,962126	215663,525654	-0,206944	-3,044055E-5	3,058816	1,580484	2,038908	-0,124485	-0,124490	0,000000	1,563848	1,301172	0,200594
278,800000	7,267847	7,300040	0,396775	0,091243	1,105332	-12696,215194	-10941,806326	-2984,403468	-11565,825401	-12185,894927	6,994540	20,531788	22,006422	22,815406	28,458655	23,326817	23,585353	-2,908722	1,268767	0,962447	215790,616760	-0,205714	0,000335	2,974325	1,580011	2,039142	-0,124486	-0,124483	0,000000	1,563228	1,303995	0,200515
279,000000	7,267770	7,300106	0,397161	0,089883	1,118510	-12927,262701	-10941,050803	-2984,671978	-11730,407490	-12350,477016	6,993348	20,521223	22,002641	22,815888	28,461217	23,326056	23,592092	-2,908838	1,267403	0,962412	215872,427228	-0,205410	0,000500	2,996734	1,579892	2,038104	-0,124480	-0,124482	0,000000	1,562768	1,303556	0,200456
279,200000	7,267802	7,299514	0,399192	0,090198	1,128530	-13249,218955	-10941,414671	-2985,361747	-11961,366735	-12581,436261	6,991918	20,514970	21,998423	22,816052	28,462311	23,329617	23,596352	-2,908728	1,266439	0,962129	215967,711690	-0,206632	0,000264	3,055172	1,580381	2,037632	-0,124481	-0,124489	0,000000	1,562496	1,301978	0,200421
279,400000	7,267789	7,298829	0,406776	0,091736	1,128166	-13326,653979	-10942,983697	-2985,717560	-12054,299860	-12674,369387	6,990670	20,512189	21,993851	22,816965	28,469824	23,333493	23,598175	-2,908445	1,267148	0,962267	216095,832284	-0,207403	1,177722E-5	2,924117	1,581585	2,039051	-0,124487	-0,124491	0,000000	1,562375	1,295863	0,200405
279,600000	7,267381	7,298754	0,418576	0,091845	1,118846	-12913,274777	-10943,865612	-2985,546274	-11750,674415	-12370,743941	6,989473	20,516980	21,987946	22,817490	28,477931	23,332830	23,598718	-2,908126	1,268143	0,962642	216269,821892	-0,207207	6,195803E-5	2,695838	1,583040	2,039981	-0,124492	-0,124487	0,000000	1,562583	1,286283	0,200432
279,800000	7,267027	7,298728	0,417621	0,090408	1,118357	-12028,612603	-10904,482556	-2985,355430	-10958,993046	-11579,062572	6,988148	20,521949	21,981211	22,814458	28,476179	23,324891	23,600083	-2,907974	1,267981	0,962623	216559,788248	-0,206780	0,000209	2,718283	1,583932	2,039287	-0,124498	-0,124478	0,000000	1,562800	1,287876	0,200460
280,000000	7,267179	7,298375	0,397982	0,089218	1,120995	-10898,215630	-10633,409545	-2985,337009	-9870,617685	-10490,687211	6,986836	20,517633	21,979572	22,812076	28,467308	23,317593	23,603251	-2,908029	1,266484	0,962695	216871,182492	-0,206681	0,000405	2,936540	1,584051	2,038033	-0,124498	-0,124470	0,000000	1,562612	1,305991	0,200436
280,200000	7,267252	7,297880	0,377937	0,088731	1,112420	-9778,997715	-9915,546655	-2985,398262	-8764,403989	-9384,473516	6,985537	20,516979	21,986275	22,812891	28,459500	23,319378	23,605823	-2,908358	1,265552	0,963314	217138,335700	-0,207210	0,000526	3,087632	1,584395	2,035651	-0,124490	-0,124471	0,000000	1,562583	1,325167	0,200432
280,400000	7,266828	7,297308	0,368681	0,088781	1,104340	-8859,159577	-8977,506806	-2985,355634	-7819,897080	-8439,966606	6,984087	20,514600	21,994656	22,814837	28,453748	23,327071	23,605537	-2,908876	1,265946	0,963603	217395,673836	-0,207765	0,000549	3,125595	1,586226	2,034068	-0,124482	-0,124478	0,000000	1,562480	1,335548	0,200419
280,600000	7,266185	7,296905	0,365343	0,089160	1,099624	-8344,927901	-8422,831591	-2985,222349	-7231,705133	-7851,774659	6,982760	20,489546	21,997844	22,817560	28,449953	23,332995	23,604404	-2,908856	1,266438	0,963163	217423,611189	-0,207955	0,000508	3,080971	1,588748	2,034648	-0,124480	-0,124483	0,000000	1,561389	1,340848	0,200279
280,800000	7,265815	7,296957	0,365520	0,089726	1,086699	-8455,402205	-8624,063575	-2985,362056	-7207,207654	-7827,277180	6,981648	20,467864	21,996818	22,818051	28,449796	23,335555	23,605308	-2,908317	1,267090	0,962876	217102,289312	-0,208346	0,000331	3,069202	1,589896	2,035703	-0,124484	-0,124486	0,000000	1,560445	1,341648	0,200158
281,000000	7,265648	7,297113	0,370101	0,090278	1,074773	-9169,903073	-9475,008494	-2985,507996	-7765,116933	-8385,186460	6,980297	20,472229	21,995077	22,813160	28,454726	23,335250	23,605856	-2,908100	1,267756	0,962835	216674,404261	-0,208289	0,000364	3,128784	1,589192	2,036254	-0,124485	-0,124485	0,000000	1,560635	1,336638	0,200182
281,200000	7,265293	7,296755	0,376436	0,090432	1,083767	-10164,041141	-10447,853440	-2985,239516	-8721,366673	-9341,436200	6,978872	20,483972	21,995803	22,808838	28,458524	23,334846	23,603188	-2,908331	1,267617	0,962794	215685,101869	-0,207588	0,000543	3,172527	1,587635	2,035969	-0,124479	-0,124482	0,000000	1,561146	1,329160	0,200248
281,400000	7,264854	7,296115	0,384583	0,090292	1,107388	-11097,540089	-10983,983964	-2984,847542	-9812,841298	-10432,910824	6,977719	20,495103	22,000688	22,811281	28,451570	23,336703	23,596386	-2,908586	1,267919	0,962805	213955,252752	-0,207159	0,000564	3,148206	1,586254	2,035902	-0,124473	-0,124483	0,000000	1,561631	1,320042	0,200310
281,600000	7,264293	7,295791	0,399842	0,090500	1,123528	-11824,766389	-11052,940395	-2984,732397	-10720,108109	-11340,177635	6,976620	20,498676	22,007970	22,816470	28,442211	23,339807	23,586124	-2,908804	1,268182	0,962468	212824,221151	-0,206900	0,000430	3,037736	1,585408	2,036871	-0,124476	-0,124487	0,000000	1,561787	1,304836	0,200330
281,800000	7,263782	7,295895	0,419577	0,091211	1,131147	-12215,770814	-10975,242326	-2985,096430	-11148,003021	-11768,072547	6,975271	20,490994	22,008934	22,818786	28,443185	23,340274	23,581604	-2,908847	1,266846	0,961955	212753,758994	-0,207595	0,000334	2,916399	1,584733	2,038145	-0,124477	-0,124491	0,000000	1,561452	1,286151	0,200287
282,000000	7,263723	7,296324	0,437894	0,091921	1,136984	-12091,306801	-10933,668587	-2985,572306	-10992,438750	-11612,508277	6,974015	20,483713	21,998513	22,817787	28,453555	23,335872	23,589763	-2,908624	1,265915	0,961580	212963,460894	-0,208295	0,000423	2,914478	1,583426	2,039281	-0,124477	-0,124490	0,000000	1,561135	1,268827	0,200246
282,200000	7,263795	7,296486	0,453843	0,091475	1,141765	-11480,732113	-10921,799269	-2985,889284	-10398,306008	-11018,375534	6,972894	20,477802	21,986102	22,816092	28,466457	23,332497	23,600787	-2,908374	1,266305	0,961572	212914,665452	-0,207799	0,000594	2,922784	1,581238	2,039691	-0,124482	-0,124486	0,000000	1,560878	1,253253	0,200213
282,400000	7,263722	7,295827	0,465984	0,090013	1,147618	-10700,760337	-10823,652492	-2985,973882	-9678,984182	-10299,053708	6,971533	20,466560	21,982154	22,815030	28,475220	23,330526	23,603103	-2,908244	1,266095	0,961967	212550,190118	-0,207535	0,000564	2,835196	1,578592	2,039006	-0,124488	-0,124487	0,000000	1,560388	1,240732	0,200150
282,600000	7,263660	7,295091	0,472310	0,089650	1,150680	-10209,246416	-10681,392481	-2985,520720	-9170,753878	-9790,823404	6,970216	20,454387	21,985148	22,814296	28,476049	23,327607	23,598170	-2,908266	1,265941	0,961787	212166,839555	-0,207452	0,000248	2,840118	1,576515	2,038051	-0,124489	-0,124491	0,000000	1,559858	1,233670	0,200082
282,800000	7,263614	7,294978	0,468369	0,090169	1,148738	-10244,142541	-10718,435969	-2984,951491	-9055,440819	-9675,510346	6,968865	20,413534	21,987291	22,814502	28,470484	23,325026	23,593600	-2,908357	1,266967	0,961398	211857,365069	-0,207376	-6,464011E-5	2,958653	1,575912	2,037549	-0,124490	-0,124488	0,000000	1,558076	1,236469	0,199854
283,000000	7,263484	7,294992	0,459177	0,089805	1,151338	-10601,998970	-10877,241271	-2984,915876	-9248,828618	-9868,898144	6,967383	20,323348	21,986946	22,815400	28,465107	23,321480	23,597443	-2,908427	1,267724	0,961882	211589,755163	-0,207535	-3,557272E-6	3,027823	1,576035	2,037238	-0,124492	-0,124478	0,000000	1,554139	1,244333	0,199349
283,200000	7,263135	7,294812	0,457698	0,089454	1,160842	-11008,198748	-10958,973760	-2985,208157	-9597,910237	-10217,979763	6,966046	20,244683	21,985682	22,815762	28,461380	23,317757	23,609169	-2,908423	1,267796	0,962590	211150,906372	-0,207416	0,000279	3,052954	1,575835	2,036286	-0,124490	-0,124468	0,000000	1,550699	1,245395	0,198907
283,400000	7,262830	7,294659	0,454649	0,089844	1,167130	-11395,383525	-10959,090000	-2985,547655	-10048,622898	-10668,692424	6,964813	20,223544	21,985125	22,814742	28,457435	23,319353	23,617586	-2,908347	1,267075	0,963035	210456,344744	-0,207337	0,000397	3,072451	1,575856	2,035350	-0,124487	-0,124466	0,000000	1,549774	1,247988	0,198789
283,600000	7,262801	7,294226	0,443714	0,089700	1,166440	-11717,581462	-10943,287828	-2985,652946	-10477,526940	-11097,596466	6,963564	20,242712	21,988890	22,813181	28,456019	23,329844	23,615844	-2,908326	1,266254	0,963271	209832,544128	-0,207312	0,000463	3,056424	1,576535	2,035116	-0,124485	-0,124473	0,000000	1,550613	1,257921	0,198896
283,800000	7,262772	7,293423	0,448663	0,089558	1,164202	-11881,931104	-10938,097274	-2985,213335	-10668,936458	-11289,005985	6,962450	20,268535	21,996464	22,812943	28,457684	23,341770	23,606318	-2,908490	1,266207	0,962708	209279,978866	-0,207043	0,000424	3,036094	1,577088	2,034976	-0,124480	-0,124485	0,000000	1,551743	1,253949	0,199041
284,000000	7,262488	7,292851	0,476212	0,090631	1,166962	-11851,048616	-10939,490956	-2984,852758	-10565,083810	-11185,153336	6,961636	20,278345	22,004348	22,814114	28,458913	23,345169	23,596911	-2,908759	1,266481	0,961590	208841,072815	-0,206797	0,000298	3,021215	1,578219	2,035594	-0,124480	-0,124490	0,000000	1,552172	1,231335	0,199096
284,200000	7,261725	7,292719	0,501234	0,092023	1,180720	-11523,642514	-10927,288297	-2985,075912	-10237,068653	-10857,138179	6,960624	20,275655	22,008796	22,815647	28,459417	23,339204	23,591752	-2,908865	1,266984	0,961488	208937,485122	-0,206902	0,000423	3,045836	1,581774	2,036481	-0,124485	-0,124485	0,000000	1,552054	1,213507	0,199081
284,400000	7,260781	7,292705	0,511444	0,092059	1,197697	-10824,774309	-10785,293020	-2985,320421	-9682,806048	-10302,875575	6,959039	20,267993	22,007257	22,814707	28,460520	23,330687	23,589478	-2,908814	1,267382	0,962216	209496,748372	-0,207174	0,000626	3,095807	1,586330	2,036295	-0,124485	-0,124480	0,000000	1,551719	1,208784	0,199038
284,600000	7,260298	7,292336	0,519820	0,091245	1,201168	-9997,604915	-10376,266505	-2985,089197	-8974,727446	-9594,796972	6,957466	20,261721	22,002824	22,812852	28,460093	23,327478	23,591428	-2,908678	1,267855	0,962375	210226,330887	-0,207216	0,000534	3,094771	1,588747	2,036113	-0,124483	-0,124480	0,000000	1,551445	1,203903	0,199003
284,800000	7,260197	7,291769	0,528014	0,091425	1,193029	-9492,722704	-9968,174191	-2984,938929	-8424,660660	-9044,730186	6,956341	20,263687	22,001341	22,814979	28,460322	23,332304	23,594666	-2,908567	1,268111	0,962155	211258,339183	-0,207411	0,000300	3,067919	1,588852	2,037181	-0,124483	-0,124484	0,000000	1,551531	1,197433	0,199014
285,000000	7,259941	7,291678	0,519787	0,092468	1,189163	-9596,236485	-10082,027092	-2985,226933	-8382,869564	-9002,939091	6,955241	20,266236	22,002034	22,818188	28,462891	23,339466	23,593850	-2,908678	1,267318	0,961857	212221,138034	-0,207709	0,000138	3,068900	1,588382	2,039220	-0,124484	-0,124493	0,000000	1,551642	1,203545	0,199028
285,200000	7,259764	7,291913	0,496278	0,093006	1,193583	-10227,552178	-10610,828242	-2985,490513	-8949,384790	-9569,454316	6,953800	20,263355	21,997778	22,818295	28,466696	23,339325	23,592140	-2,908613	1,266805	0,961533	212446,309316	-0,207822	2,264086E-5	3,082719	1,588025	2,041336	-0,124487	-0,124497	0,000000	1,551516	1,222238	0,199012
285,400000	7,259887	7,291695	0,471922	0,092408	1,198775	-11084,286209	-10972,631244	-2985,593252	-9899,389349	-10519,458875	6,952389	20,260903	21,987837	22,815554	28,475370	23,331220	23,595137	-2,908120	1,267185	0,961819	212136,119156	-0,207948	6,333135E-5	2,973281	1,587213	2,041858	-0,124489	-0,124490	0,000000	1,551409	1,241852	0,198999
285,600000	7,260057	7,290956	0,453701	0,091276	1,200734	-11861,504612	-11018,124135	-2985,435330	-10854,995926	-11475,065452	6,951267	20,261938	21,980234	22,812884	28,481621	23,323448	23,600364	-2,907894	1,267300	0,962298	211559,983462	-0,207806	0,000222	2,819965	1,586049	2,039671	-0,124489	-0,124481	0,000000	1,551454	1,256426	0,199004
285,800000	7,260174	7,290494	0,452529	0,090299	1,195348	-12435,221345	-10963,272759	-2985,068839	-11568,086722	-12188,156248	6,950049	20,261996	21,981597	22,812298	28,476539	23,319802	23,601461	-2,908163	1,267153	0,962319	210539,322997	-0,207465	0,000199	2,833740	1,584877	2,036225	-0,124488	-0,124478	0,000000	1,551457	1,256423	0,199005
286,000000	7,259929	7,290407	0,480642	0,089823	1,181905	-12802,265327	-10934,135504	-2984,881442	-11963,317755	-12583,387281	6,948653	20,256303	21,990036	22,813529	28,467384	23,319983	23,600008	-2,908443	1,267172	0,962641	209467,338424	-0,207429	7,873982E-5	2,977861	1,582995	2,034206	-0,124486	-0,124481	0,000000	1,551208	1,231038	0,198973
286,200000	7,259428	7,290126	0,522729	0,089831	1,173631	-12990,749819	-10934,817048	-2984,882042	-12094,918622	-12714,988149	6,947989	20,247045	21,997311	22,815909	28,462588	23,323969	23,600260	-2,908536	1,267136	0,963003	208509,377190	-0,207734	0,000111	3,123248	1,580780	2,034970	-0,124481	-0,124483	0,000000	1,550802	1,195254	0,198921
286,400000	7,259283	7,289888	0,549896	0,089985	1,178120	-13120,641364	-10941,199626	-2984,931064	-12151,786684	-12771,856210	6,949773	20,237204	21,996616	22,815593	28,464073	23,328394	23,604349	-2,908442	1,267160	0,962429	207413,970791	-0,207680	0,000100	3,109653	1,580244	2,036382	-0,124478	-0,124484	0,000000	1,550372	1,173870	0,198865
286,600000	7,259438	7,289820	0,557683	0,090133	1,189254	-13172,080012	-10944,190728	-2985,009988	-12200,805593	-12820,875119	6,954513	20,225426	21,989750	22,812403	28,466687	23,330079	23,611338	-2,908258	1,267151	0,962026	207128,826542	-0,207220	7,441661E-5	2,897723	1,581662	2,036288	-0,124479	-0,124483	0,000000	1,549856	1,169059	0,198799
286,800000	7,259454	7,289511	0,552950	0,090161	1,201343	-13070,958301	-10944,388335	-2984,965096	-12171,924183	-12791,993710	6,960436	20,222862	21,986702	22,810948	28,464216	23,330804	23,613999	-2,908188	1,267108	0,962304	208269,320528	-0,207056	0,000329	2,788735	1,583250	2,035709	-0,124481	-0,124478	0,000000	1,549744	1,173754	0,198785
287,000000	7,258922	7,289097	0,536456	0,090027	1,207908	-12964,197006	-10942,155859	-2984,839796	-12137,898346	-12757,967872	6,966111	20,239613	21,993938	22,811733	28,456267	23,335158	23,605566	-2,908376	1,267476	0,962258	209689,197124	-0,206873	0,000644	2,918582	1,583810	2,035651	-0,124485	-0,124476	0,000000	1,550477	1,186685	0,198879
287,200000	7,257626	7,288583	0,513769	0,090524	1,207765	-12966,498607	-10939,429348	-2984,835825	-12212,885118	-12832,954644	6,971683	20,259083	22,005718	22,813450	28,448073	23,340809	23,589929	-2,908621	1,268105	0,962142	210806,474182	-0,206532	0,000682	3,056254	1,583025	2,036127	-0,124486	-0,124477	0,000000	1,551329	1,203767	0,198988
287,400000	7,256603	7,288008	0,490409	0,092290	1,202223	-12933,726318	-10939,912331	-2984,717243	-12275,790281	-12895,859807	6,977174	20,266431	22,009838	22,815060	28,449612	23,342153	23,578997	-2,908758	1,268645	0,962236	211931,102953	-0,206070	0,000319	3,132263	1,582165	2,037240	-0,124480	-0,124480	0,000000	1,551651	1,221892	0,199030
287,600000	7,256439	7,288041	0,462278	0,093467	1,185593	-12539,532326	-10942,385103	-2984,603968	-11998,777833	-12618,847359	6,982157	20,276815	22,003390	22,815599	28,461381	23,339742	23,579201	-2,908769	1,268565	0,962162	212729,843711	-0,205799	-0,000138	3,159705	1,582531	2,038503	-0,124477	-0,124482	0,000000	1,552105	1,245748	0,199088
287,800000	7,256590	7,288429	0,434562	0,092289	1,164136	-11595,375131	-10917,461346	-2984,944336	-11182,139665	-11802,209192	6,986944	20,303349	21,995388	22,815723	28,471735	23,336030	23,588375	-2,908704	1,267801	0,961978	213132,157933	-0,206418	-0,000102	3,049614	1,582968	2,038849	-0,124480	-0,124490	0,000000	1,553265	1,270280	0,199237
288,000000	7,256442	7,288459	0,413693	0,090720	1,144890	-10355,748586	-10653,279257	-2985,586947	-9984,950796	-10605,020323	6,992145	20,324679	21,991378	22,816005	28,473531	23,334391	23,599288	-2,908668	1,266584	0,961971	213426,243814	-0,207750	0,000235	2,937494	1,582475	2,038526	-0,124489	-0,124500	0,000000	1,554197	1,288649	0,199356
288,200000	7,255905	7,288138	0,388484	0,090931	1,119364	-9173,565598	-9833,990230	-2986,049610	-8684,831451	-9304,900977	6,997538	20,328095	21,988501	22,816028	28,471351	23,336479	23,602873	-2,908442	1,265586	0,962142	213791,115840	-0,209416	0,000422	2,993041	1,581542	2,038605	-0,124496	-0,124499	0,000000	1,554347	1,311221	0,199375
288,400000	7,255790	7,287633	0,363969	0,091513	1,086823	-8118,543291	-8638,238217	-2985,928454	-7476,452940	-8096,522466	7,002786	20,326157	21,984424	22,815279	28,472393	23,336016	23,597883	-2,908161	1,265680	0,962231	214303,961924	-0,210032	0,000370	3,054907	1,580381	2,038912	-0,124494	-0,124491	0,000000	1,554262	1,333745	0,199365
288,600000	7,256009	7,287207	0,359814	0,091571	1,054409	-7459,964553	-7919,643780	-2985,436175	-6712,710961	-7332,780487	7,008038	20,323513	21,980962	22,814621	28,471876	23,326877	23,593800	-2,908192	1,266900	0,962206	214501,195461	-0,208766	0,000197	3,041080	1,579270	2,039461	-0,124494	-0,124482	0,000000	1,554147	1,336814	0,199350
288,800000	7,256188	7,286827	0,374215	0,091273	1,030537	-7710,878859	-8389,073327	-2985,205360	-6838,239586	-7458,309112	7,013268	20,340646	21,978846	22,814568	28,469919	23,315773	23,598373	-2,908279	1,267782	0,962390	214151,313194	-0,207421	0,000351	3,091988	1,578521	2,039715	-0,124497	-0,124473	0,000000	1,554895	1,322102	0,199446
289,000000	7,256520	7,286511	0,389030	0,089848	1,021777	-8785,458905	-9705,412439	-2985,332719	-7851,539885	-8471,609411	7,018419	20,383168	21,978246	22,814722	28,471279	23,312032	23,607589	-2,908267	1,267362	0,962647	213658,129478	-0,207271	0,000683	3,178488	1,577598	2,038196	-0,124492	-0,124469	0,000000	1,556752	1,307186	0,199684
289,200000	7,256626	7,286422	0,394892	0,088649	1,026536	-10060,461401	-10793,907850	-2985,723209	-9228,694578	-9848,764104	7,023553	20,407630	21,980813	22,815199	28,468231	23,317665	23,612782	-2,908387	1,266210	0,962442	212834,388903	-0,208064	0,000714	3,161497	1,576829	2,035533	-0,124478	-0,124473	0,000000	1,557819	1,301026	0,199821
289,400000	7,256179	7,286133	0,401139	0,089063	1,037461	-11158,825743	-11125,133821	-2986,043329	-10473,325600	-11093,395126	7,028544	20,407561	21,985910	22,815465	28,461407	23,329687	23,611696	-2,908514	1,265462	0,962108	211520,390955	-0,209275	0,000541	3,050148	1,577741	2,033561	-0,124472	-0,124481	0,000000	1,557816	1,295896	0,199820
289,600000	7,255338	7,285579	0,417692	0,090116	1,045053	-12050,552896	-11038,583273	-2986,097767	-11415,026697	-12035,096223	7,033420	20,413304	21,991803	22,814969	28,459582	23,339084	23,606270	-2,908461	1,266053	0,961720	210347,583153	-0,210270	0,000377	2,976226	1,579972	2,034230	-0,124479	-0,124489	0,000000	1,558066	1,282478	0,199852
289,800000	7,254633	7,285283	0,442022	0,091142	1,048758	-12697,730200	-10942,674508	-2985,858699	-12009,119432	-12629,188959	7,038464	20,435348	21,994390	22,813157	28,464994	23,339774	23,600112	-2,908384	1,266850	0,961367	209307,703637	-0,209805	0,000258	2,988734	1,582040	2,036182	-0,124485	-0,124492	0,000000	1,559028	1,262467	0,199976
290,000000	7,254444	7,285392	0,465241	0,091704	1,056738	-13026,172894	-10924,509674	-2985,224189	-12267,831907	-12887,901434	7,043546	20,490054	21,991561	22,811858	28,469873	23,335434	23,596140	-2,908325	1,267132	0,962220	208463,492742	-0,208414	0,000235	3,031300	1,584290	2,036640	-0,124488	-0,124487	0,000000	1,561411	1,244262	0,200282
290,200000	7,254272	7,285535	0,478150	0,091471	1,066605	-13132,335179	-10935,429238	-2984,802660	-12341,547688	-12961,617215	7,048557	20,563630	21,991284	22,813732	28,463792	23,332530	23,594238	-2,908347	1,267580	0,963645	208786,559608	-0,207840	0,000489	3,012212	1,586314	2,035972	-0,124491	-0,124482	0,000000	1,564613	1,234956	0,200692
290,400000	7,253742	7,285473	0,476955	0,091264	1,071371	-13218,012398	-10941,076460	-2984,808590	-12399,796718	-13019,866245	7,053724	20,606342	21,998080	22,817316	28,448681	23,335023	23,590867	-2,908631	1,268077	0,963487	210169,562314	-0,207911	0,000874	2,893882	1,586025	2,035151	-0,124488	-0,124482	0,000000	1,566469	1,235644	0,200930
290,600000	7,253186	7,285239	0,466230	0,091399	1,075726	-13375,162723	-10942,211067	-2984,883361	-12510,835844	-13130,905371	7,058800	20,619905	22,003020	22,818990	28,440788	23,340315	23,586113	-2,908947	1,268037	0,962157	211429,436163	-0,208182	0,000771	2,775896	1,583804	2,035923	-0,124484	-0,124486	0,000000	1,567058	1,242868	0,201006
290,800000	7,252803	7,285046	0,455555	0,091671	1,079937	-13544,788490	-10943,990123	-2985,132179	-12661,627226	-13281,696752	7,063550	20,625619	21,998910	22,818659	28,449882	23,342595	23,586233	-2,908888	1,267836	0,961482	212476,425539	-0,208461	0,000179	2,782753	1,581477	2,038540	-0,124483	-0,124494	0,000000	1,567306	1,250157	0,201038
291,000000	7,252646	7,285150	0,449153	0,091848	1,078654	-13630,505034	-10944,459200	-2985,473416	-12770,741286	-13390,810813	7,068097	20,620381	21,989399	22,817429	28,467271	23,340597	23,590543	-2,908599	1,267772	0,961373	213468,694680	-0,208064	-0,000176	2,837286	1,579017	2,040695	-0,124484	-0,124497	0,000000	1,567079	1,253823	0,201008
291,200000	7,252912	7,285176	0,442834	0,091195	1,075885	-13494,852585	-10944,393297	-2985,477935	-12662,373082	-13282,442608	7,072767	20,605759	21,980072	22,814785	28,482863	23,334944	23,595274	-2,908397	1,267181	0,961700	214159,064009	-0,206797	-3,323589E-5	2,842214	1,577021	2,040534	-0,124486	-0,124494	0,000000	1,566443	1,257805	0,200927
291,400000	7,253281	7,284828	0,436376	0,089828	1,074264	-13008,082553	-10944,543836	-2985,159821	-12202,645694	-12822,715221	7,077911	20,595260	21,975193	22,812972	28,487479	23,326479	23,599582	-2,908185	1,266702	0,962691	214666,105783	-0,206301	0,000328	2,911947	1,577243	2,038819	-0,124489	-0,124489	0,000000	1,565987	1,263615	0,200868
291,600000	7,253181	7,284450	0,430562	0,088665	1,073534	-12279,362062	-10942,731250	-2984,909494	-11478,856019	-12098,925546	7,083186	20,594905	21,977784	22,813369	28,478008	23,319982	23,600626	-2,908033	1,266870	0,963152	214942,053514	-0,207359	0,000583	2,962069	1,579214	2,037323	-0,124490	-0,124481	0,000000	1,565972	1,270238	0,200867
291,800000	7,252546	7,284135	0,420376	0,088334	1,078909	-11502,006759	-10921,092290	-2984,803099	-10634,822616	-11254,892142	7,088021	20,594707	21,984440	22,814743	28,467854	23,319068	23,598027	-2,908211	1,267223	0,962828	214961,234638	-0,207818	0,000433	2,869534	1,580990	2,036454	-0,124486	-0,124474	0,000000	1,565963	1,280691	0,200865
292,000000	7,251747	7,283927	0,403808	0,089362	1,084596	-10673,352058	-10688,443123	-2984,860766	-9719,607428	-10339,676954	7,092566	20,594946	21,985207	22,816041	28,467608	23,319492	23,599431	-2,908522	1,267546	0,962607	214949,380502	-0,206609	4,654287E-5	2,829638	1,581760	2,036194	-0,124484	-0,124474	0,000000	1,565974	1,296405	0,200867
292,200000	7,251490	7,283995	0,384113	0,090752	1,077107	-9746,006745	-10002,256429	-2985,374741	-8771,296303	-9391,365829	7,097166	20,597514	21,976835	22,816459	28,470623	23,321409	23,609224	-2,908567	1,267627	0,962627	215184,656508	-0,206327	-1,770612E-5	2,955976	1,581941	2,036230	-0,124485	-0,124473	0,000000	1,566085	1,315031	0,200881
292,400000	7,251971	7,283883	0,365458	0,089964	1,063404	-8934,558830	-9157,945736	-2985,884164	-7942,840671	-8562,910198	7,101733	20,597348	21,970629	22,815180	28,469526	23,328368	23,617609	-2,908397	1,267274	0,962723	215671,276535	-0,207744	0,000277	3,064769	1,582648	2,036004	-0,124484	-0,124469	0,000000	1,566078	1,333584	0,200880
292,600000	7,252220	7,283246	0,349714	0,088328	1,057679	-8663,118590	-8937,987754	-2985,955322	-7599,723430	-8219,792956	7,106354	20,598709	21,977044	22,813434	28,466795	23,335576	23,613950	-2,908416	1,266445	0,962649	216098,248437	-0,208527	0,000606	3,001955	1,583812	2,035056	-0,124481	-0,124476	0,000000	1,566137	1,350030	0,200888
292,800000	7,251511	7,282369	0,340185	0,089445	1,053453	-9112,803473	-9649,708261	-2985,755295	-8030,694737	-8650,764263	7,111293	20,608176	21,990958	22,813118	28,462476	23,340094	23,600343	-2,908592	1,266059	0,962571	216461,940063	-0,208342	0,000797	2,837811	1,584511	2,034135	-0,124480	-0,124486	0,000000	1,566548	1,360070	0,200940
293,000000	7,250601	7,281714	0,343957	0,091615	1,041906	-9983,934682	-10611,235121	-2985,371283	-8974,068016	-9594,137542	7,116197	20,620659	22,001469	22,813761	28,455135	23,342058	23,586876	-2,908693	1,266409	0,962513	216690,498032	-0,207974	0,000803	2,694483	1,584393	2,034177	-0,124485	-0,124491	0,000000	1,567091	1,356007	0,201010
293,200000	7,250115	7,281649	0,362127	0,091367	1,027350	-10731,502294	-11061,185398	-2984,952086	-9777,119825	-10397,189351	7,120896	20,621424	22,005023	22,814996	28,450776	23,338889	23,582562	-2,908700	1,266969	0,962340	215902,306190	-0,207632	0,000659	2,676026	1,583063	2,035542	-0,124484	-0,124490	0,000000	1,567124	1,336752	0,201014
293,400000	7,249896	7,282087	0,387036	0,090212	1,017611	-11034,167088	-11050,311760	-2984,695900	-10098,929928	-10718,999454	7,125619	20,596929	22,000783	22,815518	28,452532	23,333356	23,588692	-2,908614	1,267656	0,962203	214079,400281	-0,207517	0,000373	2,774997	1,581630	2,037115	-0,124479	-0,124482	0,000000	1,566060	1,311623	0,200878
293,600000	7,249793	7,282395	0,412040	0,090269	1,018515	-11122,636135	-10959,036248	-2984,810291	-10192,141908	-10812,211435	7,130127	20,552045	21,992563	22,815201	28,453839	23,333065	23,597078	-2,908633	1,268162	0,962159	212418,438648	-0,207342	6,203006E-5	2,817153	1,581611	2,037702	-0,124477	-0,124476	0,000000	1,564109	1,288428	0,200628
293,800000	7,249561	7,282216	0,432124	0,090356	1,032207	-11439,556044	-10928,405284	-2985,094965	-10489,276345	-11109,345871	7,134498	20,519004	21,987188	22,815491	28,452949	23,337964	23,599430	-2,908720	1,267501	0,962192	210996,574896	-0,206693	-2,085693E-5	2,794628	1,582878	2,038376	-0,124479	-0,124480	0,000000	1,562671	1,271337	0,200443
294,000000	7,249307	7,281882	0,441592	0,090807	1,054044	-12033,908358	-10934,641652	-2985,217302	-11087,856319	-11707,925845	7,139053	20,513179	21,984617	22,815005	28,458267	23,340994	23,596816	-2,908649	1,266783	0,962007	209819,419601	-0,206603	2,996729E-5	2,921974	1,585048	2,039814	-0,124482	-0,124491	0,000000	1,562418	1,264689	0,200411
294,200000	7,249207	7,281257	0,440157	0,092167	1,075603	-12597,383419	-10942,289794	-2985,415572	-11695,412803	-12315,482329	7,143607	20,518372	21,983128	22,814063	28,467866	23,336323	23,594217	-2,908506	1,266907	0,961880	209618,334194	-0,207520	6,096043E-5	3,116647	1,586378	2,041527	-0,124487	-0,124494	0,000000	1,562644	1,266959	0,200440
294,400000	7,249124	7,280496	0,434447	0,092245	1,093381	-12911,498990	-10942,795383	-2985,784926	-12047,558367	-12667,627894	7,148185	20,520298	21,982023	22,814031	28,472859	23,325109	23,594793	-2,908443	1,266818	0,961980	210157,731638	-0,208118	0,000135	3,088917	1,584683	2,041474	-0,124494	-0,124485	0,000000	1,562728	1,270551	0,200450
294,600000	7,249063	7,280166	0,433071	0,090765	1,101998	-13017,749831	-10940,274825	-2985,737634	-12170,225300	-12790,294827	7,152852	20,499225	21,979239	22,812289	28,473400	23,315386	23,599564	-2,908411	1,267096	0,961911	210692,987242	-0,208112	0,000259	2,871580	1,581520	2,038282	-0,124495	-0,124476	0,000000	1,561811	1,269192	0,200333
294,800000	7,249194	7,279903	0,434359	0,089609	1,100715	-13074,157135	-10939,253123	-2985,030291	-12215,158211	-12835,227737	7,157513	20,452872	21,976603	22,810396	28,468390	23,313396	23,604957	-2,908254	1,267663	0,961983	211097,944104	-0,207556	0,000274	2,750294	1,579235	2,034861	-0,124488	-0,124470	0,000000	1,559792	1,266166	0,200074
295,000000	7,249426	7,279546	0,425990	0,089303	1,103599	-13222,018588	-10939,889835	-2984,528206	-12311,930129	-12931,999655	7,162251	20,419386	21,978429	22,812609	28,461324	23,319153	23,608227	-2,908202	1,267933	0,962472	211474,835623	-0,206762	0,000176	2,865061	1,577337	2,033788	-0,124479	-0,124472	0,000000	1,558332	1,271975	0,199887
295,200000	7,249199	7,279374	0,404094	0,089144	1,112965	-13432,628963	-10941,172146	-2984,920784	-12479,514161	-13099,583688	7,166733	20,414529	21,982596	22,815809	28,459325	23,326659	23,609488	-2,908546	1,267725	0,962386	212207,269386	-0,207130	8,155589E-5	2,905186	1,575690	2,034542	-0,124474	-0,124481	0,000000	1,558120	1,290420	0,199859
295,400000	7,248316	7,279446	0,381661	0,089116	1,116120	-13421,455245	-10942,436611	-2985,707368	-12524,151207	-13144,220734	7,170908	20,420933	21,983394	22,816080	28,459233	23,330124	23,608288	-2,908633	1,266980	0,961637	213392,572693	-0,208438	2,895374E-5	2,769114	1,575652	2,036203	-0,124479	-0,124488	0,000000	1,558399	1,311359	0,199895
295,600000	7,247628	7,279488	0,374500	0,089887	1,109932	-12943,329331	-10942,775896	-2986,056883	-12170,353875	-12790,423402	7,175260	20,425939	21,981686	22,813385	28,458534	23,330525	23,606283	-2,908037	1,266904	0,961500	214249,102476	-0,209499	0,000124	2,790801	1,577158	2,037216	-0,124485	-0,124488	0,000000	1,558617	1,319469	0,199923
295,800000	7,247610	7,279247	0,379703	0,090839	1,097023	-12018,646592	-10899,884601	-2985,545505	-11300,203617	-11920,273144	7,179810	20,428634	21,982753	22,809369	28,456519	23,331528	23,602833	-2,907812	1,268238	0,962240	214579,594141	-0,209404	0,000303	2,859263	1,578421	2,036379	-0,124484	-0,124487	0,000000	1,558735	1,315515	0,199938
296,000000	7,247472	7,278830	0,372509	0,090735	1,086826	-10826,025180	-10548,687680	-2984,586349	-10033,195829	-10653,265355	7,184319	20,436932	21,989919	22,809256	28,450460	23,335818	23,595279	-2,908358	1,269694	0,963128	214746,497577	-0,208061	0,000488	2,812929	1,578395	2,034715	-0,124477	-0,124486	0,000000	1,559097	1,322298	0,199985
296,200000	7,246851	7,278295	0,338232	0,090181	1,087518	-9599,036610	-9745,059926	-2983,947147	-8718,879953	-9338,949479	7,188921	20,450058	22,000327	22,815554	28,442819	23,342156	23,587077	-2,908802	1,270172	0,963553	214932,313195	-0,207107	0,000625	2,837533	1,577716	2,034523	-0,124473	-0,124482	0,000000	1,559669	1,355446	0,200058
296,400000	7,246061	7,278095	0,304421	0,090430	1,077095	-8638,148288	-8909,922168	-2983,991438	-7746,121938	-8366,191464	7,193766	20,459805	22,004131	22,820680	28,442374	23,345922	23,583201	-2,908852	1,269660	0,963250	215174,026149	-0,206789	0,000674	2,926939	1,577261	2,036519	-0,124473	-0,124479	0,000000	1,560094	1,390132	0,200113
296,600000	7,245503	7,278318	0,305395	0,091087	1,047564	-8297,005541	-8527,176254	-2984,643235	-7280,949862	-7901,019389	7,198437	20,459832	21,997557	22,819428	28,453272	23,344802	23,585351	-2,908699	1,268109	0,962542	215183,043902	-0,206761	0,000539	3,012245	1,576911	2,039103	-0,124479	-0,124482	0,000000	1,560095	1,388879	0,200113
296,800000	7,245500	7,278438	0,325306	0,091214	1,029174	-8568,678485	-8697,948897	-2985,238410	-7295,410027	-7915,479553	7,202722	20,451972	21,985784	22,815717	28,466343	23,338595	23,593921	-2,908397	1,266768	0,962102	214792,015601	-0,207082	0,000320	3,103085	1,576302	2,040442	-0,124487	-0,124491	0,000000	1,559752	1,367575	0,200069
297,000000	7,245655	7,278198	0,339235	0,091189	1,024702	-8954,518128	-9156,403975	-2985,482953	-7604,152847	-8224,222374	7,206922	20,446267	21,978219	22,813436	28,470001	23,331992	23,601202	-2,908202	1,266148	0,961885	214270,534136	-0,207170	0,000323	3,116651	1,575940	2,040231	-0,124492	-0,124494	0,000000	1,559504	1,353022	0,200037
297,200000	7,245525	7,277485	0,356152	0,090845	1,019949	-9185,190460	-9606,602222	-2985,588488	-7984,253406	-8604,322932	7,211245	20,446457	21,979113	22,813986	28,465458	23,330263	23,598850	-2,908241	1,265989	0,961782	213278,144203	-0,207209	0,000465	3,041327	1,576940	2,039327	-0,124495	-0,124488	0,000000	1,559512	1,336847	0,200038
297,400000	7,245220	7,276818	0,376159	0,090096	1,026381	-9530,787222	-10100,283681	-2985,667587	-8442,807172	-9062,876698	7,215724	20,444995	21,980895	22,816171	28,462462	23,329788	23,594171	-2,908338	1,266242	0,961620	211645,589045	-0,207636	0,000659	3,021304	1,578873	2,038368	-0,124497	-0,124479	0,000000	1,559448	1,318889	0,200030
297,600000	7,244909	7,276712	0,387494	0,090430	1,050093	-10218,089678	-10644,777331	-2985,656985	-9087,455878	-9707,525405	7,220257	20,438912	21,978420	22,816365	28,465294	23,326194	23,595188	-2,908348	1,266318	0,961429	210176,112842	-0,207611	0,000941	3,106168	1,580120	2,037968	-0,124498	-0,124472	0,000000	1,559183	1,309138	0,199996
297,800000	7,244756	7,276782	0,394231	0,091155	1,075561	-11008,033756	-10966,155375	-2985,324949	-9793,418694	-10413,488220	7,224659	20,434243	21,975217	22,814651	28,468375	23,322669	23,601722	-2,908256	1,266819	0,961942	208881,550519	-0,206918	0,000879	3,169131	1,580694	2,037841	-0,124495	-0,124473	0,000000	1,558979	1,303315	0,199970
298,000000	7,244758	7,276564	0,410014	0,090317	1,094175	-11558,443091	-11005,770237	-2985,174193	-10294,594266	-10914,663792	7,228921	20,430487	21,973980	22,813266	28,466800	23,323130	23,610904	-2,908253	1,267049	0,962545	207757,664330	-0,207081	0,000278	3,144872	1,581520	2,036812	-0,124488	-0,124477	0,000000	1,558816	1,289359	0,199949
298,200000	7,244808	7,276095	0,433009	0,088995	1,108126	-11839,898097	-10959,040504	-2985,544500	-10531,398143	-11151,467670	7,233024	20,433233	21,974177	22,812253	28,463245	23,328234	23,616342	-2,908342	1,266018	0,962349	207263,629313	-0,208388	-9,441789E-5	3,062506	1,582371	2,034894	-0,124483	-0,124478	0,000000	1,558935	1,269261	0,199964
298,400000	7,244807	7,275660	0,446700	0,089186	1,118432	-11975,124300	-10935,671658	-2985,866481	-10647,516751	-11267,586277	7,237096	20,448374	21,977844	22,812434	28,458912	23,337336	23,613178	-2,908356	1,265477	0,962411	207197,542889	-0,209451	0,000194	3,027232	1,582719	2,033895	-0,124481	-0,124482	0,000000	1,559595	1,257436	0,200049
298,600000	7,244343	7,275306	0,446639	0,090052	1,125664	-12073,433700	-10936,774096	-2985,661650	-10772,083141	-11392,152667	7,241466	20,462823	21,984655	22,813668	28,454393	23,343178	23,603006	-2,908442	1,266582	0,962830	207206,414999	-0,209251	0,000494	3,043090	1,582825	2,034097	-0,124481	-0,124490	0,000000	1,560225	1,257494	0,200129
298,800000	7,243529	7,274947	0,447622	0,090932	1,131461	-12306,696790	-10941,448626	-2985,052239	-11010,757585	-11630,827111	7,246068	20,462923	21,990484	22,814761	28,451902	23,338263	23,592848	-2,908494	1,267848	0,962679	207157,322628	-0,208533	0,000391	2,966419	1,582568	2,035113	-0,124483	-0,124492	0,000000	1,560229	1,256367	0,200130
299,000000	7,243049	7,274667	0,466991	0,091415	1,135393	-12808,398890	-10942,410775	-2984,622109	-11466,983451	-12087,052977	7,250611	20,454696	21,992292	22,815373	28,452308	23,328781	23,590015	-2,908307	1,268838	0,962744	207082,221018	-0,208205	0,000317	2,809321	1,581733	2,036643	-0,124489	-0,124488	0,000000	1,559871	1,239074	0,200084
299,200000	7,242870	7,274659	0,498642	0,090205	1,138352	-13469,164000	-10941,265095	-2984,433003	-12107,258134	-12727,327660	7,254918	20,451408	21,989783	22,815055	28,453491	23,326461	23,592652	-2,908281	1,269348	0,962850	207324,460041	-0,207625	0,000346	2,658195	1,580708	2,036708	-0,124487	-0,124485	0,000000	1,559728	1,212113	0,200066
299,400000	7,242579	7,274903	0,522069	0,089485	1,146988	-14049,586607	-10940,563025	-2984,207550	-12746,594044	-13366,663570	7,259016	20,451316	21,987181	22,814919	28,450540	23,334355	23,593368	-2,908585	1,268537	0,962352	207969,267897	-0,206893	0,000192	2,597539	1,579813	2,036248	-0,124478	-0,124485	0,000000	1,559724	1,192797	0,200065
299,600000	7,242264	7,275083	0,527027	0,090961	1,157900	-14419,280442	-10941,703482	-2984,325414	-13212,546881	-13832,616408	7,263028	20,449776	21,986572	22,817338	28,448232	23,344815	23,592310	-2,908860	1,267783	0,961958	208617,522607	-0,206898	8,718533E-6	2,705277	1,579388	2,037008	-0,124477	-0,124487	0,000000	1,559657	1,188610	0,200056
299,800000	7,242091	7,275129	0,522659	0,092526	1,164646	-14528,355609	-10943,018768	-2985,062710	-13389,707953	-14009,777479	7,267107	20,447762	21,984173	22,819839	28,456451	23,349416	23,591711	-2,908871	1,267504	0,961902	209213,924641	-0,207491	9,336855E-5	2,930315	1,579362	2,038761	-0,124480	-0,124489	0,000000	1,559569	1,192030	0,200045
300,000000	7,242041	7,274984	0,526023	0,092674	1,175098	-14353,386264	-10943,555551	-2985,988937	-13217,018081	-13837,087608	7,271479	20,446639	21,977825	22,817205	28,471967	23,343827	23,591871	-2,908685	1,266539	0,962058	209743,554122	-0,208389	0,000347	3,072053	1,579544	2,040453	-0,124486	-0,124486	0,000000	1,559520	1,189590	0,200039
300,200000	7,242043	7,274567	0,538240	0,091523	1,190250	-13928,021155	-10942,669418	-2986,534688	-12737,287344	-13357,356871	7,276072	20,446687	21,971402	22,812414	28,480462	23,330197	23,594868	-2,908439	1,265301	0,962200	210216,201584	-0,209267	0,000531	3,147750	1,580104	2,040362	-0,124496	-0,124481	0,000000	1,559522	1,180549	0,200039
300,400000	7,241907	7,274204	0,547118	0,090048	1,202173	-13270,007831	-10939,644975	-2986,264551	-12031,316831	-12651,386357	7,280590	20,440764	21,970838	22,811180	28,474343	23,319060	23,600540	-2,908289	1,264867	0,962376	210774,493246	-0,208934	0,000647	3,320610	1,580927	2,038729	-0,124499	-0,124474	0,000000	1,559264	1,174312	0,200006
300,600000	7,241553	7,273899	0,546037	0,089037	1,213839	-12333,047846	-10909,746343	-2985,407283	-11102,825640	-11722,895166	7,284908	20,427953	21,974750	22,813551	28,462873	23,316781	23,603430	-2,908322	1,265447	0,962900	211447,916799	-0,207728	0,000667	3,390360	1,581688	2,036839	-0,124489	-0,124474	0,000000	1,558705	1,175602	0,199934
