LabVIEW Measurement	
Writer_Version	2
Reader_Version	2
Separator	Tab
Decimal_Separator	,
Multi_Headings	No
X_Columns	One
Time_Pref	Absolute
Operator	Pos-Oscar
Date	2025/05/14
Time	15:40:20,1658517910585345969
***End_of_Header***	
	
Channels	32																																
Samples	1	1	1	1	1	1	1	1	1	1	1	1	1	1	1	1	1	1	1	1	1	1	1	1	1	1	1	1	1	1	1	1	
Date	2025/05/14	2025/05/14	2025/05/14	2025/05/14	2025/05/14	2025/05/14	2025/05/14	2025/05/14	2025/05/14	2025/05/14	2025/05/14	2025/05/14	2025/05/14	2025/05/14	2025/05/14	2025/05/14	2025/05/14	2025/05/14	2025/05/14	2025/05/14	2025/05/14	2025/05/14	2025/05/14	2025/05/14	2025/05/14	2025/05/14	2025/05/14	2025/05/14	2025/05/14	2025/05/14	2025/05/14	2025/05/14	
Time	15:53:36,5660389116916646405	15:53:36,566045148991777484	15:53:36,5658642656586905165	15:53:36,5658954523920853778	15:53:36,5659266393583108826	15:53:36,5658662656739195033	15:53:36,5658590283661921664	15:53:36,5658517910584648295	15:53:36,5658735029816468402	15:53:36,5658735029816468402	15:53:36,565914164525254552	15:53:36,5659827755249877616	15:53:36,5659453512586494132	15:53:36,5659391139585365697	15:53:36,5659578260917057439	15:53:36,5659890128251006051	15:53:36,5660201995584954663	15:53:36,5659515885587622567	15:53:36,5658517910584648295	15:53:36,565858028358577673	15:53:36,5659827755249877616	15:53:36,5658517910584648295	15:53:36,565858028358577673	15:53:36,5658642656586905165	15:53:36,5658642656586905165	15:53:36,5658705029588033601	15:53:36,5658767404917468472	15:53:36,5658829777918596907	15:53:36,565914164525254552	15:53:36,5659204018253673955	15:53:36,5659204018253673955	15:53:36,5659204018253673955	
Y_Unit_Label	Volts	Volts	Volts	Volts	Volts	Amps	Amps	Amps	Amps	Amps	Volts	Volts	Volts	Volts	Volts	Volts	Volts	Volts	Volts	Volts	Volts	Volts	Volts	Volts	Volts	Volts	Volts	Volts	Volts	Volts	Volts	Volts	
X_Dimension	Time	Time	Time	Time	Time	Time	Time	Time	Time	Time	Time	Time	Time	Time	Time	Time	Time	Time	Time	Time	Time	Time	Time	Time	Time	Time	Time	Time	Time	Time	Time	Time	
X0	0,0000000000000000E+0	0,0000000000000000E+0	0,0000000000000000E+0	0,0000000000000000E+0	0,0000000000000000E+0	0,0000000000000000E+0	0,0000000000000000E+0	0,0000000000000000E+0	0,0000000000000000E+0	0,0000000000000000E+0	0,0000000000000000E+0	0,0000000000000000E+0	0,0000000000000000E+0	0,0000000000000000E+0	0,0000000000000000E+0	0,0000000000000000E+0	0,0000000000000000E+0	0,0000000000000000E+0	0,0000000000000000E+0	0,0000000000000000E+0	0,0000000000000000E+0	0,0000000000000000E+0	0,0000000000000000E+0	0,0000000000000000E+0	0,0000000000000000E+0	0,0000000000000000E+0	0,0000000000000000E+0	0,0000000000000000E+0	0,0000000000000000E+0	0,0000000000000000E+0	0,0000000000000000E+0	0,0000000000000000E+0	
Delta_X	0,200000	0,200000	0,200000	0,200000	0,200000	0,200000	0,200000	0,200000	0,200000	0,200000	0,200000	0,200000	0,200000	0,200000	0,200000	0,200000	0,200000	0,200000	0,200000	0,200000	0,200000	0,200000	0,200000	0,200000	0,200000	0,200000	0,200000	0,200000	0,200000	0,200000	0,200000	0,200000	
***End_of_Header***																																	
X_Value	PIT-A-0101	PIT-A-0301	PIT-M-0101	PIT-O-0301	PIT-W-0301	PDT-M-0101-40kPa_mA	PDT-M-0101B-10kPa_mA	PDT-M-0101C-3kPa_mA	 PDT-M-0101D-30Kpa_mA	 PDT-M-0101D-30Kpa_mA_tara	PIT-A-AUX	Model Pressure Drop	TIT-A-0101	TIT-A-0301	TIT-M-0101	TIT-O-0301	TIT-W-0301	LV-O-0X01	LV-W-0X01	LV-M-0X01	Densitometro	FT-A-0301	FT-A-0302	FT-A-0303	FT-A-0303 1	FT-O-0301	FT-O-0302	FT-O-0303	FT-W-0301	FT-W-0302	J Ar	J Agua	Comment
0,000000	7,985199	8,016850	0,464742	0,095257	2,125591	-12703,810072	-10939,615262	-2985,098175	-11950,540435	-12397,642981	7,090028	68,448824	23,650441	23,921782	26,934605	24,036811	24,244673	-2,910478	1,256059	0,977812	239679,333747	-0,190534	4,791258E-5	1,886874	0,618615	2,035449	-0,124487	-0,124492	0,000000	3,110604	0,524316	0,398996
0,200000	7,984724	8,016640	0,461040	0,095523	2,116901	-12674,342405	-10940,016617	-2985,027574	-11943,726135	-12390,828681	7,088508	68,439181	23,652874	23,922387	26,930468	24,034560	24,241601	-2,910687	1,255550	0,978289	239643,545978	-0,190301	0,000174	1,896499	0,619846	2,034210	-0,124486	-0,124487	0,000000	3,110353	0,526670	0,398964
0,400000	7,984401	8,016230	0,460900	0,095913	2,107759	-12665,831837	-10941,905667	-2984,909795	-11930,855513	-12377,958059	7,087108	68,425078	23,659671	23,923689	26,923313	24,034712	24,238108	-2,910879	1,254215	0,978857	239634,780165	-0,189910	0,000243	1,920928	0,620264	2,033744	-0,124482	-0,124485	0,000000	3,109987	0,527037	0,398917
0,600000	7,984529	8,015835	0,460412	0,095794	2,103745	-12667,080818	-10943,072527	-2984,757058	-11915,413449	-12362,515995	7,085912	68,423422	23,663919	23,926886	26,919203	24,035640	24,237721	-2,910937	1,254628	0,979032	239644,751162	-0,189650	0,000328	1,952266	0,620057	2,035215	-0,124485	-0,124486	0,000000	3,109944	0,527002	0,398911
0,800000	7,984578	8,015784	0,455853	0,095598	2,109780	-12653,018600	-10943,220591	-2984,817466	-11906,944673	-12354,047220	7,084722	68,414694	23,659924	23,928372	26,925584	24,036356	24,241304	-2,910845	1,255604	0,978416	239649,516110	-0,189847	0,000337	1,958838	0,619416	2,037897	-0,124491	-0,124491	0,000000	3,109717	0,528111	0,398882
1,000000	7,984207	8,015852	0,450173	0,095894	2,115151	-12625,697661	-10942,750679	-2985,040803	-11907,099749	-12354,202296	7,083399	68,399861	23,648874	23,926012	26,937061	24,036765	24,247005	-2,910618	1,255040	0,977664	239650,570486	-0,189910	0,000318	1,949209	0,618287	2,039716	-0,124495	-0,124496	0,000000	3,109332	0,529243	0,398833
1,200000	7,983762	8,015679	0,445799	0,096254	2,112940	-12605,616789	-10942,178196	-2985,363987	-11909,859782	-12356,962329	7,082146	68,407459	23,639818	23,923520	26,942471	24,034575	24,250230	-2,910484	1,254505	0,977862	239645,310154	-0,190373	0,000365	1,953360	0,617068	2,039815	-0,124497	-0,124497	0,000000	3,109529	0,529802	0,398858
1,400000	7,983791	8,015176	0,442189	0,096156	2,105320	-12598,966072	-10942,157499	-2985,616207	-11912,429914	-12359,532461	7,080911	68,430586	23,641072	23,922783	26,940189	24,032796	24,247744	-2,910552	1,253896	0,978000	239637,330908	-0,191324	0,000419	1,925885	0,616467	2,038784	-0,124494	-0,124493	0,000000	3,110130	0,530579	0,398935
1,600000	7,983700	8,014692	0,437443	0,096037	2,098879	-12598,346745	-10941,664396	-2985,438957	-11915,516537	-12362,619084	7,079647	68,443815	23,648308	23,923460	26,936953	24,033685	24,240481	-2,910585	1,253325	0,977973	239636,671997	-0,191361	0,000515	1,895347	0,616627	2,037695	-0,124491	-0,124489	0,000000	3,110473	0,532435	0,398979
1,800000	7,982945	8,014508	0,430018	0,096099	2,090479	-12587,281109	-10940,597178	-2985,261958	-11915,526195	-12362,628742	7,078470	68,440896	23,650127	23,924313	26,935345	24,031166	24,234924	-2,910515	1,253976	0,978345	239640,169232	-0,190806	0,000414	1,932673	0,617216	2,037232	-0,124492	-0,124488	0,000000	3,110398	0,535696	0,398969
2,000000	7,982288	8,014603	0,421980	0,095207	2,075686	-12565,303367	-10941,041284	-2985,419059	-11915,956550	-12363,059097	7,077091	68,484733	23,643604	23,923769	26,933859	24,025263	24,237239	-2,910404	1,254292	0,978316	239636,623895	-0,190285	0,000197	1,978989	0,617836	2,037347	-0,124496	-0,124489	0,000000	3,111536	0,539270	0,399115
2,200000	7,982240	8,014503	0,415939	0,093765	2,065588	-12553,246273	-10942,269586	-2985,452938	-11923,854513	-12370,957060	7,075556	68,591858	23,636135	23,922257	26,936780	24,022988	24,246312	-2,910319	1,253730	0,978078	239633,357302	-0,190067	0,000324	1,978641	0,618253	2,036904	-0,124497	-0,124487	0,000000	3,114316	0,541940	0,399472
2,400000	7,982807	8,013972	0,411100	0,093639	2,057581	-12556,563247	-10942,017263	-2985,326029	-11933,994286	-12381,096832	7,074206	68,667199	23,632980	23,920930	26,943106	24,026460	24,255713	-2,910340	1,254186	0,978057	239645,020987	-0,190459	0,000493	1,953250	0,618403	2,035874	-0,124492	-0,124481	0,000000	3,116270	0,543913	0,399723
2,600000	7,983465	8,013604	0,407511	0,094265	2,042738	-12562,770670	-10942,048247	-2985,303996	-11937,696987	-12384,799534	7,073031	68,700752	23,633211	23,920832	26,944730	24,032174	24,258650	-2,910411	1,254568	0,978013	239656,528669	-0,190580	0,000439	1,954570	0,618326	2,035628	-0,124488	-0,124477	0,000000	3,117140	0,545213	0,399834
2,800000	7,983203	8,013434	0,405879	0,093955	2,036413	-12568,692187	-10943,000480	-2985,432195	-11935,208921	-12382,311468	7,071808	68,734207	23,635139	23,921883	26,942983	24,034730	24,253161	-2,910480	1,253577	0,978707	239655,918789	-0,190759	0,000442	2,000733	0,618093	2,035634	-0,124488	-0,124482	0,000000	3,118008	0,545625	0,399945
3,000000	7,982415	8,013012	0,403345	0,093573	2,041632	-12578,795661	-10941,868206	-2985,501560	-11934,431503	-12381,534050	7,070503	68,735813	23,637523	23,922468	26,941359	24,030132	24,246410	-2,910488	1,253035	0,980195	239665,924477	-0,191610	0,000450	1,969213	0,618061	2,035677	-0,124488	-0,124490	0,000000	3,118049	0,546553	0,399951
3,200000	7,982015	8,012643	0,396726	0,094232	2,047563	-12587,831987	-10939,888449	-2985,572599	-11940,898392	-12388,000939	7,069323	68,735886	23,637697	23,922022	26,939492	24,020168	24,247157	-2,910369	1,253005	0,980700	239689,600278	-0,192082	0,000332	1,846404	0,618502	2,035641	-0,124491	-0,124486	0,000000	3,118051	0,549511	0,399951
3,400000	7,981889	8,012586	0,386327	0,094221	2,053447	-12580,861547	-10939,367929	-2985,801664	-11953,614540	-12400,717087	7,068050	68,795289	23,635903	23,921732	26,936965	24,013571	24,253519	-2,910292	1,252274	0,979984	239696,166284	-0,191747	9,858712E-5	1,797620	0,619238	2,034027	-0,124493	-0,124475	0,000000	3,119591	0,554285	0,400149
3,600000	7,981851	8,012492	0,376874	0,093019	2,048416	-12557,125789	-10939,480919	-2985,479803	-11960,477728	-12407,580274	7,066522	68,857405	23,635276	23,922100	26,933459	24,015231	24,257597	-2,910541	1,251884	0,979108	239686,021397	-0,190704	1,782600E-5	1,844265	0,620142	2,032065	-0,124487	-0,124475	0,000000	3,121200	0,558894	0,400355
3,800000	7,981807	8,012181	0,373176	0,092565	2,031901	-12539,939834	-10940,219743	-2984,926770	-11949,604555	-12396,707102	7,065144	68,880562	23,637611	23,922595	26,932276	24,022813	24,258271	-2,910832	1,252781	0,978581	239677,625975	-0,189975	0,000343	1,933963	0,620651	2,032004	-0,124482	-0,124481	0,000000	3,121800	0,560838	0,400432
4,000000	7,981681	8,011920	0,375263	0,093354	2,014355	-12555,683555	-10941,048533	-2985,173693	-11932,249018	-12379,351565	7,063870	68,888308	23,641387	23,923475	26,932325	24,031227	24,257261	-2,910777	1,253845	0,978790	239656,284371	-0,190665	0,000590	2,032510	0,620242	2,033786	-0,124484	-0,124485	0,000000	3,122000	0,559599	0,400458
4,200000	7,981550	8,011917	0,378525	0,094191	1,995251	-12596,690708	-10942,209417	-2985,621882	-11925,023439	-12372,125985	7,062421	68,889731	23,640887	23,922970	26,934036	24,034168	24,254296	-2,910553	1,253820	0,979159	239626,929354	-0,191168	0,000450	2,049034	0,619461	2,034927	-0,124490	-0,124483	0,000000	3,122037	0,557575	0,400462
4,400000	7,981384	8,011749	0,380133	0,094015	1,986699	-12628,127069	-10943,223212	-2985,651944	-11926,636193	-12373,738740	7,061109	68,912154	23,636206	23,920221	26,934057	24,029439	24,251666	-2,910416	1,253771	0,978913	239623,059837	-0,190793	0,000346	1,983545	0,618855	2,034804	-0,124496	-0,124475	0,000000	3,122618	0,556376	0,400537
4,600000	7,981166	8,011102	0,382980	0,093357	1,996661	-12645,077283	-10941,945376	-2985,568885	-11929,303409	-12376,405956	7,060005	68,959661	23,635673	23,918932	26,926481	24,022046	24,250400	-2,910309	1,254566	0,978566	239634,718038	-0,191242	0,000508	1,952209	0,618594	2,034201	-0,124497	-0,124472	0,000000	3,123848	0,554944	0,400695
4,800000	7,980788	8,010491	0,388799	0,093089	2,013995	-12670,249245	-10940,507623	-2985,423943	-11928,377887	-12375,480434	7,058810	68,993828	23,642273	23,920205	26,915246	24,021393	24,248855	-2,910288	1,254365	0,978654	239632,725417	-0,191948	0,000649	2,003235	0,618783	2,032402	-0,124489	-0,124478	0,000000	3,124732	0,552726	0,400808
5,000000	7,980134	8,010327	0,395678	0,093064	2,034490	-12709,460788	-10940,296184	-2985,030844	-11922,858226	-12369,960773	7,057610	69,008503	23,649142	23,922520	26,906002	24,029430	24,247519	-2,910566	1,253691	0,978472	239612,058137	-0,191436	0,000555	2,075092	0,618737	2,031314	-0,124482	-0,124483	0,000000	3,125112	0,549928	0,400857
5,200000	7,979584	8,010445	0,402005	0,093865	2,056515	-12744,052944	-10940,036932	-2984,566308	-11913,257695	-12360,360242	7,056421	69,010782	23,649968	23,924580	26,903709	24,037859	24,247305	-2,910784	1,254555	0,977907	239597,560710	-0,190407	0,000290	2,065228	0,618148	2,032866	-0,124483	-0,124484	0,000000	3,125171	0,546924	0,400864
5,400000	7,979463	8,010574	0,407770	0,095323	2,076111	-12759,441039	-10940,358592	-2984,407343	-11905,295145	-12352,397691	7,055045	69,013319	23,645640	23,925407	26,906846	24,040851	24,247953	-2,910763	1,255712	0,977719	239609,684741	-0,189750	0,000108	2,001936	0,617721	2,035324	-0,124487	-0,124487	0,000000	3,125237	0,544318	0,400873
5,600000	7,979433	8,010490	0,413457	0,095923	2,085929	-12761,896553	-10941,251406	-2984,723924	-11906,171082	-12353,273629	7,053643	69,052713	23,640758	23,923487	26,911825	24,040284	24,249946	-2,910789	1,255957	0,978161	239625,165294	-0,189880	0,000273	1,986110	0,617757	2,035812	-0,124487	-0,124488	0,000000	3,126256	0,542166	0,401003
5,800000	7,979273	8,010126	0,418683	0,095730	2,081940	-12766,569316	-10941,674658	-2985,161820	-11911,015404	-12358,117951	7,052357	69,129316	23,638989	23,919032	26,913235	24,039626	24,249806	-2,910703	1,255070	0,979076	239634,072860	-0,190505	0,000528	1,991156	0,618045	2,034302	-0,124486	-0,124488	0,000000	3,128237	0,540409	0,401258
6,000000	7,978985	8,009810	0,422410	0,095684	2,074900	-12777,078008	-10942,095432	-2985,225732	-11912,103910	-12359,206456	7,051108	69,190160	23,643002	23,917605	26,906845	24,040069	24,243550	-2,910609	1,253910	0,979698	239660,436639	-0,190518	0,000622	2,005307	0,618069	2,033333	-0,124487	-0,124491	0,000000	3,129810	0,538986	0,401459
6,200000	7,978284	8,009640	0,424846	0,095376	2,066477	-12782,771603	-10943,130156	-2985,032695	-11908,328519	-12355,431065	7,049825	69,209320	23,652178	23,921198	26,899410	24,040902	24,233519	-2,910814	1,254359	0,979405	239690,568637	-0,190061	0,000621	2,067267	0,617603	2,034092	-0,124491	-0,124492	0,000000	3,130305	0,537628	0,401523
6,400000	7,977420	8,009454	0,427073	0,094935	2,054952	-12781,167965	-10943,421220	-2985,119473	-11903,757544	-12350,860091	7,048458	69,192054	23,658941	23,924838	26,899292	24,039707	24,227402	-2,911063	1,255061	0,978727	239690,296456	-0,189987	0,000570	2,140896	0,617051	2,035655	-0,124492	-0,124495	0,000000	3,129859	0,536291	0,401466
6,600000	7,977086	8,009331	0,428411	0,095404	2,056814	-12774,974402	-10942,518231	-2985,307185	-11902,383354	-12349,485901	7,047166	69,143877	23,656000	23,925118	26,905538	24,037138	24,232430	-2,911071	1,254513	0,978276	239669,840667	-0,190224	0,000610	2,136117	0,616643	2,036612	-0,124487	-0,124496	0,000000	3,128614	0,535437	0,401306
6,800000	7,977268	8,009201	0,428743	0,095577	2,071955	-12758,324140	-10941,781819	-2985,307985	-11903,699410	-12350,801956	7,046010	69,082063	23,646987	23,923744	26,910379	24,036326	24,242854	-2,910841	1,254086	0,978156	239659,664122	-0,190621	0,000656	2,094871	0,616829	2,037003	-0,124486	-0,124493	0,000000	3,127015	0,535478	0,401101
7,000000	7,977625	8,008961	0,430522	0,094291	2,085388	-12739,903505	-10941,980980	-2985,323650	-11904,546043	-12351,648590	7,044688	69,015530	23,642154	23,923203	26,911696	24,037418	24,246863	-2,910575	1,254285	0,978377	239662,902285	-0,191087	0,000527	2,116098	0,617981	2,037167	-0,124489	-0,124492	0,000000	3,125294	0,535799	0,400880
7,200000	7,977827	8,008805	0,434841	0,093800	2,098408	-12737,174844	-10942,549059	-2985,258142	-11902,490266	-12349,592813	7,043342	68,968476	23,642884	23,923869	26,912396	24,038216	24,242533	-2,910486	1,254947	0,978726	239666,723285	-0,191203	0,000407	2,087215	0,619255	2,037056	-0,124491	-0,124496	0,000000	3,124076	0,535278	0,400724
7,400000	7,977437	8,008762	0,440093	0,095039	2,105750	-12749,776694	-10942,204849	-2985,141116	-11900,528793	-12347,631340	7,042258	68,969811	23,643676	23,924687	26,913300	24,036644	24,234926	-2,910555	1,255213	0,979186	239674,382168	-0,191131	0,000466	1,921034	0,619667	2,036978	-0,124493	-0,124499	0,000000	3,124111	0,533677	0,400728
7,600000	7,976707	8,008590	0,444605	0,095496	2,104928	-12762,315360	-10941,971515	-2985,185546	-11901,951530	-12349,054077	7,041111	68,990436	23,643132	23,924829	26,914474	24,032134	24,230357	-2,910549	1,254339	0,979462	239678,119065	-0,191105	0,000561	1,779942	0,619149	2,037013	-0,124493	-0,124498	0,000000	3,124644	0,531557	0,400797
7,800000	7,976338	8,008451	0,448540	0,094774	2,103956	-12766,774336	-10941,655352	-2985,309891	-11906,557195	-12353,659742	7,039744	68,979910	23,640260	23,924638	26,916401	24,025275	24,233837	-2,910459	1,253283	0,979214	239659,160858	-0,190905	0,000442	1,802941	0,618007	2,036573	-0,124491	-0,124490	0,000000	3,124372	0,529130	0,400762
8,000000	7,976284	8,008516	0,452758	0,094616	2,099608	-12769,269562	-10940,215721	-2985,366986	-11913,147424	-12360,249970	7,038428	68,940354	23,634605	23,924354	26,917347	24,020614	24,243826	-2,910469	1,252538	0,978609	239637,608593	-0,190464	0,000274	1,891273	0,616680	2,036131	-0,124491	-0,124480	0,000000	3,123348	0,526466	0,400630
8,200000	7,976080	8,008354	0,456705	0,094929	2,099808	-12768,365801	-10940,060233	-2985,411120	-11915,090972	-12362,193519	7,037110	68,920848	23,628922	23,924063	26,916163	24,023204	24,251293	-2,910468	1,252413	0,978150	239625,931761	-0,190474	0,000267	1,923211	0,615795	2,036298	-0,124492	-0,124478	0,000000	3,122843	0,524274	0,400566
8,400000	7,975828	8,007831	0,460309	0,094854	2,110209	-12766,648122	-10941,306782	-2985,399706	-11909,885178	-12356,987725	7,035627	68,942030	23,624906	23,923417	26,913642	24,029954	24,250839	-2,910521	1,252849	0,978155	239595,588125	-0,190776	0,000306	1,934927	0,615398	2,036730	-0,124489	-0,124486	0,000000	3,123391	0,522609	0,400636
8,600000	7,975834	8,007187	0,464293	0,095048	2,117944	-12772,264122	-10942,023998	-2985,279038	-11908,374008	-12355,476555	7,034228	68,960996	23,623953	23,922409	26,912772	24,032859	24,247048	-2,910578	1,253708	0,978002	239568,035167	-0,190329	0,000350	1,950294	0,615377	2,037882	-0,124491	-0,124496	0,000000	3,123882	0,521132	0,400699
8,800000	7,976076	8,006653	0,467339	0,096037	2,122612	-12780,431117	-10942,073677	-2985,342751	-11918,445056	-12365,547603	7,032959	68,946876	23,625853	23,922024	26,919012	24,028731	24,245047	-2,910284	1,255213	0,977523	239558,792751	-0,190145	0,000332	1,929268	0,615939	2,038731	-0,124499	-0,124492	0,000000	3,123517	0,520505	0,400652
9,000000	7,976094	8,006518	0,468328	0,096417	2,129412	-12780,176860	-10942,024190	-2985,332880	-11934,998202	-12382,100749	7,031631	68,912167	23,625570	23,921421	26,927957	24,020713	24,245977	-2,910068	1,255681	0,977405	239527,667440	-0,190480	0,000389	1,891487	0,616574	2,037897	-0,124506	-0,124482	0,000000	3,122618	0,520699	0,400537
9,200000	7,975481	8,006451	0,469028	0,095219	2,135255	-12770,466654	-10941,962704	-2985,108807	-11947,079722	-12394,182269	7,030281	68,862935	23,622967	23,920091	26,928487	24,014776	24,249515	-2,910258	1,254226	0,977728	239492,794412	-0,190531	0,000542	1,880558	0,616742	2,035558	-0,124505	-0,124475	0,000000	3,121343	0,520593	0,400373
9,400000	7,974887	8,005988	0,471272	0,093664	2,135401	-12764,901446	-10942,028483	-2985,231903	-11947,325231	-12394,427778	7,028889	68,819695	23,624731	23,920027	26,920024	24,016668	24,253845	-2,910439	1,253289	0,977908	239492,372064	-0,191157	0,000610	1,929117	0,616711	2,034154	-0,124494	-0,124474	0,000000	3,120223	0,519731	0,400230
9,600000	7,974861	8,005629	0,474290	0,093356	2,131758	-12763,077945	-10942,753804	-2985,383809	-11938,451364	-12385,553911	7,027513	68,807571	23,629047	23,922133	26,915835	24,024904	24,255351	-2,910503	1,253402	0,977884	239510,538002	-0,192017	0,000669	1,998413	0,616617	2,034299	-0,124484	-0,124478	0,000000	3,119909	0,518555	0,400189
9,800000	7,974873	8,005712	0,475248	0,094424	2,132043	-12749,184747	-10942,904458	-2985,284174	-11925,940720	-12373,043267	7,026222	68,822773	23,628906	23,924298	26,920946	24,031494	24,253730	-2,910582	1,252955	0,977656	239524,168098	-0,192242	0,000688	2,002427	0,616218	2,034329	-0,124483	-0,124482	0,000000	3,120303	0,517893	0,400240
10,000000	7,974754	8,005638	0,472775	0,095054	2,131600	-12721,559433	-10942,007296	-2985,270493	-11914,679734	-12361,782280	7,024927	68,840750	23,624425	23,924036	26,927122	24,031522	24,253694	-2,910432	1,253134	0,977023	239533,412403	-0,192345	0,000512	1,979612	0,615853	2,035040	-0,124490	-0,124485	0,000000	3,120769	0,518463	0,400300
10,200000	7,974837	8,005077	0,469474	0,094259	2,124704	-12693,866018	-10941,528428	-2985,440292	-11914,915040	-12362,017587	7,023711	68,813924	23,620452	23,921968	26,931790	24,027207	24,254037	-2,910167	1,254312	0,976720	239544,039687	-0,192471	0,000293	1,962702	0,616037	2,035076	-0,124494	-0,124485	0,000000	3,120074	0,519763	0,400210
10,400000	7,974933	8,004471	0,467815	0,093549	2,123690	-12681,672276	-10941,390487	-2985,709958	-11926,284792	-12373,387339	7,022544	68,738041	23,622106	23,919605	26,932275	24,024314	24,250156	-2,910319	1,254446	0,977499	239552,005729	-0,192428	0,000395	1,891348	0,616361	2,032925	-0,124493	-0,124483	0,000000	3,118107	0,520594	0,399958
10,600000	7,974678	8,004085	0,467529	0,093733	2,127802	-12686,636812	-10941,253971	-2985,575167	-11934,321998	-12381,424545	7,021367	68,673776	23,630091	23,918749	26,925753	24,025824	24,245439	-2,910634	1,253753	0,978846	239567,099266	-0,192197	0,000667	1,846190	0,616428	2,030389	-0,124488	-0,124483	0,000000	3,116441	0,520720	0,399744
10,800000	7,974111	8,003817	0,467798	0,093752	2,125390	-12690,944018	-10941,054097	-2984,913668	-11930,900658	-12378,003205	7,020147	68,659562	23,638614	23,922154	26,917368	24,030051	24,243474	-2,910673	1,253641	0,979604	239580,140704	-0,191563	0,000689	1,927201	0,616378	2,029811	-0,124482	-0,124481	0,000000	3,116072	0,520546	0,399697
11,000000	7,973505	8,003839	0,467594	0,093347	2,125004	-12683,750785	-10940,196259	-2984,557677	-11919,474779	-12366,577326	7,018767	68,672804	23,640806	23,926787	26,914323	24,033220	24,244056	-2,910608	1,254694	0,979119	239559,458274	-0,190584	0,000428	1,975489	0,616408	2,031483	-0,124482	-0,124481	0,000000	3,116416	0,520631	0,399741
11,200000	7,973201	8,004058	0,466188	0,093220	2,126916	-12671,495096	-10939,904867	-2984,627583	-11909,513542	-12356,616089	7,017310	68,671411	23,635778	23,926154	26,918876	24,032739	24,247612	-2,910653	1,256400	0,978261	239534,173762	-0,189586	0,000237	1,931516	0,616583	2,033309	-0,124484	-0,124486	0,000000	3,116380	0,521300	0,399737
11,400000	7,973298	8,004095	0,463714	0,093299	2,125095	-12655,806788	-10941,252161	-2984,854258	-11906,644124	-12353,746671	7,015940	68,652057	23,629836	23,921442	26,926214	24,030443	24,252962	-2,910690	1,256958	0,977994	239536,168712	-0,189497	0,000379	1,901798	0,616355	2,033773	-0,124484	-0,124489	0,000000	3,115878	0,522012	0,399672
11,600000	7,973504	8,003922	0,460833	0,093477	2,123540	-12641,572589	-10941,722989	-2985,284195	-11906,655635	-12353,758182	7,014664	68,651640	23,630163	23,919072	26,928357	24,030793	24,253110	-2,910622	1,256172	0,977895	239535,260497	-0,190654	0,000579	1,867376	0,615116	2,033420	-0,124482	-0,124486	0,000000	3,115867	0,521989	0,399671
11,800000	7,973393	8,003581	0,457952	0,093561	2,118301	-12633,706876	-10940,237958	-2985,264622	-11904,749743	-12351,852290	7,013342	68,685115	23,636980	23,920737	26,925470	24,033002	24,244102	-2,910614	1,255882	0,977721	239521,654950	-0,191215	0,000595	1,840418	0,613760	2,033397	-0,124485	-0,124484	0,000000	3,116735	0,521839	0,399782
12,000000	7,972679	8,003166	0,455238	0,093865	2,114348	-12628,178288	-10939,834912	-2984,822417	-11900,397688	-12347,500234	7,012035	68,717186	23,643245	23,923259	26,922964	24,032818	24,234164	-2,910735	1,256259	0,977827	239517,978662	-0,190537	0,000597	1,837162	0,613897	2,033759	-0,124489	-0,124487	0,000000	3,117567	0,522897	0,399889
12,200000	7,971746	8,003030	0,452376	0,095006	2,114979	-12628,245265	-10940,784697	-2984,715548	-11894,293605	-12341,396152	7,010792	68,715404	23,643430	23,924145	26,921655	24,031191	24,230994	-2,910835	1,256036	0,978337	239526,280903	-0,190194	0,000691	1,851610	0,615228	2,034762	-0,124491	-0,124489	0,000000	3,117520	0,525052	0,399883
12,400000	7,971294	8,003079	0,447230	0,095514	2,107391	-12624,932512	-10941,233042	-2984,945833	-11893,316076	-12340,418623	7,009447	68,687499	23,638417	23,923568	26,923178	24,030197	24,235009	-2,910783	1,255566	0,978659	239544,013872	-0,190661	0,000733	1,901896	0,616339	2,036284	-0,124491	-0,124488	0,000000	3,116797	0,527878	0,399790
12,600000	7,971444	8,002890	0,439048	0,094726	2,094570	-12605,161206	-10941,247040	-2985,221398	-11900,406165	-12347,508712	7,008153	68,641098	23,633501	23,922975	26,927680	24,031930	24,243786	-2,910649	1,256161	0,978092	239572,369626	-0,191075	0,000708	1,902571	0,617280	2,036513	-0,124487	-0,124487	0,000000	3,115594	0,531689	0,399636
12,800000	7,971579	8,002645	0,430653	0,094627	2,085943	-12573,927300	-10940,984087	-2985,236800	-11903,399000	-12350,501547	7,006963	68,589078	23,632389	23,923082	26,930639	24,038042	24,249396	-2,910518	1,256748	0,977181	239597,107474	-0,190964	0,000634	1,804192	0,618447	2,035543	-0,124484	-0,124488	0,000000	3,114244	0,535812	0,399463
13,000000	7,971125	8,002466	0,425809	0,095587	2,079589	-12549,933055	-10941,300195	-2984,872826	-11898,301882	-12345,404429	7,005698	68,581617	23,633116	23,924126	26,929748	24,044685	24,244733	-2,910468	1,256253	0,976764	239594,878971	-0,190425	0,000541	1,733734	0,619189	2,035757	-0,124486	-0,124493	0,000000	3,114050	0,538264	0,399438
13,200000	7,970599	8,002156	0,424380	0,096021	2,071571	-12554,303125	-10942,543726	-2984,802946	-11893,458124	-12340,560671	7,004474	68,622346	23,634027	23,925132	26,928902	24,044622	24,234326	-2,910534	1,256096	0,976883	239581,566785	-0,190279	0,000563	1,827413	0,619169	2,036548	-0,124489	-0,124498	0,000000	3,115107	0,538765	0,399573
13,400000	7,970448	8,001955	0,422837	0,096226	2,064353	-12575,547218	-10943,413921	-2985,307316	-11896,575612	-12343,678159	7,003397	68,636613	23,634421	23,925183	26,930323	24,035668	24,228755	-2,910571	1,255579	0,976960	239587,644033	-0,190843	0,000452	2,014374	0,618602	2,036937	-0,124494	-0,124498	0,000000	3,115477	0,538845	0,399621
13,600000	7,970312	8,001979	0,420496	0,096458	2,065318	-12588,853516	-10943,248135	-2985,438356	-11909,487381	-12356,589928	7,002166	68,594849	23,632037	23,924718	26,932954	24,026458	24,231944	-2,910600	1,255055	0,977046	239617,446099	-0,190830	0,000241	2,089822	0,617748	2,037165	-0,124499	-0,124491	0,000000	3,114394	0,538996	0,399482
13,800000	7,970077	8,001869	0,416963	0,095515	2,067315	-12591,920365	-10942,763915	-2985,200064	-11920,800478	-12367,903025	7,000625	68,553327	23,628029	23,923757	26,936288	24,023944	24,238052	-2,910740	1,255857	0,977585	239647,033263	-0,190371	0,000279	2,025778	0,617378	2,035825	-0,124496	-0,124483	0,000000	3,113316	0,540018	0,399344
14,000000	7,969916	8,001639	0,410582	0,094267	2,061595	-12586,968722	-10942,696070	-2985,129271	-11920,514521	-12367,617068	6,999086	68,545155	23,626020	23,923147	26,937982	24,026743	24,241251	-2,910819	1,255887	0,978381	239646,797808	-0,190456	0,000443	1,937115	0,617724	2,034513	-0,124486	-0,124484	0,000000	3,113104	0,542756	0,399316
14,200000	7,969961	8,001280	0,404542	0,094437	2,059399	-12574,643769	-10943,139092	-2985,068998	-11912,710294	-12359,812841	6,997805	68,545153	23,627172	23,924750	26,938140	24,032874	24,241649	-2,910703	1,255024	0,978895	239636,950517	-0,190511	0,000673	1,910306	0,618085	2,035471	-0,124482	-0,124489	0,000000	3,113104	0,545385	0,399316
14,400000	7,969909	8,000896	0,402674	0,095341	2,059189	-12571,086350	-10943,269080	-2985,185998	-11908,606252	-12355,708799	6,996606	68,542393	23,627673	23,926436	26,941014	24,037757	24,241155	-2,910537	1,254496	0,978509	239637,959554	-0,190334	0,000794	1,950182	0,618222	2,037796	-0,124488	-0,124493	0,000000	3,113033	0,546212	0,399307
14,600000	7,969704	8,000976	0,402852	0,095241	2,050371	-12583,241743	-10942,860517	-2985,530590	-11913,044810	-12360,147356	6,995206	68,543769	23,622829	23,923739	26,948303	24,034479	24,240684	-2,910431	1,253522	0,977797	239642,579865	-0,190590	0,000521	1,961418	0,618613	2,038716	-0,124499	-0,124495	0,000000	3,113068	0,546511	0,399312
14,800000	7,969716	8,001165	0,402107	0,093779	2,043732	-12597,630416	-10942,551227	-2985,773716	-11921,676295	-12368,778842	6,993902	68,538865	23,616456	23,919755	26,950530	24,024845	24,242054	-2,910404	1,252502	0,977763	239642,107832	-0,191206	0,000291	1,990559	0,619489	2,037567	-0,124503	-0,124493	0,000000	3,112941	0,547598	0,399296
15,000000	7,969642	8,000973	0,400875	0,092260	2,041216	-12610,584715	-10941,537391	-2985,693695	-11930,094196	-12377,196742	6,992815	68,542457	23,616823	23,919882	26,944300	24,017628	24,246100	-2,910350	1,252614	0,978560	239632,532526	-0,191321	0,000423	2,071681	0,620181	2,036039	-0,124495	-0,124489	0,000000	3,113034	0,548670	0,399308
15,200000	7,969495	8,000473	0,400922	0,092275	2,038451	-12627,637282	-10940,681018	-2985,381307	-11933,260170	-12380,362717	6,991592	68,581722	23,623202	23,922416	26,937834	24,016743	24,249213	-2,910331	1,253347	0,979384	239627,140637	-0,191151	0,000528	2,102168	0,620199	2,034375	-0,124483	-0,124488	0,000000	3,114053	0,548620	0,399438
15,400000	7,969315	7,999875	0,402621	0,093303	2,040521	-12650,035043	-10941,835527	-2985,251758	-11928,823899	-12375,926446	6,990233	68,629966	23,625323	23,923884	26,932398	24,019718	24,250799	-2,910488	1,253685	0,979164	239634,571573	-0,191335	0,000517	2,065022	0,619962	2,034013	-0,124477	-0,124487	0,000000	3,115305	0,547697	0,399599
15,600000	7,968817	7,999534	0,404619	0,093842	2,043466	-12671,614490	-10943,289135	-2985,420628	-11926,196162	-12373,298709	6,988919	68,647841	23,619519	23,924765	26,930126	24,021784	24,254572	-2,910524	1,253744	0,978228	239645,175795	-0,191261	0,000512	1,974222	0,619802	2,035310	-0,124484	-0,124486	0,000000	3,115768	0,546749	0,399658
15,800000	7,968649	7,999475	0,405684	0,093653	2,051777	-12685,853958	-10943,131903	-2985,569829	-11931,941255	-12379,043801	6,987587	68,633207	23,612628	23,924333	26,934136	24,021425	24,258901	-2,910367	1,254280	0,977587	239649,751290	-0,190767	0,000476	1,909160	0,619431	2,036559	-0,124491	-0,124485	0,000000	3,115389	0,546012	0,399610
16,000000	7,968995	7,999333	0,405702	0,092912	2,065401	-12690,259359	-10942,002279	-2985,895648	-11941,122979	-12388,225525	6,986169	68,613057	23,609263	23,919799	26,939080	24,021408	24,260428	-2,910255	1,254338	0,977520	239658,536420	-0,191136	0,000470	1,927511	0,618662	2,036121	-0,124494	-0,124482	0,000000	3,114866	0,545336	0,399542
16,200000	7,969194	7,998825	0,404907	0,091988	2,067044	-12689,132311	-10941,320896	-2986,145302	-11944,680527	-12391,783074	6,984841	68,616723	23,609949	23,915580	26,937424	24,022060	24,258502	-2,910202	1,253976	0,978093	239672,557786	-0,192332	0,000513	1,921826	0,617969	2,034236	-0,124498	-0,124478	0,000000	3,114961	0,545008	0,399555
16,400000	7,968979	7,998189	0,403356	0,091779	2,060278	-12687,714184	-10941,782813	-2985,721594	-11937,884508	-12384,987055	6,983595	68,642776	23,616103	23,917205	26,927621	24,023303	24,253513	-2,910300	1,254959	0,978609	239674,305868	-0,192726	0,000569	1,858860	0,617889	2,032936	-0,124496	-0,124474	0,000000	3,115637	0,545481	0,399641
16,600000	7,968449	7,997789	0,401646	0,092620	2,054847	-12681,997357	-10942,167129	-2985,292224	-11927,560609	-12374,663156	6,982389	68,665096	23,625468	23,921472	26,916370	24,025398	24,246890	-2,910616	1,256004	0,978190	239669,023046	-0,192140	0,000633	1,901266	0,618426	2,033100	-0,124492	-0,124476	0,000000	3,116216	0,546568	0,399716
16,800000	7,967901	7,997404	0,401487	0,094025	2,047762	-12674,218996	-10941,784781	-2985,306507	-11923,042229	-12370,144776	6,981220	68,669396	23,629458	23,923036	26,914046	24,024653	24,245112	-2,910750	1,255679	0,977894	239673,105832	-0,191657	0,000647	2,053838	0,618692	2,033928	-0,124489	-0,124484	0,000000	3,116327	0,546834	0,399730
17,000000	7,967765	7,997185	0,403559	0,095036	2,039698	-12673,335714	-10941,074895	-2985,387213	-11926,240733	-12373,343280	6,980009	68,673064	23,624801	23,921435	26,918618	24,023675	24,252468	-2,910525	1,255413	0,978028	239684,347190	-0,191620	0,000563	2,107246	0,617662	2,034075	-0,124484	-0,124486	0,000000	3,116423	0,545116	0,399742
17,200000	7,967976	7,997365	0,405766	0,094078	2,035461	-12681,380208	-10939,515428	-2985,368140	-11931,850806	-12378,953353	6,978681	68,693807	23,619373	23,919709	26,922231	24,027934	24,258988	-2,910451	1,255393	0,978354	239695,341949	-0,191479	0,000578	2,024728	0,616041	2,033624	-0,124483	-0,124481	0,000000	3,116960	0,542852	0,399811
17,400000	7,967980	7,997329	0,406882	0,092230	2,039525	-12694,836792	-10938,903584	-2985,206337	-11934,975734	-12382,078281	6,977225	68,743435	23,621803	23,919670	26,923597	24,032553	24,256602	-2,910700	1,255054	0,979116	239708,271219	-0,191230	0,000684	1,926059	0,614929	2,032954	-0,124481	-0,124484	0,000000	3,118247	0,541442	0,399976
17,600000	7,967545	7,997040	0,408800	0,092846	2,046924	-12709,218707	-10940,663156	-2985,060781	-11934,623579	-12381,726126	6,975902	68,830568	23,630677	23,920514	26,919267	24,035215	24,248400	-2,910930	1,255371	0,979168	239722,152716	-0,191058	0,000588	1,908026	0,614207	2,032503	-0,124479	-0,124486	0,000000	3,120505	0,540043	0,400266
17,800000	7,967008	7,997027	0,412763	0,095169	2,052056	-12723,591150	-10941,944968	-2985,224334	-11930,473866	-12377,576413	6,974766	68,905963	23,638281	23,921049	26,912606	24,036815	24,239480	-2,910938	1,255469	0,978524	239726,121597	-0,191226	0,000439	1,969544	0,614024	2,032733	-0,124483	-0,124485	0,000000	3,122458	0,538353	0,400516
18,000000	7,966771	7,997269	0,417136	0,095541	2,064396	-12737,574602	-10942,013351	-2985,438759	-11926,016435	-12373,118981	6,973479	68,920442	23,640234	23,921147	26,909852	24,033314	24,235632	-2,910821	1,254519	0,978561	239727,245585	-0,191692	0,000357	2,009038	0,614927	2,033444	-0,124488	-0,124485	0,000000	3,122833	0,537490	0,400564
18,200000	7,966599	7,997340	0,420657	0,094656	2,079826	-12749,472199	-10942,726838	-2985,318848	-11925,281483	-12372,384030	6,971994	68,891254	23,638579	23,921712	26,911012	24,027014	24,239569	-2,910836	1,254126	0,978972	239731,129304	-0,191516	0,000408	2,006074	0,616411	2,033707	-0,124490	-0,124482	0,000000	3,122077	0,537457	0,400467
18,400000	7,966183	7,997007	0,424149	0,095004	2,084835	-12757,018926	-10943,558245	-2985,069262	-11923,240200	-12370,342747	6,970693	68,859226	23,635669	23,922167	26,911704	24,026529	24,245712	-2,910877	1,254367	0,978630	239714,527100	-0,191226	0,000657	1,989318	0,617420	2,033270	-0,124491	-0,124481	0,000000	3,121247	0,536996	0,400361
18,600000	7,965841	7,996611	0,427985	0,095185	2,088039	-12761,464836	-10942,723962	-2984,915277	-11915,905690	-12363,008236	6,969535	68,856817	23,632715	23,921519	26,908088	24,034804	24,247494	-2,910736	1,254820	0,978346	239705,424757	-0,191292	0,000710	1,963459	0,617991	2,033293	-0,124487	-0,124487	0,000000	3,121185	0,536019	0,400353
18,800000	7,965584	7,996474	0,431771	0,094635	2,089166	-12764,140473	-10941,068141	-2984,908408	-11907,940045	-12355,042592	6,968268	68,886188	23,632629	23,921461	26,906028	24,043569	24,243978	-2,910692	1,255239	0,978247	239719,156028	-0,191010	0,000464	1,968782	0,618526	2,033995	-0,124480	-0,124494	0,000000	3,121946	0,535052	0,400451
19,000000	7,965047	7,996496	0,435570	0,095107	2,082578	-12765,357670	-10940,543516	-2984,900818	-11904,136050	-12351,238596	6,967057	68,905182	23,633750	23,922708	26,910431	24,043620	24,237908	-2,910765	1,255127	0,977629	239725,790816	-0,190289	0,000147	1,984403	0,618825	2,035317	-0,124482	-0,124497	0,000000	3,122437	0,533901	0,400514
19,200000	7,964428	7,996537	0,439199	0,096490	2,080524	-12772,657124	-10940,985229	-2984,668359	-11909,395830	-12356,498377	6,965795	68,884906	23,632108	23,923465	26,915222	24,035358	24,233665	-2,910724	1,255209	0,977701	239716,150245	-0,189469	7,029021E-5	1,930959	0,618781	2,036264	-0,124490	-0,124497	0,000000	3,121912	0,532526	0,400446
19,400000	7,964055	7,996421	0,442424	0,096837	2,083399	-12782,577480	-10941,152349	-2984,727841	-11921,918564	-12369,021111	6,964389	68,858910	23,628305	23,921928	26,915618	24,025271	24,234665	-2,910747	1,254879	0,978528	239685,933727	-0,189668	0,000406	1,877546	0,618885	2,036059	-0,124492	-0,124494	0,000000	3,121239	0,531420	0,400360
19,600000	7,964051	7,995840	0,445537	0,095767	2,091553	-12783,105194	-10940,644372	-2985,056398	-11927,636693	-12374,739239	6,963124	68,858370	23,625475	23,919973	26,914644	24,020742	24,238846	-2,910761	1,254068	0,978860	239679,934343	-0,190667	0,000717	1,949394	0,619732	2,035433	-0,124489	-0,124493	0,000000	3,121225	0,530969	0,400358
19,800000	7,964219	7,995126	0,448710	0,095062	2,106503	-12780,416894	-10941,018062	-2984,885711	-11920,314746	-12367,417292	6,961978	68,869252	23,625672	23,922130	26,914185	24,025004	24,241118	-2,910679	1,254442	0,978668	239699,432418	-0,190491	0,000809	2,055657	0,621109	2,035675	-0,124485	-0,124491	0,000000	3,121507	0,530935	0,400394
20,000000	7,964159	7,994889	0,451565	0,095193	2,113845	-12778,583360	-10942,857757	-2984,653645	-11909,664641	-12356,767188	6,960668	68,878801	23,628057	23,926406	26,915467	24,032755	24,240972	-2,910741	1,255055	0,978498	239689,936306	-0,189392	0,000777	2,042863	0,622142	2,037054	-0,124481	-0,124488	0,000000	3,121754	0,530752	0,400426
20,200000	7,963751	7,994985	0,453637	0,095703	2,115996	-12769,836369	-10944,201958	-2985,024323	-11902,017584	-12349,120131	6,959181	68,890658	23,626339	23,927109	26,921330	24,034732	24,240494	-2,910737	1,254870	0,978428	239664,750594	-0,189538	0,000620	1,966962	0,622426	2,038520	-0,124486	-0,124489	0,000000	3,122061	0,530252	0,400465
20,400000	7,963564	7,994958	0,455287	0,096220	2,120164	-12751,931273	-10944,260183	-2985,639056	-11895,960160	-12343,062707	6,957847	68,890371	23,617869	23,924534	26,930747	24,029798	24,241493	-2,910445	1,254752	0,978343	239659,193827	-0,190753	0,000645	1,951152	0,622057	2,040144	-0,124495	-0,124492	0,000000	3,122054	0,529356	0,400464
20,600000	7,964048	7,994761	0,457867	0,096224	2,118522	-12732,994785	-10943,076208	-2986,103942	-11896,919213	-12344,021760	6,956710	68,873573	23,611317	23,921905	26,934663	24,024196	24,242716	-2,910148	1,254596	0,978370	239671,736469	-0,191850	0,000824	1,987239	0,621105	2,040418	-0,124499	-0,124488	0,000000	3,121619	0,527611	0,400409
20,800000	7,964507	7,994480	0,462459	0,095782	2,112890	-12730,362287	-10941,529258	-2986,121966	-11905,158453	-12352,261000	6,955428	68,858105	23,612163	23,920213	26,929870	24,021694	24,241066	-2,910095	1,254412	0,978592	239671,235318	-0,192435	0,000733	2,017879	0,619849	2,038250	-0,124498	-0,124483	0,000000	3,121218	0,524868	0,400357
21,000000	7,964202	7,994118	0,467983	0,095038	2,111891	-12743,987018	-10941,534640	-2985,438159	-11908,816502	-12355,919049	6,954046	68,851534	23,616863	23,920686	26,922116	24,023173	24,238793	-2,910268	1,254189	0,978824	239648,135926	-0,191608	0,000511	1,992908	0,618756	2,035851	-0,124493	-0,124483	0,000000	3,121048	0,521935	0,400335
21,200000	7,963358	7,993944	0,472194	0,094630	2,117702	-12754,132462	-10942,028132	-2984,865431	-11904,898176	-12352,000722	6,952780	68,856653	23,620276	23,924171	26,916861	24,026214	24,239774	-2,910525	1,254089	0,978772	239626,759154	-0,190518	0,000492	1,899995	0,618222	2,035262	-0,124487	-0,124487	0,000000	3,121181	0,519966	0,400352
21,400000	7,962875	7,994072	0,474332	0,094907	2,126107	-12752,963133	-10941,718040	-2984,980712	-11899,946565	-12347,049111	6,951545	68,865914	23,618190	23,926605	26,921905	24,025869	24,244203	-2,910637	1,255237	0,978128	239612,864397	-0,190550	0,000576	1,839086	0,618334	2,035881	-0,124481	-0,124490	0,000000	3,121420	0,519318	0,400383
21,600000	7,963032	7,994180	0,475677	0,095083	2,132969	-12743,687856	-10942,095938	-2985,157855	-11900,759187	-12347,861734	6,950237	68,860551	23,610649	23,924300	26,934542	24,022693	24,251586	-2,910505	1,256013	0,977279	239597,824287	-0,190619	0,000566	1,862316	0,619196	2,036089	-0,124481	-0,124489	0,000000	3,121282	0,519600	0,400365
21,800000	7,963171	7,993787	0,477410	0,094668	2,144536	-12732,857057	-10942,916482	-2985,289836	-11908,760816	-12355,863363	6,948800	68,852595	23,604105	23,920775	26,941683	24,020085	24,258500	-2,910358	1,254684	0,977005	239583,499101	-0,190740	0,000454	1,912318	0,620489	2,035585	-0,124488	-0,124485	0,000000	3,121075	0,520070	0,400339
22,000000	7,963029	7,993033	0,478778	0,093436	2,154541	-12726,807311	-10942,627876	-2985,391905	-11917,204676	-12364,307223	6,947279	68,846480	23,605487	23,920281	26,940253	24,020388	24,256186	-2,910521	1,253509	0,977296	239587,005942	-0,191481	0,000261	1,939693	0,620971	2,034554	-0,124495	-0,124483	0,000000	3,120917	0,519947	0,400319
22,200000	7,962846	7,992401	0,479100	0,092090	2,150336	-12720,407880	-10941,733236	-2985,154371	-11919,142543	-12366,245090	6,945981	68,795156	23,613418	23,921360	26,935927	24,021615	24,246236	-2,910802	1,253824	0,977568	239600,750189	-0,191578	0,000175	1,909480	0,620405	2,033580	-0,124494	-0,124484	0,000000	3,119587	0,519314	0,400148
22,400000	7,962594	7,992168	0,478487	0,092432	2,145046	-12711,199143	-10940,763412	-2984,877874	-11915,957050	-12363,059596	6,945072	68,716999	23,619680	23,921441	26,931583	24,019433	24,241408	-2,910730	1,254554	0,977613	239589,662731	-0,190764	0,000386	1,917565	0,619569	2,033287	-0,124488	-0,124485	0,000000	3,117562	0,518808	0,399888
22,600000	7,962254	7,992264	0,476406	0,093780	2,141323	-12701,982918	-10940,914463	-2985,058407	-11913,032307	-12360,134854	6,944007	68,689005	23,619326	23,920708	26,931215	24,016114	24,244493	-2,910484	1,255092	0,977860	239565,054400	-0,190693	0,000604	1,986765	0,618506	2,033595	-0,124487	-0,124478	0,000000	3,116836	0,518655	0,399795
22,800000	7,962016	7,992269	0,473176	0,093626	2,131184	-12685,213114	-10942,326000	-2985,512847	-11913,870524	-12360,973071	6,942502	68,700924	23,614913	23,920526	26,935672	24,015273	24,250930	-2,910430	1,255040	0,978119	239558,705823	-0,191428	0,000619	1,960039	0,617256	2,033879	-0,124490	-0,124469	0,000000	3,117145	0,518750	0,399835
23,000000	7,961944	7,992049	0,470763	0,092461	2,124361	-12665,011149	-10942,295568	-2985,692532	-11919,330084	-12366,432631	6,941004	68,699429	23,612289	23,920973	26,940053	24,019308	24,258044	-2,910460	1,254673	0,978037	239571,739781	-0,192104	0,000612	1,873136	0,616494	2,033587	-0,124493	-0,124468	0,000000	3,117106	0,518954	0,399830
23,200000	7,961856	7,991606	0,470078	0,092649	2,121187	-12658,951785	-10941,342682	-2985,522896	-11921,666984	-12368,769531	6,939725	68,668497	23,613309	23,920809	26,940377	24,027083	24,260030	-2,910417	1,254258	0,977955	239575,746211	-0,192520	0,000693	1,873794	0,616517	2,032865	-0,124495	-0,124476	0,000000	3,116304	0,519191	0,399727
23,400000	7,961557	7,991327	0,469506	0,093668	2,122535	-12662,286414	-10940,786615	-2985,295430	-11916,920698	-12364,023245	6,938592	68,620274	23,616051	23,920588	26,933912	24,034007	24,254172	-2,910389	1,253775	0,977985	239561,699616	-0,192341	0,000745	1,934935	0,617078	2,032657	-0,124492	-0,124483	0,000000	3,115053	0,519839	0,399567
23,600000	7,961053	7,991396	0,466278	0,093885	2,130433	-12655,431481	-10940,261955	-2985,230647	-11910,254338	-12357,356885	6,937400	68,589332	23,618726	23,921410	26,928226	24,034260	24,245130	-2,910365	1,254578	0,977938	239550,759920	-0,191496	0,000632	1,950571	0,617906	2,033328	-0,124489	-0,124488	0,000000	3,114251	0,521675	0,399464
23,800000	7,960491	7,991596	0,460565	0,094481	2,130397	-12635,562682	-10940,253828	-2985,117669	-11907,329820	-12354,432367	6,936013	68,573474	23,619533	23,921846	26,930896	24,026332	24,239946	-2,910270	1,256388	0,977624	239551,628415	-0,190360	0,000571	1,903384	0,618780	2,033869	-0,124490	-0,124488	0,000000	3,113839	0,524473	0,399411
24,000000	7,960247	7,991651	0,455384	0,095365	2,123801	-12620,032634	-10940,061412	-2984,830019	-11913,503068	-12360,605614	6,934627	68,549729	23,618644	23,921476	26,935012	24,019846	24,242542	-2,910394	1,257007	0,977543	239582,369939	-0,189775	0,000703	1,858048	0,619956	2,033475	-0,124488	-0,124481	0,000000	3,113223	0,527353	0,399332
24,200000	7,960319	7,991133	0,450826	0,094774	2,117879	-12616,492897	-10939,963993	-2984,827655	-11922,274221	-12369,376768	6,933298	68,538805	23,618561	23,920871	26,932223	24,021774	24,247220	-2,910746	1,256203	0,977909	239611,074942	-0,190245	0,000766	1,860153	0,621307	2,032143	-0,124484	-0,124478	0,000000	3,112939	0,530128	0,399295
24,400000	7,960222	7,990391	0,444662	0,093955	2,106889	-12606,430454	-10941,057406	-2984,946002	-11919,710675	-12366,813221	6,931995	68,576039	23,620897	23,920750	26,927486	24,030502	24,246770	-2,910903	1,255298	0,978299	239587,982547	-0,191042	0,000672	1,846882	0,622067	2,031886	-0,124482	-0,124481	0,000000	3,113906	0,532990	0,399419
24,600000	7,959820	7,989981	0,437250	0,094661	2,093389	-12583,983816	-10942,304034	-2984,758694	-11906,524246	-12353,626793	6,930810	68,656066	23,624191	23,923236	26,930442	24,041167	24,241168	-2,910852	1,255671	0,978189	239552,167341	-0,190869	0,000607	1,836772	0,621853	2,033906	-0,124485	-0,124484	0,000000	3,115982	0,535532	0,399686
24,800000	7,959351	7,989922	0,432298	0,095972	2,082431	-12568,523818	-10942,801108	-2984,654604	-11895,580056	-12342,682603	6,929504	68,734891	23,625006	23,924920	26,939173	24,045811	24,235122	-2,910753	1,256317	0,977431	239531,241757	-0,190019	0,000625	1,932160	0,620664	2,036251	-0,124488	-0,124489	0,000000	3,118026	0,536366	0,399948
25,000000	7,959096	7,989959	0,430638	0,096340	2,074103	-12569,932026	-10942,620336	-2984,843718	-11896,334881	-12343,437428	6,928105	68,768531	23,621621	23,922357	26,944950	24,040960	24,232288	-2,910649	1,255857	0,977548	239509,619551	-0,189852	0,000606	2,058462	0,619433	2,037269	-0,124488	-0,124492	0,000000	3,118897	0,535941	0,400060
25,200000	7,959057	7,989751	0,426878	0,095761	2,066996	-12580,926671	-10942,006435	-2984,868669	-11912,196191	-12359,298738	6,926921	68,746182	23,619009	23,920415	26,942986	24,032320	24,231503	-2,910556	1,255533	0,978448	239500,861797	-0,190287	0,000611	2,078448	0,619083	2,036551	-0,124489	-0,124486	0,000000	3,118318	0,537037	0,399985
25,400000	7,958898	7,989222	0,418924	0,095188	2,061055	-12591,151514	-10941,273702	-2984,700392	-11934,920739	-12382,023286	6,925738	68,716855	23,622482	23,921578	26,934112	24,026997	24,230865	-2,910556	1,255037	0,978392	239518,461358	-0,190366	0,000662	1,991279	0,619234	2,034833	-0,124489	-0,124482	0,000000	3,117558	0,540131	0,399888
25,600000	7,958480	7,988944	0,411100	0,095408	2,064072	-12593,752092	-10941,528133	-2984,737550	-11947,534234	-12394,636781	6,924454	68,736963	23,627654	23,923346	26,925794	24,027738	24,230393	-2,910796	1,254171	0,977668	239530,768886	-0,190093	0,000634	1,889471	0,619232	2,033613	-0,124484	-0,124486	0,000000	3,118079	0,543090	0,399955
25,800000	7,957945	7,988984	0,407247	0,096301	2,068996	-12591,152699	-10942,880267	-2984,980001	-11945,129591	-12392,232138	6,923248	68,794675	23,628156	23,924105	26,927573	24,031453	24,230899	-2,911019	1,254531	0,977006	239523,466409	-0,190174	0,000628	1,858123	0,618834	2,034343	-0,124478	-0,124493	0,000000	3,119575	0,544232	0,400146
26,000000	7,957674	7,988959	0,406635	0,096776	2,062322	-12598,083962	-10943,066597	-2985,106852	-11940,286554	-12387,389101	6,921984	68,840297	23,622933	23,924502	26,938335	24,033435	24,234398	-2,910841	1,255066	0,976300	239519,513067	-0,190519	0,000563	1,926498	0,617962	2,036716	-0,124480	-0,124496	0,000000	3,120757	0,543719	0,400298
26,200000	7,957875	7,989264	0,404832	0,096180	2,055997	-12610,855140	-10942,266635	-2985,092533	-11942,533008	-12389,635555	6,920568	68,856652	23,615097	23,924481	26,949184	24,032522	24,239052	-2,910553	1,254840	0,976022	239527,527805	-0,190735	0,000413	1,975882	0,616960	2,038192	-0,124488	-0,124494	0,000000	3,121181	0,543572	0,400352
26,400000	7,957839	7,989495	0,401117	0,095525	2,052019	-12613,734181	-10942,186359	-2985,246394	-11946,093834	-12393,196381	6,919212	68,849421	23,609472	23,922101	26,954668	24,028790	24,240885	-2,910447	1,254860	0,976579	239547,687126	-0,190883	0,000466	1,922383	0,616054	2,037500	-0,124492	-0,124490	0,000000	3,120993	0,544242	0,400328
26,600000	7,957487	7,988961	0,399581	0,095578	2,040808	-12614,151374	-10942,185762	-2985,381280	-11942,247816	-12389,350363	6,917981	68,835272	23,608765	23,920017	26,951310	24,023341	24,239025	-2,910364	1,255151	0,977494	239573,870758	-0,191274	0,000685	1,932595	0,615101	2,036511	-0,124492	-0,124490	0,000000	3,120627	0,543963	0,400281
26,800000	7,957408	7,988343	0,401610	0,095528	2,034080	-12626,238563	-10941,761229	-2985,392572	-11932,789253	-12379,891800	6,916712	68,857211	23,611922	23,921532	26,941569	24,019851	24,234978	-2,910377	1,255193	0,978162	239596,055666	-0,191615	0,000911	2,031901	0,614628	2,036439	-0,124491	-0,124490	0,000000	3,121195	0,542699	0,400354
27,000000	7,957215	7,988192	0,403751	0,095344	2,035047	-12646,812618	-10941,335778	-2985,609401	-11926,268742	-12373,371288	6,915391	68,925374	23,615019	23,924494	26,936543	24,020649	24,233410	-2,910482	1,254762	0,978114	239597,869849	-0,191720	0,000982	2,016466	0,615087	2,036667	-0,124494	-0,124485	0,000000	3,122960	0,542252	0,400581
27,200000	7,956702	7,988167	0,402990	0,095980	2,041492	-12655,676261	-10941,662505	-2985,740196	-11925,123603	-12372,226150	6,914253	68,959389	23,611524	23,926215	26,940131	24,021632	24,238304	-2,910448	1,254354	0,977770	239589,849427	-0,191736	0,000751	1,932571	0,615965	2,037229	-0,124497	-0,124480	0,000000	3,123841	0,543322	0,400694
27,400000	7,956355	7,988041	0,401248	0,096236	2,054759	-12651,863376	-10942,404025	-2985,525890	-11929,097530	-12376,200077	6,913165	68,931225	23,600456	23,926014	26,944965	24,020048	24,249267	-2,910322	1,254607	0,977632	239605,267880	-0,191273	0,000573	1,932914	0,616588	2,037860	-0,124495	-0,124481	0,000000	3,123112	0,544550	0,400600
27,600000	7,956579	7,987605	0,400850	0,094910	2,060221	-12659,193661	-10942,225207	-2985,431375	-11940,233887	-12387,336434	6,911706	68,916167	23,593054	23,924229	26,946282	24,020128	24,258279	-2,910176	1,254685	0,977654	239643,213651	-0,191077	0,000589	2,001603	0,617045	2,037780	-0,124493	-0,124486	0,000000	3,122722	0,545087	0,400550
27,800000	7,957137	7,986944	0,401560	0,094091	2,058136	-12676,248024	-10941,596890	-2985,492356	-11951,030186	-12398,132733	6,910114	68,945112	23,595261	23,922245	26,943286	24,022933	24,257806	-2,910046	1,254386	0,978051	239674,250159	-0,191766	0,000536	2,044791	0,617688	2,036947	-0,124492	-0,124487	0,000000	3,123471	0,545337	0,400646
28,000000	7,957070	7,986779	0,403630	0,094833	2,056882	-12685,786815	-10941,404361	-2985,509011	-11949,518276	-12396,620823	6,908732	69,013153	23,600447	23,921639	26,938420	24,024719	24,249665	-2,910215	1,254201	0,978793	239662,313209	-0,192343	0,000488	2,012756	0,618424	2,036372	-0,124490	-0,124483	0,000000	3,125232	0,545164	0,400872
28,200000	7,956287	7,987041	0,405694	0,095380	2,049764	-12689,896238	-10941,744413	-2985,454806	-11938,982698	-12386,085245	6,907426	69,095420	23,604081	23,922454	26,935358	24,022494	24,240450	-2,910601	1,253949	0,979365	239630,739991	-0,192168	0,000421	2,020001	0,618946	2,036409	-0,124490	-0,124483	0,000000	3,127361	0,544831	0,401145
28,400000	7,955780	7,986945	0,405793	0,094723	2,042379	-12691,002632	-10942,159959	-2985,333592	-11931,197513	-12378,300060	6,906236	69,126593	23,605354	23,923561	26,933268	24,016613	24,239795	-2,910714	1,254158	0,979249	239631,199130	-0,191388	0,000373	2,079181	0,618946	2,036236	-0,124492	-0,124484	0,000000	3,128167	0,544781	0,401249
28,600000	7,955973	7,986582	0,405397	0,094313	2,043236	-12690,119915	-10941,397740	-2985,348439	-11933,257483	-12380,360030	6,905104	69,100807	23,603412	23,923194	26,932565	24,011523	24,249296	-2,910562	1,254249	0,978706	239638,840636	-0,190769	0,000581	2,103093	0,618489	2,035758	-0,124493	-0,124480	0,000000	3,127500	0,544510	0,401163
28,800000	7,956444	7,986518	0,407039	0,094850	2,046562	-12693,433773	-10940,354357	-2985,481257	-11939,539614	-12386,642161	6,903756	69,085234	23,601376	23,920873	26,933102	24,013699	24,257280	-2,910413	1,254042	0,978615	239640,232926	-0,191272	0,000777	2,096967	0,618071	2,034623	-0,124491	-0,124476	0,000000	3,127097	0,543508	0,401111
29,000000	7,956650	7,986417	0,411365	0,094283	2,048307	-12703,718746	-10941,720653	-2985,341975	-11935,309620	-12382,412167	6,902343	69,100806	23,601924	23,918908	26,929823	24,023560	24,255958	-2,910443	1,254750	0,979083	239669,695822	-0,191853	0,000687	2,008878	0,617940	2,033195	-0,124486	-0,124478	0,000000	3,127500	0,541718	0,401163
29,200000	7,956373	7,985868	0,416714	0,093352	2,051641	-12722,317909	-10943,909413	-2985,005130	-11924,537704	-12371,640251	6,901057	69,084327	23,604234	23,919285	26,923394	24,031885	24,248971	-2,910557	1,255253	0,979442	239699,419421	-0,191372	0,000533	1,879956	0,617959	2,033332	-0,124486	-0,124486	0,000000	3,127074	0,539643	0,401108
29,400000	7,955698	7,985304	0,421157	0,094390	2,063826	-12744,903885	-10943,685119	-2985,103976	-11922,943460	-12370,046006	6,899822	69,021178	23,607369	23,921142	26,921020	24,031594	24,243338	-2,910491	1,254375	0,979356	239697,685288	-0,191364	0,000445	1,872243	0,618079	2,034396	-0,124490	-0,124490	0,000000	3,125440	0,538018	0,400899
29,600000	7,955059	7,985038	0,425398	0,095564	2,078425	-12759,733986	-10942,582299	-2985,521134	-11929,097934	-12376,200480	6,898589	68,975032	23,608299	23,921895	26,921828	24,024704	24,242955	-2,910429	1,253753	0,978932	239687,687372	-0,192202	0,000377	2,007094	0,618478	2,034135	-0,124489	-0,124488	0,000000	3,124246	0,536746	0,400746
29,800000	7,954843	7,984772	0,431205	0,095282	2,084733	-12765,497948	-10941,718678	-2985,771883	-11931,897306	-12378,999853	6,897418	68,960686	23,607327	23,920125	26,920158	24,017675	24,245604	-2,910527	1,253399	0,978656	239691,617404	-0,192865	0,000564	2,118206	0,619061	2,032429	-0,124486	-0,124483	0,000000	3,123874	0,535057	0,400698
30,000000	7,954799	7,984412	0,437809	0,094651	2,092819	-12772,639151	-10940,294105	-2985,754990	-11926,504053	-12373,606600	6,896473	68,952924	23,608598	23,919591	26,913979	24,018314	24,247073	-2,910670	1,253321	0,978693	239711,684170	-0,193283	0,000825	2,070763	0,619297	2,031133	-0,124485	-0,124480	0,000000	3,123673	0,532770	0,400672
30,200000	7,954423	7,984336	0,442655	0,094376	2,101237	-12779,116328	-10940,064559	-2985,312900	-11914,081199	-12361,183746	6,897292	68,940006	23,612560	23,923277	26,910126	24,027893	24,247123	-2,910757	1,255297	0,978868	239733,991753	-0,192909	0,000713	1,972840	0,619090	2,031177	-0,124483	-0,124483	0,000000	3,123339	0,530783	0,400629
30,400000	7,953691	7,984523	0,445650	0,094752	2,098825	-12777,097926	-10941,323999	-2984,742167	-11899,517888	-12346,620434	6,901448	68,918539	23,615463	23,926274	26,912718	24,035656	24,245964	-2,910842	1,257155	0,978962	239750,252935	-0,191613	0,000598	1,906558	0,618806	2,032136	-0,124478	-0,124492	0,000000	3,122783	0,529451	0,400558
30,600000	7,953107	7,984463	0,449164	0,095478	2,098317	-12770,114651	-10942,246469	-2984,734921	-11890,022954	-12337,125500	6,907297	68,895858	23,612948	23,924947	26,916606	24,034551	24,244144	-2,910743	1,257036	0,978608	239766,211695	-0,190847	0,000638	1,806923	0,618302	2,033843	-0,124476	-0,124502	0,000000	3,122196	0,527741	0,400483
30,800000	7,953026	7,983944	0,454214	0,095729	2,104158	-12763,230925	-10942,684892	-2985,109070	-11887,576315	-12334,678861	6,912712	68,877590	23,607601	23,922165	26,921581	24,029679	24,243357	-2,910356	1,256259	0,978316	239783,210566	-0,191305	0,000550	1,739035	0,617486	2,035262	-0,124484	-0,124502	0,000000	3,121723	0,525198	0,400422
31,000000	7,953060	7,983482	0,460492	0,095377	2,110929	-12761,239559	-10941,936961	-2985,284910	-11889,235114	-12336,337661	6,917672	68,865660	23,607041	23,920971	26,921934	24,027282	24,241787	-2,910356	1,254876	0,978268	239796,875784	-0,192039	0,000440	1,770849	0,616938	2,034958	-0,124493	-0,124491	0,000000	3,121414	0,522450	0,400382
31,200000	7,952690	7,983393	0,466652	0,094927	2,121723	-12772,157684	-10940,165443	-2985,074223	-11890,654729	-12337,757276	6,922606	68,866160	23,612196	23,921138	26,913863	24,027898	24,237752	-2,910859	1,254072	0,978228	239809,707536	-0,192259	0,000401	1,830209	0,616854	2,033513	-0,124493	-0,124485	0,000000	3,121427	0,520165	0,400384
31,400000	7,952063	7,983206	0,470429	0,095105	2,129254	-12786,751321	-10940,088035	-2984,740318	-11888,332414	-12335,434960	6,927744	68,836716	23,618374	23,923258	26,905962	24,030636	24,233447	-2,911182	1,254813	0,978457	239809,408119	-0,191811	0,000464	1,905082	0,616696	2,033146	-0,124486	-0,124486	0,000000	3,120664	0,518667	0,400286
31,600000	7,951515	7,982963	0,472224	0,095830	2,135084	-12787,577397	-10941,253099	-2984,803469	-11889,583420	-12336,685967	6,932958	68,718185	23,620386	23,926728	26,905847	24,034431	24,232211	-2,911113	1,256024	0,978854	239779,887646	-0,191272	0,000620	1,988762	0,615963	2,034519	-0,124482	-0,124490	0,000000	3,117592	0,517398	0,399892
31,800000	7,951261	7,983011	0,475313	0,096662	2,143142	-12785,821464	-10941,806979	-2984,996517	-11902,717750	-12349,820296	6,938026	68,575318	23,614760	23,926744	26,913370	24,035848	24,235912	-2,910850	1,257069	0,978693	239746,415655	-0,191085	0,000586	1,972170	0,614817	2,036171	-0,124484	-0,124494	0,000000	3,113887	0,515370	0,399417
32,000000	7,951566	7,983088	0,481174	0,097279	2,144115	-12797,406180	-10941,965239	-2984,952420	-11921,216921	-12368,319468	6,943068	68,511969	23,604948	23,922820	26,923467	24,034233	24,241220	-2,910595	1,257331	0,977821	239750,189109	-0,190750	0,000404	1,895774	0,613866	2,037375	-0,124488	-0,124495	0,000000	3,112243	0,512564	0,399206
32,200000	7,952075	7,982818	0,487990	0,097154	2,144217	-12816,345976	-10941,950309	-2984,895222	-11938,551581	-12385,654128	6,948096	68,521373	23,599770	23,920202	26,930840	24,032881	24,242268	-2,910550	1,257447	0,977458	239765,978093	-0,190352	0,000398	1,903381	0,613485	2,037751	-0,124491	-0,124491	0,000000	3,112487	0,509900	0,399237
32,400000	7,951956	7,982289	0,493060	0,096165	2,150536	-12839,430243	-10941,636117	-2984,946295	-11952,816172	-12399,918719	6,952958	68,558452	23,603807	23,921164	26,930383	24,033445	24,236494	-2,910688	1,256888	0,977964	239746,884749	-0,190704	0,000502	1,936617	0,613879	2,037245	-0,124494	-0,124489	0,000000	3,113449	0,508462	0,399361
32,600000	7,951245	7,982085	0,495165	0,095379	2,156062	-12855,330453	-10941,362446	-2985,191606	-11962,675165	-12409,777711	6,957864	68,571290	23,610432	23,923175	26,926109	24,033344	24,227633	-2,910753	1,255047	0,978378	239709,956649	-0,191907	0,000713	1,916892	0,614931	2,036664	-0,124494	-0,124492	0,000000	3,113783	0,508593	0,399403
32,800000	7,950574	7,982274	0,495653	0,096089	2,158246	-12848,707342	-10941,569374	-2985,376581	-11971,796010	-12418,898557	6,963110	68,516533	23,610836	23,924039	26,926312	24,029386	24,223601	-2,910633	1,254585	0,978221	239685,662955	-0,192482	0,000963	1,879731	0,615715	2,036433	-0,124493	-0,124493	0,000000	3,112361	0,509085	0,399221
33,000000	7,950279	7,982371	0,497904	0,096919	2,160666	-12834,287982	-10941,792330	-2985,139825	-11979,712984	-12426,815530	6,968292	68,429230	23,604336	23,923885	26,933698	24,023246	24,226931	-2,910516	1,255228	0,977728	239676,525624	-0,191506	0,000865	1,851085	0,615929	2,036777	-0,124492	-0,124488	0,000000	3,110095	0,508515	0,398930
33,200000	7,950345	7,982333	0,503088	0,096058	2,168131	-12826,400199	-10941,834291	-2984,878879	-11983,360370	-12430,462917	6,973126	68,371306	23,597076	23,924098	26,944757	24,019680	24,234949	-2,910560	1,254864	0,977498	239661,700794	-0,190581	0,000639	1,859020	0,616165	2,037094	-0,124489	-0,124484	0,000000	3,108590	0,506971	0,398737
33,400000	7,950425	7,982206	0,507535	0,094692	2,173848	-12824,322192	-10941,859080	-2984,976515	-11985,314579	-12432,417125	6,977935	68,361848	23,594185	23,924496	26,951672	24,021179	24,243438	-2,910563	1,254468	0,978103	239639,436357	-0,190805	0,000598	1,889368	0,616343	2,036781	-0,124486	-0,124484	0,000000	3,108344	0,505624	0,398706
33,600000	7,950284	7,981899	0,508420	0,094283	2,171853	-12821,475249	-10942,259537	-2985,274667	-11988,084972	-12435,187519	6,982729	68,384251	23,594617	23,923454	26,952049	24,025013	24,246126	-2,910385	1,253760	0,978635	239633,093879	-0,191384	0,000510	1,878830	0,615836	2,036591	-0,124486	-0,124487	0,000000	3,108926	0,504897	0,398781
33,800000	7,950027	7,981578	0,508036	0,094246	2,175417	-12810,041426	-10942,778349	-2985,547093	-11989,111535	-12436,214081	6,987453	68,393970	23,595404	23,922240	26,949147	24,025974	24,241239	-2,910336	1,252834	0,978293	239639,876712	-0,191419	0,000352	1,815539	0,614645	2,036264	-0,124493	-0,124492	0,000000	3,109179	0,504028	0,398813
34,000000	7,949816	7,981335	0,509357	0,094073	2,181994	-12798,866102	-10942,629911	-2985,609780	-11988,524020	-12435,626567	6,992264	68,348135	23,595379	23,922391	26,947078	24,020847	24,236272	-2,910425	1,253393	0,977820	239644,646807	-0,191145	0,000326	1,744231	0,613868	2,036033	-0,124501	-0,124495	0,000000	3,107988	0,502932	0,398660
34,200000	7,949800	7,981126	0,510891	0,094076	2,177903	-12796,127012	-10941,992734	-2985,657625	-11993,532763	-12440,635310	6,997042	68,281978	23,594402	23,922038	26,948628	24,011410	24,238229	-2,910254	1,253913	0,977807	239648,123529	-0,191266	0,000505	1,702550	0,614044	2,036244	-0,124502	-0,124489	0,000000	3,106269	0,502558	0,398440
34,400000	7,950071	7,980940	0,509443	0,093664	2,174903	-12796,520365	-10941,390355	-2985,729631	-12009,310544	-12456,413091	7,001735	68,245751	23,592248	23,920979	26,952244	24,005546	24,245860	-2,910114	1,253017	0,978325	239648,927652	-0,191394	0,000786	1,729775	0,614569	2,035036	-0,124496	-0,124481	0,000000	3,105327	0,503467	0,398319
34,600000	7,950404	7,980735	0,505733	0,092680	2,176870	-12794,169936	-10941,088553	-2985,599293	-12025,703975	-12472,806522	7,006582	68,237117	23,590675	23,921649	26,951351	24,007274	24,253233	-2,910346	1,252054	0,978525	239646,444227	-0,191381	0,000868	1,862171	0,615209	2,033224	-0,124491	-0,124477	0,000000	3,105102	0,505220	0,398290
34,800000	7,950209	7,980434	0,503185	0,092707	2,176027	-12789,207602	-10941,226178	-2985,357880	-12030,017794	-12477,120341	7,011456	68,252132	23,591598	23,924142	26,945822	24,015849	24,255625	-2,910494	1,251933	0,978002	239648,808807	-0,191598	0,000685	2,016773	0,616233	2,033274	-0,124491	-0,124477	0,000000	3,105493	0,506888	0,398340
35,000000	7,949423	7,980159	0,502283	0,093788	2,175011	-12780,343646	-10941,733884	-2985,246910	-12025,848692	-12472,951238	7,016174	68,267320	23,592853	23,925517	26,946196	24,026558	24,254475	-2,910456	1,252807	0,977541	239636,473188	-0,191667	0,000482	2,069557	0,617459	2,035440	-0,124494	-0,124482	0,000000	3,105888	0,508184	0,398391
35,200000	7,948776	7,980089	0,500701	0,094563	2,167646	-12767,162359	-10942,029077	-2985,433359	-12024,626970	-12471,729516	7,020821	68,261368	23,591019	23,922888	26,953464	24,029023	24,253547	-2,910335	1,254125	0,977737	239598,906697	-0,191742	0,000368	2,017675	0,618199	2,036609	-0,124494	-0,124494	0,000000	3,105733	0,509343	0,398371
35,400000	7,948762	7,980046	0,497220	0,094651	2,158404	-12755,446096	-10941,835045	-2985,595456	-12032,152824	-12479,255370	7,025505	68,251732	23,587856	23,919035	26,953573	24,022494	24,253537	-2,910155	1,254519	0,978455	239570,645495	-0,191786	0,000365	1,943631	0,618266	2,035336	-0,124495	-0,124495	0,000000	3,105482	0,510588	0,398339
35,600000	7,948999	7,979801	0,492105	0,094234	2,156220	-12739,766651	-10941,563222	-2985,476539	-12038,443261	-12485,545807	7,030269	68,251849	23,589897	23,918867	26,945928	24,016361	24,253328	-2,910147	1,253868	0,978654	239573,963738	-0,191429	0,000582	1,884172	0,618052	2,033304	-0,124500	-0,124483	0,000000	3,105485	0,512134	0,398339
35,800000	7,948851	7,979315	0,486412	0,094277	2,151241	-12716,033553	-10941,534148	-2985,424333	-12030,670195	-12477,772742	7,034857	68,263935	23,597812	23,920614	26,943995	24,016471	24,251021	-2,910403	1,253060	0,978076	239580,675768	-0,191698	0,000857	1,830405	0,617745	2,031159	-0,124495	-0,124475	0,000000	3,105800	0,513807	0,398380
36,000000	7,948398	7,978749	0,481018	0,094801	2,145998	-12687,679454	-10941,654792	-2985,858473	-12008,658387	-12455,760934	7,039335	68,287407	23,603582	23,921122	26,947084	24,021887	24,247607	-2,910846	1,252671	0,977591	239550,689651	-0,193145	0,000835	1,793689	0,617433	2,030766	-0,124484	-0,124479	0,000000	3,106410	0,515391	0,398458
36,200000	7,948031	7,978289	0,475314	0,094893	2,144926	-12657,568158	-10942,041533	-2986,334616	-11982,768645	-12429,871191	7,044069	68,325565	23,603704	23,921891	26,949297	24,027535	24,247123	-2,910971	1,252981	0,977433	239514,122235	-0,194108	0,000644	1,790250	0,617346	2,032650	-0,124483	-0,124485	0,000000	3,107401	0,517287	0,398585
36,400000	7,947624	7,978165	0,468738	0,094876	2,137973	-12634,191584	-10942,450188	-2986,063949	-11967,226916	-12414,329463	7,048838	68,384410	23,601032	23,923272	26,953072	24,030108	24,248381	-2,910655	1,253642	0,977286	239514,059494	-0,193149	0,000598	1,794449	0,617426	2,034924	-0,124486	-0,124489	0,000000	3,108930	0,519668	0,398781
36,600000	7,947423	7,978409	0,462724	0,095040	2,124322	-12614,165522	-10941,996336	-2985,543261	-11964,979457	-12412,082004	7,053361	68,435494	23,598276	23,922587	26,958714	24,029911	24,248985	-2,910490	1,254338	0,976920	239517,758899	-0,191625	0,000755	1,806955	0,617477	2,035287	-0,124486	-0,124488	0,000000	3,110257	0,521875	0,398951
36,800000	7,947697	7,978513	0,457542	0,095046	2,110693	-12596,614953	-10940,952913	-2985,389504	-11964,634615	-12411,737161	7,057795	68,450761	23,598881	23,919528	26,957612	24,027796	24,248023	-2,910505	1,254429	0,976829	239508,399037	-0,191496	0,000877	1,880112	0,617469	2,033496	-0,124485	-0,124482	0,000000	3,110654	0,523733	0,399002
37,000000	7,947590	7,978295	0,450836	0,094715	2,102779	-12588,749448	-10940,376023	-2985,190156	-11959,442906	-12406,545453	7,062366	68,452793	23,604368	23,918197	26,947504	24,026754	24,241644	-2,910523	1,254105	0,977360	239529,575616	-0,191897	0,000725	1,945229	0,617565	2,032157	-0,124483	-0,124477	0,000000	3,110707	0,526209	0,399009
37,200000	7,946816	7,978037	0,441295	0,094080	2,097505	-12576,564132	-10941,066616	-2984,814677	-11952,648416	-12399,750962	7,067155	68,455367	23,612963	23,921147	26,939911	24,028750	24,232340	-2,910807	1,255203	0,978002	239577,240389	-0,191368	0,000583	1,914194	0,617908	2,032231	-0,124481	-0,124479	0,000000	3,110773	0,529954	0,399018
37,400000	7,946101	7,977907	0,432648	0,093972	2,089035	-12555,579970	-10942,582322	-2984,776647	-11945,211315	-12392,313862	7,072085	68,501527	23,618312	23,924527	26,941366	24,029760	24,229314	-2,911117	1,256182	0,977970	239600,826040	-0,190966	0,000662	1,857462	0,618395	2,033115	-0,124482	-0,124488	0,000000	3,111972	0,533563	0,399171
37,600000	7,945843	7,977878	0,429306	0,095018	2,084053	-12552,114020	-10943,081361	-2985,028684	-11939,043668	-12386,146215	7,076947	68,628222	23,613734	23,925123	26,945999	24,028457	24,235217	-2,910959	1,255059	0,977410	239607,499137	-0,191121	0,000824	1,865153	0,618798	2,034242	-0,124484	-0,124492	0,000000	3,115260	0,535165	0,399593
37,800000	7,945901	7,977871	0,427724	0,095632	2,079754	-12568,232384	-10942,221585	-2985,180938	-11937,276058	-12384,378605	7,081365	68,741083	23,603521	23,924054	26,948970	24,028574	24,243176	-2,910513	1,254077	0,977522	239621,470126	-0,191048	0,000838	1,903057	0,619059	2,034902	-0,124485	-0,124491	0,000000	3,118186	0,535991	0,399968
38,000000	7,945977	7,977779	0,422918	0,094797	2,068299	-12575,520854	-10941,960990	-2985,111234	-11934,902442	-12382,004989	7,085442	68,762800	23,598710	23,922870	26,949825	24,030971	24,244129	-2,910305	1,254236	0,977809	239632,174853	-0,190733	0,000643	1,919182	0,619590	2,035114	-0,124484	-0,124490	0,000000	3,118749	0,538262	0,400041
38,200000	7,945748	7,977420	0,414637	0,094582	2,062462	-12566,656519	-10942,995909	-2984,846504	-11930,244129	-12377,346676	7,089818	68,737626	23,600509	23,922778	26,947987	24,033435	24,237603	-2,910439	1,254880	0,977881	239640,513565	-0,190438	0,000584	1,896896	0,620283	2,035316	-0,124483	-0,124492	0,000000	3,118096	0,541995	0,399957
38,400000	7,945160	7,976969	0,406134	0,095694	2,062014	-12557,832341	-10943,694073	-2984,828450	-11928,754270	-12375,856816	7,094533	68,739074	23,602963	23,923586	26,946518	24,033437	24,229791	-2,910589	1,255507	0,978300	239644,169474	-0,190700	0,000694	1,863212	0,620540	2,035849	-0,124488	-0,124497	0,000000	3,118134	0,545468	0,399962
38,600000	7,944768	7,976712	0,401643	0,096155	2,054689	-12558,493516	-10942,990528	-2984,884435	-11929,813186	-12376,915733	7,099133	68,825131	23,603379	23,924106	26,947659	24,029048	24,225755	-2,910662	1,255337	0,978363	239625,179394	-0,191129	0,000729	1,862573	0,620419	2,036898	-0,124495	-0,124501	0,000000	3,120364	0,547095	0,400248
38,800000	7,944814	7,976717	0,399302	0,095770	2,047737	-12563,009969	-10941,591575	-2984,643111	-11930,299792	-12377,402339	7,103525	68,958917	23,600214	23,924367	26,951217	24,021952	24,228616	-2,910698	1,255224	0,978038	239597,222911	-0,190746	0,000723	1,852829	0,620190	2,037444	-0,124496	-0,124493	0,000000	3,123829	0,547815	0,400692
39,000000	7,944788	7,976804	0,396204	0,096127	2,040760	-12572,813599	-10940,852372	-2984,686388	-11931,256946	-12378,359493	7,107825	69,019585	23,595388	23,924123	26,952982	24,018980	24,236043	-2,910682	1,255077	0,978035	239604,271805	-0,190283	0,000765	1,813335	0,619713	2,037587	-0,124490	-0,124484	0,000000	3,125399	0,548618	0,400893
39,200000	7,944575	7,976635	0,393824	0,096617	2,032803	-12588,751802	-10941,282337	-2985,184901	-11935,052626	-12382,155172	7,112127	69,015731	23,592087	23,923200	26,950620	24,025019	24,241840	-2,910607	1,254526	0,977996	239634,166138	-0,190561	0,000795	1,776099	0,619095	2,037695	-0,124485	-0,124483	0,000000	3,125299	0,548994	0,400881
39,400000	7,944461	7,976412	0,394609	0,096168	2,031014	-12605,876654	-10942,200306	-2985,554543	-11939,005633	-12386,108180	7,116505	69,011174	23,591328	23,922876	26,947713	24,033918	24,242402	-2,910539	1,254343	0,977589	239632,616848	-0,191319	0,000689	1,807492	0,618705	2,037663	-0,124486	-0,124485	0,000000	3,125181	0,548321	0,400866
39,600000	7,944320	7,976257	0,400160	0,095881	2,029835	-12637,923541	-10942,143800	-2985,494135	-11940,558398	-12387,660945	7,120891	69,014720	23,591678	23,923025	26,944610	24,034783	24,238808	-2,910463	1,254012	0,977365	239630,902912	-0,192005	0,000445	1,971774	0,618571	2,038749	-0,124492	-0,124488	0,000000	3,125273	0,546011	0,400877
39,800000	7,944060	7,976028	0,406448	0,096349	2,034980	-12684,532872	-10941,753284	-2985,205805	-11945,037639	-12392,140185	7,125299	69,064117	23,589756	23,922713	26,943510	24,026837	24,235467	-2,910259	1,254091	0,977618	239654,134702	-0,191570	0,000240	2,134116	0,618666	2,039732	-0,124497	-0,124489	0,000000	3,126551	0,543638	0,401041
40,000000	7,943755	7,975829	0,407098	0,096500	2,051179	-12706,594414	-10942,036709	-2985,154338	-11951,389498	-12398,492045	7,129807	69,145065	23,586543	23,921389	26,947178	24,016184	24,236289	-2,910188	1,254468	0,977949	239649,501570	-0,190697	0,000300	2,136873	0,619150	2,038661	-0,124496	-0,124490	0,000000	3,128644	0,543809	0,401310
40,200000	7,943630	7,975503	0,403559	0,095445	2,062544	-12689,066706	-10941,624157	-2985,320769	-11952,622490	-12399,725037	7,134227	69,190991	23,584657	23,920400	26,948747	24,008785	24,240689	-2,910283	1,254040	0,978008	239630,332989	-0,191231	0,000470	2,046111	0,619888	2,035696	-0,124488	-0,124492	0,000000	3,129832	0,545815	0,401462
40,400000	7,943823	7,975176	0,402818	0,094091	2,064748	-12670,868061	-10941,000376	-2985,203212	-11948,107227	-12395,209774	7,138476	69,198295	23,585268	23,922663	26,942999	24,010757	24,245299	-2,910376	1,254566	0,978301	239632,390108	-0,191766	0,000587	1,983481	0,620548	2,033715	-0,124483	-0,124485	0,000000	3,130020	0,546650	0,401486
40,600000	7,943758	7,975136	0,406217	0,093930	2,062427	-12677,217276	-10941,410570	-2984,922183	-11939,021853	-12386,124399	7,142836	69,186515	23,588505	23,926148	26,939098	24,018672	24,246535	-2,910584	1,255887	0,978827	239631,787861	-0,190911	0,000679	1,923083	0,621270	2,033884	-0,124484	-0,124479	0,000000	3,129716	0,545947	0,401447
40,800000	7,943405	7,975091	0,409194	0,094921	2,057572	-12694,894775	-10942,433811	-2984,923516	-11929,170512	-12376,273058	7,147302	69,154077	23,589054	23,925684	26,940714	24,022067	24,244470	-2,910670	1,255733	0,978265	239626,041763	-0,190652	0,000557	1,824965	0,622091	2,034439	-0,124485	-0,124484	0,000000	3,128877	0,545514	0,401340
41,000000	7,943404	7,974797	0,411048	0,095513	2,051605	-12707,563034	-10943,392486	-2985,032526	-11926,435586	-12373,538133	7,151679	69,122298	23,583559	23,921924	26,942327	24,018900	24,245669	-2,910432	1,255548	0,977309	239657,866120	-0,190801	0,000368	1,835205	0,622596	2,035808	-0,124486	-0,124487	0,000000	3,128056	0,545231	0,401234
41,200000	7,943478	7,974307	0,414166	0,095056	2,046314	-12713,998277	-10942,800196	-2985,337388	-11932,805261	-12379,907808	7,155964	69,118929	23,579248	23,919916	26,940660	24,013891	24,249291	-2,910224	1,255349	0,977734	239710,239508	-0,190736	0,000455	1,958910	0,622647	2,036541	-0,124491	-0,124482	0,000000	3,127969	0,544044	0,401223
41,400000	7,943412	7,973665	0,417894	0,094220	2,049144	-12723,637585	-10940,724620	-2985,775397	-11940,497838	-12387,600385	7,160179	69,136177	23,581096	23,919249	26,934600	24,011445	24,247906	-2,910277	1,254081	0,978723	239715,405443	-0,191324	0,000613	1,983188	0,622070	2,034783	-0,124494	-0,124475	0,000000	3,128415	0,542061	0,401280
41,600000	7,943418	7,973112	0,421150	0,093508	2,056715	-12734,229572	-10939,782396	-2985,553351	-11940,246780	-12387,349327	7,164463	69,147718	23,586942	23,919851	26,925524	24,013420	24,244134	-2,910489	1,254267	0,979088	239698,452238	-0,191160	0,000683	1,905118	0,620461	2,032311	-0,124492	-0,124472	0,000000	3,128713	0,539370	0,401319
41,800000	7,943044	7,973009	0,424076	0,093293	2,062487	-12739,231348	-10940,615849	-2985,064680	-11929,149145	-12376,251692	7,168816	69,152231	23,593507	23,923916	26,918042	24,016976	24,243374	-2,910661	1,255424	0,979317	239698,078235	-0,190725	0,000888	1,874114	0,617975	2,031731	-0,124490	-0,124475	0,000000	3,128830	0,536078	0,401334
42,000000	7,942431	7,973166	0,427384	0,093498	2,076538	-12742,910349	-10941,327145	-2985,107009	-11917,467394	-12364,569940	7,173134	69,138541	23,595420	23,926149	26,918369	24,018216	24,245856	-2,910627	1,255416	0,979321	239687,648854	-0,191429	0,001016	1,913673	0,615482	2,033120	-0,124489	-0,124483	0,000000	3,128476	0,532683	0,401288
42,200000	7,942156	7,973227	0,432208	0,093802	2,094401	-12750,957819	-10941,242373	-2985,317549	-11917,747245	-12364,849792	7,177537	69,078510	23,590025	23,923470	26,922110	24,018272	24,250576	-2,910456	1,255002	0,978897	239663,186720	-0,191884	0,000947	1,974065	0,614043	2,034345	-0,124487	-0,124486	0,000000	3,126923	0,529661	0,401089
42,400000	7,942200	7,973029	0,438172	0,094259	2,101861	-12762,377449	-10940,754675	-2985,385951	-11923,703350	-12370,805897	7,181911	69,009359	23,582976	23,920424	26,923167	24,019262	24,256101	-2,910295	1,254336	0,978732	239639,824355	-0,191834	0,000915	2,008056	0,613939	2,034373	-0,124486	-0,124485	0,000000	3,125134	0,527371	0,400860
42,600000	7,942449	7,972507	0,444333	0,094439	2,106289	-12771,933496	-10940,151767	-2985,259595	-11922,451988	-12369,554535	7,186036	69,001207	23,581976	23,920212	26,920183	24,022272	24,255479	-2,910280	1,254280	0,978498	239637,967188	-0,191767	0,000741	1,995947	0,614629	2,033806	-0,124486	-0,124483	0,000000	3,124923	0,525675	0,400832
42,800000	7,942382	7,972008	0,450397	0,094047	2,108362	-12776,511697	-10940,527090	-2985,183874	-11913,697661	-12360,800207	7,190143	69,034291	23,588949	23,922048	26,912365	24,025825	24,245224	-2,910496	1,255072	0,978172	239647,220947	-0,191725	0,000558	1,976441	0,615245	2,033388	-0,124485	-0,124485	0,000000	3,125779	0,523955	0,400942
43,000000	7,941529	7,971768	0,455945	0,094571	2,105763	-12774,554309	-10941,250852	-2985,510363	-11900,096179	-12347,198725	7,194489	69,043300	23,597995	23,923617	26,905853	24,025165	24,235258	-2,910727	1,255039	0,978163	239634,248921	-0,192434	0,000673	1,949841	0,614990	2,033274	-0,124483	-0,124487	0,000000	3,126012	0,521712	0,400972
43,200000	7,940638	7,971757	0,461308	0,096410	2,106365	-12771,208886	-10941,013492	-2985,517451	-11888,334488	-12335,437035	7,198793	69,022633	23,600227	23,923968	26,902937	24,022588	24,233349	-2,910737	1,254932	0,978083	239615,870975	-0,192952	0,000695	1,911882	0,614176	2,033587	-0,124482	-0,124488	0,000000	3,125478	0,519102	0,400904
43,400000	7,940538	7,971816	0,466668	0,096860	2,108279	-12780,384688	-10940,645261	-2984,927289	-11889,894865	-12336,997412	7,202845	68,977522	23,595596	23,923803	26,901013	24,023117	24,237985	-2,910666	1,255223	0,977986	239606,678655	-0,192093	0,000416	1,918420	0,613785	2,034005	-0,124480	-0,124484	0,000000	3,124310	0,516875	0,400754
43,600000	7,940754	7,971673	0,470822	0,095522	2,118378	-12791,624710	-10940,527297	-2984,630929	-11899,517257	-12346,619804	7,206912	68,918686	23,591447	23,923301	26,903635	24,027152	24,244678	-2,910654	1,255327	0,978177	239593,091057	-0,191496	0,000238	1,955284	0,614156	2,034153	-0,124477	-0,124483	0,000000	3,122787	0,515724	0,400559
43,800000	7,940666	7,971303	0,474265	0,095216	2,138468	-12786,324916	-10940,497308	-2984,683684	-11900,908857	-12348,011403	7,211198	68,893920	23,591550	23,921884	26,909971	24,034021	24,246829	-2,910588	1,255584	0,978320	239577,216300	-0,191413	0,000364	1,925133	0,614918	2,034204	-0,124479	-0,124487	0,000000	3,122146	0,515149	0,400476
44,000000	7,940361	7,970946	0,478465	0,095959	2,149392	-12780,933432	-10941,408673	-2984,714102	-11893,717627	-12340,820174	7,215513	68,916595	23,595027	23,920944	26,913998	24,041628	24,240610	-2,910626	1,255747	0,978208	239582,945467	-0,190865	0,000645	1,882073	0,615565	2,034860	-0,124482	-0,124492	0,000000	3,122733	0,514214	0,400552
44,200000	7,940011	7,970686	0,483367	0,096498	2,149820	-12786,159735	-10942,797436	-2985,040377	-11892,399366	-12339,501913	7,219706	68,944718	23,599162	23,921649	26,918034	24,042355	24,230503	-2,910811	1,255794	0,977941	239596,630467	-0,191169	0,000662	1,943856	0,615906	2,035754	-0,124484	-0,124495	0,000000	3,123461	0,512788	0,400645
44,400000	7,939899	7,970539	0,487947	0,096992	2,150421	-12792,563947	-10943,242774	-2985,355321	-11901,280516	-12348,383062	7,223905	68,944512	23,600681	23,922727	26,923449	24,033482	24,224157	-2,910766	1,255558	0,977773	239584,656082	-0,191846	0,000325	1,986957	0,616197	2,036170	-0,124488	-0,124493	0,000000	3,123456	0,511450	0,400644
44,600000	7,939970	7,970658	0,491273	0,096907	2,151954	-12796,407076	-10942,934480	-2985,165667	-11915,806090	-12362,908637	7,228092	68,918141	23,598958	23,923579	26,922715	24,024995	24,224958	-2,910718	1,254687	0,977647	239571,690521	-0,191328	0,000255	1,911411	0,616684	2,036276	-0,124491	-0,124485	0,000000	3,122773	0,510716	0,400557
44,800000	7,939783	7,970703	0,493754	0,095822	2,151995	-12801,758139	-10942,415985	-2985,097615	-11934,467253	-12381,569799	7,232154	68,879967	23,596774	23,923840	26,915683	24,022997	24,228925	-2,910904	1,254520	0,977312	239569,864199	-0,190828	0,000595	1,849249	0,617187	2,035418	-0,124490	-0,124483	0,000000	3,121784	0,510273	0,400430
45,000000	7,939494	7,970384	0,496319	0,095081	2,151974	-12810,512762	-10942,500692	-2985,280231	-11948,585461	-12395,688008	7,236274	68,852982	23,595878	23,923459	26,913766	24,026147	24,231203	-2,910882	1,254801	0,977285	239563,886066	-0,191093	0,000745	1,884354	0,617276	2,035102	-0,124485	-0,124487	0,000000	3,121085	0,509451	0,400340
45,200000	7,939245	7,970141	0,498768	0,095831	2,157411	-12818,121570	-10942,810611	-2985,175206	-11954,059957	-12401,162503	7,240556	68,854328	23,595049	23,925294	26,917943	24,032896	24,231900	-2,910597	1,254957	0,977961	239556,034638	-0,191368	0,000688	1,921754	0,616841	2,036300	-0,124481	-0,124490	0,000000	3,121120	0,508250	0,400345
45,400000	7,938926	7,970309	0,500058	0,097043	2,163486	-12820,115103	-10942,163295	-2985,037945	-11961,992045	-12409,094592	7,244729	68,865345	23,591649	23,927096	26,923272	24,037963	24,231610	-2,910294	1,255970	0,978522	239539,802680	-0,191431	0,000625	1,880381	0,616323	2,037652	-0,124484	-0,124492	0,000000	3,121406	0,507401	0,400381
45,600000	7,938610	7,970644	0,500531	0,097408	2,163504	-12815,085676	-10942,110310	-2985,061629	-11974,546081	-12421,648628	7,248790	68,840673	23,584452	23,924002	26,933215	24,034135	24,230914	-2,910134	1,256360	0,978273	239525,938037	-0,191465	0,000412	1,821020	0,616110	2,038059	-0,124491	-0,124495	0,000000	3,120767	0,507108	0,400299
45,800000	7,938360	7,970672	0,501936	0,096852	2,168254	-12809,246181	-10942,940765	-2985,204739	-11986,801878	-12433,904425	7,252955	68,755257	23,578074	23,920575	26,941298	24,022732	24,232404	-2,910272	1,255270	0,977931	239517,806801	-0,191643	0,000411	1,832224	0,615932	2,036975	-0,124498	-0,124493	0,000000	3,118553	0,506508	0,400015
46,000000	7,938238	7,970339	0,504914	0,095910	2,176557	-12808,510895	-10942,649983	-2985,519742	-11998,368193	-12445,470739	7,257097	68,666275	23,578376	23,920728	26,936805	24,013983	24,235987	-2,910426	1,254259	0,977951	239505,940120	-0,191745	0,000713	1,894822	0,615168	2,035485	-0,124499	-0,124490	0,000000	3,116246	0,504851	0,399720
46,200000	7,938244	7,969931	0,508325	0,095377	2,175867	-12811,082307	-10941,515336	-2985,557887	-12000,840570	-12447,943116	7,261084	68,642662	23,582130	23,922196	26,926194	24,014351	24,238239	-2,910435	1,254068	0,978056	239489,743785	-0,191953	0,000844	1,881462	0,614171	2,034424	-0,124493	-0,124490	0,000000	3,115634	0,502849	0,399641
46,400000	7,938195	7,969544	0,509893	0,095516	2,175293	-12801,045190	-10941,962498	-2985,237842	-11988,297617	-12435,400164	7,265138	68,665612	23,581527	23,923467	26,925721	24,019171	24,239761	-2,910470	1,254733	0,977872	239455,382643	-0,192191	0,000751	1,794796	0,613810	2,034671	-0,124489	-0,124491	0,000000	3,116229	0,502007	0,399717
46,600000	7,938053	7,969382	0,508123	0,095913	2,177144	-12770,326547	-10943,654528	-2985,094960	-11970,281465	-12417,384012	7,269286	68,682730	23,576284	23,925300	26,935007	24,021042	24,242750	-2,910404	1,255739	0,977245	239419,802442	-0,191857	0,000458	1,783836	0,614071	2,036532	-0,124493	-0,124489	0,000000	3,116673	0,502814	0,399774
46,800000	7,938074	7,969428	0,504006	0,096278	2,175297	-12732,588077	-10943,835539	-2985,250415	-11957,344681	-12404,447228	7,273433	68,652822	23,570624	23,925323	26,943508	24,018581	24,246293	-2,910278	1,256401	0,976714	239410,323669	-0,191696	0,000181	1,807748	0,614358	2,038283	-0,124497	-0,124488	0,000000	3,115898	0,504443	0,399675
47,000000	7,938238	7,969291	0,499700	0,096157	2,172804	-12697,203275	-10942,646813	-2985,622064	-11953,186235	-12400,288782	7,277667	68,574132	23,566714	23,920526	26,948505	24,014687	24,249509	-2,910285	1,256007	0,977135	239429,546062	-0,192479	0,000274	1,781658	0,614288	2,037887	-0,124497	-0,124488	0,000000	3,113856	0,505843	0,399413
47,200000	7,938215	7,968766	0,497064	0,095454	2,165177	-12671,950659	-10941,183190	-2985,909899	-11953,769357	-12400,871904	7,281804	68,518198	23,567130	23,916414	26,944956	24,012316	24,249587	-2,910326	1,254351	0,978162	239456,813407	-0,193155	0,000482	1,799100	0,614050	2,036124	-0,124496	-0,124485	0,000000	3,112405	0,506510	0,399227
47,400000	7,937894	7,967960	0,495553	0,094561	2,158121	-12666,478677	-10940,614858	-2985,525471	-11951,807439	-12398,909986	7,285716	68,521228	23,573070	23,918442	26,936881	24,013282	24,244646	-2,910383	1,253740	0,978728	239464,643716	-0,192375	0,000567	1,864378	0,613981	2,035181	-0,124494	-0,124478	0,000000	3,112483	0,506902	0,399237
47,600000	7,937351	7,967434	0,492420	0,093972	2,157163	-12668,420729	-10941,519030	-2984,940785	-11948,246710	-12395,349256	7,289678	68,530412	23,580856	23,923078	26,933760	24,016321	24,238824	-2,910553	1,254806	0,978601	239452,625777	-0,191373	0,000590	1,886037	0,614124	2,035061	-0,124487	-0,124477	0,000000	3,112722	0,508041	0,399267
47,800000	7,936896	7,967457	0,486880	0,094286	2,151564	-12657,778024	-10941,934394	-2985,052791	-11948,511721	-12395,614267	7,293815	68,514704	23,582783	23,924544	26,935951	24,015894	24,239428	-2,910620	1,255446	0,978131	239444,490468	-0,191707	0,000610	1,888697	0,614249	2,035044	-0,124483	-0,124480	0,000000	3,112314	0,510042	0,399215
48,000000	7,937082	7,967603	0,479160	0,094931	2,142696	-12635,971716	-10940,824475	-2985,397051	-11953,015947	-12400,118494	7,297948	68,475270	23,575799	23,923186	26,942906	24,013508	24,249248	-2,910407	1,256017	0,978095	239447,781685	-0,192308	0,000651	1,865961	0,614182	2,034854	-0,124486	-0,124484	0,000000	3,111290	0,512671	0,399084
48,200000	7,937459	7,967524	0,471811	0,094500	2,136087	-12609,876681	-10940,047707	-2985,255219	-11956,925935	-12404,028482	7,301969	68,418852	23,568961	23,922092	26,948504	24,016382	24,258021	-2,910318	1,256575	0,978176	239447,572072	-0,191956	0,000609	1,811816	0,614042	2,034165	-0,124489	-0,124482	0,000000	3,109825	0,515122	0,398896
48,400000	7,937249	7,967226	0,468562	0,094007	2,129874	-12596,247798	-10940,402001	-2984,902532	-11953,994206	-12401,096753	7,305916	68,376842	23,571181	23,921276	26,946460	24,021905	24,255784	-2,910472	1,255959	0,977992	239458,183336	-0,191016	0,000419	1,857269	0,614293	2,033139	-0,124489	-0,124481	0,000000	3,108734	0,516454	0,398756
48,600000	7,936771	7,966805	0,466077	0,094906	2,122158	-12602,250858	-10940,951770	-2984,924606	-11945,419574	-12392,522121	7,309913	68,371937	23,578440	23,920098	26,943360	24,024123	24,246828	-2,910542	1,255579	0,978335	239475,527278	-0,190664	0,000315	1,937574	0,615473	2,032340	-0,124486	-0,124484	0,000000	3,108606	0,518296	0,398740
48,800000	7,936559	7,966349	0,460626	0,095553	2,114789	-12600,800175	-10941,066728	-2985,178730	-11938,487871	-12385,590418	7,313960	68,399402	23,583839	23,920188	26,942741	24,022080	24,238386	-2,910501	1,255557	0,978652	239480,291438	-0,191202	0,000439	1,922658	0,617226	2,031846	-0,124484	-0,124483	0,000000	3,109320	0,521685	0,398831
49,000000	7,936614	7,965916	0,453173	0,094946	2,113543	-12584,892523	-10941,151847	-2985,125553	-11934,652657	-12381,755204	7,317947	68,418298	23,586140	23,921857	26,941513	24,016478	24,234536	-2,910456	1,255282	0,978438	239488,910284	-0,191795	0,000504	1,894556	0,618623	2,032025	-0,124483	-0,124480	0,000000	3,109811	0,525518	0,398894
49,200000	7,936341	7,965692	0,444039	0,094378	2,110632	-12567,428420	-10941,904745	-2984,987195	-11933,421565	-12380,524112	7,321860	68,397127	23,583948	23,922535	26,941236	24,012258	24,238053	-2,910479	1,255839	0,978064	239501,731918	-0,191853	0,000581	1,888381	0,619351	2,032340	-0,124482	-0,124476	0,000000	3,109261	0,529451	0,398823
49,400000	7,935685	7,965760	0,435785	0,094813	2,096928	-12550,353674	-10941,579864	-2985,210237	-11935,567335	-12382,669882	7,325790	68,377339	23,580403	23,921912	26,940074	24,016890	24,244780	-2,910536	1,256192	0,977733	239509,704313	-0,191974	0,000849	1,906417	0,619645	2,031979	-0,124482	-0,124474	0,000000	3,108747	0,532751	0,398758
49,600000	7,935211	7,965781	0,429951	0,095300	2,086599	-12540,750510	-10940,536348	-2985,374978	-11933,072693	-12380,175240	7,329883	68,397582	23,581178	23,920981	26,934701	24,028010	24,246442	-2,910607	1,255535	0,977917	239512,281916	-0,192203	0,000943	1,937849	0,619858	2,032131	-0,124481	-0,124480	0,000000	3,109273	0,535104	0,398825
49,800000	7,934897	7,965682	0,425171	0,095166	2,080511	-12537,333868	-10941,026643	-2985,199260	-11921,035013	-12368,137560	7,333988	68,433348	23,583696	23,920948	26,930407	24,035518	24,241400	-2,910692	1,255255	0,978495	239515,333938	-0,192137	0,000782	1,941820	0,619939	2,033531	-0,124480	-0,124487	0,000000	3,110202	0,536955	0,398944
50,000000	7,934699	7,965721	0,423053	0,095587	2,067474	-12541,023933	-10941,857288	-2985,011737	-11911,566055	-12358,668601	7,337855	68,448750	23,585249	23,922644	26,932569	24,035902	24,235122	-2,910524	1,255444	0,978884	239534,214986	-0,191961	0,000580	1,948654	0,619553	2,035493	-0,124484	-0,124491	0,000000	3,110602	0,537424	0,398995
50,200000	7,934548	7,965965	0,422576	0,096478	2,060771	-12562,436199	-10941,593335	-2985,018133	-11912,890107	-12359,992653	7,341753	68,446760	23,586810	23,924120	26,936061	24,030267	24,232543	-2,910235	1,255453	0,978869	239554,555576	-0,191442	0,000444	1,941745	0,618927	2,036173	-0,124491	-0,124491	0,000000	3,110550	0,537079	0,398989
50,400000	7,934205	7,965965	0,419096	0,096701	2,062834	-12582,889114	-10941,118319	-2985,348763	-11919,690206	-12366,792752	7,345956	68,476391	23,586947	23,922700	26,934770	24,020887	24,233804	-2,910286	1,255399	0,978646	239560,920818	-0,191395	0,000475	1,892972	0,618515	2,035309	-0,124491	-0,124487	0,000000	3,111319	0,538039	0,399088
50,600000	7,934070	7,965306	0,412486	0,096157	2,064911	-12583,656244	-10940,905096	-2985,548192	-11925,285614	-12372,388161	7,350110	68,537395	23,586496	23,920151	26,928958	24,017151	24,236333	-2,910540	1,255252	0,978086	239560,908376	-0,192056	0,000551	1,862559	0,618127	2,034314	-0,124488	-0,124481	0,000000	3,112903	0,540173	0,399291
50,800000	7,934380	7,964621	0,406976	0,095809	2,067836	-12577,332931	-10941,208038	-2985,093811	-11924,989746	-12372,092293	7,354012	68,568700	23,588518	23,921842	26,923132	24,024893	24,237113	-2,910789	1,255756	0,977357	239561,765919	-0,191654	0,000563	1,913784	0,617520	2,034156	-0,124485	-0,124480	0,000000	3,113715	0,541701	0,399395
51,000000	7,934300	7,964543	0,403737	0,096460	2,064197	-12576,474125	-10942,412025	-2984,548501	-11920,551143	-12367,653690	7,357944	68,578248	23,590522	23,925870	26,921798	24,035083	24,234840	-2,910995	1,256758	0,977084	239567,276574	-0,190432	0,000607	2,018379	0,616987	2,035377	-0,124486	-0,124484	0,000000	3,113963	0,542468	0,399427
51,200000	7,933503	7,964767	0,399388	0,097048	2,057541	-12578,747470	-10943,057216	-2984,692690	-11916,875247	-12363,977793	7,361936	68,595130	23,586921	23,926078	26,926920	24,037142	24,231418	-2,910958	1,256729	0,977266	239580,752896	-0,190555	0,000592	2,073682	0,616745	2,037235	-0,124489	-0,124491	0,000000	3,114401	0,543963	0,399483
51,400000	7,932972	7,964696	0,393932	0,096789	2,051876	-12576,257752	-10941,823131	-2985,169013	-11917,189051	-12364,291598	7,365905	68,611694	23,578888	23,923591	26,934458	24,031089	24,230611	-2,910689	1,256161	0,978101	239611,106593	-0,191800	0,000587	2,051485	0,616832	2,038849	-0,124492	-0,124495	0,000000	3,114831	0,546185	0,399538
51,600000	7,933100	7,964231	0,391929	0,096412	2,036859	-12574,728298	-10940,399735	-2985,530265	-11923,288276	-12370,390823	7,369887	68,651541	23,574575	23,922511	26,935093	24,025197	24,231309	-2,910444	1,255760	0,978967	239654,619135	-0,192518	0,000665	1,975666	0,617280	2,038512	-0,124494	-0,124490	0,000000	3,115864	0,547343	0,399671
51,800000	7,933236	7,963999	0,393602	0,096116	2,021339	-12590,206603	-10940,715371	-2985,660287	-11927,232268	-12374,334815	7,373900	68,703517	23,577871	23,921945	26,928194	24,023932	24,228854	-2,910430	1,255984	0,978744	239688,705619	-0,192159	0,000582	1,919141	0,617980	2,036364	-0,124492	-0,124487	0,000000	3,117212	0,547280	0,399843
52,000000	7,932785	7,964059	0,394474	0,095444	2,017102	-12614,404204	-10941,943693	-2985,323579	-11921,804470	-12368,907016	7,377983	68,722887	23,583893	23,922269	26,920185	24,024302	24,225677	-2,910650	1,256588	0,978169	239679,204834	-0,191334	0,000559	1,947676	0,618558	2,035115	-0,124487	-0,124489	0,000000	3,117714	0,547438	0,399908
52,200000	7,932175	7,963881	0,393346	0,095128	2,020598	-12628,012577	-10942,325772	-2985,023572	-11915,085651	-12362,188198	7,381934	68,730700	23,586757	23,925073	26,918556	24,024682	24,226361	-2,910834	1,256061	0,978316	239648,386086	-0,191445	0,000671	1,994818	0,618686	2,035866	-0,124486	-0,124492	0,000000	3,117917	0,547975	0,399934
52,400000	7,932158	7,963619	0,391606	0,095580	2,028877	-12632,078230	-10941,961082	-2985,003257	-11916,381430	-12363,483977	7,385637	68,730859	23,582659	23,926194	26,928003	24,023843	24,231218	-2,910784	1,255695	0,978597	239650,133259	-0,191895	0,000571	2,033614	0,618527	2,037656	-0,124486	-0,124492	0,000000	3,117921	0,548519	0,399934
52,600000	7,932251	7,963385	0,390922	0,095849	2,039427	-12636,135937	-10942,136645	-2984,974958	-11924,075422	-12371,177968	7,389287	68,717754	23,571755	23,923794	26,937932	24,020805	24,239332	-2,910611	1,255672	0,978302	239673,156799	-0,191662	0,000375	2,087804	0,618317	2,038582	-0,124490	-0,124489	0,000000	3,117581	0,548611	0,399891
52,800000	7,932253	7,963062	0,392539	0,095771	2,049324	-12647,193742	-10942,344231	-2985,107506	-11930,016848	-12377,119395	7,393019	68,750186	23,563637	23,921331	26,936731	24,017386	24,246243	-2,910454	1,254787	0,978284	239690,590119	-0,191651	0,000381	2,146578	0,617874	2,038103	-0,124498	-0,124488	0,000000	3,118422	0,547563	0,399999
53,000000	7,932620	7,962772	0,393921	0,095013	2,051078	-12663,248553	-10942,208083	-2985,396456	-11929,025561	-12376,128107	7,396873	68,820648	23,565684	23,920699	26,929248	24,015774	24,244959	-2,910410	1,254848	0,978479	239695,028495	-0,192085	0,000469	2,114949	0,617078	2,037154	-0,124499	-0,124490	0,000000	3,120248	0,546285	0,400233
53,200000	7,932823	7,962632	0,393320	0,093994	2,041555	-12670,253794	-10942,040633	-2985,685704	-11925,352883	-12372,455430	7,400959	68,834354	23,573449	23,921607	26,922669	24,015471	24,237310	-2,910436	1,255261	0,978521	239688,391479	-0,193137	0,000468	2,026103	0,616393	2,036137	-0,124496	-0,124493	0,000000	3,120603	0,545893	0,400278
53,400000	7,932353	7,962702	0,393445	0,094152	2,035930	-12671,493772	-10941,650962	-2985,763874	-11924,232529	-12371,335076	7,405198	68,791984	23,577576	23,923348	26,918553	24,012482	24,233127	-2,910306	1,254634	0,978837	239685,149177	-0,194166	0,000375	2,034364	0,616094	2,035701	-0,124498	-0,124490	0,000000	3,119505	0,545572	0,400138
53,600000	7,931735	7,962681	0,396443	0,094718	2,035302	-12686,511440	-10941,622552	-2985,572077	-11927,500413	-12374,602960	7,409183	68,766887	23,573244	23,924322	26,917404	24,007020	24,236811	-2,910075	1,254336	0,979131	239689,168352	-0,193449	0,000295	2,041903	0,615989	2,035884	-0,124502	-0,124484	0,000000	3,118855	0,544303	0,400054
53,800000	7,931447	7,962381	0,401204	0,094111	2,030552	-12713,527820	-10941,489018	-2985,577336	-11935,600915	-12382,703462	7,412880	68,783713	23,566276	23,923420	26,918496	24,004225	24,246400	-2,910049	1,253936	0,979219	239701,727980	-0,192038	0,000396	2,001138	0,616070	2,035568	-0,124501	-0,124483	0,000000	3,119291	0,542509	0,400110
54,000000	7,931516	7,962048	0,405192	0,093328	2,034822	-12733,125472	-10940,872714	-2985,665760	-11940,768939	-12387,871485	7,416578	68,855398	23,562423	23,921069	26,919257	24,007012	24,256553	-2,910170	1,253598	0,978613	239716,821768	-0,191650	0,000459	1,988242	0,616263	2,034901	-0,124493	-0,124488	0,000000	3,121148	0,541123	0,400348
54,200000	7,931664	7,961846	0,408337	0,093875	2,047741	-12734,735915	-10940,702366	-2985,517978	-11935,238939	-12382,341485	7,420290	68,957319	23,561885	23,919769	26,916257	24,014683	24,259646	-2,910247	1,254281	0,977862	239727,213905	-0,191821	0,000403	1,949792	0,616370	2,034311	-0,124487	-0,124489	0,000000	3,123787	0,539993	0,400687
54,400000	7,931454	7,961604	0,412961	0,094494	2,057358	-12731,567906	-10940,903347	-2985,404393	-11920,974495	-12368,077042	7,423881	69,016126	23,564199	23,921413	26,909551	24,021798	24,253573	-2,910344	1,254835	0,978237	239752,479105	-0,191912	0,000412	1,898527	0,616346	2,033841	-0,124489	-0,124485	0,000000	3,125309	0,538175	0,400882
54,600000	7,931146	7,961056	0,418626	0,094798	2,069844	-12741,224427	-10941,704860	-2985,524889	-11907,738772	-12354,841318	7,427536	69,004533	23,566518	23,923031	26,904608	24,020710	24,244902	-2,910508	1,255074	0,979355	239780,441492	-0,192387	0,000417	1,924660	0,616348	2,034347	-0,124491	-0,124486	0,000000	3,125009	0,535982	0,400844
54,800000	7,931051	7,960393	0,423857	0,095737	2,081650	-12756,466851	-10942,449744	-2985,722010	-11907,555508	-12354,658055	7,431572	68,968095	23,567637	23,922272	26,902942	24,012552	24,242381	-2,910624	1,255447	0,980183	239790,260797	-0,193468	0,000455	1,978713	0,616706	2,034905	-0,124492	-0,124488	0,000000	3,124066	0,534281	0,400723
55,000000	7,930962	7,960070	0,428821	0,095543	2,089709	-12764,309803	-10941,613258	-2985,747778	-11915,021054	-12362,123601	7,435705	68,963692	23,568083	23,921066	26,901798	24,008501	24,246371	-2,910596	1,255268	0,980062	239803,587671	-0,194148	0,000574	1,971726	0,617476	2,033608	-0,124492	-0,124479	0,000000	3,123952	0,533069	0,400708
55,200000	7,930736	7,960047	0,433115	0,093898	2,097685	-12764,621694	-10940,815615	-2985,573318	-11914,576470	-12361,679017	7,439496	68,987180	23,568445	23,920721	26,900442	24,014009	24,249461	-2,910573	1,254777	0,979426	239818,874809	-0,193837	0,000743	1,946911	0,618211	2,031742	-0,124488	-0,124474	0,000000	3,124560	0,532101	0,400786
55,400000	7,930453	7,959825	0,437686	0,093382	2,095246	-12764,543838	-10941,634075	-2985,276412	-11904,276887	-12351,379434	7,443156	69,009010	23,571233	23,921503	26,898219	24,023672	24,247951	-2,910572	1,255059	0,979534	239810,148336	-0,193161	0,000910	1,978241	0,618546	2,031706	-0,124483	-0,124483	0,000000	3,125125	0,530677	0,400858
55,600000	7,930238	7,959545	0,444685	0,094532	2,088526	-12772,679527	-10942,355374	-2985,120161	-11892,496193	-12339,598740	7,447015	69,023591	23,576844	23,923553	26,894966	24,031208	24,244362	-2,910551	1,255577	0,979879	239804,065132	-0,192595	0,000834	2,040058	0,618690	2,033522	-0,124479	-0,124492	0,000000	3,125502	0,528203	0,400907
55,800000	7,929909	7,959643	0,452362	0,095770	2,091198	-12785,548393	-10942,160690	-2985,204563	-11889,791259	-12336,893806	7,450956	69,018546	23,579867	23,923689	26,893126	24,032583	24,240070	-2,910559	1,255456	0,979357	239818,099861	-0,191853	0,000654	2,057937	0,619043	2,034974	-0,124482	-0,124496	0,000000	3,125372	0,525711	0,400890
56,000000	7,929675	7,959861	0,456627	0,095743	2,098110	-12789,493478	-10941,075511	-2985,264860	-11899,748095	-12346,850642	7,454807	68,999695	23,577739	23,920916	26,893000	24,027348	24,236237	-2,910534	1,254697	0,978703	239820,179739	-0,191441	0,000604	2,034726	0,619589	2,035008	-0,124487	-0,124491	0,000000	3,124884	0,524651	0,400827
56,200000	7,929749	7,959831	0,457567	0,094659	2,108290	-12786,988311	-10939,480153	-2985,260527	-11914,823519	-12361,926066	7,458700	68,973974	23,578510	23,920010	26,892882	24,020914	24,235757	-2,910497	1,254644	0,978415	239805,039698	-0,192116	0,000613	1,999794	0,619954	2,033931	-0,124491	-0,124485	0,000000	3,124218	0,524621	0,400742
56,400000	7,929780	7,959479	0,459470	0,093981	2,123666	-12796,361354	-10939,402130	-2985,056470	-11929,611136	-12376,713682	7,462686	68,930473	23,585601	23,921831	26,892322	24,019538	24,235847	-2,910690	1,255131	0,978531	239780,503448	-0,192601	0,000653	1,938807	0,619973	2,032149	-0,124487	-0,124488	0,000000	3,123092	0,523927	0,400598
56,600000	7,929446	7,959104	0,464095	0,094654	2,135542	-12815,769659	-10941,019602	-2984,795349	-11939,320074	-12386,422621	7,466572	68,888130	23,591383	23,923091	26,889803	24,023738	24,233646	-2,911153	1,255113	0,978741	239750,849371	-0,192098	0,000742	1,795977	0,619654	2,031237	-0,124478	-0,124492	0,000000	3,121996	0,521975	0,400457
56,800000	7,928723	7,958865	0,468362	0,095954	2,136226	-12830,307196	-10942,613982	-2984,931003	-11941,696668	-12388,799215	7,470339	68,856305	23,591736	23,923457	26,889024	24,028455	24,232435	-2,911246	1,255236	0,978052	239727,636148	-0,191764	0,000751	1,637931	0,619002	2,032285	-0,124476	-0,124491	0,000000	3,121172	0,519893	0,400351
57,000000	7,928136	7,958543	0,470626	0,096594	2,130579	-12835,095542	-10943,255433	-2985,185690	-11947,204457	-12394,307003	7,474029	68,829363	23,587902	23,924701	26,895198	24,030255	24,234148	-2,910851	1,254912	0,977226	239734,949881	-0,191507	0,000540	1,642919	0,618099	2,034660	-0,124483	-0,124487	0,000000	3,120474	0,518326	0,400262
57,200000	7,928140	7,958473	0,473016	0,096476	2,130765	-12835,605266	-10942,699251	-2985,229964	-11963,922108	-12411,024655	7,477654	68,823551	23,581148	23,924870	26,905696	24,029173	24,237047	-2,910664	1,254477	0,977873	239753,649969	-0,191073	0,000443	1,748563	0,617245	2,036344	-0,124492	-0,124486	0,000000	3,120323	0,516783	0,400242
57,400000	7,928422	7,958717	0,476117	0,096150	2,133447	-12841,687608	-10941,213061	-2985,169318	-11985,801403	-12432,903950	7,481310	68,815978	23,576061	23,921506	26,911261	24,025441	24,238140	-2,910676	1,255033	0,979367	239735,010159	-0,191421	0,000629	1,808511	0,616866	2,036167	-0,124495	-0,124487	0,000000	3,120127	0,515410	0,400217
57,600000	7,928456	7,958549	0,478146	0,096103	2,130537	-12854,067019	-10940,649377	-2985,111255	-12001,846703	-12448,949250	7,485163	68,779482	23,578126	23,919432	26,907222	24,022132	24,234553	-2,910513	1,255388	0,979517	239686,064496	-0,192180	0,000853	1,876487	0,617053	2,035441	-0,124490	-0,124488	0,000000	3,119181	0,514845	0,400096
57,800000	7,927950	7,958118	0,478373	0,096342	2,133336	-12863,550267	-10941,488757	-2985,073707	-12011,351577	-12458,454124	7,489134	68,745871	23,585470	23,922214	26,900550	24,023331	24,228251	-2,910474	1,255301	0,978477	239642,421793	-0,192303	0,000919	1,971973	0,617777	2,035650	-0,124487	-0,124486	0,000000	3,118310	0,515328	0,399984
58,000000	7,927170	7,957931	0,478013	0,096269	2,141477	-12859,023606	-10941,783957	-2984,903703	-12016,906404	-12464,008951	7,492959	68,717770	23,589463	23,925956	26,898807	24,025511	24,225958	-2,910612	1,256122	0,978260	239643,771950	-0,191477	0,000708	2,027850	0,618915	2,036909	-0,124490	-0,124486	0,000000	3,117582	0,516383	0,399891
58,200000	7,926664	7,957946	0,478589	0,095973	2,143470	-12848,771813	-10941,781247	-2984,764208	-12019,621977	-12466,724524	7,496677	68,680334	23,582906	23,927237	26,906181	24,022414	24,230786	-2,910537	1,256823	0,978550	239664,506213	-0,190298	0,000405	2,031526	0,619881	2,038394	-0,124493	-0,124488	0,000000	3,116611	0,516999	0,399766
58,400000	7,926392	7,957988	0,479167	0,095495	2,145357	-12843,439750	-10942,024696	-2984,904975	-12023,930352	-12471,032898	7,500298	68,655297	23,571295	23,926796	26,916280	24,017231	24,239631	-2,910420	1,256491	0,978463	239650,161047	-0,190121	0,000266	1,954030	0,620365	2,039413	-0,124494	-0,124487	0,000000	3,115962	0,517221	0,399683
58,600000	7,926457	7,957829	0,478634	0,094681	2,146749	-12835,000706	-10941,406929	-2985,116023	-12031,591278	-12478,693825	7,503814	68,629178	23,565809	23,925500	26,918787	24,017290	24,245894	-2,910394	1,256142	0,978434	239628,359622	-0,191019	0,000225	1,825598	0,620732	2,039174	-0,124492	-0,124488	0,000000	3,115284	0,517711	0,399596
58,800000	7,926697	7,957614	0,476643	0,094802	2,145510	-12826,272701	-10940,945543	-2985,300708	-12039,413523	-12486,516070	7,507549	68,580371	23,567339	23,923961	26,918369	24,021232	24,243634	-2,910401	1,255635	0,978605	239615,543181	-0,191656	0,000170	1,783839	0,620988	2,037921	-0,124491	-0,124492	0,000000	3,114018	0,518613	0,399434
59,000000	7,926542	7,957398	0,471841	0,095883	2,144205	-12811,726134	-10941,864901	-2985,443353	-12038,835304	-12485,937851	7,511499	68,556821	23,570436	23,923655	26,920663	24,022413	24,234877	-2,910483	1,255107	0,978382	239601,116399	-0,191752	0,000148	1,843956	0,621056	2,037326	-0,124494	-0,124490	0,000000	3,113407	0,520354	0,399355
59,200000	7,926318	7,957159	0,465579	0,095994	2,133382	-12770,920878	-10943,119965	-2985,394712	-12025,714242	-12472,816789	7,515291	68,565494	23,571295	23,924223	26,924329	24,018210	24,228649	-2,910483	1,255234	0,977938	239588,602046	-0,191810	0,000144	1,901158	0,621275	2,037443	-0,124495	-0,124488	0,000000	3,113632	0,522755	0,399384
59,400000	7,926194	7,957023	0,462090	0,095221	2,118056	-12722,293394	-10943,316753	-2985,381614	-12009,736354	-12456,838901	7,519095	68,556527	23,569320	23,924128	26,926057	24,010976	24,231751	-2,910333	1,255616	0,977800	239567,425926	-0,192050	0,000213	1,938145	0,621434	2,036834	-0,124492	-0,124487	0,000000	3,113399	0,524132	0,399354
59,600000	7,926068	7,956819	0,461588	0,095191	2,108554	-12697,917291	-10942,114375	-2985,389375	-12000,583961	-12447,686508	7,523078	68,526886	23,566081	23,923353	26,923908	24,006705	24,241905	-2,910108	1,255646	0,977675	239539,644902	-0,192242	0,000431	1,986456	0,621246	2,035808	-0,124490	-0,124482	0,000000	3,112630	0,524139	0,399256
59,800000	7,926197	7,956478	0,459526	0,095295	2,101332	-12688,870854	-10941,038423	-2985,252805	-11992,356011	-12439,458558	7,526793	68,502811	23,562793	23,923020	26,923379	24,011377	24,248575	-2,910052	1,254900	0,977652	239528,365392	-0,192017	0,000519	1,981999	0,620744	2,035020	-0,124489	-0,124480	0,000000	3,112005	0,524435	0,399176
60,000000	7,926247	7,956182	0,453688	0,094653	2,100657	-12669,526200	-10941,348849	-2985,308374	-11975,728496	-12422,831043	7,530381	68,504064	23,561047	23,923415	26,925311	24,020067	24,246861	-2,910411	1,254439	0,977935	239545,706379	-0,192142	0,000436	1,892474	0,619646	2,034517	-0,124484	-0,124486	0,000000	3,112038	0,525596	0,399180
60,200000	7,926055	7,955969	0,445337	0,094538	2,108083	-12638,499621	-10941,698447	-2985,423891	-11958,755175	-12405,857722	7,534293	68,516403	23,562335	23,923509	26,925044	24,022076	24,242904	-2,910595	1,254839	0,978343	239562,502376	-0,192543	0,000402	1,830758	0,618296	2,035265	-0,124479	-0,124493	0,000000	3,112358	0,527469	0,399221
60,400000	7,925750	7,955840	0,436997	0,095206	2,111518	-12614,385413	-10941,218244	-2985,459530	-11956,152695	-12403,255242	7,538185	68,514891	23,564688	23,922653	26,926114	24,016540	24,241094	-2,910212	1,254974	0,978684	239555,915667	-0,192531	0,000431	1,877651	0,617224	2,036268	-0,124479	-0,124490	0,000000	3,112319	0,529608	0,399216
60,600000	7,925410	7,955866	0,431437	0,095103	2,102274	-12601,485501	-10940,769755	-2985,534232	-11964,183938	-12411,286485	7,541841	68,501014	23,564531	23,921049	26,932051	24,007646	24,241465	-2,910028	1,255559	0,978711	239552,586388	-0,192426	0,000534	1,949152	0,616281	2,035863	-0,124484	-0,124479	0,000000	3,111959	0,530869	0,399170
60,800000	7,925432	7,955734	0,428274	0,093625	2,084396	-12595,962850	-10940,634824	-2985,380449	-11967,842492	-12414,945039	7,545464	68,478347	23,562101	23,919335	26,934590	24,000321	24,243796	-2,910293	1,256364	0,978501	239562,769964	-0,192069	0,000708	1,954301	0,615794	2,033947	-0,124491	-0,124475	0,000000	3,111370	0,531624	0,399094
61,000000	7,925637	7,955170	0,424786	0,092357	2,070615	-12598,741321	-10940,662030	-2985,210341	-11960,970854	-12408,073400	7,549197	68,488956	23,563866	23,920037	26,928315	24,001194	24,246146	-2,910549	1,255826	0,978494	239568,933546	-0,192012	0,000883	1,906832	0,616093	2,032434	-0,124490	-0,124475	0,000000	3,111646	0,533139	0,399129
61,200000	7,925593	7,954526	0,419513	0,092609	2,060721	-12595,802800	-10940,568795	-2985,397018	-11947,466767	-12394,569314	7,552965	68,563260	23,570948	23,922935	26,924306	24,010220	24,247494	-2,910559	1,254945	0,978648	239577,782947	-0,192642	0,000892	1,827323	0,616721	2,032169	-0,124485	-0,124477	0,000000	3,113574	0,535615	0,399377
61,400000	7,925459	7,954237	0,413829	0,093572	2,049543	-12584,116046	-10940,979245	-2985,458305	-11935,295157	-12382,397703	7,556620	68,629122	23,574168	23,924156	26,926206	24,018488	24,247320	-2,910457	1,254233	0,978578	239586,020463	-0,192403	0,000692	1,779961	0,617256	2,032407	-0,124482	-0,124479	0,000000	3,115283	0,538219	0,399596
61,600000	7,925577	7,954484	0,408989	0,094040	2,048414	-12580,776556	-10941,747843	-2985,371997	-11932,779250	-12379,881797	7,560512	68,640191	23,569505	23,923083	26,926018	24,018964	24,246688	-2,910306	1,254072	0,978828	239578,525901	-0,191780	0,000508	1,814467	0,617620	2,034060	-0,124484	-0,124481	0,000000	3,115570	0,540403	0,399633
61,800000	7,925580	7,954772	0,403966	0,093875	2,054611	-12582,690980	-10941,005504	-2985,543692	-11941,070142	-12388,172689	7,564619	68,629492	23,564597	23,921272	26,923294	24,015171	24,247453	-2,910010	1,254915	0,979422	239575,151530	-0,192391	0,000492	1,937579	0,617802	2,035426	-0,124485	-0,124483	0,000000	3,115292	0,542514	0,399597
62,000000	7,925214	7,954636	0,399166	0,093621	2,052278	-12580,903657	-10939,129492	-2985,595064	-11951,225092	-12398,327638	7,568374	68,636351	23,566157	23,919332	26,919120	24,013907	24,245977	-2,910043	1,255435	0,979698	239606,385777	-0,193365	0,000640	2,056245	0,617928	2,034227	-0,124482	-0,124484	0,000000	3,115470	0,544474	0,399620
62,200000	7,924705	7,954358	0,395629	0,093707	2,048089	-12586,873342	-10938,593947	-2985,268175	-11956,232488	-12403,335035	7,572102	68,727453	23,572003	23,919037	26,910344	24,016425	24,241340	-2,910471	1,255335	0,979913	239642,611096	-0,193438	0,000878	2,023702	0,618024	2,031620	-0,124480	-0,124483	0,000000	3,117833	0,545907	0,399923
62,400000	7,923933	7,954148	0,393345	0,094026	2,045407	-12603,395459	-10940,026011	-2984,869832	-11953,034570	-12400,137117	7,576134	68,893210	23,578762	23,922865	26,898294	24,020509	24,237439	-2,910779	1,255387	0,980045	239629,835365	-0,192486	0,000839	1,965323	0,617800	2,030764	-0,124480	-0,124483	0,000000	3,122127	0,546562	0,400474
62,600000	7,923318	7,954127	0,391710	0,094204	2,040040	-12618,071373	-10941,825972	-2984,632182	-11943,837428	-12390,939975	7,579943	68,989214	23,582628	23,927057	26,895008	24,024508	24,235682	-2,910834	1,255796	0,979637	239610,582512	-0,191585	0,000483	2,026570	0,617124	2,032794	-0,124478	-0,124483	0,000000	3,124613	0,546591	0,400793
62,800000	7,923283	7,954085	0,389945	0,094392	2,036224	-12626,010753	-10942,792666	-2984,978118	-11939,707811	-12386,810357	7,583568	68,977375	23,580045	23,926079	26,903138	24,028414	24,237938	-2,910697	1,255936	0,978809	239616,300416	-0,191874	0,000364	2,096008	0,616658	2,034794	-0,124480	-0,124483	0,000000	3,124306	0,546886	0,400753
63,000000	7,923502	7,953864	0,388509	0,095072	2,028162	-12628,005639	-10942,615053	-2985,686809	-11939,516195	-12386,618742	7,587341	68,955943	23,573042	23,922323	26,911241	24,029745	24,242552	-2,910498	1,255818	0,978342	239590,751986	-0,192945	0,000502	2,066963	0,617060	2,035200	-0,124486	-0,124483	0,000000	3,123752	0,547817	0,400682
63,200000	7,923652	7,953669	0,387723	0,095734	2,021426	-12631,207016	-10942,532671	-2985,725001	-11933,113931	-12380,216478	7,591155	68,985062	23,569187	23,920146	26,910888	24,029947	24,240432	-2,910463	1,256063	0,978370	239549,001512	-0,193349	0,000479	2,006915	0,617813	2,035204	-0,124489	-0,124484	0,000000	3,124505	0,548788	0,400779
63,400000	7,923298	7,953407	0,386466	0,095165	2,024422	-12639,794911	-10943,108511	-2985,305667	-11924,186804	-12371,289350	7,594969	69,062852	23,575036	23,921036	26,901889	24,031548	24,229117	-2,910713	1,255914	0,978909	239543,847037	-0,192609	0,000392	1,981565	0,618253	2,035304	-0,124489	-0,124486	0,000000	3,126518	0,549643	0,401037
63,600000	7,922407	7,953075	0,384947	0,094789	2,026405	-12647,086628	-10942,503819	-2985,096075	-11921,236495	-12368,339041	7,598935	69,138178	23,584502	23,923708	26,894935	24,029608	24,217655	-2,910972	1,254846	0,979964	239549,406901	-0,192048	0,000497	1,953316	0,618337	2,035066	-0,124487	-0,124490	0,000000	3,128466	0,550282	0,401287
63,800000	7,921840	7,953088	0,384589	0,096053	2,029314	-12650,361468	-10941,212170	-2984,907339	-11922,263320	-12369,365867	7,602978	69,171304	23,586768	23,924862	26,897512	24,025065	24,213810	-2,910962	1,254304	0,980624	239554,157163	-0,191948	0,000599	1,955939	0,618121	2,035027	-0,124486	-0,124494	0,000000	3,129323	0,550235	0,401397
64,000000	7,921921	7,953351	0,384828	0,096397	2,035742	-12654,573694	-10941,195587	-2984,669301	-11922,103900	-12369,206446	7,606751	69,170082	23,581355	23,924619	26,903541	24,021704	24,218548	-2,910825	1,254420	0,980115	239581,655923	-0,191134	0,000522	1,990308	0,617550	2,035814	-0,124486	-0,124494	0,000000	3,129291	0,549660	0,401393
64,200000	7,922139	7,953165	0,383843	0,094819	2,035826	-12662,307592	-10942,492488	-2984,608487	-11922,076181	-12369,178728	7,610400	69,156048	23,576022	23,924498	26,906359	24,020504	24,228558	-2,910731	1,254049	0,978715	239606,451767	-0,190277	0,000281	1,949504	0,616776	2,036386	-0,124486	-0,124494	0,000000	3,128928	0,549356	0,401346
64,400000	7,922159	7,952658	0,381289	0,093838	2,029746	-12665,795300	-10943,689540	-2984,758390	-11924,007840	-12371,110387	7,614192	69,149626	23,574360	23,923502	26,905179	24,023520	24,236567	-2,910726	1,253739	0,977874	239608,147927	-0,190228	0,000120	1,850076	0,615989	2,035945	-0,124483	-0,124495	0,000000	3,128762	0,549638	0,401325
64,600000	7,921768	7,952293	0,380421	0,094210	2,022247	-12661,778281	-10943,007788	-2985,028168	-11924,694034	-12371,796581	7,617945	69,152165	23,573140	23,922595	26,902321	24,027256	24,236261	-2,910763	1,253200	0,978380	239606,626433	-0,190605	0,000326	1,804978	0,615407	2,036044	-0,124480	-0,124495	0,000000	3,128828	0,549438	0,401333
64,800000	7,921094	7,952052	0,383640	0,094734	2,018091	-12662,808758	-10941,074531	-2985,255059	-11918,007361	-12365,109908	7,621567	69,154857	23,572578	23,923448	26,903128	24,025670	24,230034	-2,910691	1,252425	0,979019	239609,538168	-0,191508	0,000510	1,871750	0,615543	2,036822	-0,124483	-0,124497	0,000000	3,128898	0,548266	0,401342
65,000000	7,920665	7,952013	0,388500	0,095613	2,017065	-12678,219621	-10940,245065	-2985,210471	-11908,922173	-12356,024720	7,625362	69,146007	23,571731	23,924732	26,904842	24,017484	24,226176	-2,910526	1,253025	0,978936	239618,992224	-0,192164	0,000426	1,996479	0,616257	2,037341	-0,124488	-0,124495	0,000000	3,128669	0,546978	0,401313
65,200000	7,920566	7,952017	0,392543	0,096375	2,017839	-12702,111116	-10940,907070	-2985,075046	-11912,311838	-12359,414385	7,629232	69,117910	23,568205	23,925350	26,904199	24,008149	24,228902	-2,910413	1,253977	0,978717	239644,767475	-0,191839	0,000437	2,045941	0,616901	2,037772	-0,124494	-0,124485	0,000000	3,127942	0,545957	0,401220
65,400000	7,920557	7,951860	0,396263	0,095531	2,029094	-12728,132866	-10941,717715	-2985,139372	-11926,950609	-12374,053156	7,632777	69,089277	23,563971	23,924533	26,902958	24,004089	24,234152	-2,910456	1,254244	0,978934	239664,114573	-0,191684	0,000583	1,944436	0,617437	2,036879	-0,124496	-0,124481	0,000000	3,127202	0,544964	0,401125
65,600000	7,920618	7,951565	0,400496	0,094141	2,044060	-12749,640697	-10942,473514	-2985,357564	-11932,199178	-12379,301725	7,636352	69,069648	23,560825	23,923204	26,900401	24,006284	24,237690	-2,910529	1,254360	0,979316	239655,430338	-0,192294	0,000735	1,804883	0,618081	2,035314	-0,124490	-0,124485	0,000000	3,126694	0,543864	0,401060
65,800000	7,920761	7,951226	0,404993	0,094183	2,050217	-12754,303542	-10943,188098	-2985,631451	-11918,629731	-12365,732278	7,640244	69,035571	23,559474	23,925162	26,900185	24,013360	24,240364	-2,910383	1,254061	0,978980	239643,836624	-0,192828	0,000834	1,801949	0,618418	2,035413	-0,124486	-0,124486	0,000000	3,125812	0,542393	0,400947
66,000000	7,920904	7,951083	0,409873	0,095327	2,059443	-12749,016309	-10942,763901	-2985,748744	-11903,336416	-12350,438962	7,643997	68,987578	23,557711	23,927693	26,903589	24,021117	24,241845	-2,910179	1,253726	0,978312	239653,145775	-0,192691	0,000755	1,913506	0,618353	2,037685	-0,124491	-0,124485	0,000000	3,124570	0,540451	0,400787
66,200000	7,920790	7,951042	0,415768	0,095637	2,071985	-12751,913278	-10941,985654	-2985,705772	-11902,486189	-12349,588736	7,647551	68,951482	23,553403	23,924894	26,908385	24,021263	24,240365	-2,910155	1,253610	0,978086	239666,151416	-0,192118	0,000468	2,013103	0,618438	2,039142	-0,124499	-0,124485	0,000000	3,123636	0,538285	0,400667
66,400000	7,920522	7,950927	0,422645	0,094952	2,076903	-12764,254955	-10941,668670	-2985,745076	-11908,882591	-12355,985137	7,651366	68,933035	23,549159	23,920577	26,908744	24,011770	24,238752	-2,910270	1,253364	0,978595	239652,298003	-0,191866	0,000327	2,023435	0,618925	2,037974	-0,124501	-0,124482	0,000000	3,123159	0,536105	0,400606
66,600000	7,920533	7,950693	0,429399	0,094707	2,080585	-12777,076510	-10940,857893	-2985,790610	-11909,908876	-12357,011423	7,655314	68,924736	23,550066	23,920031	26,902717	24,004012	24,239980	-2,910334	1,253428	0,979632	239641,676628	-0,192165	0,000583	1,976197	0,619640	2,036233	-0,124493	-0,124481	0,000000	3,122944	0,534163	0,400579
66,800000	7,920677	7,950173	0,434863	0,094827	2,081911	-12784,554617	-10940,645671	-2985,544683	-11907,295172	-12354,397719	7,659198	68,909803	23,555776	23,921934	26,898056	24,006257	24,241041	-2,910383	1,254094	0,979839	239658,398223	-0,192383	0,000782	1,934298	0,619967	2,034386	-0,124484	-0,124481	0,000000	3,122557	0,532367	0,400529
67,000000	7,920483	7,949541	0,439147	0,094584	2,083864	-12789,491377	-10940,564686	-2985,193289	-11904,163310	-12351,265856	7,663057	68,870716	23,559401	23,923357	26,897813	24,013355	24,241592	-2,910521	1,254703	0,979048	239660,097378	-0,192132	0,000712	1,870821	0,619688	2,033407	-0,124483	-0,124481	0,000000	3,121545	0,530502	0,400399
67,200000	7,919945	7,949226	0,442897	0,094584	2,092737	-12788,518127	-10939,974217	-2984,928108	-11896,875006	-12343,977552	7,666697	68,822442	23,557725	23,923952	26,899232	24,017354	24,244151	-2,910422	1,254982	0,978526	239652,776885	-0,191490	0,000562	1,805107	0,619256	2,034432	-0,124486	-0,124483	0,000000	3,120294	0,528736	0,400239
67,400000	7,919584	7,949296	0,447048	0,094832	2,098274	-12775,249270	-10941,033748	-2984,939728	-11891,220930	-12338,323476	7,670195	68,799722	23,552992	23,923886	26,900542	24,016130	24,247442	-2,910199	1,254793	0,978661	239673,147780	-0,191293	0,000434	1,783469	0,618810	2,035623	-0,124485	-0,124483	0,000000	3,119706	0,526846	0,400163
67,600000	7,919677	7,949285	0,451487	0,094703	2,105027	-12766,627644	-10941,888027	-2985,576420	-11895,742942	-12342,845488	7,673746	68,804792	23,550846	23,920602	26,902470	24,013417	24,249909	-2,910180	1,254117	0,978937	239697,642275	-0,192184	0,000494	1,834562	0,618159	2,034871	-0,124483	-0,124482	0,000000	3,119837	0,524690	0,400180
67,800000	7,919876	7,948868	0,454788	0,094515	2,117513	-12770,995366	-10940,933520	-2986,013485	-11905,276986	-12352,379533	7,677434	68,825146	23,554098	23,916263	26,901986	24,012078	24,249371	-2,910174	1,253594	0,978898	239706,481776	-0,193317	0,000604	1,982147	0,617654	2,032901	-0,124484	-0,124483	0,000000	3,120364	0,523054	0,400248
68,000000	7,919602	7,948446	0,457802	0,094399	2,122342	-12773,217510	-10940,414357	-2985,685462	-11908,598925	-12355,701472	7,681223	68,816497	23,560181	23,917044	26,894927	24,012729	24,243435	-2,910293	1,253453	0,978549	239724,253825	-0,193607	0,000611	2,082678	0,617654	2,031392	-0,124486	-0,124483	0,000000	3,120140	0,521934	0,400219
68,200000	7,918726	7,948185	0,462024	0,094305	2,119354	-12774,773169	-10941,117400	-2985,391586	-11903,717374	-12350,819921	7,684996	68,723109	23,568180	23,921979	26,885956	24,014772	24,234793	-2,910677	1,254216	0,978464	239741,367199	-0,193047	0,000610	2,033030	0,617865	2,031166	-0,124485	-0,124484	0,000000	3,117720	0,520563	0,399909
68,400000	7,917953	7,948003	0,466527	0,094928	2,117660	-12777,809894	-10942,370043	-2985,382906	-11899,529707	-12346,632253	7,688787	68,590863	23,572378	23,924735	26,883600	24,014664	24,233858	-2,910884	1,255016	0,978935	239732,623125	-0,192299	0,000634	1,995197	0,617867	2,032114	-0,124481	-0,124484	0,000000	3,114290	0,518947	0,399469
68,600000	7,917882	7,948133	0,470031	0,095933	2,121598	-12770,371353	-10943,051292	-2985,479611	-11898,739924	-12345,842471	7,692543	68,507603	23,567973	23,923618	26,887915	24,013626	24,244283	-2,910806	1,254230	0,979254	239725,964686	-0,192104	0,000633	2,049039	0,617417	2,032940	-0,124480	-0,124482	0,000000	3,112130	0,517349	0,399191
68,800000	7,918340	7,948068	0,472610	0,095806	2,126972	-12760,865753	-10942,158398	-2985,549174	-11898,896320	-12345,998867	7,696096	68,489531	23,562066	23,921530	26,891627	24,017108	24,252088	-2,910657	1,253648	0,979131	239739,252399	-0,192491	0,000576	2,041616	0,616554	2,033188	-0,124482	-0,124483	0,000000	3,111660	0,515728	0,399131
69,000000	7,918681	7,947490	0,474708	0,094975	2,129777	-12764,166375	-10940,878590	-2985,335586	-11903,765407	-12350,867954	7,699495	68,500709	23,561745	23,920677	26,891989	24,023026	24,247244	-2,910503	1,254217	0,978901	239753,501416	-0,192495	0,000540	1,873906	0,615675	2,033104	-0,124482	-0,124487	0,000000	3,111951	0,514228	0,399169
69,200000	7,918202	7,947182	0,476254	0,095238	2,138079	-12771,736981	-10940,797836	-2985,022884	-11912,103149	-12359,205696	7,703135	68,503284	23,566663	23,921765	26,891518	24,026217	24,235946	-2,910515	1,254793	0,978538	239748,700597	-0,192222	0,000608	1,695851	0,615211	2,032970	-0,124479	-0,124492	0,000000	3,112018	0,513281	0,399177
69,400000	7,917257	7,947239	0,477367	0,096186	2,146783	-12776,088779	-10941,254842	-2985,024079	-11919,131830	-12366,234377	7,707004	68,467902	23,572734	23,923813	26,891359	24,025378	24,227309	-2,910620	1,255207	0,978468	239722,902583	-0,192360	0,000687	1,651915	0,615035	2,033211	-0,124485	-0,124496	0,000000	3,111099	0,512747	0,399059
69,600000	7,916835	7,947344	0,478835	0,095747	2,143991	-12779,780140	-10941,378895	-2985,303133	-11928,728972	-12375,831519	7,710639	68,402271	23,575704	23,925456	26,893120	24,020730	24,225365	-2,910598	1,254884	0,978626	239688,903478	-0,192456	0,000624	1,661880	0,614667	2,034171	-0,124491	-0,124493	0,000000	3,109394	0,511938	0,398841
69,800000	7,916892	7,947459	0,481005	0,094451	2,142563	-12781,911671	-10941,029562	-2985,368089	-11941,299693	-12388,402240	7,714225	68,353902	23,573920	23,925800	26,896402	24,014622	24,230213	-2,910518	1,254262	0,978432	239662,575655	-0,192216	0,000637	1,684186	0,614196	2,034744	-0,124491	-0,124484	0,000000	3,108138	0,510807	0,398679
70,000000	7,916780	7,947155	0,482799	0,094467	2,146592	-12782,942169	-10941,080807	-2984,849604	-11950,716578	-12397,819124	7,718018	68,350256	23,569895	23,924545	26,896748	24,014235	24,236692	-2,910542	1,254542	0,978255	239657,301537	-0,191455	0,000715	1,741357	0,614111	2,034659	-0,124488	-0,124479	0,000000	3,108043	0,510104	0,398667
70,200000	7,916406	7,946606	0,483546	0,095240	2,146457	-12786,412303	-10942,464414	-2984,292790	-11957,819848	-12404,922395	7,721727	68,366612	23,567453	23,923064	26,896999	24,022748	24,237641	-2,910700	1,254747	0,978047	239662,434357	-0,190755	0,000619	1,781708	0,614368	2,034967	-0,124484	-0,124484	0,000000	3,108468	0,510032	0,398722
70,400000	7,915902	7,946427	0,484219	0,095568	2,147602	-12793,920416	-10943,451215	-2984,361632	-11968,030651	-12415,133198	7,725315	68,370434	23,568747	23,922328	26,901228	24,031948	24,233600	-2,910835	1,254552	0,977603	239660,721641	-0,191239	0,000528	1,754036	0,614847	2,035395	-0,124480	-0,124491	0,000000	3,108567	0,510196	0,398735
70,600000	7,915575	7,946475	0,485168	0,096459	2,147323	-12802,525794	-10942,996238	-2984,766518	-11981,749433	-12428,851979	7,728918	68,365435	23,571502	23,922285	26,905199	24,033391	24,228794	-2,910758	1,255182	0,977432	239652,025736	-0,191926	0,000432	1,696634	0,615838	2,036556	-0,124484	-0,124492	0,000000	3,108437	0,510701	0,398718
70,800000	7,915560	7,946600	0,485609	0,097859	2,145303	-12804,129150	-10942,792405	-2984,992936	-11993,231405	-12440,333951	7,732688	68,359805	23,570785	23,923379	26,907414	24,027427	24,225047	-2,910527	1,256162	0,977491	239637,196597	-0,191814	0,000353	1,690485	0,617397	2,037601	-0,124492	-0,124485	0,000000	3,108291	0,511851	0,398699
71,000000	7,915472	7,946716	0,485306	0,097985	2,148194	-12791,011205	-10942,920587	-2985,075824	-11997,369246	-12444,471793	7,736635	68,344824	23,567127	23,922793	26,910038	24,019014	24,224481	-2,910448	1,255480	0,977758	239621,074039	-0,191930	0,000489	1,738122	0,618839	2,037085	-0,124497	-0,124483	0,000000	3,107902	0,513164	0,398649
71,200000	7,915473	7,946512	0,484229	0,097006	2,148068	-12767,268025	-10941,894902	-2985,237510	-11991,127024	-12438,229571	7,740586	68,338656	23,564316	23,920470	26,910431	24,013581	24,227771	-2,910564	1,253223	0,978665	239613,176596	-0,192629	0,000719	1,799235	0,619356	2,035518	-0,124496	-0,124489	0,000000	3,107742	0,513958	0,398629
71,400000	7,915652	7,946207	0,481703	0,096537	2,148088	-12740,394358	-10940,729119	-2985,161164	-11974,829702	-12421,932249	7,744571	68,360167	23,564676	23,921991	26,908301	24,016133	24,232626	-2,910646	1,252660	0,979433	239609,986494	-0,192807	0,000834	1,815046	0,619085	2,034745	-0,124491	-0,124491	0,000000	3,108301	0,514585	0,398700
71,600000	7,915305	7,946097	0,477919	0,096644	2,151416	-12711,969412	-10940,502236	-2985,009321	-11959,450439	-12406,552986	7,748441	68,418246	23,566932	23,925823	26,912722	24,023564	24,234467	-2,910693	1,253684	0,979065	239621,682727	-0,192068	0,000738	1,800872	0,618635	2,035447	-0,124484	-0,124490	0,000000	3,109809	0,515523	0,398894
71,800000	7,914545	7,946028	0,474915	0,096488	2,145560	-12689,213588	-10940,947353	-2984,959864	-11950,896758	-12397,999304	7,752054	68,496669	23,564909	23,926609	26,927191	24,026093	24,232569	-2,910696	1,253964	0,977862	239648,596918	-0,190817	0,000491	1,845721	0,618400	2,036556	-0,124482	-0,124494	0,000000	3,111846	0,516396	0,399155
72,000000	7,914254	7,945966	0,472770	0,095825	2,132899	-12673,747234	-10941,787476	-2984,959343	-11946,013546	-12393,116093	7,755656	68,522858	23,558072	23,924368	26,940214	24,020340	24,233569	-2,910591	1,254283	0,977115	239669,387458	-0,190278	0,000341	1,936851	0,618257	2,038334	-0,124487	-0,124496	0,000000	3,112526	0,517052	0,399242
72,200000	7,914370	7,945862	0,469431	0,095230	2,123317	-12658,462096	-10941,802801	-2985,281010	-11947,788597	-12394,891144	7,759362	68,505153	23,553536	23,922264	26,941820	24,011028	24,237267	-2,910456	1,254554	0,977510	239678,232401	-0,190946	0,000374	1,954726	0,617922	2,038839	-0,124494	-0,124492	0,000000	3,112066	0,517948	0,399183
72,400000	7,914547	7,945612	0,464545	0,094878	2,118039	-12643,386308	-10941,486337	-2985,538778	-11951,605177	-12398,707724	7,763040	68,491906	23,555074	23,920540	26,934827	24,004896	24,236621	-2,910440	1,253737	0,978164	239677,230661	-0,191708	0,000462	1,857598	0,617612	2,036722	-0,124494	-0,124487	0,000000	3,111722	0,519392	0,399139
72,600000	7,914586	7,945315	0,457888	0,094338	2,113682	-12627,509236	-10941,520117	-2985,481493	-11950,596132	-12397,698679	7,766731	68,476918	23,559142	23,920293	26,926513	24,004737	24,233187	-2,910577	1,253144	0,978441	239683,224974	-0,192336	0,000646	1,779856	0,617429	2,034356	-0,124496	-0,124486	0,000000	3,111333	0,521579	0,399089
72,800000	7,914165	7,944782	0,448586	0,093910	2,108386	-12608,597108	-10941,888108	-2985,362793	-11944,635549	-12391,738096	7,770444	68,488336	23,560967	23,923958	26,922767	24,007387	24,232142	-2,910636	1,253295	0,978425	239698,800636	-0,193097	0,000764	1,813416	0,617138	2,034424	-0,124503	-0,124486	0,000000	3,111629	0,524638	0,399127
73,000000	7,913740	7,944303	0,438853	0,093984	2,105616	-12582,327508	-10942,693563	-2985,423732	-11933,354098	-12380,456645	7,774189	68,537219	23,557812	23,926606	26,927835	24,009125	24,236167	-2,910541	1,253350	0,978315	239709,837262	-0,193707	0,000578	1,909012	0,616517	2,036470	-0,124499	-0,124484	0,000000	3,112898	0,527633	0,399290
73,200000	7,913677	7,944354	0,434196	0,094206	2,098512	-12557,402247	-10941,629830	-2985,559649	-11927,568140	-12374,670687	7,778012	68,579814	23,549154	23,925016	26,938289	24,008878	24,245003	-2,910371	1,253769	0,978078	239712,086413	-0,193524	0,000360	1,946788	0,615767	2,037280	-0,124490	-0,124483	0,000000	3,114004	0,528726	0,399432
73,400000	7,913759	7,944348	0,434171	0,094286	2,081666	-12557,211331	-10939,590658	-2985,436015	-11931,558105	-12378,660651	7,781745	68,607974	23,541812	23,922025	26,942541	24,007565	24,252940	-2,910174	1,254221	0,977802	239700,760198	-0,192289	0,000303	1,877344	0,615379	2,036503	-0,124492	-0,124483	0,000000	3,114734	0,528416	0,399526
73,600000	7,913875	7,943990	0,432812	0,094163	2,071662	-12577,527298	-10939,839074	-2985,181790	-11934,873958	-12381,976504	7,785291	68,641733	23,543130	23,920205	26,935128	24,008585	24,253465	-2,910177	1,254080	0,977920	239696,358922	-0,191391	0,000295	1,849050	0,615328	2,035445	-0,124495	-0,124482	0,000000	3,115610	0,528842	0,399638
73,800000	7,913760	7,943650	0,427967	0,093708	2,071201	-12590,061436	-10940,969729	-2985,204002	-11934,004950	-12381,107497	7,788864	68,671097	23,551226	23,920901	26,924705	24,010398	24,245171	-2,910396	1,254001	0,978543	239703,686405	-0,192059	0,000345	1,917195	0,615503	2,034270	-0,124492	-0,124483	0,000000	3,116372	0,530749	0,399736
74,000000	7,913375	7,943645	0,421242	0,094093	2,069243	-12582,673362	-10941,044705	-2985,500505	-11930,723618	-12377,826164	7,792593	68,699630	23,558198	23,922157	26,920709	24,008390	24,235866	-2,910491	1,253764	0,979136	239701,266812	-0,193202	0,000440	1,961097	0,616200	2,033285	-0,124488	-0,124482	0,000000	3,117111	0,533854	0,399830
74,200000	7,913046	7,943805	0,415753	0,095556	2,071002	-12570,020159	-10940,592610	-2985,506841	-11926,145750	-12373,248297	7,796343	68,747669	23,558774	23,922259	26,922515	24,006194	24,234375	-2,910463	1,253807	0,979071	239700,466754	-0,193223	0,000502	1,977586	0,617164	2,033391	-0,124488	-0,124474	0,000000	3,118357	0,536777	0,399990
74,400000	7,912945	7,943566	0,412396	0,095776	2,072434	-12569,891394	-10940,832263	-2985,523549	-11923,455061	-12370,557608	7,800006	68,786037	23,555873	23,922067	26,924880	24,006417	24,239681	-2,910494	1,254294	0,978916	239707,563911	-0,192862	0,000594	2,023263	0,617821	2,034696	-0,124490	-0,124468	0,000000	3,119351	0,538616	0,400118
74,600000	7,913015	7,943055	0,409405	0,094498	2,067246	-12581,463212	-10941,492400	-2985,781269	-11930,225649	-12377,328196	7,803566	68,805123	23,554140	23,921200	26,923378	24,009332	24,247177	-2,910512	1,254279	0,979138	239713,496202	-0,193019	0,000719	2,063208	0,618169	2,035291	-0,124489	-0,124471	0,000000	3,119846	0,540031	0,400181
74,800000	7,913134	7,942560	0,405537	0,094194	2,060149	-12592,017661	-10942,240423	-2985,757960	-11943,440359	-12390,542906	7,807187	68,827819	23,555599	23,920230	26,918786	24,017839	24,250719	-2,910509	1,254195	0,979636	239721,016949	-0,192960	0,000689	2,071318	0,618573	2,034137	-0,124484	-0,124477	0,000000	3,120434	0,541835	0,400257
75,000000	7,913026	7,942077	0,401786	0,094817	2,048279	-12596,774931	-10942,736001	-2985,608751	-11947,495324	-12394,597871	7,810878	68,848798	23,560664	23,920754	26,914394	24,027001	24,243769	-2,910463	1,254004	0,979938	239721,048376	-0,192828	0,000436	2,064884	0,619365	2,033445	-0,124483	-0,124482	0,000000	3,120977	0,543944	0,400326
75,200000	7,912646	7,941829	0,401500	0,094977	2,039445	-12604,840512	-10941,816473	-2985,350860	-11940,311422	-12387,413969	7,814470	68,866148	23,565939	23,922333	26,912816	24,026597	24,232676	-2,910473	1,254071	0,979236	239713,375474	-0,192715	0,000201	2,047745	0,620196	2,034173	-0,124484	-0,124487	0,000000	3,121427	0,544763	0,400384
75,400000	7,912399	7,941878	0,405479	0,095430	2,039922	-12626,075656	-10941,113081	-2985,116221	-11934,161514	-12381,264061	7,818012	68,871575	23,569007	23,923675	26,915429	24,016129	24,228864	-2,910638	1,254709	0,978716	239720,151490	-0,192519	0,000277	1,952899	0,620648	2,034387	-0,124485	-0,124489	0,000000	3,121567	0,543621	0,400402
75,600000	7,912208	7,941961	0,409362	0,095833	2,039941	-12654,232727	-10940,793823	-2985,058252	-11933,919272	-12381,021818	7,821521	68,865683	23,570791	23,923535	26,915340	24,007704	24,232729	-2,910689	1,254873	0,978994	239742,971098	-0,192634	0,000504	1,801223	0,621021	2,033409	-0,124487	-0,124485	0,000000	3,121414	0,542454	0,400382
75,800000	7,911950	7,942016	0,407971	0,094975	2,043678	-12672,880317	-10940,189697	-2984,820281	-11935,552144	-12382,654691	7,825005	68,873479	23,570808	23,922140	26,910074	24,010369	24,237055	-2,910635	1,255112	0,979372	239765,626756	-0,192129	0,000602	1,773605	0,621545	2,031951	-0,124483	-0,124479	0,000000	3,121616	0,543445	0,400408
76,000000	7,911697	7,941970	0,403234	0,094309	2,054931	-12673,914214	-10941,136374	-2984,647715	-11935,824340	-12382,926887	7,828595	68,890736	23,570709	23,921493	26,907578	24,019805	24,236514	-2,910708	1,255290	0,980020	239762,973981	-0,191164	0,000662	1,884131	0,621897	2,031708	-0,124476	-0,124480	0,000000	3,122063	0,545583	0,400466
76,200000	7,911270	7,941689	0,401248	0,095346	2,064006	-12667,630889	-10942,564292	-2984,769044	-11931,937043	-12379,039590	7,832225	68,903342	23,572695	23,923382	26,908374	24,029029	24,232924	-2,910805	1,254579	0,980476	239738,638890	-0,191258	0,000687	2,012678	0,621803	2,033320	-0,124477	-0,124489	0,000000	3,122390	0,546255	0,400508
76,400000	7,910864	7,941492	0,401422	0,096675	2,065274	-12662,324714	-10942,466357	-2984,994439	-11922,947100	-12370,049647	7,835792	68,929469	23,573426	23,924976	26,910588	24,033437	24,230106	-2,910746	1,254696	0,980044	239731,481274	-0,191825	0,000626	2,086850	0,621468	2,035048	-0,124480	-0,124498	0,000000	3,123066	0,545881	0,400594
76,600000	7,910504	7,941442	0,400226	0,096743	2,060044	-12652,849615	-10941,400020	-2985,181171	-11915,147954	-12362,250500	7,839480	68,973980	23,569598	23,922644	26,914825	24,028806	24,229145	-2,910510	1,255189	0,978978	239749,009236	-0,192169	0,000527	2,078248	0,620964	2,035355	-0,124484	-0,124498	0,000000	3,124219	0,545913	0,400742
76,800000	7,910036	7,941185	0,398599	0,095668	2,052857	-12645,544268	-10940,813393	-2985,202961	-11914,147032	-12361,249579	7,843272	68,992500	23,564544	23,920198	26,915539	24,019489	24,229586	-2,910328	1,254952	0,978547	239764,928125	-0,192697	0,000434	2,007158	0,620324	2,034312	-0,124487	-0,124490	0,000000	3,124698	0,545976	0,400804
77,000000	7,909548	7,941000	0,399225	0,094832	2,040252	-12652,057216	-10941,303402	-2985,172607	-11915,705860	-12362,808406	7,846979	68,973537	23,564417	23,921391	26,907753	24,015460	24,230609	-2,910410	1,255274	0,978854	239767,668359	-0,192759	0,000568	1,911390	0,619524	2,033272	-0,124486	-0,124486	0,000000	3,124207	0,545000	0,400741
77,200000	7,908978	7,941224	0,402319	0,095488	2,023071	-12670,437332	-10941,660909	-2985,177802	-11913,519996	-12360,622543	7,850660	68,960082	23,568605	23,923745	26,897210	24,018763	24,230063	-2,910628	1,255364	0,978928	239763,321431	-0,192308	0,000822	1,866222	0,618557	2,033174	-0,124485	-0,124491	0,000000	3,123859	0,542938	0,400696
77,400000	7,908764	7,941208	0,406313	0,096713	2,021591	-12687,919638	-10941,589886	-2985,114021	-11904,421478	-12351,524025	7,854295	68,981096	23,569380	23,924499	26,894195	24,023276	24,227728	-2,910717	1,254762	0,978552	239747,012166	-0,192337	0,000721	1,866429	0,617773	2,034825	-0,124486	-0,124499	0,000000	3,124403	0,540701	0,400766
77,600000	7,909148	7,940838	0,411063	0,097231	2,037163	-12701,972394	-10942,075337	-2984,912857	-11896,775314	-12343,877860	7,857810	69,054794	23,563325	23,925509	26,899952	24,024318	24,228531	-2,910632	1,254925	0,977975	239747,481305	-0,192187	0,000408	1,827651	0,617063	2,037598	-0,124489	-0,124499	0,000000	3,126310	0,538248	0,401010
77,800000	7,909364	7,940562	0,417304	0,097077	2,054491	-12719,973286	-10941,840932	-2985,013744	-11899,482205	-12346,584752	7,861267	69,143835	23,555650	23,926136	26,911048	24,021975	24,232597	-2,910508	1,254960	0,977899	239776,131049	-0,191939	0,000250	1,814497	0,616154	2,039281	-0,124493	-0,124491	0,000000	3,128613	0,535089	0,401306
78,000000	7,909403	7,940204	0,423916	0,096499	2,077574	-12736,754514	-10940,011594	-2985,590492	-11901,627258	-12348,729805	7,864732	69,169695	23,550875	23,922402	26,922905	24,017929	24,235291	-2,910414	1,254137	0,978241	239772,641798	-0,192552	0,000270	1,922709	0,614990	2,039287	-0,124494	-0,124487	0,000000	3,129281	0,531604	0,401391
78,200000	7,909726	7,939884	0,428884	0,096029	2,099725	-12746,660108	-10939,517611	-2985,864886	-11897,525705	-12344,628252	7,868358	69,149622	23,551178	23,918552	26,923675	24,014389	24,234634	-2,910410	1,254239	0,978465	239742,393938	-0,193219	0,000455	2,046115	0,613852	2,038392	-0,124489	-0,124489	0,000000	3,128762	0,528764	0,401325
78,400000	7,909732	7,939645	0,432955	0,096030	2,108504	-12753,271452	-10941,001324	-2985,602552	-11895,347100	-12342,449647	7,872133	69,143114	23,557361	23,919868	26,910889	24,012541	24,230214	-2,910528	1,254897	0,978818	239743,688554	-0,193384	0,000621	2,029582	0,613025	2,037233	-0,124488	-0,124487	0,000000	3,128594	0,526512	0,401303
78,600000	7,909288	7,939486	0,439026	0,095952	2,108751	-12760,494145	-10942,311658	-2985,271294	-11895,572119	-12342,674666	7,875748	69,127721	23,562949	23,923009	26,900929	24,011868	24,226618	-2,910662	1,255045	0,979186	239780,451653	-0,193112	0,000502	1,962570	0,612464	2,036919	-0,124493	-0,124483	0,000000	3,128196	0,523777	0,401252
78,800000	7,908950	7,939779	0,446801	0,095983	2,100139	-12769,141377	-10942,694191	-2984,907976	-11895,685456	-12342,788003	7,879226	69,056653	23,560062	23,924189	26,902523	24,010713	24,231095	-2,910651	1,255376	0,978901	239814,300411	-0,192391	0,000340	1,954444	0,612512	2,037367	-0,124499	-0,124479	0,000000	3,126358	0,521020	0,401017
79,000000	7,908809	7,939955	0,453070	0,095937	2,093166	-12775,041008	-10942,153211	-2984,720009	-11896,156436	-12343,258983	7,882688	68,973953	23,551081	23,923746	26,909270	24,008784	24,241448	-2,910497	1,255756	0,978393	239814,029090	-0,191785	0,000424	1,947887	0,613178	2,037550	-0,124500	-0,124475	0,000000	3,124218	0,519357	0,400742
79,200000	7,908998	7,939344	0,456786	0,094774	2,098056	-12775,399695	-10941,649759	-2985,046126	-11897,138220	-12344,240766	7,886117	68,943112	23,544324	23,922219	26,914346	24,008259	24,247416	-2,910325	1,255737	0,978236	239794,916340	-0,191847	0,000552	1,958959	0,613840	2,037393	-0,124496	-0,124477	0,000000	3,123419	0,518568	0,400640
79,400000	7,909183	7,938645	0,459869	0,093706	2,103144	-12775,448674	-10941,233742	-2985,532690	-11901,409818	-12348,512365	7,889640	68,949393	23,544498	23,921126	26,913730	24,010762	24,245192	-2,910171	1,254733	0,978670	239781,467722	-0,192179	0,000574	2,007821	0,614366	2,036531	-0,124490	-0,124483	0,000000	3,123582	0,517876	0,400660
79,600000	7,908779	7,938574	0,463787	0,094201	2,110021	-12774,486684	-10940,814963	-2985,717602	-11906,959195	-12354,061742	7,893182	68,974011	23,549677	23,921614	26,907510	24,013472	24,238711	-2,910086	1,253376	0,979476	239780,058641	-0,192532	0,000487	2,031977	0,615220	2,035678	-0,124488	-0,124484	0,000000	3,124219	0,517191	0,400742
79,800000	7,907974	7,938818	0,468113	0,094830	2,124876	-12769,988310	-10940,709410	-2985,622667	-11907,059867	-12354,162414	7,896557	68,996678	23,553233	23,922485	26,902652	24,010723	24,232662	-2,910166	1,252893	0,979398	239776,735284	-0,192854	0,000344	1,942051	0,616542	2,035439	-0,124490	-0,124484	0,000000	3,124806	0,516778	0,400817
80,000000	7,907256	7,938855	0,471505	0,093817	2,138852	-12765,307812	-10940,244046	-2985,502655	-11906,384978	-12353,487524	7,899954	68,983657	23,552708	23,923180	26,904024	24,003366	24,233560	-2,910320	1,252817	0,978923	239771,632323	-0,192724	0,000393	1,821604	0,618090	2,034809	-0,124491	-0,124484	0,000000	3,124469	0,516885	0,400774
80,200000	7,907021	7,938648	0,472966	0,092636	2,146498	-12755,620672	-10939,519763	-2985,436725	-11911,315559	-12358,418106	7,903540	68,949288	23,551008	23,923010	26,907268	23,997586	24,241766	-2,910338	1,253561	0,979110	239769,008858	-0,192694	0,000606	1,857824	0,619381	2,034098	-0,124489	-0,124482	0,000000	3,123579	0,517444	0,400660
80,400000	7,907229	7,938347	0,473670	0,092820	2,147896	-12742,509311	-10939,343803	-2985,319127	-11916,910900	-12364,013447	7,907130	68,931085	23,549778	23,921587	26,910903	24,000259	24,249409	-2,910270	1,254333	0,979509	239741,525489	-0,192912	0,000689	1,974688	0,620085	2,033194	-0,124486	-0,124480	0,000000	3,123108	0,517776	0,400600
80,600000	7,907553	7,938049	0,476199	0,093060	2,144177	-12735,422632	-10940,164933	-2985,072740	-11916,723925	-12363,826472	7,910575	68,942082	23,549803	23,920771	26,913406	24,011145	24,251569	-2,910367	1,254160	0,979495	239694,372149	-0,192406	0,000646	1,965989	0,620258	2,032297	-0,124487	-0,124481	0,000000	3,123393	0,517022	0,400636
80,800000	7,907556	7,937781	0,481540	0,093239	2,135550	-12742,261911	-10941,443054	-2985,021818	-11910,460884	-12357,563431	7,913843	68,966130	23,552126	23,921389	26,913947	24,018145	24,247737	-2,910532	1,254635	0,978696	239662,259033	-0,191961	0,000487	1,797029	0,619668	2,033094	-0,124488	-0,124486	0,000000	3,124015	0,514651	0,400716
81,000000	7,907111	7,937377	0,487422	0,094253	2,125780	-12760,724711	-10942,217404	-2985,322595	-11906,014775	-12353,117322	7,917148	68,950367	23,555880	23,921728	26,916700	24,015517	24,242203	-2,910398	1,255249	0,977666	239649,920778	-0,192412	0,000227	1,668236	0,618901	2,034485	-0,124488	-0,124489	0,000000	3,123607	0,511962	0,400664
81,200000	7,906850	7,937051	0,491067	0,095188	2,130141	-12767,129068	-10941,457580	-2985,715992	-11910,734882	-12357,837429	7,920686	68,878673	23,557498	23,921073	26,917133	24,008959	24,240434	-2,910204	1,254655	0,977602	239634,530222	-0,192953	0,000257	1,694203	0,618928	2,034263	-0,124489	-0,124485	0,000000	3,121751	0,510715	0,400426
81,400000	7,906997	7,936861	0,492313	0,095014	2,146900	-12758,473752	-10939,323461	-2985,877163	-11921,749454	-12368,852000	7,924216	68,815672	23,555969	23,919352	26,910988	24,003371	24,242853	-2,910319	1,253444	0,978357	239616,839526	-0,193282	0,000545	1,805743	0,619620	2,032633	-0,124490	-0,124480	0,000000	3,120119	0,510840	0,400216
81,600000	7,907162	7,936447	0,492739	0,094224	2,159541	-12752,048199	-10938,176659	-2985,377414	-11927,937623	-12375,040170	7,927603	68,797223	23,555608	23,918375	26,901880	24,003679	24,245461	-2,910481	1,252908	0,978800	239603,084992	-0,192894	0,000649	1,953702	0,620143	2,031569	-0,124488	-0,124476	0,000000	3,119641	0,511088	0,400155
81,800000	7,906908	7,936234	0,494447	0,094082	2,172053	-12746,868157	-10938,887289	-2984,839324	-11921,726838	-12368,829385	7,930925	68,810936	23,559426	23,921350	26,896885	24,013163	24,244642	-2,910529	1,253935	0,978607	239590,591648	-0,192184	0,000739	2,032324	0,619506	2,031631	-0,124484	-0,124474	0,000000	3,119996	0,509953	0,400201
82,000000	7,906236	7,936469	0,497790	0,095122	2,181245	-12743,719245	-10940,736543	-2984,871697	-11908,919971	-12356,022517	7,934244	68,838702	23,563661	23,924883	26,900525	24,023778	24,239863	-2,910635	1,255715	0,977996	239583,927347	-0,192047	0,000806	1,943232	0,618145	2,032616	-0,124483	-0,124480	0,000000	3,120716	0,507710	0,400293
82,200000	7,905801	7,936551	0,500110	0,096498	2,177756	-12742,782975	-10942,318327	-2985,097641	-11902,286179	-12349,388726	7,937779	68,827934	23,562188	23,923858	26,907536	24,026086	24,235527	-2,910692	1,256809	0,977254	239573,161966	-0,192435	0,000592	1,771472	0,617366	2,034529	-0,124486	-0,124489	0,000000	3,120437	0,506304	0,400257
82,400000	7,905867	7,936402	0,500417	0,096892	2,170520	-12733,370973	-10941,489139	-2985,217741	-11908,633448	-12355,735995	7,941424	68,755177	23,557220	23,921223	26,911379	24,023006	24,235273	-2,910431	1,256844	0,977326	239558,831158	-0,192844	0,000518	1,737649	0,617383	2,035803	-0,124491	-0,124490	0,000000	3,118551	0,506217	0,400015
82,600000	7,905987	7,936255	0,500013	0,096093	2,161161	-12720,401760	-10939,467972	-2985,070478	-11921,040304	-12368,142851	7,944737	68,696888	23,556022	23,920847	26,911167	24,021169	24,233503	-2,910159	1,256071	0,978114	239563,563178	-0,192544	0,000671	1,853135	0,617754	2,035133	-0,124494	-0,124484	0,000000	3,117040	0,506649	0,399821
82,800000	7,905835	7,936053	0,498733	0,095542	2,155032	-12710,553986	-10939,273335	-2984,808601	-11925,891774	-12372,994321	7,947937	68,708009	23,560348	23,921201	26,908417	24,021380	24,227530	-2,910341	1,254852	0,978562	239570,413947	-0,192012	0,000737	1,917777	0,618008	2,033228	-0,124489	-0,124481	0,000000	3,117329	0,507274	0,399858
83,000000	7,905507	7,935799	0,495765	0,096388	2,157503	-12697,519391	-10940,561344	-2984,715298	-11919,643719	-12366,746265	7,951450	68,743748	23,566138	23,922163	26,904805	24,022491	24,223135	-2,910726	1,254571	0,978628	239530,115327	-0,192167	0,000704	1,923943	0,617880	2,032464	-0,124481	-0,124483	0,000000	3,118255	0,508153	0,399977
83,200000	7,905089	7,935479	0,492111	0,097757	2,156491	-12682,204870	-10941,389070	-2984,898085	-11911,946538	-12359,049085	7,955013	68,747827	23,569232	23,924539	26,907055	24,024494	24,222862	-2,910883	1,255920	0,978328	239469,187660	-0,192877	0,000527	1,944766	0,617598	2,033784	-0,124476	-0,124486	0,000000	3,118361	0,509147	0,399991
83,400000	7,904772	7,935333	0,489659	0,098043	2,153017	-12668,495802	-10941,658290	-2984,920829	-11911,990643	-12359,093190	7,958386	68,689015	23,566613	23,925409	26,916174	24,025688	24,226532	-2,910794	1,257704	0,977623	239448,389648	-0,192798	0,000331	1,922476	0,617556	2,035487	-0,124474	-0,124492	0,000000	3,116836	0,509957	0,399795
83,600000	7,904653	7,935388	0,488334	0,097223	2,153083	-12655,590901	-10942,354761	-2984,798142	-11915,802976	-12362,905523	7,961760	68,595327	23,558950	23,923931	26,924478	24,024286	24,232408	-2,910620	1,257740	0,976884	239451,408666	-0,192021	0,000188	1,838108	0,617809	2,036280	-0,124480	-0,124496	0,000000	3,114406	0,510640	0,399483
83,800000	7,904516	7,935197	0,485989	0,096570	2,151866	-12645,597377	-10942,753648	-2985,206062	-11915,598625	-12362,701171	7,965200	68,549135	23,554538	23,922736	26,930611	24,021597	24,234325	-2,910564	1,255028	0,976599	239445,009491	-0,192389	5,535293E-5	1,743820	0,618117	2,036217	-0,124487	-0,124498	0,000000	3,113208	0,511703	0,399330
84,000000	7,904238	7,934899	0,480261	0,095964	2,147874	-12631,466077	-10942,823636	-2985,758541	-11911,564085	-12358,666631	7,968567	68,557794	23,557938	23,922882	26,932893	24,019544	24,228657	-2,910689	1,253348	0,976957	239428,744075	-0,193124	9,544559E-5	1,715220	0,618222	2,035895	-0,124488	-0,124497	0,000000	3,113432	0,513758	0,399359
84,200000	7,903659	7,934721	0,473033	0,095760	2,142607	-12604,145427	-10943,124268	-2985,807140	-11904,160856	-12351,263403	7,971986	68,565941	23,563282	23,923385	26,930272	24,017307	24,219856	-2,910794	1,254164	0,977876	239413,682788	-0,192830	0,000328	1,811486	0,618090	2,035878	-0,124486	-0,124495	0,000000	3,113644	0,516154	0,399386
84,400000	7,903075	7,934491	0,468582	0,096867	2,136581	-12581,205061	-10942,631423	-2985,555897	-11894,138421	-12341,240968	7,975474	68,557032	23,563071	23,923025	26,928965	24,013753	24,215604	-2,910711	1,254486	0,978279	239423,263783	-0,192584	0,000556	1,906741	0,618133	2,036325	-0,124487	-0,124494	0,000000	3,113413	0,517740	0,399356
84,600000	7,902933	7,934367	0,466170	0,097231	2,125881	-12573,906569	-10942,124062	-2985,248642	-11888,532759	-12335,635306	7,978790	68,508507	23,556405	23,923114	26,932276	24,011115	24,219768	-2,910577	1,254776	0,977435	239447,167247	-0,192297	0,000659	1,859979	0,618659	2,036878	-0,124490	-0,124490	0,000000	3,112153	0,519032	0,399194
84,800000	7,903069	7,934373	0,462280	0,095848	2,110855	-12570,174796	-10942,226583	-2985,201650	-11889,207044	-12336,309591	7,982062	68,412495	23,548526	23,923781	26,936693	24,010118	24,230628	-2,910519	1,254919	0,976795	239455,908379	-0,191863	0,000737	1,746839	0,618974	2,036872	-0,124491	-0,124487	0,000000	3,109660	0,520685	0,398875
85,000000	7,903300	7,934302	0,454609	0,095282	2,105460	-12561,660693	-10941,474483	-2985,512343	-11892,110591	-12339,213138	7,985263	68,352020	23,543868	23,922937	26,938338	24,010766	24,241724	-2,910389	1,253701	0,977304	239455,773130	-0,192321	0,000730	1,680412	0,618248	2,036621	-0,124484	-0,124490	0,000000	3,108089	0,522818	0,398673
85,200000	7,903415	7,934280	0,443623	0,096422	2,105925	-12545,439136	-10940,474531	-2985,528320	-11899,797465	-12346,900012	7,988428	68,368595	23,543162	23,922224	26,938363	24,014471	24,245493	-2,910190	1,253274	0,977868	239464,820598	-0,192642	0,000529	1,717572	0,617075	2,036958	-0,124479	-0,124492	0,000000	3,108520	0,525799	0,398728
85,400000	7,903255	7,934346	0,433435	0,096779	2,097648	-12525,752288	-10941,076542	-2985,217471	-11908,963787	-12356,066334	7,991864	68,400462	23,544811	23,922643	26,938413	24,016185	24,239631	-2,910179	1,253741	0,977513	239484,513657	-0,192190	0,000214	1,842235	0,616313	2,037115	-0,124487	-0,124489	0,000000	3,109347	0,528887	0,398835
85,600000	7,902894	7,934341	0,428055	0,096018	2,089234	-12515,849020	-10941,805315	-2985,036758	-11914,003407	-12361,105953	7,995369	68,397558	23,546193	23,922826	26,938199	24,011256	24,232261	-2,910485	1,254243	0,977028	239504,004970	-0,192057	6,305775E-5	1,922774	0,616006	2,037245	-0,124497	-0,124487	0,000000	3,109272	0,530615	0,398825
85,800000	7,902670	7,934011	0,426235	0,095830	2,080444	-12529,461304	-10941,519112	-2985,194035	-11923,207704	-12370,310251	7,998730	68,378414	23,544516	23,922799	26,940513	24,003017	24,232972	-2,910720	1,255521	0,977412	239517,608201	-0,192734	0,000265	1,917133	0,616020	2,037709	-0,124499	-0,124482	0,000000	3,108775	0,531289	0,398761
86,000000	7,902802	7,933437	0,423323	0,095423	2,066541	-12554,407595	-10940,716483	-2985,612577	-11938,997154	-12386,099700	8,002015	68,375855	23,540307	23,922362	26,942448	23,998292	24,239456	-2,910563	1,255754	0,978483	239511,653197	-0,193385	0,000484	1,851316	0,615815	2,036474	-0,124497	-0,124474	0,000000	3,108708	0,532169	0,398753
86,200000	7,903022	7,933195	0,419081	0,094517	2,059268	-12567,205491	-10940,612503	-2985,504107	-11947,761810	-12394,864357	8,005233	68,378795	23,537739	23,921927	26,938310	24,001028	24,243632	-2,910467	1,254169	0,979252	239499,395215	-0,192635	0,000492	1,739881	0,615223	2,034206	-0,124493	-0,124471	0,000000	3,108785	0,533227	0,398762
86,400000	7,902997	7,933178	0,414216	0,094269	2,056839	-12573,869121	-10942,286840	-2985,209702	-11942,965231	-12390,067778	8,008414	68,377803	23,539014	23,923523	26,931715	24,007788	24,242802	-2,910521	1,252876	0,978907	239518,498598	-0,191803	0,000393	1,700356	0,614911	2,034185	-0,124491	-0,124474	0,000000	3,108759	0,534775	0,398759
86,600000	7,902673	7,933008	0,407851	0,094672	2,058469	-12575,428259	-10943,466913	-2985,476970	-11934,938535	-12382,041082	8,011654	68,386885	23,541633	23,925472	26,929565	24,013555	24,240704	-2,910427	1,253163	0,978119	239535,163242	-0,192480	0,000408	1,750763	0,615045	2,036620	-0,124489	-0,124479	0,000000	3,108995	0,537293	0,398789
86,800000	7,902383	7,932927	0,403123	0,095125	2,063418	-12562,911139	-10942,804928	-2985,708760	-11933,170639	-12380,273186	8,015052	68,402870	23,540461	23,923386	26,932479	24,013953	24,239124	-2,910264	1,254202	0,977903	239523,790448	-0,193030	0,000516	1,802774	0,615538	2,037425	-0,124488	-0,124482	0,000000	3,109410	0,539540	0,398843
87,000000	7,902213	7,932760	0,402680	0,094965	2,057383	-12564,833096	-10940,686297	-2985,460214	-11939,112435	-12386,214982	8,018498	68,438824	23,537056	23,919328	26,931088	24,008006	24,237810	-2,910155	1,254374	0,978354	239538,116221	-0,192521	0,000538	1,886373	0,616763	2,035633	-0,124489	-0,124483	0,000000	3,110344	0,540780	0,398962
87,200000	7,902209	7,932153	0,404282	0,094442	2,047406	-12596,268949	-10938,817245	-2985,001172	-11948,677482	-12395,780029	8,021722	68,506603	23,539900	23,918366	26,925075	24,001633	24,238808	-2,910184	1,254242	0,979000	239575,935441	-0,191884	0,000470	1,958325	0,618304	2,033661	-0,124491	-0,124481	0,000000	3,112104	0,541466	0,399188
87,400000	7,902383	7,931635	0,405441	0,094332	2,043863	-12627,036091	-10939,434019	-2984,943762	-11953,400866	-12400,503413	8,024886	68,549419	23,549385	23,919807	26,920469	24,000849	24,239764	-2,910441	1,254015	0,979364	239585,098535	-0,192010	0,000454	1,922763	0,619213	2,031541	-0,124487	-0,124480	0,000000	3,113215	0,541772	0,399331
87,600000	7,902298	7,931531	0,406902	0,094790	2,041597	-12649,190501	-10941,005245	-2985,125085	-11950,659227	-12397,761774	8,028230	68,551558	23,555573	23,920906	26,916786	24,005853	24,238530	-2,910757	1,253537	0,979287	239582,220776	-0,192501	0,000576	1,840767	0,619646	2,030407	-0,124482	-0,124480	0,000000	3,113270	0,541573	0,399338
87,800000	7,901938	7,931582	0,409581	0,095221	2,043238	-12675,058841	-10942,067460	-2984,996415	-11945,931030	-12393,033576	8,031616	68,562339	23,553350	23,921660	26,916188	24,011645	24,238650	-2,910744	1,254355	0,978860	239595,430124	-0,192200	0,000572	1,824646	0,620009	2,031552	-0,124482	-0,124477	0,000000	3,113550	0,540860	0,399374
88,000000	7,901576	7,931745	0,412496	0,095129	2,052018	-12699,074918	-10942,101498	-2984,997465	-11945,857848	-12392,960395	8,034949	68,603712	23,548180	23,922858	26,917168	24,014466	24,242056	-2,910531	1,255143	0,978544	239616,536641	-0,191984	0,000452	1,930893	0,620227	2,033714	-0,124489	-0,124478	0,000000	3,114624	0,539943	0,399511
88,200000	7,901313	7,931684	0,414799	0,095047	2,063764	-12711,888192	-10940,771787	-2985,331845	-11947,514176	-12394,616722	8,038216	68,705586	23,545081	23,922324	26,917023	24,014429	24,245149	-2,910431	1,254342	0,978595	239629,837594	-0,192776	0,000471	2,031530	0,620295	2,034504	-0,124495	-0,124482	0,000000	3,117266	0,539120	0,399850
88,400000	7,901165	7,931211	0,416421	0,095185	2,070692	-12715,945156	-10939,825753	-2985,460599	-11944,115141	-12391,217688	8,041464	68,839466	23,544595	23,919177	26,912438	24,013786	24,243987	-2,910367	1,253776	0,978879	239624,781031	-0,193382	0,000538	2,007613	0,620274	2,033441	-0,124488	-0,124485	0,000000	3,120735	0,538453	0,400295
88,600000	7,900952	7,930635	0,417593	0,095379	2,070398	-12719,884004	-10938,883000	-2985,262567	-11939,841667	-12386,944214	8,044842	68,910178	23,548884	23,918539	26,902311	24,014857	24,238423	-2,910375	1,254016	0,979211	239631,871005	-0,193200	0,000602	1,974212	0,620277	2,032387	-0,124479	-0,124484	0,000000	3,122567	0,537959	0,400530
88,800000	7,900409	7,930411	0,418651	0,095414	2,074418	-12726,924599	-10937,719467	-2984,960313	-11936,377796	-12383,480343	8,048244	68,912989	23,557718	23,921972	26,894520	24,016836	24,229981	-2,910534	1,254270	0,979460	239660,710779	-0,192370	0,000666	1,992620	0,620440	2,032550	-0,124481	-0,124484	0,000000	3,122640	0,537665	0,400540
89,000000	7,899626	7,930669	0,419884	0,095447	2,078665	-12729,189570	-10938,788461	-2984,790183	-11930,003335	-12377,105882	8,051521	68,894925	23,562832	23,924625	26,893104	24,017211	24,226779	-2,910683	1,254733	0,979369	239694,013248	-0,191544	0,000597	1,991911	0,620761	2,033772	-0,124483	-0,124487	0,000000	3,122172	0,537484	0,400480
89,200000	7,899173	7,930737	0,421207	0,096239	2,071721	-12725,835480	-10941,281500	-2984,959499	-11925,889885	-12372,992431	8,054883	68,891858	23,558537	23,924492	26,896226	24,015302	24,234505	-2,910638	1,254905	0,979183	239722,929424	-0,191909	0,000487	1,959486	0,621099	2,035041	-0,124481	-0,124489	0,000000	3,122092	0,537286	0,400469
89,400000	7,899498	7,930477	0,422364	0,096632	2,068565	-12727,286824	-10941,986931	-2985,293060	-11929,293579	-12376,396126	8,058311	68,934684	23,551116	23,923219	26,900855	24,015122	24,243316	-2,910440	1,254828	0,979199	239720,282141	-0,192550	0,000461	1,949297	0,621357	2,035820	-0,124482	-0,124486	0,000000	3,123201	0,537066	0,400612
89,600000	7,900059	7,930370	0,423180	0,096059	2,070968	-12732,292033	-10941,007780	-2985,183438	-11934,249398	-12381,351945	8,061589	68,989798	23,549180	23,922626	26,901791	24,019717	24,243358	-2,910395	1,255589	0,979260	239708,896667	-0,192122	0,000501	1,972687	0,621286	2,036085	-0,124484	-0,124481	0,000000	3,124628	0,536693	0,400795
89,800000	7,899819	7,930407	0,424953	0,096516	2,067433	-12738,410875	-10940,561876	-2984,730056	-11936,164103	-12383,266649	8,064904	69,014564	23,552248	23,923752	26,897419	24,024161	24,235524	-2,910617	1,256259	0,979492	239712,323535	-0,191624	0,000546	1,973168	0,620311	2,035894	-0,124486	-0,124483	0,000000	3,125269	0,535176	0,400877
90,000000	7,899052	7,930354	0,428870	0,097712	2,068189	-12748,020940	-10940,814321	-2984,542804	-11934,195343	-12381,297889	8,068258	69,027883	23,556087	23,924928	26,892156	24,024326	24,224912	-2,910769	1,255659	0,979721	239711,764974	-0,191726	0,000651	1,911997	0,618770	2,036099	-0,124491	-0,124490	0,000000	3,125613	0,532368	0,400921
90,200000	7,898621	7,930176	0,432273	0,097466	2,075430	-12754,588345	-10941,481775	-2984,644801	-11928,351894	-12375,454441	8,071563	69,032035	23,557542	23,924896	26,889669	24,020663	24,218842	-2,910671	1,254457	0,979165	239713,736037	-0,191851	0,000812	1,858384	0,617824	2,037124	-0,124491	-0,124489	0,000000	3,125721	0,530275	0,400935
90,400000	7,898379	7,930044	0,433248	0,096250	2,085537	-12750,547959	-10942,396701	-2985,127391	-11925,858697	-12372,961244	8,075003	69,010461	23,554786	23,924809	26,891699	24,014415	24,222542	-2,910537	1,253645	0,977990	239713,344378	-0,192081	0,000875	1,867242	0,617821	2,037009	-0,124488	-0,124482	0,000000	3,125163	0,529907	0,400863
90,600000	7,898206	7,930211	0,434853	0,096450	2,097981	-12741,268673	-10942,528251	-2985,608137	-11926,992377	-12374,094923	8,078376	68,975993	23,550675	23,925110	26,894659	24,012274	24,230991	-2,910423	1,253707	0,977567	239693,142092	-0,192339	0,000943	1,870414	0,618170	2,036177	-0,124486	-0,124481	0,000000	3,124271	0,529628	0,400749
90,800000	7,898294	7,930297	0,439157	0,097308	2,100731	-12739,510208	-10942,045755	-2985,282753	-11924,694875	-12371,797422	8,081488	68,957626	23,547330	23,925592	26,897029	24,019176	24,234960	-2,910397	1,254633	0,978161	239672,959339	-0,191918	0,000986	1,885998	0,618383	2,036400	-0,124483	-0,124486	0,000000	3,123795	0,528234	0,400688
91,000000	7,898238	7,929900	0,443687	0,096914	2,098868	-12743,531608	-10941,543246	-2984,729874	-11915,905175	-12363,007722	8,084633	68,963563	23,545259	23,925343	26,902629	24,026271	24,231653	-2,910541	1,255876	0,978395	239687,996473	-0,191495	0,000818	1,935636	0,618625	2,036909	-0,124480	-0,124492	0,000000	3,123949	0,526769	0,400708
91,200000	7,897775	7,929492	0,446107	0,096576	2,101201	-12740,066421	-10941,347266	-2984,650464	-11902,276426	-12349,378972	8,088008	68,967443	23,545626	23,924127	26,909137	24,025068	24,226274	-2,910550	1,256539	0,977377	239721,341513	-0,191896	0,000570	1,937950	0,618950	2,037976	-0,124485	-0,124495	0,000000	3,124049	0,526153	0,400720
91,400000	7,897467	7,929230	0,447675	0,096714	2,099938	-12728,399750	-10941,411816	-2984,743101	-11895,095298	-12342,197844	8,091405	68,965862	23,545567	23,923623	26,912272	24,018182	24,224397	-2,910352	1,255951	0,976756	239728,110679	-0,192088	0,000452	1,898387	0,619372	2,038554	-0,124497	-0,124492	0,000000	3,124008	0,525932	0,400715
91,600000	7,897499	7,928939	0,450883	0,096095	2,099145	-12721,989836	-10941,482759	-2984,762268	-11901,897788	-12349,000334	8,094527	68,968929	23,542486	23,922674	26,912392	24,008583	24,225431	-2,910321	1,255504	0,977652	239712,591522	-0,191569	0,000476	1,840674	0,619996	2,037318	-0,124501	-0,124485	0,000000	3,124088	0,525282	0,400725
91,800000	7,897472	7,928648	0,455333	0,094662	2,103943	-12729,837792	-10941,432269	-2984,388321	-11912,099375	-12359,201921	8,097516	68,962600	23,539345	23,921290	26,911029	24,000673	24,227553	-2,910440	1,255870	0,978513	239716,074440	-0,190439	0,000499	1,834209	0,620553	2,035306	-0,124494	-0,124483	0,000000	3,123924	0,524129	0,400704
92,000000	7,897247	7,928430	0,459104	0,093760	2,108911	-12742,257484	-10940,832574	-2984,130381	-11914,677377	-12361,779924	8,100771	68,948281	23,539656	23,922764	26,907434	24,000753	24,231051	-2,910461	1,255603	0,978393	239742,326033	-0,190091	0,000571	1,916647	0,620593	2,034770	-0,124486	-0,124484	0,000000	3,123553	0,522785	0,400657
92,200000	7,896945	7,928312	0,461286	0,094421	2,112423	-12742,619202	-10940,159223	-2984,648060	-11910,011261	-12357,113808	8,104228	68,950605	23,541968	23,924994	26,908092	24,005818	24,233850	-2,910465	1,255467	0,977754	239761,375405	-0,191497	0,000602	1,952511	0,619982	2,035556	-0,124482	-0,124483	0,000000	3,123613	0,521481	0,400664
92,400000	7,897033	7,928270	0,462181	0,095097	2,116460	-12732,297553	-10940,257211	-2985,091635	-11903,373563	-12350,476110	8,107521	68,965906	23,540197	23,924751	26,917524	24,008010	24,234499	-2,910444	1,255185	0,977158	239772,808468	-0,192463	0,000353	1,922381	0,619014	2,036096	-0,124482	-0,124484	0,000000	3,124010	0,520363	0,400715
92,600000	7,897505	7,928138	0,463329	0,094612	2,125135	-12722,327950	-10941,183692	-2985,091360	-11900,116130	-12347,218677	8,110603	68,973302	23,532349	23,922822	26,926885	24,005076	24,237214	-2,910210	1,253939	0,977073	239780,307554	-0,192508	0,000155	1,942936	0,617625	2,037467	-0,124487	-0,124485	0,000000	3,124201	0,518799	0,400740
92,800000	7,897645	7,927644	0,465089	0,094140	2,131466	-12715,237877	-10941,740972	-2985,105676	-11903,699649	-12350,802195	8,113676	68,952821	23,526694	23,920961	26,927115	23,999846	24,241715	-2,909944	1,253750	0,977577	239782,283229	-0,192709	0,000298	1,991530	0,616086	2,038078	-0,124496	-0,124483	0,000000	3,123671	0,516860	0,400672
93,000000	7,897205	7,927105	0,466796	0,093972	2,127947	-12709,946775	-10940,566014	-2985,435956	-11911,562753	-12358,665300	8,116711	68,889785	23,528969	23,918985	26,919307	23,996384	24,241962	-2,910063	1,253271	0,978143	239793,992097	-0,193258	0,000560	1,976004	0,615071	2,036029	-0,124499	-0,124481	0,000000	3,122039	0,515366	0,400463
93,200000	7,896726	7,926863	0,468912	0,093560	2,126434	-12708,527632	-10939,212741	-2985,835651	-11913,592608	-12360,695155	8,119958	68,829791	23,535399	23,918353	26,910699	23,996932	24,239487	-2,910336	1,251837	0,978485	239810,518766	-0,193892	0,000732	1,889851	0,614643	2,033338	-0,124495	-0,124479	0,000000	3,120485	0,514237	0,400263
93,400000	7,896335	7,926761	0,470798	0,093657	2,126919	-12711,891014	-10939,544288	-2985,823175	-11907,599225	-12354,701772	8,123473	68,820188	23,540485	23,921811	26,904990	24,000019	24,238867	-2,910339	1,252422	0,978725	239807,394601	-0,194220	0,000752	1,776065	0,614825	2,032583	-0,124494	-0,124478	0,000000	3,120236	0,513708	0,400231
93,600000	7,895748	7,926795	0,471006	0,094513	2,121410	-12710,263789	-10940,294687	-2985,410368	-11901,285093	-12348,387640	8,126666	68,830915	23,539516	23,925698	26,906034	24,003311	24,241415	-2,910279	1,254029	0,978740	239808,661464	-0,193545	0,000600	1,751862	0,615779	2,033800	-0,124490	-0,124478	0,000000	3,120514	0,514429	0,400267
93,800000	7,895393	7,926918	0,470974	0,095050	2,121699	-12699,005329	-10940,977685	-2985,098216	-11900,214895	-12347,317442	8,129607	68,824864	23,532757	23,925428	26,913803	24,005880	24,247769	-2,910298	1,254575	0,978454	239827,742403	-0,192274	0,000508	1,849855	0,617464	2,035041	-0,124484	-0,124479	0,000000	3,120357	0,515869	0,400247
94,000000	7,895737	7,926663	0,472480	0,095203	2,129214	-12692,161353	-10941,193557	-2985,453145	-11905,697992	-12352,800539	8,132755	68,790151	23,527118	23,921664	26,918864	24,006590	24,255008	-2,910220	1,254581	0,977803	239821,402317	-0,192591	0,000605	1,909494	0,619321	2,035033	-0,124483	-0,124481	0,000000	3,119458	0,516891	0,400131
94,200000	7,896300	7,925999	0,473827	0,095093	2,137329	-12694,461502	-10939,786485	-2985,741583	-11912,956021	-12360,058568	8,136090	68,736988	23,528899	23,918546	26,913810	24,008134	24,254617	-2,910128	1,254293	0,977589	239796,560399	-0,193599	0,000654	1,875055	0,620404	2,034105	-0,124485	-0,124482	0,000000	3,118080	0,517280	0,399955
94,400000	7,896239	7,925511	0,473274	0,094563	2,145541	-12689,329279	-10938,580997	-2985,332886	-11915,032717	-12362,135264	8,139484	68,706645	23,538054	23,918879	26,906016	24,011039	24,243733	-2,910211	1,254015	0,978505	239783,781195	-0,193138	0,000601	1,840677	0,620176	2,033306	-0,124486	-0,124481	0,000000	3,117293	0,517242	0,399854
94,600000	7,895559	7,925485	0,471834	0,094986	2,144001	-12678,741399	-10939,267947	-2984,883740	-11911,260896	-12358,363443	8,142829	68,708675	23,548034	23,921226	26,904683	24,010262	24,233327	-2,910351	1,254199	0,978987	239780,721242	-0,192345	0,000471	1,833848	0,618803	2,032756	-0,124487	-0,124481	0,000000	3,117346	0,516594	0,399861
94,800000	7,894884	7,925645	0,470924	0,096151	2,136752	-12677,097542	-10940,504212	-2984,781810	-11906,422520	-12353,525067	8,145928	68,722069	23,551287	23,922785	26,906603	24,007671	24,231238	-2,910460	1,254855	0,978644	239784,844770	-0,192279	0,000421	1,831514	0,617242	2,032992	-0,124488	-0,124483	0,000000	3,117693	0,515620	0,399905
95,000000	7,894719	7,925476	0,469799	0,096076	2,132086	-12672,250208	-10941,269529	-2984,964514	-11907,070672	-12354,173219	8,148866	68,721426	23,548223	23,922443	26,908633	24,006468	24,235511	-2,910593	1,255321	0,978510	239783,376051	-0,192469	0,000587	1,829466	0,616569	2,033788	-0,124488	-0,124483	0,000000	3,117676	0,515446	0,399903
95,200000	7,895027	7,924835	0,466493	0,094983	2,123520	-12659,364894	-10941,683530	-2985,342652	-11913,649153	-12360,751700	8,151909	68,699105	23,545347	23,920838	26,910376	24,007696	24,241774	-2,910633	1,254071	0,978253	239777,065854	-0,192816	0,000680	1,842994	0,616803	2,033533	-0,124485	-0,124482	0,000000	3,117098	0,516773	0,399829
95,400000	7,895314	7,924288	0,461979	0,094464	2,115407	-12647,410262	-10941,593752	-2985,438185	-11916,301300	-12363,403847	8,155065	68,683345	23,545199	23,919337	26,911882	24,013273	24,244169	-2,910631	1,253130	0,978087	239789,120820	-0,193046	0,000561	1,847656	0,617348	2,031912	-0,124482	-0,124481	0,000000	3,116689	0,518801	0,399776
95,600000	7,895145	7,924272	0,456829	0,094932	2,113733	-12631,927728	-10941,468568	-2985,200547	-11909,855297	-12356,957843	8,158294	68,689185	23,548209	23,919711	26,913225	24,020301	24,239054	-2,910681	1,253424	0,978422	239814,789384	-0,193162	0,000470	1,841684	0,617726	2,031432	-0,124483	-0,124486	0,000000	3,116841	0,520956	0,399796
95,800000	7,894497	7,924313	0,448228	0,095728	2,112046	-12609,334846	-10941,776449	-2985,111149	-11902,824634	-12349,927181	8,161685	68,712196	23,553407	23,921568	26,913322	24,022046	24,229784	-2,910632	1,253551	0,978527	239829,129126	-0,193314	0,000540	1,871828	0,617527	2,033012	-0,124485	-0,124492	0,000000	3,117437	0,523881	0,399872
96,000000	7,893929	7,924239	0,438277	0,096713	2,103645	-12583,441237	-10941,987978	-2985,126185	-11905,852490	-12352,955036	8,165104	68,725960	23,555542	23,923255	26,913107	24,015563	24,223915	-2,910543	1,255001	0,978185	239824,626860	-0,192969	0,000587	1,865501	0,616915	2,034025	-0,124485	-0,124487	0,000000	3,117794	0,526977	0,399918
96,200000	7,893860	7,924322	0,432740	0,097121	2,089321	-12570,394291	-10941,264034	-2985,155123	-11918,363990	-12365,466537	8,168278	68,723040	23,552294	23,924244	26,912224	24,007765	24,225205	-2,910387	1,255799	0,977907	239816,854102	-0,192177	0,000560	1,800733	0,616455	2,033733	-0,124486	-0,124479	0,000000	3,117718	0,528621	0,399908
96,400000	7,894012	7,924540	0,431733	0,096012	2,078547	-12581,654365	-10940,779027	-2985,056931	-11926,515401	-12373,617947	8,171292	68,729406	23,546024	23,924151	26,909827	24,005873	24,229119	-2,910193	1,254583	0,977741	239812,417824	-0,191506	0,000535	1,814198	0,616290	2,032949	-0,124486	-0,124481	0,000000	3,117883	0,528860	0,399929
96,600000	7,893762	7,924655	0,430830	0,094804	2,071327	-12599,606680	-10942,001670	-2984,798179	-11920,485645	-12367,588192	8,174379	68,726441	23,541811	23,923656	26,909223	24,010374	24,230025	-2,910319	1,253645	0,977469	239798,929244	-0,191416	0,000480	1,882379	0,616296	2,033041	-0,124480	-0,124487	0,000000	3,117806	0,529206	0,399920
96,800000	7,893175	7,924420	0,426049	0,095256	2,064513	-12602,889912	-10942,961771	-2984,935287	-11909,212716	-12356,315263	8,177587	68,702489	23,543119	23,925223	26,912087	24,019568	24,228684	-2,910624	1,253263	0,977168	239780,905954	-0,192100	0,000454	1,883127	0,616401	2,034520	-0,124478	-0,124494	0,000000	3,117186	0,531060	0,399840
97,000000	7,892729	7,924262	0,417997	0,096762	2,067794	-12586,425067	-10942,258179	-2985,253572	-11904,821005	-12351,923551	8,180805	68,683168	23,544294	23,926160	26,916851	24,026255	24,227145	-2,910668	1,254001	0,977100	239770,774862	-0,192707	0,000378	1,898250	0,616160	2,036802	-0,124484	-0,124501	0,000000	3,116685	0,533865	0,399776
97,200000	7,892472	7,924414	0,410386	0,097511	2,073155	-12563,392207	-10941,365699	-2985,161306	-11909,317906	-12356,420453	8,183958	68,664854	23,540364	23,922351	26,923704	24,021845	24,224716	-2,910490	1,255350	0,977369	239769,347001	-0,192636	0,000285	1,958402	0,615390	2,038389	-0,124496	-0,124499	0,000000	3,116210	0,536105	0,399715
97,400000	7,892435	7,924265	0,405371	0,097124	2,065348	-12556,145597	-10941,129266	-2985,048519	-11917,279423	-12364,381969	8,187117	68,643941	23,536517	23,919284	26,926309	24,010459	24,223053	-2,910440	1,255452	0,977926	239780,743483	-0,192597	0,000441	1,959701	0,614568	2,038290	-0,124504	-0,124491	0,000000	3,115667	0,537301	0,399645
97,600000	7,892634	7,923760	0,402942	0,096612	2,055730	-12567,362233	-10941,898402	-2985,171426	-11922,006261	-12369,108808	8,190360	68,671205	23,538704	23,920552	26,919003	24,003474	24,226284	-2,910527	1,255325	0,978361	239794,522146	-0,192896	0,000678	1,957965	0,613918	2,037605	-0,124500	-0,124487	0,000000	3,116374	0,537617	0,399736
97,800000	7,892864	7,923489	0,402109	0,096606	2,048664	-12582,107105	-10943,107680	-2985,278169	-11919,974788	-12367,077334	8,193793	68,759207	23,543940	23,922877	26,911710	24,005208	24,228757	-2,910557	1,255784	0,978104	239792,866263	-0,193317	0,000698	2,022914	0,613727	2,036785	-0,124490	-0,124486	0,000000	3,118656	0,537735	0,400029
98,000000	7,892599	7,923515	0,403085	0,097144	2,040610	-12598,018305	-10942,928113	-2985,263183	-11913,092476	-12360,195023	8,197232	68,828109	23,544551	23,924598	26,912201	24,011202	24,227139	-2,910552	1,256318	0,977802	239796,422846	-0,193322	0,000502	2,061365	0,614552	2,037201	-0,124487	-0,124487	0,000000	3,120441	0,538083	0,400258
98,200000	7,892020	7,923675	0,405380	0,097465	2,038565	-12620,903851	-10941,948968	-2985,138317	-11910,153215	-12357,255762	8,200322	68,837559	23,538669	23,927403	26,916497	24,013501	24,229727	-2,910535	1,257764	0,977874	239812,794353	-0,192696	0,000266	1,994158	0,616074	2,039135	-0,124489	-0,124492	0,000000	3,120686	0,538546	0,400289
98,400000	7,891719	7,923662	0,407997	0,096858	2,038176	-12646,313386	-10941,848073	-2985,041219	-11918,866072	-12365,968619	8,203282	68,815251	23,531027	23,928737	26,922677	24,010266	24,236261	-2,910439	1,257970	0,977460	239807,327278	-0,192089	0,000273	1,898699	0,617168	2,040162	-0,124490	-0,124495	0,000000	3,120108	0,538508	0,400215
98,600000	7,891731	7,923161	0,411697	0,096024	2,043438	-12671,563715	-10941,871421	-2985,217286	-11932,393331	-12379,495877	8,206474	68,807750	23,526143	23,923281	26,928866	24,006320	24,241146	-2,910224	1,254428	0,976888	239808,733510	-0,192284	0,000442	1,869605	0,617294	2,038833	-0,124490	-0,124494	0,000000	3,119914	0,537196	0,400190
98,800000	7,892080	7,922546	0,414746	0,095523	2,059464	-12691,114973	-10941,512623	-2985,433605	-11936,795625	-12383,898172	8,209698	68,852903	23,526391	23,917141	26,926528	24,004361	24,241879	-2,910062	1,249841	0,977346	239830,748913	-0,193168	0,000472	1,869679	0,616324	2,036382	-0,124493	-0,124492	0,000000	3,121083	0,535166	0,400340
99,000000	7,892182	7,922118	0,414727	0,095160	2,071678	-12695,793830	-10941,379266	-2985,201261	-11932,895701	-12379,998247	8,212762	68,918605	23,532088	23,917745	26,915445	24,004533	24,237406	-2,910221	1,247351	0,978197	239829,588790	-0,193103	0,000349	1,843919	0,615170	2,034710	-0,124493	-0,124485	0,000000	3,122785	0,534124	0,400558
99,200000	7,891583	7,921794	0,412813	0,094817	2,079233	-12691,307744	-10941,582711	-2984,753152	-11929,133409	-12376,235956	8,215849	68,947821	23,538684	23,921925	26,909255	24,005403	24,231270	-2,910575	1,247960	0,978286	239828,608356	-0,191973	0,000165	1,824987	0,615094	2,034395	-0,124491	-0,124480	0,000000	3,123541	0,534744	0,400655
99,400000	7,890840	7,921563	0,410014	0,094782	2,083627	-12681,317395	-10942,098167	-2984,914344	-11928,988607	-12376,091154	8,218975	68,946947	23,538609	23,924069	26,914822	24,003097	24,232046	-2,910790	1,249978	0,977958	239838,476207	-0,192172	0,000118	1,844587	0,615889	2,034968	-0,124489	-0,124483	0,000000	3,123519	0,536490	0,400652
99,600000	7,890728	7,921489	0,406217	0,094797	2,073916	-12663,553694	-10941,781792	-2985,591161	-11932,532124	-12379,634670	8,222127	68,941291	23,531257	23,922890	26,920217	23,999634	24,243272	-2,910736	1,250836	0,977674	239852,131779	-0,193727	0,000307	1,852793	0,617500	2,035191	-0,124489	-0,124484	0,000000	3,123372	0,539355	0,400634
99,800000	7,891280	7,921484	0,401982	0,094217	2,052186	-12644,240713	-10940,496414	-2985,741535	-11934,540512	-12381,643059	8,225330	68,934059	23,525062	23,920488	26,918240	24,000712	24,252991	-2,910458	1,253160	0,977757	239875,430948	-0,194032	0,000444	1,860658	0,619787	2,034728	-0,124490	-0,124482	0,000000	3,123185	0,542988	0,400610
100,000000	7,891699	7,921306	0,398813	0,093996	2,030646	-12636,334364	-10940,275306	-2985,338374	-11935,237544	-12382,340090	8,228497	68,931249	23,525595	23,919498	26,914961	24,004882	24,251549	-2,910263	1,257499	0,978304	239862,219055	-0,193004	0,000453	1,899434	0,621167	2,034137	-0,124491	-0,124484	0,000000	3,123112	0,545416	0,400600
100,200000	7,891257	7,921058	0,397309	0,094387	2,019504	-12644,221324	-10941,083648	-2985,155461	-11938,301140	-12385,403686	8,231647	68,943599	23,530757	23,920239	26,912071	24,007976	24,243511	-2,910316	1,257581	0,978669	239819,971050	-0,192367	0,000496	1,912478	0,620975	2,033607	-0,124493	-0,124487	0,000000	3,123432	0,545812	0,400641
100,400000	7,890302	7,920980	0,396594	0,094233	2,017876	-12653,829612	-10941,717057	-2985,379706	-11936,874770	-12383,977317	8,234676	68,957935	23,535840	23,921168	26,909171	24,006419	24,234856	-2,910406	1,254870	0,978877	239805,608243	-0,192700	0,000527	1,946948	0,620148	2,033468	-0,124494	-0,124487	0,000000	3,123803	0,545353	0,400689
100,600000	7,889847	7,920921	0,397682	0,093611	2,021547	-12661,036510	-10941,950635	-2985,535585	-11934,031500	-12381,134047	8,237668	68,945747	23,537958	23,921607	26,907711	24,000088	24,232535	-2,910468	1,255668	0,979100	239811,881820	-0,193152	0,000549	2,003866	0,619360	2,033799	-0,124491	-0,124483	0,000000	3,123488	0,544229	0,400648
100,800000	7,889838	7,920840	0,401378	0,093377	2,036846	-12676,745475	-10940,504558	-2985,502345	-11938,649139	-12385,751686	8,240946	68,919865	23,536958	23,921840	26,906897	23,994056	24,240256	-2,910440	1,256661	0,979345	239816,365592	-0,193096	0,000573	1,959730	0,618983	2,033590	-0,124488	-0,124479	0,000000	3,122818	0,542455	0,400562
101,000000	7,889797	7,920730	0,406297	0,093567	2,056386	-12702,661093	-10938,737501	-2985,405571	-11941,806468	-12388,909015	8,244361	68,890072	23,534786	23,922039	26,902902	23,995666	24,248857	-2,910334	1,253794	0,979754	239809,104092	-0,192941	0,000560	1,877091	0,619199	2,032811	-0,124484	-0,124478	0,000000	3,122046	0,540732	0,400463
101,200000	7,889942	7,920545	0,411142	0,093370	2,065920	-12726,134949	-10939,242839	-2985,077737	-11934,395495	-12381,498042	8,247629	68,844712	23,534166	23,921860	26,895585	24,006763	24,249554	-2,910436	1,251920	0,979782	239794,646495	-0,192705	0,000625	1,855493	0,619674	2,032598	-0,124478	-0,124483	0,000000	3,120871	0,539263	0,400313
101,400000	7,890243	7,920432	0,415277	0,092939	2,074583	-12735,241352	-10940,781471	-2985,026584	-11918,889229	-12365,991776	8,250726	68,812583	23,535749	23,921922	26,891144	24,016803	24,244814	-2,910551	1,252565	0,979249	239792,444169	-0,193060	0,000690	1,850256	0,619932	2,033270	-0,124478	-0,124491	0,000000	3,120039	0,537896	0,400206
101,600000	7,890277	7,920159	0,419964	0,093658	2,082922	-12737,499392	-10941,450888	-2985,393535	-11904,781796	-12351,884342	8,253712	68,811119	23,538568	23,922505	26,893630	24,018030	24,239873	-2,910390	1,253142	0,978593	239792,051897	-0,194115	0,000593	1,893182	0,619706	2,034452	-0,124484	-0,124493	0,000000	3,120001	0,535912	0,400201
101,800000	7,890039	7,919743	0,426726	0,095236	2,082527	-12747,579428	-10940,508282	-2985,531635	-11901,716700	-12348,819247	8,256771	68,809244	23,540110	23,922737	26,895546	24,012698	24,236540	-2,910276	1,254562	0,978360	239783,277307	-0,194291	0,000500	1,981087	0,618854	2,034572	-0,124489	-0,124486	0,000000	3,119952	0,532615	0,400195
102,000000	7,889558	7,919451	0,433309	0,095520	2,081698	-12769,190456	-10939,583102	-2985,351256	-11906,820515	-12353,923062	8,259884	68,804793	23,538984	23,920861	26,892952	24,005782	24,235483	-2,910422	1,255477	0,978756	239794,485775	-0,193684	0,000482	2,022294	0,617772	2,033339	-0,124490	-0,124480	0,000000	3,119837	0,529223	0,400180
102,200000	7,888983	7,919236	0,436999	0,094576	2,080159	-12784,498647	-10940,692581	-2984,982530	-11909,012699	-12356,115246	8,262871	68,794686	23,539875	23,918797	26,890351	24,005010	24,235417	-2,910673	1,255241	0,978927	239821,544996	-0,193007	0,000463	2,018434	0,617244	2,032404	-0,124488	-0,124479	0,000000	3,119575	0,527398	0,400147
102,400000	7,888606	7,919293	0,439244	0,094554	2,080586	-12778,114094	-10942,114188	-2984,654305	-11904,106496	-12351,209042	8,265928	68,752378	23,545531	23,921438	26,886787	24,013362	24,234650	-2,911009	1,255733	0,978632	239828,613854	-0,191910	0,000631	1,974698	0,617394	2,032569	-0,124482	-0,124480	0,000000	3,118479	0,526695	0,400006
102,600000	7,888378	7,919426	0,442147	0,095799	2,088662	-12765,385399	-10942,500695	-2984,690986	-11896,006161	-12343,108707	8,269226	68,712775	23,550216	23,925185	26,884313	24,023304	24,232596	-2,911203	1,256492	0,978439	239819,193495	-0,191176	0,000840	1,933024	0,617856	2,033778	-0,124478	-0,124482	0,000000	3,117452	0,526025	0,399874
102,800000	7,888399	7,919165	0,445311	0,097088	2,094740	-12760,795731	-10942,519798	-2984,804421	-11889,603829	-12336,706376	8,272468	68,698658	23,547673	23,924384	26,888135	24,026384	24,229007	-2,910924	1,256684	0,977912	239810,369501	-0,191370	0,000662	1,898859	0,618276	2,035536	-0,124478	-0,124485	0,000000	3,117086	0,525222	0,399827
103,000000	7,888611	7,918720	0,447626	0,097546	2,101922	-12760,462608	-10942,334814	-2984,742267	-11889,039146	-12336,141693	8,275503	68,686914	23,540485	23,921936	26,898068	24,022169	24,227058	-2,910506	1,256761	0,977510	239826,617210	-0,191559	0,000364	1,853678	0,618639	2,037074	-0,124487	-0,124486	0,000000	3,116782	0,524685	0,399788
103,200000	7,888589	7,918477	0,449062	0,097148	2,114009	-12755,357192	-10941,893428	-2984,921705	-11895,984180	-12343,086727	8,278395	68,678501	23,537625	23,921472	26,904185	24,016569	24,224654	-2,910448	1,256019	0,978148	239850,077747	-0,192024	0,000277	1,857072	0,619057	2,037038	-0,124496	-0,124486	0,000000	3,116564	0,524517	0,399760
103,400000	7,888168	7,918372	0,450617	0,096552	2,118058	-12747,432236	-10940,780602	-2985,233073	-11903,876066	-12350,978613	8,281154	68,635877	23,542207	23,921159	26,900606	24,014474	24,218860	-2,910659	1,254398	0,978951	239829,181227	-0,192842	0,000489	1,843249	0,619276	2,035293	-0,124494	-0,124488	0,000000	3,115458	0,524128	0,399618
103,600000	7,887586	7,918251	0,453184	0,095883	2,111377	-12744,612220	-10940,083186	-2985,098616	-11905,811017	-12352,913564	8,284114	68,525214	23,549225	23,921834	26,895798	24,016421	24,216563	-2,910811	1,254478	0,979179	239794,060978	-0,192539	0,000877	1,800210	0,619052	2,033884	-0,124485	-0,124490	0,000000	3,112587	0,522996	0,399250
103,800000	7,887058	7,918201	0,456533	0,095291	2,104480	-12751,249794	-10940,470803	-2985,001047	-11907,474810	-12354,577357	8,287348	68,416892	23,551875	23,926270	26,895684	24,018775	24,218943	-2,910772	1,255676	0,979393	239771,281738	-0,192023	0,000876	1,833571	0,618639	2,034572	-0,124483	-0,124490	0,000000	3,109774	0,521434	0,398889
104,000000	7,886514	7,918370	0,459030	0,095207	2,105826	-12767,126091	-10941,246171	-2985,297723	-11914,828726	-12361,931273	8,290448	68,366261	23,546122	23,929274	26,900677	24,018868	24,223069	-2,910522	1,255060	0,979602	239749,303523	-0,192306	0,000525	1,885604	0,618933	2,036478	-0,124485	-0,124493	0,000000	3,108459	0,520801	0,398721
104,200000	7,886284	7,918678	0,460748	0,095529	2,110715	-12772,602577	-10942,081882	-2985,530407	-11922,978376	-12370,080923	8,293348	68,356985	23,535118	23,927093	26,908884	24,015966	24,229423	-2,910285	1,254076	0,978942	239733,161616	-0,192391	0,000368	1,860324	0,620054	2,037611	-0,124485	-0,124496	0,000000	3,108218	0,521166	0,398690
104,400000	7,886659	7,918567	0,464192	0,096173	2,113595	-12764,273741	-10942,099982	-2985,659699	-11928,950632	-12376,053179	8,296296	68,378729	23,527438	23,923602	26,914532	24,010522	24,233887	-2,910223	1,253857	0,977904	239706,987637	-0,192730	0,000455	1,825711	0,620977	2,037236	-0,124483	-0,124499	0,000000	3,108783	0,520724	0,398762
104,600000	7,887018	7,917992	0,469434	0,096090	2,122731	-12764,739935	-10941,577723	-2985,578088	-11931,733121	-12378,835667	8,299377	68,418440	23,527778	23,922326	26,913504	24,008538	24,231068	-2,910228	1,253872	0,977333	239677,982478	-0,193250	0,000522	1,871083	0,621225	2,036154	-0,124478	-0,124494	0,000000	3,109814	0,519039	0,398895
104,800000	7,886585	7,917509	0,473993	0,095078	2,134364	-12772,299557	-10941,329269	-2985,445117	-11928,792797	-12375,895344	8,302575	68,444226	23,532492	23,923690	26,909661	24,009763	24,223702	-2,910356	1,254382	0,977263	239669,489681	-0,193254	0,000487	1,925139	0,620842	2,035619	-0,124480	-0,124488	0,000000	3,110484	0,517078	0,398980
105,000000	7,885765	7,917273	0,476067	0,095322	2,137519	-12770,934799	-10941,809981	-2985,543172	-11922,727373	-12369,829920	8,305710	68,435307	23,534787	23,925089	26,908298	24,006775	24,219659	-2,910574	1,254039	0,977587	239683,605851	-0,193308	0,000476	1,916356	0,619868	2,035906	-0,124489	-0,124490	0,000000	3,110252	0,515522	0,398951
105,200000	7,885606	7,917257	0,476098	0,096667	2,142406	-12758,768404	-10943,097499	-2985,558487	-11919,611565	-12366,714112	8,308461	68,405388	23,531727	23,924768	26,908734	24,001265	24,222934	-2,910644	1,252940	0,978044	239697,120105	-0,193238	0,000453	1,908440	0,618743	2,036745	-0,124494	-0,124490	0,000000	3,109475	0,514576	0,398851
105,400000	7,885917	7,917154	0,475348	0,096790	2,149214	-12745,724578	-10943,087044	-2985,574149	-11927,219735	-12374,322281	8,311140	68,374570	23,525080	23,924010	26,911638	23,998913	24,232770	-2,910510	1,252724	0,978376	239676,990959	-0,192858	0,000429	1,961444	0,617923	2,037037	-0,124494	-0,124484	0,000000	3,108675	0,514156	0,398748
105,600000	7,885976	7,916686	0,473544	0,095918	2,146087	-12742,334571	-10941,454228	-2985,702876	-11944,670676	-12391,773223	8,314117	68,351606	23,519066	23,923698	26,917003	24,001088	24,242503	-2,910256	1,253123	0,978342	239653,979498	-0,192803	0,000466	1,974819	0,617412	2,036414	-0,124492	-0,124481	0,000000	3,108078	0,514343	0,398672
105,800000	7,885914	7,916297	0,470796	0,095538	2,139210	-12742,529280	-10940,651711	-2985,652987	-11961,063346	-12408,165893	8,317170	68,350219	23,517110	23,924522	26,920181	24,005146	24,244621	-2,910097	1,253602	0,978381	239658,830437	-0,193080	0,000466	1,884759	0,617275	2,036166	-0,124491	-0,124483	0,000000	3,108042	0,515171	0,398667
106,000000	7,885954	7,916071	0,468104	0,095220	2,128829	-12737,960732	-10940,935515	-2985,569852	-11971,383557	-12418,486104	8,320282	68,360351	23,519801	23,925417	26,919703	24,007357	24,239080	-2,910146	1,254138	0,978562	239672,907549	-0,193193	0,000469	1,868473	0,617423	2,036678	-0,124491	-0,124490	0,000000	3,108305	0,516224	0,398701
106,200000	7,885840	7,915826	0,465824	0,094736	2,116290	-12734,181967	-10941,104262	-2985,594395	-11979,311294	-12426,413841	8,323367	68,359044	23,524038	23,924502	26,917408	24,004465	24,231726	-2,910190	1,253975	0,978293	239674,251997	-0,193083	0,000425	1,951046	0,617586	2,037377	-0,124491	-0,124493	0,000000	3,108271	0,517147	0,398697
106,400000	7,885702	7,915954	0,463625	0,095192	2,110345	-12730,378828	-10940,707266	-2985,616263	-11990,078819	-12437,181366	8,326248	68,345411	23,524595	23,923084	26,918696	23,995924	24,230054	-2,910168	1,253661	0,977713	239664,355274	-0,192933	0,000299	1,945531	0,617535	2,037055	-0,124494	-0,124486	0,000000	3,107917	0,517894	0,398651
106,600000	7,885940	7,916134	0,461086	0,095389	2,106690	-12720,855680	-10940,328460	-2985,494456	-12001,016894	-12448,119441	8,329097	68,332908	23,522071	23,922052	26,924101	23,989495	24,235371	-2,910264	1,253722	0,977405	239671,853376	-0,192650	0,000212	1,863012	0,616940	2,035203	-0,124497	-0,124476	0,000000	3,107592	0,518316	0,398609
106,800000	7,886139	7,915830	0,457566	0,093986	2,109465	-12713,556287	-10940,833271	-2985,434722	-12004,861554	-12451,964101	8,332033	68,334454	23,520846	23,921214	26,924384	23,991539	24,240696	-2,910481	1,253484	0,977625	239684,989551	-0,192698	0,000164	1,842446	0,615937	2,033342	-0,124492	-0,124476	0,000000	3,107632	0,518708	0,398615
107,000000	7,885836	7,915387	0,451812	0,093109	2,119582	-12709,102235	-10941,706194	-2985,763303	-12003,049248	-12450,151795	8,335170	68,376752	23,522808	23,921486	26,919902	24,000046	24,242068	-2,910487	1,253353	0,978138	239668,984818	-0,193736	0,000310	1,865232	0,615068	2,032777	-0,124485	-0,124482	0,000000	3,108732	0,519996	0,398756
107,200000	7,885303	7,915193	0,445504	0,094014	2,120629	-12694,909326	-10941,841555	-2985,959389	-11999,573464	-12446,676011	8,338444	68,466004	23,526243	23,923406	26,920411	24,009404	24,240372	-2,910285	1,253753	0,978667	239644,421569	-0,194443	0,000533	1,894927	0,614580	2,033673	-0,124486	-0,124486	0,000000	3,111050	0,521838	0,399053
107,400000	7,884923	7,915312	0,442679	0,094953	2,110279	-12677,948780	-10941,725927	-2985,711820	-11996,374705	-12443,477251	8,341573	68,534165	23,526320	23,924088	26,927211	24,013055	24,236911	-2,910220	1,254293	0,978753	239643,787575	-0,193651	0,000520	1,984702	0,614039	2,034627	-0,124488	-0,124485	0,000000	3,112819	0,522417	0,399280
107,600000	7,884716	7,915323	0,442907	0,094772	2,097200	-12672,920999	-10941,326809	-2985,505983	-11994,418993	-12441,521540	8,344618	68,543726	23,523549	23,921408	26,929401	24,007816	24,234644	-2,910250	1,253941	0,978657	239663,165152	-0,192797	0,000478	2,034630	0,613139	2,034237	-0,124486	-0,124482	0,000000	3,113067	0,521578	0,399312
107,800000	7,884591	7,914956	0,440925	0,093952	2,085890	-12673,624623	-10940,285930	-2985,589913	-11991,158696	-12438,261243	8,347701	68,534263	23,524071	23,919079	26,925662	23,999218	24,234795	-2,910179	1,252939	0,979059	239679,801896	-0,193255	0,000491	1,946723	0,612971	2,032330	-0,124482	-0,124480	0,000000	3,112822	0,522129	0,399280
108,000000	7,884447	7,914580	0,433214	0,093507	2,077725	-12661,370543	-10940,079676	-2985,581367	-11983,485459	-12430,588005	8,350629	68,535884	23,530484	23,919866	26,920587	23,998396	24,235535	-2,910254	1,252643	0,979295	239677,892725	-0,193791	0,000453	1,854352	0,614484	2,029871	-0,124480	-0,124481	0,000000	3,112864	0,526203	0,399286
108,200000	7,884102	7,914404	0,422088	0,093795	2,073043	-12626,067218	-10941,537109	-2985,134932	-11967,962149	-12415,064695	8,353384	68,599904	23,537145	23,922250	26,912121	24,006210	24,234952	-2,910610	1,252776	0,978578	239673,657869	-0,193127	0,000445	1,872161	0,616547	2,029336	-0,124480	-0,124483	0,000000	3,114525	0,532072	0,399499
108,400000	7,883655	7,914281	0,412883	0,094148	2,072353	-12583,943538	-10943,745546	-2984,980941	-11947,259768	-12394,362315	8,356279	68,732576	23,537404	23,923608	26,909073	24,013401	24,233936	-2,910745	1,252991	0,978010	239680,897919	-0,192737	0,000401	1,930504	0,617604	2,031093	-0,124480	-0,124488	0,000000	3,117965	0,536442	0,399940
108,600000	7,883389	7,914140	0,408438	0,094572	2,066446	-12563,923087	-10944,651921	-2985,182536	-11935,830734	-12382,933280	8,359392	68,817561	23,532302	23,923858	26,915313	24,015634	24,235104	-2,910534	1,254202	0,978448	239682,525376	-0,192843	0,000418	1,946452	0,617881	2,033270	-0,124482	-0,124490	0,000000	3,120168	0,538380	0,400223
108,800000	7,883559	7,913959	0,406204	0,095070	2,051186	-12572,062463	-10943,305889	-2985,104731	-11940,148901	-12387,251447	8,362555	68,820192	23,526429	23,923380	26,923433	24,014882	24,236498	-2,910361	1,255259	0,978859	239678,341495	-0,192536	0,000554	1,979655	0,618182	2,034510	-0,124486	-0,124486	0,000000	3,120236	0,539503	0,400231
109,000000	7,883986	7,913598	0,403091	0,094987	2,042914	-12585,311734	-10941,289870	-2985,081671	-11945,656162	-12392,758709	8,365690	68,815625	23,524466	23,920939	26,926274	24,014152	24,234845	-2,910342	1,254844	0,978822	239689,281633	-0,192698	0,000568	2,031114	0,618444	2,034245	-0,124488	-0,124485	0,000000	3,120118	0,540918	0,400216
109,200000	7,883790	7,913203	0,399662	0,094551	2,042094	-12591,194609	-10940,338677	-2985,049246	-11940,056258	-12387,158805	8,368822	68,823825	23,528929	23,919667	26,918746	24,013623	24,229251	-2,910472	1,254581	0,978443	239717,863261	-0,193015	0,000542	2,003314	0,618513	2,033299	-0,124486	-0,124486	0,000000	3,120330	0,542268	0,400243
109,400000	7,882783	7,913016	0,396585	0,094557	2,037749	-12597,337514	-10940,744659	-2984,943555	-11927,366036	-12374,468582	8,371835	68,816630	23,537626	23,922266	26,907772	24,013465	24,221072	-2,910695	1,254582	0,977908	239750,373635	-0,192917	0,000564	1,946423	0,618759	2,033104	-0,124482	-0,124486	0,000000	3,120144	0,543643	0,400219
109,600000	7,881843	7,912971	0,393521	0,095478	2,037934	-12597,357875	-10941,349353	-2984,725243	-11915,481962	-12362,584509	8,374629	68,797371	23,543410	23,925545	26,903044	24,014319	24,218345	-2,910825	1,254813	0,977753	239764,888474	-0,192429	0,000598	1,918995	0,619485	2,033915	-0,124482	-0,124486	0,000000	3,119645	0,545461	0,400155
109,800000	7,881616	7,913027	0,391151	0,096883	2,040567	-12588,401394	-10941,661400	-2984,587090	-11907,532073	-12354,634620	8,377472	68,790576	23,539578	23,926439	26,906012	24,013848	24,224870	-2,910808	1,255049	0,977792	239764,854834	-0,191968	0,000597	1,840234	0,620075	2,035082	-0,124487	-0,124485	0,000000	3,119469	0,546918	0,400133
110,000000	7,881936	7,913067	0,391466	0,096965	2,039379	-12591,703129	-10941,817032	-2985,235696	-11905,012808	-12352,115354	8,380430	68,795907	23,529599	23,924840	26,911661	24,012879	24,232715	-2,910684	1,254196	0,977666	239789,909297	-0,192346	0,000568	1,757655	0,619902	2,036098	-0,124488	-0,124486	0,000000	3,119607	0,546658	0,400151
110,200000	7,882279	7,912822	0,395206	0,095518	2,039327	-12620,719812	-10941,523608	-2986,012564	-11908,912337	-12356,014883	8,383417	68,799591	23,524048	23,922799	26,912953	24,014834	24,234838	-2,910564	1,253482	0,978075	239831,389418	-0,192871	0,000646	1,811737	0,619388	2,036438	-0,124484	-0,124489	0,000000	3,119702	0,544730	0,400163
110,400000	7,882333	7,912472	0,400025	0,095443	2,037625	-12662,771517	-10941,346042	-2985,967179	-11916,727088	-12363,829634	8,386595	68,810360	23,527334	23,921866	26,909486	24,018110	24,230000	-2,910524	1,253522	0,979027	239844,408819	-0,192798	0,000676	1,925221	0,619251	2,036173	-0,124483	-0,124491	0,000000	3,119981	0,542709	0,400199
110,600000	7,882069	7,912426	0,402072	0,097211	2,041249	-12694,313325	-10941,923015	-2985,365188	-11921,656938	-12368,759485	8,389892	68,860568	23,533360	23,922019	26,905682	24,018800	24,220474	-2,910431	1,254006	0,979169	239832,842837	-0,192336	0,000535	1,968694	0,619881	2,036289	-0,124487	-0,124493	0,000000	3,121282	0,542458	0,400365
110,800000	7,881618	7,912554	0,401047	0,097682	2,052876	-12698,945533	-10942,996446	-2984,907057	-11919,672301	-12366,774847	8,393071	68,934244	23,535103	23,923389	26,905300	24,015200	24,213365	-2,910422	1,254619	0,978561	239820,334397	-0,192047	0,000449	1,959538	0,620922	2,036884	-0,124490	-0,124493	0,000000	3,123190	0,543771	0,400610
111,000000	7,881014	7,912600	0,401341	0,096229	2,055545	-12689,517758	-10942,999660	-2984,887999	-11917,822891	-12364,925438	8,396094	68,969576	23,532180	23,924806	26,908745	24,008029	24,215863	-2,910590	1,254901	0,978016	239831,265814	-0,192024	0,000516	1,957030	0,621267	2,036684	-0,124491	-0,124491	0,000000	3,124104	0,543966	0,400727
111,200000	7,880748	7,912604	0,404174	0,095615	2,051656	-12694,463049	-10941,396665	-2984,973970	-11920,193002	-12367,295549	8,399002	68,952995	23,526777	23,924829	26,910603	24,002863	24,224672	-2,910639	1,255500	0,977675	239858,636570	-0,192148	0,000559	1,937070	0,620736	2,036389	-0,124487	-0,124490	0,000000	3,123675	0,542407	0,400672
111,400000	7,880938	7,912513	0,405593	0,095943	2,052142	-12704,107836	-10940,451271	-2985,003998	-11922,052022	-12369,154568	8,401907	68,922542	23,521385	23,924080	26,911142	24,006346	24,231210	-2,910538	1,255522	0,977830	239860,606528	-0,192558	0,000531	1,868876	0,619998	2,036298	-0,124483	-0,124490	0,000000	3,122887	0,541211	0,400571
111,600000	7,880743	7,912211	0,405422	0,095154	2,053193	-12701,185043	-10940,946243	-2985,027235	-11922,349331	-12369,451878	8,404910	68,908944	23,519968	23,923599	26,911472	24,014020	24,231513	-2,910625	1,253814	0,978518	239844,948720	-0,192584	0,000362	1,835789	0,619061	2,036088	-0,124485	-0,124491	0,000000	3,122535	0,540442	0,400526
111,800000	7,880260	7,911832	0,406996	0,094538	2,051663	-12704,464959	-10941,506380	-2985,092256	-11922,685223	-12369,787769	8,407960	68,912860	23,522776	23,923480	26,908773	24,015406	24,226555	-2,910831	1,252678	0,978731	239839,296784	-0,192260	0,000145	1,889659	0,617801	2,037507	-0,124488	-0,124494	0,000000	3,122636	0,538711	0,400539
112,000000	7,880337	7,911537	0,409912	0,095300	2,051045	-12718,012453	-10941,619502	-2985,380937	-11927,161532	-12374,264079	8,411052	68,921298	23,524815	23,923209	26,910487	24,007970	24,223032	-2,910708	1,252462	0,978255	239845,774358	-0,192744	0,000182	1,967599	0,616312	2,038909	-0,124488	-0,124491	0,000000	3,122855	0,536286	0,400567
112,200000	7,880859	7,911314	0,413326	0,095318	2,055490	-12728,768852	-10941,031575	-2985,656048	-11935,546416	-12382,648963	8,414129	68,924783	23,522257	23,921742	26,918624	23,996563	24,225006	-2,910406	1,252088	0,978415	239858,487110	-0,193639	0,000342	1,993307	0,614982	2,037951	-0,124492	-0,124482	0,000000	3,122945	0,533840	0,400579
112,400000	7,881075	7,911222	0,417998	0,094188	2,059242	-12737,381932	-10940,454589	-2985,510884	-11939,649282	-12386,751829	8,417113	68,919925	23,517507	23,920005	26,920531	23,989543	24,229708	-2,910284	1,252939	0,978881	239870,909183	-0,193525	0,000420	1,953337	0,614424	2,035642	-0,124497	-0,124475	0,000000	3,122819	0,531599	0,400563
112,600000	7,880821	7,911158	0,423386	0,093509	2,059222	-12747,214708	-10940,339906	-2985,167556	-11936,735624	-12383,838171	8,420066	68,906581	23,516390	23,920991	26,912373	23,991500	24,234307	-2,910329	1,254116	0,978476	239894,936206	-0,192817	0,000472	1,886037	0,614764	2,034510	-0,124498	-0,124476	0,000000	3,122474	0,529858	0,400518
112,800000	7,880236	7,911032	0,428240	0,093641	2,069333	-12761,257178	-10940,480604	-2985,219639	-11928,309307	-12375,411853	8,423148	68,893315	23,519014	23,923673	26,907283	23,998305	24,236654	-2,910420	1,253547	0,978086	239922,909079	-0,192783	0,000589	1,835530	0,616029	2,034688	-0,124493	-0,124481	0,000000	3,122130	0,529122	0,400474
113,000000	7,879686	7,911025	0,432540	0,094483	2,086560	-12774,172584	-10941,136847	-2985,587928	-11919,713346	-12366,815892	8,426311	68,891439	23,519417	23,924792	26,910103	24,003318	24,237528	-2,910438	1,252528	0,978284	239931,409070	-0,192901	0,000706	1,830222	0,617836	2,034917	-0,124486	-0,124483	0,000000	3,122082	0,529083	0,400468
113,200000	7,879604	7,911067	0,438091	0,095115	2,095391	-12784,673713	-10941,303954	-2985,834919	-11922,195305	-12369,297852	8,429433	68,898988	23,514476	23,923925	26,911985	24,001879	24,240469	-2,910316	1,252121	0,978618	239925,506569	-0,193091	0,000596	1,865787	0,619091	2,035994	-0,124485	-0,124482	0,000000	3,122277	0,528118	0,400493
113,400000	7,879952	7,910843	0,445441	0,094842	2,103847	-12804,227098	-10940,498161	-2985,818641	-11936,192195	-12383,294742	8,432613	68,908577	23,508836	23,922473	26,911828	23,996565	24,243616	-2,910205	1,252384	0,978736	239902,776997	-0,193670	0,000315	1,915878	0,619362	2,036687	-0,124491	-0,124481	0,000000	3,122525	0,525651	0,400525
113,600000	7,880276	7,910421	0,452391	0,094414	2,112711	-12826,949953	-10939,613326	-2985,599687	-11952,810608	-12399,913155	8,435732	68,918031	23,508488	23,920805	26,909430	23,993840	24,243299	-2,910327	1,253428	0,978506	239883,767107	-0,193785	0,000265	1,937784	0,619100	2,035266	-0,124494	-0,124479	0,000000	3,122770	0,522887	0,400556
113,800000	7,879982	7,909990	0,457595	0,094078	2,114283	-12841,918985	-10938,823407	-2985,384426	-11966,601740	-12413,704286	8,438780	68,933046	23,513144	23,919839	26,900495	23,994312	24,240648	-2,910498	1,253901	0,978578	239886,873861	-0,193591	0,000471	1,941033	0,618486	2,032727	-0,124490	-0,124478	0,000000	3,123159	0,520463	0,400606
114,000000	7,879528	7,909474	0,461053	0,094332	2,116428	-12853,184502	-10938,941757	-2985,033184	-11973,261545	-12420,364092	8,441929	68,954025	23,518650	23,922022	26,889609	23,997107	24,237310	-2,910430	1,253858	0,978954	239895,780720	-0,193150	0,000618	1,948304	0,617718	2,031548	-0,124486	-0,124479	0,000000	3,123702	0,518534	0,400676
114,200000	7,879418	7,909150	0,463633	0,095315	2,117631	-12855,825606	-10940,769008	-2984,725185	-11972,701567	-12419,804114	8,445102	68,957977	23,521313	23,925173	26,887677	24,001879	24,236642	-2,910290	1,254013	0,979098	239888,446214	-0,192503	0,000696	1,883590	0,617403	2,032569	-0,124487	-0,124478	0,000000	3,123804	0,517327	0,400689
114,400000	7,879139	7,909080	0,467689	0,095579	2,120329	-12846,496788	-10942,589184	-2984,981280	-11970,322745	-12417,425292	8,448266	68,940129	23,518116	23,925003	26,895666	24,004767	24,240625	-2,910312	1,253971	0,978673	239842,666851	-0,192416	0,000755	1,787045	0,617110	2,034022	-0,124487	-0,124477	0,000000	3,123342	0,515662	0,400630
114,600000	7,878843	7,908942	0,473512	0,095013	2,130411	-12843,034328	-10943,170915	-2985,520197	-11970,555839	-12417,658385	8,451529	68,932151	23,511699	23,921656	26,902475	24,003323	24,244848	-2,910323	1,253438	0,978024	239794,714445	-0,192854	0,000675	1,784922	0,616099	2,034460	-0,124486	-0,124480	0,000000	3,123136	0,512792	0,400603
114,800000	7,878850	7,908667	0,478625	0,094495	2,135603	-12851,387643	-10942,713948	-2985,865972	-11975,190128	-12422,292675	8,454826	68,943848	23,511600	23,919007	26,900807	24,003209	24,243771	-2,910222	1,252867	0,978080	239783,604846	-0,193619	0,000567	1,823375	0,614963	2,033874	-0,124485	-0,124482	0,000000	3,123439	0,510061	0,400642
115,000000	7,878858	7,908294	0,481637	0,094241	2,138679	-12856,909298	-10941,395812	-2985,710025	-11982,068610	-12429,171156	8,457997	68,962545	23,520674	23,920242	26,896044	24,007128	24,235403	-2,910258	1,253643	0,978143	239781,387029	-0,194126	0,000564	1,853946	0,614470	2,033170	-0,124483	-0,124479	0,000000	3,123923	0,508584	0,400704
115,200000	7,878675	7,908135	0,483358	0,095057	2,147650	-12856,971743	-10940,814257	-2985,126627	-11987,258750	-12434,361297	8,461164	68,975320	23,530850	23,923775	26,895254	24,008404	24,224970	-2,910437	1,254742	0,977535	239763,086871	-0,193787	0,000536	1,932887	0,614581	2,033046	-0,124481	-0,124481	0,000000	3,124253	0,508069	0,400747
115,400000	7,878538	7,908280	0,485530	0,096413	2,153922	-12856,520510	-10941,941692	-2984,873494	-11989,593541	-12436,696088	8,464447	68,976667	23,533894	23,925688	26,896558	24,005773	24,220788	-2,910532	1,254310	0,977386	239742,682595	-0,193066	0,000575	1,992425	0,615033	2,033517	-0,124481	-0,124488	0,000000	3,124288	0,507706	0,400751
115,600000	7,878545	7,908234	0,488817	0,096159	2,155680	-12857,450774	-10942,607646	-2985,031102	-11992,838268	-12439,940815	8,467694	68,970574	23,531356	23,924801	26,898289	24,003237	24,224200	-2,910523	1,253812	0,977969	239718,783061	-0,192494	0,000705	1,963442	0,616315	2,034014	-0,124484	-0,124491	0,000000	3,124130	0,507642	0,400731
115,800000	7,878342	7,908008	0,492332	0,094789	2,157189	-12856,148835	-10941,987752	-2985,062348	-11996,436593	-12443,539139	8,470765	68,959371	23,529561	23,923118	26,901427	24,003803	24,231388	-2,910522	1,253626	0,978087	239691,013041	-0,192146	0,000669	1,937052	0,618792	2,033787	-0,124480	-0,124488	0,000000	3,123840	0,508477	0,400694
116,000000	7,877956	7,907968	0,495454	0,094505	2,158592	-12844,016583	-10941,520451	-2985,065980	-11991,210043	-12438,312589	8,473736	68,958309	23,530054	23,922440	26,903471	24,009402	24,237599	-2,910562	1,252895	0,977725	239679,545119	-0,192284	0,000557	1,932669	0,621351	2,033194	-0,124475	-0,124484	0,000000	3,123813	0,509516	0,400690
116,200000	7,877316	7,908211	0,498282	0,095439	2,156929	-12830,069889	-10941,230319	-2985,023553	-11979,687962	-12426,790508	8,476730	68,979596	23,531781	23,923063	26,902267	24,016121	24,235222	-2,910668	1,253168	0,977586	239673,853736	-0,192575	0,000425	1,874903	0,622744	2,033563	-0,124475	-0,124484	0,000000	3,124364	0,509704	0,400761
116,400000	7,876471	7,908487	0,500702	0,096280	2,153806	-12821,749931	-10941,211552	-2984,813161	-11969,543042	-12416,645589	8,479745	68,977697	23,533345	23,924272	26,902769	24,017367	24,224454	-2,910802	1,253988	0,977601	239673,613573	-0,192299	0,000187	1,782395	0,622718	2,034487	-0,124480	-0,124491	0,000000	3,124315	0,508876	0,400754
116,600000	7,876273	7,908498	0,503040	0,096615	2,160628	-12812,734777	-10941,857873	-2984,617960	-11963,339653	-12410,442199	8,483023	68,912804	23,533870	23,924943	26,906697	24,010803	24,217179	-2,910784	1,253846	0,977799	239667,806506	-0,191703	0,000222	1,768800	0,621578	2,035424	-0,124483	-0,124494	0,000000	3,122635	0,507159	0,400539
116,800000	7,876558	7,908273	0,506433	0,096775	2,172619	-12808,194936	-10941,991718	-2984,597996	-11966,392238	-12413,494785	8,486488	68,839385	23,531415	23,924248	26,908629	24,000819	24,219035	-2,910568	1,253907	0,977919	239638,526079	-0,191409	0,000553	1,850190	0,620107	2,036232	-0,124486	-0,124490	0,000000	3,120733	0,504811	0,400295
117,000000	7,876427	7,907904	0,510427	0,096444	2,177031	-12813,208912	-10941,811146	-2984,902005	-11976,965478	-12424,068024	8,489555	68,821341	23,525834	23,922646	26,911112	23,996750	24,224623	-2,910425	1,253352	0,977562	239624,130730	-0,191914	0,000716	1,897814	0,618978	2,035551	-0,124484	-0,124485	0,000000	3,120266	0,502545	0,400235
117,200000	7,876274	7,907500	0,512748	0,095830	2,184049	-12820,149629	-10942,449742	-2985,153121	-11984,441545	-12431,544092	8,492348	68,850447	23,522609	23,922037	26,915429	24,002267	24,228497	-2,910570	1,252051	0,977237	239628,625077	-0,192447	0,000680	1,874591	0,618267	2,034828	-0,124481	-0,124483	0,000000	3,121020	0,501183	0,400332
117,400000	7,876160	7,907142	0,512706	0,096171	2,192437	-12822,956617	-10942,943969	-2985,166160	-11984,776212	-12431,878759	8,495262	68,882199	23,524396	23,924191	26,917789	24,011287	24,228842	-2,910696	1,252253	0,977311	239616,927608	-0,192399	0,000643	1,819442	0,617652	2,036093	-0,124484	-0,124486	0,000000	3,121842	0,500678	0,400437
117,600000	7,875548	7,907029	0,512443	0,097061	2,190288	-12815,618167	-10943,000811	-2985,352628	-11984,984775	-12432,087322	8,498207	68,833821	23,526016	23,926426	26,921522	24,016569	24,226844	-2,910599	1,253345	0,977296	239595,539842	-0,192564	0,000631	1,773955	0,616580	2,038838	-0,124489	-0,124493	0,000000	3,120589	0,499892	0,400277
117,800000	7,875117	7,907144	0,513104	0,097168	2,184106	-12795,941847	-10943,049000	-2985,650886	-11988,956427	-12436,058974	8,501296	68,689764	23,522335	23,924587	26,926622	24,014281	24,225814	-2,910503	1,253763	0,977054	239574,652089	-0,193176	0,000612	1,789075	0,615358	2,040220	-0,124494	-0,124492	0,000000	3,116856	0,498701	0,399798
118,000000	7,875409	7,907143	0,513132	0,096800	2,176525	-12775,377192	-10942,104408	-2985,642931	-11992,527946	-12439,630492	8,504541	68,584685	23,517049	23,922359	26,926814	24,005250	24,226851	-2,910434	1,253499	0,976845	239546,656034	-0,193612	0,000598	1,825209	0,615125	2,039424	-0,124499	-0,124484	0,000000	3,114130	0,498508	0,399448
118,200000	7,875880	7,907070	0,511071	0,096311	2,173702	-12758,569691	-10940,986295	-2985,424831	-11992,678671	-12439,781218	8,507702	68,572174	23,516746	23,924006	26,925598	23,997935	24,229284	-2,910327	1,253378	0,976499	239518,519888	-0,193333	0,000664	1,860257	0,615926	2,038301	-0,124497	-0,124480	0,000000	3,113805	0,499829	0,399406
118,400000	7,875782	7,907093	0,507357	0,095731	2,178470	-12740,641638	-10941,323008	-2985,396509	-11989,153863	-12436,256409	8,510749	68,589956	23,520401	23,926296	26,926649	23,998378	24,229626	-2,910397	1,253321	0,976315	239495,783921	-0,193235	0,000760	1,892877	0,616561	2,036482	-0,124486	-0,124480	0,000000	3,114267	0,501577	0,399466
118,600000	7,875217	7,906962	0,504149	0,095619	2,175640	-12721,168197	-10942,115308	-2985,345985	-11979,757521	-12426,860068	8,513760	68,593891	23,520757	23,925945	26,927320	24,001066	24,228025	-2,910580	1,252988	0,976926	239480,282160	-0,193818	0,000706	1,855247	0,616602	2,035397	-0,124478	-0,124483	0,000000	3,114369	0,502675	0,399479
118,800000	7,874829	7,906576	0,501536	0,095496	2,168628	-12700,254591	-10942,984768	-2985,177264	-11967,358323	-12414,460869	8,516821	68,529154	23,515555	23,925578	26,931108	24,001691	24,231558	-2,910496	1,253455	0,977734	239470,120212	-0,193948	0,000496	1,773834	0,616557	2,036328	-0,124479	-0,124486	0,000000	3,112689	0,503498	0,399263
119,000000	7,874781	7,906305	0,497450	0,094858	2,166100	-12673,461343	-10943,609486	-2985,123348	-11960,575761	-12407,678308	8,519910	68,406035	23,509073	23,925721	26,940255	24,001028	24,237763	-2,910270	1,254297	0,977541	239452,556569	-0,193257	0,000256	1,790656	0,616325	2,037322	-0,124488	-0,124487	0,000000	3,109492	0,504683	0,398853
119,200000	7,875054	7,906101	0,491271	0,094307	2,160691	-12643,240280	-10942,600230	-2985,174290	-11959,514209	-12406,616755	8,522948	68,333821	23,504996	23,922393	26,951091	23,999075	24,240529	-2,910155	1,253805	0,976777	239437,344219	-0,192670	0,000135	1,906021	0,615693	2,036796	-0,124494	-0,124486	0,000000	3,107616	0,506267	0,398613
119,400000	7,875316	7,905635	0,483782	0,094142	2,151782	-12617,288859	-10940,811469	-2985,390186	-11959,348737	-12406,451284	8,525893	68,348243	23,506086	23,918542	26,953443	23,996516	24,239841	-2,910223	1,252870	0,976605	239439,451253	-0,192971	0,000304	2,000059	0,615223	2,035367	-0,124493	-0,124485	0,000000	3,107991	0,508420	0,398661
119,600000	7,875180	7,905153	0,476715	0,094218	2,143748	-12598,477215	-10940,000044	-2985,661912	-11956,788635	-12403,891182	8,528880	68,389712	23,512482	23,919980	26,943746	23,994452	24,235074	-2,910466	1,252274	0,976832	239455,550485	-0,193970	0,000584	2,008749	0,615107	2,034254	-0,124492	-0,124480	0,000000	3,109068	0,510710	0,398799
119,800000	7,874779	7,904980	0,470693	0,094118	2,135259	-12588,173805	-10941,037432	-2985,680630	-11950,302539	-12397,405086	8,531914	68,410339	23,519587	23,924341	26,935454	23,994332	24,228789	-2,910586	1,251820	0,976632	239471,957812	-0,194706	0,000647	1,933801	0,614662	2,033761	-0,124492	-0,124477	0,000000	3,109604	0,512399	0,398868
120,000000	7,874347	7,905060	0,464792	0,093928	2,122470	-12579,337275	-10942,293302	-2985,565443	-11944,010119	-12391,112666	8,534898	68,402016	23,520356	23,925796	26,935674	23,994002	24,229957	-2,910552	1,252440	0,976365	239468,734770	-0,194457	0,000591	1,854899	0,614012	2,034069	-0,124491	-0,124482	0,000000	3,109388	0,513923	0,398840
120,200000	7,874297	7,905029	0,456936	0,094161	2,107765	-12564,988257	-10941,695413	-2985,661368	-11943,977533	-12391,080080	8,537924	68,385735	23,513567	23,923378	26,941225	23,991155	24,240549	-2,910446	1,252994	0,976844	239461,495051	-0,194064	0,000553	1,809566	0,614032	2,034454	-0,124493	-0,124485	0,000000	3,108965	0,516725	0,398786
120,400000	7,874699	7,904935	0,446780	0,093720	2,102146	-12543,939478	-10940,513345	-2985,871561	-11948,687651	-12395,790197	8,541028	68,374180	23,505722	23,920471	26,946665	23,991098	24,249400	-2,910206	1,252307	0,977181	239472,569611	-0,193996	0,000490	1,815799	0,614624	2,034291	-0,124493	-0,124484	0,000000	3,108665	0,520864	0,398747
120,600000	7,874795	7,904915	0,438516	0,092742	2,099898	-12526,817305	-10940,367735	-2985,748400	-11949,851611	-12396,954158	8,544249	68,369275	23,503436	23,920012	26,947535	23,994916	24,249259	-2,910105	1,252381	0,976730	239479,140884	-0,193471	0,000350	1,898106	0,615172	2,033792	-0,124488	-0,124481	0,000000	3,108537	0,524326	0,398731
120,800000	7,874226	7,904554	0,434521	0,093292	2,088549	-12531,820142	-10940,941758	-2985,175549	-11945,843741	-12392,946288	8,547424	68,384003	23,508096	23,920945	26,944319	23,997688	24,241414	-2,910237	1,253203	0,976578	239469,311766	-0,192625	0,000180	1,968442	0,615436	2,033409	-0,124486	-0,124481	0,000000	3,108920	0,525984	0,398780
121,000000	7,873511	7,904188	0,430905	0,094343	2,080613	-12548,634526	-10941,165513	-2984,789615	-11940,406438	-12387,508985	8,550350	68,406933	23,515033	23,921351	26,937752	23,998094	24,231520	-2,910299	1,253681	0,977275	239448,658894	-0,192063	0,000246	1,969926	0,615728	2,033438	-0,124491	-0,124483	0,000000	3,109516	0,527529	0,398856
121,200000	7,873163	7,904071	0,423526	0,094273	2,078329	-12550,037548	-10941,164722	-2985,056725	-11936,789017	-12383,891563	8,553285	68,413899	23,518514	23,921653	26,930913	23,995826	24,228297	-2,910252	1,254084	0,977987	239424,906654	-0,192574	0,000473	1,963143	0,616215	2,033766	-0,124494	-0,124482	0,000000	3,109696	0,530665	0,398879
121,400000	7,873173	7,903817	0,415974	0,094098	2,070694	-12538,625147	-10940,899023	-2985,341456	-11937,213517	-12384,316063	8,556333	68,404147	23,517360	23,922186	26,926373	23,991727	24,233218	-2,910330	1,254053	0,978288	239423,539892	-0,193841	0,000526	1,968110	0,616810	2,033805	-0,124493	-0,124479	0,000000	3,109443	0,533987	0,398847
121,600000	7,873191	7,903748	0,412524	0,094369	2,063568	-12540,059196	-10940,680278	-2985,391317	-11937,917367	-12385,019913	8,559363	68,381294	23,515222	23,922496	26,923097	23,993433	24,240661	-2,910466	1,253695	0,978671	239442,772363	-0,194162	0,000632	1,935556	0,617756	2,033191	-0,124492	-0,124479	0,000000	3,108850	0,536103	0,398771
121,800000	7,873002	7,903776	0,410451	0,094432	2,056921	-12556,896725	-10941,139718	-2985,625032	-11934,033844	-12381,136391	8,562397	68,371868	23,516104	23,921996	26,919985	24,004333	24,243883	-2,910460	1,253191	0,978681	239455,711720	-0,193741	0,000859	1,927297	0,618473	2,032829	-0,124487	-0,124484	0,000000	3,108605	0,537511	0,398739
122,000000	7,872755	7,903479	0,406834	0,094359	2,052425	-12569,820051	-10941,479626	-2985,564950	-11928,021322	-12375,123869	8,565503	68,394074	23,519469	23,921289	26,916856	24,014733	24,239788	-2,910331	1,252895	0,977802	239443,137903	-0,193512	0,000831	1,981934	0,617947	2,033233	-0,124477	-0,124488	0,000000	3,109182	0,538413	0,398813
122,200000	7,872605	7,903316	0,403082	0,095277	2,053581	-12575,474998	-10941,323993	-2985,067820	-11928,142100	-12375,244647	8,568678	68,439109	23,521828	23,921383	26,916687	24,016798	24,233309	-2,910260	1,253290	0,977288	239426,965394	-0,193311	0,000743	1,976979	0,616728	2,034113	-0,124473	-0,124488	0,000000	3,110351	0,538778	0,398963
122,400000	7,872256	7,903444	0,402806	0,096855	2,047556	-12591,341562	-10940,852144	-2984,956405	-11934,899701	-12382,002248	8,571636	68,542156	23,522396	23,921918	26,918548	24,010676	24,229079	-2,910329	1,253582	0,977437	239438,924963	-0,193161	0,000667	1,900919	0,616094	2,034751	-0,124484	-0,124489	0,000000	3,113026	0,538340	0,399307
122,600000	7,871702	7,903294	0,405820	0,096901	2,040657	-12621,852305	-10940,997069	-2985,300572	-11938,706760	-12385,809307	8,574346	68,675898	23,521899	23,920580	26,917729	24,002639	24,227756	-2,910521	1,253377	0,977684	239450,886400	-0,193384	0,000469	1,839363	0,616106	2,034575	-0,124491	-0,124487	0,000000	3,116496	0,537188	0,399752
122,800000	7,871503	7,902732	0,407326	0,095619	2,044713	-12649,654786	-10941,360438	-2985,390305	-11937,610731	-12384,713277	8,577223	68,742999	23,522031	23,918799	26,912646	24,001258	24,228585	-2,910685	1,253036	0,978506	239456,509382	-0,193782	0,000479	1,796227	0,616393	2,033208	-0,124487	-0,124483	0,000000	3,118236	0,536823	0,399975
123,000000	7,871607	7,902431	0,406070	0,095366	2,050230	-12665,595071	-10941,084992	-2985,034287	-11936,858941	-12383,961488	8,580269	68,754869	23,524936	23,921441	26,905614	24,007731	24,227980	-2,910652	1,253004	0,978998	239494,172567	-0,193567	0,000629	1,785663	0,617078	2,032397	-0,124482	-0,124482	0,000000	3,118543	0,537864	0,400014
123,200000	7,871458	7,902658	0,405650	0,096059	2,055644	-12674,288927	-10941,641638	-2984,649594	-11934,997896	-12382,100442	8,583338	68,759884	23,528697	23,925980	26,902652	24,016236	24,224709	-2,910696	1,253503	0,978531	239546,961611	-0,192633	0,000621	1,816184	0,617868	2,033763	-0,124479	-0,124487	0,000000	3,118673	0,538714	0,400031
123,400000	7,870978	7,902960	0,407696	0,096450	2,062637	-12682,761924	-10942,777161	-2984,721755	-11927,334326	-12374,436873	8,586556	68,785928	23,528002	23,926740	26,907509	24,018744	24,221077	-2,910841	1,253085	0,978298	239564,514732	-0,192084	0,000496	1,854185	0,618399	2,035932	-0,124478	-0,124496	0,000000	3,119348	0,538418	0,400117
123,600000	7,870696	7,902868	0,410435	0,096564	2,065857	-12686,828828	-10942,331945	-2985,028041	-11916,902402	-12364,004949	8,589754	68,853370	23,522337	23,923763	26,916394	24,013304	24,220541	-2,910724	1,252417	0,978333	239549,641648	-0,192558	0,000372	1,950377	0,618892	2,038047	-0,124479	-0,124500	0,000000	3,121096	0,537817	0,400342
123,800000	7,870843	7,902436	0,412902	0,096181	2,063207	-12686,772555	-10940,919538	-2985,048437	-11914,264576	-12361,367123	8,592786	68,919544	23,519012	23,921287	26,918697	24,007361	24,222657	-2,910508	1,253374	0,978204	239542,660982	-0,192957	0,000332	2,051082	0,619297	2,038431	-0,124483	-0,124497	0,000000	3,122809	0,537211	0,400561
124,000000	7,870767	7,902128	0,414721	0,095445	2,057198	-12698,411465	-10940,889780	-2984,931767	-11921,187099	-12368,289646	8,595793	68,934650	23,522214	23,920801	26,911151	24,004971	24,220705	-2,910604	1,253383	0,978647	239550,990950	-0,192567	0,000361	2,059820	0,619193	2,036524	-0,124489	-0,124493	0,000000	3,123200	0,536399	0,400612
124,200000	7,870341	7,902030	0,415714	0,095449	2,057595	-12711,420336	-10942,089656	-2984,664708	-11923,991057	-12371,093604	8,598704	68,902580	23,527724	23,922179	26,901622	24,004452	24,216175	-2,910904	1,251725	0,979208	239556,617968	-0,191837	0,000432	2,039108	0,618696	2,034901	-0,124488	-0,124493	0,000000	3,122370	0,535566	0,400505
124,400000	7,870175	7,901989	0,418193	0,095971	2,062086	-12710,657193	-10942,711045	-2984,455287	-11915,543052	-12362,645599	8,601565	68,872085	23,529535	23,925817	26,896565	24,005062	24,216294	-2,910972	1,251497	0,978441	239559,188678	-0,191542	0,000509	1,989396	0,618469	2,035235	-0,124482	-0,124493	0,000000	3,121580	0,534415	0,400404
124,600000	7,870177	7,901936	0,422953	0,096309	2,062677	-12710,698519	-10942,769221	-2984,754198	-11905,455079	-12352,557626	8,604531	68,886261	23,524607	23,927776	26,899405	24,004379	24,221356	-2,910735	1,252046	0,977469	239558,495147	-0,191916	0,000523	1,922811	0,618670	2,036609	-0,124482	-0,124490	0,000000	3,121947	0,532799	0,400451
124,800000	7,870249	7,901879	0,427789	0,096547	2,070757	-12723,481817	-10942,767691	-2985,222906	-11905,571504	-12352,674051	8,607564	68,928748	23,513848	23,925801	26,908372	24,000903	24,228392	-2,910418	1,251947	0,977668	239552,622764	-0,192164	0,000496	1,931617	0,618422	2,037781	-0,124488	-0,124489	0,000000	3,123048	0,530797	0,400592
125,000000	7,870533	7,901876	0,432255	0,096497	2,083920	-12737,583870	-10942,079461	-2985,596188	-11913,219302	-12360,321849	8,610646	68,968463	23,503961	23,923186	26,913638	23,998239	24,234092	-2,910212	1,252167	0,978456	239538,183030	-0,192591	0,000550	1,978264	0,616856	2,038078	-0,124496	-0,124490	0,000000	3,124076	0,527814	0,400724
125,200000	7,870713	7,901669	0,438315	0,095888	2,088296	-12742,084471	-10940,577296	-2985,650995	-11914,037943	-12361,140490	8,613661	68,993145	23,503810	23,922073	26,909898	23,999010	24,233711	-2,910184	1,252663	0,979257	239527,021545	-0,193324	0,000608	1,932958	0,614787	2,037287	-0,124498	-0,124488	0,000000	3,124715	0,523810	0,400806
125,400000	7,870420	7,901211	0,446745	0,095196	2,094937	-12755,047460	-10939,512685	-2985,288600	-11906,623450	-12353,725996	8,616564	69,001606	23,510905	23,922385	26,904114	24,000225	24,227642	-2,910260	1,252488	0,979367	239540,447533	-0,193384	0,000508	1,851182	0,614093	2,036614	-0,124491	-0,124485	0,000000	3,124933	0,520131	0,400834
125,600000	7,869657	7,900984	0,455067	0,095515	2,107061	-12780,940949	-10940,016735	-2984,803861	-11901,857582	-12348,960129	8,619530	69,003994	23,512981	23,923855	26,902546	23,997645	24,223300	-2,910366	1,251981	0,978516	239564,329254	-0,192599	0,000438	1,887780	0,615238	2,036422	-0,124489	-0,124481	0,000000	3,124995	0,518101	0,400842
125,800000	7,869142	7,900869	0,460711	0,096090	2,117254	-12796,156461	-10941,607780	-2984,479100	-11904,066610	-12351,169156	8,622632	68,997220	23,507929	23,925173	26,903714	23,993567	24,224825	-2,910434	1,252380	0,977700	239578,844386	-0,191748	0,000473	1,987472	0,616666	2,036578	-0,124495	-0,124478	0,000000	3,124820	0,517289	0,400819
126,000000	7,869235	7,900666	0,464395	0,095291	2,127902	-12799,034539	-10942,842638	-2984,699788	-11911,869138	-12358,971684	8,625749	68,979359	23,502142	23,924976	26,905714	23,991689	24,231811	-2,910397	1,253045	0,977650	239568,004214	-0,191920	0,000420	1,997952	0,616789	2,037023	-0,124497	-0,124477	0,000000	3,124358	0,516082	0,400760
126,200000	7,869546	7,900459	0,467889	0,094169	2,131563	-12797,449295	-10942,577594	-2985,367704	-11921,832963	-12368,935510	8,628817	68,966368	23,498994	23,922580	26,907708	23,992586	24,241342	-2,910307	1,252510	0,977705	239545,950326	-0,193022	0,000324	1,931631	0,615993	2,036802	-0,124491	-0,124478	0,000000	3,124021	0,514184	0,400717
126,400000	7,869886	7,900107	0,471170	0,094164	2,130856	-12791,481081	-10941,153254	-2985,900148	-11927,855647	-12374,958193	8,631812	68,957300	23,499304	23,919591	26,907068	23,997798	24,246660	-2,910186	1,251554	0,977467	239546,804940	-0,193874	0,000290	1,892161	0,615646	2,035847	-0,124485	-0,124480	0,000000	3,123787	0,512732	0,400687
126,600000	7,869862	7,899928	0,473729	0,094381	2,133762	-12786,262238	-10939,947198	-2985,826732	-11928,490707	-12375,593254	8,634697	68,946025	23,501716	23,919604	26,903236	24,004742	24,241758	-2,910129	1,251774	0,977594	239564,520072	-0,193870	0,000347	1,896653	0,616236	2,035557	-0,124489	-0,124483	0,000000	3,123495	0,512315	0,400649
126,800000	7,869553	7,900017	0,476178	0,094493	2,132730	-12781,742239	-10940,194876	-2985,322087	-11929,344664	-12376,447211	8,637627	68,939423	23,505176	23,921915	26,900368	24,004264	24,231436	-2,910267	1,252347	0,978153	239567,556957	-0,193629	0,000409	1,910605	0,617363	2,035948	-0,124499	-0,124489	0,000000	3,123324	0,512396	0,400627
127,000000	7,869473	7,899947	0,478563	0,095482	2,132263	-12774,188925	-10941,147194	-2985,145167	-11933,559768	-12380,662314	8,640554	68,901366	23,507770	23,922730	26,902463	23,995210	24,227827	-2,910341	1,252318	0,978404	239560,250409	-0,193947	0,000461	1,885526	0,618541	2,035739	-0,124503	-0,124489	0,000000	3,122339	0,512543	0,400501
127,200000	7,869238	7,899798	0,480267	0,095649	2,137910	-12769,473966	-10941,031433	-2985,565176	-11941,476306	-12388,578853	8,643390	68,814867	23,507391	23,922006	26,904274	23,988706	24,233049	-2,910197	1,252044	0,978422	239557,122350	-0,194584	0,000709	1,846925	0,619430	2,034727	-0,124499	-0,124482	0,000000	3,120098	0,512685	0,400214
127,400000	7,868755	7,899616	0,481831	0,093419	2,141336	-12770,915638	-10940,087056	-2985,807807	-11951,225138	-12398,327685	8,646356	68,752134	23,505678	23,921424	26,899849	23,989528	24,239090	-2,910068	1,251887	0,978682	239533,410502	-0,194699	0,000892	1,834237	0,619631	2,032858	-0,124490	-0,124476	0,000000	3,118472	0,512292	0,400005
127,600000	7,868453	7,899241	0,483841	0,091740	2,141022	-12772,687559	-10940,034450	-2985,316683	-11953,880683	-12400,983229	8,649315	68,762411	23,505628	23,922009	26,895085	23,995158	24,240500	-2,910104	1,252712	0,978929	239495,037920	-0,194117	0,000689	1,830387	0,618887	2,031642	-0,124482	-0,124479	0,000000	3,118739	0,510953	0,400039
127,800000	7,868213	7,898970	0,486129	0,092731	2,141969	-12770,097042	-10941,294356	-2984,987951	-11946,701795	-12393,804342	8,652172	68,810754	23,508262	23,924839	26,894866	24,004447	24,238158	-2,910282	1,253470	0,978968	239467,525584	-0,193802	0,000483	1,879719	0,617579	2,032262	-0,124479	-0,124483	0,000000	3,119992	0,509067	0,400200
128,000000	7,867796	7,898947	0,488699	0,094433	2,148956	-12765,970927	-10941,793406	-2985,429332	-11942,024647	-12389,127193	8,655133	68,842258	23,510181	23,925707	26,898765	24,010727	24,234557	-2,910392	1,253083	0,978990	239472,954575	-0,194377	0,000436	1,913246	0,616608	2,033377	-0,124481	-0,124487	0,000000	3,120808	0,507393	0,400305
128,200000	7,867481	7,898842	0,491635	0,094800	2,156303	-12771,284538	-10940,541375	-2985,658294	-11949,475404	-12396,577951	8,658152	68,815363	23,508267	23,921432	26,903702	24,007115	24,231352	-2,910287	1,253373	0,979129	239487,622326	-0,194709	0,000367	1,869163	0,616325	2,033697	-0,124482	-0,124490	0,000000	3,120111	0,506171	0,400215
128,400000	7,867606	7,898535	0,494711	0,094250	2,157785	-12789,972477	-10939,460577	-2985,244482	-11969,179636	-12416,282183	8,661272	68,737971	23,507160	23,918254	26,905746	23,998713	24,230426	-2,910177	1,253902	0,979049	239456,954994	-0,193998	0,000444	1,826319	0,616436	2,032537	-0,124483	-0,124485	0,000000	3,118105	0,505211	0,399958
128,600000	7,867548	7,898217	0,497020	0,094005	2,163016	-12805,580700	-10939,715980	-2984,812457	-11988,429562	-12435,532109	8,664372	68,685512	23,512330	23,919694	26,903380	23,995212	24,230755	-2,910275	1,253677	0,979051	239412,926654	-0,192972	0,000687	1,759763	0,616477	2,030593	-0,124481	-0,124479	0,000000	3,116745	0,504440	0,399784
128,800000	7,866945	7,898010	0,497171	0,094410	2,167651	-12801,468136	-10940,680003	-2984,744081	-11987,597112	-12434,699659	8,667236	68,681602	23,520174	23,922187	26,895384	23,999819	24,228460	-2,910560	1,253868	0,979121	239387,542368	-0,192460	0,000940	1,698351	0,616066	2,029734	-0,124476	-0,124479	0,000000	3,116644	0,504024	0,399771
129,000000	7,866368	7,897867	0,495170	0,094968	2,161368	-12777,525781	-10941,472057	-2985,107644	-11968,022398	-12415,124945	8,670130	68,682265	23,523261	23,923523	26,887284	24,007149	24,225324	-2,910741	1,253598	0,978543	239364,657366	-0,193143	0,001080	1,747036	0,615292	2,031277	-0,124478	-0,124482	0,000000	3,116661	0,504041	0,399773
129,200000	7,866200	7,897867	0,493241	0,095050	2,158747	-12746,657026	-10941,989486	-2985,404670	-11947,157424	-12394,259970	8,673063	68,674493	23,520341	23,925290	26,889136	24,010437	24,225986	-2,910618	1,252958	0,977798	239354,366124	-0,194000	0,000916	1,891139	0,614550	2,034584	-0,124488	-0,124484	0,000000	3,116460	0,504083	0,399747
129,400000	7,866386	7,897930	0,492601	0,095224	2,161459	-12725,432071	-10942,532937	-2985,441146	-11938,556298	-12385,658844	8,675802	68,647868	23,514844	23,925692	26,900762	24,009533	24,228587	-2,910501	1,253057	0,977662	239363,509272	-0,193777	0,000681	1,997208	0,614180	2,036823	-0,124492	-0,124488	0,000000	3,115769	0,504019	0,399658
129,600000	7,866492	7,897760	0,492268	0,095721	2,158854	-12711,497171	-10941,634161	-2985,400749	-11938,880190	-12385,982737	8,678553	68,594059	23,510542	23,921846	26,910894	24,006789	24,229588	-2,910498	1,253019	0,977873	239367,719591	-0,193464	0,000609	1,927775	0,614252	2,036078	-0,124487	-0,124493	0,000000	3,114373	0,504204	0,399479
129,800000	7,866413	7,897396	0,491411	0,095815	2,157378	-12697,287991	-10940,198181	-2985,013948	-11933,776526	-12380,879073	8,681462	68,553528	23,511555	23,919121	26,910878	24,004585	24,226693	-2,910415	1,253237	0,977863	239368,626038	-0,193603	0,000560	1,800439	0,614627	2,034356	-0,124479	-0,124495	0,000000	3,113322	0,504786	0,399344
130,000000	7,866144	7,897081	0,489840	0,095560	2,153931	-12689,116260	-10941,501586	-2984,656804	-11925,171401	-12372,273948	8,684333	68,544922	23,518598	23,921327	26,903576	24,006206	24,219798	-2,910425	1,253808	0,977674	239399,484008	-0,193306	0,000564	1,760587	0,615072	2,033944	-0,124480	-0,124491	0,000000	3,113098	0,505651	0,399316
130,200000	7,865503	7,896961	0,487356	0,095500	2,148737	-12682,128781	-10943,255646	-2984,731377	-11920,931353	-12368,033900	8,687161	68,546439	23,525145	23,924455	26,899835	24,009394	24,214524	-2,910606	1,254428	0,977163	239445,758400	-0,192592	0,000690	1,731234	0,615415	2,034683	-0,124486	-0,124484	0,000000	3,113138	0,506759	0,399321
130,400000	7,864999	7,897079	0,483731	0,096187	2,148903	-12664,197703	-10942,846690	-2984,833786	-11917,086139	-12364,188686	8,690144	68,547209	23,522959	23,924584	26,904159	24,007838	24,216613	-2,910810	1,254863	0,976715	239464,658962	-0,192433	0,000765	1,738631	0,615512	2,035907	-0,124487	-0,124484	0,000000	3,113158	0,508091	0,399323
130,600000	7,865077	7,897177	0,479883	0,096923	2,145367	-12641,583231	-10941,930330	-2984,954495	-11914,771839	-12361,874386	8,693166	68,572827	23,513993	23,922866	26,911504	24,004343	24,225518	-2,910886	1,253676	0,977127	239476,314072	-0,193070	0,000746	1,862718	0,615135	2,036686	-0,124488	-0,124487	0,000000	3,113822	0,509122	0,399409
130,800000	7,865348	7,896852	0,476230	0,096460	2,140850	-12623,958041	-10941,512968	-2985,234204	-11914,902364	-12362,004910	8,695990	68,635074	23,507509	23,921766	26,915310	24,006425	24,231394	-2,910716	1,252350	0,977484	239495,669963	-0,193678	0,000654	1,959466	0,614461	2,036719	-0,124490	-0,124488	0,000000	3,115437	0,509813	0,399616
131,000000	7,865379	7,896493	0,471481	0,095797	2,140492	-12610,269538	-10941,513330	-2985,361338	-11911,397916	-12358,500463	8,698756	68,677737	23,507058	23,921899	26,913354	24,011816	24,227274	-2,910533	1,252529	0,977044	239481,389112	-0,193720	0,000507	1,918322	0,614225	2,036372	-0,124491	-0,124489	0,000000	3,116544	0,511238	0,399758
131,200000	7,865011	7,896607	0,464328	0,096344	2,133839	-12597,089658	-10941,477163	-2985,254867	-11906,827756	-12353,930303	8,701747	68,682257	23,510626	23,923206	26,911415	24,014143	24,218324	-2,910502	1,253005	0,976553	239457,673786	-0,193426	0,000486	1,886882	0,614577	2,036180	-0,124490	-0,124488	0,000000	3,116661	0,514032	0,399773
131,400000	7,864436	7,896868	0,454079	0,096974	2,120218	-12573,875206	-10941,565715	-2985,190754	-11905,829248	-12352,931795	8,704838	68,687268	23,513746	23,923832	26,914030	24,010681	24,211660	-2,910440	1,253517	0,976338	239469,850241	-0,193023	0,000541	1,936663	0,614787	2,036571	-0,124489	-0,124489	0,000000	3,116791	0,517852	0,399789
131,600000	7,864232	7,896987	0,443482	0,096481	2,105265	-12542,067606	-10941,563055	-2985,307900	-11912,559125	-12359,661672	8,707828	68,695593	23,512285	23,923754	26,919792	24,002797	24,213323	-2,910389	1,253631	0,976787	239492,861958	-0,192917	0,000509	1,934092	0,614558	2,036479	-0,124490	-0,124492	0,000000	3,117007	0,521479	0,399817
131,800000	7,864483	7,896901	0,436043	0,096174	2,091633	-12530,136912	-10941,098860	-2985,360111	-11926,722402	-12373,824949	8,710802	68,714770	23,508020	23,924209	26,924970	23,995643	24,223222	-2,910451	1,252682	0,977810	239507,638325	-0,193223	0,000372	1,861240	0,614442	2,036049	-0,124493	-0,124492	0,000000	3,117504	0,524086	0,399881
132,000000	7,864609	7,896406	0,431604	0,096391	2,077753	-12542,846071	-10940,954365	-2985,153434	-11937,450344	-12384,552891	8,713686	68,766709	23,504536	23,913012	26,926213	23,994745	24,231920	-2,910488	1,252372	0,978059	239529,166498	-0,193095	0,000288	1,842813	0,614814	2,036011	-0,124492	-0,124488	0,000000	3,118850	0,526023	0,400054
132,200000	7,864333	7,895835	0,428783	0,095556	2,064346	-12559,463717	-10941,283274	-2984,880904	-11940,566898	-12387,669444	8,716412	68,806724	23,504031	23,879371	26,926029	24,000171	24,232601	-2,910558	1,252714	0,977707	239548,496472	-0,192316	0,000415	1,881780	0,615313	2,035856	-0,124488	-0,124486	0,000000	3,119887	0,527517	0,400187
132,400000	7,864271	7,895591	0,425538	0,094622	2,062292	-12571,288969	-10941,537786	-2985,037367	-11939,379237	-12386,481783	8,719124	68,800831	23,505933	23,844944	26,926433	24,004448	24,228263	-2,910538	1,252325	0,977716	239539,815734	-0,192403	0,000434	1,872626	0,615503	2,036519	-0,124490	-0,124493	0,000000	3,119734	0,528930	0,400167
132,600000	7,864585	7,895249	0,421091	0,095319	2,066979	-12573,874813	-10941,453203	-2985,540365	-11937,789846	-12384,892393	8,721947	68,789036	23,505411	23,832540	26,927826	24,001509	24,226034	-2,910252	1,252594	0,977257	239544,429065	-0,193340	0,000190	1,853634	0,615551	2,037985	-0,124496	-0,124498	0,000000	3,119429	0,530632	0,400128
132,800000	7,864563	7,894979	0,416577	0,096026	2,066253	-12573,838142	-10941,512204	-2985,810543	-11941,198517	-12388,301064	8,724833	68,793110	23,501245	23,834087	26,931937	23,992419	24,228337	-2,910130	1,252958	0,976772	239577,873777	-0,193639	0,000182	1,859430	0,616153	2,037849	-0,124500	-0,124493	0,000000	3,119534	0,532833	0,400141
133,000000	7,864437	7,894991	0,411669	0,095193	2,069352	-12578,766126	-10941,225970	-2985,833473	-11950,132809	-12397,235356	8,727702	68,808607	23,497584	23,835151	26,931190	23,983511	24,233051	-2,910278	1,252072	0,977601	239586,448130	-0,193792	0,000453	1,810562	0,617345	2,035665	-0,124500	-0,124487	0,000000	3,119936	0,535718	0,400193
133,200000	7,864646	7,894810	0,405133	0,093971	2,073991	-12574,588320	-10939,890446	-2985,578393	-11955,695469	-12402,798016	8,730667	68,841119	23,496929	23,835082	26,921230	23,981907	24,237910	-2,910310	1,251629	0,978383	239582,469093	-0,194020	0,000550	1,764899	0,618190	2,034040	-0,124496	-0,124484	0,000000	3,120778	0,538919	0,400301
133,400000	7,864334	7,894583	0,397503	0,093861	2,065931	-12561,060904	-10938,732115	-2985,139679	-11951,879055	-12398,981602	8,733669	68,870682	23,499069	23,838053	26,913451	23,988502	24,241057	-2,910208	1,252078	0,978165	239597,435929	-0,193528	0,000539	1,777005	0,618277	2,033699	-0,124486	-0,124480	0,000000	3,121544	0,541904	0,400399
133,600000	7,863473	7,894354	0,392077	0,094785	2,050899	-12557,364646	-10939,346174	-2984,895795	-11944,641570	-12391,744117	8,736466	68,889854	23,499883	23,840704	26,913783	23,996167	24,240985	-2,910177	1,252622	0,977868	239629,716042	-0,192194	0,000627	1,772440	0,617798	2,033966	-0,124481	-0,124478	0,000000	3,122040	0,543578	0,400463
133,800000	7,863314	7,894136	0,391534	0,095192	2,031881	-12568,517384	-10941,343166	-2985,188878	-11939,974322	-12387,076868	8,739084	68,910333	23,494924	23,839480	26,916489	23,997717	24,239511	-2,910154	1,253166	0,977899	239655,713216	-0,191681	0,000610	1,773829	0,616969	2,035396	-0,124485	-0,124481	0,000000	3,122571	0,543054	0,400531
134,000000	7,863567	7,894028	0,392618	0,094603	2,014639	-12589,616553	-10941,518704	-2985,859866	-11940,537708	-12387,640255	8,741802	68,928522	23,490194	23,836443	26,916157	23,994736	24,239480	-2,910027	1,253309	0,978135	239650,483379	-0,193184	0,000413	1,828180	0,616278	2,036405	-0,124494	-0,124483	0,000000	3,123042	0,542023	0,400591
134,200000	7,863567	7,893866	0,391874	0,094267	2,010005	-12608,646912	-10939,921202	-2985,978981	-11946,129938	-12393,232485	8,744627	68,983216	23,491377	23,833980	26,909260	23,993451	24,238755	-2,910025	1,252833	0,978710	239643,671475	-0,194232	0,000314	1,867803	0,616038	2,035079	-0,124498	-0,124477	0,000000	3,124458	0,542083	0,400773
134,400000	7,863522	7,893597	0,392215	0,094319	2,013001	-12626,317967	-10939,883402	-2985,325233	-11951,332664	-12398,435210	8,747554	69,063008	23,496281	23,833626	26,898533	23,995339	24,235176	-2,910268	1,252253	0,979138	239652,715506	-0,193702	0,000469	1,868939	0,616325	2,032587	-0,124492	-0,124468	0,000000	3,126522	0,542168	0,401038
134,600000	7,863305	7,893136	0,397018	0,094060	2,026559	-12659,245241	-10941,076498	-2985,016047	-11951,827023	-12398,929569	8,750639	69,095077	23,504511	23,836119	26,889948	23,998041	24,231035	-2,910525	1,251946	0,978831	239657,403646	-0,193558	0,000722	1,929795	0,617590	2,031441	-0,124487	-0,124468	0,000000	3,127352	0,541364	0,401144
134,800000	7,862980	7,892827	0,404113	0,093727	2,050251	-12700,504309	-10941,569656	-2985,287690	-11946,858267	-12393,960814	8,753645	69,097180	23,511344	23,839692	26,885335	24,000823	24,230313	-2,910618	1,252051	0,978317	239654,636290	-0,193885	0,000801	2,065640	0,619578	2,032793	-0,124486	-0,124474	0,000000	3,127406	0,540327	0,401151
135,000000	7,862729	7,893072	0,409559	0,093467	2,067239	-12727,276088	-10940,697541	-2985,413004	-11941,222421	-12388,324968	8,756636	69,109090	23,509331	23,840397	26,884121	24,003371	24,234725	-2,910572	1,252309	0,977837	239647,540417	-0,193672	0,000652	2,153525	0,620880	2,034808	-0,124485	-0,124479	0,000000	3,127714	0,539381	0,401190
135,200000	7,862632	7,893502	0,413851	0,093716	2,075412	-12738,354382	-10938,942105	-2985,362114	-11938,817308	-12385,919854	8,759652	69,112936	23,502472	23,837605	26,887174	24,004535	24,239977	-2,910327	1,252841	0,977371	239643,265046	-0,193032	0,000417	2,137707	0,621028	2,035411	-0,124487	-0,124482	0,000000	3,127814	0,537907	0,401203
135,400000	7,862706	7,893613	0,418737	0,094396	2,080330	-12745,047644	-10938,149889	-2985,008990	-11932,443213	-12379,545760	8,762373	69,105659	23,501115	23,835275	26,892065	24,005037	24,239975	-2,910086	1,253477	0,977335	239649,146833	-0,192158	0,000259	2,058401	0,620938	2,034777	-0,124487	-0,124483	0,000000	3,127625	0,535997	0,401179
135,600000	7,862507	7,893256	0,423678	0,094331	2,081117	-12751,288543	-10939,599788	-2984,650760	-11921,749901	-12368,852447	8,764980	69,120535	23,508722	23,835381	26,888993	24,006357	24,233257	-2,910275	1,253254	0,977806	239645,977311	-0,192057	0,000308	1,983178	0,620954	2,033592	-0,124483	-0,124484	0,000000	3,128010	0,534122	0,401228
135,800000	7,861965	7,892567	0,428166	0,094379	2,076494	-12760,184916	-10941,593171	-2984,994401	-11916,061498	-12363,164044	8,767989	69,149007	23,519625	23,836066	26,879777	24,007071	24,223507	-2,910558	1,252726	0,978418	239634,439148	-0,193088	0,000444	1,943742	0,620279	2,032616	-0,124479	-0,124490	0,000000	3,128746	0,531805	0,401323
136,000000	7,861417	7,892315	0,432256	0,095675	2,071141	-12768,675787	-10942,124770	-2985,415899	-11912,107764	-12359,210311	8,771147	69,151812	23,524432	23,836811	26,876091	24,005251	24,217716	-2,910595	1,252304	0,978729	239636,425444	-0,193734	0,000444	1,916052	0,618899	2,032752	-0,124475	-0,124493	0,000000	3,128819	0,529083	0,401332
136,200000	7,860924	7,892772	0,436558	0,096250	2,074572	-12770,928195	-10941,544896	-2985,365538	-11906,799051	-12353,901597	8,773935	69,136156	23,520967	23,838118	26,878956	24,002058	24,219257	-2,910674	1,251886	0,978867	239642,640206	-0,193308	0,000362	1,851040	0,617939	2,033205	-0,124476	-0,124490	0,000000	3,128414	0,526709	0,401280
136,400000	7,860676	7,893025	0,441640	0,094753	2,082646	-12771,627285	-10941,053421	-2985,442558	-11906,231069	-12353,333616	8,776457	69,112619	23,516318	23,838325	26,881615	24,000753	24,224874	-2,910818	1,252104	0,979077	239647,453186	-0,193050	0,000385	1,759583	0,617866	2,032945	-0,124483	-0,124486	0,000000	3,127805	0,524809	0,401202
136,600000	7,860642	7,892712	0,445338	0,093534	2,088545	-12777,122365	-10941,306710	-2985,672514	-11910,317187	-12357,419734	8,779174	69,064825	23,514393	23,837340	26,881325	24,004925	24,230007	-2,910779	1,252433	0,979128	239663,994139	-0,193902	0,000498	1,734631	0,618075	2,032821	-0,124482	-0,124487	0,000000	3,126569	0,523626	0,401044
136,800000	7,860840	7,892225	0,446255	0,094210	2,101929	-12778,028275	-10941,714985	-2985,667559	-11915,347536	-12362,450082	8,782257	69,018455	23,514753	23,837075	26,879128	24,011973	24,230347	-2,910561	1,252251	0,978990	239680,497085	-0,194744	0,000529	1,794626	0,617861	2,033371	-0,124478	-0,124490	0,000000	3,125369	0,523081	0,400890
137,000000	7,861166	7,891835	0,447117	0,095051	2,117244	-12767,794283	-10942,068815	-2985,308499	-11915,877958	-12362,980504	8,785302	69,010851	23,516178	23,837631	26,874682	24,015097	24,224030	-2,910368	1,252640	0,978689	239670,533500	-0,194073	0,000393	1,867091	0,617378	2,033789	-0,124480	-0,124490	0,000000	3,125173	0,522328	0,400865
137,200000	7,861002	7,891815	0,450921	0,095585	2,119958	-12760,005135	-10942,817215	-2984,754029	-11909,270235	-12356,372782	8,788067	69,015165	23,515403	23,838258	26,870500	24,011399	24,216186	-2,910384	1,253055	0,978529	239642,065265	-0,192520	0,000272	1,866044	0,617146	2,034565	-0,124484	-0,124487	0,000000	3,125284	0,520753	0,400879
137,400000	7,860490	7,892070	0,457011	0,096406	2,119811	-12766,320470	-10942,982483	-2984,797537	-11905,075434	-12352,177981	8,790717	68,991836	23,512073	23,839051	26,870877	24,002916	24,215537	-2,910477	1,252741	0,978706	239625,092603	-0,192324	0,000373	1,812656	0,617313	2,035888	-0,124487	-0,124483	0,000000	3,124681	0,518729	0,400801
137,600000	7,859958	7,892095	0,462053	0,096433	2,119425	-12783,821221	-10942,314377	-2985,326310	-11913,222539	-12360,325086	8,793467	68,913888	23,508533	23,839114	26,876488	23,996982	24,221807	-2,910476	1,252302	0,978877	239631,464204	-0,193190	0,000558	1,835427	0,617700	2,035970	-0,124487	-0,124481	0,000000	3,122663	0,517275	0,400543
137,800000	7,859546	7,891805	0,464163	0,095713	2,116228	-12802,690251	-10942,070642	-2985,440104	-11931,800264	-12378,902810	8,796377	68,784344	23,506499	23,838361	26,881975	23,998481	24,227223	-2,910505	1,251446	0,978803	239632,559620	-0,193171	0,000696	1,918601	0,617942	2,035064	-0,124482	-0,124483	0,000000	3,119307	0,516725	0,400112
138,000000	7,859535	7,891483	0,464503	0,095523	2,117035	-12811,575370	-10942,281628	-2985,243771	-11948,630581	-12395,733128	8,799271	68,683783	23,506878	23,839519	26,880556	24,004907	24,228602	-2,910476	1,250953	0,978893	239603,059388	-0,192447	0,000722	1,931109	0,617955	2,035535	-0,124481	-0,124485	0,000000	3,116700	0,516594	0,399778
138,200000	7,859620	7,891418	0,465926	0,095985	2,118047	-12807,792232	-10942,240616	-2985,020930	-11955,137336	-12402,239883	8,801914	68,666036	23,506625	23,841369	26,880848	24,010222	24,226418	-2,910356	1,251496	0,978836	239558,806930	-0,191890	0,000487	1,844338	0,617925	2,038254	-0,124486	-0,124489	0,000000	3,116240	0,516060	0,399719
138,400000	7,859283	7,891612	0,468839	0,096369	2,123434	-12802,030863	-10942,206677	-2984,887026	-11957,752387	-12404,854934	8,804390	68,680640	23,502775	23,840144	26,889711	24,008138	24,223536	-2,910307	1,252412	0,977891	239517,918718	-0,191888	0,000280	1,748951	0,617631	2,039991	-0,124491	-0,124492	0,000000	3,116619	0,514820	0,399767
138,600000	7,858970	7,891571	0,470885	0,096513	2,134882	-12796,997650	-10941,635299	-2985,124132	-11961,458329	-12408,560876	8,807030	68,677559	23,498269	23,837601	26,893463	23,998930	24,223012	-2,910281	1,252613	0,977267	239486,726615	-0,192555	0,000396	1,760315	0,616685	2,039404	-0,124494	-0,124491	0,000000	3,116539	0,513324	0,399757
138,800000	7,859299	7,891265	0,471672	0,096280	2,138117	-12783,388963	-10940,438464	-2985,456813	-11962,794713	-12409,897260	8,809740	68,621594	23,498617	23,836986	26,889744	23,990461	24,225382	-2,910181	1,251894	0,977288	239472,755159	-0,193333	0,000583	1,877334	0,615459	2,037865	-0,124494	-0,124487	0,000000	3,115088	0,512007	0,399571
139,000000	7,859666	7,891066	0,472713	0,095072	2,135084	-12764,432882	-10940,694144	-2985,433783	-11958,832466	-12405,935012	8,812358	68,496520	23,503549	23,838132	26,887320	23,989624	24,227343	-2,910248	1,251728	0,977080	239483,596596	-0,193366	0,000639	1,970773	0,614776	2,035654	-0,124491	-0,124479	0,000000	3,111842	0,511059	0,399155
139,200000	7,859442	7,890845	0,474141	0,093921	2,134163	-12752,033739	-10941,878941	-2985,151549	-11946,879034	-12393,981580	8,815202	68,376536	23,505885	23,839391	26,886607	23,994353	24,227173	-2,910612	1,252284	0,977120	239501,528191	-0,192589	0,000554	1,953234	0,614814	2,035001	-0,124489	-0,124478	0,000000	3,108726	0,510580	0,398755
139,400000	7,859199	7,890449	0,474860	0,094119	2,134333	-12743,399176	-10943,142950	-2984,936569	-11933,153770	-12380,256317	8,818190	68,327310	23,503386	23,839931	26,887864	23,997912	24,229359	-2,910727	1,252789	0,977648	239504,059722	-0,191861	0,000469	1,871638	0,615056	2,036423	-0,124490	-0,124485	0,000000	3,107447	0,510509	0,398591
139,600000	7,859166	7,890163	0,474501	0,095122	2,133154	-12729,489885	-10944,294534	-2985,217987	-11929,690984	-12376,793531	8,820872	68,325467	23,498666	23,840144	26,892376	23,997689	24,233581	-2,910575	1,253338	0,978252	239504,098554	-0,192693	0,000561	1,810933	0,615292	2,037919	-0,124493	-0,124488	0,000000	3,107399	0,510821	0,398585
139,800000	7,859130	7,890157	0,473953	0,095613	2,131262	-12712,631358	-10943,329650	-2985,831595	-11937,281611	-12384,384158	8,823429	68,321481	23,493320	23,838635	26,900022	23,994248	24,237247	-2,910483	1,252770	0,978460	239506,671976	-0,194654	0,000521	1,787658	0,615945	2,037628	-0,124497	-0,124486	0,000000	3,107295	0,511569	0,398571
140,000000	7,859232	7,890029	0,473755	0,094619	2,133152	-12702,498707	-10941,118855	-2985,919610	-11946,297451	-12393,399998	8,826216	68,312385	23,490505	23,835341	26,904994	23,990497	24,238603	-2,910337	1,251514	0,978324	239489,395085	-0,195146	0,000287	1,799477	0,617141	2,035650	-0,124497	-0,124486	0,000000	3,107059	0,512638	0,398541
140,200000	7,858942	7,889516	0,474167	0,093240	2,133563	-12704,035353	-10939,854534	-2985,457365	-11951,055344	-12398,157891	8,829185	68,320928	23,493574	23,834858	26,901857	23,989144	24,234612	-2,910207	1,252074	0,978123	239470,230644	-0,194386	0,000289	1,842093	0,618209	2,033941	-0,124492	-0,124488	0,000000	3,107281	0,513347	0,398570
140,400000	7,858311	7,889046	0,475432	0,093075	2,128301	-12717,181205	-10939,767671	-2985,212627	-11954,841489	-12401,944036	8,832179	68,327418	23,501942	23,837576	26,895199	23,989306	24,228276	-2,910213	1,253214	0,977711	239484,277209	-0,193839	0,000469	1,897444	0,618496	2,033443	-0,124488	-0,124490	0,000000	3,107450	0,513101	0,398591
140,600000	7,858247	7,888855	0,476756	0,093867	2,130976	-12730,869933	-10940,177016	-2985,180955	-11959,159750	-12406,262297	8,835075	68,316860	23,507124	23,838872	26,890750	23,988780	24,228595	-2,910303	1,253173	0,977618	239503,122804	-0,193350	0,000539	1,961464	0,618060	2,034047	-0,124487	-0,124490	0,000000	3,107175	0,512259	0,398556
140,800000	7,858614	7,888880	0,477426	0,094660	2,140163	-12731,647101	-10940,474999	-2985,054896	-11961,730366	-12408,832913	8,837852	68,306536	23,501696	23,837800	26,891959	23,987966	24,238171	-2,910356	1,252977	0,978194	239500,540311	-0,192970	0,000467	1,980362	0,617553	2,034655	-0,124487	-0,124486	0,000000	3,106907	0,511612	0,398522
141,000000	7,858684	7,888964	0,476552	0,094493	2,142831	-12719,900096	-10941,254382	-2985,251490	-11957,635713	-12404,738260	8,840429	68,307694	23,492373	23,836099	26,898289	23,989915	24,247083	-2,910391	1,252329	0,978494	239510,811617	-0,193270	0,000299	1,927332	0,617425	2,034772	-0,124489	-0,124482	0,000000	3,106937	0,511827	0,398525
141,200000	7,858559	7,888647	0,473194	0,093495	2,145785	-12697,277416	-10942,062028	-2985,462102	-11946,230502	-12393,333049	8,842881	68,315582	23,490375	23,835240	26,902786	23,993840	24,247840	-2,910530	1,251971	0,978216	239529,149692	-0,193854	0,000217	1,876255	0,617418	2,034391	-0,124487	-0,124481	0,000000	3,107142	0,512979	0,398552
141,400000	7,858623	7,888227	0,467589	0,093433	2,146103	-12666,889582	-10941,900505	-2985,288616	-11935,627347	-12382,729894	8,845685	68,322777	23,495946	23,835843	26,899540	23,996987	24,242014	-2,910569	1,252984	0,978041	239516,761951	-0,194189	0,000284	1,873265	0,617005	2,033384	-0,124486	-0,124479	0,000000	3,107329	0,514564	0,398576
141,600000	7,858487	7,888186	0,461669	0,094334	2,135341	-12637,445448	-10941,160955	-2985,251281	-11927,402373	-12374,504920	8,848773	68,334077	23,502381	23,836809	26,892047	23,998844	24,234208	-2,910348	1,253578	0,978005	239496,668740	-0,194430	0,000330	1,883110	0,615859	2,032891	-0,124491	-0,124480	0,000000	3,107623	0,515672	0,398613
141,800000	7,857886	7,888355	0,457961	0,094120	2,120509	-12616,628128	-10940,261570	-2985,310796	-11921,006577	-12368,109124	8,851666	68,349148	23,506221	23,838066	26,888357	23,997380	24,229706	-2,910266	1,253329	0,978338	239494,522522	-0,194380	0,000301	1,834412	0,614605	2,033653	-0,124492	-0,124482	0,000000	3,108014	0,515933	0,398664
142,000000	7,857303	7,888447	0,456681	0,093208	2,103787	-12614,639403	-10939,280851	-2985,299952	-11921,437907	-12368,540453	8,854445	68,345575	23,507231	23,838878	26,888273	23,991694	24,232447	-2,910443	1,253125	0,978796	239499,098275	-0,194207	0,000343	1,760125	0,614452	2,034105	-0,124484	-0,124483	0,000000	3,107921	0,516262	0,398652
142,200000	7,857088	7,888253	0,454468	0,093656	2,094916	-12627,004281	-10938,744651	-2985,221548	-11926,373240	-12373,475786	8,857307	68,322849	23,505987	23,837593	26,887511	23,990375	24,240945	-2,910450	1,253239	0,978427	239496,303522	-0,194342	0,000510	1,749438	0,615328	2,033602	-0,124478	-0,124485	0,000000	3,107331	0,517775	0,398576
142,400000	7,856870	7,887733	0,447082	0,094279	2,098461	-12627,086448	-10939,970008	-2985,225037	-11929,245106	-12376,347653	8,860009	68,377679	23,504220	23,836119	26,886796	24,000373	24,245540	-2,910306	1,253512	0,977650	239485,403484	-0,194581	0,000523	1,785251	0,616491	2,032703	-0,124476	-0,124482	0,000000	3,108756	0,521373	0,398759
142,600000	7,856504	7,887215	0,435229	0,093782	2,098103	-12603,101664	-10942,722678	-2985,311104	-11927,044002	-12374,146549	8,862530	68,537054	23,504585	23,835875	26,888324	24,012111	24,239664	-2,910351	1,253928	0,977427	239462,000365	-0,194403	0,000367	1,851911	0,617984	2,032485	-0,124479	-0,124480	0,000000	3,112894	0,526926	0,399290
142,800000	7,856376	7,886967	0,425235	0,094391	2,092368	-12568,365802	-10944,552621	-2985,174423	-11921,582629	-12368,685176	8,865349	68,652141	23,507228	23,836151	26,888615	24,015513	24,230296	-2,910492	1,255028	0,977629	239436,103770	-0,194042	0,000339	1,947087	0,619181	2,034311	-0,124482	-0,124484	0,000000	3,115880	0,531636	0,399673
143,000000	7,856403	7,886839	0,420949	0,096427	2,085658	-12548,972736	-10943,468097	-2985,082601	-11920,570065	-12367,672612	8,868434	68,660177	23,509821	23,837268	26,887175	24,011307	24,224515	-2,910354	1,255796	0,977528	239448,522388	-0,193807	0,000459	1,992676	0,618981	2,036035	-0,124486	-0,124483	0,000000	3,116088	0,533055	0,399699
143,200000	7,856214	7,886800	0,419207	0,096990	2,073055	-12557,335791	-10940,883607	-2985,173735	-11926,549622	-12373,652169	8,871269	68,637867	23,510035	23,837276	26,888471	24,003855	24,222388	-2,910160	1,254862	0,977381	239484,501185	-0,193794	0,000553	1,953054	0,617919	2,035527	-0,124487	-0,124477	0,000000	3,115510	0,532794	0,399625
143,400000	7,856052	7,886725	0,415066	0,095667	2,057880	-12568,173702	-10939,918045	-2985,036987	-11931,211755	-12378,314302	8,873852	68,644190	23,507960	23,835844	26,887983	23,998677	24,223147	-2,910415	1,254339	0,977800	239503,574261	-0,193985	0,000565	1,871453	0,617081	2,033375	-0,124484	-0,124479	0,000000	3,115674	0,533626	0,399646
143,600000	7,855938	7,886571	0,409784	0,095036	2,047623	-12565,551192	-10940,629094	-2984,814375	-11926,693818	-12373,796364	8,876624	68,707770	23,509080	23,837003	26,882237	24,000679	24,224083	-2,910783	1,254384	0,978585	239494,009849	-0,193860	0,000626	1,811423	0,616765	2,032529	-0,124482	-0,124488	0,000000	3,117322	0,535331	0,399858
143,800000	7,855444	7,886474	0,408037	0,095964	2,044556	-12569,549489	-10941,940305	-2984,772786	-11916,926318	-12364,028865	8,879688	68,796777	23,514234	23,839965	26,883481	24,008544	24,223450	-2,910816	1,253395	0,978710	239475,565620	-0,193147	0,000618	1,809017	0,617015	2,033894	-0,124481	-0,124493	0,000000	3,119629	0,536203	0,400153
144,000000	7,854874	7,886589	0,407991	0,096727	2,043295	-12586,283483	-10943,078694	-2984,797554	-11907,880552	-12354,983099	8,882718	68,838146	23,514536	23,840988	26,895025	24,012991	24,222171	-2,910761	1,253345	0,977866	239492,392510	-0,192378	0,000344	1,828227	0,617375	2,035286	-0,124484	-0,124493	0,000000	3,120701	0,536559	0,400291
144,200000	7,854726	7,886863	0,404380	0,096619	2,041699	-12595,961444	-10942,522384	-2984,970623	-11902,212662	-12349,315208	8,885489	68,839137	23,507950	23,839680	26,906117	24,008891	24,222257	-2,910731	1,254101	0,977155	239531,172682	-0,192148	0,000119	1,841866	0,617387	2,036974	-0,124490	-0,124494	0,000000	3,120727	0,537989	0,400294
144,400000	7,854818	7,886929	0,396796	0,096759	2,049378	-12588,709719	-10941,809908	-2985,208145	-11906,880327	-12353,982874	8,888091	68,827832	23,504050	23,837875	26,909726	24,001130	24,222051	-2,910618	1,253892	0,977392	239551,005791	-0,192335	0,000245	1,852294	0,617277	2,037996	-0,124491	-0,124494	0,000000	3,120434	0,540829	0,400257
144,600000	7,854591	7,886680	0,390089	0,096851	2,057472	-12579,031733	-10942,519308	-2985,401710	-11923,229574	-12370,332121	8,890798	68,818724	23,506957	23,836039	26,903897	23,996222	24,219322	-2,910583	1,252934	0,978223	239550,698783	-0,193043	0,000530	1,858115	0,617519	2,036866	-0,124487	-0,124491	0,000000	3,120198	0,543630	0,400226
144,800000	7,854074	7,886282	0,389126	0,095956	2,049846	-12588,541016	-10942,493728	-2985,560686	-11935,221199	-12382,323746	8,893718	68,890368	23,512147	23,835350	26,894309	23,997337	24,217552	-2,910584	1,251222	0,978339	239544,145776	-0,193929	0,000624	1,851430	0,618217	2,035077	-0,124484	-0,124488	0,000000	3,122054	0,544582	0,400464
145,000000	7,853846	7,886154	0,393434	0,095182	2,038867	-12616,839595	-10942,192845	-2985,393805	-11929,174687	-12376,277234	8,896559	69,032869	23,514511	23,838582	26,886178	24,001784	24,218328	-2,910531	1,250680	0,977936	239537,797268	-0,193987	0,000629	1,852834	0,618654	2,035131	-0,124482	-0,124484	0,000000	3,125742	0,543252	0,400938
145,200000	7,853562	7,886487	0,398230	0,095402	2,031923	-12645,359421	-10942,748108	-2985,055256	-11916,687711	-12363,790258	8,899215	69,109085	23,510624	23,842292	26,883859	24,003053	24,221002	-2,910516	1,252401	0,977895	239536,042413	-0,193390	0,000675	1,848519	0,618439	2,036999	-0,124481	-0,124487	0,000000	3,127714	0,541209	0,401190
145,400000	7,853021	7,886766	0,401002	0,095957	2,025848	-12661,567958	-10942,447475	-2985,291147	-11912,886427	-12359,988973	8,901953	69,092983	23,500293	23,841488	26,888703	23,999473	24,227572	-2,910414	1,253500	0,977537	239540,981317	-0,193289	0,000481	1,785225	0,617888	2,038173	-0,124480	-0,124494	0,000000	3,127298	0,539683	0,401137
145,600000	7,853010	7,886498	0,403872	0,095967	2,028546	-12671,134889	-10941,406837	-2985,796729	-11915,836562	-12362,939109	8,904861	69,069968	23,489220	23,838277	26,894666	23,995242	24,236329	-2,910197	1,253231	0,977292	239543,161163	-0,193662	0,000225	1,740893	0,617205	2,038035	-0,124481	-0,124495	0,000000	3,126702	0,537985	0,401061
145,800000	7,853370	7,885809	0,408609	0,095086	2,039439	-12691,965125	-10940,477672	-2985,755743	-11922,324409	-12369,426955	8,907811	69,081639	23,486126	23,837398	26,895909	23,995324	24,237711	-2,910113	1,253157	0,978028	239539,567961	-0,193976	0,000328	1,832136	0,616853	2,037397	-0,124486	-0,124490	0,000000	3,127004	0,535832	0,401099
146,000000	7,853625	7,885161	0,414425	0,093981	2,057957	-12725,993495	-10940,467710	-2985,275682	-11929,057461	-12376,160007	8,910633	69,115394	23,491913	23,838500	26,891057	23,996732	24,229775	-2,910220	1,253590	0,978710	239550,108769	-0,193795	0,000510	1,988842	0,617124	2,036959	-0,124491	-0,124485	0,000000	3,127877	0,533812	0,401211
146,200000	7,853764	7,884762	0,419740	0,094111	2,080760	-12752,174636	-10941,795934	-2984,810401	-11928,255640	-12375,358187	8,913378	69,135637	23,498339	23,838875	26,886634	23,992860	24,222808	-2,910347	1,253832	0,978742	239565,968182	-0,192891	0,000383	2,050254	0,617561	2,036951	-0,124493	-0,124485	0,000000	3,128401	0,532157	0,401279
146,400000	7,853706	7,884542	0,424373	0,095463	2,090925	-12760,200365	-10942,740877	-2984,851879	-11922,949391	-12370,051938	8,916180	69,132637	23,497984	23,838175	26,886945	23,987853	24,223129	-2,910294	1,253176	0,978753	239556,178024	-0,192494	0,000275	1,972318	0,617705	2,036952	-0,124495	-0,124482	0,000000	3,128323	0,530537	0,401269
146,600000	7,853660	7,884500	0,429283	0,095661	2,091767	-12762,834042	-10942,424987	-2985,418093	-11919,833096	-12366,935643	8,918934	69,120075	23,492175	23,836504	26,887689	23,986202	24,229900	-2,910132	1,252590	0,978840	239555,080917	-0,193033	0,000324	1,871183	0,617499	2,037057	-0,124497	-0,124476	0,000000	3,127998	0,528540	0,401227
146,800000	7,853812	7,884400	0,434591	0,094294	2,092564	-12767,649880	-10941,873445	-2985,735030	-11919,018977	-12366,121524	8,921617	69,104022	23,486836	23,834868	26,886881	23,986967	24,238741	-2,910127	1,252674	0,978861	239581,368351	-0,193694	0,000368	1,877362	0,617031	2,037421	-0,124496	-0,124473	0,000000	3,127583	0,526180	0,401174
147,000000	7,853790	7,884175	0,439930	0,093846	2,088633	-12778,998301	-10941,713875	-2985,777637	-11922,066946	-12369,169493	8,924378	69,106110	23,485243	23,834794	26,885149	23,990578	24,242623	-2,910190	1,252119	0,979159	239599,368113	-0,194353	0,000450	1,925648	0,616309	2,037121	-0,124496	-0,124473	0,000000	3,127637	0,523598	0,401181
147,200000	7,853431	7,884097	0,444478	0,094446	2,084773	-12798,200746	-10941,172123	-2985,748116	-11928,636722	-12375,739269	8,927151	69,132280	23,487163	23,835961	26,882293	23,996108	24,237144	-2,910239	1,251797	0,979758	239601,740480	-0,194721	0,000427	1,884958	0,615585	2,036668	-0,124495	-0,124479	0,000000	3,128314	0,521324	0,401267
147,400000	7,853115	7,883888	0,448268	0,094123	2,089001	-12812,557626	-10940,052279	-2985,501220	-11937,776426	-12384,878973	8,929952	69,156462	23,490485	23,836900	26,882228	23,996649	24,227253	-2,910197	1,252465	0,979950	239587,943996	-0,194556	0,000416	1,808607	0,615230	2,036462	-0,124493	-0,124484	0,000000	3,128939	0,519645	0,401348
147,600000	7,853021	7,883601	0,452180	0,093595	2,099365	-12821,995858	-10938,999297	-2985,446733	-11952,680786	-12399,783333	8,932932	69,162221	23,493483	23,837349	26,883966	23,989139	24,223907	-2,910026	1,252433	0,979456	239576,562461	-0,194418	0,000538	1,849101	0,615369	2,035844	-0,124492	-0,124482	0,000000	3,129088	0,518348	0,401367
147,800000	7,852858	7,883675	0,455907	0,093694	2,108682	-12831,154372	-10938,624757	-2985,610569	-11969,809280	-12416,911826	8,935771	69,164043	23,494365	23,837937	26,879282	23,983137	24,229032	-2,910033	1,252094	0,979145	239581,644785	-0,194186	0,000506	1,966133	0,616076	2,035209	-0,124491	-0,124477	0,000000	3,129135	0,517609	0,401373
148,000000	7,852503	7,883718	0,460058	0,093034	2,115825	-12834,153605	-10939,139251	-2985,780685	-11979,372578	-12426,475125	8,938415	69,171981	23,492890	23,838592	26,872424	23,984166	24,234660	-2,910270	1,251777	0,979506	239582,220159	-0,193940	0,000424	2,015947	0,617033	2,033657	-0,124485	-0,124477	0,000000	3,129340	0,516928	0,401399
148,200000	7,852244	7,883315	0,465561	0,092279	2,128243	-12833,433420	-10940,289171	-2985,946031	-11978,160667	-12425,263214	8,941196	69,152368	23,492407	23,838216	26,871950	23,988903	24,237072	-2,910413	1,250846	0,979569	239571,397490	-0,194215	0,000562	2,005253	0,617626	2,031882	-0,124476	-0,124482	0,000000	3,128833	0,515458	0,401334
148,400000	7,852166	7,882756	0,470346	0,093122	2,138277	-12838,519312	-10941,806610	-2985,833833	-11972,637587	-12419,740134	8,944025	69,069596	23,495866	23,837738	26,875526	23,996145	24,237782	-2,910325	1,250778	0,978863	239548,716996	-0,194293	0,000747	1,958809	0,617899	2,031838	-0,124471	-0,124485	0,000000	3,126693	0,513981	0,401059
148,600000	7,852145	7,882584	0,472591	0,094635	2,137042	-12845,376464	-10941,990860	-2985,587881	-11973,970247	-12421,072794	8,946767	68,978460	23,499297	23,837867	26,880082	24,002287	24,237471	-2,910240	1,251357	0,978675	239508,234256	-0,193980	0,000719	1,847161	0,618279	2,033217	-0,124475	-0,124487	0,000000	3,124334	0,513510	0,400757
148,800000	7,851875	7,882779	0,474461	0,095039	2,137754	-12843,329820	-10940,241261	-2985,560626	-11986,178378	-12433,280924	8,949452	68,957670	23,497663	23,836138	26,884387	24,000112	24,236474	-2,910255	1,251816	0,979280	239465,968394	-0,193727	0,000460	1,723811	0,618765	2,033710	-0,124480	-0,124485	0,000000	3,123796	0,513283	0,400688
149,000000	7,851418	7,882769	0,478278	0,094231	2,140282	-12846,177414	-10939,356814	-2985,599800	-12001,054700	-12448,157246	8,952279	68,991819	23,495972	23,834337	26,884906	23,991881	24,234629	-2,910335	1,252664	0,979310	239449,724673	-0,193411	0,000313	1,715259	0,619196	2,032502	-0,124480	-0,124484	0,000000	3,124680	0,512318	0,400801
149,200000	7,851235	7,882472	0,482066	0,093527	2,136089	-12864,644900	-10940,259787	-2985,448583	-12012,305724	-12459,408271	8,955364	69,020927	23,500340	23,835320	26,877927	23,987087	24,233170	-2,910529	1,253231	0,978668	239451,156753	-0,193134	0,000438	1,769323	0,619472	2,031098	-0,124479	-0,124483	0,000000	3,125433	0,511205	0,400898
149,400000	7,851149	7,882054	0,482532	0,093701	2,135713	-12874,342792	-10940,791682	-2985,179707	-12018,579188	-12465,681735	8,958464	68,966668	23,507629	23,836690	26,868436	23,990128	24,231563	-2,910713	1,253062	0,977998	239447,953602	-0,193256	0,000477	1,778985	0,619292	2,030071	-0,124481	-0,124482	0,000000	3,124029	0,510853	0,400718
149,600000	7,851019	7,881625	0,479938	0,094330	2,140023	-12858,363210	-10940,798343	-2984,962182	-12015,084331	-12462,186878	8,961377	68,824803	23,510677	23,837003	26,868142	23,997960	24,227764	-2,910778	1,252375	0,977719	239427,654157	-0,193318	0,000420	1,835717	0,618238	2,031019	-0,124483	-0,124480	0,000000	3,120356	0,510852	0,400247
149,800000	7,851054	7,881653	0,476715	0,095038	2,145051	-12828,071351	-10941,361890	-2984,921363	-12006,820445	-12453,922992	8,964008	68,714346	23,507022	23,838757	26,875299	24,003862	24,227142	-2,910732	1,251936	0,978275	239403,046482	-0,193126	0,000460	1,969823	0,616820	2,034102	-0,124487	-0,124478	0,000000	3,117493	0,510804	0,399879
150,000000	7,850847	7,882007	0,474550	0,095330	2,150047	-12797,778524	-10941,123237	-2985,110396	-12006,390461	-12453,493008	8,966546	68,689843	23,501045	23,840382	26,882467	24,004994	24,230270	-2,910562	1,252341	0,979047	239408,433353	-0,193287	0,000507	2,064665	0,616364	2,036518	-0,124490	-0,124482	0,000000	3,116858	0,511206	0,399798
150,200000	7,850622	7,881973	0,473461	0,095004	2,143983	-12776,417480	-10939,946634	-2985,276178	-12009,758674	-12456,861221	8,969323	68,694131	23,496874	23,837295	26,888617	24,003149	24,230463	-2,910343	1,253070	0,979485	239428,188147	-0,193714	0,000670	2,056490	0,616911	2,036502	-0,124487	-0,124485	0,000000	3,116969	0,512052	0,399812
150,400000	7,850843	7,881471	0,471860	0,094754	2,132481	-12758,752416	-10940,000464	-2985,293665	-12001,778554	-12448,881101	8,972275	68,687984	23,496640	23,833718	26,887019	24,000657	24,227334	-2,910224	1,253828	0,979631	239430,391686	-0,194265	0,000944	1,997811	0,617411	2,035124	-0,124484	-0,124482	0,000000	3,116809	0,512999	0,399792
150,600000	7,850777	7,880770	0,469662	0,094798	2,125825	-12735,523379	-10941,257373	-2985,104931	-11980,231194	-12427,333741	8,975240	68,679002	23,503189	23,835534	26,878076	24,000359	24,221418	-2,910263	1,254223	0,979255	239430,311919	-0,194603	0,000929	1,927812	0,617428	2,034600	-0,124487	-0,124482	0,000000	3,116576	0,513722	0,399762
150,800000	7,850229	7,880372	0,467635	0,095157	2,118873	-12714,561937	-10942,474720	-2984,794815	-11957,223347	-12404,325893	8,978065	68,678396	23,511635	23,840086	26,874495	24,003118	24,214586	-2,910400	1,253560	0,978529	239441,128112	-0,193926	0,000663	1,808319	0,617042	2,035205	-0,124489	-0,124487	0,000000	3,116561	0,514072	0,399760
151,000000	7,849651	7,880745	0,465144	0,096087	2,114542	-12699,016769	-10942,840694	-2984,804304	-11944,693607	-12391,796153	8,980736	68,681174	23,510918	23,842358	26,879897	24,003500	24,215868	-2,910546	1,252891	0,978150	239442,702018	-0,192743	0,000513	1,705559	0,616535	2,035876	-0,124485	-0,124489	0,000000	3,116633	0,514551	0,399769
151,200000	7,849240	7,881337	0,460674	0,097101	2,117262	-12678,803982	-10942,183947	-2985,140338	-11941,076785	-12388,179332	8,983394	68,670250	23,500732	23,841026	26,886881	24,000231	24,225916	-2,910536	1,252777	0,978210	239435,086581	-0,192570	0,000524	1,711959	0,616268	2,036478	-0,124477	-0,124485	0,000000	3,116350	0,515951	0,399733
151,400000	7,849185	7,881489	0,454642	0,096854	2,119878	-12650,850041	-10941,346678	-2985,205912	-11936,911011	-12384,013558	8,985991	68,650034	23,491498	23,838831	26,891687	24,000468	24,233211	-2,910443	1,253027	0,977971	239443,636681	-0,193009	0,000527	1,737041	0,616416	2,036662	-0,124472	-0,124485	0,000000	3,115825	0,518238	0,399666
151,600000	7,849238	7,881415	0,450521	0,096262	2,115035	-12625,198313	-10941,587374	-2984,867904	-11931,988127	-12379,090674	8,988520	68,644590	23,490454	23,838680	26,896485	24,003934	24,231921	-2,910496	1,254314	0,977478	239466,143473	-0,192918	0,000448	1,737451	0,617091	2,035925	-0,124476	-0,124491	0,000000	3,115684	0,520284	0,399647
151,800000	7,848953	7,881433	0,448467	0,097022	2,105480	-12618,009687	-10942,737483	-2984,668476	-11928,736054	-12375,838601	8,991171	68,662691	23,495088	23,839365	26,899821	24,005306	24,223100	-2,910585	1,255078	0,977397	239486,848956	-0,192888	0,000471	1,780552	0,618009	2,035634	-0,124485	-0,124496	0,000000	3,116154	0,521802	0,399708
152,000000	7,848358	7,881374	0,445825	0,097297	2,100818	-12625,902466	-10943,108023	-2984,818406	-11927,260512	-12374,363059	8,993872	68,687164	23,498452	23,839327	26,900924	24,002212	24,212943	-2,910652	1,254465	0,977502	239486,101304	-0,193174	0,000634	1,807345	0,618472	2,036204	-0,124491	-0,124495	0,000000	3,116788	0,523146	0,399789
152,200000	7,848041	7,880961	0,441074	0,095962	2,096727	-12622,472953	-10942,149875	-2985,132889	-11929,606059	-12376,708605	8,996534	68,695188	23,497765	23,839448	26,902207	23,994128	24,211305	-2,910702	1,254155	0,977457	239476,087869	-0,193423	0,000735	1,772094	0,618327	2,036775	-0,124493	-0,124489	0,000000	3,116996	0,524726	0,399816
152,400000	7,848401	7,880466	0,433372	0,094871	2,086932	-12601,934142	-10940,734715	-2985,327044	-11936,418827	-12383,521374	8,999360	68,681313	23,493988	23,838736	26,904989	23,985844	24,219020	-2,910544	1,253553	0,977666	239491,948655	-0,193785	0,000690	1,760563	0,618012	2,037081	-0,124492	-0,124479	0,000000	3,116636	0,527255	0,399770
152,600000	7,848846	7,880323	0,424184	0,094687	2,082183	-12580,844523	-10940,650841	-2985,295977	-11943,047788	-12390,150335	9,002243	68,665129	23,488741	23,836810	26,908841	23,986283	24,227709	-2,910311	1,252535	0,978317	239531,814669	-0,193908	0,000674	1,789883	0,617924	2,036463	-0,124490	-0,124472	0,000000	3,116217	0,530585	0,399716
152,800000	7,848789	7,880280	0,416531	0,094201	2,077525	-12565,258757	-10941,903764	-2985,421316	-11941,604648	-12388,707195	9,004868	68,663568	23,485725	23,835846	26,909501	23,995239	24,230314	-2,910358	1,251937	0,978723	239565,943761	-0,193777	0,000690	1,829903	0,617954	2,035743	-0,124487	-0,124475	0,000000	3,116176	0,533479	0,399711
153,000000	7,848358	7,879978	0,412940	0,093525	2,061656	-12563,216265	-10941,831979	-2985,655186	-11933,725142	-12380,827688	9,007446	68,664148	23,485703	23,836200	26,907368	24,000480	24,226369	-2,910444	1,251688	0,978244	239554,799944	-0,193949	0,000629	1,911330	0,617597	2,036637	-0,124483	-0,124487	0,000000	3,116191	0,534503	0,399712
153,200000	7,848118	7,879630	0,411421	0,094111	2,048812	-12577,428586	-10940,317157	-2985,587846	-11932,705851	-12379,808398	9,010340	68,668674	23,485496	23,837345	26,908066	23,996037	24,222708	-2,910205	1,252353	0,977460	239529,720948	-0,194261	0,000575	1,984197	0,617049	2,038072	-0,124485	-0,124494	0,000000	3,116309	0,534582	0,399728
153,400000	7,848308	7,879551	0,408325	0,095321	2,044882	-12589,284719	-10939,406050	-2985,371531	-11943,819427	-12390,921974	9,013261	68,679836	23,484014	23,838219	26,910301	23,986228	24,224163	-2,909974	1,252752	0,977490	239537,533779	-0,194138	0,000562	1,937370	0,616971	2,037878	-0,124495	-0,124489	0,000000	3,116598	0,535688	0,399765
153,600000	7,848345	7,879617	0,404670	0,094746	2,045865	-12591,350452	-10939,621523	-2985,342081	-11953,810071	-12400,912617	9,015958	68,673882	23,480794	23,836328	26,907778	23,976241	24,228578	-2,910045	1,252069	0,978180	239546,703415	-0,193662	0,000644	1,845956	0,617423	2,036442	-0,124500	-0,124483	0,000000	3,116444	0,537479	0,399745
153,800000	7,848160	7,879377	0,402358	0,092798	2,050915	-12593,508114	-10940,098551	-2985,478817	-11952,382270	-12399,484817	9,018678	68,653389	23,478973	23,834490	26,899033	23,972808	24,233972	-2,910251	1,251750	0,978647	239548,395673	-0,193512	0,000807	1,836316	0,617711	2,034844	-0,124495	-0,124479	0,000000	3,115912	0,538589	0,399677
154,000000	7,847923	7,878931	0,400383	0,092168	2,049990	-12605,350258	-10939,840814	-2985,476630	-11946,753416	-12393,855963	9,021590	68,641998	23,482339	23,836696	26,890768	23,979661	24,238347	-2,910344	1,252213	0,978586	239575,583805	-0,193627	0,000883	1,867729	0,617393	2,033692	-0,124489	-0,124479	0,000000	3,115617	0,539025	0,399639
154,200000	7,847558	7,878728	0,397055	0,093179	2,047401	-12616,090789	-10939,938564	-2985,220823	-11941,627394	-12388,729940	9,024431	68,640617	23,485278	23,838362	26,890039	23,989390	24,239978	-2,910243	1,252906	0,978420	239615,910122	-0,193220	0,000774	1,884097	0,616993	2,033846	-0,124485	-0,124482	0,000000	3,115581	0,539943	0,399634
154,400000	7,847388	7,878918	0,394638	0,094310	2,048360	-12610,746338	-10941,160465	-2985,187323	-11933,387065	-12380,489612	9,026985	68,637789	23,481556	23,836706	26,896784	23,991873	24,240289	-2,910109	1,253126	0,978887	239633,997954	-0,192727	0,000585	1,842459	0,616869	2,034916	-0,124488	-0,124483	0,000000	3,115508	0,540797	0,399625
154,600000	7,847433	7,879095	0,395428	0,094629	2,042845	-12609,573322	-10941,347615	-2985,555518	-11926,720915	-12373,823462	9,029489	68,636503	23,475191	23,834593	26,902319	23,986933	24,240336	-2,910043	1,252598	0,979553	239631,413693	-0,193455	0,000512	1,771640	0,616853	2,036034	-0,124496	-0,124481	0,000000	3,115474	0,540502	0,399621
154,800000	7,847502	7,878779	0,398349	0,094151	2,035918	-12634,728544	-10940,341112	-2985,733593	-11932,123148	-12379,225695	9,032096	68,642038	23,473638	23,833390	26,898643	23,982888	24,239634	-2,910071	1,252977	0,979315	239626,553531	-0,194709	0,000569	1,790869	0,616885	2,035754	-0,124496	-0,124477	0,000000	3,115618	0,539377	0,399639
155,000000	7,847310	7,878296	0,401482	0,093445	2,036015	-12669,882355	-10939,464781	-2985,871420	-11944,358396	-12391,460943	9,034872	68,645646	23,479444	23,833182	26,890069	23,984181	24,237433	-2,910285	1,253533	0,978482	239623,906122	-0,195739	0,000593	1,904878	0,616695	2,033653	-0,124489	-0,124474	0,000000	3,115711	0,537961	0,399651
155,200000	7,846835	7,877806	0,403092	0,092987	2,039325	-12691,759635	-10938,853136	-2985,922913	-11947,181954	-12394,284501	9,037882	68,660427	23,489724	23,835098	26,880923	23,988476	24,233727	-2,910471	1,252650	0,978155	239621,063298	-0,196360	0,000569	2,022755	0,616136	2,032307	-0,124485	-0,124475	0,000000	3,116095	0,536806	0,399700
155,400000	7,846637	7,877477	0,403430	0,093338	2,042600	-12700,664484	-10939,907787	-2985,326183	-11939,209553	-12386,312100	9,040806	68,722652	23,496328	23,839710	26,875755	23,992337	24,231286	-2,910462	1,253268	0,978355	239619,862382	-0,195438	0,000665	2,049281	0,615537	2,033318	-0,124486	-0,124481	0,000000	3,117708	0,536117	0,399907
155,600000	7,846594	7,877648	0,403205	0,094353	2,046741	-12700,798992	-10941,787811	-2984,888879	-11931,450665	-12378,553212	9,043541	68,798565	23,493273	23,842032	26,880330	23,993434	24,232689	-2,910403	1,254610	0,978751	239634,468748	-0,193985	0,000790	2,007060	0,614960	2,034798	-0,124486	-0,124490	0,000000	3,119676	0,535715	0,400159
155,800000	7,846341	7,878009	0,402331	0,095034	2,056138	-12693,496335	-10941,833572	-2985,201650	-11931,097593	-12378,200140	9,046310	68,825904	23,485563	23,838609	26,888211	23,993116	24,236727	-2,910203	1,253665	0,978830	239655,060370	-0,193842	0,000698	2,016672	0,614469	2,035096	-0,124483	-0,124492	0,000000	3,120384	0,535663	0,400250
156,000000	7,846239	7,878124	0,401403	0,095137	2,062560	-12683,809265	-10940,479710	-2985,508851	-11933,772000	-12380,874546	9,049095	68,820537	23,483332	23,834839	26,891283	23,994151	24,240327	-2,910067	1,252621	0,978237	239654,720057	-0,194106	0,000491	2,031485	0,614318	2,034430	-0,124478	-0,124488	0,000000	3,120245	0,535906	0,400232
156,200000	7,846331	7,877741	0,401107	0,094724	2,056185	-12677,207572	-10939,900831	-2985,262188	-11930,896986	-12377,999532	9,051804	68,821958	23,490795	23,834823	26,885162	23,996598	24,237995	-2,910357	1,252735	0,977989	239641,830787	-0,193556	0,000419	1,959798	0,614440	2,033269	-0,124476	-0,124484	0,000000	3,120282	0,536091	0,400237
156,400000	7,845978	7,877150	0,400972	0,094171	2,049278	-12678,116428	-10940,635994	-2984,941494	-11922,009181	-12369,111728	9,054538	68,821023	23,501963	23,836523	26,875903	23,998007	24,226871	-2,910739	1,253252	0,978366	239623,553400	-0,192871	0,000542	1,932684	0,614467	2,032620	-0,124479	-0,124490	0,000000	3,120258	0,536111	0,400234
156,600000	7,845397	7,876796	0,401382	0,094688	2,044206	-12683,037240	-10941,809191	-2984,908991	-11915,181382	-12362,283929	9,057375	68,776705	23,507935	23,838138	26,873933	23,995809	24,216847	-2,910864	1,254182	0,978726	239619,471615	-0,192580	0,000734	2,005754	0,614153	2,032925	-0,124477	-0,124495	0,000000	3,119109	0,535653	0,400087
156,800000	7,845057	7,876603	0,404078	0,095761	2,033576	-12691,583681	-10942,333984	-2985,024512	-11916,266434	-12363,368981	9,060211	68,705729	23,506772	23,838204	26,873192	23,991616	24,217823	-2,910747	1,254667	0,978942	239633,888182	-0,192589	0,000731	2,041692	0,613706	2,033496	-0,124474	-0,124489	0,000000	3,117270	0,534221	0,399851
157,000000	7,844986	7,876558	0,408838	0,095168	2,032008	-12711,423851	-10941,379825	-2985,255690	-11921,350048	-12368,452595	9,062956	68,663662	23,502064	23,836962	26,870767	23,989669	24,225008	-2,910540	1,254165	0,979245	239624,796788	-0,192876	0,000491	2,038997	0,613665	2,033715	-0,124478	-0,124483	0,000000	3,116179	0,532375	0,399711
157,200000	7,845344	7,876660	0,413812	0,093936	2,044184	-12736,301396	-10940,529225	-2985,169079	-11925,836018	-12372,938565	9,065569	68,668726	23,498217	23,836723	26,872924	23,992742	24,230698	-2,910496	1,253752	0,979303	239603,798665	-0,192883	0,000396	2,036030	0,614125	2,033511	-0,124482	-0,124480	0,000000	3,116310	0,530909	0,399728
157,400000	7,845561	7,876482	0,417972	0,094522	2,061326	-12750,576909	-10940,930598	-2984,830797	-11923,287522	-12370,390069	9,068210	68,697040	23,497540	23,837205	26,875237	23,999254	24,230124	-2,910567	1,253797	0,978575	239607,373460	-0,192942	0,000564	1,953492	0,614779	2,033591	-0,124486	-0,124482	0,000000	3,117044	0,529907	0,399822
157,600000	7,845151	7,876006	0,421377	0,095340	2,081800	-12749,467075	-10941,555427	-2984,828417	-11909,202792	-12356,305339	9,070977	68,714102	23,499032	23,837851	26,874215	24,004462	24,222415	-2,910541	1,254226	0,977946	239622,281143	-0,193745	0,000718	1,841190	0,615682	2,034170	-0,124487	-0,124491	0,000000	3,117487	0,529383	0,399879
157,800000	7,844281	7,875758	0,424882	0,095348	2,092811	-12740,366152	-10941,852825	-2985,004637	-11894,533317	-12341,635864	9,073873	68,720331	23,500189	23,839410	26,871234	24,003536	24,214578	-2,910490	1,254403	0,977327	239628,948141	-0,194197	0,000573	1,868601	0,616670	2,035334	-0,124486	-0,124496	0,000000	3,117648	0,528905	0,399899
158,000000	7,843497	7,875787	0,429503	0,095758	2,094395	-12739,765706	-10941,181899	-2985,153113	-11891,521657	-12338,624204	9,076932	68,720316	23,498640	23,840836	26,868391	23,995421	24,212844	-2,910335	1,254174	0,976442	239633,749348	-0,193759	0,000328	1,961297	0,617513	2,036708	-0,124487	-0,124492	0,000000	3,117648	0,527909	0,399899
158,200000	7,843354	7,875953	0,435217	0,095470	2,096329	-12756,083305	-10939,861979	-2985,137133	-11898,959208	-12346,061754	9,079734	68,704946	23,494708	23,840148	26,871459	23,987854	24,217247	-2,910219	1,254127	0,976599	239639,123274	-0,192823	0,000417	1,967504	0,618221	2,036823	-0,124489	-0,124483	0,000000	3,117249	0,526425	0,399848
158,400000	7,843519	7,876035	0,441257	0,094302	2,091452	-12773,699319	-10939,769388	-2984,881773	-11903,858848	-12350,961395	9,082231	68,682498	23,491303	23,838378	26,877397	23,988042	24,222726	-2,910491	1,253351	0,977739	239630,482130	-0,192127	0,000682	1,932529	0,618576	2,036016	-0,124485	-0,124480	0,000000	3,116667	0,524538	0,399774
158,600000	7,843423	7,875626	0,446588	0,094529	2,087048	-12780,392979	-10940,433295	-2984,761992	-11898,034224	-12345,136770	9,085038	68,666774	23,491098	23,838449	26,880130	23,994630	24,224493	-2,910673	1,252940	0,978433	239606,850422	-0,192585	0,000705	1,923585	0,618799	2,036390	-0,124482	-0,124487	0,000000	3,116259	0,522773	0,399721
158,800000	7,843243	7,875239	0,451019	0,096246	2,093136	-12781,883619	-10940,820441	-2984,773811	-11889,616280	-12336,718827	9,088051	68,659957	23,492617	23,840593	26,883126	24,001719	24,223101	-2,910508	1,253872	0,977778	239592,600599	-0,193191	0,000466	1,931388	0,619128	2,038618	-0,124488	-0,124494	0,000000	3,116083	0,521431	0,399699
159,000000	7,843114	7,875396	0,455685	0,096992	2,101174	-12782,472360	-10941,697428	-2985,018913	-11889,613525	-12336,716072	9,090895	68,662193	23,490953	23,841108	26,890381	24,002956	24,221491	-2,910391	1,254224	0,976906	239609,591537	-0,193282	0,000333	1,920718	0,619064	2,040354	-0,124501	-0,124493	0,000000	3,116141	0,519726	0,399706
159,200000	7,843074	7,875565	0,461098	0,096134	2,109232	-12785,145485	-10941,991213	-2985,526599	-11898,212674	-12345,315221	9,093762	68,669264	23,485940	23,838068	26,893130	23,995316	24,220726	-2,910298	1,254040	0,977241	239631,617295	-0,193361	0,000468	1,924891	0,618577	2,040556	-0,124508	-0,124490	0,000000	3,116324	0,517413	0,399729
159,400000	7,843504	7,875455	0,467037	0,095512	2,120705	-12789,271630	-10940,708273	-2985,731347	-11906,490144	-12353,592691	9,096703	68,663955	23,483206	23,835391	26,888296	23,985337	24,221962	-2,910043	1,254205	0,977748	239625,278986	-0,193725	0,000765	1,983317	0,618290	2,039631	-0,124501	-0,124484	0,000000	3,116186	0,515069	0,399712
159,600000	7,843764	7,875112	0,472162	0,095449	2,135346	-12789,695831	-10939,775943	-2985,637412	-11907,818291	-12354,920837	9,099499	68,644555	23,485860	23,836200	26,884614	23,983370	24,223750	-2,909980	1,253642	0,977678	239607,346566	-0,194392	0,000975	2,000233	0,618349	2,037354	-0,124492	-0,124476	0,000000	3,115683	0,513296	0,399647
159,800000	7,843165	7,874741	0,475702	0,095214	2,146020	-12785,012766	-10940,149932	-2985,610572	-11901,916716	-12349,019263	9,102113	68,629131	23,488426	23,838551	26,882727	23,988433	24,223259	-2,910306	1,253031	0,978140	239597,577824	-0,194569	0,000936	1,863527	0,618568	2,035570	-0,124489	-0,124476	0,000000	3,115283	0,512217	0,399596
160,000000	7,842483	7,874733	0,479511	0,095296	2,147649	-12781,380527	-10941,378666	-2985,551741	-11897,852061	-12344,954608	9,104709	68,614010	23,485488	23,839700	26,885898	23,993092	24,224108	-2,910486	1,253103	0,978537	239579,352455	-0,193812	0,000784	1,700562	0,618952	2,035708	-0,124491	-0,124483	0,000000	3,114891	0,511217	0,399546
160,200000	7,842380	7,874886	0,484609	0,095845	2,149841	-12790,791010	-10942,550446	-2985,462225	-11910,051299	-12357,153845	9,107302	68,602071	23,480017	23,839913	26,897506	23,993314	24,228690	-2,910339	1,252970	0,977969	239548,857800	-0,193103	0,000633	1,698349	0,619366	2,037058	-0,124493	-0,124485	0,000000	3,114581	0,509830	0,399506
160,400000	7,842578	7,874597	0,490045	0,096183	2,151385	-12813,206583	-10941,949565	-2985,516321	-11939,620285	-12386,722831	9,109870	68,600486	23,475478	23,838703	26,908424	23,989436	24,234473	-2,910142	1,252943	0,977258	239537,200263	-0,193309	0,000434	1,797698	0,619450	2,037681	-0,124493	-0,124483	0,000000	3,114540	0,508042	0,399501
160,600000	7,842653	7,874056	0,494683	0,095556	2,145162	-12833,646899	-10939,979935	-2985,598804	-11967,097417	-12414,199964	9,112509	68,606405	23,472187	23,835191	26,910013	23,984831	24,237478	-2,910074	1,252366	0,977156	239550,613467	-0,193907	0,000272	1,867271	0,619142	2,036350	-0,124490	-0,124480	0,000000	3,114694	0,506191	0,399520
160,800000	7,842476	7,873664	0,497716	0,094317	2,146436	-12839,866493	-10939,117947	-2985,595641	-11976,023010	-12423,125556	9,115282	68,629348	23,474236	23,833010	26,903743	23,981630	24,233717	-2,910239	1,251863	0,977665	239552,551217	-0,194135	0,000303	1,842084	0,618687	2,034361	-0,124490	-0,124480	0,000000	3,115289	0,504765	0,399597
161,000000	7,842402	7,873288	0,499786	0,093857	2,158330	-12835,880265	-10940,560085	-2985,542158	-11976,842028	-12423,944575	9,118143	68,638903	23,483253	23,834911	26,896513	23,980770	24,226107	-2,910512	1,252910	0,978218	239526,395464	-0,194296	0,000444	1,784176	0,617947	2,033226	-0,124489	-0,124484	0,000000	3,115537	0,503428	0,399628
161,200000	7,842401	7,873187	0,501772	0,094200	2,168393	-12833,895258	-10942,100219	-2985,757442	-11986,223950	-12433,326497	9,120931	68,610975	23,490045	23,838136	26,893775	23,981797	24,224396	-2,910602	1,253454	0,978567	239498,238828	-0,194977	0,000494	1,827169	0,616954	2,033230	-0,124485	-0,124484	0,000000	3,114812	0,501938	0,399536
161,400000	7,842476	7,873437	0,503886	0,094925	2,179027	-12834,846547	-10941,520328	-2986,062125	-12000,074156	-12447,176703	9,123680	68,587958	23,487282	23,839226	26,897895	23,981859	24,232451	-2,910364	1,252854	0,978605	239483,026261	-0,195294	0,000430	1,884557	0,616098	2,033850	-0,124484	-0,124480	0,000000	3,114215	0,500556	0,399459
161,600000	7,842731	7,873568	0,506082	0,095189	2,185014	-12832,598507	-10940,305658	-2985,993606	-12007,122810	-12454,225357	9,126406	68,595426	23,478264	23,838393	26,904867	23,980616	24,242416	-2,910005	1,252491	0,978792	239475,611005	-0,194466	0,000408	1,854346	0,615115	2,034451	-0,124488	-0,124479	0,000000	3,114409	0,499049	0,399484
161,800000	7,842457	7,873360	0,507396	0,094168	2,183073	-12826,266320	-10939,816447	-2985,733131	-12008,715925	-12455,818472	9,128984	68,614693	23,473411	23,837153	26,907811	23,981162	24,245358	-2,909949	1,252638	0,979361	239463,220814	-0,193567	0,000527	1,834296	0,614102	2,034289	-0,124487	-0,124484	0,000000	3,114909	0,497788	0,399548
162,000000	7,841870	7,872802	0,507134	0,093846	2,180086	-12817,329287	-10939,664168	-2985,484209	-12007,995031	-12455,097578	9,131603	68,631626	23,477801	23,836123	26,908489	23,984033	24,240935	-2,910127	1,252947	0,979854	239444,539974	-0,193555	0,000642	1,849756	0,613895	2,033323	-0,124478	-0,124488	0,000000	3,115348	0,497678	0,399604
162,200000	7,841532	7,872264	0,505548	0,094668	2,172313	-12805,377718	-10940,091246	-2985,346947	-12005,864046	-12452,966593	9,134386	68,650098	23,484660	23,836135	26,907051	23,986887	24,232875	-2,910174	1,252509	0,979945	239421,307538	-0,194113	0,000456	1,838929	0,614423	2,032794	-0,124477	-0,124485	0,000000	3,115827	0,498599	0,399666
162,400000	7,841219	7,872220	0,503993	0,094240	2,165735	-12794,871540	-10940,589667	-2985,168870	-12009,504658	-12456,607205	9,137119	68,643912	23,488660	23,837355	26,901095	23,985624	24,226537	-2,910178	1,252276	0,979434	239385,399360	-0,193956	0,000286	1,773814	0,615100	2,033013	-0,124484	-0,124481	0,000000	3,115666	0,499649	0,399645
162,600000	7,841110	7,872342	0,502690	0,093262	2,166289	-12793,287752	-10940,802219	-2984,868582	-12019,521635	-12466,624182	9,139766	68,579816	23,490030	23,837605	26,897829	23,980033	24,228815	-2,910252	1,252917	0,978988	239344,867744	-0,193072	0,000572	1,718407	0,615508	2,032901	-0,124485	-0,124480	0,000000	3,114004	0,500416	0,399432
162,800000	7,841228	7,872103	0,499319	0,093717	2,164018	-12789,463533	-10941,008280	-2984,895883	-12029,028069	-12476,130616	9,142390	68,508822	23,489041	23,836155	26,899284	23,978766	24,237773	-2,910298	1,253213	0,979068	239321,233826	-0,193158	0,001089	1,768915	0,614882	2,032786	-0,124481	-0,124476	0,000000	3,112161	0,501022	0,399196
163,000000	7,841363	7,871631	0,493998	0,094551	2,158717	-12769,997419	-10940,845874	-2985,243483	-12032,117374	-12479,219921	9,144981	68,500169	23,487360	23,835583	26,899776	23,987361	24,243609	-2,910177	1,253661	0,979063	239318,121533	-0,194201	0,001321	1,887605	0,613126	2,032699	-0,124480	-0,124473	0,000000	3,111937	0,501347	0,399167
163,200000	7,841461	7,871350	0,489580	0,094632	2,155397	-12745,048448	-10941,049064	-2985,393089	-12022,937478	-12470,040024	9,147607	68,544725	23,488076	23,836103	26,897010	24,000528	24,241124	-2,910123	1,253967	0,978577	239317,201663	-0,194566	0,000945	1,944401	0,611442	2,032718	-0,124483	-0,124478	0,000000	3,113093	0,501432	0,399315
163,400000	7,841121	7,871475	0,487093	0,095053	2,154014	-12723,408162	-10941,072134	-2985,222063	-12005,221203	-12452,323750	9,150409	68,589666	23,491600	23,836510	26,894206	24,007919	24,233439	-2,910378	1,253940	0,977846	239321,558661	-0,194273	0,000493	1,877135	0,610808	2,034319	-0,124486	-0,124487	0,000000	3,114259	0,501752	0,399465
163,600000	7,840430	7,871573	0,485119	0,096255	2,151149	-12703,266281	-10940,334003	-2985,153829	-11987,261996	-12434,364543	9,153381	68,620681	23,495474	23,837399	26,896951	24,005125	24,227601	-2,910479	1,255005	0,977419	239334,360592	-0,194362	0,000462	1,759545	0,610976	2,035820	-0,124484	-0,124493	0,000000	3,115064	0,502566	0,399568
163,800000	7,840035	7,871351	0,480764	0,096521	2,144770	-12674,820822	-10940,271086	-2985,248325	-11974,401008	-12421,503555	9,156334	68,661784	23,496196	23,837495	26,903136	23,997668	24,226239	-2,910386	1,255315	0,977593	239346,325670	-0,194311	0,000559	1,703066	0,611420	2,034935	-0,124480	-0,124487	0,000000	3,116130	0,504409	0,399705
164,000000	7,839993	7,871279	0,473739	0,095737	2,141210	-12639,485065	-10941,094977	-2985,120658	-11967,595287	-12414,697834	9,159169	68,695215	23,494168	23,836256	26,905613	23,992841	24,226392	-2,910453	1,254244	0,977738	239355,853601	-0,193588	0,000588	1,718738	0,612322	2,032611	-0,124482	-0,124477	0,000000	3,116997	0,507564	0,399816
164,200000	7,839784	7,871276	0,467450	0,095676	2,135359	-12620,691489	-10942,033596	-2984,922305	-11959,197755	-12406,300302	9,161745	68,692656	23,494781	23,836620	26,902337	23,994586	24,225012	-2,910612	1,253775	0,977248	239360,810353	-0,192904	0,000651	1,762187	0,613584	2,032192	-0,124485	-0,124476	0,000000	3,116931	0,510785	0,399807
164,400000	7,839253	7,870999	0,462950	0,096276	2,119870	-12614,009236	-10942,542783	-2984,946283	-11946,502427	-12393,604974	9,164199	68,675445	23,498959	23,839215	26,901066	24,002666	24,222216	-2,910910	1,253229	0,976930	239365,704033	-0,192680	0,000823	1,787839	0,614551	2,033703	-0,124482	-0,124484	0,000000	3,116484	0,513142	0,399750
164,600000	7,838756	7,870815	0,458676	0,096807	2,110493	-12601,887465	-10942,496243	-2985,058795	-11934,147575	-12381,250122	9,166894	68,671198	23,500548	23,840491	26,905672	24,010070	24,219596	-2,911185	1,252175	0,977391	239370,143848	-0,192667	0,000811	1,778890	0,615182	2,034937	-0,124481	-0,124492	0,000000	3,116374	0,515169	0,399736
164,800000	7,838647	7,870974	0,453197	0,097026	2,109282	-12591,357774	-10941,988540	-2985,273842	-11928,300821	-12375,403368	9,169714	68,686351	23,494985	23,838573	26,912618	24,009274	24,218524	-2,910895	1,252138	0,977671	239372,503575	-0,192881	0,000404	1,807422	0,615873	2,036856	-0,124486	-0,124494	0,000000	3,116767	0,517717	0,399786
165,000000	7,838798	7,871109	0,445311	0,097073	2,103514	-12579,102240	-10941,787977	-2985,521547	-11930,955348	-12378,057895	9,172481	68,722538	23,488841	23,836948	26,920987	24,003661	24,218404	-2,910309	1,252823	0,977341	239383,089321	-0,193386	0,000131	1,843870	0,616924	2,038178	-0,124492	-0,124489	0,000000	3,117705	0,521457	0,399907
165,200000	7,838713	7,870778	0,435831	0,097048	2,099256	-12558,289123	-10942,061944	-2985,574805	-11936,388451	-12383,490998	9,175254	68,759048	23,490317	23,837066	26,924972	23,998949	24,216053	-2,910226	1,252861	0,976830	239391,247609	-0,193811	0,000311	1,842153	0,617963	2,037198	-0,124498	-0,124484	0,000000	3,118652	0,525773	0,400028
165,400000	7,838378	7,870319	0,427311	0,096779	2,093423	-12538,160171	-10941,800253	-2985,242379	-11935,906948	-12383,009495	9,178145	68,768246	23,495689	23,837515	26,919527	23,995463	24,213370	-2,910489	1,252855	0,976606	239381,591121	-0,193772	0,000565	1,909031	0,618375	2,035231	-0,124497	-0,124486	0,000000	3,118890	0,529228	0,400059
165,600000	7,837977	7,870372	0,423040	0,096543	2,080337	-12529,965670	-10941,159064	-2984,709477	-11926,473254	-12373,575800	9,181172	68,765449	23,498696	23,839972	26,911644	23,994518	24,213572	-2,910555	1,253257	0,976975	239372,526730	-0,193555	0,000617	2,037308	0,618120	2,034368	-0,124487	-0,124490	0,000000	3,118818	0,530583	0,400049
165,800000	7,837676	7,870650	0,423485	0,096310	2,067709	-12546,154279	-10940,554479	-2984,512814	-11916,611530	-12363,714076	9,183969	68,760755	23,497137	23,843341	26,912946	23,995112	24,215927	-2,910576	1,253703	0,977509	239376,609001	-0,193482	0,000534	2,075333	0,617271	2,035623	-0,124482	-0,124490	0,000000	3,118696	0,529701	0,400034
166,000000	7,837648	7,870816	0,423146	0,096255	2,056052	-12573,124540	-10940,524677	-2984,537986	-11915,093636	-12362,196182	9,186345	68,760040	23,489145	23,843316	26,922027	23,992888	24,221576	-2,910623	1,253854	0,977351	239379,375923	-0,193299	0,000408	2,021856	0,616042	2,037420	-0,124483	-0,124493	0,000000	3,118677	0,528798	0,400031
166,200000	7,837671	7,870762	0,418832	0,096602	2,054272	-12581,205201	-10941,000598	-2984,850563	-11921,855354	-12368,957900	9,188735	68,786738	23,478285	23,839606	26,926918	23,988932	24,230011	-2,910434	1,253358	0,976659	239372,725916	-0,193545	0,000313	1,940662	0,615015	2,037704	-0,124484	-0,124493	0,000000	3,119369	0,529534	0,400120
166,400000	7,837721	7,870183	0,414752	0,096492	2,064280	-12577,047846	-10941,401574	-2985,579060	-11927,326789	-12374,429336	9,191409	68,826683	23,472984	23,835509	26,923516	23,988669	24,231756	-2,910157	1,252548	0,976917	239364,556711	-0,194584	0,000377	1,820269	0,614511	2,036902	-0,124486	-0,124488	0,000000	3,120404	0,530594	0,400253
166,600000	7,837769	7,869517	0,414230	0,095538	2,068312	-12587,883153	-10941,919855	-2985,971095	-11926,456954	-12373,559500	9,194175	68,860609	23,475557	23,834268	26,915494	23,990337	24,222900	-2,910078	1,252262	0,977649	239372,694961	-0,194678	0,000491	1,749539	0,614311	2,036642	-0,124489	-0,124482	0,000000	3,121283	0,530565	0,400366
166,800000	7,837459	7,869379	0,413819	0,095503	2,066946	-12611,486191	-10941,492600	-2985,707335	-11925,189411	-12372,291957	9,196990	68,863496	23,480926	23,836484	26,909845	23,987544	24,215278	-2,910253	1,253166	0,978216	239391,968852	-0,193621	0,000579	1,821066	0,614456	2,036500	-0,124491	-0,124480	0,000000	3,121358	0,530822	0,400375
167,000000	7,837067	7,869404	0,409106	0,096907	2,067899	-12618,481338	-10940,446254	-2985,359046	-11926,483626	-12373,586173	9,199890	68,831919	23,481775	23,838604	26,910574	23,981743	24,215555	-2,910369	1,253930	0,979008	239405,717221	-0,193545	0,000626	1,926032	0,615190	2,036445	-0,124494	-0,124481	0,000000	3,120540	0,533233	0,400270
167,200000	7,837056	7,869331	0,401628	0,096926	2,065877	-12599,229147	-10940,379783	-2985,361228	-11929,832283	-12376,934830	9,202673	68,829784	23,475979	23,838718	26,911606	23,977670	24,222292	-2,910227	1,252998	0,978644	239417,915074	-0,194060	0,000495	1,894646	0,616101	2,036919	-0,124493	-0,124480	0,000000	3,120485	0,536871	0,400263
167,400000	7,837245	7,869347	0,395973	0,095034	2,055082	-12578,980625	-10940,404441	-2985,496331	-11934,221914	-12381,324461	9,205254	68,871043	23,469421	23,838318	26,910124	23,976855	24,234062	-2,910165	1,252318	0,977593	239418,970038	-0,193521	0,000376	1,798115	0,616359	2,036929	-0,124490	-0,124479	0,000000	3,121553	0,539272	0,400400
167,600000	7,837410	7,868960	0,394037	0,094090	2,038321	-12577,419897	-10940,566014	-2985,489314	-11934,211214	-12381,313761	9,207894	68,916512	23,466912	23,837521	26,910105	23,979914	24,241998	-2,910384	1,252635	0,977425	239405,917838	-0,193109	0,000357	1,805662	0,615783	2,036365	-0,124490	-0,124479	0,000000	3,122731	0,539494	0,400551
167,800000	7,837452	7,868243	0,394523	0,094703	2,025526	-12590,885325	-10941,187665	-2985,619418	-11928,713675	-12375,816222	9,210658	68,950332	23,468651	23,836887	26,909797	23,985958	24,238809	-2,910592	1,252771	0,977532	239404,141592	-0,194324	0,000371	1,855325	0,615169	2,036318	-0,124490	-0,124481	0,000000	3,123606	0,538725	0,400664
168,000000	7,837489	7,868011	0,394293	0,095165	2,017154	-12611,973722	-10941,446473	-2985,767320	-11926,436772	-12373,539319	9,213437	68,962932	23,473062	23,836432	26,906606	23,988675	24,230215	-2,910519	1,253454	0,977581	239419,744546	-0,195492	0,000416	1,851780	0,615194	2,036220	-0,124488	-0,124482	0,000000	3,123933	0,538817	0,400705
168,200000	7,837795	7,868189	0,391719	0,095041	2,011967	-12628,449172	-10941,628529	-2985,608068	-11930,679788	-12377,782334	9,216194	68,977721	23,476400	23,835569	26,902399	23,983146	24,226190	-2,910316	1,253828	0,977802	239435,841588	-0,194876	0,000373	1,850431	0,615569	2,036053	-0,124493	-0,124478	0,000000	3,124315	0,540148	0,400755
168,400000	7,837817	7,868406	0,389466	0,094547	2,021197	-12633,414027	-10941,150947	-2985,456532	-11936,626985	-12383,729532	9,218851	69,053086	23,475961	23,836022	26,898518	23,975426	24,229539	-2,910235	1,253089	0,977643	239457,068729	-0,193714	0,000425	1,877758	0,615875	2,036364	-0,124499	-0,124474	0,000000	3,126266	0,541298	0,401005
168,600000	7,837102	7,868378	0,389573	0,093813	2,037902	-12636,987752	-10940,188187	-2985,567696	-11939,934458	-12387,037005	9,221519	69,173773	23,474498	23,837338	26,894895	23,972898	24,234549	-2,910359	1,252725	0,977478	239480,716855	-0,193963	0,000700	1,867181	0,615988	2,034803	-0,124493	-0,124474	0,000000	3,129387	0,541345	0,401405
168,800000	7,836603	7,867845	0,390950	0,093434	2,045346	-12646,134898	-10940,315348	-2985,710193	-11935,620325	-12382,722872	9,224267	69,247555	23,475020	23,837154	26,892466	23,976817	24,235501	-2,910502	1,252561	0,977939	239496,822804	-0,194928	0,000925	1,821672	0,615725	2,032597	-0,124482	-0,124478	0,000000	3,131293	0,540541	0,401650
169,000000	7,836723	7,867316	0,393023	0,093879	2,050776	-12660,104142	-10940,493098	-2985,565613	-11926,158587	-12373,261134	9,226974	69,247745	23,476709	23,838032	26,891500	23,986145	24,233690	-2,910409	1,252614	0,978487	239502,957269	-0,195146	0,000850	1,834969	0,615136	2,032435	-0,124481	-0,124481	0,000000	3,131298	0,539185	0,401650
169,200000	7,836708	7,867231	0,395487	0,094551	2,052743	-12678,851587	-10940,444411	-2985,108155	-11923,557559	-12370,660106	9,229549	69,229525	23,478607	23,839646	26,890646	23,994811	24,232410	-2,910185	1,253473	0,978964	239501,546404	-0,194636	0,000526	1,945759	0,614579	2,033701	-0,124486	-0,124486	0,000000	3,130828	0,537735	0,401590
169,400000	7,836300	7,867438	0,397636	0,094500	2,045269	-12696,201647	-10941,676660	-2984,810062	-11928,920305	-12376,022852	9,232070	69,237822	23,478180	23,837056	26,891586	23,993248	24,230614	-2,910096	1,253866	0,979065	239511,145802	-0,194108	0,000268	2,032706	0,614197	2,034486	-0,124490	-0,124490	0,000000	3,131042	0,536593	0,401617
169,600000	7,835857	7,867609	0,399353	0,094088	2,039405	-12705,580129	-10942,244737	-2985,066280	-11934,921896	-12382,024442	9,234801	69,253342	23,475520	23,834127	26,891210	23,983453	24,229098	-2,910151	1,253339	0,978693	239528,965981	-0,194572	0,000372	1,973777	0,613677	2,033340	-0,124491	-0,124489	0,000000	3,131443	0,535496	0,401669
169,800000	7,835629	7,867215	0,401103	0,094155	2,035189	-12711,588690	-10940,914501	-2985,573646	-11940,212795	-12387,315342	9,237775	69,240751	23,478020	23,835084	26,883137	23,978062	24,230428	-2,910169	1,252699	0,978545	239539,482206	-0,195542	0,000706	1,930202	0,613174	2,031370	-0,124487	-0,124485	0,000000	3,131118	0,534348	0,401627
170,000000	7,835344	7,866599	0,403749	0,094684	2,036526	-12722,029737	-10939,635618	-2985,657347	-11940,169899	-12387,272446	9,240691	69,220733	23,486257	23,837090	26,872676	23,982462	24,230524	-2,910264	1,252441	0,978782	239546,014734	-0,195625	0,000805	1,995157	0,613619	2,029884	-0,124480	-0,124483	0,000000	3,130600	0,533668	0,401561
170,200000	7,834830	7,866411	0,408157	0,094849	2,047896	-12739,837721	-10939,645664	-2985,191538	-11932,429976	-12379,532522	9,243489	69,218084	23,490719	23,838621	26,870066	23,990290	24,227531	-2,910536	1,252557	0,978991	239556,743522	-0,194739	0,000633	1,995389	0,614910	2,030199	-0,124475	-0,124487	0,000000	3,130532	0,533097	0,401552
170,400000	7,834386	7,866412	0,414234	0,094820	2,055840	-12762,083222	-10941,067378	-2984,903584	-11925,845070	-12372,947617	9,246348	69,227751	23,488069	23,840250	26,873312	23,994865	24,226777	-2,910630	1,252920	0,978445	239560,446088	-0,194075	0,000363	1,936539	0,616002	2,032639	-0,124479	-0,124491	0,000000	3,130782	0,531751	0,401584
170,600000	7,834428	7,866406	0,420200	0,095147	2,062032	-12784,064348	-10942,458133	-2985,128744	-11926,691681	-12373,794227	9,249233	69,208620	23,483297	23,840434	26,877180	23,996064	24,229321	-2,910514	1,254175	0,977653	239571,900772	-0,194214	0,000229	1,909706	0,617121	2,035193	-0,124488	-0,124487	0,000000	3,130287	0,530484	0,401521
170,800000	7,834762	7,866288	0,424200	0,095339	2,073859	-12796,372762	-10941,885824	-2985,438631	-11932,632700	-12379,735247	9,252031	69,115759	23,479621	23,836691	26,882984	23,994927	24,231915	-2,910411	1,255177	0,978247	239595,329417	-0,194713	0,000433	1,891103	0,618613	2,035611	-0,124490	-0,124484	0,000000	3,127887	0,530283	0,401213
171,000000	7,834601	7,865897	0,427680	0,095526	2,084642	-12793,374756	-10940,102035	-2985,383769	-11933,937556	-12381,040103	9,254797	69,013418	23,478732	23,832578	26,882168	23,992976	24,231319	-2,910329	1,254366	0,979036	239601,183642	-0,194890	0,000612	1,904739	0,619501	2,034273	-0,124488	-0,124486	0,000000	3,125239	0,529732	0,400873
171,200000	7,834138	7,865519	0,433655	0,096060	2,089893	-12790,851179	-10939,560877	-2984,915363	-11922,488302	-12369,590849	9,257579	68,992219	23,483648	23,833280	26,871584	23,992493	24,224386	-2,910308	1,254006	0,978626	239606,482890	-0,194243	0,000538	1,948407	0,619402	2,033608	-0,124485	-0,124485	0,000000	3,124691	0,527396	0,400803
171,400000	7,833817	7,865505	0,441170	0,096382	2,092037	-12796,952602	-10940,480577	-2984,616562	-11908,057982	-12355,160528	9,260333	69,019470	23,491372	23,837474	26,863961	23,993626	24,214198	-2,910455	1,254269	0,978297	239623,404798	-0,193471	0,000523	1,949545	0,619205	2,034184	-0,124488	-0,124482	0,000000	3,125396	0,524457	0,400893
171,600000	7,833474	7,865644	0,447137	0,096705	2,097105	-12798,237984	-10941,061764	-2984,782793	-11899,229628	-12346,332175	9,263018	69,016340	23,493473	23,840006	26,863945	23,993353	24,211767	-2,910621	1,253600	0,978263	239643,666166	-0,193290	0,000662	1,927390	0,619546	2,035121	-0,124494	-0,124485	0,000000	3,125315	0,522584	0,400883
171,800000	7,833460	7,865691	0,451268	0,097110	2,102192	-12791,224012	-10941,450150	-2984,943356	-11892,532636	-12339,635183	9,265689	68,963626	23,486772	23,838742	26,867644	23,991601	24,220728	-2,910549	1,253673	0,978101	239661,236375	-0,193253	0,000664	1,931927	0,619977	2,036182	-0,124494	-0,124485	0,000000	3,123950	0,521470	0,400708
172,000000	7,833795	7,865691	0,454870	0,096455	2,102404	-12785,230374	-10941,414035	-2985,089899	-11892,769812	-12339,872359	9,268411	68,896079	23,478477	23,836589	26,871729	23,993821	24,230281	-2,910324	1,253857	0,978314	239657,001133	-0,193468	0,000485	1,916185	0,619890	2,036785	-0,124491	-0,124484	0,000000	3,122202	0,520116	0,400483
172,200000	7,833650	7,865420	0,458287	0,095541	2,109656	-12788,566888	-10940,406190	-2985,137198	-11903,096118	-12350,198664	9,271213	68,855134	23,476689	23,836220	26,874119	23,998690	24,229827	-2,910186	1,253006	0,978650	239641,131096	-0,193707	0,000338	1,888168	0,619551	2,036536	-0,124487	-0,124486	0,000000	3,121141	0,518603	0,400347
172,400000	7,833020	7,865076	0,461472	0,096070	2,122041	-12801,832029	-10940,344852	-2984,909230	-11918,154296	-12365,256843	9,274085	68,851995	23,480323	23,837409	26,873889	24,001589	24,220084	-2,910277	1,253194	0,978702	239643,073996	-0,193407	0,000384	1,886613	0,619483	2,036237	-0,124484	-0,124492	0,000000	3,121060	0,517393	0,400337
172,600000	7,832609	7,864978	0,464874	0,096934	2,125406	-12817,272201	-10941,062021	-2984,833406	-11935,662006	-12382,764553	9,276923	68,858422	23,484705	23,839157	26,871232	24,001567	24,209935	-2,910534	1,253827	0,978414	239641,065275	-0,193435	0,000599	1,867460	0,619953	2,036389	-0,124483	-0,124499	0,000000	3,121226	0,516568	0,400358
172,800000	7,832441	7,864862	0,468999	0,096694	2,129867	-12829,883853	-10941,334131	-2984,836560	-11953,955631	-12401,058178	9,279759	68,844380	23,485853	23,839877	26,872775	23,995446	24,207584	-2,910620	1,253804	0,977692	239617,261602	-0,193983	0,000638	1,831779	0,620968	2,036993	-0,124484	-0,124500	0,000000	3,120863	0,515955	0,400312
173,000000	7,832592	7,864592	0,473386	0,096081	2,136996	-12838,713246	-10941,997689	-2984,821227	-11969,554959	-12416,657505	9,282534	68,769553	23,482710	23,839056	26,881759	23,985586	24,214844	-2,910439	1,254299	0,977255	239618,533053	-0,194343	0,000412	1,830166	0,622036	2,037166	-0,124485	-0,124494	0,000000	3,118924	0,515304	0,400063
173,200000	7,833022	7,864377	0,476674	0,095948	2,138155	-12844,627119	-10942,219555	-2985,021177	-11979,557522	-12426,660069	9,285203	68,634830	23,477660	23,838772	26,888993	23,983644	24,224659	-2,910303	1,254703	0,977655	239630,582789	-0,194138	0,000295	1,856560	0,622618	2,036408	-0,124486	-0,124486	0,000000	3,115431	0,514638	0,399615
173,400000	7,833225	7,864326	0,477868	0,095351	2,140025	-12843,933570	-10941,954279	-2985,052019	-11982,690740	-12429,793286	9,287944	68,544361	23,474821	23,839005	26,889483	23,991910	24,228218	-2,910363	1,254232	0,978283	239600,718842	-0,193038	0,000402	1,896180	0,622597	2,036056	-0,124488	-0,124487	0,000000	3,113084	0,514201	0,399314
173,600000	7,833171	7,864073	0,478065	0,094306	2,140492	-12828,802663	-10942,491768	-2984,840901	-11980,104738	-12427,207285	9,290764	68,532742	23,475937	23,837910	26,889927	23,997891	24,225077	-2,910559	1,253623	0,978334	239558,131377	-0,192023	0,000623	1,994947	0,622089	2,037044	-0,124486	-0,124493	0,000000	3,112782	0,513702	0,399275
173,800000	7,832988	7,863763	0,478813	0,094960	2,141609	-12806,706218	-10941,697975	-2984,945606	-11977,490689	-12424,593235	9,293587	68,537396	23,477999	23,836854	26,896190	23,993597	24,220987	-2,910619	1,253592	0,977696	239538,581038	-0,192676	0,000708	2,084331	0,621379	2,038602	-0,124487	-0,124494	0,000000	3,112903	0,512850	0,399291
174,000000	7,832718	7,863791	0,480577	0,096450	2,146774	-12793,135798	-10940,038921	-2985,216034	-11981,206710	-12428,309257	9,296317	68,519517	23,477633	23,837452	26,904142	23,982776	24,220313	-2,910368	1,253813	0,977176	239544,317678	-0,193756	0,000483	2,034362	0,620613	2,038777	-0,124496	-0,124487	0,000000	3,112439	0,511621	0,399231
174,200000	7,832575	7,863764	0,482939	0,095775	2,144256	-12787,096284	-10939,961057	-2985,305978	-11984,956444	-12432,058990	9,298869	68,436314	23,473986	23,836729	26,907057	23,972921	24,224021	-2,910158	1,253277	0,977381	239556,706188	-0,194148	0,000380	1,909042	0,619866	2,037268	-0,124503	-0,124479	0,000000	3,110279	0,510196	0,398954
174,400000	7,832709	7,863417	0,483781	0,093634	2,139466	-12775,083303	-10940,962261	-2985,396817	-11976,852814	-12423,955361	9,301528	68,289529	23,471197	23,834737	26,903969	23,969762	24,229238	-2,910133	1,252623	0,977852	239552,405931	-0,194536	0,000628	1,870651	0,619208	2,035528	-0,124501	-0,124477	0,000000	3,106465	0,509344	0,398465
174,600000	7,832708	7,862956	0,481704	0,092849	2,141611	-12748,648732	-10941,992692	-2985,539216	-11959,513942	-12406,616489	9,304481	68,176201	23,472446	23,836512	26,898522	23,973758	24,231665	-2,910178	1,252336	0,978265	239544,198499	-0,194716	0,000924	1,948302	0,618442	2,034938	-0,124493	-0,124477	0,000000	3,103518	0,509388	0,398087
174,800000	7,832453	7,862723	0,477684	0,093526	2,143747	-12713,933320	-10941,643182	-2985,730301	-11945,972882	-12393,075428	9,307513	68,155957	23,473679	23,840331	26,897662	23,980507	24,232212	-2,910276	1,251688	0,978873	239550,814990	-0,194739	0,001043	2,020522	0,617650	2,035331	-0,124485	-0,124478	0,000000	3,102991	0,510099	0,398019
175,000000	7,832469	7,862815	0,474024	0,094353	2,142211	-12686,429198	-10940,067075	-2985,696188	-11939,939676	-12387,042223	9,310392	68,187722	23,469103	23,840524	26,906020	23,983284	24,234153	-2,910202	1,251752	0,979226	239552,677187	-0,194662	0,000819	1,972399	0,617056	2,035626	-0,124486	-0,124483	0,000000	3,103818	0,510893	0,398125
175,200000	7,832686	7,863048	0,472306	0,094744	2,139087	-12670,629191	-10939,509152	-2985,338478	-11936,400408	-12383,502955	9,313011	68,215276	23,461315	23,837485	26,915222	23,978943	24,238313	-2,909897	1,252022	0,978544	239541,719206	-0,194055	0,000420	1,820963	0,616710	2,036157	-0,124493	-0,124486	0,000000	3,104534	0,511238	0,398217
175,400000	7,832739	7,863156	0,472393	0,094631	2,135390	-12661,092260	-10939,938529	-2985,382415	-11936,129357	-12383,231903	9,315606	68,224663	23,458926	23,835597	26,913118	23,972604	24,241581	-2,909724	1,251688	0,977944	239548,856701	-0,193814	0,000316	1,743559	0,616320	2,035942	-0,124493	-0,124483	0,000000	3,104778	0,510890	0,398249
175,600000	7,832553	7,862894	0,472801	0,094229	2,127022	-12659,776009	-10939,758347	-2985,698282	-11939,340379	-12386,442926	9,318306	68,224812	23,463273	23,834531	26,903888	23,970639	24,239698	-2,909847	1,252435	0,978332	239580,693516	-0,194497	0,000412	1,819043	0,615418	2,034041	-0,124487	-0,124477	0,000000	3,104782	0,509972	0,398249
175,800000	7,832206	7,862557	0,471149	0,093773	2,115642	-12667,710707	-10939,427076	-2985,589953	-11939,965567	-12387,068114	9,321059	68,233907	23,470099	23,834554	26,896061	23,973912	24,234484	-2,910103	1,253419	0,978521	239601,909985	-0,195030	0,000426	1,882757	0,614383	2,032287	-0,124485	-0,124471	0,000000	3,105019	0,509653	0,398279
176,000000	7,831795	7,862424	0,465891	0,093581	2,116064	-12668,762454	-10940,241609	-2985,300548	-11937,179658	-12384,282205	9,323902	68,252884	23,474525	23,838551	26,890978	23,979267	24,230813	-2,910311	1,253292	0,977918	239578,987433	-0,195189	0,000483	1,843249	0,613730	2,032321	-0,124488	-0,124470	0,000000	3,105512	0,510915	0,398343
176,200000	7,831419	7,862409	0,457737	0,093558	2,123422	-12648,718271	-10941,282908	-2985,186019	-11934,929231	-12382,031777	9,326552	68,254196	23,473077	23,840975	26,893211	23,983002	24,232095	-2,910364	1,253306	0,977523	239548,472242	-0,194711	0,000653	1,822476	0,613351	2,033581	-0,124490	-0,124474	0,000000	3,105546	0,513456	0,398347
176,400000	7,831266	7,862344	0,450368	0,093685	2,120924	-12617,428916	-10941,033120	-2985,332863	-11935,636747	-12382,739294	9,329112	68,236769	23,467239	23,838434	26,902509	23,983718	24,237638	-2,910246	1,253311	0,977754	239554,320414	-0,193847	0,000852	1,842160	0,613135	2,034613	-0,124487	-0,124478	0,000000	3,105093	0,515901	0,398289
176,600000	7,831259	7,862029	0,447066	0,094265	2,116269	-12599,287934	-10940,054522	-2985,808454	-11937,951980	-12385,054527	9,331962	68,259119	23,462882	23,835577	26,907904	23,983146	24,241359	-2,909962	1,252506	0,977762	239583,832022	-0,194536	0,000829	1,817554	0,613076	2,034534	-0,124485	-0,124481	0,000000	3,105674	0,517024	0,398363
176,800000	7,831248	7,861594	0,444596	0,094460	2,109831	-12600,232277	-10939,305864	-2986,013773	-11936,275732	-12383,378278	9,334717	68,336380	23,465521	23,835145	26,903137	23,984603	24,236446	-2,909893	1,252466	0,977467	239603,440057	-0,195492	0,000563	1,852174	0,613477	2,033759	-0,124485	-0,124482	0,000000	3,107683	0,518215	0,398621
177,000000	7,831177	7,861243	0,437353	0,093853	2,094531	-12594,127603	-10939,279436	-2985,456317	-11931,670512	-12378,773058	9,337194	68,391589	23,475226	23,836756	26,894889	23,986649	24,224579	-2,910333	1,253519	0,977572	239588,909231	-0,194453	0,000490	1,957020	0,614660	2,032991	-0,124483	-0,124483	0,000000	3,109117	0,521794	0,398805
177,200000	7,830857	7,861080	0,426756	0,093964	2,080525	-12572,598187	-10940,038210	-2984,993241	-11930,091160	-12377,193707	9,339845	68,403487	23,485610	23,838176	26,891209	23,985345	24,217056	-2,910723	1,253462	0,978000	239570,337375	-0,193568	0,000615	1,990175	0,615991	2,032549	-0,124479	-0,124484	0,000000	3,109426	0,526790	0,398845
177,400000	7,830305	7,861076	0,418302	0,094775	2,068436	-12556,619642	-10941,225252	-2985,091719	-11930,782360	-12377,884907	9,342624	68,412160	23,488258	23,838157	26,892594	23,983253	24,217860	-2,910659	1,252204	0,977594	239563,413250	-0,193980	0,000583	1,952990	0,616410	2,033039	-0,124475	-0,124484	0,000000	3,109651	0,530294	0,398874
177,600000	7,830162	7,861010	0,413742	0,094904	2,059084	-12552,758797	-10941,966011	-2985,064552	-11932,960157	-12380,062703	9,345324	68,433280	23,483459	23,837267	26,895670	23,983596	24,223353	-2,910482	1,252334	0,976629	239549,232324	-0,194278	0,000369	1,873968	0,615900	2,033667	-0,124477	-0,124484	0,000000	3,110200	0,531569	0,398944
177,800000	7,830489	7,860884	0,411641	0,094671	2,056068	-12560,365876	-10941,657110	-2984,923891	-11936,104636	-12383,207183	9,347980	68,507775	23,480049	23,835822	26,897407	23,986987	24,230090	-2,910411	1,253659	0,976764	239541,069982	-0,194660	0,000245	1,839639	0,615455	2,033673	-0,124481	-0,124485	0,000000	3,112134	0,531973	0,399192
178,000000	7,830413	7,860850	0,409582	0,094908	2,050629	-12576,616795	-10941,085828	-2985,103087	-11936,186833	-12383,289380	9,350000	68,639304	23,483242	23,835451	26,895439	23,993523	24,231235	-2,910355	1,253728	0,978136	239552,486867	-0,195398	0,000439	1,941044	0,615769	2,033658	-0,124481	-0,124487	0,000000	3,115547	0,533018	0,399630
178,200000	7,830033	7,860851	0,405404	0,095113	2,048217	-12586,796133	-10941,024961	-2985,201463	-11932,460617	-12379,563164	9,349383	68,737210	23,488272	23,836424	26,890817	23,999013	24,223641	-2,910246	1,253273	0,978804	239574,180013	-0,195665	0,000661	2,019510	0,616491	2,033826	-0,124480	-0,124489	0,000000	3,118086	0,535220	0,399955
178,400000	7,829960	7,860783	0,399266	0,095205	2,052859	-12584,281921	-10941,364112	-2984,854010	-11928,064462	-12375,167008	9,345257	68,762286	23,489490	23,837416	26,890325	23,996929	24,214445	-2,910227	1,253360	0,977639	239593,585843	-0,195057	0,000593	1,927873	0,616916	2,034174	-0,124486	-0,124491	0,000000	3,118736	0,537933	0,400039
178,600000	7,829622	7,860594	0,394196	0,095885	2,052234	-12577,345624	-10941,943427	-2984,748240	-11927,444311	-12374,546858	9,340429	68,739172	23,487785	23,838135	26,895202	23,987885	24,212014	-2,910378	1,253072	0,976435	239607,552963	-0,194564	0,000452	1,840857	0,617212	2,034667	-0,124491	-0,124489	0,000000	3,118136	0,540145	0,399962
178,800000	7,828807	7,860202	0,393360	0,096030	2,046373	-12584,071442	-10941,866531	-2985,132995	-11932,010943	-12379,113489	9,336895	68,719459	23,485482	23,837737	26,896394	23,980342	24,216396	-2,910466	1,253096	0,976508	239616,780006	-0,194784	0,000502	1,891535	0,617819	2,034777	-0,124487	-0,124482	0,000000	3,117625	0,540979	0,399896
179,000000	7,828614	7,859851	0,394091	0,095177	2,040930	-12609,716767	-10941,302261	-2985,057749	-11936,633934	-12383,736481	9,333473	68,788444	23,483523	23,836926	26,892923	23,980265	24,222224	-2,910446	1,253734	0,977017	239604,132362	-0,194222	0,000652	1,932698	0,618494	2,034078	-0,124481	-0,124479	0,000000	3,119413	0,541260	0,400126
179,200000	7,828818	7,859679	0,392804	0,094895	2,035281	-12629,553893	-10941,565340	-2984,736188	-11932,744892	-12379,847439	9,329844	68,926325	23,483437	23,837564	26,890491	23,987927	24,224100	-2,910451	1,253508	0,977257	239585,826310	-0,192913	0,000689	1,918122	0,618921	2,034430	-0,124481	-0,124485	0,000000	3,122985	0,542118	0,400584
179,400000	7,828494	7,859500	0,392922	0,095611	2,027472	-12637,017276	-10941,886347	-2984,897366	-11921,757057	-12368,859604	9,326480	69,015639	23,484175	23,839792	26,889472	23,996883	24,221195	-2,910429	1,253629	0,977375	239595,273055	-0,192588	0,000672	1,918095	0,619004	2,036730	-0,124483	-0,124492	0,000000	3,125297	0,542128	0,400880
179,600000	7,828288	7,859362	0,397226	0,096455	2,020943	-12655,853834	-10941,785822	-2985,049953	-11916,054367	-12363,156913	9,322965	69,021532	23,481133	23,840300	26,894958	23,998747	24,217648	-2,910348	1,254568	0,977071	239612,632541	-0,193259	0,000613	1,910321	0,618707	2,038760	-0,124489	-0,124493	0,000000	3,125449	0,540198	0,400900
179,800000	7,828228	7,859327	0,402965	0,096274	2,028812	-12685,539930	-10941,340171	-2985,308347	-11919,801355	-12366,903902	9,319507	68,992197	23,474367	23,837379	26,903043	23,992407	24,216604	-2,910224	1,254041	0,976769	239617,502088	-0,194223	0,000528	1,900490	0,618157	2,039629	-0,124497	-0,124491	0,000000	3,124690	0,537527	0,400803
180,000000	7,827908	7,859306	0,407436	0,095040	2,046325	-12711,530109	-10940,327908	-2985,822911	-11928,985850	-12376,088396	9,316415	68,971940	23,470158	23,836049	26,902133	23,983421	24,218431	-2,910014	1,252844	0,977594	239608,984956	-0,195125	0,000500	1,931416	0,617583	2,039241	-0,124500	-0,124485	0,000000	3,124166	0,535321	0,400735
180,200000	7,828052	7,859163	0,409447	0,094229	2,059019	-12729,290166	-10940,662405	-2985,733604	-11937,842373	-12384,944920	9,313191	68,970130	23,472602	23,838533	26,894485	23,979356	24,221131	-2,910005	1,251970	0,978827	239597,792212	-0,194963	0,000609	1,954459	0,617182	2,037685	-0,124495	-0,124481	0,000000	3,124119	0,534183	0,400729
180,400000	7,828338	7,858993	0,409792	0,094269	2,072731	-12733,794795	-10942,169884	-2985,202834	-11937,291851	-12384,394397	9,309984	68,980769	23,476919	23,841109	26,885855	23,981540	24,221516	-2,910344	1,251500	0,978956	239596,104274	-0,193977	0,000814	1,956747	0,616811	2,036609	-0,124487	-0,124484	0,000000	3,124394	0,533700	0,400765
180,600000	7,827982	7,858920	0,410680	0,094723	2,081759	-12728,795792	-10942,483330	-2985,103599	-11927,207270	-12374,309817	9,307148	68,990739	23,476540	23,841527	26,882098	23,984367	24,220771	-2,910488	1,251872	0,977894	239601,641632	-0,193644	0,000699	1,971946	0,616246	2,037291	-0,124483	-0,124492	0,000000	3,124652	0,532864	0,400798
180,800000	7,827559	7,858927	0,413109	0,095116	2,074504	-12724,980730	-10942,482912	-2985,365849	-11922,542100	-12369,644647	9,304040	68,984703	23,471427	23,841211	26,885254	23,984962	24,223627	-2,910257	1,251682	0,976844	239604,579754	-0,193626	0,000330	1,976872	0,615785	2,038867	-0,124484	-0,124493	0,000000	3,124496	0,531556	0,400778
181,000000	7,827579	7,858846	0,416470	0,094883	2,064780	-12729,519985	-10942,098356	-2985,425903	-11930,808436	-12377,910982	9,300655	68,970893	23,464805	23,840128	26,892689	23,983041	24,229227	-2,910187	1,251205	0,976720	239591,432107	-0,193435	0,000183	2,006454	0,615572	2,039167	-0,124487	-0,124490	0,000000	3,124139	0,530122	0,400732
181,200000	7,827980	7,858551	0,419076	0,094351	2,058443	-12738,277227	-10940,996814	-2985,013349	-11939,235782	-12386,338329	9,297739	68,960455	23,459907	23,836369	26,900310	23,978251	24,232263	-2,910307	1,251684	0,977296	239578,897766	-0,193228	0,000361	2,028095	0,615407	2,037614	-0,124491	-0,124489	0,000000	3,123868	0,529008	0,400697
181,400000	7,828179	7,858186	0,420357	0,093767	2,055140	-12735,776777	-10940,852724	-2984,741156	-11935,315557	-12382,418104	9,295132	68,958709	23,460635	23,833752	26,899320	23,974857	24,229857	-2,910328	1,252046	0,977891	239588,705305	-0,193133	0,000604	1,975142	0,615431	2,035711	-0,124490	-0,124487	0,000000	3,123823	0,528533	0,400691
181,600000	7,827657	7,857942	0,421425	0,093628	2,060187	-12724,542475	-10940,998952	-2985,147292	-11924,904076	-12372,006623	9,292340	68,973125	23,468115	23,835415	26,889815	23,976116	24,224098	-2,910393	1,251753	0,978164	239601,000299	-0,193431	0,000612	1,926091	0,615839	2,034646	-0,124485	-0,124483	0,000000	3,124196	0,528451	0,400739
181,800000	7,827095	7,857928	0,423225	0,094088	2,065004	-12721,664205	-10941,441405	-2985,655861	-11920,043050	-12367,145596	9,289215	68,980291	23,474639	23,837690	26,882577	23,977507	24,221502	-2,910482	1,251344	0,978221	239607,092681	-0,193569	0,000442	1,912380	0,616337	2,034589	-0,124484	-0,124480	0,000000	3,124382	0,528192	0,400763
182,000000	7,827080	7,858034	0,426274	0,094414	2,071412	-12724,230176	-10942,725024	-2985,805495	-11921,351762	-12368,454309	9,286156	68,960969	23,471666	23,838240	26,885447	23,975182	24,226497	-2,910429	1,250995	0,977983	239622,514305	-0,193161	0,000393	1,912309	0,616475	2,035307	-0,124488	-0,124478	0,000000	3,123882	0,527190	0,400699
182,200000	7,827490	7,858002	0,431293	0,094030	2,083450	-12728,618270	-10942,446180	-2985,803166	-11923,967339	-12371,069886	9,283401	68,943736	23,462313	23,837502	26,892428	23,972591	24,235549	-2,910275	1,250783	0,977539	239635,715560	-0,193229	0,000560	1,978106	0,616295	2,036100	-0,124492	-0,124476	0,000000	3,123436	0,525199	0,400642
182,400000	7,828087	7,857612	0,437891	0,092528	2,090676	-12739,370118	-10940,688712	-2985,702646	-11923,500035	-12370,602581	9,280571	68,928980	23,456634	23,835809	26,892957	23,973927	24,239776	-2,910136	1,250679	0,977364	239631,340287	-0,194365	0,000694	2,021127	0,616279	2,035625	-0,124492	-0,124477	0,000000	3,123054	0,522756	0,400593
182,600000	7,828381	7,857132	0,445145	0,091868	2,096381	-12752,977107	-10939,455160	-2985,512404	-11917,082874	-12364,185420	9,277871	68,894277	23,458598	23,834731	26,889885	23,977673	24,235526	-2,910084	1,251147	0,977520	239626,505147	-0,195889	0,000737	1,950274	0,616432	2,034028	-0,124491	-0,124481	0,000000	3,122155	0,520228	0,400477
182,800000	7,827932	7,857030	0,452604	0,093352	2,105769	-12768,321548	-10938,798575	-2985,359729	-11905,406174	-12352,508721	9,275451	68,857711	23,464127	23,835551	26,887886	23,979667	24,227183	-2,910024	1,251856	0,977978	239628,554586	-0,196387	0,000774	1,858027	0,616289	2,033245	-0,124493	-0,124485	0,000000	3,121208	0,517425	0,400356
183,000000	7,827114	7,857154	0,459264	0,094196	2,113659	-12778,169074	-10939,125250	-2985,132338	-11891,732528	-12338,835075	9,272868	68,839755	23,467931	23,837570	26,885917	23,977140	24,221328	-2,909989	1,252173	0,978151	239616,916623	-0,195326	0,000591	1,793453	0,616326	2,033543	-0,124494	-0,124486	0,000000	3,120743	0,515093	0,400296
183,200000	7,826763	7,857105	0,464985	0,092949	2,118724	-12773,255397	-10940,377075	-2984,969895	-11881,484847	-12328,587394	9,270226	68,832770	23,468277	23,838417	26,884392	23,970687	24,223353	-2,910165	1,252697	0,977821	239596,982198	-0,194593	0,000449	1,774591	0,617011	2,033561	-0,124491	-0,124484	0,000000	3,120562	0,513644	0,400273
183,400000	7,826913	7,856818	0,470220	0,092075	2,123145	-12763,723333	-10940,533053	-2985,075416	-11878,045082	-12325,147628	9,267701	68,818438	23,467496	23,836466	26,883351	23,966028	24,232484	-2,910311	1,252625	0,977885	239585,505608	-0,195071	0,000684	1,792271	0,618071	2,033287	-0,124490	-0,124480	0,000000	3,120191	0,512678	0,400225
183,600000	7,827333	7,856434	0,474757	0,092566	2,132421	-12763,377756	-10939,414322	-2985,151489	-11880,765283	-12327,867830	9,264961	68,796464	23,467228	23,834031	26,883948	23,970876	24,241195	-2,910178	1,251875	0,978337	239584,623136	-0,195393	0,000794	1,823190	0,619483	2,032637	-0,124485	-0,124483	0,000000	3,119621	0,512251	0,400152
183,800000	7,827436	7,856177	0,478581	0,092779	2,142407	-12769,836094	-10939,281904	-2984,976912	-11884,922662	-12332,025209	9,262085	68,801571	23,467891	23,834163	26,882614	23,983156	24,242002	-2,910204	1,252178	0,978461	239586,403122	-0,194756	0,000611	1,868377	0,620523	2,031972	-0,124479	-0,124487	0,000000	3,119754	0,511766	0,400169
184,000000	7,826745	7,856030	0,481587	0,093333	2,145267	-12774,736930	-10940,184587	-2984,819379	-11884,774624	-12331,877170	9,259469	68,834177	23,470279	23,835783	26,877291	23,990819	24,235162	-2,910349	1,252596	0,978004	239587,635529	-0,194216	0,000610	1,861033	0,620330	2,032897	-0,124482	-0,124490	0,000000	3,120598	0,510548	0,400278
184,200000	7,826161	7,855898	0,483709	0,094765	2,149923	-12768,705801	-10940,407142	-2984,934455	-11883,295457	-12330,398004	9,257012	68,850879	23,473903	23,836531	26,876613	23,989605	24,228379	-2,910231	1,252746	0,977655	239592,713912	-0,194436	0,000838	1,816587	0,619514	2,034300	-0,124488	-0,124488	0,000000	3,121031	0,509137	0,400333
184,400000	7,826068	7,855896	0,485722	0,095170	2,154642	-12751,769991	-10939,877504	-2985,306686	-11888,350831	-12335,453378	9,254568	68,854930	23,476081	23,835908	26,881956	23,983803	24,226678	-2,910184	1,253422	0,978256	239585,536387	-0,194580	0,000984	1,833948	0,619163	2,034192	-0,124487	-0,124483	0,000000	3,121136	0,508169	0,400347
184,600000	7,825883	7,855766	0,488352	0,094496	2,148972	-12740,778692	-10939,816688	-2985,529914	-11895,535715	-12342,638262	9,252121	68,869354	23,475020	23,834154	26,883912	23,979041	24,227736	-2,910287	1,253556	0,978814	239570,318823	-0,194614	0,000975	1,864841	0,619220	2,032682	-0,124486	-0,124478	0,000000	3,121510	0,507316	0,400395
184,800000	7,825729	7,855313	0,490428	0,094395	2,146095	-12739,952318	-10940,762412	-2985,272907	-11895,529750	-12342,632297	9,249543	68,849024	23,475064	23,834087	26,878375	23,981737	24,227759	-2,910362	1,253434	0,978453	239565,958205	-0,194153	0,000979	1,870338	0,618520	2,031789	-0,124483	-0,124470	0,000000	3,120983	0,506001	0,400327
185,000000	7,825675	7,854976	0,490716	0,095104	2,150446	-12735,231570	-10942,133750	-2984,950737	-11890,056584	-12337,159131	9,247002	68,769881	23,480122	23,837626	26,874546	23,991113	24,225758	-2,910447	1,253743	0,977866	239582,734632	-0,193343	0,000988	1,881373	0,616771	2,032309	-0,124483	-0,124468	0,000000	3,118932	0,504441	0,400064
185,200000	7,825059	7,854959	0,491023	0,095726	2,154241	-12719,672241	-10942,881433	-2984,920143	-11882,181493	-12329,284040	9,244593	68,700819	23,484465	23,840208	26,878065	23,998805	24,221288	-2,910566	1,253483	0,977635	239598,153152	-0,193294	0,000779	1,878719	0,615271	2,033724	-0,124485	-0,124481	0,000000	3,117142	0,503111	0,399834
185,400000	7,824378	7,855077	0,493601	0,095925	2,160000	-12704,152408	-10942,899577	-2985,070955	-11875,678135	-12322,780682	9,242206	68,687046	23,480515	23,838904	26,884572	23,999065	24,218208	-2,910550	1,253219	0,977168	239572,869201	-0,193803	0,000391	1,899186	0,615020	2,035896	-0,124484	-0,124491	0,000000	3,116785	0,502057	0,399789
185,600000	7,824426	7,855068	0,497247	0,096135	2,161392	-12699,674298	-10941,824645	-2985,245829	-11879,208634	-12326,311181	9,239718	68,705696	23,473523	23,837387	26,889638	23,994133	24,218689	-2,910368	1,253503	0,976350	239541,908503	-0,193844	0,000175	1,938630	0,615684	2,037171	-0,124487	-0,124490	0,000000	3,117269	0,501386	0,399851
185,800000	7,824660	7,854904	0,498782	0,096440	2,161671	-12702,069839	-10940,102391	-2985,183576	-11889,263766	-12336,366313	9,237109	68,720903	23,473392	23,837652	26,889454	23,989511	24,216485	-2,910349	1,253432	0,976493	239533,184977	-0,192982	0,000268	1,870920	0,616094	2,036521	-0,124490	-0,124486	0,000000	3,117663	0,501195	0,399901
186,000000	7,824481	7,854839	0,498173	0,096252	2,167239	-12700,796993	-10939,765560	-2984,833344	-11894,459237	-12341,561784	9,234689	68,713574	23,479370	23,838387	26,884434	23,987828	24,211664	-2,910521	1,252883	0,977515	239513,528630	-0,192193	0,000512	1,773208	0,615579	2,034753	-0,124485	-0,124487	0,000000	3,117473	0,500967	0,399877
186,200000	7,823960	7,854802	0,498461	0,095399	2,167588	-12694,649071	-10940,672966	-2984,525212	-11891,956680	-12339,059227	9,232392	68,699807	23,485742	23,839754	26,881246	23,988600	24,209026	-2,910664	1,251797	0,978449	239488,473919	-0,192131	0,000703	1,777609	0,614819	2,033856	-0,124480	-0,124492	0,000000	3,117116	0,500242	0,399831
186,400000	7,823697	7,854588	0,499602	0,094832	2,165490	-12689,282990	-10941,194950	-2984,398475	-11887,729567	-12334,832114	9,229848	68,700275	23,487648	23,841559	26,887061	23,989968	24,209226	-2,910652	1,251621	0,978673	239485,720880	-0,192320	0,000710	1,787498	0,614625	2,034980	-0,124479	-0,124493	0,000000	3,117128	0,499698	0,399833
186,600000	7,823811	7,854573	0,500308	0,094906	2,167867	-12685,850199	-10941,264022	-2984,478984	-11891,298207	-12338,400754	9,227243	68,702522	23,481622	23,841516	26,897736	23,989301	24,213117	-2,910498	1,252192	0,978173	239487,166075	-0,192121	0,000665	1,767896	0,615205	2,036865	-0,124478	-0,124490	0,000000	3,117186	0,499951	0,399840
186,800000	7,823779	7,855040	0,500426	0,094729	2,167869	-12685,747938	-10941,709974	-2984,966144	-11899,742110	-12346,844657	9,224807	68,693139	23,470722	23,839559	26,905467	23,985783	24,219663	-2,910289	1,251477	0,977959	239483,635371	-0,192059	0,000620	1,762729	0,616220	2,038044	-0,124480	-0,124487	0,000000	3,116943	0,500780	0,399809
187,000000	7,823689	7,855219	0,497472	0,094691	2,162004	-12682,543903	-10941,718550	-2985,586570	-11905,826370	-12352,928916	9,222391	68,676813	23,464762	23,837952	26,907719	23,983491	24,223158	-2,910158	1,251027	0,978020	239502,482372	-0,193145	0,000558	1,802849	0,616915	2,037989	-0,124482	-0,124487	0,000000	3,116520	0,502350	0,399755
187,200000	7,823686	7,854750	0,491387	0,094874	2,155548	-12666,401076	-10940,638066	-2985,897472	-11913,152960	-12360,255507	9,219942	68,668811	23,468060	23,837989	26,905607	23,983336	24,220153	-2,910250	1,251397	0,977891	239524,187208	-0,194983	0,000624	1,882389	0,617054	2,037095	-0,124482	-0,124488	0,000000	3,116312	0,504484	0,399728
187,400000	7,823398	7,854280	0,485291	0,094934	2,154460	-12644,037921	-10939,754252	-2985,968289	-11920,173056	-12367,275603	9,217541	68,670888	23,473932	23,839329	26,903597	23,981068	24,214312	-2,910337	1,251047	0,978017	239507,204058	-0,196204	0,000687	1,906916	0,616981	2,036339	-0,124484	-0,124488	0,000000	3,116366	0,506463	0,399735
187,600000	7,822882	7,854115	0,479831	0,096077	2,151153	-12623,876236	-10940,038934	-2985,714761	-11921,540123	-12368,642670	9,215235	68,674017	23,473417	23,840246	26,905085	23,976680	24,212352	-2,910180	1,251483	0,978501	239478,135587	-0,195436	0,000641	1,849566	0,616826	2,036306	-0,124488	-0,124492	0,000000	3,116447	0,508196	0,399745
187,800000	7,822565	7,854051	0,475167	0,096740	2,139477	-12608,651513	-10941,315565	-2985,313593	-11921,666012	-12368,768559	9,213033	68,664813	23,465774	23,839813	26,910422	23,973313	24,217911	-2,910031	1,252423	0,978773	239472,283263	-0,193626	0,000638	1,805011	0,616232	2,036699	-0,124491	-0,124491	0,000000	3,116209	0,509319	0,399715
188,000000	7,822676	7,853890	0,470768	0,095061	2,132017	-12598,352752	-10941,978937	-2985,308050	-11925,301021	-12372,403568	9,210758	68,633035	23,458894	23,838366	26,915297	23,971813	24,227726	-2,910034	1,252339	0,978404	239471,139485	-0,193554	0,000640	1,808574	0,614946	2,036853	-0,124489	-0,124486	0,000000	3,115384	0,509778	0,399609
188,200000	7,823111	7,853540	0,465647	0,093577	2,126941	-12592,542731	-10941,219376	-2985,453680	-11930,570319	-12377,672866	9,208263	68,604438	23,455760	23,836988	26,917029	23,974200	24,235243	-2,910081	1,252739	0,977498	239466,237350	-0,194782	0,000469	1,776982	0,613621	2,036476	-0,124488	-0,124483	0,000000	3,114643	0,510443	0,399514
188,400000	7,823262	7,853098	0,460961	0,093701	2,113532	-12588,974154	-10940,596387	-2985,407202	-11932,325595	-12379,428141	9,205855	68,607814	23,455061	23,837247	26,917586	23,980605	24,235280	-2,910128	1,253028	0,976861	239477,297835	-0,194713	0,000251	1,753054	0,613233	2,036597	-0,124490	-0,124482	0,000000	3,114730	0,511732	0,399525
188,600000	7,823083	7,852730	0,456062	0,094193	2,105509	-12580,587987	-10940,776276	-2985,383754	-11927,220202	-12374,322748	9,203580	68,642854	23,457136	23,838230	26,920516	23,982532	24,228369	-2,910160	1,252471	0,977383	239505,170415	-0,193730	0,000335	1,795870	0,614021	2,036972	-0,124494	-0,124483	0,000000	3,115639	0,514096	0,399642
188,800000	7,823206	7,852437	0,449724	0,094868	2,106260	-12570,649273	-10941,397448	-2985,549747	-11922,075981	-12369,178528	9,201101	68,684950	23,458452	23,838235	26,922351	23,975707	24,223024	-2,910127	1,252241	0,978190	239532,990602	-0,193751	0,000769	1,826835	0,615462	2,037059	-0,124495	-0,124484	0,000000	3,116731	0,517543	0,399782
189,000000	7,823217	7,852482	0,443096	0,095389	2,104828	-12562,058863	-10941,657962	-2985,804990	-11925,671826	-12372,774373	9,198643	68,706750	23,456569	23,838018	26,919182	23,967466	24,225627	-2,910031	1,251933	0,977835	239540,340048	-0,194510	0,001089	1,852886	0,616636	2,037047	-0,124494	-0,124480	0,000000	3,117296	0,520910	0,399854
189,200000	7,822772	7,852855	0,436622	0,094466	2,102695	-12553,862110	-10940,975699	-2985,780131	-11935,368834	-12382,471381	9,196470	68,706347	23,453736	23,838091	26,914909	23,966614	24,231665	-2,909988	1,251873	0,977276	239532,539796	-0,194863	0,000981	1,831824	0,617019	2,035597	-0,124490	-0,124474	0,000000	3,117286	0,523599	0,399853
189,400000	7,822826	7,852792	0,429783	0,092822	2,094075	-12550,721242	-10940,570769	-2985,570638	-11942,617006	-12389,719553	9,194263	68,694436	23,453202	23,838025	26,912473	23,972513	24,234673	-2,910045	1,252057	0,977761	239534,588916	-0,194883	0,000778	1,779435	0,616691	2,033748	-0,124484	-0,124475	0,000000	3,116977	0,525816	0,399813
189,600000	7,823330	7,852323	0,423862	0,092768	2,080787	-12552,778962	-10940,697517	-2985,448539	-11943,778258	-12390,880804	9,191922	68,679866	23,457042	23,839348	26,911978	23,979194	24,235256	-2,910104	1,252134	0,978443	239529,836239	-0,195038	0,000691	1,833137	0,616007	2,033567	-0,124480	-0,124479	0,000000	3,116599	0,527387	0,399765
189,800000	7,823314	7,852205	0,420535	0,094040	2,070803	-12559,905195	-10940,927674	-2985,162579	-11944,245410	-12391,347957	9,189666	68,667231	23,460396	23,840352	26,913725	23,984413	24,235227	-2,910080	1,252704	0,978669	239514,029104	-0,194797	0,000585	1,878666	0,615962	2,035012	-0,124483	-0,124483	0,000000	3,116271	0,528578	0,399723
190,000000	7,822708	7,852269	0,419781	0,094097	2,058336	-12576,361526	-10941,855634	-2985,034214	-11948,392677	-12395,495224	9,187426	68,658468	23,458538	23,837073	26,918214	23,984254	24,234650	-2,910085	1,252271	0,978853	239524,562424	-0,194303	0,000433	1,848727	0,617088	2,035212	-0,124488	-0,124487	0,000000	3,116044	0,529844	0,399694
190,200000	7,822184	7,852149	0,420574	0,092963	2,051092	-12599,695283	-10942,261766	-2985,252288	-11953,503647	-12400,606194	9,185232	68,660118	23,456429	23,833590	26,917809	23,977159	24,232727	-2,910154	1,251717	0,978718	239545,490731	-0,194484	0,000217	1,848462	0,618376	2,033465	-0,124490	-0,124486	0,000000	3,116087	0,530651	0,399699
190,400000	7,822154	7,851842	0,419555	0,092456	2,056471	-12620,551953	-10941,232043	-2985,354705	-11955,990270	-12403,092817	9,183029	68,682004	23,458899	23,834442	26,910250	23,970045	24,230108	-2,910131	1,252498	0,978318	239547,658460	-0,194753	0,000261	1,834079	0,618986	2,031843	-0,124487	-0,124481	0,000000	3,116654	0,531523	0,399772
190,600000	7,822169	7,851234	0,413864	0,092581	2,063936	-12622,536133	-10940,038805	-2985,271420	-11952,958326	-12400,060872	9,180575	68,706628	23,465031	23,836723	26,902169	23,971035	24,228006	-2,910212	1,252456	0,978327	239547,213427	-0,194585	0,000741	1,785244	0,619180	2,029839	-0,124481	-0,124480	0,000000	3,117293	0,533775	0,399854
190,800000	7,821921	7,850724	0,407111	0,092984	2,067559	-12605,304758	-10939,769282	-2985,051602	-11942,840989	-12389,943536	9,178160	68,705951	23,470931	23,837696	26,895532	23,978754	24,225625	-2,910486	1,252336	0,978299	239557,434107	-0,194708	0,000923	1,815050	0,619013	2,029474	-0,124480	-0,124481	0,000000	3,117275	0,536149	0,399852
191,000000	7,821441	7,850755	0,404920	0,093495	2,066933	-12600,485356	-10940,858039	-2984,950342	-11932,147088	-12379,249635	9,175988	68,695499	23,471229	23,839029	26,894210	23,985283	24,225495	-2,910530	1,253098	0,977874	239566,203617	-0,194893	0,000698	1,914435	0,618331	2,031833	-0,124484	-0,124482	0,000000	3,117004	0,536390	0,399817
191,200000	7,820885	7,851031	0,405454	0,093764	2,063884	-12616,461463	-10941,490786	-2985,156755	-11929,662714	-12376,765260	9,173834	68,686793	23,466538	23,839985	26,900062	23,987472	24,228887	-2,910384	1,253139	0,977895	239566,889938	-0,194694	0,000615	1,985017	0,617601	2,034150	-0,124485	-0,124488	0,000000	3,116779	0,535579	0,399788
191,400000	7,820830	7,851065	0,403896	0,093759	2,056399	-12627,778369	-10940,342163	-2985,449913	-11931,689731	-12378,792278	9,171652	68,667614	23,462413	23,836773	26,905071	23,985627	24,230381	-2,910397	1,253057	0,978579	239573,124376	-0,194901	0,000599	2,016383	0,617390	2,035021	-0,124485	-0,124491	0,000000	3,116281	0,536007	0,399724
191,600000	7,821330	7,850861	0,401185	0,093410	2,043565	-12626,696977	-10939,422671	-2985,504358	-11932,516380	-12379,618927	9,169606	68,660582	23,461684	23,832392	26,900891	23,982014	24,227943	-2,910453	1,252843	0,978901	239603,088188	-0,195073	0,000552	1,975009	0,617942	2,034288	-0,124486	-0,124488	0,000000	3,116099	0,537514	0,399701
191,800000	7,821500	7,850643	0,400164	0,093095	2,036959	-12630,436625	-10939,446793	-2985,172095	-11933,128061	-12380,230608	9,167521	68,701057	23,467001	23,832813	26,889764	23,980760	24,223774	-2,910407	1,252557	0,978781	239642,778798	-0,194539	0,000628	1,856078	0,619114	2,032801	-0,124486	-0,124485	0,000000	3,117148	0,538891	0,399835
192,000000	7,820862	7,850511	0,401113	0,093093	2,034625	-12648,902223	-10940,587397	-2984,833276	-11932,801396	-12379,903942	9,165110	68,779297	23,475931	23,836603	26,881949	23,982566	24,216747	-2,910435	1,253386	0,978321	239654,853663	-0,194064	0,000719	1,800713	0,619938	2,032443	-0,124484	-0,124486	0,000000	3,119176	0,539214	0,400095
192,200000	7,819870	7,850431	0,403139	0,093677	2,029813	-12672,687524	-10942,256198	-2984,847732	-11931,914186	-12379,016733	9,162717	68,846852	23,478506	23,838988	26,882046	23,982016	24,213514	-2,910620	1,253717	0,977567	239652,481047	-0,193809	0,000696	1,855866	0,619806	2,033860	-0,124480	-0,124487	0,000000	3,120927	0,538311	0,400320
192,400000	7,819313	7,850174	0,405044	0,094876	2,037007	-12696,610205	-10942,116214	-2985,018451	-11935,852591	-12382,955138	9,160581	68,872594	23,472923	23,838641	26,884472	23,979659	24,220585	-2,910657	1,252965	0,977299	239659,838659	-0,193608	0,000625	1,915504	0,619192	2,035584	-0,124479	-0,124487	0,000000	3,121593	0,537038	0,400405
192,600000	7,819589	7,849881	0,406455	0,094830	2,053861	-12715,087834	-10941,648515	-2985,060498	-11942,096891	-12389,199438	9,158448	68,869953	23,466731	23,837312	26,885263	23,982651	24,228307	-2,910462	1,252665	0,977641	239673,417327	-0,193632	0,000532	1,963870	0,618527	2,036674	-0,124482	-0,124485	0,000000	3,121525	0,535908	0,400397
192,800000	7,820005	7,849875	0,408281	0,093624	2,065052	-12720,561196	-10942,601137	-2985,027324	-11941,557524	-12388,660071	9,156235	68,857495	23,464582	23,837203	26,884574	23,988229	24,228218	-2,910442	1,252481	0,977916	239689,668839	-0,193480	0,000484	2,008791	0,618235	2,036952	-0,124483	-0,124484	0,000000	3,121202	0,534959	0,400355
193,000000	7,819772	7,850014	0,411291	0,094001	2,074389	-12724,543305	-10942,991521	-2985,150399	-11934,858038	-12381,960585	9,154097	68,860331	23,467338	23,838105	26,879725	23,991235	24,220601	-2,910545	1,252337	0,977716	239714,412091	-0,193314	0,000572	1,959090	0,618289	2,036313	-0,124483	-0,124487	0,000000	3,121276	0,533863	0,400365
193,200000	7,819283	7,850102	0,415020	0,095324	2,077286	-12731,366060	-10941,767664	-2985,066095	-11926,223588	-12373,326134	9,152118	68,884317	23,471477	23,838711	26,871470	23,991457	24,209543	-2,910480	1,253243	0,977648	239738,900854	-0,193263	0,000708	1,864141	0,618129	2,035819	-0,124487	-0,124491	0,000000	3,121897	0,532307	0,400444
193,400000	7,819227	7,850285	0,419355	0,095552	2,071468	-12733,261946	-10940,443746	-2984,640565	-11919,142053	-12366,244599	9,150119	68,890484	23,472415	23,839647	26,867969	23,987283	24,204179	-2,910378	1,254618	0,977497	239741,193240	-0,192980	0,000734	1,823725	0,617758	2,036374	-0,124489	-0,124490	0,000000	3,122057	0,530365	0,400465
193,600000	7,819276	7,850556	0,425098	0,095449	2,067048	-12738,690104	-10940,419287	-2984,520178	-11917,137786	-12364,240333	9,147907	68,874003	23,470463	23,840751	26,870845	23,980430	24,209400	-2,910383	1,254912	0,976942	239738,127026	-0,192554	0,000581	1,803650	0,617389	2,036681	-0,124490	-0,124484	0,000000	3,121630	0,527930	0,400410
193,800000	7,819074	7,850583	0,430436	0,095885	2,063412	-12752,858356	-10940,946900	-2984,816243	-11917,722589	-12364,825136	9,145569	68,863604	23,466048	23,840449	26,873183	23,979077	24,218510	-2,910475	1,253759	0,977093	239742,761440	-0,192236	0,000503	1,782911	0,617316	2,036388	-0,124489	-0,124482	0,000000	3,121361	0,525903	0,400376
194,000000	7,818758	7,850184	0,433033	0,095699	2,068098	-12762,960131	-10940,912826	-2985,172049	-11919,950372	-12367,052919	9,143351	68,873545	23,462196	23,839283	26,876023	23,986229	24,223100	-2,910550	1,252958	0,977810	239744,475600	-0,192633	0,000704	1,794827	0,617768	2,036161	-0,124485	-0,124482	0,000000	3,121618	0,525318	0,400409
194,200000	7,818305	7,849531	0,434530	0,094559	2,083682	-12765,160920	-10941,166209	-2985,288249	-11922,759085	-12369,861632	9,141300	68,893067	23,462908	23,838109	26,882904	23,993071	24,220526	-2,910605	1,253175	0,978026	239742,753001	-0,193342	0,000801	1,867765	0,618347	2,036109	-0,124481	-0,124492	0,000000	3,122124	0,525237	0,400473
194,400000	7,818120	7,849116	0,437230	0,094587	2,094410	-12767,237084	-10941,565708	-2985,142385	-11922,808302	-12369,910849	9,139316	68,891948	23,464827	23,837583	26,890484	23,992641	24,214606	-2,910600	1,253257	0,977812	239739,470541	-0,193382	0,000650	1,953086	0,618789	2,037332	-0,124486	-0,124502	0,000000	3,122095	0,524614	0,400470
194,600000	7,818314	7,849227	0,441210	0,095624	2,098653	-12772,424479	-10941,456126	-2985,009721	-11926,456932	-12373,559479	9,137226	68,875362	23,463251	23,838491	26,895817	23,985266	24,211872	-2,910403	1,254134	0,977746	239736,597096	-0,192966	0,000607	1,984825	0,619325	2,038380	-0,124495	-0,124497	0,000000	3,121665	0,523632	0,400415
194,800000	7,818286	7,849423	0,445194	0,095135	2,102725	-12779,252472	-10941,257205	-2985,162761	-11935,054589	-12382,157136	9,134960	68,878247	23,458996	23,837860	26,898198	23,973748	24,213328	-2,910291	1,254516	0,978291	239736,911242	-0,193019	0,000716	1,959116	0,619912	2,037546	-0,124496	-0,124487	0,000000	3,121740	0,522699	0,400424
195,000000	7,818075	7,849163	0,447735	0,093423	2,106388	-12781,286013	-10941,362588	-2985,371231	-11939,523431	-12386,625978	9,132817	68,884972	23,456782	23,835606	26,896149	23,965723	24,217291	-2,910488	1,252550	0,979229	239764,734690	-0,193752	0,000830	1,920829	0,620123	2,035833	-0,124492	-0,124483	0,000000	3,121914	0,521945	0,400447
195,200000	7,818061	7,848665	0,449691	0,092792	2,106320	-12779,789177	-10941,274241	-2985,409573	-11940,960269	-12388,062815	9,130855	68,864094	23,458683	23,836998	26,886308	23,968275	24,222539	-2,910620	1,251621	0,979899	239810,427401	-0,194485	0,000975	1,892109	0,619844	2,035083	-0,124486	-0,124481	0,000000	3,121373	0,520956	0,400377
195,400000	7,818115	7,848434	0,453011	0,093726	2,103388	-12784,763834	-10940,964321	-2985,448285	-11943,996377	-12391,098924	9,128792	68,843997	23,460977	23,839696	26,879405	23,977980	24,225602	-2,910461	1,252119	0,979716	239822,061059	-0,194756	0,000944	1,880712	0,619312	2,035629	-0,124483	-0,124484	0,000000	3,120853	0,519289	0,400310
195,600000	7,818076	7,848632	0,457855	0,094422	2,106017	-12792,931058	-10941,769689	-2985,430722	-11944,821446	-12391,923992	9,126595	68,848079	23,458546	23,838974	26,886369	23,982718	24,226470	-2,910213	1,251722	0,978713	239819,492203	-0,194457	0,000646	1,900398	0,618856	2,036588	-0,124485	-0,124491	0,000000	3,120958	0,517207	0,400324
195,800000	7,818182	7,848817	0,463086	0,093474	2,111006	-12797,181839	-10942,157929	-2985,511144	-11943,399989	-12390,502536	9,124495	68,841095	23,451873	23,837517	26,895639	23,976450	24,229676	-2,910034	1,251456	0,978244	239829,791264	-0,194247	0,000505	1,916104	0,618825	2,038052	-0,124490	-0,124493	0,000000	3,120778	0,515361	0,400301
196,000000	7,818429	7,848436	0,467428	0,092327	2,112570	-12799,713362	-10941,092103	-2985,804830	-11949,219500	-12396,322047	9,122638	68,808869	23,447969	23,836706	26,895995	23,967489	24,233121	-2,909920	1,251613	0,978905	239839,300086	-0,194682	0,000564	1,925047	0,618819	2,038056	-0,124493	-0,124488	0,000000	3,119943	0,513809	0,400194
196,200000	7,818228	7,847902	0,470556	0,092515	2,123599	-12801,698296	-10940,048129	-2985,954323	-11962,945213	-12410,047760	9,120741	68,797339	23,450475	23,835121	26,890074	23,964735	24,232053	-2,909855	1,251300	0,979476	239842,368860	-0,195080	0,000527	1,953440	0,618440	2,035598	-0,124491	-0,124477	0,000000	3,119644	0,512364	0,400155
196,400000	7,817572	7,847729	0,473410	0,092818	2,140534	-12804,833419	-10939,491106	-2985,615091	-11972,542910	-12419,645456	9,118575	68,828555	23,456073	23,835286	26,883031	23,967026	24,229692	-2,909969	1,251360	0,979221	239822,145008	-0,194467	0,000489	1,979581	0,618058	2,033185	-0,124488	-0,124471	0,000000	3,120453	0,511033	0,400259
196,600000	7,817122	7,847747	0,476868	0,092731	2,146528	-12817,956118	-10939,823476	-2984,981469	-11976,361733	-12423,464280	9,116360	68,836975	23,459677	23,838747	26,877500	23,969650	24,228327	-2,910214	1,252200	0,978652	239780,736393	-0,193196	0,000496	2,015763	0,617993	2,033375	-0,124491	-0,124473	0,000000	3,120671	0,509767	0,400287
196,800000	7,816873	7,847803	0,480462	0,093217	2,149765	-12840,461125	-10940,821669	-2984,936643	-11985,134884	-12432,237431	9,114227	68,763169	23,457750	23,840777	26,877955	23,972204	24,229505	-2,910373	1,252858	0,978273	239743,228590	-0,192945	0,000442	2,041739	0,618176	2,035347	-0,124492	-0,124476	0,000000	3,118758	0,508680	0,400042
197,000000	7,816892	7,847668	0,482916	0,093761	2,152480	-12852,255494	-10941,176440	-2985,387421	-12000,035890	-12447,138436	9,112148	68,667656	23,450526	23,838333	26,884658	23,973554	24,235237	-2,910355	1,253268	0,978051	239716,030184	-0,193751	0,000461	1,970959	0,617984	2,036236	-0,124489	-0,124477	0,000000	3,116282	0,507688	0,399724
197,200000	7,817462	7,847189	0,483798	0,093848	2,148823	-12845,065430	-10940,616136	-2985,516852	-12012,696695	-12459,799242	9,110027	68,635504	23,443660	23,834805	26,890919	23,972437	24,241131	-2,910131	1,253330	0,978034	239690,065952	-0,194264	0,000504	1,869218	0,617284	2,035489	-0,124488	-0,124475	0,000000	3,115448	0,506801	0,399617
197,400000	7,817802	7,846755	0,484384	0,093274	2,144590	-12834,953329	-10940,388202	-2985,446123	-12019,218188	-12466,320735	9,107880	68,657327	23,445295	23,834436	26,889610	23,974486	24,239682	-2,910065	1,252791	0,978388	239674,650588	-0,194498	0,000462	1,857304	0,616673	2,034339	-0,124492	-0,124472	0,000000	3,116014	0,506073	0,399690
197,600000	7,817375	7,846486	0,485662	0,092057	2,139554	-12833,571269	-10940,621746	-2985,464926	-12021,562196	-12468,664743	9,105901	68,687697	23,455571	23,836051	26,883218	23,978016	24,228907	-2,910341	1,252320	0,978785	239671,391735	-0,195063	0,000514	1,885849	0,616225	2,033630	-0,124494	-0,124474	0,000000	3,116802	0,505241	0,399791
197,800000	7,816703	7,846210	0,486656	0,092123	2,140045	-12838,907893	-10940,514863	-2985,395669	-12024,473141	-12471,575688	9,103939	68,681446	23,465638	23,836829	26,879308	23,976867	24,219204	-2,910476	1,252814	0,978746	239672,346338	-0,195393	0,000748	1,923160	0,615844	2,033480	-0,124490	-0,124480	0,000000	3,116640	0,504567	0,399770
198,000000	7,816317	7,846123	0,485769	0,093423	2,149308	-12835,607540	-10941,123708	-2985,281309	-12027,187280	-12474,289827	9,101922	68,623639	23,467952	23,837545	26,878617	23,975225	24,218874	-2,910246	1,254114	0,978371	239668,189091	-0,194707	0,001064	1,969597	0,615632	2,033820	-0,124486	-0,124478	0,000000	3,115141	0,504687	0,399578
198,200000	7,816134	7,846140	0,482554	0,093703	2,152694	-12812,347911	-10941,531413	-2985,201696	-12025,565452	-12472,667999	9,099981	68,566954	23,464069	23,838114	26,880732	23,975510	24,224431	-2,910062	1,254713	0,977929	239648,895115	-0,193573	0,001116	1,944925	0,615543	2,034087	-0,124485	-0,124475	0,000000	3,113670	0,505713	0,399389
198,400000	7,815774	7,845963	0,478413	0,093321	2,148987	-12784,794442	-10940,882961	-2985,031559	-12023,609055	-12470,711601	9,097962	68,541121	23,461309	23,837987	26,885510	23,978081	24,231304	-2,910227	1,254773	0,977884	239644,126033	-0,192929	0,000753	1,894479	0,615381	2,034058	-0,124480	-0,124477	0,000000	3,113000	0,506994	0,399303
198,600000	7,815401	7,845772	0,474852	0,093521	2,144999	-12768,514072	-10940,989166	-2984,995450	-12025,352735	-12472,455282	9,095927	68,542458	23,463446	23,837807	26,889392	23,984762	24,234010	-2,910429	1,254670	0,978320	239649,997749	-0,193250	0,000542	1,907488	0,614866	2,033671	-0,124473	-0,124477	0,000000	3,113034	0,507790	0,399308
198,800000	7,815152	7,845761	0,472253	0,093907	2,139008	-12760,851901	-10941,180144	-2985,213259	-12026,342049	-12473,444596	9,093958	68,565921	23,468837	23,837308	26,889035	23,991372	24,227881	-2,910449	1,253777	0,978758	239640,680612	-0,194782	0,000612	1,902945	0,614080	2,033459	-0,124471	-0,124481	0,000000	3,113643	0,508036	0,399386
199,000000	7,814996	7,845843	0,469328	0,094401	2,129222	-12752,228238	-10940,981161	-2985,228314	-12020,500978	-12467,603525	9,091887	68,587407	23,473034	23,836864	26,888788	23,990927	24,217835	-2,910476	1,253636	0,978918	239643,800420	-0,195551	0,000547	1,831312	0,613441	2,033919	-0,124475	-0,124489	0,000000	3,114201	0,508524	0,399457
199,200000	7,815054	7,845861	0,464186	0,095197	2,119140	-12727,510582	-10942,085003	-2985,046096	-12008,228963	-12455,331510	9,089861	68,594769	23,473918	23,837212	26,894225	23,983031	24,212612	-2,910477	1,253904	0,978477	239661,637089	-0,194696	0,000461	1,806982	0,613142	2,034107	-0,124481	-0,124490	0,000000	3,114392	0,510071	0,399482
199,400000	7,815127	7,845668	0,457963	0,095305	2,115226	-12691,338674	-10943,854371	-2985,079763	-11996,596460	-12443,699007	9,087980	68,594427	23,472504	23,838056	26,897397	23,976057	24,214643	-2,910367	1,253510	0,978065	239663,789647	-0,194438	0,000559	1,861707	0,613213	2,033424	-0,124485	-0,124485	0,000000	3,114383	0,512301	0,399480
199,600000	7,815054	7,845417	0,454036	0,094257	2,111070	-12667,252102	-10943,737515	-2985,161047	-11987,251627	-12434,354174	9,085969	68,583196	23,470248	23,838518	26,892245	23,975398	24,219129	-2,910347	1,253705	0,978304	239659,061169	-0,194890	0,000856	1,939254	0,613637	2,032121	-0,124481	-0,124482	0,000000	3,114091	0,514016	0,399443
199,800000	7,814774	7,845265	0,451934	0,093653	2,100658	-12657,039756	-10941,828987	-2985,196696	-11972,488796	-12419,591343	9,083751	68,567805	23,469299	23,838684	26,889479	23,980998	24,220746	-2,910499	1,253513	0,978179	239654,713333	-0,195129	0,001064	1,967087	0,614366	2,032056	-0,124474	-0,124484	0,000000	3,113692	0,515358	0,399392
200,000000	7,814253	7,845115	0,446756	0,094790	2,098730	-12644,729303	-10941,160616	-2985,202679	-11952,321320	-12399,423866	9,081633	68,563768	23,470192	23,840232	26,893820	23,990203	24,219366	-2,910617	1,252495	0,977286	239622,693940	-0,194800	0,000800	1,855814	0,615418	2,033678	-0,124474	-0,124490	0,000000	3,113587	0,518085	0,399378
200,200000	7,813692	7,845049	0,437991	0,096202	2,103079	-12618,187889	-10942,123747	-2985,253515	-11938,832648	-12385,935194	9,079715	68,597675	23,469510	23,841799	26,899935	23,995363	24,217366	-2,910565	1,252620	0,976782	239584,325589	-0,194092	0,000468	1,781657	0,616411	2,035500	-0,124477	-0,124494	0,000000	3,114467	0,522089	0,399491
200,400000	7,813404	7,845169	0,431519	0,096298	2,097322	-12591,079320	-10941,943249	-2985,419210	-11938,003663	-12385,106210	9,077798	68,671952	23,464421	23,839682	26,903953	23,990467	24,215748	-2,910356	1,253269	0,976965	239585,690866	-0,193995	0,000522	1,866145	0,617137	2,036629	-0,124484	-0,124492	0,000000	3,116394	0,525086	0,399738
200,600000	7,813499	7,845147	0,430118	0,095612	2,090475	-12589,422259	-10940,816885	-2985,485892	-11944,776729	-12391,879276	9,075856	68,712849	23,459882	23,836505	26,902507	23,979442	24,215720	-2,910146	1,253302	0,977278	239593,200684	-0,194362	0,000710	1,875732	0,617810	2,036076	-0,124491	-0,124488	0,000000	3,117454	0,526176	0,399874
200,800000	7,813715	7,844757	0,428529	0,095170	2,084759	-12605,711817	-10940,940291	-2985,305772	-11951,609618	-12398,712165	9,073895	68,697281	23,461941	23,836793	26,897458	23,973222	24,217781	-2,910195	1,253454	0,977550	239580,930548	-0,194188	0,000789	1,803682	0,618090	2,034769	-0,124494	-0,124486	0,000000	3,117050	0,526968	0,399823
201,000000	7,813540	7,844389	0,422577	0,095257	2,074288	-12614,610832	-10942,846881	-2984,992963	-11949,460584	-12396,563131	9,071925	68,685346	23,465922	23,838667	26,894750	23,975617	24,216941	-2,910479	1,253830	0,977235	239568,388420	-0,193756	0,000735	1,826599	0,617964	2,034708	-0,124490	-0,124487	0,000000	3,116741	0,529035	0,399783
201,200000	7,812998	7,844260	0,415431	0,095402	2,066168	-12608,658568	-10944,270744	-2984,883691	-11937,403786	-12384,506333	9,070097	68,705171	23,464926	23,839325	26,895722	23,980331	24,214205	-2,910725	1,254003	0,976430	239561,891329	-0,193578	0,000578	1,886592	0,617938	2,036570	-0,124484	-0,124490	0,000000	3,117255	0,531678	0,399849
201,400000	7,812897	7,844272	0,409745	0,095297	2,057720	-12597,055390	-10943,749885	-2985,116196	-11931,385923	-12378,488469	9,068291	68,764133	23,460437	23,840305	26,898623	23,982594	24,217192	-2,910618	1,254022	0,976128	239571,945799	-0,193369	0,000436	1,898238	0,617755	2,039118	-0,124484	-0,124489	0,000000	3,118783	0,533669	0,400045
201,600000	7,813407	7,844409	0,405393	0,095310	2,052142	-12592,496155	-10942,364230	-2985,278132	-11939,773647	-12386,876194	9,066235	68,840664	23,455655	23,840535	26,903587	23,981160	24,222686	-2,910228	1,254073	0,976491	239586,886559	-0,193408	0,000393	1,864280	0,616989	2,040245	-0,124491	-0,124487	0,000000	3,120766	0,534675	0,400299
201,800000	7,813808	7,844388	0,401464	0,095303	2,052565	-12594,166034	-10940,747113	-2985,214041	-11951,786770	-12398,889316	9,064124	68,876168	23,450520	23,836695	26,907361	23,978020	24,225341	-2,910025	1,253517	0,977168	239598,245815	-0,193825	0,000473	1,850428	0,615928	2,039213	-0,124496	-0,124487	0,000000	3,121686	0,535265	0,400417
202,000000	7,813715	7,843970	0,396042	0,094811	2,046386	-12594,627362	-10940,235630	-2985,251022	-11956,806236	-12403,908783	9,062203	68,881175	23,448438	23,833550	26,904308	23,975384	24,224341	-2,910090	1,252715	0,977773	239624,366905	-0,194245	0,000638	1,904199	0,615205	2,037362	-0,124494	-0,124486	0,000000	3,121816	0,536689	0,400434
202,200000	7,813258	7,843537	0,390863	0,094268	2,037690	-12595,872484	-10941,110480	-2985,290149	-11953,766295	-12400,868842	9,060337	68,889643	23,454035	23,835654	26,895282	23,972170	24,219901	-2,910163	1,252818	0,978077	239650,332116	-0,194363	0,000730	1,951876	0,615165	2,036437	-0,124490	-0,124483	0,000000	3,122035	0,538607	0,400462
202,400000	7,812630	7,843598	0,388259	0,094302	2,033183	-12595,870170	-10941,370459	-2985,207035	-11950,493171	-12397,595718	9,058507	68,897100	23,461163	23,839382	26,889911	23,970724	24,217376	-2,910261	1,252856	0,978248	239656,663017	-0,194052	0,000670	1,967174	0,615545	2,036553	-0,124486	-0,124483	0,000000	3,122228	0,539938	0,400487
202,600000	7,812140	7,843971	0,387496	0,094896	2,026698	-12595,852262	-10940,613013	-2985,238388	-11950,087813	-12397,190359	9,056704	68,919019	23,459693	23,840737	26,892836	23,970089	24,222053	-2,910468	1,252328	0,978327	239656,517557	-0,193960	0,000576	1,927439	0,615991	2,036771	-0,124486	-0,124484	0,000000	3,122796	0,540653	0,400560
202,800000	7,812186	7,843993	0,389172	0,094876	2,020525	-12611,439612	-10940,567959	-2985,436548	-11948,782871	-12395,885418	9,054623	68,964775	23,450715	23,839329	26,896797	23,966826	24,231828	-2,910507	1,252563	0,978523	239662,765433	-0,194093	0,000503	1,844422	0,616463	2,036767	-0,124490	-0,124483	0,000000	3,123980	0,540425	0,400712
203,000000	7,812750	7,843611	0,392280	0,093382	2,020921	-12644,030390	-10941,111939	-2985,476524	-11951,595342	-12398,697889	9,052340	69,004468	23,444946	23,836827	26,897566	23,966565	24,238238	-2,910325	1,253218	0,978826	239666,676487	-0,193591	0,000419	1,841051	0,616758	2,036315	-0,124491	-0,124483	0,000000	3,125008	0,539459	0,400843
203,200000	7,813130	7,843229	0,393680	0,092571	2,027924	-12676,868455	-10940,920131	-2985,401603	-11961,348855	-12408,451401	9,050301	69,016879	23,448192	23,835239	26,895624	23,970489	24,235913	-2,910210	1,253211	0,978856	239664,829684	-0,193352	0,000427	1,913314	0,616594	2,035403	-0,124489	-0,124483	0,000000	3,125329	0,538749	0,400885
203,400000	7,812834	7,842804	0,393942	0,093801	2,034416	-12696,961594	-10940,392636	-2985,336862	-11967,004702	-12414,107248	9,048416	69,022656	23,453812	23,835048	26,891657	23,972775	24,227057	-2,910251	1,253344	0,978968	239662,328885	-0,193884	0,000490	1,990750	0,615972	2,035009	-0,124491	-0,124480	0,000000	3,125478	0,538072	0,400904
203,600000	7,812303	7,842464	0,395567	0,094556	2,036526	-12708,897399	-10940,350703	-2985,181571	-11966,423221	-12413,525768	9,046585	69,046297	23,455606	23,835903	26,888795	23,971012	24,219278	-2,910364	1,253688	0,979159	239648,070383	-0,194397	0,000486	2,065647	0,615080	2,035158	-0,124494	-0,124472	0,000000	3,126090	0,536639	0,400982
203,800000	7,812173	7,842516	0,397292	0,093207	2,044347	-12720,306079	-10940,855259	-2985,157921	-11966,881422	-12413,983969	9,044847	69,086207	23,455285	23,837556	26,889283	23,964087	24,220183	-2,910435	1,253814	0,978861	239637,424185	-0,194545	0,000538	2,056455	0,614497	2,035092	-0,124496	-0,124470	0,000000	3,127122	0,535469	0,401115
204,000000	7,812457	7,842581	0,396721	0,092208	2,054025	-12721,721681	-10940,386532	-2985,301116	-11966,562353	-12413,664899	9,042964	69,122156	23,454511	23,838156	26,890917	23,957237	24,228892	-2,910371	1,254537	0,978676	239642,150277	-0,194502	0,000674	1,982934	0,614353	2,034857	-0,124492	-0,124476	0,000000	3,128052	0,535569	0,401234
204,200000	7,812730	7,842261	0,396010	0,092602	2,052228	-12715,603335	-10939,113097	-2985,648772	-11963,954616	-12411,057163	9,041041	69,141533	23,453668	23,836980	26,890333	23,960011	24,237026	-2,910184	1,254429	0,979004	239647,611689	-0,195135	0,000813	2,031372	0,614201	2,034035	-0,124486	-0,124480	0,000000	3,128553	0,535690	0,401298
204,400000	7,812718	7,841770	0,398134	0,092037	2,048730	-12717,673478	-10939,430518	-2985,992984	-11956,933125	-12404,035671	9,039139	69,162571	23,453579	23,836331	26,885289	23,970679	24,237953	-2,910096	1,253082	0,979214	239658,024211	-0,196243	0,000843	2,138939	0,614115	2,033243	-0,124482	-0,124480	0,000000	3,129097	0,534765	0,401368
204,600000	7,812371	7,841449	0,402803	0,091413	2,045971	-12729,366188	-10940,635049	-2985,870583	-11946,193489	-12393,296036	9,037153	69,188200	23,454128	23,837515	26,877072	23,978116	24,232355	-2,910151	1,252907	0,979042	239662,896424	-0,196541	0,000649	2,144596	0,614506	2,034222	-0,124484	-0,124485	0,000000	3,129760	0,533286	0,401453
204,800000	7,811849	7,841429	0,407803	0,092455	2,039046	-12745,600766	-10940,983695	-2985,668754	-11941,939944	-12389,042491	9,035289	69,191667	23,455881	23,838888	26,872335	23,977196	24,226833	-2,910192	1,253285	0,978560	239656,883984	-0,195938	0,000467	2,124227	0,615345	2,035622	-0,124487	-0,124489	0,000000	3,129849	0,532105	0,401464
205,000000	7,811472	7,841539	0,411068	0,093438	2,040116	-12757,884370	-10940,049171	-2985,658086	-11945,794184	-12392,896731	9,033552	69,162582	23,457452	23,838529	26,871919	23,970520	24,226366	-2,910227	1,252963	0,978710	239644,946173	-0,195595	0,000521	2,135758	0,616073	2,035355	-0,124486	-0,124488	0,000000	3,129097	0,531508	0,401368
205,200000	7,811348	7,841471	0,413228	0,093044	2,049431	-12758,343084	-10938,593345	-2985,711696	-11948,887123	-12395,989670	9,031761	69,129872	23,456230	23,836124	26,869296	23,964057	24,228826	-2,910250	1,252392	0,979712	239632,409580	-0,195903	0,000695	2,077732	0,616382	2,033678	-0,124481	-0,124483	0,000000	3,128252	0,530956	0,401259
205,400000	7,811328	7,841126	0,417376	0,092064	2,063804	-12758,763112	-10938,184133	-2985,650956	-11945,698671	-12392,801218	9,029954	69,131249	23,456188	23,834764	26,861475	23,965400	24,230221	-2,910284	1,252204	0,979874	239639,596370	-0,196021	0,000736	1,923597	0,616271	2,031952	-0,124478	-0,124476	0,000000	3,128287	0,529275	0,401264
205,600000	7,811147	7,840742	0,424304	0,092265	2,082159	-12773,807724	-10938,723347	-2985,134555	-11935,652028	-12382,754574	9,028098	69,157843	23,460788	23,837542	26,855374	23,974843	24,229257	-2,910383	1,253225	0,979249	239650,697360	-0,195305	0,000571	1,801599	0,615814	2,031265	-0,124477	-0,124476	0,000000	3,128975	0,526270	0,401352
205,800000	7,810677	7,840470	0,430993	0,093893	2,090775	-12787,801403	-10939,782382	-2984,576848	-11918,673223	-12365,775769	9,026135	69,183136	23,464436	23,840094	26,856969	23,984014	24,226910	-2,910637	1,254398	0,978739	239652,829351	-0,194082	0,000421	1,826782	0,615703	2,032236	-0,124475	-0,124484	0,000000	3,129629	0,523696	0,401436
206,000000	7,810328	7,840155	0,435638	0,095164	2,093420	-12783,781772	-10940,991221	-2984,641800	-11900,084146	-12347,186693	9,024234	69,174351	23,461744	23,838796	26,863567	23,986079	24,224828	-2,910782	1,255199	0,978121	239675,722527	-0,193947	0,000377	1,905657	0,616390	2,034398	-0,124479	-0,124489	0,000000	3,129402	0,522579	0,401407
206,200000	7,810555	7,839739	0,439336	0,095379	2,098207	-12774,819515	-10940,779480	-2985,088622	-11892,935842	-12340,038389	9,022374	69,108905	23,456683	23,836544	26,869820	23,982436	24,223313	-2,910431	1,255834	0,977474	239712,081861	-0,195072	0,000332	1,902586	0,617123	2,035803	-0,124488	-0,124489	0,000000	3,127709	0,521846	0,401190
206,400000	7,810879	7,839731	0,444673	0,095166	2,098263	-12777,078220	-10939,440290	-2985,148617	-11901,751443	-12348,853989	9,020351	69,032762	23,456136	23,835545	26,868184	23,979019	24,219909	-2,910173	1,255679	0,977492	239727,444100	-0,195075	0,000338	1,895303	0,616920	2,035258	-0,124491	-0,124485	0,000000	3,125740	0,519745	0,400937
206,600000	7,810609	7,840253	0,452542	0,095353	2,096720	-12796,558370	-10939,181867	-2984,816459	-11913,806825	-12360,909372	9,018263	69,001066	23,461501	23,836048	26,859822	23,978912	24,214412	-2,910426	1,255724	0,978399	239735,165654	-0,194089	0,000515	1,935122	0,615662	2,033426	-0,124486	-0,124480	0,000000	3,124920	0,515889	0,400832
206,800000	7,810002	7,840332	0,459567	0,095953	2,102249	-12826,176335	-10940,652568	-2984,635971	-11916,839815	-12363,942361	9,016457	69,015137	23,469791	23,838484	26,852864	23,981284	24,210237	-2,910723	1,255666	0,978925	239734,819669	-0,193886	0,000703	1,987600	0,614658	2,032764	-0,124480	-0,124482	0,000000	3,125284	0,512556	0,400879
207,000000	7,809680	7,839881	0,463618	0,095832	2,114033	-12841,978148	-10942,687631	-2984,645893	-11913,353584	-12360,456131	9,014782	69,036921	23,474711	23,841718	26,853213	23,983868	24,208300	-2,910770	1,255071	0,978617	239694,442623	-0,193989	0,000736	1,993006	0,615114	2,034452	-0,124478	-0,124488	0,000000	3,125847	0,511485	0,400951
207,200000	7,809501	7,839827	0,466722	0,095298	2,123583	-12834,782041	-10943,461421	-2984,854418	-11913,964788	-12361,067335	9,012956	68,983504	23,470231	23,842051	26,861677	23,985163	24,210384	-2,910705	1,254954	0,978245	239643,718747	-0,194046	0,000693	1,877252	0,616275	2,036249	-0,124480	-0,124490	0,000000	3,124465	0,511376	0,400774
207,400000	7,809448	7,840055	0,471346	0,095447	2,129215	-12823,882986	-10942,489474	-2985,073729	-11921,351183	-12368,453729	9,011095	68,834337	23,460047	23,838650	26,871809	23,983931	24,216015	-2,910588	1,254754	0,977928	239623,381798	-0,194224	0,000626	1,774962	0,617008	2,036714	-0,124484	-0,124489	0,000000	3,120603	0,510411	0,400278
207,600000	7,809908	7,839917	0,477424	0,096020	2,141215	-12824,803967	-10941,755254	-2984,981920	-11929,976111	-12377,078658	9,009211	68,713459	23,454577	23,836298	26,877221	23,982612	24,218748	-2,910363	1,254216	0,977136	239627,804794	-0,194191	0,000562	1,806495	0,617335	2,036593	-0,124484	-0,124487	0,000000	3,117470	0,508586	0,399876
207,800000	7,810128	7,839543	0,482276	0,095930	2,152594	-12831,095881	-10941,680196	-2984,816408	-11935,187324	-12382,289871	9,007353	68,696118	23,458250	23,837675	26,876943	23,982615	24,214210	-2,910332	1,254359	0,976448	239626,634501	-0,194059	0,000586	1,864193	0,617682	2,036515	-0,124484	-0,124486	0,000000	3,117020	0,507180	0,399819
208,000000	7,809555	7,839300	0,484031	0,095550	2,151676	-12828,930356	-10941,541540	-2984,788305	-11935,657390	-12382,759937	9,005586	68,716091	23,466617	23,839562	26,875778	23,979662	24,206134	-2,910484	1,254293	0,976976	239607,786315	-0,194057	0,000608	1,882534	0,618127	2,036368	-0,124484	-0,124492	0,000000	3,117538	0,506926	0,399885
208,200000	7,808892	7,839403	0,484810	0,096010	2,151484	-12815,403115	-10942,631225	-2984,758179	-11936,241064	-12383,343611	9,003805	68,706169	23,469619	23,840417	26,875603	23,975084	24,204200	-2,910460	1,253295	0,977861	239593,016415	-0,194166	0,000446	1,926763	0,618380	2,036471	-0,124484	-0,124495	0,000000	3,117281	0,506871	0,399852
208,400000	7,808532	7,839811	0,487576	0,096115	2,152303	-12803,642321	-10942,930592	-2984,740546	-11942,874853	-12389,977399	9,001970	68,632084	23,463103	23,840903	26,876864	23,972212	24,210385	-2,910423	1,252859	0,977838	239578,414712	-0,194030	0,000327	1,992850	0,618221	2,037230	-0,124485	-0,124489	0,000000	3,115360	0,505823	0,399606
208,600000	7,808346	7,840131	0,491797	0,095186	2,145652	-12809,394300	-10940,736439	-2984,961521	-11957,432532	-12404,535079	8,999980	68,495948	23,454182	23,839909	26,882901	23,970536	24,218870	-2,910455	1,252886	0,977300	239564,622782	-0,193719	0,000390	1,975945	0,617752	2,037507	-0,124486	-0,124485	0,000000	3,111827	0,504038	0,399153
208,800000	7,808460	7,840125	0,495750	0,094486	2,143479	-12830,712607	-10939,831045	-2985,311547	-11978,340944	-12425,443490	8,998046	68,391372	23,448760	23,837974	26,890032	23,972159	24,227207	-2,910416	1,252589	0,977379	239557,288910	-0,193874	0,000436	1,854433	0,617334	2,036708	-0,124484	-0,124486	0,000000	3,109111	0,502380	0,398804
209,000000	7,808555	7,839806	0,498687	0,094593	2,148904	-12844,699272	-10940,477325	-2985,381759	-11994,122116	-12441,224663	8,996430	68,378497	23,447885	23,837346	26,890396	23,976795	24,230338	-2,910336	1,252657	0,977844	239534,858362	-0,194240	0,000526	1,739023	0,616877	2,036354	-0,124483	-0,124490	0,000000	3,108777	0,501008	0,398761
209,200000	7,808009	7,839383	0,500208	0,094507	2,160827	-12835,628724	-10940,630768	-2985,301714	-11993,179608	-12440,282155	8,994690	68,395021	23,449737	23,837845	26,885782	23,978821	24,224347	-2,910203	1,252910	0,977711	239505,894304	-0,194474	0,000526	1,749035	0,616172	2,036544	-0,124489	-0,124495	0,000000	3,109206	0,499895	0,398816
209,400000	7,807396	7,839154	0,501827	0,094246	2,177265	-12815,510149	-10941,140487	-2985,278208	-11984,589721	-12431,692268	8,992672	68,384159	23,450048	23,838405	26,882828	23,973599	24,217033	-2,910113	1,252915	0,977321	239495,531543	-0,194480	0,000390	1,892215	0,615638	2,036933	-0,124497	-0,124494	0,000000	3,108924	0,498904	0,398780
209,600000	7,807270	7,839026	0,504203	0,094759	2,182606	-12796,804048	-10940,993017	-2985,306985	-11979,041659	-12426,144205	8,990776	68,337647	23,447730	23,839029	26,885567	23,963481	24,216355	-2,910119	1,253448	0,977638	239506,623764	-0,194230	0,000452	2,030878	0,615738	2,037598	-0,124502	-0,124483	0,000000	3,107715	0,498193	0,398625
209,800000	7,807469	7,838849	0,505817	0,094761	2,179828	-12780,064728	-10939,899033	-2985,483113	-11974,334533	-12421,437079	8,988968	68,262376	23,444430	23,839075	26,893047	23,957023	24,221587	-2,910203	1,254216	0,978567	239511,306265	-0,194239	0,000678	2,036846	0,616551	2,036831	-0,124499	-0,124475	0,000000	3,105759	0,498319	0,398374
210,000000	7,807742	7,838661	0,505960	0,093404	2,178482	-12764,949423	-10939,268776	-2985,467564	-11968,313356	-12415,415903	8,987115	68,215123	23,441644	23,838328	26,897580	23,959156	24,228148	-2,910370	1,254064	0,979060	239478,740971	-0,194588	0,000905	1,958985	0,617478	2,034981	-0,124490	-0,124477	0,000000	3,104530	0,499019	0,398217
210,200000	7,807686	7,838342	0,504311	0,092854	2,172700	-12744,901002	-10939,497094	-2985,318286	-11957,458197	-12404,560744	8,985407	68,219885	23,442289	23,838618	26,896966	23,967926	24,231661	-2,910310	1,252904	0,978601	239441,228646	-0,195141	0,000941	1,891050	0,617929	2,034821	-0,124487	-0,124480	0,000000	3,104654	0,499911	0,398233
210,400000	7,807396	7,837820	0,502668	0,093981	2,164971	-12721,432170	-10940,715114	-2985,357004	-11944,366862	-12391,469409	8,983687	68,226756	23,444429	23,839816	26,897678	23,976719	24,229361	-2,910068	1,252525	0,977584	239435,612793	-0,195525	0,000655	1,838745	0,618304	2,037238	-0,124490	-0,124480	0,000000	3,104833	0,500731	0,398256
210,600000	7,807408	7,837378	0,502130	0,094689	2,163070	-12702,572341	-10941,537906	-2985,508098	-11938,277688	-12385,380235	8,981742	68,228687	23,442276	23,838407	26,904210	23,977125	24,224782	-2,910057	1,253025	0,977261	239452,367109	-0,195552	0,000469	1,781183	0,619208	2,038471	-0,124495	-0,124479	0,000000	3,104883	0,501632	0,398262
210,800000	7,807825	7,837273	0,500693	0,094285	2,165025	-12688,221413	-10940,749619	-2985,734667	-11940,436184	-12387,538731	8,979734	68,241494	23,438972	23,835067	26,908430	23,968139	24,224256	-2,910083	1,252695	0,978005	239466,982326	-0,195805	0,000512	1,730290	0,619913	2,037001	-0,124497	-0,124475	0,000000	3,105216	0,502691	0,398305
211,000000	7,807938	7,837244	0,497080	0,093507	2,162907	-12677,514981	-10939,611573	-2985,765377	-11945,109609	-12392,212156	8,977798	68,246718	23,440969	23,834246	26,902597	23,959651	24,227298	-2,909950	1,252346	0,978329	239474,931559	-0,195628	0,000569	1,688958	0,619599	2,034928	-0,124494	-0,124473	0,000000	3,105352	0,503639	0,398322
211,200000	7,807423	7,836969	0,491288	0,092880	2,155947	-12661,055752	-10939,975771	-2985,573812	-11946,374258	-12393,476805	8,975876	68,239420	23,447926	23,835877	26,895600	23,959705	24,228277	-2,910094	1,251890	0,978098	239482,950290	-0,194942	0,000680	1,678008	0,619013	2,032379	-0,124488	-0,124474	0,000000	3,105162	0,505088	0,398298
211,400000	7,806923	7,836638	0,484870	0,092637	2,154633	-12636,573142	-10941,347607	-2985,323661	-11941,873838	-12388,976384	8,973888	68,237407	23,454068	23,837320	26,894163	23,965785	24,225686	-2,910516	1,251266	0,978021	239470,997101	-0,194859	0,000742	1,741912	0,618943	2,031256	-0,124483	-0,124480	0,000000	3,105110	0,507190	0,398291
211,600000	7,806809	7,836421	0,479557	0,092709	2,154087	-12617,829706	-10942,064060	-2985,046588	-11935,435110	-12382,537657	8,972001	68,248013	23,454258	23,838450	26,895475	23,971567	24,224222	-2,910633	1,252110	0,978078	239437,978645	-0,195262	0,000747	1,835510	0,619185	2,032579	-0,124482	-0,124486	0,000000	3,105386	0,509199	0,398326
211,800000	7,807023	7,836383	0,474757	0,093078	2,142716	-12604,630154	-10941,504812	-2985,082962	-11933,516772	-12380,619319	8,970179	68,265083	23,451071	23,839140	26,898352	23,973780	24,226772	-2,910433	1,252571	0,978351	239416,299016	-0,195583	0,000807	1,867549	0,619328	2,033938	-0,124486	-0,124487	0,000000	3,105829	0,510976	0,398383
212,000000	7,807303	7,836686	0,468190	0,093337	2,132591	-12589,067714	-10940,478252	-2985,246386	-11934,977664	-12382,080211	8,968147	68,299624	23,449309	23,837826	26,902706	23,971970	24,230713	-2,910244	1,251575	0,978315	239431,045910	-0,195236	0,000768	1,816927	0,619148	2,033734	-0,124490	-0,124485	0,000000	3,106727	0,513141	0,398499
212,200000	7,807282	7,836877	0,459266	0,093265	2,125353	-12568,378906	-10939,921463	-2985,161408	-11934,626385	-12381,728932	8,966151	68,360502	23,448640	23,835001	26,905350	23,968348	24,231532	-2,910138	1,251543	0,978117	239468,732021	-0,195045	0,000704	1,771873	0,618656	2,032435	-0,124486	-0,124479	0,000000	3,108309	0,515891	0,398701
212,400000	7,806892	7,836532	0,451502	0,093232	2,110090	-12550,067763	-10939,856001	-2985,149853	-11930,287497	-12377,390044	8,964453	68,408574	23,451879	23,833693	26,900373	23,967575	24,226776	-2,910098	1,252170	0,978523	239500,346208	-0,195678	0,000809	1,803347	0,618119	2,031092	-0,124478	-0,124476	0,000000	3,109558	0,518175	0,398862
212,600000	7,806253	7,835920	0,446507	0,093508	2,096852	-12549,580784	-10939,866945	-2985,176900	-11924,350671	-12371,453218	8,962745	68,425003	23,461199	23,835611	26,890952	23,970733	24,218232	-2,910232	1,252508	0,978595	239515,780055	-0,195749	0,000764	1,868392	0,617472	2,030702	-0,124474	-0,124480	0,000000	3,109985	0,519365	0,398916
212,800000	7,805538	7,835529	0,440429	0,093809	2,089113	-12555,234396	-10939,935728	-2984,917155	-11921,513553	-12368,616100	8,960652	68,426733	23,466541	23,838590	26,890173	23,973074	24,215174	-2,910493	1,253354	0,977933	239520,219607	-0,195176	0,000467	1,928732	0,616538	2,031594	-0,124474	-0,124483	0,000000	3,110030	0,520739	0,398922
213,000000	7,805002	7,835656	0,432992	0,094101	2,084781	-12548,067654	-10940,952550	-2984,832090	-11921,328591	-12368,431138	8,958374	68,427918	23,461242	23,840071	26,899878	23,972985	24,222561	-2,910613	1,253914	0,977489	239534,157343	-0,194920	0,000222	1,901253	0,615674	2,032661	-0,124478	-0,124485	0,000000	3,110061	0,522731	0,398926
213,200000	7,805072	7,835950	0,427953	0,094120	2,085778	-12545,233366	-10942,034117	-2985,254783	-11925,116739	-12372,219286	8,956406	68,488394	23,453315	23,839634	26,907673	23,974126	24,230590	-2,910541	1,253491	0,977450	239565,580773	-0,195330	0,000250	1,750613	0,615302	2,033407	-0,124481	-0,124485	0,000000	3,111631	0,524291	0,399128
213,400000	7,805588	7,835781	0,423617	0,093597	2,080953	-12556,091299	-10941,757743	-2985,744276	-11932,818221	-12379,920768	8,954675	68,609778	23,451143	23,838037	26,906467	23,977273	24,230900	-2,910409	1,252622	0,977764	239584,701394	-0,196176	0,000562	1,634848	0,615413	2,033712	-0,124482	-0,124482	0,000000	3,114781	0,525975	0,399532
213,600000	7,805594	7,835339	0,416993	0,094144	2,072791	-12557,918512	-10941,185984	-2985,657916	-11933,741228	-12380,843775	8,952971	68,688401	23,454853	23,836876	26,899168	23,981474	24,224649	-2,910290	1,252487	0,977948	239583,086156	-0,196021	0,000761	1,671798	0,615996	2,033692	-0,124484	-0,124480	0,000000	3,116820	0,528897	0,399793
213,800000	7,804890	7,835403	0,409792	0,095504	2,067981	-12544,836752	-10941,009073	-2985,089113	-11923,651521	-12370,754068	8,951200	68,700103	23,460157	23,837780	26,893047	23,984463	24,214946	-2,910319	1,253307	0,978075	239581,486885	-0,194677	0,000756	1,803103	0,617208	2,034397	-0,124486	-0,124483	0,000000	3,117124	0,532637	0,399832
214,000000	7,804176	7,835607	0,404121	0,095224	2,057787	-12534,459919	-10940,723271	-2984,791179	-11914,742917	-12361,845463	8,949195	68,695006	23,462178	23,840151	26,892273	23,980249	24,208124	-2,910553	1,253761	0,978513	239576,952944	-0,194230	0,000799	1,883288	0,618867	2,035389	-0,124486	-0,124489	0,000000	3,116991	0,536233	0,399815
214,200000	7,803891	7,835217	0,399921	0,094114	2,046116	-12542,205855	-10940,362100	-2984,884562	-11919,500758	-12366,603305	8,947144	68,693673	23,460629	23,840959	26,894003	23,971305	24,211294	-2,910670	1,253878	0,978321	239579,864047	-0,195074	0,000698	1,927186	0,620239	2,035217	-0,124485	-0,124490	0,000000	3,116957	0,539013	0,399811
214,400000	7,804016	7,834740	0,396163	0,094219	2,039353	-12568,973813	-10940,386404	-2985,039194	-11935,149252	-12382,251798	8,945278	68,728384	23,457470	23,839624	26,893631	23,969982	24,219712	-2,910571	1,253687	0,977594	239599,410892	-0,195569	0,000529	2,018780	0,620860	2,035092	-0,124482	-0,124486	0,000000	3,117857	0,540978	0,399926
214,600000	7,804239	7,834613	0,392177	0,094715	2,032217	-12595,453968	-10941,101863	-2984,991551	-11946,147923	-12393,250470	8,943436	68,816544	23,454037	23,838071	26,889667	23,977951	24,222997	-2,910589	1,253457	0,977165	239609,015481	-0,195217	0,000531	2,050206	0,620937	2,035742	-0,124482	-0,124485	0,000000	3,120142	0,542583	0,400219
214,800000	7,804076	7,834502	0,389413	0,094632	2,023588	-12602,672674	-10942,372464	-2984,921323	-11941,002769	-12388,105315	8,941521	68,897303	23,454191	23,837352	26,886347	23,985813	24,219334	-2,910833	1,253605	0,976930	239601,280079	-0,194780	0,000417	1,970229	0,620645	2,036314	-0,124483	-0,124494	0,000000	3,122233	0,543396	0,400487
215,000000	7,803613	7,834288	0,389622	0,095136	2,018196	-12604,159077	-10943,280622	-2984,970419	-11930,039940	-12377,142487	8,939603	68,927626	23,456810	23,837543	26,885329	23,987375	24,213994	-2,910911	1,253424	0,976917	239604,603980	-0,194339	0,000260	1,905093	0,620214	2,037490	-0,124485	-0,124500	0,000000	3,123019	0,542921	0,400588
215,200000	7,803385	7,834226	0,389871	0,096545	2,023282	-12622,606363	-10943,166399	-2984,954626	-11932,566052	-12379,668599	8,937766	68,915176	23,455511	23,838019	26,886625	23,982086	24,211117	-2,910558	1,253316	0,977268	239620,251891	-0,193911	0,000390	1,882623	0,619940	2,038175	-0,124493	-0,124495	0,000000	3,122696	0,542582	0,400547
215,400000	7,803455	7,834413	0,387539	0,097012	2,032810	-12641,698016	-10942,720502	-2985,038485	-11945,438250	-12392,540797	8,935922	68,893090	23,450212	23,837242	26,889863	23,973958	24,210796	-2,910287	1,253519	0,977427	239621,067054	-0,194093	0,000567	1,859166	0,619673	2,037343	-0,124499	-0,124489	0,000000	3,122124	0,543279	0,400473
215,600000	7,803650	7,834351	0,386254	0,095793	2,035629	-12647,133396	-10942,517183	-2985,143127	-11951,935416	-12399,037962	8,934053	68,915910	23,446710	23,836471	26,888095	23,968877	24,212540	-2,910422	1,253213	0,977316	239629,641395	-0,194466	0,000708	1,867364	0,618816	2,035743	-0,124497	-0,124484	0,000000	3,122715	0,543025	0,400549
215,800000	7,803643	7,833870	0,388853	0,094525	2,039377	-12658,099991	-10941,670720	-2985,012400	-11946,925290	-12394,027837	8,932233	68,968978	23,448433	23,838715	26,880467	23,969729	24,214756	-2,910540	1,253447	0,977277	239653,433831	-0,194455	0,000906	1,938487	0,617354	2,035351	-0,124490	-0,124482	0,000000	3,124089	0,540681	0,400726
216,000000	7,803053	7,833787	0,393513	0,094231	2,041863	-12678,843232	-10940,389916	-2985,008716	-11937,541815	-12384,644362	8,930331	68,991286	23,452219	23,841543	26,878410	23,974534	24,215810	-2,910537	1,254311	0,977606	239656,735011	-0,193894	0,000870	2,030607	0,616093	2,036264	-0,124478	-0,124484	0,000000	3,124666	0,537757	0,400800
216,200000	7,802438	7,834105	0,398215	0,094477	2,034362	-12699,420252	-10940,140044	-2985,178058	-11932,070600	-12379,173147	8,928505	68,973573	23,450898	23,841259	26,885334	23,977029	24,216452	-2,910564	1,253809	0,978417	239657,952074	-0,193299	0,000631	2,006002	0,615455	2,036820	-0,124474	-0,124488	0,000000	3,124208	0,535425	0,400741
216,400000	7,802615	7,834141	0,402329	0,094699	2,033059	-12719,406919	-10940,575640	-2984,855241	-11930,658643	-12377,761189	8,926740	68,953024	23,443032	23,838478	26,891191	23,972323	24,217965	-2,910424	1,252962	0,978668	239675,687912	-0,193206	0,000472	1,881393	0,615136	2,038220	-0,124484	-0,124489	0,000000	3,123676	0,533595	0,400673
216,600000	7,803324	7,833954	0,406129	0,094316	2,041834	-12735,006582	-10941,045139	-2984,363531	-11931,904763	-12379,007309	8,924850	68,977470	23,435730	23,836242	26,892028	23,964725	24,219569	-2,910257	1,253167	0,978121	239701,773751	-0,193488	0,000365	1,821851	0,614777	2,038923	-0,124494	-0,124489	0,000000	3,124309	0,531836	0,400754
216,800000	7,803574	7,833640	0,410286	0,093397	2,051841	-12742,588541	-10940,906180	-2984,775357	-11937,015789	-12384,118336	8,922937	69,048946	23,436058	23,834840	26,889137	23,960539	24,219289	-2,910316	1,252819	0,977882	239722,923542	-0,194520	0,000348	1,849308	0,614780	2,037166	-0,124493	-0,124487	0,000000	3,126158	0,530248	0,400991
217,000000	7,803442	7,833149	0,415003	0,092969	2,065489	-12751,623002	-10940,161075	-2985,531363	-11939,842837	-12386,945384	8,921050	69,106647	23,442723	23,834286	26,881162	23,960016	24,217929	-2,910289	1,251786	0,978056	239712,159649	-0,195222	0,000530	1,890075	0,615652	2,035061	-0,124489	-0,124483	0,000000	3,127651	0,529187	0,401182
217,200000	7,803546	7,832789	0,420117	0,092911	2,074035	-12762,908114	-10940,662003	-2985,570177	-11930,992692	-12378,095239	8,919298	69,128454	23,447246	23,837326	26,874743	23,961558	24,218269	-2,910197	1,251628	0,978106	239694,817119	-0,194543	0,000766	1,873277	0,616805	2,034557	-0,124488	-0,124479	0,000000	3,128215	0,528230	0,401255
217,400000	7,803357	7,832635	0,424482	0,092364	2,077922	-12769,069697	-10942,304577	-2985,373160	-11920,247687	-12367,350234	8,917504	69,130367	23,445286	23,840564	26,877243	23,963578	24,221808	-2,910275	1,252141	0,978031	239700,079937	-0,194135	0,000809	1,837422	0,617542	2,035531	-0,124491	-0,124478	0,000000	3,128264	0,527229	0,401261
217,600000	7,802925	7,832542	0,427916	0,091944	2,083676	-12775,001317	-10942,594653	-2985,460179	-11921,821315	-12368,923862	8,915602	69,113362	23,437490	23,838989	26,881281	23,963548	24,228335	-2,910279	1,252732	0,978002	239704,631238	-0,194789	0,000623	1,855073	0,618010	2,036403	-0,124496	-0,124483	0,000000	3,127825	0,526363	0,401205
217,800000	7,802758	7,832651	0,432617	0,092363	2,082918	-12777,544169	-10940,848808	-2985,611310	-11927,386223	-12374,488770	8,913865	69,079533	23,428442	23,835259	26,881727	23,961674	24,237054	-2,910065	1,253015	0,978131	239703,649586	-0,195304	0,000597	1,892330	0,618391	2,036439	-0,124496	-0,124483	0,000000	3,126950	0,524973	0,401092
218,000000	7,802693	7,832728	0,439264	0,093058	2,082468	-12778,447348	-10939,193376	-2985,865455	-11928,583294	-12375,685841	8,912022	69,023554	23,428696	23,834110	26,879065	23,962677	24,240556	-2,909882	1,252553	0,978469	239716,580088	-0,195678	0,000740	1,922907	0,618780	2,035713	-0,124491	-0,124477	0,000000	3,125501	0,522878	0,400907
218,200000	7,802617	7,832451	0,445770	0,093340	2,090560	-12793,800159	-10939,566499	-2986,003689	-11929,858322	-12376,960869	8,910064	68,974351	23,438921	23,835504	26,870492	23,966098	24,232659	-2,909943	1,252162	0,978787	239726,997865	-0,196229	0,000630	1,934004	0,619199	2,034714	-0,124486	-0,124475	0,000000	3,124228	0,520843	0,400743
218,400000	7,802492	7,832079	0,449887	0,093742	2,098469	-12815,698508	-10941,346592	-2985,682641	-11938,278060	-12385,380606	8,908350	68,960618	23,446163	23,837025	26,864615	23,965083	24,223825	-2,910117	1,252539	0,978661	239706,743906	-0,196189	0,000530	1,936020	0,619356	2,033872	-0,124487	-0,124478	0,000000	3,123873	0,519460	0,400698
218,600000	7,802469	7,831938	0,452148	0,094667	2,104037	-12826,396739	-10942,477791	-2985,526320	-11953,966635	-12401,069182	8,906580	68,969544	23,445213	23,837700	26,866213	23,960785	24,223723	-2,910180	1,252976	0,977990	239668,777696	-0,195772	0,000677	1,977135	0,618788	2,033633	-0,124492	-0,124481	0,000000	3,124104	0,518169	0,400727
218,800000	7,802656	7,831912	0,455706	0,094540	2,111140	-12829,245420	-10941,922322	-2985,637110	-11970,020018	-12417,122564	8,904531	68,982467	23,441064	23,836833	26,865826	23,959178	24,229674	-2,910116	1,252760	0,977374	239639,293294	-0,195457	0,000749	1,999669	0,617891	2,033901	-0,124494	-0,124481	0,000000	3,124438	0,516152	0,400770
219,000000	7,802698	7,831659	0,461997	0,093015	2,120891	-12837,276808	-10940,924516	-2985,621532	-11983,781866	-12430,884412	8,902531	68,966282	23,437871	23,835260	26,864914	23,962900	24,238502	-2,910101	1,252385	0,977741	239645,673676	-0,195285	0,000768	1,925099	0,618298	2,033660	-0,124488	-0,124479	0,000000	3,124019	0,514254	0,400717
219,200000	7,802407	7,831134	0,468712	0,092893	2,127455	-12857,720640	-10940,481639	-2985,556329	-11991,678907	-12438,781454	8,900770	68,913752	23,439551	23,834451	26,867326	23,971458	24,243673	-2,910207	1,253050	0,978757	239667,876202	-0,195257	0,000841	1,843103	0,619961	2,032947	-0,124481	-0,124478	0,000000	3,122659	0,513254	0,400542
219,400000	7,802102	7,830633	0,472940	0,094443	2,128286	-12872,898284	-10940,466085	-2985,147657	-11988,697660	-12435,800206	8,899169	68,873218	23,445556	23,834609	26,867730	23,979356	24,238029	-2,910393	1,253547	0,978963	239659,650910	-0,194529	0,000787	1,872797	0,621325	2,033181	-0,124482	-0,124482	0,000000	3,121610	0,512877	0,400407
219,600000	7,801671	7,830498	0,475375	0,095190	2,134581	-12863,058847	-10941,355823	-2984,798762	-11979,852051	-12426,954598	8,897659	68,871749	23,451232	23,835553	26,866087	23,978727	24,226109	-2,910599	1,253217	0,978536	239638,073951	-0,193467	0,000651	1,948688	0,622045	2,034001	-0,124485	-0,124488	0,000000	3,121572	0,512612	0,400403
219,800000	7,800939	7,830570	0,478970	0,095685	2,142866	-12851,001597	-10941,792050	-2985,276289	-11978,113199	-12425,215746	8,896033	68,889207	23,455228	23,836369	26,867553	23,969754	24,217836	-2,910652	1,253147	0,978298	239624,899129	-0,193525	0,000540	1,966723	0,622108	2,034231	-0,124486	-0,124487	0,000000	3,122024	0,511422	0,400461
220,000000	7,800386	7,830499	0,484309	0,095955	2,140905	-12861,189355	-10941,139467	-2985,778545	-11989,081190	-12436,183737	8,894140	68,902794	23,456934	23,836488	26,868767	23,963822	24,217971	-2,910577	1,252571	0,978182	239622,283046	-0,193955	0,000393	1,921984	0,621147	2,034066	-0,124486	-0,124483	0,000000	3,122376	0,508792	0,400506
220,200000	7,800282	7,830430	0,489492	0,094428	2,143226	-12881,191318	-10941,131936	-2985,574221	-12005,104193	-12452,206740	8,892129	68,897024	23,456029	23,836604	26,863455	23,965601	24,222306	-2,910647	1,252035	0,978246	239614,037798	-0,194096	0,000371	1,878712	0,619628	2,032974	-0,124483	-0,124482	0,000000	3,122226	0,505768	0,400487
220,400000	7,800399	7,830359	0,492258	0,092976	2,154756	-12889,482207	-10941,554929	-2985,251555	-12011,822356	-12458,924903	8,890274	68,888833	23,455340	23,837058	26,857443	23,971645	24,223337	-2,910790	1,252118	0,978260	239580,203167	-0,194645	0,000572	1,895999	0,618303	2,032041	-0,124481	-0,124483	0,000000	3,122014	0,503736	0,400459
220,600000	7,800433	7,830235	0,492525	0,093329	2,162018	-12875,006701	-10941,386350	-2985,033228	-12002,642577	-12449,745123	8,888719	68,894773	23,457180	23,838533	26,857785	23,980041	24,220592	-2,910713	1,252466	0,978251	239541,368350	-0,194607	0,000800	1,897374	0,616922	2,032887	-0,124479	-0,124489	0,000000	3,122168	0,502511	0,400479
220,800000	7,800102	7,830208	0,492923	0,094367	2,167396	-12850,671095	-10940,613445	-2984,767360	-11993,151938	-12440,254484	8,887284	68,902143	23,458660	23,839751	26,864293	23,985332	24,217662	-2,910485	1,253882	0,978118	239520,889463	-0,193633	0,000892	1,877242	0,615345	2,034949	-0,124478	-0,124496	0,000000	3,122359	0,501100	0,400504
221,000000	7,799790	7,830249	0,495361	0,095065	2,167559	-12844,157016	-10940,257097	-2984,811553	-12000,990010	-12448,092557	8,885621	68,902733	23,456234	23,837725	26,873394	23,981658	24,215878	-2,910312	1,254669	0,977618	239532,985718	-0,193651	0,000769	1,908198	0,614085	2,036064	-0,124484	-0,124496	0,000000	3,122374	0,499279	0,400506
221,200000	7,799905	7,830198	0,498496	0,094880	2,162782	-12856,318563	-10941,141434	-2985,221954	-12018,338454	-12465,441001	8,883753	68,897163	23,453234	23,835544	26,878015	23,972509	24,215110	-2,910261	1,253657	0,977739	239547,107328	-0,194884	0,000613	1,908108	0,613533	2,035188	-0,124490	-0,124492	0,000000	3,122230	0,497795	0,400487
221,400000	7,799992	7,829906	0,499424	0,093799	2,161944	-12859,586051	-10941,989157	-2985,390980	-12026,722154	-12473,824701	8,882043	68,863547	23,455423	23,839878	26,871357	23,966998	24,214590	-2,910391	1,252709	0,978540	239525,447736	-0,195459	0,000711	1,863035	0,613613	2,033716	-0,124489	-0,124489	0,000000	3,121359	0,497517	0,400375
221,600000	7,799572	7,829543	0,498014	0,093138	2,159550	-12836,155414	-10941,912384	-2985,235385	-12017,878219	-12464,980765	8,880357	68,790849	23,460888	23,863682	26,860336	23,968958	24,213438	-2,910567	1,252128	0,978479	239483,688733	-0,194970	0,000906	1,896665	0,613954	2,032611	-0,124482	-0,124488	0,000000	3,119476	0,498182	0,400134
221,800000	7,798767	7,829407	0,497231	0,093767	2,159363	-12800,613409	-10942,238247	-2985,138436	-11994,565278	-12441,667825	8,878523	68,731643	23,461842	23,904117	26,861604	23,974621	24,212099	-2,910578	1,252105	0,977587	239448,497202	-0,194370	0,000799	1,964477	0,614251	2,033578	-0,124477	-0,124491	0,000000	3,117941	0,498609	0,399937
222,000000	7,798362	7,829566	0,498530	0,094704	2,165649	-12775,754640	-10942,433034	-2985,043705	-11972,698955	-12419,801501	8,876659	68,714432	23,455600	23,930703	26,872641	23,977691	24,213556	-2,910532	1,253119	0,977225	239431,827207	-0,194044	0,000508	1,938248	0,614570	2,036346	-0,124480	-0,124492	0,000000	3,117495	0,498417	0,399880
222,200000	7,798428	7,829754	0,499648	0,095223	2,167574	-12758,008176	-10940,827107	-2985,099051	-11962,770710	-12409,873256	8,874708	68,716212	23,447533	23,932280	26,883824	23,976513	24,217800	-2,910595	1,254189	0,977514	239427,555839	-0,193915	0,000367	1,868387	0,615052	2,038156	-0,124487	-0,124490	0,000000	3,117541	0,498463	0,399886
222,400000	7,798557	7,829683	0,498506	0,095818	2,164306	-12736,348736	-10940,184962	-2985,363982	-11957,508347	-12404,610893	8,872901	68,717893	23,442833	23,922957	26,890699	23,972774	24,220281	-2,910679	1,254649	0,977456	239435,548107	-0,193889	0,000401	1,813964	0,615761	2,038231	-0,124490	-0,124489	0,000000	3,117585	0,499441	0,399891
222,600000	7,798776	7,829393	0,495755	0,096185	2,161515	-12711,972800	-10941,549131	-2985,524504	-11949,731972	-12396,834518	8,871369	68,721616	23,442695	23,916867	26,886284	23,969020	24,218805	-2,910571	1,253930	0,977025	239437,032521	-0,194313	0,000630	1,737780	0,616965	2,037222	-0,124490	-0,124487	0,000000	3,117681	0,501326	0,399904
222,800000	7,798923	7,829085	0,493251	0,095694	2,161093	-12689,717091	-10941,860120	-2985,543418	-11937,955518	-12385,058064	8,869816	68,726507	23,449056	23,918483	26,878410	23,968590	24,213508	-2,910394	1,252345	0,976573	239427,922269	-0,194995	0,000791	1,715600	0,618220	2,036388	-0,124493	-0,124484	0,000000	3,117808	0,503154	0,399920
223,000000	7,798785	7,828992	0,492150	0,095060	2,158187	-12674,930588	-10941,662018	-2985,510955	-11925,538295	-12372,640842	8,868184	68,722856	23,457317	23,922981	26,877577	23,970588	24,207246	-2,910506	1,252051	0,976462	239440,719417	-0,194628	0,000645	1,813572	0,618771	2,037021	-0,124496	-0,124481	0,000000	3,117714	0,503960	0,399908
223,200000	7,798461	7,829123	0,492121	0,095280	2,150593	-12671,702651	-10942,029698	-2985,472333	-11923,848400	-12370,950947	8,866563	68,726428	23,455861	23,925525	26,884479	23,969370	24,209287	-2,910665	1,252581	0,977095	239464,520210	-0,193865	0,000541	1,892534	0,618764	2,038141	-0,124497	-0,124479	0,000000	3,117806	0,503979	0,399920
223,400000	7,798174	7,829345	0,491322	0,096024	2,149646	-12675,360470	-10941,704246	-2985,485802	-11933,759381	-12380,861928	8,864856	68,750769	23,445000	23,924752	26,894760	23,965297	24,221310	-2,910546	1,252347	0,977542	239471,031673	-0,194290	0,000605	1,873047	0,618625	2,038396	-0,124497	-0,124481	0,000000	3,118437	0,504167	0,400001
223,600000	7,798238	7,829367	0,486293	0,095971	2,152417	-12664,638922	-10940,957913	-2985,622466	-11940,974327	-12388,076874	8,862968	68,755377	23,435374	23,922879	26,900516	23,965143	24,230107	-2,910376	1,252474	0,977704	239457,647578	-0,195250	0,000746	1,807647	0,618374	2,037910	-0,124494	-0,124485	0,000000	3,118556	0,505683	0,400016
223,800000	7,798747	7,828957	0,477584	0,095244	2,146531	-12634,515068	-10940,815481	-2985,715092	-11942,930905	-12390,033452	8,861180	68,696294	23,433277	23,921945	26,900521	23,968670	24,228766	-2,910174	1,253011	0,977826	239441,983881	-0,195783	0,000788	1,771421	0,617802	2,036700	-0,124493	-0,124488	0,000000	3,117025	0,508172	0,399819
224,000000	7,798883	7,828382	0,471832	0,095000	2,141033	-12610,855078	-10941,043801	-2985,557632	-11941,013489	-12388,116035	8,859675	68,616894	23,437206	23,921946	26,897721	23,971134	24,220936	-2,909978	1,252671	0,977335	239446,889906	-0,195329	0,000590	1,834063	0,616924	2,035997	-0,124494	-0,124489	0,000000	3,114966	0,509395	0,399555
224,200000	7,798386	7,827968	0,469358	0,094984	2,136765	-12605,326160	-10941,277335	-2985,382151	-11935,402909	-12382,505456	8,858220	68,580822	23,440727	23,922738	26,896499	23,969417	24,212953	-2,910050	1,251622	0,976966	239457,979400	-0,194452	0,000500	1,929914	0,616192	2,036112	-0,124495	-0,124488	0,000000	3,114030	0,509621	0,399435
224,400000	7,797803	7,827829	0,462957	0,094276	2,126121	-12598,665551	-10941,126445	-2985,394742	-11935,320511	-12382,423058	8,856637	68,573502	23,440357	23,923961	26,897639	23,963063	24,213311	-2,910282	1,250679	0,977562	239448,679209	-0,194366	0,000621	1,922514	0,615843	2,035857	-0,124494	-0,124487	0,000000	3,113840	0,511554	0,399411
224,600000	7,797518	7,827776	0,452159	0,093214	2,116899	-12576,349426	-10940,677179	-2985,399485	-11944,265734	-12391,368281	8,854854	68,554660	23,437339	23,923978	26,900283	23,955912	24,222816	-2,910349	1,250882	0,977990	239429,857962	-0,194661	0,000588	1,869962	0,615643	2,035254	-0,124491	-0,124484	0,000000	3,113351	0,515193	0,399348
224,800000	7,797495	7,827664	0,441328	0,092762	2,105291	-12550,663660	-10940,565372	-2985,371663	-11952,667625	-12399,770171	8,853011	68,535683	23,433716	23,922454	26,904011	23,955486	24,232366	-2,910226	1,251548	0,977700	239420,702133	-0,194746	0,000397	1,935293	0,615251	2,034138	-0,124491	-0,124479	0,000000	3,112858	0,518738	0,399285
225,000000	7,797273	7,827460	0,431745	0,092295	2,090006	-12532,359931	-10941,100551	-2985,516377	-11950,827031	-12397,929578	8,851301	68,541919	23,432549	23,921572	26,905419	23,963527	24,234811	-2,910247	1,251004	0,977395	239405,978676	-0,194744	0,000305	2,032315	0,614693	2,033249	-0,124490	-0,124479	0,000000	3,113020	0,521730	0,399306
225,200000	7,797107	7,827041	0,425632	0,092068	2,077672	-12522,098466	-10942,230867	-2985,570535	-11940,387538	-12387,490085	8,849618	68,560728	23,434853	23,921898	26,905513	23,969520	24,230546	-2,910412	1,250824	0,977139	239381,988221	-0,194909	0,000420	2,012469	0,614489	2,033969	-0,124486	-0,124488	0,000000	3,113508	0,523769	0,399368
225,400000	7,797357	7,826732	0,424300	0,093650	2,063536	-12527,119576	-10942,026860	-2985,539968	-11932,398809	-12379,501356	8,847892	68,571967	23,438352	23,921703	26,904277	23,967382	24,225976	-2,910419	1,251729	0,977467	239381,719381	-0,195371	0,000675	1,923755	0,614854	2,035033	-0,124487	-0,124491	0,000000	3,113800	0,524550	0,399406
225,600000	7,797628	7,826762	0,422325	0,095083	2,056564	-12548,153629	-10940,248257	-2985,747603	-11935,784993	-12382,887540	8,846232	68,569523	23,440020	23,921131	26,902800	23,960531	24,225599	-2,910293	1,252419	0,978177	239384,503758	-0,196150	0,000688	1,826540	0,615704	2,034514	-0,124494	-0,124486	0,000000	3,113737	0,526006	0,399398
225,800000	7,797792	7,826766	0,415140	0,093830	2,061577	-12561,463687	-10939,615015	-2985,734941	-11945,449739	-12392,552286	8,844690	68,555902	23,438790	23,919352	26,901598	23,953289	24,228111	-2,910180	1,252442	0,978392	239371,918681	-0,196639	0,000539	1,754237	0,616539	2,033002	-0,124496	-0,124477	0,000000	3,113383	0,529395	0,399352
226,000000	7,797703	7,826748	0,407049	0,091749	2,063537	-12554,546771	-10939,781956	-2985,423047	-11952,081087	-12399,183634	8,843176	68,552792	23,438432	23,917937	26,894245	23,951848	24,230630	-2,910247	1,251566	0,978696	239373,686065	-0,196151	0,000647	1,729552	0,616882	2,031967	-0,124491	-0,124472	0,000000	3,113302	0,532725	0,399342
226,200000	7,797107	7,826684	0,403484	0,091436	2,060134	-12558,587596	-10939,203848	-2985,203550	-11952,542733	-12399,645279	8,841533	68,574325	23,441607	23,921162	26,884685	23,958216	24,231221	-2,910442	1,251664	0,978858	239387,580229	-0,195701	0,000817	1,757527	0,617041	2,031824	-0,124485	-0,124478	0,000000	3,113861	0,534190	0,399414
226,400000	7,796644	7,826399	0,402192	0,092323	2,055350	-12583,097942	-10939,212686	-2984,972942	-11948,101661	-12395,204207	8,839793	68,597307	23,444792	23,924734	26,880924	23,966881	24,231693	-2,910538	1,252414	0,978131	239410,172746	-0,195509	0,000761	1,818044	0,617352	2,032199	-0,124479	-0,124485	0,000000	3,114458	0,534922	0,399490
226,600000	7,796332	7,826291	0,399124	0,092984	2,051213	-12594,224419	-10940,416994	-2984,839190	-11942,673312	-12389,775859	8,838022	68,602844	23,443488	23,923876	26,883623	23,969775	24,231943	-2,910461	1,251786	0,977516	239428,841468	-0,195133	0,000566	1,856754	0,617784	2,033177	-0,124479	-0,124484	0,000000	3,114601	0,536470	0,399509
226,800000	7,796079	7,826309	0,395793	0,093472	2,046328	-12592,025290	-10941,785596	-2985,055833	-11941,102231	-12388,204778	8,836128	68,596292	23,439311	23,921133	26,888751	23,965782	24,231015	-2,910319	1,251698	0,977607	239435,922598	-0,195453	0,000256	1,909896	0,618077	2,034659	-0,124484	-0,124486	0,000000	3,114431	0,538021	0,399487
227,000000	7,796125	7,826210	0,395215	0,094011	2,036980	-12603,966450	-10942,495819	-2985,510947	-11946,027054	-12393,129601	8,834211	68,593046	23,440484	23,919419	26,886333	23,962731	24,229190	-2,910357	1,252305	0,978043	239445,759090	-0,195768	0,000118	1,985112	0,618008	2,034904	-0,124486	-0,124484	0,000000	3,114347	0,538176	0,399476
227,200000	7,795750	7,826047	0,397118	0,094342	2,031789	-12629,312939	-10941,304339	-2985,884244	-11949,904638	-12397,007184	8,832573	68,616195	23,449238	23,918924	26,874666	23,964245	24,224898	-2,910492	1,252352	0,978656	239450,475823	-0,195782	0,000415	1,991139	0,617645	2,033380	-0,124485	-0,124483	0,000000	3,114948	0,537098	0,399553
227,400000	7,795355	7,825706	0,398821	0,094592	2,031809	-12659,640075	-10939,974722	-2985,730037	-11945,399884	-12392,502431	8,831172	68,681373	23,456627	23,920910	26,862903	23,968323	24,220201	-2,910524	1,252810	0,978312	239445,606301	-0,196204	0,000620	1,966935	0,617109	2,032269	-0,124486	-0,124485	0,000000	3,116638	0,535932	0,399770
227,600000	7,795378	7,825565	0,397218	0,095116	2,030841	-12680,421529	-10940,676779	-2985,223172	-11937,199693	-12384,302240	8,829675	68,759131	23,457844	23,925623	26,858295	23,973030	24,217739	-2,910652	1,253547	0,977331	239428,750374	-0,195685	0,000527	1,986542	0,616395	2,033104	-0,124489	-0,124484	0,000000	3,118654	0,535901	0,400028
227,800000	7,795064	7,825606	0,393191	0,095637	2,038579	-12672,536550	-10941,543049	-2985,049095	-11933,077640	-12380,180187	8,828020	68,794870	23,454905	23,927427	26,861517	23,976029	24,219099	-2,910782	1,253717	0,977632	239415,927278	-0,194688	0,000509	1,970253	0,615578	2,034759	-0,124488	-0,124481	0,000000	3,119580	0,536743	0,400147
228,000000	7,794888	7,825332	0,391054	0,095541	2,050378	-12657,748142	-10941,551008	-2985,126111	-11935,195356	-12382,297903	8,826266	68,782685	23,447351	23,923923	26,866573	23,976878	24,223575	-2,910564	1,253856	0,978351	239438,937497	-0,195031	0,000575	1,897951	0,615012	2,035601	-0,124482	-0,124482	0,000000	3,119264	0,537072	0,400107
228,200000	7,795226	7,825046	0,391206	0,095637	2,050764	-12661,752480	-10941,736920	-2985,183109	-11939,418204	-12386,520750	8,824634	68,765984	23,440370	23,920306	26,865312	23,977790	24,225705	-2,910310	1,253691	0,978176	239466,501659	-0,195757	0,000528	1,881719	0,615069	2,035427	-0,124482	-0,124483	0,000000	3,118831	0,537051	0,400051
228,400000	7,795279	7,824977	0,392245	0,096070	2,047772	-12672,775326	-10942,354332	-2985,060780	-11938,797886	-12385,900433	8,823086	68,795074	23,443415	23,920113	26,858237	23,978184	24,220154	-2,910346	1,253117	0,977652	239454,890234	-0,195360	0,000537	1,898910	0,615627	2,035106	-0,124486	-0,124483	0,000000	3,119585	0,537120	0,400148
228,600000	7,794683	7,824836	0,393892	0,095877	2,042499	-12679,261227	-10942,490633	-2984,583499	-11929,185737	-12376,288283	8,821371	68,863606	23,453108	23,922180	26,854587	23,977061	24,208959	-2,910614	1,253262	0,977568	239437,393863	-0,194164	0,000672	1,866078	0,616089	2,034919	-0,124483	-0,124486	0,000000	3,121361	0,536869	0,400376
228,800000	7,793691	7,824564	0,394927	0,096004	2,032742	-12679,284322	-10942,077979	-2984,519449	-11917,037103	-12364,139649	8,819791	68,910995	23,458671	23,924294	26,855044	23,974979	24,202224	-2,910916	1,253218	0,977762	239449,252825	-0,193523	0,000675	1,846986	0,615938	2,034844	-0,124478	-0,124491	0,000000	3,122588	0,536320	0,400533
229,000000	7,793121	7,824328	0,396875	0,096404	2,027760	-12682,358656	-10940,949109	-2984,947186	-11912,608061	-12359,710607	8,818220	68,921425	23,455170	23,924877	26,855882	23,971943	24,203787	-2,910890	1,252389	0,977630	239466,018848	-0,193822	0,000580	1,841715	0,615506	2,035389	-0,124480	-0,124493	0,000000	3,122858	0,535181	0,400568
229,200000	7,793450	7,824358	0,402177	0,095590	2,025928	-12702,891952	-10940,210377	-2985,181995	-11914,703460	-12361,806007	8,816442	68,919482	23,446815	23,924145	26,859777	23,969768	24,210190	-2,910662	1,251889	0,977811	239475,482718	-0,194102	0,000543	1,794267	0,615292	2,035872	-0,124485	-0,124491	0,000000	3,122808	0,532982	0,400561
229,400000	7,793979	7,824564	0,409244	0,094513	2,034307	-12730,385758	-10941,160986	-2985,274076	-11918,304518	-12365,407065	8,814828	68,909924	23,442696	23,923203	26,865060	23,971759	24,218063	-2,910599	1,252156	0,978436	239490,612873	-0,193914	0,000578	1,789081	0,615190	2,035653	-0,124487	-0,124488	0,000000	3,122560	0,530243	0,400529
229,600000	7,793887	7,824634	0,415388	0,094910	2,056121	-12753,346827	-10942,171029	-2985,204222	-11918,347693	-12365,450240	8,813382	68,903503	23,444623	23,922872	26,864985	23,976680	24,220414	-2,910590	1,252247	0,978138	239496,700020	-0,193925	0,000641	1,879900	0,615073	2,035740	-0,124485	-0,124489	0,000000	3,122394	0,527845	0,400508
229,800000	7,793251	7,824536	0,420515	0,095527	2,073599	-12765,589555	-10942,716193	-2985,137758	-11909,863805	-12356,966352	8,811859	68,920158	23,446572	23,923564	26,860368	23,979200	24,213318	-2,910542	1,251683	0,977174	239490,563991	-0,194322	0,000667	1,974121	0,615041	2,036470	-0,124482	-0,124495	0,000000	3,122825	0,525897	0,400563
230,000000	7,792745	7,824319	0,426796	0,095328	2,084781	-12768,251871	-10942,120639	-2985,358681	-11900,918641	-12348,021187	8,810235	68,943085	23,445432	23,924755	26,856231	23,975077	24,205165	-2,910426	1,251844	0,976980	239489,884000	-0,194748	0,000640	1,971752	0,615208	2,037484	-0,124484	-0,124499	0,000000	3,123419	0,523700	0,400640
230,200000	7,792589	7,824349	0,434099	0,095526	2,095859	-12781,675410	-10940,413362	-2985,621362	-11902,736234	-12349,838780	8,808492	68,942311	23,442022	23,925590	26,856204	23,965168	24,205114	-2,910196	1,252217	0,977333	239496,670148	-0,195211	0,000585	1,898309	0,615520	2,037911	-0,124489	-0,124495	0,000000	3,123399	0,521297	0,400637
230,400000	7,792607	7,824569	0,439777	0,095598	2,102833	-12798,054515	-10940,402452	-2985,665183	-11912,164654	-12359,267201	8,806694	68,923299	23,437341	23,925622	26,860841	23,957918	24,211574	-2,910261	1,251018	0,977928	239504,572050	-0,195193	0,000630	1,871510	0,615731	2,036848	-0,124489	-0,124488	0,000000	3,122906	0,519439	0,400574
230,600000	7,792866	7,824353	0,443653	0,094600	2,102916	-12796,534337	-10941,419759	-2985,686730	-11917,031449	-12364,133996	8,805044	68,902523	23,432787	23,924865	26,861403	23,957846	24,218782	-2,910605	1,249643	0,978385	239513,450134	-0,194983	0,000801	1,886568	0,615589	2,035073	-0,124485	-0,124484	0,000000	3,122369	0,517914	0,400505
230,800000	7,793317	7,823721	0,446944	0,094013	2,099576	-12790,258997	-10941,962946	-2985,682404	-11912,616424	-12359,718971	8,803549	68,886277	23,430799	23,924454	26,855799	23,962769	24,223116	-2,910564	1,249672	0,977903	239523,708459	-0,195425	0,000800	1,864705	0,615253	2,034625	-0,124482	-0,124482	0,000000	3,121948	0,516407	0,400451
231,000000	7,793480	7,823345	0,450499	0,094721	2,099518	-12786,334161	-10942,118280	-2985,464578	-11907,157925	-12354,260472	8,802013	68,885162	23,430771	23,925031	26,853857	23,969263	24,223997	-2,910232	1,250888	0,977483	239519,185846	-0,195703	0,000551	1,845193	0,615526	2,036548	-0,124483	-0,124484	0,000000	3,121919	0,515344	0,400447
231,200000	7,793189	7,823559	0,455340	0,095526	2,099473	-12783,359209	-10941,421971	-2985,386747	-11910,226482	-12357,329029	8,800380	68,899601	23,428264	23,924072	26,860574	23,970350	24,222989	-2,910098	1,252776	0,977798	239496,182051	-0,195486	0,000367	1,858989	0,616516	2,038020	-0,124491	-0,124487	0,000000	3,122293	0,514480	0,400495
231,400000	7,793035	7,823588	0,460289	0,095282	2,097603	-12792,195054	-10941,137679	-2985,232511	-11922,674888	-12369,777435	8,798776	68,909336	23,423568	23,921174	26,868324	23,962592	24,221561	-2,910174	1,253547	0,977653	239470,590463	-0,195002	0,000309	1,849510	0,617442	2,037905	-0,124501	-0,124488	0,000000	3,122545	0,513526	0,400527
231,600000	7,793313	7,823178	0,462740	0,093962	2,108599	-12804,354216	-10941,168325	-2984,930329	-11940,058492	-12387,161039	8,797119	68,897380	23,422538	23,919577	26,867466	23,952651	24,222359	-2,910203	1,252822	0,977284	239445,137795	-0,194744	0,000370	1,818003	0,617986	2,037036	-0,124503	-0,124482	0,000000	3,122235	0,513094	0,400488
231,800000	7,793206	7,822874	0,463025	0,093205	2,127474	-12806,524634	-10940,805393	-2985,170550	-11956,883482	-12403,986028	8,795395	68,860679	23,427794	23,920219	26,859609	23,949940	24,224148	-2,910251	1,251996	0,977796	239420,229274	-0,195139	0,000597	1,833888	0,618023	2,034999	-0,124493	-0,124475	0,000000	3,121285	0,512993	0,400366
232,000000	7,792353	7,822609	0,463918	0,093650	2,135417	-12805,238813	-10940,963825	-2985,538392	-11966,422433	-12413,524980	8,793806	68,791434	23,433042	23,921371	26,853211	23,955382	24,223665	-2,910544	1,251282	0,978262	239416,585372	-0,195015	0,000622	1,878765	0,617666	2,034024	-0,124486	-0,124478	0,000000	3,119491	0,512355	0,400136
232,200000	7,791653	7,822349	0,466548	0,093530	2,138057	-12808,039505	-10941,932798	-2985,615302	-11969,877195	-12416,979742	8,792303	68,710083	23,432870	23,922707	26,854606	23,960958	24,224059	-2,910667	1,251179	0,977720	239420,652132	-0,194237	0,000456	1,897907	0,617326	2,035527	-0,124486	-0,124481	0,000000	3,117382	0,511139	0,399865
232,400000	7,791696	7,822253	0,469747	0,093063	2,137220	-12814,166484	-10942,468819	-2985,821404	-11976,810014	-12423,912561	8,790624	68,674229	23,429585	23,924409	26,863586	23,961492	24,226962	-2,910457	1,251809	0,977324	239399,055943	-0,194107	0,000540	1,938494	0,616990	2,037589	-0,124487	-0,124481	0,000000	3,116453	0,509755	0,399746
232,600000	7,792191	7,822096	0,471669	0,093278	2,130669	-12816,955229	-10941,194702	-2986,021960	-11990,029386	-12437,131933	8,788756	68,680640	23,425449	23,923178	26,873759	23,959426	24,230267	-2,910268	1,252294	0,977891	239360,818723	-0,194653	0,000759	2,012676	0,616449	2,037787	-0,124491	-0,124484	0,000000	3,116619	0,508654	0,399767
232,800000	7,792595	7,821805	0,471829	0,093293	2,125855	-12810,560236	-10939,707519	-2985,879136	-12001,170774	-12448,273321	8,787113	68,695028	23,423208	23,919045	26,874616	23,958308	24,231832	-2,910187	1,252488	0,978082	239338,758131	-0,195570	0,000734	2,052558	0,615948	2,035906	-0,124494	-0,124485	0,000000	3,116992	0,508176	0,399815
233,000000	7,792710	7,821698	0,471652	0,093128	2,121017	-12800,763249	-10939,849620	-2985,561787	-12001,426403	-12448,528950	8,785754	68,717353	23,427270	23,917876	26,865343	23,959085	24,227564	-2,910277	1,252342	0,977511	239360,353001	-0,196783	0,000490	2,017363	0,615657	2,033726	-0,124495	-0,124482	0,000000	3,117571	0,507978	0,399889
233,200000	7,792374	7,821735	0,471193	0,093375	2,123581	-12789,859748	-10940,821589	-2985,391686	-11993,586824	-12440,689370	8,784184	68,699096	23,437688	23,921162	26,856500	23,961658	24,218682	-2,910602	1,251962	0,977230	239391,124342	-0,197188	0,000363	1,899493	0,615456	2,032371	-0,124493	-0,124484	0,000000	3,117098	0,507952	0,399829
233,400000	7,791464	7,821675	0,468246	0,093809	2,134879	-12765,310889	-10941,322140	-2985,451142	-11982,523675	-12429,626221	8,782430	68,614976	23,445516	23,924392	26,854836	23,962951	24,215333	-2,910829	1,251978	0,977344	239393,108784	-0,196088	0,000479	1,790152	0,615325	2,032218	-0,124487	-0,124492	0,000000	3,114916	0,508851	0,399549
233,600000	7,790480	7,821458	0,462705	0,094318	2,136169	-12722,563078	-10940,821212	-2985,495955	-11970,265014	-12417,367560	8,780836	68,550971	23,442056	23,924396	26,859137	23,960402	24,222493	-2,910656	1,252187	0,977898	239398,880478	-0,194641	0,000656	1,729372	0,614903	2,032312	-0,124480	-0,124497	0,000000	3,113255	0,510424	0,399336
233,800000	7,790456	7,821121	0,457708	0,093989	2,128292	-12680,262353	-10940,288312	-2985,302355	-11961,450498	-12408,553045	8,779243	68,550929	23,433532	23,922274	26,864522	23,959649	24,232605	-2,910328	1,252809	0,978589	239414,753759	-0,194155	0,000713	1,665947	0,613586	2,031825	-0,124475	-0,124492	0,000000	3,113254	0,511071	0,399336
234,000000	7,791326	7,820849	0,455690	0,092787	2,119513	-12662,431400	-10940,529657	-2985,036963	-11956,366542	-12403,469089	8,777582	68,574036	23,430664	23,920466	26,866329	23,964384	24,235768	-2,910093	1,253248	0,978271	239413,137557	-0,194520	0,000629	1,653684	0,612000	2,031317	-0,124474	-0,124483	0,000000	3,113854	0,510447	0,399413
234,200000	7,791642	7,820648	0,455715	0,092943	2,108872	-12667,214529	-10941,236560	-2985,104256	-11949,557381	-12396,659927	8,775924	68,594023	23,433853	23,920195	26,864989	23,969467	24,229273	-2,910083	1,252220	0,977356	239408,953294	-0,195399	0,000526	1,676011	0,611407	2,031106	-0,124479	-0,124480	0,000000	3,114372	0,509931	0,399479
234,400000	7,791222	7,820494	0,453832	0,094354	2,098748	-12668,199895	-10941,388865	-2985,235461	-11938,006840	-12385,109387	8,774303	68,611150	23,438946	23,921162	26,865014	23,971428	24,218125	-2,910424	1,252159	0,977243	239410,863426	-0,196022	0,000531	1,682377	0,612009	2,031563	-0,124484	-0,124484	0,000000	3,114817	0,511084	0,399536
234,600000	7,790762	7,820417	0,449045	0,094553	2,093543	-12649,639558	-10940,391335	-2985,247895	-11925,516992	-12372,619539	8,772853	68,621892	23,444086	23,922600	26,865384	23,969348	24,211177	-2,910752	1,253094	0,977769	239404,411440	-0,195887	0,000562	1,720853	0,613395	2,032663	-0,124485	-0,124487	0,000000	3,115095	0,513927	0,399572
234,800000	7,790440	7,820325	0,444201	0,093732	2,096584	-12625,988156	-10940,071521	-2985,267651	-11918,903459	-12366,006005	8,771428	68,619346	23,446505	23,923680	26,866207	23,964004	24,213382	-2,910714	1,252895	0,977631	239397,528260	-0,195571	0,000588	1,775476	0,614874	2,033095	-0,124485	-0,124483	0,000000	3,115029	0,516890	0,399563
235,000000	7,790428	7,820371	0,441630	0,093992	2,099896	-12619,518644	-10941,072868	-2985,142996	-11919,995181	-12367,097728	8,769992	68,613010	23,443303	23,923850	26,867997	23,962647	24,220513	-2,910530	1,253166	0,976954	239393,004600	-0,195400	0,000864	1,830106	0,615755	2,033132	-0,124485	-0,124478	0,000000	3,114865	0,518559	0,399542
235,200000	7,790440	7,820465	0,442043	0,094824	2,096045	-12634,218876	-10941,770408	-2985,085927	-11920,746807	-12367,849353	8,768532	68,613616	23,438033	23,923614	26,867822	23,969819	24,224780	-2,910500	1,253600	0,977067	239388,981552	-0,195342	0,001204	1,867041	0,615915	2,033406	-0,124483	-0,124482	0,000000	3,114881	0,518551	0,399544
235,400000	7,790186	7,820180	0,441848	0,094371	2,097177	-12646,534923	-10941,393819	-2984,963334	-11914,183732	-12361,286279	8,766738	68,619264	23,437047	23,923133	26,866476	23,979809	24,221848	-2,910643	1,253265	0,977585	239393,994374	-0,194898	0,001041	1,862723	0,615761	2,034136	-0,124482	-0,124492	0,000000	3,115027	0,518473	0,399563
235,600000	7,790029	7,819760	0,437682	0,094039	2,101794	-12636,473843	-10940,267027	-2984,708826	-11905,397971	-12352,500517	8,764870	68,650699	23,440611	23,922706	26,864901	23,983804	24,215881	-2,910688	1,253717	0,977497	239408,398283	-0,193967	0,000620	1,837059	0,615752	2,036039	-0,124480	-0,124498	0,000000	3,115843	0,519943	0,399668
235,800000	7,790092	7,819812	0,430566	0,095358	2,095689	-12616,925398	-10939,713274	-2984,797658	-11904,573959	-12351,676506	8,763261	68,701521	23,443305	23,923228	26,866513	23,978886	24,213020	-2,910559	1,254256	0,976967	239420,017562	-0,193327	0,000448	1,802938	0,616130	2,037429	-0,124484	-0,124495	0,000000	3,117160	0,522856	0,399837
236,000000	7,789965	7,820021	0,421840	0,095916	2,087810	-12596,658909	-10940,251191	-2985,117725	-11912,908114	-12360,010660	8,761633	68,727056	23,441709	23,922810	26,871582	23,969446	24,212099	-2,910556	1,253945	0,976555	239435,507927	-0,193676	0,000451	1,842323	0,616845	2,037037	-0,124493	-0,124491	0,000000	3,117822	0,526698	0,399922
236,200000	7,789636	7,819824	0,413331	0,094464	2,078908	-12576,249397	-10940,675870	-2985,250227	-11921,803207	-12368,905754	8,759967	68,733908	23,439493	23,920920	26,872037	23,962403	24,212599	-2,910665	1,253589	0,976620	239461,541021	-0,194409	0,000596	1,944610	0,617454	2,035250	-0,124495	-0,124486	0,000000	3,118000	0,530386	0,399944
236,400000	7,789420	7,819352	0,408201	0,093374	2,061701	-12568,513935	-10940,811377	-2985,117663	-11924,535673	-12371,638220	8,758425	68,735522	23,441570	23,921326	26,865301	23,963510	24,215084	-2,910659	1,253109	0,977023	239468,288128	-0,194342	0,000841	1,963675	0,617774	2,034430	-0,124487	-0,124481	0,000000	3,118042	0,532554	0,399950
236,600000	7,789260	7,818972	0,407618	0,094196	2,045600	-12580,217779	-10941,629612	-2984,782151	-11923,642233	-12370,744780	8,756887	68,738282	23,444758	23,924131	26,862412	23,972635	24,216189	-2,910634	1,252841	0,976922	239454,147124	-0,194001	0,000890	1,919453	0,618179	2,035158	-0,124481	-0,124482	0,000000	3,118113	0,533090	0,399959
236,800000	7,788952	7,819086	0,407426	0,095811	2,032712	-12603,122049	-10942,867090	-2984,468488	-11922,673090	-12369,775636	8,755302	68,782036	23,442809	23,925592	26,868833	23,980788	24,214348	-2,910751	1,253173	0,976188	239450,471632	-0,193895	0,000691	1,923284	0,619026	2,036069	-0,124482	-0,124490	0,000000	3,119247	0,533909	0,400104
237,000000	7,788657	7,819289	0,402346	0,096708	2,030180	-12613,737964	-10943,563107	-2984,674194	-11921,693012	-12368,795559	8,753703	68,866247	23,436921	23,924404	26,876806	23,978906	24,213243	-2,910630	1,253500	0,976145	239460,061212	-0,193926	0,000562	1,976835	0,620315	2,038206	-0,124488	-0,124495	0,000000	3,121429	0,536989	0,400384
237,200000	7,788845	7,818943	0,395284	0,096517	2,041146	-12599,625261	-10943,582066	-2985,278517	-11927,120027	-12374,222573	8,751974	68,922010	23,432712	23,922454	26,881171	23,970832	24,213855	-2,910199	1,253716	0,977248	239470,012241	-0,194908	0,000724	2,020273	0,621483	2,039392	-0,124493	-0,124490	0,000000	3,122873	0,540714	0,400570
237,400000	7,789126	7,818495	0,391536	0,095660	2,046353	-12589,387084	-10942,408611	-2985,521216	-11938,809553	-12385,912100	8,750182	68,917567	23,432085	23,921204	26,878046	23,966139	24,211477	-2,910088	1,253566	0,978208	239486,489217	-0,196194	0,000856	1,994744	0,621977	2,037706	-0,124495	-0,124482	0,000000	3,122758	0,542571	0,400555
237,600000	7,788597	7,818425	0,387924	0,095009	2,044648	-12592,932696	-10940,601949	-2985,201673	-11942,257298	-12389,359845	8,748595	68,893508	23,434720	23,921896	26,870203	23,965358	24,207222	-2,910266	1,252916	0,978122	239498,578630	-0,195907	0,000657	1,903663	0,621563	2,035488	-0,124493	-0,124483	0,000000	3,122135	0,543602	0,400475
237,800000	7,787728	7,818616	0,381156	0,094906	2,042514	-12586,570679	-10940,470267	-2984,694943	-11934,343141	-12381,445688	8,747121	68,897203	23,438388	23,925346	26,867152	23,965423	24,206413	-2,910402	1,252395	0,977406	239498,112135	-0,194054	0,000573	1,836375	0,620196	2,035149	-0,124490	-0,124489	0,000000	3,122231	0,545065	0,400487
238,000000	7,787510	7,818714	0,375079	0,095067	2,032947	-12576,418632	-10942,034467	-2984,529738	-11929,658453	-12376,761000	8,745680	68,940894	23,437002	23,928151	26,870680	23,965156	24,210328	-2,910510	1,252337	0,976385	239500,643603	-0,192945	0,000704	1,886720	0,618484	2,036745	-0,124487	-0,124490	0,000000	3,123362	0,545971	0,400632
238,200000	7,787713	7,818573	0,374153	0,095026	2,017168	-12579,479837	-10942,632889	-2985,039975	-11931,824556	-12378,927103	8,744344	68,988450	23,428804	23,926937	26,877012	23,963575	24,217967	-2,910478	1,252516	0,975830	239502,750985	-0,193902	0,000571	1,979330	0,617221	2,038211	-0,124485	-0,124491	0,000000	3,124593	0,545229	0,400790
238,400000	7,787977	7,818384	0,378869	0,094797	2,003397	-12600,991541	-10941,589413	-2985,563439	-11933,108045	-12380,210591	8,742850	68,996226	23,419950	23,923469	26,883230	23,961819	24,226284	-2,910266	1,251964	0,976375	239500,744554	-0,194847	0,000314	1,935032	0,616492	2,037981	-0,124483	-0,124491	0,000000	3,124794	0,542728	0,400816
238,600000	7,788076	7,818105	0,385322	0,094310	1,998100	-12638,350268	-10940,944691	-2985,581205	-11934,510313	-12381,612860	8,740999	68,979700	23,418375	23,921402	26,884876	23,961349	24,227175	-2,910181	1,250913	0,977151	239501,466000	-0,194930	0,000311	1,820823	0,615478	2,036866	-0,124485	-0,124487	0,000000	3,124367	0,539300	0,400761
238,800000	7,787803	7,817727	0,389317	0,093337	2,001028	-12677,065320	-10941,727051	-2985,591361	-11938,582015	-12385,684562	8,739221	68,973617	23,424761	23,921184	26,878507	23,960014	24,219185	-2,910365	1,251195	0,977400	239506,661619	-0,195462	0,000414	1,845010	0,614058	2,036135	-0,124490	-0,124484	0,000000	3,124209	0,536473	0,400741
239,000000	7,787304	7,817522	0,390849	0,093481	2,011042	-12706,322987	-10942,218428	-2985,598948	-11944,164247	-12391,266794	8,737958	68,980688	23,431100	23,921768	26,870123	23,955805	24,213387	-2,910588	1,251883	0,977284	239530,329862	-0,195951	0,000447	2,014846	0,613466	2,035582	-0,124490	-0,124484	0,000000	3,124392	0,535337	0,400764
239,200000	7,786825	7,817535	0,392668	0,094784	2,034880	-12724,787898	-10941,277088	-2985,560826	-11949,728836	-12396,831383	8,736821	69,013673	23,431670	23,922538	26,867732	23,950998	24,215694	-2,910570	1,251449	0,977109	239561,986443	-0,195956	0,000508	2,154815	0,613980	2,035363	-0,124490	-0,124481	0,000000	3,125246	0,535081	0,400874
239,400000	7,786869	7,817472	0,396374	0,094367	2,060818	-12738,154208	-10940,262072	-2985,492951	-11953,003184	-12400,105730	8,735202	69,060663	23,426940	23,921853	26,869854	23,948299	24,223607	-2,910286	1,251750	0,976956	239560,745517	-0,195485	0,000551	2,114025	0,614776	2,035396	-0,124492	-0,124477	0,000000	3,126462	0,534353	0,401030
239,600000	7,787338	7,817167	0,401218	0,092674	2,070880	-12751,234183	-10940,258889	-2985,198136	-11952,772579	-12399,875126	8,733301	69,088706	23,420611	23,920581	26,870253	23,950286	24,233637	-2,910075	1,252553	0,977128	239537,382664	-0,194746	0,000519	1,965720	0,615452	2,035078	-0,124491	-0,124472	0,000000	3,127187	0,533075	0,401123
239,800000	7,787585	7,816777	0,406120	0,092812	2,073738	-12762,417504	-10940,996820	-2985,148407	-11948,810814	-12395,913361	8,731532	69,108551	23,417695	23,920869	26,865763	23,956976	24,240402	-2,910064	1,252576	0,977481	239530,868847	-0,195081	0,000556	1,890729	0,615910	2,034457	-0,124489	-0,124468	0,000000	3,127700	0,531579	0,401189
240,000000	7,787519	7,816379	0,410060	0,094299	2,070313	-12766,728520	-10941,335771	-2985,426601	-11938,316046	-12385,418593	8,729878	69,123833	23,420244	23,921146	26,859558	23,963581	24,237682	-2,910077	1,252618	0,977864	239552,267855	-0,196185	0,000649	1,905207	0,616399	2,034390	-0,124490	-0,124470	0,000000	3,128095	0,530478	0,401239
240,200000	7,787453	7,816110	0,412868	0,094867	2,056016	-12763,015654	-10941,154920	-2985,427145	-11925,430068	-12372,532615	8,728370	69,104502	23,424575	23,920815	26,855933	23,964108	24,227988	-2,910104	1,252506	0,978463	239578,264608	-0,196519	0,000600	1,912930	0,617029	2,034534	-0,124492	-0,124477	0,000000	3,127595	0,529943	0,401175
240,400000	7,787150	7,816073	0,414739	0,095300	2,045565	-12757,004569	-10940,305579	-2985,334717	-11922,215158	-12369,317705	8,727001	69,033585	23,425854	23,921435	26,854615	23,957212	24,222449	-2,910111	1,252190	0,978567	239588,735498	-0,196122	0,000378	1,907557	0,616949	2,034440	-0,124493	-0,124478	0,000000	3,125761	0,529167	0,400940
240,600000	7,786631	7,816088	0,416020	0,095767	2,043032	-12751,830216	-10938,786316	-2985,460288	-11928,806536	-12375,909083	8,725519	68,959452	23,423944	23,922600	26,854006	23,949687	24,224627	-2,910041	1,252012	0,978179	239600,834024	-0,195550	0,000357	1,914816	0,615774	2,034223	-0,124493	-0,124473	0,000000	3,123842	0,527679	0,400694
240,800000	7,786447	7,816125	0,417233	0,094566	2,049818	-12749,150546	-10938,220994	-2985,450950	-11936,247861	-12383,350408	8,723793	68,939573	23,422096	23,922998	26,851881	23,949259	24,228216	-2,910164	1,252235	0,978448	239611,824748	-0,195254	0,000650	1,941423	0,614644	2,032794	-0,124489	-0,124473	0,000000	3,123328	0,526257	0,400628
241,000000	7,786585	7,815880	0,417769	0,093496	2,065916	-12751,472407	-10939,225903	-2985,317020	-11940,580970	-12387,683517	8,722110	68,947821	23,423983	23,922352	26,848590	23,956656	24,229538	-2,910469	1,252489	0,979067	239594,503760	-0,195963	0,000845	1,974184	0,614497	2,031594	-0,124479	-0,124478	0,000000	3,123541	0,525913	0,400655
241,200000	7,786746	7,815281	0,418345	0,094433	2,075586	-12757,009131	-10940,402016	-2985,039090	-11940,448568	-12387,551115	8,720493	68,956278	23,429410	23,922953	26,846318	23,967052	24,228627	-2,910587	1,252635	0,979058	239566,624172	-0,196439	0,000679	1,944187	0,614946	2,032209	-0,124473	-0,124481	0,000000	3,123760	0,526043	0,400683
241,400000	7,786567	7,814981	0,421041	0,095376	2,080479	-12758,224148	-10941,026750	-2984,612888	-11936,724131	-12383,826678	8,718781	68,957311	23,432729	23,924580	26,846091	23,974308	24,225213	-2,910613	1,253857	0,978486	239553,027683	-0,195394	0,000237	1,905005	0,615335	2,034112	-0,124478	-0,124486	0,000000	3,123787	0,525355	0,400687
241,600000	7,786180	7,815057	0,426659	0,095257	2,085799	-12759,403042	-10941,290897	-2984,694288	-11933,843500	-12380,946047	8,717280	68,915907	23,431507	23,923244	26,849754	23,972836	24,220477	-2,910653	1,254845	0,977780	239555,127210	-0,194336	-0,000121	1,934406	0,615556	2,035255	-0,124485	-0,124491	0,000000	3,122715	0,523487	0,400549
241,800000	7,786249	7,815145	0,433501	0,095019	2,084373	-12775,504575	-10940,782381	-2984,928847	-11936,222017	-12383,324564	8,715971	68,851214	23,431108	23,920591	26,850015	23,964641	24,216934	-2,910619	1,254430	0,977043	239555,766227	-0,194024	-5,426513E-5	1,954830	0,615838	2,034376	-0,124487	-0,124491	0,000000	3,121040	0,521237	0,400334
242,000000	7,786646	7,815078	0,439439	0,094871	2,081947	-12798,052804	-10940,273776	-2984,819727	-11942,261942	-12389,364489	8,714454	68,827254	23,436852	23,920466	26,840948	23,958950	24,216360	-2,910669	1,254132	0,976833	239522,581067	-0,194151	0,000395	1,947269	0,616297	2,032870	-0,124484	-0,124488	0,000000	3,120419	0,519452	0,400255
242,200000	7,786377	7,814872	0,444345	0,094759	2,086189	-12816,322074	-10940,595678	-2984,891970	-11945,846805	-12392,949351	8,712742	68,848935	23,446142	23,921078	26,834165	23,961515	24,215248	-2,910808	1,253631	0,977418	239471,058158	-0,195169	0,000760	1,953185	0,616685	2,031508	-0,124478	-0,124485	0,000000	3,120981	0,517988	0,400327
242,400000	7,785577	7,814785	0,449041	0,094783	2,094748	-12834,391696	-10941,734709	-2984,930577	-11948,354854	-12395,457401	8,711048	68,871323	23,449610	23,921004	26,838238	23,969469	24,212453	-2,910845	1,252634	0,977538	239442,202067	-0,196034	0,000701	1,883926	0,616860	2,031581	-0,124475	-0,124483	0,000000	3,121561	0,516458	0,400401
242,600000	7,785186	7,814958	0,455077	0,095137	2,102589	-12852,258360	-10943,148153	-2984,941490	-11955,282953	-12402,385500	8,709402	68,848390	23,444466	23,923459	26,846978	23,975061	24,213640	-2,910807	1,252719	0,976605	239422,418468	-0,195890	0,000472	1,746408	0,616858	2,033468	-0,124482	-0,124484	0,000000	3,120967	0,514333	0,400325
242,800000	7,785052	7,815185	0,462163	0,095653	2,110214	-12873,707821	-10942,993758	-2985,356332	-11968,128943	-12415,231490	8,707889	68,776246	23,438167	23,925626	26,854061	23,974203	24,216674	-2,910733	1,252967	0,975659	239396,392366	-0,195818	0,000457	1,732788	0,616648	2,035420	-0,124491	-0,124488	0,000000	3,119097	0,511686	0,400085
243,000000	7,784929	7,815182	0,466899	0,096056	2,125795	-12890,761373	-10941,487163	-2985,581304	-11983,325149	-12430,427695	8,706622	68,704795	23,435465	23,922219	26,859665	23,970629	24,217710	-2,910578	1,252288	0,975783	239396,933883	-0,195858	0,000569	1,840784	0,616566	2,035643	-0,124493	-0,124489	0,000000	3,117245	0,509982	0,399848
243,200000	7,784925	7,814840	0,468320	0,096164	2,141175	-12885,734050	-10940,276793	-2985,392909	-11992,062893	-12439,165440	8,705369	68,683113	23,436113	23,918389	26,859364	23,967924	24,217343	-2,910437	1,252529	0,976733	239413,497495	-0,196117	0,000660	1,898317	0,616809	2,034295	-0,124489	-0,124485	0,000000	3,116683	0,509675	0,399776
243,400000	7,784617	7,814258	0,469091	0,095812	2,143202	-12871,321896	-10940,113695	-2985,063951	-11992,342501	-12439,445048	8,703780	68,713196	23,439856	23,919923	26,850866	23,965972	24,212377	-2,910477	1,253276	0,977162	239410,593123	-0,196499	0,000640	1,917831	0,616992	2,033468	-0,124486	-0,124483	0,000000	3,117463	0,509508	0,399876
243,600000	7,783647	7,813945	0,471726	0,095584	2,141865	-12868,994461	-10941,617947	-2984,760566	-11991,333530	-12438,436076	8,702040	68,726148	23,445193	23,924535	26,844266	23,966558	24,204739	-2,910661	1,253776	0,976743	239390,378977	-0,195829	0,000528	1,954814	0,617007	2,034386	-0,124486	-0,124486	0,000000	3,117799	0,508570	0,399919
243,800000	7,782742	7,814230	0,476831	0,096067	2,138796	-12874,051861	-10942,818044	-2985,017684	-11993,051675	-12440,154222	8,700506	68,636854	23,446084	23,926970	26,846861	23,967148	24,205411	-2,910805	1,254380	0,976041	239370,266535	-0,195226	0,000593	1,913568	0,617084	2,036213	-0,124485	-0,124488	0,000000	3,115483	0,506891	0,399622
244,000000	7,782685	7,814670	0,482246	0,096654	2,129417	-12879,975851	-10942,300049	-2985,618364	-11998,881560	-12445,984106	8,699108	68,472335	23,438691	23,925962	26,856426	23,965523	24,217087	-2,910709	1,253895	0,975479	239356,009262	-0,195607	0,000615	1,823921	0,616890	2,037501	-0,124485	-0,124488	0,000000	3,111214	0,504923	0,399074
244,200000	7,783110	7,814807	0,484722	0,096094	2,127906	-12879,414929	-10941,209789	-2985,553589	-12007,310202	-12454,412749	8,697488	68,355862	23,429611	23,923876	26,865605	23,966553	24,227676	-2,910413	1,253034	0,976007	239336,584539	-0,195472	0,000476	1,775493	0,616199	2,037701	-0,124487	-0,124490	0,000000	3,108189	0,503543	0,398686
244,400000	7,783406	7,814556	0,485981	0,095393	2,135701	-12863,078599	-10940,331182	-2984,915459	-12009,475344	-12456,577891	8,695760	68,324218	23,427205	23,923008	26,868093	23,969563	24,228238	-2,910323	1,253139	0,977248	239325,493740	-0,194582	0,000445	1,760085	0,615404	2,037226	-0,124488	-0,124494	0,000000	3,107366	0,502458	0,398581
244,600000	7,783369	7,814099	0,489487	0,096051	2,148496	-12846,140109	-10940,443077	-2984,598954	-11999,513190	-12446,615736	8,694226	68,333915	23,430188	23,923752	26,866556	23,969852	24,220738	-2,910551	1,253694	0,977683	239328,225518	-0,194420	0,000469	1,810132	0,614877	2,037369	-0,124489	-0,124494	0,000000	3,107618	0,500816	0,398613
244,800000	7,783055	7,813683	0,492832	0,096490	2,165398	-12833,033492	-10941,540891	-2984,695947	-11982,660040	-12429,762586	8,692714	68,358143	23,433074	23,924776	26,866739	23,966048	24,211516	-2,910852	1,254062	0,977546	239326,343627	-0,195387	0,000577	1,917761	0,614968	2,038241	-0,124493	-0,124490	0,000000	3,108248	0,499742	0,398694
245,000000	7,782915	7,813437	0,494858	0,095537	2,171590	-12810,236444	-10942,349756	-2984,910551	-11967,560362	-12414,662909	8,691202	68,372045	23,433748	23,925021	26,868461	23,958880	24,209011	-2,910888	1,254270	0,977439	239335,472149	-0,196248	0,000742	1,982148	0,615547	2,038777	-0,124495	-0,124489	0,000000	3,108609	0,499523	0,398740
245,200000	7,783386	7,813486	0,497810	0,094953	2,169494	-12783,354594	-10942,602057	-2985,170891	-11953,076133	-12400,178680	8,689701	68,379920	23,431726	23,924077	26,872003	23,951761	24,215197	-2,910561	1,254566	0,977135	239348,603880	-0,196121	0,000707	1,901970	0,616106	2,038291	-0,124495	-0,124486	0,000000	3,108814	0,499001	0,398766
245,400000	7,783716	7,813787	0,501685	0,095207	2,168801	-12758,760575	-10942,622293	-2985,527285	-11935,052037	-12382,154583	8,688150	68,393985	23,426814	23,923050	26,877388	23,952279	24,222647	-2,910346	1,254104	0,977302	239330,460121	-0,195473	0,000644	1,743877	0,616251	2,036937	-0,124494	-0,124480	0,000000	3,109179	0,497858	0,398813
245,600000	7,783385	7,813965	0,505426	0,095210	2,164883	-12747,141123	-10941,581256	-2985,559888	-11921,993115	-12369,095662	8,686708	68,400603	23,422460	23,922663	26,880236	23,961822	24,226121	-2,910424	1,252981	0,978021	239296,189877	-0,195074	0,000681	1,654671	0,615834	2,035843	-0,124490	-0,124482	0,000000	3,109351	0,496299	0,398835
245,800000	7,782961	7,813811	0,507901	0,094948	2,163036	-12753,895383	-10940,657536	-2985,192620	-11923,048460	-12370,151007	8,685403	68,397812	23,422597	23,922888	26,882976	23,969099	24,224590	-2,910444	1,253119	0,977844	239264,865504	-0,195334	0,000560	1,648298	0,615139	2,035895	-0,124482	-0,124489	0,000000	3,109279	0,494920	0,398826
246,000000	7,782667	7,813548	0,509200	0,094893	2,168830	-12766,686722	-10940,182561	-2985,117298	-11941,704412	-12388,806959	8,683907	68,386887	23,423780	23,923669	26,888582	23,967387	24,220891	-2,910312	1,253581	0,977024	239252,184814	-0,195771	0,000388	1,723686	0,614498	2,036497	-0,124481	-0,124490	0,000000	3,108995	0,493972	0,398789
246,200000	7,782556	7,813376	0,510301	0,095253	2,176765	-12784,252571	-10938,673033	-2985,124815	-11973,002350	-12420,104897	8,682047	68,338495	23,422281	23,924106	26,892026	23,958451	24,219522	-2,910261	1,253376	0,976892	239253,333913	-0,195463	0,000407	1,851485	0,614044	2,036250	-0,124491	-0,124486	0,000000	3,107737	0,493242	0,398628
246,400000	7,782488	7,813099	0,510463	0,094822	2,180772	-12794,706145	-10938,745797	-2985,113114	-11998,498606	-12445,601153	8,680211	68,258182	23,419912	23,921987	26,890862	23,947846	24,220703	-2,910371	1,253495	0,977128	239235,858079	-0,194948	0,000523	1,900806	0,613756	2,035314	-0,124495	-0,124483	0,000000	3,105650	0,492944	0,398360
246,600000	7,782209	7,812526	0,508865	0,093374	2,180523	-12786,850118	-10940,856493	-2985,452051	-12010,193320	-12457,295867	8,678800	68,212840	23,419983	23,919109	26,886501	23,944966	24,224166	-2,910465	1,253160	0,977150	239223,473291	-0,195323	0,000562	1,854675	0,613532	2,033859	-0,124490	-0,124479	0,000000	3,104471	0,493252	0,398209
246,800000	7,781921	7,812024	0,505782	0,092857	2,182222	-12773,373767	-10941,710285	-2985,663439	-12013,676021	-12460,778567	8,677453	68,214814	23,424520	23,920694	26,883073	23,951364	24,227596	-2,910522	1,252329	0,977174	239229,669607	-0,195837	0,000444	1,802174	0,613721	2,032407	-0,124485	-0,124476	0,000000	3,104522	0,494378	0,398216
247,000000	7,781866	7,812087	0,502203	0,093621	2,180457	-12756,576129	-10941,508635	-2985,439141	-12009,753955	-12456,856502	8,675681	68,232712	23,428984	23,923861	26,884478	23,959395	24,227456	-2,910582	1,252471	0,976967	239211,321320	-0,195409	0,000304	1,754128	0,614298	2,032383	-0,124483	-0,124477	0,000000	3,104988	0,496023	0,398275
247,200000	7,781881	7,812626	0,499667	0,093868	2,168885	-12733,363147	-10941,567705	-2985,227660	-11995,901406	-12443,003952	8,673935	68,247667	23,426225	23,923716	26,892090	23,961898	24,226066	-2,910512	1,252912	0,976485	239179,142901	-0,194835	0,000339	1,737390	0,614497	2,033786	-0,124483	-0,124478	0,000000	3,105377	0,497067	0,398325
247,400000	7,781891	7,812823	0,497982	0,093228	2,160714	-12712,187586	-10941,792942	-2985,411040	-11977,535606	-12424,638152	8,672568	68,259139	23,419057	23,921413	26,902964	23,956605	24,228262	-2,910240	1,252556	0,976341	239178,595733	-0,195079	0,000429	1,765601	0,613981	2,035781	-0,124485	-0,124481	0,000000	3,105675	0,497241	0,398364
247,600000	7,782141	7,812386	0,495080	0,092853	2,157955	-12691,956829	-10940,898317	-2985,535170	-11969,100633	-12416,203179	8,671249	68,294462	23,416585	23,919831	26,907871	23,949939	24,231813	-2,910050	1,252696	0,976753	239193,224703	-0,195539	0,000511	1,784269	0,613114	2,035782	-0,124487	-0,124481	0,000000	3,106593	0,497489	0,398481
247,800000	7,782362	7,811917	0,490200	0,092880	2,150774	-12667,907307	-10938,855103	-2985,287728	-11969,061599	-12416,164145	8,669778	68,335074	23,421256	23,919542	26,903145	23,948089	24,229733	-2,910184	1,253191	0,977445	239187,629177	-0,195416	0,000663	1,789929	0,612765	2,033351	-0,124489	-0,124477	0,000000	3,107649	0,498801	0,398617
248,000000	7,782090	7,811626	0,483603	0,093035	2,146583	-12646,494980	-10938,552112	-2984,734501	-11963,703873	-12410,806420	8,668349	68,353332	23,429141	23,921370	26,893076	23,949923	24,223641	-2,910377	1,253137	0,977657	239178,181832	-0,194515	0,000795	1,809057	0,613019	2,031630	-0,124487	-0,124479	0,000000	3,108123	0,501191	0,398678
248,200000	7,781622	7,811375	0,474984	0,093264	2,145973	-12624,359013	-10940,206693	-2984,182974	-11953,139581	-12400,242128	8,667035	68,364849	23,435955	23,925601	26,886032	23,953729	24,220613	-2,910504	1,253239	0,977063	239179,159471	-0,193574	0,000810	1,834085	0,613186	2,032009	-0,124483	-0,124481	0,000000	3,108422	0,504224	0,398716
248,400000	7,781244	7,811194	0,467515	0,093801	2,142156	-12595,896927	-10941,209083	-2984,523750	-11942,491739	-12389,594286	8,665416	68,373497	23,436113	23,926567	26,889017	23,956582	24,223997	-2,910617	1,253390	0,976553	239163,566703	-0,194066	0,000691	1,844820	0,613219	2,033407	-0,124482	-0,124478	0,000000	3,108647	0,506813	0,398745
248,600000	7,780997	7,811131	0,465099	0,094119	2,136539	-12578,832953	-10941,073220	-2985,252933	-11934,274140	-12381,376687	8,663546	68,407405	23,427739	23,922644	26,895807	23,957696	24,231077	-2,910517	1,253709	0,976754	239144,834733	-0,195033	0,000578	1,848643	0,613617	2,034276	-0,124484	-0,124480	0,000000	3,109528	0,507993	0,398858
248,800000	7,781067	7,811038	0,463265	0,093713	2,123027	-12583,182086	-10940,188380	-2985,500948	-11930,228432	-12377,330979	8,661967	68,479508	23,420543	23,919370	26,896324	23,960455	24,234560	-2,910315	1,254221	0,977249	239144,092721	-0,195184	0,000619	1,843672	0,614526	2,034244	-0,124487	-0,124487	0,000000	3,111400	0,509384	0,399098
249,000000	7,781208	7,810635	0,455902	0,093459	2,108522	-12582,238676	-10939,550710	-2985,546145	-11927,845388	-12374,947934	8,660528	68,538296	23,423801	23,918805	26,890507	23,964368	24,229975	-2,910260	1,254112	0,977276	239151,191577	-0,195381	0,000721	1,854243	0,615223	2,033810	-0,124486	-0,124487	0,000000	3,112926	0,512510	0,399294
249,200000	7,781025	7,810128	0,445562	0,093867	2,102115	-12559,417493	-10939,861522	-2985,408491	-11925,329702	-12372,432248	8,659181	68,568228	23,433339	23,920262	26,884570	23,966767	24,220071	-2,910306	1,253732	0,976893	239160,924936	-0,195520	0,000716	1,834896	0,615208	2,033062	-0,124481	-0,124482	0,000000	3,113703	0,516122	0,399393
249,400000	7,780516	7,809764	0,437695	0,095253	2,093910	-12541,941822	-10940,425284	-2985,062875	-11923,885081	-12370,987628	8,657918	68,587491	23,439811	23,922575	26,882457	23,966406	24,212440	-2,910400	1,253926	0,976562	239161,108423	-0,195371	0,000568	1,736439	0,615025	2,032411	-0,124483	-0,124481	0,000000	3,114203	0,518764	0,399457
249,600000	7,779849	7,809474	0,432458	0,096625	2,086242	-12546,841314	-10941,546361	-2984,468218	-11923,455325	-12370,557871	8,656282	68,619213	23,438946	23,923421	26,883097	23,963130	24,211469	-2,910657	1,254720	0,976153	239158,309644	-0,195117	0,000416	1,723550	0,615547	2,032919	-0,124489	-0,124480	0,000000	3,115026	0,521085	0,399563
249,800000	7,779451	7,809506	0,428059	0,096363	2,083004	-12555,723061	-10942,561648	-2983,976312	-11927,301154	-12374,403700	8,654570	68,698519	23,434554	23,922378	26,883357	23,961163	24,215878	-2,910956	1,254915	0,976043	239164,649543	-0,194601	0,000433	1,844450	0,617017	2,033795	-0,124489	-0,124480	0,000000	3,117083	0,523944	0,399827
250,000000	7,779563	7,809614	0,424874	0,095419	2,076825	-12565,305579	-10942,164618	-2984,278084	-11935,976278	-12383,078825	8,653071	68,811322	23,433443	23,920588	26,882980	23,964800	24,221637	-2,910899	1,254180	0,976502	239166,333000	-0,194294	0,000540	1,903701	0,618629	2,033946	-0,124482	-0,124482	0,000000	3,120006	0,526496	0,400202
250,200000	7,779929	7,809398	0,423041	0,095537	2,067888	-12584,291047	-10941,953256	-2984,662850	-11940,321034	-12387,423581	8,651570	68,897244	23,435244	23,920243	26,884766	23,971986	24,221521	-2,910673	1,254352	0,976769	239161,692296	-0,194286	0,000438	1,860441	0,619535	2,034352	-0,124481	-0,124482	0,000000	3,122232	0,527938	0,400487
250,400000	7,780011	7,809202	0,422170	0,096340	2,061903	-12601,734363	-10942,972126	-2984,744276	-11935,491635	-12382,594182	8,650089	68,920144	23,437299	23,921793	26,885998	23,976882	24,211790	-2,910668	1,254300	0,976814	239168,944252	-0,194473	0,000320	1,843710	0,619691	2,035095	-0,124489	-0,124484	0,000000	3,122825	0,528383	0,400563
250,600000	7,779509	7,809216	0,420805	0,096974	2,065274	-12606,487197	-10942,947387	-2984,925355	-11925,488735	-12372,591282	8,648672	68,903366	23,439517	23,922748	26,884582	23,973994	24,200985	-2,910823	1,252969	0,977218	239193,149348	-0,194987	0,000418	1,907345	0,619519	2,035835	-0,124496	-0,124492	0,000000	3,122390	0,528740	0,400508
250,800000	7,779064	7,809291	0,417996	0,097151	2,071449	-12602,245695	-10941,315541	-2984,939909	-11917,768859	-12364,871406	8,647320	68,892162	23,439721	23,922631	26,887273	23,964990	24,199047	-2,910788	1,253411	0,977552	239220,626927	-0,195516	0,000410	1,994251	0,619355	2,036513	-0,124496	-0,124497	0,000000	3,122100	0,529657	0,400470
251,000000	7,778979	7,809364	0,415357	0,096012	2,071551	-12602,398242	-10939,747747	-2984,828980	-11921,117569	-12368,220116	8,645862	68,890401	23,436493	23,922871	26,890944	23,958689	24,204682	-2,910618	1,254249	0,977265	239244,561117	-0,195327	0,000502	1,995931	0,619431	2,036014	-0,124492	-0,124490	0,000000	3,122055	0,530720	0,400465
251,200000	7,778731	7,809409	0,414245	0,094360	2,074045	-12615,364935	-10939,554516	-2984,538278	-11929,635582	-12376,738129	8,644200	68,890748	23,432737	23,923447	26,887214	23,959031	24,210565	-2,910696	1,253435	0,976746	239262,524397	-0,194064	0,000824	1,939610	0,619787	2,034763	-0,124485	-0,124488	0,000000	3,122064	0,531439	0,400466
251,400000	7,778185	7,809320	0,415064	0,094179	2,074176	-12632,724142	-10941,103435	-2984,179641	-11927,816190	-12374,918737	8,642456	68,895246	23,432853	23,924016	26,882187	23,962934	24,212093	-2,910844	1,253167	0,976513	239263,627734	-0,193264	0,000915	1,905312	0,619900	2,034745	-0,124477	-0,124497	0,000000	3,122180	0,531213	0,400481
251,600000	7,777678	7,809267	0,416287	0,095667	2,062797	-12645,454679	-10942,109261	-2984,491440	-11919,781977	-12366,884524	8,640742	68,893796	23,435435	23,924906	26,881753	23,968403	24,210102	-2,910818	1,253518	0,976287	239240,038501	-0,193954	0,000682	1,883605	0,619374	2,036297	-0,124477	-0,124501	0,000000	3,122143	0,530297	0,400476
251,800000	7,777578	7,809515	0,414241	0,097129	2,056563	-12652,744705	-10941,844139	-2985,197338	-11918,866864	-12365,969411	8,639272	68,888395	23,433441	23,923635	26,886676	23,971097	24,208088	-2,910648	1,253140	0,976208	239211,583352	-0,194745	0,000260	1,883927	0,618643	2,037574	-0,124485	-0,124500	0,000000	3,122003	0,530464	0,400458
252,000000	7,777789	7,809802	0,408081	0,096549	2,058128	-12646,498132	-10942,264425	-2985,573608	-11926,170431	-12373,272978	8,637894	68,893985	23,426209	23,920272	26,889644	23,964634	24,207582	-2,910455	1,252051	0,976496	239215,957532	-0,195227	2,339953E-5	1,884379	0,617897	2,037873	-0,124497	-0,124493	0,000000	3,122147	0,532172	0,400476
252,200000	7,777991	7,809723	0,403347	0,094808	2,056216	-12628,768800	-10942,436786	-2985,603450	-11933,433741	-12380,536288	8,636446	68,927740	23,421963	23,919932	26,883597	23,953650	24,208873	-2,910340	1,251904	0,976495	239240,104351	-0,195881	0,000198	1,881294	0,616954	2,037675	-0,124501	-0,124486	0,000000	3,123021	0,533138	0,400589
252,400000	7,778143	7,809311	0,405150	0,094496	2,054886	-12627,422163	-10941,508541	-2985,384218	-11933,617759	-12380,720306	8,635109	68,970476	23,424123	23,922384	26,875555	23,949587	24,212274	-2,910354	1,253107	0,976282	239253,705459	-0,195662	0,000468	1,896785	0,615800	2,036392	-0,124495	-0,124484	0,000000	3,124128	0,531414	0,400730
252,600000	7,777999	7,809143	0,410466	0,095004	2,051278	-12654,883270	-10940,634170	-2985,083412	-11930,263356	-12377,365902	8,633793	68,978707	23,426988	23,924435	26,870454	23,954715	24,215304	-2,910496	1,253363	0,975933	239240,867121	-0,194485	0,000576	1,894493	0,614345	2,034981	-0,124489	-0,124484	0,000000	3,124341	0,528137	0,400758
252,800000	7,777346	7,809256	0,413942	0,094679	2,048754	-12688,147274	-10940,588421	-2985,244569	-11926,581317	-12373,683863	8,632383	68,967269	23,424914	23,925183	26,870713	23,960038	24,216226	-2,910437	1,252590	0,975412	239217,267656	-0,193982	0,000423	1,866393	0,613194	2,035950	-0,124493	-0,124484	0,000000	3,124045	0,525857	0,400720
253,000000	7,776983	7,809097	0,415049	0,094615	2,055091	-12705,257042	-10941,619363	-2985,579295	-11926,567976	-12373,670522	8,630769	68,959185	23,416349	23,924765	26,877579	23,959586	24,218760	-2,910221	1,252677	0,975377	239217,313506	-0,194171	0,000196	1,825482	0,613007	2,038419	-0,124501	-0,124488	0,000000	3,123836	0,525288	0,400693
253,200000	7,777422	7,808704	0,416466	0,095108	2,060677	-12711,715042	-10942,289008	-2985,563519	-11936,474849	-12383,577396	8,628904	68,941698	23,407574	23,923550	26,886102	23,956103	24,224296	-2,910230	1,252687	0,976249	239227,037093	-0,194515	0,000197	1,753156	0,613445	2,038639	-0,124501	-0,124487	0,000000	3,123383	0,525131	0,400635
253,400000	7,777887	7,808121	0,420603	0,095110	2,068051	-12720,008629	-10941,604816	-2985,576424	-11945,529101	-12392,631648	8,627290	68,937169	23,406173	23,920388	26,886058	23,952410	24,227033	-2,910213	1,252046	0,977171	239240,179900	-0,195259	0,000303	1,676785	0,613831	2,036561	-0,124495	-0,124485	0,000000	3,123266	0,523901	0,400620
253,600000	7,778034	7,807409	0,427389	0,094928	2,080895	-12734,325553	-10940,904606	-2985,508905	-11943,326552	-12390,429099	8,625924	68,970327	23,410058	23,917633	26,875052	23,950337	24,223703	-2,910113	1,252128	0,977252	239265,641936	-0,195692	0,000301	1,680747	0,614206	2,034969	-0,124496	-0,124487	0,000000	3,124124	0,521672	0,400730
253,800000	7,777905	7,807061	0,434720	0,094736	2,087476	-12753,920074	-10940,455050	-2985,303514	-11935,910499	-12383,013045	8,624289	69,001660	23,416593	23,919472	26,866926	23,951787	24,216664	-2,910328	1,252510	0,977363	239294,948809	-0,195354	0,000305	1,750992	0,615056	2,034753	-0,124503	-0,124487	0,000000	3,124935	0,519685	0,400834
254,000000	7,777586	7,806988	0,440657	0,094697	2,089058	-12769,040706	-10939,987398	-2985,208483	-11927,863713	-12374,966260	8,622506	68,988234	23,421819	23,922742	26,867361	23,953692	24,212459	-2,910655	1,253139	0,977611	239320,255696	-0,194693	0,000433	1,830838	0,616025	2,035440	-0,124502	-0,124488	0,000000	3,124587	0,518349	0,400789
254,200000	7,777569	7,806979	0,444386	0,095068	2,093319	-12771,499994	-10940,547645	-2985,289718	-11921,368863	-12368,471409	8,620993	68,946497	23,417936	23,923057	26,870365	23,951728	24,217617	-2,910579	1,253584	0,977286	239336,135458	-0,194543	0,000551	1,903836	0,616460	2,036045	-0,124492	-0,124489	0,000000	3,123507	0,517379	0,400651
254,400000	7,777762	7,807172	0,446469	0,094990	2,100961	-12764,038991	-10941,228051	-2985,807908	-11920,777293	-12367,879840	8,619683	68,938714	23,409176	23,922005	26,873687	23,950317	24,228427	-2,910156	1,252484	0,977139	239339,199391	-0,195681	0,000593	1,876389	0,616621	2,035802	-0,124487	-0,124482	0,000000	3,123306	0,516787	0,400625
254,600000	7,777890	7,807164	0,447838	0,094036	2,107230	-12752,785461	-10941,027187	-2986,116235	-11922,349387	-12369,451934	8,618142	68,973688	23,406579	23,920783	26,875538	23,954823	24,234612	-2,909912	1,251597	0,977288	239334,914471	-0,196578	0,000575	1,746625	0,617134	2,034741	-0,124488	-0,124478	0,000000	3,124211	0,516733	0,400741
254,800000	7,777893	7,806738	0,449124	0,093381	2,107532	-12741,816789	-10940,805543	-2985,648647	-11919,790446	-12366,892993	8,616604	69,007230	23,411757	23,920041	26,873139	23,960663	24,230799	-2,910105	1,251692	0,976850	239330,205475	-0,195952	0,000478	1,706145	0,618083	2,033545	-0,124489	-0,124480	0,000000	3,125079	0,517040	0,400852
255,000000	7,777419	7,806439	0,450782	0,093775	2,108562	-12736,160333	-10940,436704	-2985,345505	-11915,239621	-12362,342168	8,615257	69,037421	23,419278	23,921091	26,867800	23,961840	24,221413	-2,910438	1,251803	0,976479	239340,415622	-0,195443	0,000491	1,781647	0,619213	2,032873	-0,124487	-0,124481	0,000000	3,125860	0,517364	0,400953
255,200000	7,776736	7,806441	0,452826	0,094365	2,109403	-12732,420936	-10939,814770	-2985,442689	-11912,732825	-12359,835372	8,613738	69,059231	23,424272	23,922569	26,863561	23,958321	24,214890	-2,910541	1,252766	0,976901	239358,164091	-0,195785	0,000603	1,847818	0,620079	2,032511	-0,124483	-0,124482	0,000000	3,126424	0,517349	0,401025
255,400000	7,776716	7,806451	0,454974	0,094282	2,102732	-12727,043219	-10939,853175	-2985,219708	-11916,742609	-12363,845155	8,612167	69,062522	23,424166	23,923346	26,861820	23,953259	24,216201	-2,910459	1,253932	0,977185	239351,066519	-0,195822	0,000575	1,913296	0,620293	2,031900	-0,124481	-0,124482	0,000000	3,126510	0,516760	0,401036
255,600000	7,777234	7,806424	0,456654	0,093933	2,101897	-12730,796992	-10939,862223	-2984,965887	-11927,292828	-12374,395375	8,610659	69,051156	23,420503	23,923208	26,861353	23,951781	24,223648	-2,910399	1,253825	0,977067	239320,389312	-0,195247	0,000484	1,951347	0,619671	2,031448	-0,124485	-0,124479	0,000000	3,126216	0,515643	0,400998
255,800000	7,777330	7,806255	0,457399	0,093705	2,110422	-12739,170153	-10939,869172	-2984,895254	-11932,172084	-12379,274630	8,609104	69,022549	23,419341	23,922128	26,861474	23,957372	24,228230	-2,910354	1,253295	0,976959	239296,772682	-0,194559	0,000358	1,893969	0,618303	2,031130	-0,124486	-0,124481	0,000000	3,125475	0,514234	0,400903
256,000000	7,776848	7,805897	0,458181	0,093388	2,116095	-12735,567787	-10940,759487	-2984,670961	-11924,404449	-12371,506996	8,607691	69,000427	23,422655	23,921046	26,859713	23,965907	24,224656	-2,910455	1,252795	0,976701	239312,640083	-0,194210	0,000250	1,805681	0,616885	2,030950	-0,124480	-0,124485	0,000000	3,124903	0,512758	0,400830
256,200000	7,776178	7,805492	0,460386	0,093746	2,122896	-12723,784574	-10941,067930	-2984,794122	-11910,876326	-12357,978873	8,606364	69,002395	23,426017	23,920689	26,857534	23,968616	24,218187	-2,910589	1,252508	0,976291	239348,060580	-0,194831	0,000285	1,751713	0,616099	2,032366	-0,124478	-0,124490	0,000000	3,124954	0,511304	0,400836
256,400000	7,775497	7,805204	0,463557	0,094976	2,127650	-12718,235664	-10940,440240	-2985,275369	-11902,252527	-12349,355074	8,604790	69,009900	23,427198	23,921562	26,859816	23,964406	24,215032	-2,910422	1,253391	0,976436	239357,050274	-0,195858	0,000307	1,772075	0,616084	2,034196	-0,124486	-0,124489	0,000000	3,125148	0,510169	0,400861
256,600000	7,775093	7,805232	0,466214	0,095501	2,126632	-12718,735787	-10940,075204	-2985,365435	-11902,817926	-12349,920473	8,603035	69,007123	23,426395	23,922211	26,863150	23,958275	24,215376	-2,910368	1,254545	0,977277	239335,163536	-0,196073	0,000356	1,811277	0,616492	2,033953	-0,124493	-0,124483	0,000000	3,125076	0,509587	0,400852
256,800000	7,775105	7,805213	0,467464	0,094680	2,126954	-12716,035681	-10939,855818	-2985,150448	-11902,030561	-12349,133108	8,601454	68,974799	23,425462	23,921011	26,863301	23,952820	24,216118	-2,910583	1,254627	0,977574	239326,239839	-0,195966	0,000626	1,755685	0,616720	2,032280	-0,124493	-0,124482	0,000000	3,124240	0,509343	0,400745
257,000000	7,775168	7,804946	0,467933	0,093799	2,125004	-12712,282738	-10939,678691	-2985,120449	-11894,217908	-12341,320455	8,600153	68,908080	23,428675	23,921271	26,859400	23,953117	24,215593	-2,910651	1,253672	0,977177	239371,711298	-0,196158	0,000806	1,676275	0,616430	2,032038	-0,124487	-0,124487	0,000000	3,122512	0,508918	0,400523
257,200000	7,775082	7,805027	0,468714	0,093918	2,125635	-12711,709326	-10940,761003	-2985,359637	-11890,864042	-12337,966589	8,598895	68,855485	23,434470	23,924544	26,857499	23,961406	24,214449	-2,910583	1,253002	0,977004	239434,047216	-0,196407	0,000696	1,673114	0,615862	2,032950	-0,124478	-0,124487	0,000000	3,121150	0,508174	0,400349
257,400000	7,774979	7,805343	0,469309	0,094832	2,132081	-12708,380189	-10942,152834	-2985,346998	-11892,207840	-12339,310387	8,597453	68,845899	23,436982	23,926082	26,861297	23,969282	24,212890	-2,910557	1,253466	0,976859	239457,069504	-0,196007	0,000534	1,703211	0,615418	2,033809	-0,124478	-0,124487	0,000000	3,120902	0,507624	0,400317
257,600000	7,774780	7,805258	0,468692	0,095538	2,132321	-12698,732395	-10942,028540	-2985,069183	-11890,787736	-12337,890283	8,595846	68,854533	23,432394	23,924243	26,865842	23,969792	24,211826	-2,910415	1,253978	0,976528	239457,686316	-0,195237	0,000371	1,712097	0,615106	2,036020	-0,124486	-0,124490	0,000000	3,121126	0,507586	0,400345
257,800000	7,774532	7,804794	0,467235	0,095512	2,127292	-12683,718337	-10941,195214	-2985,128200	-11890,293842	-12337,396388	8,594215	68,861631	23,423676	23,922613	26,872035	23,965072	24,211294	-2,910187	1,254309	0,976620	239464,149549	-0,195497	0,000395	1,743163	0,615051	2,037834	-0,124492	-0,124493	0,000000	3,121310	0,508031	0,400369
258,000000	7,774261	7,804188	0,466129	0,095317	2,123617	-12667,797821	-10940,597030	-2985,274516	-11894,086266	-12341,188813	8,592648	68,826765	23,421495	23,921981	26,874582	23,960666	24,208838	-2,910319	1,254646	0,976905	239453,458850	-0,196080	0,000656	1,857490	0,615473	2,037052	-0,124491	-0,124493	0,000000	3,120406	0,508734	0,400253
258,200000	7,774060	7,803789	0,465546	0,095479	2,122056	-12660,231062	-10940,579494	-2985,049412	-11897,347936	-12344,450482	8,591204	68,746133	23,427801	23,922017	26,865919	23,961195	24,205498	-2,910671	1,254517	0,976206	239432,181291	-0,195761	0,000708	1,944443	0,616040	2,035106	-0,124486	-0,124490	0,000000	3,118317	0,509368	0,399985
258,400000	7,774034	7,803853	0,464047	0,096143	2,120222	-12657,403393	-10940,645645	-2984,590980	-11894,597830	-12341,700377	8,589999	68,705522	23,434379	23,924936	26,857121	23,965112	24,203268	-2,910859	1,254871	0,974849	239437,479091	-0,194825	0,000326	1,887643	0,616755	2,034349	-0,124483	-0,124487	0,000000	3,117264	0,510464	0,399850
258,600000	7,773807	7,804124	0,461273	0,096618	2,116601	-12652,097088	-10941,019169	-2984,206943	-11891,138185	-12338,240732	8,588700	68,710324	23,435576	23,928316	26,859895	23,967641	24,203281	-2,910964	1,255314	0,974579	239461,766402	-0,193799	-6,985470E-6	1,825002	0,618285	2,035431	-0,124485	-0,124487	0,000000	3,117389	0,512717	0,399866
258,800000	7,773191	7,804397	0,458742	0,096355	2,117197	-12645,478671	-10942,516999	-2984,204201	-11894,919211	-12342,021758	8,587035	68,699163	23,428701	23,927660	26,867742	23,967450	24,207655	-2,911022	1,254885	0,975105	239475,790300	-0,193408	0,000160	1,854671	0,620151	2,036979	-0,124487	-0,124489	0,000000	3,117099	0,515188	0,399829
259,000000	7,772720	7,804539	0,455255	0,096323	2,118201	-12636,394808	-10942,757397	-2984,820049	-11906,123418	-12353,225964	8,585354	68,679819	23,418043	23,923882	26,873479	23,965113	24,215047	-2,910859	1,254618	0,975626	239481,077512	-0,194139	0,000511	1,864229	0,620971	2,037393	-0,124486	-0,124490	0,000000	3,116598	0,517131	0,399765
259,200000	7,773133	7,804258	0,450138	0,096632	2,111178	-12625,405079	-10941,094228	-2985,354560	-11917,695098	-12364,797645	8,583823	68,693601	23,413617	23,920577	26,878461	23,964238	24,217376	-2,910482	1,254267	0,976005	239482,492502	-0,194923	0,000608	1,851384	0,620695	2,036608	-0,124487	-0,124487	0,000000	3,116955	0,518723	0,399810
259,400000	7,773736	7,803654	0,446410	0,096061	2,106094	-12618,939690	-10940,649894	-2985,126520	-11921,807818	-12368,910365	8,582460	68,734571	23,418410	23,920659	26,880731	23,965283	24,209169	-2,910344	1,253873	0,975684	239462,642461	-0,194909	0,000476	1,876476	0,620263	2,036034	-0,124492	-0,124484	0,000000	3,118017	0,519667	0,399947
259,600000	7,773370	7,803235	0,443703	0,095446	2,103178	-12619,694857	-10942,168926	-2984,701999	-11919,157586	-12366,260133	8,581239	68,751142	23,426804	23,922855	26,880064	23,962340	24,199526	-2,910586	1,254318	0,975356	239438,752083	-0,195006	0,000394	1,854479	0,620009	2,035811	-0,124493	-0,124486	0,000000	3,118447	0,520399	0,400002
259,800000	7,772671	7,803085	0,439609	0,096220	2,093820	-12618,010520	-10943,140930	-2984,694664	-11916,914496	-12364,017042	8,579854	68,723233	23,429604	23,923841	26,882813	23,955976	24,198816	-2,910740	1,254263	0,975460	239435,509942	-0,195348	0,000396	1,798602	0,619627	2,035910	-0,124494	-0,124492	0,000000	3,117723	0,521552	0,399909
260,000000	7,772557	7,803027	0,433562	0,096574	2,088174	-12604,550039	-10942,220055	-2985,115122	-11919,005186	-12366,107733	8,578242	68,681857	23,422895	23,923570	26,889151	23,951897	24,206577	-2,910594	1,253272	0,975606	239436,884166	-0,195418	0,000475	1,789393	0,619123	2,036663	-0,124495	-0,124492	0,000000	3,116651	0,523335	0,399771
260,200000	7,772665	7,803071	0,426078	0,095027	2,084300	-12584,546109	-10940,597143	-2985,477987	-11923,508527	-12370,611074	8,576677	68,652783	23,413938	23,923204	26,892899	23,951521	24,218228	-2,910299	1,252722	0,976140	239437,566469	-0,195752	0,000526	1,769200	0,618905	2,036807	-0,124490	-0,124487	0,000000	3,115897	0,525907	0,399675
260,400000	7,772717	7,803060	0,420595	0,093633	2,075748	-12573,095164	-10939,690253	-2985,451164	-11927,000720	-12374,103267	8,575175	68,618273	23,410115	23,923060	26,893585	23,954438	24,226786	-2,910088	1,252605	0,976857	239455,311482	-0,196111	0,000419	1,734229	0,618886	2,036216	-0,124484	-0,124484	0,000000	3,115001	0,527923	0,399560
260,600000	7,772778	7,803054	0,418762	0,093760	2,068976	-12577,802902	-10940,332970	-2985,385303	-11926,102447	-12373,204994	8,573664	68,564415	23,410969	23,923693	26,893004	23,958619	24,226416	-2,910140	1,252303	0,976849	239470,776820	-0,196048	0,000409	1,757586	0,618582	2,036427	-0,124485	-0,124489	0,000000	3,113604	0,528343	0,399381
260,800000	7,772510	7,803203	0,416520	0,094015	2,060465	-12587,254112	-10941,612171	-2985,707949	-11921,740763	-12368,843309	8,572186	68,518829	23,413265	23,924144	26,891896	23,957373	24,219367	-2,910277	1,251350	0,976349	239471,041910	-0,196403	0,000429	1,842219	0,618054	2,036632	-0,124489	-0,124496	0,000000	3,112421	0,528734	0,399229
261,000000	7,772333	7,803323	0,412095	0,094279	2,055943	-12586,518454	-10941,732603	-2985,876034	-11919,710270	-12366,812816	8,570727	68,503273	23,414055	23,923282	26,890611	23,948078	24,215771	-2,910269	1,250926	0,975841	239473,939511	-0,196708	0,000334	1,933105	0,617777	2,036475	-0,124491	-0,124498	0,000000	3,112017	0,530161	0,399177
261,200000	7,772648	7,803251	0,407585	0,094790	2,059534	-12577,543584	-10941,169383	-2985,638924	-11924,990593	-12372,093140	8,569311	68,514609	23,412075	23,922177	26,887372	23,938523	24,221839	-2,910175	1,251862	0,975547	239489,451084	-0,196471	0,000310	1,981889	0,617793	2,036264	-0,124493	-0,124490	0,000000	3,112311	0,531865	0,399215
261,400000	7,772907	7,802993	0,403447	0,093771	2,056159	-12573,942226	-10941,064233	-2985,725206	-11935,464976	-12382,567522	8,567896	68,528750	23,409596	23,921183	26,884756	23,935186	24,229287	-2,910114	1,251849	0,976316	239518,244115	-0,196686	0,000451	1,950702	0,617687	2,034558	-0,124493	-0,124482	0,000000	3,112679	0,533325	0,399262
261,600000	7,772933	7,802639	0,399818	0,092472	2,047435	-12585,329203	-10941,183320	-2985,875770	-11941,493505	-12388,596051	8,566396	68,525841	23,408299	23,920600	26,883360	23,939222	24,231132	-2,910178	1,250833	0,977607	239540,742301	-0,196906	0,000705	1,868181	0,617388	2,033158	-0,124486	-0,124478	0,000000	3,112603	0,534426	0,399252
261,800000	7,772760	7,802273	0,397016	0,093412	2,042155	-12605,427128	-10941,049133	-2985,697963	-11941,181247	-12388,283794	8,564811	68,523022	23,409454	23,922556	26,878620	23,948948	24,230545	-2,910289	1,250703	0,977548	239547,590550	-0,196883	0,000817	1,841038	0,617530	2,033685	-0,124483	-0,124478	0,000000	3,112530	0,535587	0,399243
262,000000	7,772578	7,802091	0,394942	0,094937	2,037934	-12620,661277	-10940,446262	-2985,473003	-11941,619708	-12388,722254	8,563145	68,531718	23,411654	23,924583	26,877293	23,957427	24,228645	-2,910303	1,251266	0,976421	239554,158504	-0,196969	0,000654	1,877141	0,618159	2,035320	-0,124490	-0,124479	0,000000	3,112756	0,536913	0,399272
262,200000	7,772568	7,802170	0,393143	0,095137	2,033202	-12630,182344	-10940,496942	-2985,282714	-11948,923260	-12396,025806	8,561608	68,542149	23,409504	23,922099	26,883187	23,957841	24,226102	-2,910276	1,252264	0,975651	239566,384230	-0,196472	0,000402	1,923317	0,618484	2,036137	-0,124499	-0,124481	0,000000	3,113026	0,537909	0,399306
262,400000	7,772402	7,802222	0,391980	0,094503	2,030095	-12640,636773	-10941,132720	-2985,407151	-11963,134799	-12410,237346	8,560274	68,544340	23,405595	23,918734	26,881980	23,950706	24,225702	-2,910261	1,252514	0,975680	239564,920233	-0,196378	0,000413	1,952804	0,618073	2,035153	-0,124504	-0,124482	0,000000	3,113083	0,538009	0,399314
262,600000	7,772222	7,801927	0,393130	0,094082	2,032772	-12656,878373	-10940,603302	-2985,639485	-11972,681648	-12419,784195	8,558839	68,550530	23,407784	23,918729	26,871142	23,944977	24,226332	-2,910207	1,252107	0,976653	239546,859724	-0,197021	0,000650	1,958057	0,616957	2,033569	-0,124504	-0,124481	0,000000	3,113244	0,536555	0,399334
262,800000	7,772240	7,801389	0,394224	0,094111	2,035382	-12674,415098	-10939,899790	-2985,428616	-11969,080259	-12416,182805	8,557306	68,597502	23,415527	23,920421	26,863265	23,948362	24,224555	-2,910291	1,252941	0,977637	239537,682076	-0,196677	0,000710	1,956756	0,615744	2,031604	-0,124496	-0,124479	0,000000	3,114463	0,535030	0,399491
263,000000	7,771930	7,801076	0,391871	0,094068	2,031646	-12675,800906	-10940,475950	-2985,154925	-11954,125717	-12401,228264	8,555767	68,666588	23,420986	23,921847	26,861870	23,956801	24,221864	-2,910568	1,253280	0,977212	239561,267282	-0,195807	0,000515	1,913784	0,615130	2,031275	-0,124488	-0,124480	0,000000	3,116255	0,535377	0,399721
263,200000	7,771394	7,801038	0,387578	0,094009	2,034479	-12659,913983	-10942,173133	-2985,341083	-11935,244675	-12382,347222	8,554322	68,700826	23,420894	23,923342	26,861906	23,962112	24,222115	-2,910690	1,252475	0,976098	239591,920439	-0,195959	0,000320	1,810701	0,615107	2,033307	-0,124484	-0,124486	0,000000	3,117142	0,537009	0,399834
263,400000	7,771300	7,800970	0,385576	0,094168	2,041367	-12649,462803	-10943,258136	-2985,678023	-11929,656269	-12376,758816	8,553033	68,696851	23,419073	23,923469	26,864605	23,962390	24,224249	-2,910688	1,252651	0,976161	239588,717254	-0,196426	0,000393	1,719616	0,615519	2,035048	-0,124485	-0,124489	0,000000	3,117039	0,538145	0,399821
263,600000	7,771543	7,800741	0,388295	0,094442	2,036941	-12662,538178	-10942,033997	-2985,597596	-11940,663948	-12387,766495	8,551638	68,677908	23,418493	23,920341	26,871330	23,959799	24,225098	-2,910697	1,253018	0,976959	239571,285139	-0,196101	0,000570	1,687865	0,616522	2,034701	-0,124487	-0,124484	0,000000	3,116548	0,537970	0,399758
263,800000	7,771697	7,800381	0,392545	0,094256	2,033082	-12691,802210	-10940,731017	-2985,250498	-11948,389897	-12395,492444	8,550166	68,685143	23,419985	23,917743	26,869538	23,957698	24,222247	-2,910633	1,253006	0,977080	239572,220062	-0,195926	0,000660	1,725037	0,617875	2,033022	-0,124487	-0,124478	0,000000	3,116736	0,537485	0,399782
264,000000	7,771392	7,800055	0,394290	0,093474	2,033786	-12710,744372	-10940,697848	-2984,993484	-11941,509398	-12388,611945	8,548686	68,740599	23,426018	23,918969	26,856895	23,958125	24,215077	-2,910635	1,253457	0,977026	239585,949182	-0,196310	0,000710	1,794932	0,618747	2,031966	-0,124484	-0,124479	0,000000	3,118173	0,537524	0,399967
264,200000	7,770584	7,799961	0,394661	0,093251	2,032257	-12709,958419	-10940,145786	-2984,800744	-11928,059147	-12375,161694	8,547220	68,798881	23,435222	23,921942	26,848708	23,960152	24,207970	-2,910748	1,254081	0,977222	239595,943056	-0,196304	0,000667	1,889999	0,618819	2,032129	-0,124478	-0,124488	0,000000	3,119684	0,537418	0,400160
264,400000	7,769966	7,800064	0,397181	0,093895	2,035401	-12704,992097	-10938,696054	-2984,641048	-11919,863436	-12366,965983	8,545897	68,823609	23,438421	23,923665	26,851500	23,961384	24,208732	-2,910823	1,254393	0,977024	239610,447839	-0,195502	0,000643	2,058882	0,618373	2,032922	-0,124475	-0,124494	0,000000	3,120325	0,536069	0,400243
264,600000	7,769880	7,800222	0,403011	0,094646	2,040141	-12713,618961	-10938,367276	-2984,521023	-11919,133744	-12366,236291	8,544618	68,829229	23,431734	23,923280	26,857337	23,960528	24,217458	-2,910734	1,254107	0,976776	239625,123860	-0,194552	0,000597	2,151103	0,617506	2,033520	-0,124479	-0,124491	0,000000	3,120470	0,533113	0,400261
264,800000	7,769929	7,800447	0,409564	0,094478	2,049035	-12740,358189	-10939,551860	-2984,459926	-11920,558400	-12367,660947	8,543188	68,831835	23,423936	23,922053	26,858854	23,960791	24,223437	-2,910641	1,253795	0,976819	239624,822587	-0,194242	0,000438	2,039868	0,616672	2,033709	-0,124482	-0,124489	0,000000	3,120538	0,529936	0,400270
265,000000	7,769784	7,800672	0,414485	0,094084	2,065439	-12766,983084	-10940,238945	-2984,555218	-11921,075775	-12368,178321	8,541480	68,853252	23,423426	23,921114	26,857868	23,963780	24,220766	-2,910693	1,253690	0,976771	239610,004477	-0,194549	0,000432	1,947537	0,616545	2,033615	-0,124479	-0,124494	0,000000	3,121093	0,527995	0,400341
265,200000	7,769232	7,800630	0,418275	0,095529	2,074449	-12779,080102	-10940,878928	-2984,965259	-11919,692514	-12366,795061	8,539769	68,923180	23,428182	23,920813	26,856533	23,966338	24,212942	-2,910692	1,253595	0,976996	239594,168037	-0,195374	0,000556	2,043711	0,616886	2,033605	-0,124478	-0,124496	0,000000	3,122903	0,526871	0,400573
265,400000	7,768694	7,800274	0,422555	0,097071	2,077306	-12785,883361	-10942,411860	-2985,382910	-11912,867468	-12359,970015	8,538278	68,996511	23,431366	23,921671	26,853138	23,965995	24,204341	-2,910646	1,253744	0,977610	239593,996623	-0,196063	0,000580	2,128423	0,617107	2,034035	-0,124484	-0,124494	0,000000	3,124802	0,525444	0,400817
265,600000	7,768629	7,800033	0,428398	0,096393	2,082188	-12790,607316	-10943,600016	-2985,328540	-11902,551977	-12349,654523	8,536764	69,017968	23,430076	23,923034	26,849856	23,961894	24,200683	-2,910650	1,253513	0,977827	239593,215104	-0,195655	0,000555	2,027564	0,616945	2,035046	-0,124489	-0,124489	0,000000	3,125357	0,523134	0,400888
265,800000	7,768554	7,799987	0,434607	0,095464	2,085416	-12789,434486	-10943,400856	-2985,239225	-11896,939024	-12344,041570	8,535205	68,997274	23,426388	23,923956	26,850856	23,954900	24,205307	-2,910640	1,252443	0,977213	239585,796440	-0,195116	0,000564	1,910321	0,616538	2,036180	-0,124491	-0,124485	0,000000	3,124821	0,520523	0,400819
266,000000	7,768437	7,799784	0,439280	0,095681	2,087178	-12790,633977	-10942,636677	-2985,487407	-11898,368084	-12345,470630	8,533710	68,962552	23,421813	23,923311	26,854019	23,952300	24,212908	-2,910598	1,251831	0,976363	239600,835742	-0,195317	0,000713	1,956779	0,616534	2,036911	-0,124488	-0,124486	0,000000	3,123923	0,518823	0,400704
266,200000	7,768575	7,799460	0,442753	0,095387	2,090522	-12796,666306	-10942,144254	-2985,417457	-11902,315073	-12349,417620	8,532220	68,930273	23,417637	23,921908	26,854274	23,959477	24,216702	-2,910537	1,251930	0,976158	239617,925826	-0,195096	0,000910	2,026729	0,617060	2,037237	-0,124484	-0,124487	0,000000	3,123087	0,517999	0,400597
266,400000	7,768643	7,799325	0,447036	0,094678	2,097388	-12802,635527	-10941,868827	-2985,029649	-11905,673045	-12352,775592	8,530737	68,895281	23,416009	23,922613	26,854165	23,967237	24,215019	-2,910458	1,251964	0,976418	239592,574801	-0,194784	0,000764	1,947711	0,617665	2,037613	-0,124485	-0,124488	0,000000	3,122181	0,516963	0,400481
266,600000	7,768556	7,799391	0,451981	0,095040	2,103527	-12812,752653	-10942,426539	-2985,027746	-11910,683062	-12357,785609	8,529214	68,870333	23,416252	23,924669	26,858254	23,966643	24,211020	-2,910322	1,252622	0,976519	239546,155190	-0,195170	0,000447	1,845145	0,618278	2,038899	-0,124491	-0,124490	0,000000	3,121535	0,515719	0,400398
266,800000	7,768621	7,799440	0,456108	0,095663	2,105133	-12823,641246	-10943,455828	-2985,401136	-11923,207046	-12370,309593	8,527738	68,867574	23,415956	23,925894	26,862108	23,958263	24,209355	-2,910250	1,253087	0,976522	239516,662620	-0,195359	0,000462	1,816047	0,618594	2,039710	-0,124496	-0,124491	0,000000	3,121463	0,514528	0,400389
267,000000	7,768672	7,799384	0,459610	0,095425	2,113874	-12828,271882	-10943,199044	-2985,885883	-11943,595259	-12390,697805	8,526416	68,863685	23,414169	23,923899	26,864312	23,947385	24,211280	-2,910306	1,251995	0,976573	239530,150576	-0,195459	0,000695	1,764288	0,618254	2,038874	-0,124495	-0,124494	0,000000	3,121363	0,513014	0,400376
267,200000	7,768611	7,799081	0,462425	0,094660	2,127017	-12830,150427	-10941,751254	-2985,935179	-11961,535301	-12408,637847	8,524958	68,845672	23,412583	23,920879	26,864613	23,942911	24,214864	-2,910319	1,250965	0,976551	239557,658960	-0,195614	0,000734	1,695902	0,617706	2,037380	-0,124485	-0,124493	0,000000	3,120896	0,511561	0,400316
267,400000	7,768569	7,798643	0,464624	0,094544	2,130111	-12830,084225	-10941,065900	-2985,337467	-11971,643771	-12418,746317	8,523361	68,839634	23,413425	23,922664	26,860322	23,948139	24,218175	-2,910383	1,251184	0,976774	239535,555668	-0,195301	0,000602	1,691327	0,617014	2,036498	-0,124479	-0,124486	0,000000	3,120740	0,510184	0,400296
267,600000	7,768338	7,798388	0,467905	0,095206	2,132263	-12832,572412	-10942,186857	-2984,936771	-11976,074062	-12423,176609	8,522012	68,854478	23,415413	23,925753	26,858977	23,955561	24,218957	-2,910634	1,251928	0,976913	239499,469288	-0,194964	0,000637	1,762311	0,615781	2,036540	-0,124482	-0,124487	0,000000	3,121124	0,508003	0,400345
267,800000	7,768183	7,798363	0,473290	0,095415	2,134232	-12840,744336	-10943,979999	-2985,125621	-11974,486619	-12421,589166	8,520867	68,857240	23,413261	23,924893	26,865073	23,956593	24,217470	-2,910748	1,252751	0,976250	239488,073095	-0,195068	0,000680	1,796239	0,615064	2,037102	-0,124489	-0,124495	0,000000	3,121196	0,505567	0,400354
268,000000	7,768404	7,798256	0,479590	0,095082	2,130552	-12846,887487	-10944,522413	-2985,391411	-11975,233124	-12422,335670	8,519552	68,845685	23,407412	23,922075	26,873424	23,951109	24,219343	-2,910532	1,253390	0,975835	239472,855122	-0,195499	0,000487	1,719403	0,616036	2,038048	-0,124494	-0,124494	0,000000	3,120896	0,504222	0,400316
268,200000	7,768816	7,797922	0,484951	0,094984	2,132662	-12855,945063	-10943,209619	-2985,651594	-11990,242075	-12437,344622	8,517840	68,840562	23,405128	23,920326	26,876508	23,944268	24,223064	-2,910309	1,253014	0,976420	239448,337874	-0,196097	0,000373	1,682495	0,617659	2,037833	-0,124498	-0,124484	0,000000	3,120764	0,503713	0,400299
268,400000	7,768981	7,797623	0,488120	0,095002	2,139788	-12871,991795	-10941,939888	-2985,817623	-12013,143723	-12460,246270	8,516065	68,827615	23,407912	23,919394	26,870943	23,941325	24,221716	-2,910310	1,251420	0,977353	239429,238769	-0,196267	0,000439	1,745013	0,618592	2,035543	-0,124500	-0,124474	0,000000	3,120428	0,503375	0,400256
268,600000	7,768400	7,797419	0,489891	0,094633	2,151623	-12881,550488	-10942,455668	-2985,640908	-12027,196101	-12474,298648	8,514676	68,767016	23,413478	23,920117	26,862988	23,943626	24,218268	-2,910425	1,250143	0,977492	239423,357064	-0,195714	0,000479	1,800968	0,618811	2,033255	-0,124497	-0,124474	0,000000	3,118858	0,502928	0,400055
268,800000	7,767626	7,797130	0,493198	0,094384	2,168227	-12883,843734	-10942,992712	-2985,545593	-12027,466244	-12474,568791	8,513260	68,678994	23,418724	23,923931	26,860885	23,946973	24,217285	-2,910476	1,250585	0,976528	239407,430014	-0,195384	0,000438	1,799171	0,618525	2,033392	-0,124491	-0,124481	0,000000	3,116576	0,501555	0,399762
269,000000	7,767347	7,797055	0,498481	0,094447	2,173686	-12883,166922	-10942,686480	-2985,500187	-12023,930838	-12471,033384	8,511674	68,628194	23,417201	23,925859	26,868021	23,948738	24,220143	-2,910395	1,251904	0,976379	239370,948040	-0,195184	0,000396	1,773100	0,618293	2,034850	-0,124488	-0,124483	0,000000	3,115259	0,499602	0,399593
269,200000	7,767344	7,797420	0,502257	0,094167	2,171042	-12875,956985	-10941,865316	-2985,450149	-12025,944114	-12473,046660	8,510393	68,616599	23,408466	23,923243	26,878681	23,948528	24,227241	-2,910176	1,252713	0,977409	239339,493330	-0,194928	0,000443	1,848958	0,618600	2,035534	-0,124488	-0,124479	0,000000	3,114958	0,498636	0,399554
269,400000	7,767451	7,797619	0,502899	0,093737	2,170497	-12864,050814	-10940,491906	-2985,591531	-12029,848573	-12476,951120	8,509039	68,619690	23,401837	23,920141	26,884691	23,946550	24,233628	-2,909959	1,252586	0,977667	239309,609950	-0,195316	0,000418	2,000329	0,619321	2,035416	-0,124490	-0,124476	0,000000	3,115038	0,499031	0,399565
269,600000	7,767446	7,797506	0,502359	0,093099	2,167305	-12847,970504	-10940,013070	-2985,577868	-12029,910422	-12477,012968	8,507298	68,620608	23,404723	23,919467	26,882720	23,946610	24,232357	-2,910058	1,251674	0,977122	239271,723377	-0,195777	0,000333	2,021597	0,620271	2,034842	-0,124491	-0,124477	0,000000	3,115062	0,499968	0,399568
269,800000	7,767084	7,797244	0,502621	0,092741	2,162873	-12835,639329	-10939,989908	-2985,440303	-12030,685783	-12477,788330	8,505742	68,597139	23,414418	23,920794	26,877458	23,948421	24,224201	-2,910335	1,251870	0,976975	239237,419460	-0,196128	0,000494	1,934844	0,620727	2,033857	-0,124487	-0,124483	0,000000	3,114453	0,500222	0,399490
270,000000	7,766728	7,796867	0,503349	0,093810	2,161935	-12833,865633	-10939,710368	-2985,352602	-12034,636968	-12481,739515	8,504658	68,559162	23,421428	23,922212	26,876020	23,948166	24,218388	-2,910410	1,252828	0,977307	239216,780559	-0,196627	0,000680	1,885291	0,620073	2,032965	-0,124484	-0,124489	0,000000	3,113468	0,499426	0,399363
270,200000	7,766511	7,796702	0,502385	0,094483	2,164255	-12833,571706	-10940,477296	-2985,435723	-12039,682977	-12486,785524	8,503479	68,532014	23,419624	23,923071	26,876837	23,946296	24,219243	-2,910437	1,252356	0,977406	239204,367992	-0,196707	0,000579	1,818865	0,618940	2,033023	-0,124491	-0,124485	0,000000	3,112763	0,498824	0,399273
270,400000	7,766374	7,796673	0,499352	0,093303	2,165357	-12825,866748	-10940,788363	-2985,639284	-12046,693755	-12493,796302	8,501788	68,511608	23,414276	23,922669	26,878316	23,944920	24,224287	-2,910527	1,251994	0,977214	239198,475877	-0,196436	0,000482	1,701840	0,618109	2,033032	-0,124495	-0,124480	0,000000	3,112234	0,499165	0,399205
270,600000	7,766666	7,796412	0,496766	0,092647	2,162302	-12809,296984	-10939,879747	-2985,587924	-12051,214590	-12498,317136	8,499996	68,498867	23,412018	23,920775	26,879630	23,947479	24,230893	-2,910448	1,252161	0,977144	239212,031752	-0,196456	0,000519	1,658511	0,617257	2,032520	-0,124485	-0,124481	0,000000	3,111903	0,499329	0,399162
270,800000	7,766903	7,796011	0,496178	0,093697	2,163553	-12790,453667	-10939,369778	-2985,486088	-12043,929574	-12491,032120	8,498463	68,507347	23,412121	23,920036	26,877350	23,954669	24,234079	-2,910339	1,251563	0,977135	239217,403728	-0,196757	0,000525	1,705781	0,616253	2,032358	-0,124479	-0,124482	0,000000	3,112123	0,498687	0,399191
271,000000	7,766482	7,795776	0,494689	0,094611	2,165626	-12771,818425	-10939,419888	-2985,409288	-12024,744616	-12471,847163	8,497137	68,542896	23,414481	23,921806	26,873836	23,961876	24,228648	-2,910367	1,251660	0,976892	239181,864442	-0,196912	0,000462	1,756057	0,616020	2,032602	-0,124481	-0,124482	0,000000	3,113046	0,498973	0,399309
271,200000	7,765916	7,795671	0,490030	0,094950	2,158345	-12739,878455	-10940,176430	-2985,085446	-12001,237109	-12448,339656	8,495824	68,585944	23,418443	23,923635	26,871907	23,963318	24,218321	-2,910460	1,252450	0,976628	239146,608056	-0,196396	0,000391	1,831219	0,616728	2,033518	-0,124483	-0,124487	0,000000	3,114163	0,501097	0,399452
271,400000	7,765498	7,795611	0,484735	0,095687	2,153251	-12695,158371	-10940,486235	-2984,992013	-11979,616937	-12426,719484	8,494416	68,596637	23,419830	23,923570	26,871782	23,957507	24,213149	-2,910478	1,253031	0,976675	239143,131778	-0,196028	0,000471	1,907804	0,617371	2,034360	-0,124484	-0,124492	0,000000	3,114440	0,503406	0,399488
271,600000	7,765172	7,795565	0,480562	0,096048	2,150131	-12660,501474	-10940,273538	-2985,243375	-11966,241094	-12413,343641	8,492846	68,583978	23,417938	23,922688	26,873462	23,952283	24,215169	-2,910404	1,253306	0,976772	239138,145187	-0,196170	0,000605	1,860722	0,617320	2,033784	-0,124484	-0,124485	0,000000	3,114112	0,504785	0,399446
271,800000	7,765080	7,795509	0,476357	0,095286	2,139208	-12643,488752	-10941,157029	-2985,178079	-11957,509030	-12404,611577	8,491172	68,584537	23,415453	23,922175	26,874361	23,954657	24,217789	-2,910538	1,252956	0,976841	239121,492428	-0,195428	0,000607	1,765974	0,616960	2,032297	-0,124480	-0,124477	0,000000	3,114126	0,505927	0,399448
272,000000	7,765098	7,795298	0,469890	0,095061	2,129839	-12631,895693	-10942,401692	-2984,928328	-11943,853746	-12390,956293	8,489630	68,608062	23,415839	23,922227	26,875881	23,962584	24,217297	-2,910770	1,253213	0,976572	239123,651416	-0,194655	0,000551	1,774604	0,617158	2,032128	-0,124480	-0,124479	0,000000	3,114737	0,508308	0,399526
272,200000	7,765064	7,794948	0,460792	0,096150	2,122732	-12606,535736	-10943,030101	-2985,005556	-11929,667452	-12376,769999	8,488189	68,662637	23,420551	23,923481	26,879707	23,971018	24,214461	-2,910767	1,253900	0,976211	239142,414191	-0,195087	0,000534	1,803576	0,617866	2,033929	-0,124484	-0,124488	0,000000	3,116152	0,512045	0,399707
272,400000	7,764934	7,794846	0,452032	0,097250	2,116246	-12570,280388	-10942,714853	-2985,115681	-11921,440787	-12368,543333	8,486849	68,723281	23,423419	23,924528	26,884279	23,973902	24,210402	-2,910707	1,254060	0,976306	239155,412703	-0,195532	0,000559	1,765320	0,618340	2,035763	-0,124487	-0,124495	0,000000	3,117725	0,515532	0,399909
272,600000	7,764561	7,794856	0,445537	0,098055	2,111014	-12551,365256	-10941,277877	-2985,032311	-11920,130995	-12367,233542	8,485665	68,739127	23,418969	23,922622	26,889478	23,967906	24,206136	-2,910670	1,253692	0,976031	239173,397727	-0,195481	0,000580	1,732680	0,618513	2,036481	-0,124488	-0,124493	0,000000	3,118135	0,518007	0,399962
272,800000	7,764226	7,794790	0,440158	0,097774	2,097119	-12549,248422	-10940,098585	-2985,042656	-11925,050047	-12372,152594	8,484319	68,728414	23,414236	23,921063	26,892350	23,958975	24,204440	-2,910550	1,253021	0,975712	239190,696717	-0,195556	0,000606	1,750400	0,618932	2,036003	-0,124489	-0,124488	0,000000	3,117858	0,520299	0,399926
273,000000	7,764111	7,794706	0,434596	0,096349	2,082549	-12546,469102	-10940,483610	-2984,948163	-11926,961871	-12374,064418	8,482733	68,723849	23,418254	23,923092	26,886997	23,954642	24,205787	-2,910557	1,252973	0,976194	239170,774709	-0,195533	0,000712	1,751824	0,619833	2,034538	-0,124484	-0,124488	0,000000	3,117739	0,523058	0,399911
273,200000	7,763803	7,794559	0,429400	0,095758	2,076650	-12546,688151	-10941,456778	-2984,737012	-11919,326400	-12366,428947	8,481177	68,727802	23,424972	23,924965	26,878211	23,955937	24,205432	-2,910713	1,252800	0,976595	239131,642481	-0,195220	0,000774	1,690332	0,620604	2,033458	-0,124481	-0,124492	0,000000	3,117842	0,525586	0,399924
273,400000	7,763403	7,794442	0,425237	0,096010	2,071680	-12549,989533	-10941,825831	-2984,660870	-11910,202036	-12357,304582	8,479773	68,757457	23,425136	23,924926	26,879487	23,959683	24,205119	-2,910768	1,251778	0,976544	239120,601878	-0,194864	0,000628	1,636756	0,620840	2,034133	-0,124485	-0,124497	0,000000	3,118610	0,527318	0,400023
273,600000	7,763386	7,794390	0,421578	0,096331	2,068901	-12551,760523	-10941,678002	-2984,724290	-11907,931347	-12355,033894	8,478404	68,809850	23,420221	23,926005	26,889363	23,960987	24,209787	-2,910623	1,251909	0,976320	239131,359183	-0,194760	0,000474	1,653618	0,620687	2,036061	-0,124489	-0,124499	0,000000	3,119968	0,528557	0,400197
273,800000	7,763564	7,794398	0,417222	0,096454	2,070773	-12557,730974	-10941,985762	-2985,015825	-11912,555484	-12359,658030	8,476929	68,845158	23,413151	23,926216	26,897307	23,958008	24,214305	-2,910391	1,252834	0,975984	239142,792120	-0,194889	0,000471	1,678574	0,620132	2,037366	-0,124491	-0,124499	0,000000	3,120883	0,529723	0,400314
274,000000	7,763557	7,794375	0,412570	0,095795	2,070557	-12566,510507	-10942,512465	-2985,309049	-11924,191391	-12371,293937	8,475538	68,835601	23,406584	23,922085	26,899398	23,953579	24,215791	-2,910318	1,252475	0,976013	239157,933567	-0,195389	0,000605	1,678041	0,619342	2,036810	-0,124489	-0,124495	0,000000	3,120635	0,530801	0,400282
274,200000	7,763564	7,794074	0,408750	0,095023	2,063013	-12578,697610	-10942,110840	-2985,319312	-11936,489605	-12383,592152	8,474302	68,812648	23,405904	23,918963	26,894961	23,950524	24,214795	-2,910387	1,252278	0,976471	239172,038119	-0,196249	0,000698	1,741162	0,618798	2,035487	-0,124490	-0,124488	0,000000	3,120041	0,531754	0,400206
274,400000	7,763498	7,793769	0,405977	0,095083	2,051440	-12595,383489	-10942,338449	-2985,238652	-11938,502541	-12385,605088	8,472944	68,844623	23,411563	23,921062	26,887565	23,949840	24,209598	-2,910439	1,252636	0,976612	239181,657570	-0,196409	0,000484	1,796262	0,618693	2,035266	-0,124494	-0,124484	0,000000	3,120869	0,532676	0,400312
274,600000	7,762801	7,793980	0,405161	0,095631	2,046939	-12607,247373	-10943,328601	-2985,358070	-11934,663483	-12381,766030	8,471409	68,951008	23,415529	23,924530	26,882929	23,950067	24,206179	-2,910566	1,252245	0,976097	239191,844075	-0,195916	0,000348	1,773146	0,618770	2,036106	-0,124493	-0,124483	0,000000	3,123624	0,533050	0,400666
274,800000	7,761987	7,794283	0,403711	0,096057	2,045946	-12615,850674	-10943,145451	-2985,762574	-11934,070938	-12381,173485	8,469967	69,063218	23,410761	23,925508	26,883734	23,948015	24,211398	-2,910674	1,251979	0,975880	239197,943867	-0,195959	0,000525	1,810342	0,618631	2,036998	-0,124491	-0,124483	0,000000	3,126528	0,533500	0,401038
275,000000	7,762084	7,794158	0,397946	0,095521	2,040892	-12616,439214	-10941,854549	-2985,948709	-11940,665872	-12387,768419	8,468602	69,124856	23,400257	23,923911	26,888670	23,944921	24,222500	-2,910472	1,252001	0,976562	239198,924463	-0,196155	0,000639	1,878644	0,618244	2,037490	-0,124492	-0,124483	0,000000	3,128122	0,535370	0,401243
275,200000	7,762741	7,793855	0,391544	0,093790	2,041620	-12606,916397	-10940,047772	-2985,600335	-11956,546946	-12403,649493	8,467025	69,147903	23,393523	23,921971	26,891120	23,946136	24,229788	-2,910178	1,252050	0,976568	239203,813290	-0,195809	0,000584	1,889001	0,617979	2,037228	-0,124496	-0,124482	0,000000	3,128718	0,537593	0,401319
275,400000	7,763008	7,793654	0,389085	0,093265	2,042798	-12612,462175	-10939,377835	-2985,408018	-11969,808907	-12416,911454	8,465388	69,148808	23,394413	23,921976	26,888882	23,950636	24,227320	-2,910133	1,252229	0,975620	239216,212682	-0,195926	0,000384	1,930787	0,617860	2,036558	-0,124501	-0,124486	0,000000	3,128741	0,538424	0,401322
275,600000	7,762770	7,793446	0,388985	0,094918	2,033001	-12633,241833	-10940,976245	-2985,410288	-11967,155598	-12414,258144	8,463924	69,147586	23,398718	23,923080	26,886131	23,952097	24,219240	-2,910232	1,252049	0,975491	239230,175686	-0,196128	0,000241	2,031661	0,617359	2,036630	-0,124500	-0,124494	0,000000	3,128710	0,538007	0,401318
275,800000	7,762574	7,793284	0,390000	0,095558	2,025271	-12647,976875	-10942,089626	-2985,232136	-11957,214699	-12404,317246	8,462571	69,147385	23,402374	23,923724	26,881370	23,947261	24,213286	-2,910384	1,252113	0,976497	239233,718997	-0,195816	0,000382	2,060908	0,616251	2,037127	-0,124496	-0,124493	0,000000	3,128704	0,536630	0,401318
276,000000	7,762558	7,793163	0,392180	0,094141	2,024609	-12662,529962	-10941,164006	-2985,372548	-11954,878564	-12401,981111	8,461218	69,122930	23,403602	23,923255	26,874089	23,939602	24,215117	-2,910508	1,252326	0,977776	239218,918676	-0,196282	0,000526	1,975843	0,615174	2,036787	-0,124494	-0,124489	0,000000	3,128072	0,534832	0,401236
276,200000	7,762544	7,792833	0,394309	0,093404	2,028344	-12680,482148	-10939,949278	-2985,561957	-11961,609062	-12408,711609	8,459826	69,084780	23,402021	23,921920	26,871634	23,937023	24,222824	-2,910432	1,252206	0,978054	239210,570377	-0,196865	0,000507	1,916704	0,614743	2,036273	-0,124488	-0,124482	0,000000	3,127085	0,533620	0,401110
276,400000	7,762654	7,792645	0,397139	0,093502	2,037976	-12701,909039	-10939,510221	-2985,399354	-11967,315076	-12414,417623	8,458390	69,077358	23,399623	23,921239	26,873468	23,942337	24,227613	-2,910326	1,252456	0,977561	239229,259367	-0,196309	0,000566	1,907001	0,614705	2,035662	-0,124482	-0,124474	0,000000	3,126893	0,532498	0,401085
276,600000	7,762700	7,792643	0,401456	0,092742	2,043667	-12729,250222	-10940,334709	-2985,249523	-11961,663110	-12408,765657	8,456818	69,109106	23,399480	23,921174	26,872495	23,950986	24,225414	-2,910418	1,252625	0,977449	239262,530146	-0,195578	0,000616	1,879146	0,614687	2,034722	-0,124483	-0,124478	0,000000	3,127715	0,530841	0,401191
276,800000	7,762552	7,792238	0,405964	0,092796	2,049364	-12743,913744	-10942,150218	-2985,250232	-11948,906853	-12396,009400	8,455234	69,143042	23,402178	23,921259	26,869834	23,955627	24,220426	-2,910431	1,252488	0,977449	239290,831415	-0,195833	0,000486	1,878960	0,615017	2,035126	-0,124487	-0,124489	0,000000	3,128592	0,529392	0,401303
277,000000	7,762412	7,791569	0,408800	0,094607	2,060515	-12744,532048	-10942,787505	-2985,574835	-11943,298661	-12390,401208	8,453729	69,162215	23,405469	23,922022	26,869032	23,952390	24,217338	-2,910232	1,252302	0,977162	239291,189242	-0,196810	0,000390	1,910219	0,615750	2,035874	-0,124490	-0,124488	0,000000	3,129088	0,528913	0,401367
277,200000	7,762340	7,791143	0,409923	0,095444	2,065128	-12747,784268	-10941,771857	-2985,846056	-11950,749906	-12397,852453	8,452086	69,173582	23,406478	23,922203	26,870265	23,944604	24,216712	-2,910152	1,251703	0,977023	239275,366488	-0,197165	0,000381	1,906600	0,616218	2,034538	-0,124495	-0,124481	0,000000	3,129382	0,528869	0,401404
277,400000	7,762341	7,791108	0,410518	0,094213	2,065075	-12754,065040	-10941,452275	-2985,653383	-11962,013774	-12409,116320	8,450498	69,172448	23,405212	23,920408	26,868117	23,939586	24,217553	-2,910206	1,251422	0,977451	239277,667901	-0,196579	0,000438	1,872306	0,616300	2,031924	-0,124496	-0,124477	0,000000	3,129352	0,528713	0,401401
277,600000	7,762224	7,791279	0,410948	0,092795	2,065361	-12757,647456	-10941,526941	-2985,310510	-11964,720568	-12411,823115	8,449302	69,162975	23,406481	23,919719	26,858979	23,941702	24,219195	-2,910376	1,251603	0,977935	239293,400174	-0,195868	0,000615	1,875839	0,616600	2,030487	-0,124492	-0,124475	0,000000	3,129107	0,528805	0,401369
277,800000	7,761814	7,791267	0,411695	0,092870	2,060960	-12754,106535	-10940,697737	-2985,059031	-11956,566408	-12403,668954	8,448239	69,163841	23,412133	23,922109	26,852284	23,949717	24,220964	-2,910640	1,252089	0,977983	239313,583833	-0,195607	0,000805	1,924238	0,617537	2,030350	-0,124488	-0,124477	0,000000	3,129130	0,529312	0,401372
278,000000	7,761513	7,791297	0,413007	0,094203	2,052156	-12739,739496	-10940,575208	-2984,904429	-11941,085921	-12388,188468	8,446947	69,116801	23,415273	23,924011	26,852158	23,958164	24,221764	-2,910737	1,253251	0,977451	239351,118746	-0,195741	0,000821	1,934790	0,619019	2,031060	-0,124481	-0,124484	0,000000	3,127914	0,530087	0,401216
278,200000	7,761405	7,791626	0,415317	0,095040	2,045471	-12724,621931	-10940,572790	-2984,935706	-11926,128520	-12373,231066	8,445428	68,972188	23,410476	23,923310	26,852690	23,959895	24,222236	-2,910425	1,253758	0,977360	239385,024062	-0,195947	0,000659	1,872829	0,620422	2,032766	-0,124481	-0,124486	0,000000	3,124172	0,530443	0,400736
278,400000	7,761299	7,791591	0,419131	0,094674	2,050821	-12726,109240	-10939,587416	-2985,014835	-11921,209440	-12368,311987	8,443833	68,852881	23,404523	23,921780	26,853871	23,955101	24,221491	-2,909924	1,253504	0,978155	239384,396731	-0,196190	0,000513	1,794109	0,621107	2,033841	-0,124488	-0,124485	0,000000	3,121083	0,529604	0,400340
278,600000	7,761344	7,791215	0,423905	0,093881	2,063556	-12741,399094	-10939,714791	-2984,850277	-11925,866763	-12372,969310	8,442289	68,846223	23,405506	23,921158	26,853675	23,950848	24,217725	-2,909994	1,254253	0,978217	239372,311786	-0,195928	0,000530	1,762206	0,621135	2,033111	-0,124490	-0,124486	0,000000	3,120910	0,527830	0,400318
278,800000	7,761028	7,791057	0,428488	0,093325	2,073159	-12757,511479	-10940,758291	-2984,700715	-11928,641723	-12375,744270	8,440979	68,868498	23,412381	23,921896	26,846807	23,949837	24,213853	-2,910544	1,254354	0,977534	239369,383577	-0,195513	0,000729	1,787668	0,620672	2,031375	-0,124485	-0,124486	0,000000	3,121487	0,525720	0,400392
279,000000	7,760225	7,790845	0,432185	0,093348	2,087532	-12768,242058	-10941,539696	-2984,803762	-11923,570224	-12370,672771	8,439758	68,861039	23,420291	23,923809	26,836746	23,951665	24,211971	-2,910754	1,253177	0,977456	239355,182069	-0,196092	0,000792	1,857796	0,619569	2,030914	-0,124480	-0,124487	0,000000	3,121294	0,523396	0,400367
279,200000	7,759671	7,790449	0,435580	0,093855	2,102298	-12774,270207	-10942,322452	-2984,822153	-11917,574349	-12364,676896	8,438241	68,826562	23,423730	23,925864	26,833996	23,955930	24,212246	-2,910634	1,252938	0,977901	239331,818029	-0,196503	0,000639	1,924482	0,618247	2,032587	-0,124476	-0,124488	0,000000	3,120401	0,521012	0,400252
279,400000	7,759401	7,790284	0,440161	0,094400	2,104058	-12780,487164	-10942,185085	-2984,789782	-11915,324659	-12362,427206	8,436451	68,759991	23,419141	23,926080	26,842132	23,959135	24,215231	-2,910570	1,252977	0,977779	239327,438717	-0,195853	0,000599	1,891966	0,617293	2,034542	-0,124480	-0,124489	0,000000	3,118676	0,518556	0,400031
279,600000	7,759241	7,790362	0,446714	0,094719	2,103654	-12788,950664	-10941,024866	-2984,959925	-11916,046054	-12363,148600	8,434662	68,694137	23,409839	23,923870	26,853016	23,959378	24,219979	-2,910437	1,253071	0,976817	239328,813681	-0,195626	0,000609	1,849614	0,616459	2,035634	-0,124486	-0,124492	0,000000	3,116969	0,515537	0,399812
279,800000	7,759309	7,790349	0,453973	0,094903	2,105362	-12801,093465	-10940,792980	-2985,136238	-11919,790326	-12366,892873	8,433136	68,669353	23,406530	23,921278	26,856836	23,960035	24,221362	-2,910390	1,253690	0,976243	239312,685085	-0,195986	0,000611	1,951251	0,615908	2,036189	-0,124487	-0,124492	0,000000	3,116326	0,512513	0,399730
280,000000	7,759458	7,790200	0,459774	0,094757	2,107306	-12815,431229	-10941,260472	-2985,229732	-11925,019729	-12372,122275	8,431906	68,687688	23,413241	23,920844	26,850555	23,960716	24,214460	-2,910698	1,253937	0,976618	239307,241294	-0,196239	0,000635	2,073751	0,616204	2,036234	-0,124488	-0,124487	0,000000	3,116802	0,510703	0,399791
280,200000	7,759285	7,790045	0,463457	0,094615	2,116352	-12826,229342	-10941,462126	-2985,128026	-11928,896296	-12375,998843	8,430743	68,708255	23,420367	23,923200	26,842593	23,958101	24,204286	-2,910922	1,254106	0,977002	239308,431341	-0,196465	0,000503	1,983020	0,616880	2,035704	-0,124487	-0,124486	0,000000	3,117335	0,509948	0,399859
280,400000	7,758890	7,790016	0,466411	0,095386	2,123431	-12826,581109	-10942,325997	-2984,751108	-11929,473272	-12376,575819	8,429393	68,640031	23,420583	23,925712	26,842003	23,955260	24,199769	-2,910846	1,254270	0,976775	239283,048899	-0,195909	0,000361	1,728455	0,617137	2,035614	-0,124487	-0,124489	0,000000	3,115566	0,509126	0,399632
280,600000	7,758810	7,790064	0,470238	0,096144	2,128309	-12816,503810	-10943,248907	-2984,669872	-11927,664186	-12374,766733	8,427799	68,484036	23,414872	23,925387	26,846051	23,953514	24,202102	-2,910706	1,254198	0,976349	239262,569033	-0,195184	0,000494	1,619273	0,616770	2,036257	-0,124489	-0,124489	0,000000	3,111518	0,507509	0,399113
280,800000	7,759023	7,790024	0,475300	0,095797	2,137827	-12810,581432	-10942,941723	-2985,233658	-11928,850813	-12375,953360	8,426216	68,374174	23,408486	23,922671	26,849842	23,952954	24,208660	-2,910578	1,253862	0,976497	239259,481312	-0,195784	0,000630	1,681610	0,615871	2,036425	-0,124489	-0,124488	0,000000	3,108665	0,505038	0,398747
281,000000	7,759094	7,789943	0,480612	0,095465	2,143219	-12820,251416	-10942,226373	-2985,585831	-11936,772217	-12383,874764	8,424876	68,365320	23,405818	23,920579	26,852077	23,957161	24,215126	-2,910518	1,253139	0,977093	239253,032174	-0,196182	0,000590	1,718661	0,614850	2,036022	-0,124489	-0,124487	0,000000	3,108435	0,502394	0,398718
281,200000	7,758816	7,789915	0,484596	0,095697	2,147461	-12834,441006	-10941,450216	-2985,395857	-11947,836537	-12394,939084	8,423591	68,400484	23,406338	23,921452	26,853469	23,963413	24,214167	-2,910448	1,253437	0,977619	239246,099345	-0,195980	0,000575	1,742835	0,614327	2,036445	-0,124490	-0,124488	0,000000	3,109348	0,500618	0,398835
281,400000	7,758335	7,789740	0,486628	0,095989	2,155240	-12833,967917	-10940,891080	-2985,200408	-11955,900193	-12403,002740	8,422072	68,416991	23,407442	23,923491	26,857892	23,964063	24,206316	-2,910404	1,254373	0,977478	239238,558473	-0,196202	0,000410	1,825859	0,614315	2,037065	-0,124491	-0,124494	0,000000	3,109777	0,499917	0,398890
281,600000	7,758038	7,789390	0,488353	0,096266	2,157872	-12822,657036	-10941,809134	-2985,029962	-11960,108078	-12407,210625	8,420603	68,390466	23,407417	23,923718	26,864684	23,955881	24,200532	-2,910503	1,253979	0,976638	239237,287214	-0,195775	0,000276	1,909228	0,614697	2,037215	-0,124494	-0,124498	0,000000	3,109088	0,499640	0,398801
281,800000	7,758099	7,789221	0,491785	0,096165	2,153758	-12815,180511	-10941,953109	-2985,091648	-11965,001126	-12412,103673	8,419363	68,352863	23,406177	23,922978	26,868614	23,944458	24,202382	-2,910483	1,253329	0,976290	239247,933664	-0,195003	0,000475	1,914976	0,615713	2,037360	-0,124497	-0,124494	0,000000	3,108111	0,499312	0,398676
282,000000	7,758340	7,789282	0,495123	0,095156	2,150046	-12813,447173	-10940,265387	-2985,100836	-11975,530563	-12422,633109	8,418086	68,343015	23,402699	23,923275	26,869829	23,938857	24,208931	-2,910400	1,253248	0,976737	239269,983775	-0,194557	0,000670	1,893959	0,616889	2,036440	-0,124494	-0,124488	0,000000	3,107855	0,499153	0,398643
282,200000	7,758477	7,789301	0,495159	0,093685	2,153404	-12808,609372	-10939,938412	-2984,806809	-11984,836272	-12431,938819	8,416791	68,365848	23,399005	23,924029	26,870769	23,941382	24,213510	-2,910528	1,252412	0,976984	239284,681731	-0,194064	0,000646	1,898216	0,617393	2,035147	-0,124488	-0,124483	0,000000	3,108448	0,499550	0,398719
282,400000	7,758377	7,789084	0,494033	0,093289	2,157799	-12798,331443	-10942,087043	-2984,769366	-11983,628308	-12430,730854	8,415410	68,393824	23,399288	23,925001	26,871530	23,948465	24,214327	-2,910686	1,251849	0,976495	239262,553090	-0,194120	0,000413	1,859968	0,617070	2,035145	-0,124485	-0,124485	0,000000	3,109175	0,499653	0,398812
282,600000	7,758140	7,788844	0,495369	0,094054	2,157132	-12795,873228	-10944,151657	-2984,956268	-11983,782452	-12430,884999	8,413858	68,391114	23,400680	23,925292	26,876372	23,953842	24,213300	-2,910692	1,252294	0,975930	239219,195515	-0,194322	0,000313	1,810164	0,616076	2,036993	-0,124486	-0,124491	0,000000	3,109105	0,498395	0,398803
282,800000	7,757859	7,788721	0,496959	0,094343	2,162132	-12797,168738	-10943,341668	-2985,262882	-11993,976240	-12441,078787	8,412378	68,363990	23,397547	23,922588	26,885471	23,951185	24,213321	-2,910484	1,252347	0,976056	239190,771965	-0,194090	0,000523	1,846355	0,615103	2,038131	-0,124491	-0,124492	0,000000	3,108400	0,497092	0,398713
283,000000	7,757740	7,788567	0,496021	0,093577	2,168912	-12788,504812	-10940,646063	-2985,531673	-12003,326577	-12450,429124	8,411008	68,345061	23,392211	23,919999	26,888666	23,941428	24,215567	-2,910070	1,252031	0,976360	239174,973775	-0,194550	0,000628	1,925468	0,614949	2,037294	-0,124495	-0,124487	0,000000	3,107908	0,497281	0,398650
283,200000	7,758012	7,788496	0,493112	0,092764	2,164237	-12770,988276	-10939,487866	-2985,543597	-12004,957714	-12452,060260	8,409630	68,343926	23,392235	23,921101	26,885518	23,933794	24,218925	-2,909848	1,251798	0,976565	239154,430207	-0,195651	0,000630	1,935792	0,615309	2,036167	-0,124494	-0,124480	0,000000	3,107879	0,498530	0,398646
283,400000	7,758110	7,788484	0,489132	0,092812	2,159049	-12742,296039	-10939,791513	-2985,568200	-11997,962145	-12445,064691	8,408113	68,356179	23,398533	23,922940	26,880585	23,934995	24,221176	-2,910113	1,251868	0,977196	239145,751305	-0,196479	0,000747	1,849859	0,615596	2,034299	-0,124487	-0,124476	0,000000	3,108197	0,500085	0,398687
283,600000	7,757689	7,788362	0,484654	0,093542	2,156263	-12708,797429	-10939,935529	-2985,449218	-11982,130391	-12429,232938	8,406473	68,375114	23,402762	23,922919	26,875981	23,940485	24,220922	-2,910467	1,252423	0,977594	239145,899616	-0,196834	0,000699	1,790906	0,615936	2,033367	-0,124478	-0,124477	0,000000	3,108689	0,501856	0,398750
283,800000	7,757297	7,788305	0,480892	0,094145	2,147711	-12686,138612	-10941,042440	-2985,250436	-11965,598093	-12412,700640	8,404877	68,391057	23,399285	23,923499	26,877327	23,943625	24,221678	-2,910463	1,252479	0,977166	239141,350257	-0,196609	0,000300	1,759045	0,616631	2,034609	-0,124478	-0,124482	0,000000	3,109103	0,503697	0,398803
284,000000	7,757093	7,788236	0,479250	0,094258	2,139454	-12676,878150	-10942,537073	-2985,477654	-11960,283230	-12407,385777	8,403299	68,417619	23,392824	23,924343	26,884851	23,944591	24,225265	-2,910247	1,251850	0,976876	239148,757104	-0,196239	8,556046E-5	1,674325	0,617166	2,036017	-0,124488	-0,124484	0,000000	3,109793	0,504701	0,398892
284,200000	7,757295	7,787868	0,476732	0,094309	2,130827	-12672,994226	-10942,383645	-2985,795377	-11965,621337	-12412,723884	8,401774	68,464776	23,388741	23,921008	26,892270	23,944130	24,229658	-2,910071	1,251501	0,977218	239162,223717	-0,196241	0,000382	1,656908	0,616954	2,035766	-0,124493	-0,124483	0,000000	3,111018	0,505385	0,399049
284,400000	7,757710	7,787424	0,468904	0,094317	2,125131	-12653,885988	-10940,926132	-2985,751380	-11969,313641	-12416,416187	8,400378	68,501737	23,387592	23,916863	26,891112	23,942186	24,231335	-2,910008	1,251301	0,977523	239170,175862	-0,196558	0,000743	1,768459	0,616198	2,034051	-0,124489	-0,124478	0,000000	3,111977	0,507437	0,399172
284,600000	7,757654	7,787008	0,458277	0,094351	2,125190	-12616,432525	-10939,881499	-2985,530778	-11964,061309	-12411,163856	8,398990	68,520918	23,392849	23,918222	26,880563	23,942224	24,226909	-2,910111	1,250736	0,977017	239176,687833	-0,197031	0,000756	1,866306	0,614995	2,032667	-0,124485	-0,124475	0,000000	3,112475	0,510094	0,399236
284,800000	7,757220	7,786729	0,451220	0,094592	2,118346	-12586,231376	-10940,474030	-2985,502586	-11951,989602	-12399,092149	8,397558	68,544996	23,403997	23,922307	26,871328	23,945972	24,218182	-2,910368	1,250219	0,976474	239181,526955	-0,197170	0,000537	1,847834	0,613738	2,032377	-0,124488	-0,124478	0,000000	3,113100	0,511489	0,399316
285,000000	7,756499	7,786845	0,449291	0,094775	2,109247	-12576,549779	-10941,511972	-2985,523286	-11940,227147	-12387,329694	8,396224	68,580361	23,409384	23,924066	26,872873	23,948131	24,215255	-2,910569	1,251063	0,976668	239180,956917	-0,196781	0,000495	1,768824	0,613413	2,032824	-0,124488	-0,124481	0,000000	3,114018	0,511906	0,399434
285,200000	7,755928	7,787061	0,448043	0,094594	2,105497	-12583,652922	-10941,190374	-2985,358517	-11935,797054	-12382,899601	8,395006	68,627556	23,404825	23,922929	26,880518	23,946518	24,223875	-2,910521	1,252337	0,976768	239184,291699	-0,196355	0,000624	1,744275	0,614037	2,033485	-0,124484	-0,124478	0,000000	3,115242	0,512895	0,399591
285,400000	7,756233	7,786992	0,442224	0,093606	2,098367	-12589,883723	-10940,603214	-2985,219536	-11938,069035	-12385,171582	8,393690	68,682741	23,398248	23,920831	26,883279	23,947391	24,232799	-2,910413	1,252433	0,976967	239207,349338	-0,195763	0,000614	1,754375	0,614611	2,033767	-0,124484	-0,124478	0,000000	3,116673	0,515451	0,399774
285,600000	7,756759	7,786523	0,431784	0,093117	2,086818	-12573,378537	-10941,611599	-2985,200796	-11938,718198	-12385,820745	8,392306	68,719786	23,398200	23,920172	26,882038	23,952412	24,231586	-2,910414	1,252858	0,977297	239245,751872	-0,195423	0,000560	1,695315	0,614953	2,033174	-0,124486	-0,124481	0,000000	3,117634	0,519471	0,399898
285,800000	7,756600	7,785926	0,421890	0,094388	2,076195	-12544,839963	-10943,373956	-2985,271724	-11933,525693	-12380,628240	8,391017	68,738461	23,406263	23,920712	26,880520	23,957028	24,222222	-2,910501	1,252939	0,977110	239267,505388	-0,196143	0,000606	1,631384	0,615749	2,032319	-0,124483	-0,124484	0,000000	3,118118	0,523726	0,399960
286,000000	7,756151	7,785674	0,417353	0,095537	2,068766	-12536,196476	-10943,403097	-2985,364926	-11927,987767	-12375,090313	8,389713	68,759070	23,414969	23,920891	26,877836	23,957529	24,211197	-2,910609	1,251596	0,976579	239236,187277	-0,197090	0,000569	1,685942	0,617138	2,032039	-0,124481	-0,124487	0,000000	3,118652	0,526569	0,400028
286,200000	7,756114	7,785675	0,417283	0,095325	2,061214	-12554,549703	-10941,830543	-2985,320541	-11925,574982	-12372,677529	8,388146	68,782660	23,419658	23,921560	26,875694	23,953189	24,205705	-2,910662	1,251501	0,976227	239195,848355	-0,197288	0,000449	1,809857	0,618404	2,032604	-0,124484	-0,124486	0,000000	3,119264	0,527669	0,400107
286,400000	7,756290	7,785641	0,415453	0,094693	2,053573	-12573,544425	-10940,902817	-2985,115314	-11923,576324	-12370,678871	8,386478	68,821261	23,420604	23,922550	26,875037	23,947670	24,208591	-2,910681	1,251969	0,976405	239204,553098	-0,196616	0,000416	1,854632	0,619116	2,033151	-0,124485	-0,124482	0,000000	3,120264	0,528955	0,400235
286,600000	7,756076	7,785667	0,409753	0,094603	2,054940	-12575,275957	-10940,709754	-2984,923893	-11921,723537	-12368,826084	8,385041	68,864018	23,418072	23,922109	26,873891	23,948098	24,215263	-2,910663	1,251722	0,976876	239237,915471	-0,195686	0,000504	1,859522	0,619616	2,033012	-0,124482	-0,124483	0,000000	3,121371	0,531524	0,400377
286,800000	7,755650	7,785653	0,403370	0,094675	2,057436	-12570,176552	-10940,676921	-2985,100713	-11920,173402	-12367,275948	8,383627	68,882897	23,415851	23,921240	26,870679	23,956557	24,219456	-2,910606	1,252155	0,977075	239260,186040	-0,195933	0,000574	1,937037	0,619923	2,032990	-0,124477	-0,124491	0,000000	3,121860	0,534202	0,400440
287,000000	7,755406	7,785440	0,399520	0,094175	2,049779	-12566,084974	-10941,085141	-2985,458744	-11917,091644	-12364,194191	8,382241	68,887331	23,416531	23,921724	26,868761	23,964018	24,217155	-2,910613	1,252181	0,976496	239244,211809	-0,196962	0,000443	2,010766	0,619978	2,033467	-0,124472	-0,124498	0,000000	3,121975	0,535703	0,400454
287,200000	7,755011	7,785165	0,398059	0,094500	2,045296	-12570,509414	-10941,021939	-2985,428995	-11915,177169	-12362,279715	8,381093	68,884097	23,418098	23,923401	26,871550	23,963266	24,209804	-2,910703	1,251948	0,975766	239216,516857	-0,196969	0,000193	2,039445	0,620061	2,034702	-0,124476	-0,124499	0,000000	3,121891	0,536319	0,400444
287,400000	7,754413	7,785105	0,394289	0,095895	2,044606	-12587,425279	-10940,793667	-2985,169954	-11919,594120	-12366,696666	8,379785	68,888840	23,417824	23,924644	26,874615	23,956255	24,204468	-2,910702	1,252618	0,975913	239224,871209	-0,195882	4,350070E-5	2,054642	0,620412	2,035683	-0,124488	-0,124499	0,000000	3,122014	0,538074	0,400459
287,600000	7,754232	7,785261	0,386986	0,095903	2,037704	-12595,075986	-10941,328796	-2984,924738	-11930,245899	-12377,348446	8,378119	68,939946	23,414990	23,922573	26,873288	23,948111	24,204914	-2,910680	1,252573	0,976635	239259,528906	-0,194760	0,000227	2,018934	0,621299	2,035289	-0,124493	-0,124495	0,000000	3,123337	0,541693	0,400629
287,800000	7,754563	7,785098	0,381095	0,094517	2,031312	-12586,326946	-10941,437729	-2984,668174	-11938,865952	-12385,968499	8,376482	69,001683	23,413017	23,919620	26,867373	23,943881	24,207803	-2,910740	1,252131	0,977106	239287,472718	-0,194359	0,000626	1,941593	0,622763	2,033985	-0,124490	-0,124488	0,000000	3,124935	0,545271	0,400834
288,000000	7,754751	7,784707	0,379707	0,094042	2,022365	-12588,238575	-10941,057126	-2984,595510	-11936,552504	-12383,655051	8,375123	69,013709	23,413934	23,921678	26,861592	23,947535	24,209702	-2,910735	1,252706	0,977568	239268,769986	-0,194584	0,000789	1,880916	0,624346	2,033804	-0,124487	-0,124482	0,000000	3,125247	0,547168	0,400874
288,200000	7,754194	7,784741	0,380872	0,094677	2,012216	-12609,694877	-10941,527940	-2984,567730	-11926,789788	-12373,892335	8,373884	68,996872	23,414978	23,925643	26,862241	23,956417	24,209988	-2,910775	1,253607	0,978007	239235,407433	-0,194553	0,000628	1,835022	0,625330	2,035415	-0,124487	-0,124481	0,000000	3,124811	0,547564	0,400818
288,400000	7,753424	7,784971	0,383002	0,095163	2,010174	-12637,024498	-10942,583913	-2984,670574	-11919,135352	-12366,237899	8,372424	68,989783	23,411139	23,925554	26,867735	23,960239	24,207991	-2,910821	1,254083	0,977284	239248,981846	-0,194761	0,000365	1,786262	0,625099	2,037337	-0,124492	-0,124485	0,000000	3,124628	0,546543	0,400795
288,600000	7,753515	7,784826	0,386169	0,095332	2,010382	-12661,424857	-10942,663213	-2985,218103	-11917,116174	-12364,218721	8,370792	68,996006	23,402628	23,922823	26,873867	23,955224	24,207761	-2,910576	1,254021	0,975879	239272,884950	-0,195821	0,000217	1,759445	0,623587	2,039523	-0,124499	-0,124491	0,000000	3,124789	0,543982	0,400815
288,800000	7,754138	7,784399	0,390073	0,095536	2,019085	-12679,513091	-10941,901628	-2985,609653	-11921,297655	-12368,400201	8,369403	69,007752	23,398450	23,921325	26,874751	23,949003	24,210894	-2,910296	1,253901	0,975477	239271,651511	-0,196316	0,000275	1,742266	0,621729	2,040475	-0,124502	-0,124488	0,000000	3,125093	0,540815	0,400854
289,000000	7,754230	7,783947	0,395036	0,095183	2,038702	-12699,993270	-10941,450858	-2985,544942	-11928,424683	-12375,527230	8,368186	69,017598	23,401664	23,920917	26,867194	23,947090	24,211247	-2,910385	1,253154	0,975984	239258,751248	-0,196410	0,000377	1,752016	0,620443	2,038940	-0,124499	-0,124482	0,000000	3,125347	0,537735	0,400887
289,200000	7,753709	7,783783	0,400956	0,094206	2,052077	-12727,097333	-10941,387892	-2985,263897	-11929,066271	-12376,168818	8,366825	69,020576	23,407043	23,921969	26,859860	23,947879	24,209182	-2,910635	1,251651	0,976337	239249,836927	-0,196511	0,000402	1,840692	0,619810	2,036981	-0,124493	-0,124483	0,000000	3,125424	0,534890	0,400897
289,400000	7,752983	7,784089	0,406500	0,093591	2,058603	-12747,815833	-10941,356468	-2984,919449	-11920,810361	-12367,912908	8,365289	69,021729	23,410337	23,925741	26,860161	23,949371	24,208404	-2,910701	1,251841	0,976487	239265,163553	-0,195691	0,000443	1,950404	0,619489	2,036935	-0,124492	-0,124486	0,000000	3,125454	0,532517	0,400901
289,600000	7,752355	7,784291	0,410770	0,093680	2,065014	-12757,524745	-10941,196972	-2984,976694	-11916,642899	-12363,745445	8,363659	69,023120	23,408084	23,927618	26,864754	23,949880	24,210600	-2,910654	1,253085	0,976617	239287,217774	-0,194956	0,000460	1,970668	0,618944	2,038137	-0,124492	-0,124491	0,000000	3,125490	0,530455	0,400905
289,800000	7,752382	7,784191	0,414175	0,094443	2,069321	-12762,907357	-10940,680049	-2985,289208	-11923,656861	-12370,759408	8,362269	69,016593	23,400307	23,924981	26,867401	23,948540	24,217923	-2,910458	1,252968	0,976766	239288,608686	-0,195159	0,000365	1,908144	0,618120	2,038445	-0,124489	-0,124495	0,000000	3,125321	0,528476	0,400884
290,000000	7,753188	7,784109	0,417822	0,094997	2,068555	-12767,055511	-10940,195479	-2985,357268	-11932,368639	-12379,471185	8,361109	69,002952	23,392151	23,921827	26,865815	23,945854	24,226717	-2,910172	1,252815	0,976890	239285,223448	-0,195795	0,000209	1,911852	0,617256	2,037529	-0,124488	-0,124492	0,000000	3,124968	0,526377	0,400838
290,200000	7,753907	7,783756	0,422363	0,094188	2,065308	-12776,183585	-10941,132511	-2985,410091	-11936,225240	-12383,327787	8,359630	68,991536	23,390830	23,920746	26,861153	23,944755	24,226910	-2,910183	1,252691	0,976570	239291,971026	-0,196412	0,000203	1,975033	0,616476	2,036298	-0,124490	-0,124486	0,000000	3,124673	0,524006	0,400800
290,400000	7,753917	7,783042	0,427498	0,093133	2,066996	-12789,975730	-10942,933247	-2985,439031	-11936,374927	-12383,477474	8,357949	68,993970	23,398443	23,921017	26,858386	23,945642	24,217035	-2,910434	1,252185	0,976209	239288,741876	-0,196600	0,000447	1,965450	0,615982	2,035441	-0,124491	-0,124486	0,000000	3,124736	0,521654	0,400808
290,600000	7,753437	7,782533	0,432276	0,093480	2,069860	-12795,182518	-10942,868991	-2985,387255	-11934,990219	-12382,092766	8,356484	69,001999	23,406346	23,921928	26,858248	23,943398	24,209636	-2,910576	1,252598	0,976640	239285,760024	-0,196717	0,000687	1,970867	0,615772	2,034897	-0,124490	-0,124487	0,000000	3,124944	0,519703	0,400835
290,800000	7,752949	7,782411	0,436187	0,094091	2,070888	-12790,891403	-10941,205455	-2985,469053	-11932,950709	-12380,053256	8,355104	68,991959	23,405675	23,922412	26,858680	23,938529	24,211854	-2,910491	1,252533	0,977488	239292,234648	-0,196967	0,000676	2,020450	0,616024	2,034700	-0,124490	-0,124481	0,000000	3,124684	0,518493	0,400802
291,000000	7,752843	7,782531	0,440059	0,093349	2,083458	-12785,395470	-10940,345657	-2985,442438	-11932,470235	-12379,572782	8,353613	68,963868	23,398423	23,921800	26,861400	23,935852	24,219724	-2,910389	1,251991	0,977776	239286,753905	-0,196763	0,000447	1,985992	0,616987	2,034558	-0,124494	-0,124474	0,000000	3,123957	0,517919	0,400709
291,200000	7,752961	7,782750	0,444590	0,092107	2,103079	-12783,802567	-10940,397076	-2985,211638	-11933,861742	-12380,964289	8,352068	68,943628	23,392703	23,921428	26,863701	23,937924	24,228022	-2,910441	1,252483	0,977206	239281,716587	-0,196170	0,000300	1,918433	0,618103	2,034303	-0,124493	-0,124474	0,000000	3,123433	0,517245	0,400641
291,400000	7,752903	7,782554	0,448909	0,092000	2,113355	-12782,929218	-10940,713592	-2985,142785	-11929,156753	-12376,259300	8,350651	68,956588	23,393251	23,921507	26,862176	23,943124	24,231086	-2,910519	1,252668	0,976830	239278,583860	-0,195895	0,000439	1,886932	0,618862	2,033826	-0,124489	-0,124476	0,000000	3,123768	0,516321	0,400684
291,600000	7,752776	7,782136	0,452213	0,092581	2,120939	-12781,270703	-10940,869810	-2985,341862	-11921,770374	-12368,872921	8,349307	68,979699	23,397818	23,921686	26,859247	23,947771	24,225604	-2,910483	1,252462	0,977569	239273,313789	-0,196402	0,000617	1,865272	0,619437	2,033460	-0,124489	-0,124482	0,000000	3,124367	0,515595	0,400761
291,800000	7,752815	7,782205	0,455010	0,092712	2,125010	-12785,573987	-10940,114185	-2985,635850	-11923,061901	-12370,164448	8,347914	68,977622	23,401651	23,922826	26,858404	23,946821	24,217355	-2,910328	1,252304	0,978306	239273,801968	-0,197364	0,000538	1,894728	0,619770	2,033939	-0,124492	-0,124487	0,000000	3,124313	0,514881	0,400754
292,000000	7,752739	7,782305	0,458075	0,092663	2,120266	-12788,863188	-10939,515653	-2985,811471	-11929,211697	-12376,314244	8,346474	68,964176	23,401811	23,923264	26,861115	23,937604	24,214919	-2,910160	1,251820	0,977798	239271,381079	-0,197904	0,000344	1,986780	0,619675	2,034694	-0,124496	-0,124484	0,000000	3,123965	0,513729	0,400710
292,200000	7,752329	7,782235	0,462353	0,092260	2,115691	-12791,116069	-10939,761015	-2985,682521	-11937,032487	-12384,135034	8,345053	68,964911	23,398761	23,921938	26,864057	23,929140	24,218572	-2,910257	1,251479	0,977208	239261,722803	-0,197071	0,000427	1,991555	0,619339	2,034414	-0,124496	-0,124477	0,000000	3,123984	0,511951	0,400712
292,400000	7,751876	7,782319	0,468207	0,091427	2,111808	-12805,221519	-10939,622868	-2985,382596	-11946,149572	-12393,252119	8,343906	68,970607	23,397374	23,921011	26,859712	23,929968	24,223354	-2,910578	1,251194	0,977168	239247,941937	-0,195777	0,000868	1,892984	0,619031	2,032701	-0,124490	-0,124478	0,000000	3,124131	0,509654	0,400731
292,600000	7,751626	7,781996	0,474485	0,091344	2,115511	-12823,183479	-10939,345944	-2985,159098	-11950,049542	-12397,152088	8,342866	68,959742	23,400950	23,920853	26,850103	23,937044	24,226656	-2,910591	1,251287	0,977051	239212,759968	-0,195997	0,001076	1,862947	0,618861	2,032005	-0,124482	-0,124487	0,000000	3,123850	0,507309	0,400695
292,800000	7,751675	7,781448	0,479708	0,092795	2,131801	-12836,165097	-10939,643940	-2985,045084	-11949,471126	-12396,573672	8,341381	68,941560	23,404931	23,922481	26,846004	23,945710	24,227300	-2,910424	1,252099	0,977271	239163,836898	-0,196715	0,000726	1,943691	0,618880	2,033427	-0,124478	-0,124489	0,000000	3,123379	0,505492	0,400634
293,000000	7,751766	7,781438	0,482632	0,094142	2,146192	-12847,001890	-10940,615471	-2985,099953	-11954,193999	-12401,296546	8,339653	68,949010	23,404364	23,924061	26,849585	23,951397	24,224193	-2,910460	1,252937	0,977435	239139,476351	-0,196730	0,000450	2,021767	0,618797	2,035090	-0,124482	-0,124487	0,000000	3,123572	0,504429	0,400659
293,200000	7,751638	7,781674	0,483435	0,093866	2,155613	-12852,057453	-10941,508304	-2985,263929	-11970,865572	-12417,968119	8,338209	68,967268	23,401490	23,921019	26,854597	23,949129	24,220098	-2,910522	1,253745	0,976725	239124,430603	-0,197019	0,000456	1,971432	0,618365	2,035714	-0,124488	-0,124487	0,000000	3,124045	0,503832	0,400720
293,400000	7,751636	7,781543	0,484643	0,093348	2,163344	-12850,674014	-10941,775753	-2985,457850	-11992,446495	-12439,549042	8,336864	68,893692	23,401195	23,917682	26,855493	23,943616	24,219456	-2,910545	1,254086	0,976185	239106,979313	-0,197868	0,000526	1,848442	0,618247	2,034562	-0,124489	-0,124485	0,000000	3,122140	0,503326	0,400475
293,600000	7,751739	7,780950	0,488140	0,093896	2,163593	-12848,667363	-10941,737487	-2985,614337	-12005,389218	-12452,491765	8,335354	68,746384	23,406580	23,918603	26,848001	23,942781	24,221474	-2,910596	1,253146	0,976692	239108,402449	-0,198083	0,000696	1,830931	0,619000	2,032377	-0,124487	-0,124481	0,000000	3,118323	0,502706	0,399986
293,800000	7,751224	7,780539	0,492603	0,094716	2,155221	-12851,886708	-10941,606075	-2985,435496	-12004,137495	-12451,240041	8,333852	68,679013	23,413874	23,920329	26,837282	23,947792	24,219640	-2,910698	1,252690	0,976863	239107,103384	-0,197119	0,000694	1,905902	0,619847	2,031213	-0,124485	-0,124480	0,000000	3,116577	0,501843	0,399762
294,000000	7,750136	7,780671	0,495499	0,094870	2,146992	-12853,963870	-10942,219955	-2984,998599	-11994,293707	-12441,396254	8,332526	68,695388	23,415207	23,921081	26,838198	23,955128	24,213491	-2,910860	1,253232	0,976234	239072,640638	-0,196100	0,000571	1,953841	0,619757	2,032551	-0,124482	-0,124482	0,000000	3,117001	0,500806	0,399816
294,200000	7,749437	7,780806	0,496502	0,094904	2,147837	-12844,514590	-10942,809742	-2984,924703	-11986,175249	-12433,277796	8,331243	68,711754	23,411054	23,923478	26,849850	23,959397	24,211249	-2,910852	1,253548	0,976176	239032,522071	-0,196025	0,000631	1,955235	0,619080	2,035575	-0,124479	-0,124482	0,000000	3,117426	0,499946	0,399871
294,400000	7,749607	7,780573	0,497431	0,095084	2,151891	-12828,870485	-10941,904936	-2985,346064	-11986,013062	-12433,115609	8,329863	68,711607	23,406902	23,924760	26,860732	23,959746	24,214092	-2,910655	1,254219	0,976562	239023,150733	-0,196433	0,000620	1,928735	0,618589	2,037150	-0,124480	-0,124484	0,000000	3,117422	0,499242	0,399870
294,600000	7,750184	7,780083	0,499405	0,094986	2,153129	-12815,118944	-10941,034443	-2985,438718	-11991,116459	-12438,219006	8,328414	68,708702	23,405041	23,920850	26,866078	23,958827	24,215196	-2,910560	1,254538	0,976872	239031,602645	-0,196272	0,000535	1,909965	0,618341	2,036187	-0,124485	-0,124485	0,000000	3,117347	0,498373	0,399861
294,800000	7,750388	7,779669	0,501878	0,094725	2,163556	-12806,983098	-10941,479807	-2985,057113	-11993,087173	-12440,189719	8,326899	68,717491	23,407207	23,918225	26,863630	23,958033	24,210928	-2,910482	1,253765	0,977012	239037,445825	-0,195644	0,000584	1,905417	0,618258	2,034731	-0,124488	-0,124487	0,000000	3,117574	0,497462	0,399890
295,000000	7,749770	7,779557	0,503374	0,094540	2,178683	-12802,735528	-10942,390884	-2984,723649	-11985,500895	-12432,603441	8,325475	68,731223	23,414277	23,921985	26,858353	23,958187	24,202473	-2,910438	1,253477	0,976399	239044,773773	-0,195049	0,000582	1,859757	0,618095	2,034335	-0,124486	-0,124489	0,000000	3,117930	0,496814	0,399936
295,200000	7,748694	7,779750	0,503759	0,094457	2,181937	-12791,260586	-10942,870649	-2984,728284	-11971,477248	-12418,579795	8,324267	68,725849	23,420827	23,926599	26,859407	23,958890	24,195214	-2,910653	1,253541	0,975697	239053,148145	-0,194815	0,000648	1,810310	0,617670	2,035086	-0,124483	-0,124492	0,000000	3,117791	0,496350	0,399918
295,400000	7,748132	7,780107	0,503921	0,095195	2,182059	-12769,747286	-10942,457780	-2985,095264	-11961,845548	-12408,948094	8,323074	68,693876	23,419254	23,926455	26,867933	23,957232	24,197398	-2,910778	1,252752	0,975385	239053,962411	-0,195096	0,000755	1,831500	0,617095	2,035994	-0,124482	-0,124499	0,000000	3,116962	0,495869	0,399811
295,600000	7,748369	7,780182	0,503356	0,095729	2,180316	-12746,961950	-10941,716256	-2985,227923	-11956,681224	-12403,783771	8,321628	68,654824	23,409386	23,923699	26,876051	23,952873	24,207830	-2,910619	1,251810	0,975566	239051,387145	-0,195281	0,000572	1,851760	0,616482	2,036311	-0,124479	-0,124499	0,000000	3,115950	0,495585	0,399681
295,800000	7,748680	7,779887	0,501724	0,094249	2,169913	-12725,098658	-10941,747091	-2984,954163	-11950,204911	-12397,307457	8,319862	68,613487	23,400207	23,923010	26,880594	23,951975	24,215518	-2,910513	1,251931	0,976397	239046,440019	-0,194882	0,000406	1,861613	0,616495	2,036052	-0,124479	-0,124492	0,000000	3,114877	0,496126	0,399544
296,000000	7,748721	7,779643	0,498731	0,093450	2,159279	-12704,075803	-10942,377839	-2984,930318	-11942,730604	-12389,833150	8,318251	68,567707	23,400882	23,924191	26,883851	23,955139	24,213496	-2,910485	1,252713	0,976396	239035,351355	-0,194900	0,000487	1,884417	0,617254	2,035598	-0,124483	-0,124492	0,000000	3,113690	0,497719	0,399392
296,200000	7,748752	7,779595	0,494376	0,094853	2,150418	-12683,250357	-10942,794855	-2985,178901	-11933,388235	-12380,490782	8,317189	68,542932	23,407068	23,924438	26,885786	23,955089	24,203876	-2,910506	1,252867	0,975676	239031,013523	-0,195739	0,000705	1,846746	0,617782	2,035757	-0,124486	-0,124497	0,000000	3,113047	0,499597	0,399309
296,400000	7,748619	7,779566	0,490980	0,095761	2,147839	-12663,200317	-10942,819695	-2985,389289	-11926,166842	-12373,269389	8,316120	68,529538	23,409473	23,923685	26,887138	23,950339	24,197005	-2,910627	1,252869	0,975931	239040,569581	-0,196121	0,000932	1,803298	0,617821	2,036020	-0,124487	-0,124498	0,000000	3,112699	0,500769	0,399265
296,600000	7,748391	7,779523	0,488265	0,095059	2,152586	-12651,618070	-10942,211872	-2985,592235	-11927,543089	-12374,645636	8,314558	68,512128	23,407190	23,923855	26,886597	23,943557	24,199784	-2,910633	1,252626	0,976191	239041,947530	-0,195963	0,000770	1,807462	0,617698	2,035825	-0,124490	-0,124492	0,000000	3,112247	0,501580	0,399207
296,800000	7,748293	7,779381	0,482674	0,094131	2,150591	-12642,964979	-10941,470700	-2985,478128	-11934,351312	-12381,453859	8,312922	68,494661	23,401161	23,925120	26,885551	23,938311	24,208723	-2,910535	1,251835	0,975609	239030,000554	-0,195659	0,000448	1,771121	0,617466	2,035891	-0,124493	-0,124483	0,000000	3,111794	0,503271	0,399148
297,000000	7,748220	7,779115	0,474881	0,094016	2,142623	-12622,642769	-10941,176578	-2985,279235	-11937,779277	-12384,881824	8,311480	68,449606	23,394506	23,925316	26,889413	23,940493	24,216157	-2,910507	1,252272	0,975816	239017,354652	-0,195767	0,000569	1,722271	0,617349	2,035695	-0,124492	-0,124480	0,000000	3,110624	0,505826	0,398998
297,200000	7,748390	7,778846	0,467004	0,094009	2,136067	-12593,590166	-10941,170376	-2985,333091	-11931,776485	-12378,879032	8,310099	68,396267	23,391387	23,923384	26,893618	23,948426	24,217619	-2,910526	1,252986	0,976841	239007,782090	-0,196334	0,000810	1,774929	0,617521	2,035457	-0,124492	-0,124487	0,000000	3,109238	0,508680	0,398821
297,400000	7,748400	7,778467	0,459227	0,093906	2,127467	-12567,818200	-10941,244591	-2985,315351	-11920,143733	-12367,246280	8,308758	68,374787	23,390412	23,921601	26,891483	23,952940	24,215931	-2,910407	1,252382	0,977085	239013,504341	-0,196507	0,000758	1,882090	0,617501	2,036719	-0,124491	-0,124492	0,000000	3,108680	0,511353	0,398749
297,600000	7,747907	7,778148	0,452302	0,094460	2,113577	-12548,970436	-10941,075467	-2985,569875	-11913,147853	-12360,250400	8,307370	68,368827	23,390214	23,922037	26,889261	23,948712	24,214034	-2,910159	1,252107	0,976519	239034,845218	-0,196720	0,000499	1,910334	0,616394	2,038405	-0,124494	-0,124487	0,000000	3,108526	0,512848	0,398729
297,800000	7,747621	7,778270	0,445333	0,094861	2,098357	-12533,386884	-10941,224110	-2985,909748	-11914,784533	-12361,887080	8,305928	68,376541	23,389855	23,923131	26,891300	23,938991	24,213292	-2,910104	1,252170	0,975724	239057,338873	-0,196516	0,000245	1,849469	0,614385	2,038376	-0,124499	-0,124483	0,000000	3,108726	0,513652	0,398755
298,000000	7,747763	7,778392	0,437899	0,093706	2,088585	-12522,233132	-10941,626091	-2985,693727	-11921,631366	-12368,733913	8,304579	68,393802	23,388297	23,921744	26,890259	23,931580	24,216364	-2,910302	1,251920	0,975579	239075,583504	-0,195800	0,000206	1,845216	0,613153	2,036525	-0,124499	-0,124482	0,000000	3,109174	0,515280	0,398812
298,200000	7,748113	7,778041	0,431087	0,092323	2,079609	-12522,902341	-10941,291682	-2985,423074	-11929,054377	-12376,156924	8,303229	68,389223	23,388879	23,919583	26,884309	23,931547	24,221469	-2,910462	1,252569	0,976312	239087,402230	-0,196113	0,000324	1,898286	0,613290	2,034920	-0,124496	-0,124480	0,000000	3,109056	0,517823	0,398797
298,400000	7,748420	7,777862	0,425493	0,092712	2,067226	-12534,312541	-10941,085871	-2985,332375	-11932,715487	-12379,818034	8,301667	68,375407	23,393019	23,921130	26,882946	23,938288	24,223745	-2,910471	1,253555	0,976788	239090,950562	-0,196469	0,000491	1,879908	0,613861	2,034639	-0,124493	-0,124476	0,000000	3,108697	0,520324	0,398751
298,600000	7,748326	7,778042	0,420271	0,093962	2,063779	-12545,550334	-10941,504392	-2985,097583	-11932,249917	-12379,352463	8,300104	68,383951	23,395457	23,924219	26,885633	23,945232	24,222159	-2,910552	1,253402	0,976427	239096,803769	-0,195585	0,000644	1,875201	0,614474	2,035299	-0,124492	-0,124479	0,000000	3,108919	0,522769	0,398780
298,800000	7,747945	7,777966	0,413934	0,094392	2,067119	-12543,325931	-10941,724566	-2985,075739	-11930,062195	-12377,164742	8,298722	68,407651	23,391392	23,923909	26,887771	23,945656	24,220453	-2,910482	1,253232	0,975565	239115,322791	-0,195370	0,000638	1,936743	0,615099	2,036930	-0,124493	-0,124485	0,000000	3,109534	0,525647	0,398859
299,000000	7,747845	7,777660	0,409883	0,094039	2,063722	-12534,869574	-10941,493203	-2985,515368	-11930,717663	-12377,820210	8,297418	68,421384	23,385614	23,921032	26,891888	23,940302	24,220661	-2,910105	1,252953	0,975599	239151,301897	-0,196614	0,000495	1,955644	0,615552	2,037806	-0,124492	-0,124485	0,000000	3,109891	0,527540	0,398904
299,200000	7,748087	7,777478	0,410605	0,093448	2,061587	-12549,191239	-10940,422320	-2985,708428	-11940,922377	-12388,024924	8,296069	68,442960	23,386011	23,919465	26,890735	23,936158	24,219898	-2,910033	1,252093	0,976297	239186,027665	-0,197031	0,000597	1,902506	0,615861	2,036008	-0,124494	-0,124479	0,000000	3,110451	0,527524	0,398976
299,400000	7,748024	7,777358	0,411013	0,092888	2,061909	-12585,877027	-10939,547315	-2985,269009	-11951,935276	-12399,037822	8,294552	68,503175	23,393109	23,920025	26,880287	23,936592	24,216851	-2,910352	1,252178	0,976284	239191,655553	-0,195812	0,000808	1,825523	0,616216	2,032714	-0,124492	-0,124478	0,000000	3,112015	0,527649	0,399177
299,600000	7,747524	7,777165	0,407218	0,092542	2,057608	-12609,151083	-10940,305669	-2984,733754	-11950,146097	-12397,248644	8,293078	68,581740	23,401829	23,922392	26,870218	23,939265	24,214061	-2,910627	1,253034	0,976184	239190,089787	-0,194717	0,000718	1,772244	0,616736	2,030712	-0,124483	-0,124482	0,000000	3,114054	0,529485	0,399438
299,800000	7,747150	7,777051	0,403235	0,092401	2,054079	-12605,732131	-10941,068026	-2984,715668	-11942,573717	-12389,676264	8,291802	68,630067	23,404904	23,925027	26,868675	23,942459	24,214415	-2,910756	1,253403	0,976115	239191,870488	-0,194923	0,000548	1,775036	0,617228	2,030862	-0,124478	-0,124485	0,000000	3,115307	0,531398	0,399599
300,000000	7,747137	7,777115	0,404650	0,092710	2,049155	-12606,849287	-10940,248859	-2985,159259	-11938,310219	-12385,412766	8,290519	68,615293	23,400531	23,924490	26,874229	23,945044	24,218793	-2,910655	1,252697	0,976008	239166,460689	-0,195763	0,000476	1,862676	0,617681	2,031961	-0,124480	-0,124484	0,000000	3,114924	0,531267	0,399550
300,200000	7,747168	7,777072	0,409506	0,093217	2,047269	-12633,931547	-10939,427862	-2985,483451	-11934,766660	-12381,869207	8,289126	68,589592	23,392983	23,921857	26,880325	23,945665	24,224428	-2,910369	1,251745	0,976667	239142,976789	-0,196316	0,000516	1,977315	0,618161	2,032918	-0,124486	-0,124480	0,000000	3,114257	0,529860	0,399464
