LabVIEW Measurement	
Writer_Version	2
Reader_Version	2
Separator	Tab
Decimal_Separator	,
Multi_Headings	No
X_Columns	One
Time_Pref	Absolute
Operator	Pos-Oscar
Date	2025/05/14
Time	15:40:20,1658517910585345969
***End_of_Header***	
	
Channels	32																																
Samples	1	1	1	1	1	1	1	1	1	1	1	1	1	1	1	1	1	1	1	1	1	1	1	1	1	1	1	1	1	1	1	1	
Date	2025/05/14	2025/05/14	2025/05/14	2025/05/14	2025/05/14	2025/05/14	2025/05/14	2025/05/14	2025/05/14	2025/05/14	2025/05/14	2025/05/14	2025/05/14	2025/05/14	2025/05/14	2025/05/14	2025/05/14	2025/05/14	2025/05/14	2025/05/14	2025/05/14	2025/05/14	2025/05/14	2025/05/14	2025/05/14	2025/05/14	2025/05/14	2025/05/14	2025/05/14	2025/05/14	2025/05/14	2025/05/14	
Time	16:03:33,5660389116916123412	16:03:33,5660451489917251847	16:03:33,5658642656586382172	16:03:33,5658954523920330784	16:03:33,5659266393582585833	16:03:33,565866265673867204	16:03:33,5658590283661398671	16:03:33,5658517910584125302	16:03:33,5658735029815945409	16:03:33,5658735029815945409	16:03:33,5659141645252022526	16:03:33,5659827755249354623	16:03:33,5659453512585971139	16:03:33,5659391139584842704	16:03:33,5659578260916534445	16:03:33,5659890128250483058	16:03:33,566020199558443167	16:03:33,5659515885587099574	16:03:33,5658517910584125302	16:03:33,5658580283585253737	16:03:33,5659827755249354623	16:03:33,5658517910584125302	16:03:33,5658580283585253737	16:03:33,5658642656586382172	16:03:33,5658642656586382172	16:03:33,5658705029587510607	16:03:33,5658767404916945479	16:03:33,5658829777918073914	16:03:33,5659141645252022526	16:03:33,5659204018253150962	16:03:33,5659204018253150962	16:03:33,5659204018253150962	
Y_Unit_Label	Volts	Volts	Volts	Volts	Volts	Amps	Amps	Amps	Amps	Amps	Volts	Volts	Volts	Volts	Volts	Volts	Volts	Volts	Volts	Volts	Volts	Volts	Volts	Volts	Volts	Volts	Volts	Volts	Volts	Volts	Volts	Volts	
X_Dimension	Time	Time	Time	Time	Time	Time	Time	Time	Time	Time	Time	Time	Time	Time	Time	Time	Time	Time	Time	Time	Time	Time	Time	Time	Time	Time	Time	Time	Time	Time	Time	Time	
X0	0,0000000000000000E+0	0,0000000000000000E+0	0,0000000000000000E+0	0,0000000000000000E+0	0,0000000000000000E+0	0,0000000000000000E+0	0,0000000000000000E+0	0,0000000000000000E+0	0,0000000000000000E+0	0,0000000000000000E+0	0,0000000000000000E+0	0,0000000000000000E+0	0,0000000000000000E+0	0,0000000000000000E+0	0,0000000000000000E+0	0,0000000000000000E+0	0,0000000000000000E+0	0,0000000000000000E+0	0,0000000000000000E+0	0,0000000000000000E+0	0,0000000000000000E+0	0,0000000000000000E+0	0,0000000000000000E+0	0,0000000000000000E+0	0,0000000000000000E+0	0,0000000000000000E+0	0,0000000000000000E+0	0,0000000000000000E+0	0,0000000000000000E+0	0,0000000000000000E+0	0,0000000000000000E+0	0,0000000000000000E+0	
Delta_X	0,200000	0,200000	0,200000	0,200000	0,200000	0,200000	0,200000	0,200000	0,200000	0,200000	0,200000	0,200000	0,200000	0,200000	0,200000	0,200000	0,200000	0,200000	0,200000	0,200000	0,200000	0,200000	0,200000	0,200000	0,200000	0,200000	0,200000	0,200000	0,200000	0,200000	0,200000	0,200000	
***End_of_Header***																																	
X_Value	PIT-A-0101	PIT-A-0301	PIT-M-0101	PIT-O-0301	PIT-W-0301	PDT-M-0101-40kPa_mA	PDT-M-0101B-10kPa_mA	PDT-M-0101C-3kPa_mA	 PDT-M-0101D-30Kpa_mA	 PDT-M-0101D-30Kpa_mA_tara	PIT-A-AUX	Model Pressure Drop	TIT-A-0101	TIT-A-0301	TIT-M-0101	TIT-O-0301	TIT-W-0301	LV-O-0X01	LV-W-0X01	LV-M-0X01	Densitometro	FT-A-0301	FT-A-0302	FT-A-0303	FT-A-0303 1	FT-O-0301	FT-O-0302	FT-O-0303	FT-W-0301	FT-W-0302	J Ar	J Água	Comment
0,000000	7,568502	7,599019	0,519845	0,094496	2,749225	-13413,422570	-10943,446588	-2984,773001	-12650,382463	-13097,485010	8,464737	231,516938	23,334379	23,839411	26,906006	23,878987	24,196489	-2,910404	1,166204	0,980072	232212,305284	-0,197905	0,000360	1,916680	0,663925	2,035012	-0,124483	-0,124488	0,000000	6,241001	0,517213	0,800530
0,200000	7,567775	7,599196	0,517830	0,094940	2,743347	-13395,926883	-10943,410718	-2984,655391	-12644,622992	-13091,725539	8,467859	231,525976	23,338654	23,843297	26,907160	23,886339	24,194956	-2,910649	1,166598	0,980113	232234,431317	-0,198016	0,000465	1,912585	0,662735	2,035200	-0,124482	-0,124489	0,000000	6,241140	0,516978	0,800548
0,400000	7,567242	7,599441	0,520526	0,095226	2,756032	-13391,791295	-10941,737175	-2984,687957	-12634,080136	-13081,182683	8,470802	231,488177	23,334602	23,842860	26,913949	23,887081	24,192551	-2,910391	1,166423	0,979492	232232,201588	-0,198651	0,000397	1,908357	0,662012	2,036366	-0,124487	-0,124489	0,000000	6,240558	0,515525	0,800474
0,600000	7,567419	7,599284	0,524488	0,094964	2,761403	-13403,698798	-10941,066163	-2985,200905	-12627,681782	-13074,784328	8,473789	231,406323	23,326141	23,839359	26,919440	23,882771	24,191868	-2,909804	1,167048	0,979483	232235,831954	-0,199859	0,000337	1,943645	0,661750	2,037733	-0,124493	-0,124488	0,000000	6,239297	0,513987	0,800312
0,800000	7,567537	7,598883	0,524556	0,094446	2,746152	-13410,517148	-10940,662953	-2985,703036	-12634,375094	-13081,477641	8,476739	231,302680	23,325111	23,836341	26,917865	23,878217	24,190096	-2,909674	1,167541	0,980146	232252,054383	-0,200329	0,000458	1,963253	0,661663	2,037007	-0,124497	-0,124486	0,000000	6,237700	0,513875	0,800107
1,000000	7,567155	7,598549	0,521686	0,094253	2,746091	-13402,476348	-10940,529640	-2985,691584	-12644,917205	-13092,019752	8,479530	231,226279	23,332308	23,835248	26,911997	23,877767	24,185601	-2,910115	1,166586	0,980612	232239,981232	-0,200046	0,000687	1,941964	0,661767	2,034142	-0,124492	-0,124482	0,000000	6,236522	0,514897	0,799956
1,200000	7,566605	7,598343	0,520410	0,094440	2,760965	-13395,680102	-10940,980542	-2985,407733	-12645,461357	-13092,563904	8,482387	231,219652	23,341008	23,837189	26,905994	23,879885	24,182909	-2,910609	1,166569	0,980574	232215,549690	-0,199800	0,000941	1,900810	0,662124	2,032695	-0,124483	-0,124480	0,000000	6,236420	0,515582	0,799943
1,400000	7,566211	7,598389	0,522171	0,094745	2,756879	-13401,562902	-10941,331349	-2985,194075	-12636,543661	-13083,646208	8,485298	231,250938	23,343674	23,841765	26,906176	23,881672	24,184523	-2,910797	1,167741	0,980439	232208,040217	-0,199225	0,001100	1,865660	0,662479	2,034301	-0,124476	-0,124478	0,000000	6,236902	0,515256	0,800005
1,600000	7,566068	7,598498	0,525442	0,095014	2,746990	-13413,867727	-10941,856852	-2985,093058	-12630,556417	-13077,658964	8,488249	231,240483	23,337679	23,843934	26,912863	23,882893	24,189140	-2,910673	1,168498	0,980419	232209,818660	-0,198170	0,000987	1,858628	0,662963	2,036233	-0,124475	-0,124479	0,000000	6,236741	0,514541	0,799984
1,800000	7,566312	7,598454	0,527038	0,094844	2,750873	-13422,225171	-10941,931167	-2985,207770	-12632,189683	-13079,292230	8,491349	231,200095	23,328951	23,841485	26,917841	23,881901	24,195285	-2,910362	1,168161	0,980245	232207,050600	-0,198264	0,000611	1,880077	0,663672	2,036752	-0,124481	-0,124483	0,000000	6,236119	0,514562	0,799904
2,000000	7,566645	7,598222	0,524842	0,094637	2,760641	-13415,210616	-10941,689857	-2985,303203	-12635,768810	-13082,871357	8,494505	231,182669	23,324547	23,837753	26,918036	23,880046	24,198090	-2,910050	1,167264	0,979920	232208,104201	-0,199392	0,000269	1,869597	0,663981	2,036133	-0,124489	-0,124486	0,000000	6,235850	0,515537	0,799870
2,200000	7,566757	7,597765	0,521115	0,094446	2,763249	-13399,278203	-10941,202382	-2985,038858	-12638,871322	-13085,973869	8,497616	231,181609	23,329119	23,836376	26,912656	23,880577	24,194245	-2,909952	1,167240	0,979540	232213,039365	-0,199701	0,000177	1,804838	0,663691	2,035162	-0,124492	-0,124483	0,000000	6,235834	0,516541	0,799868
2,400000	7,566551	7,597251	0,519369	0,094162	2,753571	-13399,187898	-10940,455903	-2984,763034	-12643,851604	-13090,954150	8,500627	231,186354	23,338348	23,837355	26,906807	23,881511	24,186319	-2,910078	1,167327	0,979132	232200,334955	-0,199051	0,000248	1,765208	0,663248	2,034399	-0,124488	-0,124482	0,000000	6,235907	0,516746	0,799877
2,600000	7,565974	7,597236	0,519481	0,095082	2,750964	-13411,281606	-10940,589729	-2984,997585	-12652,369887	-13099,472434	8,503583	231,178914	23,342307	23,838639	26,906049	23,880466	24,181185	-2,910223	1,167094	0,979174	232192,902094	-0,199003	0,000456	1,786462	0,662429	2,034150	-0,124484	-0,124481	0,000000	6,235792	0,516066	0,799862
2,800000	7,565475	7,597727	0,519222	0,095944	2,756080	-13413,134517	-10940,885487	-2985,701239	-12660,382461	-13107,485008	8,506404	231,151647	23,339546	23,839070	26,909282	23,878150	24,183205	-2,910198	1,166732	0,979822	232203,970390	-0,200273	0,000615	1,827116	0,661033	2,034743	-0,124486	-0,124476	0,000000	6,235372	0,515100	0,799808
3,000000	7,565442	7,598009	0,519506	0,094861	2,748575	-13408,924062	-10940,405507	-2986,056249	-12663,992581	-13111,095127	8,509070	231,099437	23,334545	23,838535	26,913048	23,877003	24,189179	-2,910125	1,165780	0,980339	232205,107566	-0,201046	0,000706	1,870867	0,660027	2,034984	-0,124489	-0,124473	0,000000	6,234567	0,514244	0,799705
3,200000	7,565822	7,597857	0,520497	0,093315	2,740685	-13411,256951	-10939,523068	-2985,727991	-12664,158114	-13111,260661	8,511981	231,018122	23,331297	23,837620	26,913245	23,879826	24,195786	-2,910167	1,165823	0,980213	232199,570795	-0,200339	0,000758	1,932779	0,660195	2,034588	-0,124488	-0,124478	0,000000	6,233314	0,514033	0,799544
3,400000	7,566050	7,597377	0,520182	0,092830	2,747533	-13412,960339	-10938,913615	-2985,355905	-12660,470619	-13107,573165	8,515103	230,965101	23,331521	23,836894	26,909755	23,885002	24,197513	-2,910211	1,166172	0,979914	232199,414085	-0,199669	0,000629	1,993288	0,660970	2,035057	-0,124485	-0,124481	0,000000	6,232496	0,514709	0,799439
3,600000	7,565751	7,596881	0,518984	0,092997	2,756185	-13408,948772	-10939,540255	-2985,124066	-12654,024546	-13101,127093	8,518078	230,974459	23,334287	23,837211	26,905506	23,888592	24,190702	-2,910203	1,165943	0,979803	232198,021956	-0,199350	0,000361	2,031569	0,661659	2,035923	-0,124483	-0,124480	0,000000	6,232640	0,515615	0,799458
3,800000	7,565509	7,596777	0,517877	0,093480	2,750424	-13404,175115	-10940,322935	-2984,710034	-12647,992835	-13095,095382	8,521091	230,971345	23,336950	23,838594	26,905086	23,885853	24,184126	-2,910142	1,167354	0,979437	232187,336694	-0,198547	5,401805E-5	2,015814	0,662461	2,036628	-0,124485	-0,124483	0,000000	6,232592	0,516607	0,799452
4,000000	7,565557	7,597000	0,517783	0,094315	2,743346	-13402,764185	-10940,435861	-2984,762898	-12647,973024	-13095,075571	8,524290	230,920545	23,336106	23,839741	26,910270	23,876147	24,183864	-2,910052	1,168674	0,979049	232171,422016	-0,198329	-3,458756E-5	1,938291	0,663424	2,036924	-0,124489	-0,124487	0,000000	6,231809	0,517410	0,799351
4,200000	7,565436	7,597137	0,518724	0,094375	2,755045	-13407,549912	-10940,194527	-2985,414171	-12654,308375	-13101,410922	8,527405	230,905760	23,333015	23,840091	26,913259	23,869502	24,187486	-2,910197	1,167548	0,979519	232165,441770	-0,199066	0,000195	1,887012	0,664062	2,035761	-0,124489	-0,124481	0,000000	6,231581	0,517600	0,799322
4,400000	7,565046	7,597001	0,519574	0,093328	2,762091	-13407,761959	-10939,671482	-2985,578789	-12654,725375	-13101,827922	8,530257	230,946058	23,331646	23,839908	26,909703	23,872509	24,190901	-2,910608	1,166785	0,980488	232171,073498	-0,199634	0,000543	1,908625	0,664103	2,034131	-0,124483	-0,124473	0,000000	6,232202	0,517328	0,799402
4,600000	7,564731	7,596749	0,519660	0,092777	2,746882	-13403,072476	-10940,401998	-2985,163929	-12642,135666	-13089,238213	8,533063	230,977538	23,333742	23,840080	26,904974	23,882196	24,191057	-2,910757	1,166962	0,980555	232183,839203	-0,199555	0,000677	1,963003	0,663784	2,034098	-0,124479	-0,124474	0,000000	6,232688	0,517026	0,799464
4,800000	7,564763	7,596691	0,518017	0,093746	2,743103	-13400,199710	-10942,011014	-2984,727395	-12626,699749	-13073,802296	8,536106	230,977958	23,336283	23,840596	26,906300	23,890142	24,189877	-2,910577	1,167005	0,979694	232191,511276	-0,198828	0,000513	1,968242	0,663644	2,036373	-0,124480	-0,124482	0,000000	6,232694	0,517475	0,799465
5,000000	7,564717	7,596856	0,516217	0,094887	2,754720	-13390,738501	-10942,244752	-2984,687241	-12623,977632	-13071,080179	8,539175	230,969951	23,333923	23,839383	26,916212	23,888928	24,188821	-2,910493	1,167652	0,979412	232181,568082	-0,198009	0,000356	1,894105	0,663850	2,037842	-0,124480	-0,124489	0,000000	6,232571	0,518280	0,799449
5,200000	7,564406	7,596718	0,517385	0,094527	2,752026	-13388,858981	-10941,088521	-2985,070638	-12637,008148	-13084,110695	8,541959	230,983071	23,330005	23,836806	26,919458	23,880710	24,187701	-2,910406	1,167499	0,979925	232168,135734	-0,198495	0,000393	1,854836	0,663834	2,037018	-0,124483	-0,124486	0,000000	6,232773	0,517871	0,799475
5,400000	7,564397	7,596190	0,520251	0,093482	2,744764	-13406,771099	-10939,182841	-2985,192185	-12654,124342	-13101,226889	8,544799	231,090519	23,331710	23,835553	26,912315	23,873278	24,187799	-2,910215	1,166903	0,980409	232159,550346	-0,199695	0,000617	1,902409	0,663314	2,035565	-0,124487	-0,124481	0,000000	6,234430	0,516446	0,799688
5,600000	7,564567	7,595734	0,521075	0,093072	2,748219	-13426,452217	-10938,053439	-2984,898747	-12661,306098	-13108,408645	8,548001	231,290174	23,338015	23,836953	26,909493	23,873214	24,187275	-2,910278	1,166496	0,980529	232154,558840	-0,199515	0,000816	1,928554	0,662703	2,033642	-0,124485	-0,124481	0,000000	6,237507	0,515656	0,800082
5,800000	7,564325	7,595687	0,518458	0,093206	2,755305	-13430,204818	-10939,801831	-2984,892856	-12655,461251	-13102,563798	8,551162	231,409697	23,341246	23,839882	26,908271	23,879188	24,185661	-2,910600	1,165648	0,979948	232151,561091	-0,199052	0,000833	1,880708	0,662460	2,033170	-0,124481	-0,124485	0,000000	6,239349	0,516346	0,800318
6,000000	7,563868	7,595972	0,515717	0,093535	2,756314	-13415,655759	-10942,490197	-2985,051584	-12647,545192	-13094,647739	8,554150	231,413228	23,338655	23,841907	26,907315	23,884766	24,186937	-2,910685	1,165855	0,979263	232151,435558	-0,199212	0,000692	1,870950	0,662843	2,034950	-0,124481	-0,124490	0,000000	6,239403	0,517591	0,800325
6,200000	7,563837	7,596260	0,517874	0,094116	2,749246	-13409,430231	-10942,922542	-2984,874063	-12648,812859	-13095,915406	8,557076	231,422472	23,333650	23,842297	26,913408	23,885006	24,191247	-2,910517	1,166454	0,979518	232153,721221	-0,198759	0,000415	1,941855	0,663306	2,037195	-0,124482	-0,124493	0,000000	6,239546	0,517243	0,800344
6,400000	7,564018	7,596330	0,522890	0,094788	2,751844	-13429,141033	-10941,742574	-2984,887587	-12658,518085	-13105,620632	8,559938	231,459309	23,327884	23,839930	26,921845	23,881238	24,194812	-2,910423	1,166588	0,980103	232149,890487	-0,198355	0,000308	1,952453	0,663291	2,037748	-0,124483	-0,124492	0,000000	6,240113	0,515550	0,800417
6,600000	7,563853	7,596059	0,524486	0,094988	2,760653	-13449,232458	-10940,957642	-2985,123290	-12666,343606	-13113,446152	8,562876	231,493347	23,325831	23,835586	26,921901	23,879207	24,195509	-2,910384	1,167079	0,980311	232139,863896	-0,198763	0,000493	1,917862	0,663220	2,036068	-0,124481	-0,124485	0,000000	6,240638	0,514947	0,800484
6,800000	7,563543	7,595484	0,520495	0,094608	2,754383	-13446,261750	-10940,749835	-2985,009627	-12667,058438	-13114,160984	8,565684	231,522518	23,332391	23,833861	26,911400	23,880482	24,191074	-2,910301	1,166997	0,980603	232135,364113	-0,199295	0,000602	1,938067	0,663538	2,034466	-0,124478	-0,124477	0,000000	6,241087	0,516497	0,800541
7,000000	7,563318	7,595026	0,515410	0,094069	2,746052	-13423,356715	-10940,236701	-2984,723887	-12663,859722	-13110,962269	8,568317	231,525526	23,342197	23,836620	26,901650	23,883194	24,182337	-2,910243	1,167091	0,980919	232155,850821	-0,199448	0,000554	1,943859	0,663987	2,034341	-0,124479	-0,124477	0,000000	6,241133	0,518531	0,800547
7,200000	7,563211	7,595036	0,515826	0,094155	2,749971	-13410,083370	-10939,941284	-2984,648448	-12660,529469	-13107,632016	8,571173	231,482601	23,345827	23,840274	26,901549	23,882058	24,180733	-2,910247	1,167502	0,980679	232183,021200	-0,199266	0,000589	1,931080	0,664138	2,035347	-0,124486	-0,124483	0,000000	6,240472	0,518501	0,800463
7,400000	7,563198	7,595124	0,519883	0,094999	2,753042	-13421,940366	-10940,995869	-2984,917912	-12657,671470	-13104,774017	8,574115	231,437055	23,340327	23,840419	26,906804	23,877456	24,190472	-2,910256	1,166551	0,980161	232189,767630	-0,198936	0,000629	1,930272	0,664031	2,036453	-0,124492	-0,124486	0,000000	6,239770	0,517048	0,800373
7,600000	7,563134	7,594945	0,521210	0,094915	2,745160	-13432,691674	-10942,056268	-2985,230448	-12658,191690	-13105,294237	8,576820	231,430163	23,332274	23,837929	26,910029	23,878646	24,200186	-2,910279	1,166051	0,980296	232187,797263	-0,199035	0,000551	1,917526	0,664177	2,036719	-0,124490	-0,124478	0,000000	6,239664	0,516709	0,800359
7,800000	7,562942	7,594782	0,519065	0,093985	2,740382	-13426,412117	-10941,416992	-2985,488211	-12665,094401	-13112,196947	8,579488	231,422551	23,330347	23,836765	26,909866	23,884393	24,200831	-2,910437	1,165805	0,980841	232184,517320	-0,200020	0,000554	1,922624	0,664947	2,035995	-0,124484	-0,124473	0,000000	6,239547	0,518031	0,800344
8,000000	7,562815	7,594838	0,516967	0,094356	2,752348	-13415,585111	-10940,563499	-2985,542689	-12667,944520	-13115,047067	8,582380	231,387163	23,333861	23,837807	26,909156	23,886737	24,192680	-2,910623	1,164387	0,981030	232175,825744	-0,200599	0,000667	1,932293	0,666004	2,035248	-0,124483	-0,124480	0,000000	6,239002	0,519573	0,800274
8,200000	7,562848	7,594846	0,518773	0,095413	2,757961	-13415,964307	-10941,261697	-2985,284045	-12661,561040	-13108,663587	8,585491	231,364635	23,337800	23,839594	26,908193	23,884877	24,182852	-2,910572	1,163883	0,980806	232168,018162	-0,200223	0,000671	1,880460	0,666515	2,035214	-0,124489	-0,124490	0,000000	6,238655	0,519348	0,800229
8,400000	7,562676	7,594737	0,524090	0,095225	2,744366	-13430,978263	-10942,522850	-2985,315342	-12656,235577	-13103,338123	8,588531	231,375589	23,340051	23,840769	26,906002	23,880980	24,178535	-2,910460	1,163771	0,980085	232167,562970	-0,199898	0,000647	1,812895	0,666192	2,035483	-0,124491	-0,124490	0,000000	6,238823	0,517272	0,800251
8,600000	7,562502	7,594656	0,528318	0,094228	2,746771	-13446,978920	-10942,947011	-2985,607795	-12654,678573	-13101,781120	8,591292	231,380352	23,339967	23,840147	26,906558	23,876197	24,182794	-2,910406	1,163208	0,979646	232157,744909	-0,200135	0,000630	1,810268	0,665179	2,035089	-0,124489	-0,124482	0,000000	6,238897	0,515053	0,800260
8,800000	7,562635	7,594691	0,527311	0,093983	2,766013	-13444,856528	-10942,268234	-2985,573331	-12650,812871	-13097,915418	8,594053	231,361822	23,337152	23,838384	26,910898	23,874818	24,192755	-2,910308	1,163987	0,979851	232139,046537	-0,199944	0,000589	1,845552	0,663301	2,034744	-0,124487	-0,124476	0,000000	6,238611	0,513951	0,800224
9,000000	7,562811	7,594740	0,521036	0,094076	2,767993	-13421,523256	-10941,478743	-2985,250189	-12644,985875	-13092,088422	8,596939	231,340220	23,333668	23,837385	26,913551	23,881492	24,199000	-2,910225	1,165340	0,980001	232152,294117	-0,198750	0,000583	1,944429	0,661317	2,035335	-0,124483	-0,124480	0,000000	6,238278	0,514537	0,800181
9,200000	7,562839	7,594572	0,517049	0,093929	2,759611	-13394,545593	-10942,475812	-2985,120732	-12638,764231	-13085,866778	8,599712	231,335236	23,333630	23,837659	26,911674	23,889570	24,196626	-2,910358	1,166380	0,979869	232178,222960	-0,198274	0,000462	2,077855	0,660560	2,036257	-0,124475	-0,124488	0,000000	6,238202	0,515286	0,800171
9,400000	7,562547	7,594384	0,520911	0,094583	2,757245	-13390,894076	-10944,135831	-2985,365581	-12634,444238	-13081,546785	8,602483	231,349919	23,336196	23,838086	26,909947	23,891273	24,189436	-2,910459	1,166838	0,979455	232169,248299	-0,199140	0,000486	2,078806	0,660933	2,037545	-0,124475	-0,124489	0,000000	6,238428	0,514253	0,800200
9,600000	7,562364	7,594265	0,526586	0,095673	2,756842	-13412,867188	-10942,152475	-2985,577263	-12638,958130	-13086,060677	8,605510	231,365439	23,337480	23,838537	26,910610	23,886145	24,184779	-2,910220	1,165693	0,979447	232142,304986	-0,199607	0,000846	1,973443	0,661472	2,037886	-0,124486	-0,124480	0,000000	6,238667	0,512751	0,800231
9,800000	7,562615	7,594024	0,527514	0,095541	2,752132	-13425,006063	-10938,262404	-2985,528531	-12649,022554	-13096,125101	8,608641	231,390212	23,335888	23,837311	26,911511	23,875870	24,186165	-2,910104	1,164036	0,979945	232131,296957	-0,199549	0,000978	1,915966	0,661855	2,036605	-0,124491	-0,124470	0,000000	6,239049	0,512725	0,800280
10,000000	7,562764	7,593748	0,524894	0,094082	2,744762	-13416,308838	-10938,207484	-2985,211974	-12652,095849	-13099,198395	8,611727	231,380362	23,332375	23,835671	26,913161	23,868643	24,190049	-2,910189	1,163361	0,980082	232150,305767	-0,199974	0,000798	1,902078	0,662310	2,034678	-0,124487	-0,124472	0,000000	6,238897	0,513949	0,800261
10,200000	7,562475	7,593663	0,521236	0,093110	2,752117	-13406,485001	-10941,141295	-2984,800762	-12648,197396	-13095,299943	8,614740	231,264539	23,333761	23,838422	26,910909	23,873124	24,192856	-2,910335	1,164518	0,980060	232166,300638	-0,199588	0,000887	1,860855	0,662824	2,033879	-0,124481	-0,124476	0,000000	6,237112	0,515571	0,800032
10,400000	7,561799	7,593829	0,518160	0,093906	2,768192	-13397,109862	-10942,813887	-2984,848258	-12644,053233	-13091,155780	8,617665	231,123400	23,340687	23,842382	26,906163	23,883319	24,192046	-2,910686	1,165929	0,980230	232152,114075	-0,198284	0,001152	1,843026	0,663245	2,034562	-0,124477	-0,124476	0,000000	6,234937	0,516939	0,799753
10,600000	7,561167	7,594072	0,518337	0,094900	2,764981	-13390,987244	-10942,644871	-2985,363844	-12641,068846	-13088,171393	8,620669	231,053605	23,342199	23,842287	26,907363	23,887252	24,188875	-2,910866	1,164786	0,979880	232137,440518	-0,198652	0,001096	1,877012	0,663655	2,035503	-0,124477	-0,124478	0,000000	6,233861	0,517215	0,799615
10,800000	7,561209	7,594007	0,521810	0,094802	2,752009	-13396,955163	-10942,683615	-2985,546579	-12639,033031	-13086,135578	8,623813	231,050504	23,335850	23,838739	26,914113	23,882349	24,189324	-2,910485	1,164138	0,979002	232147,455696	-0,199828	0,000828	1,884396	0,664233	2,037135	-0,124481	-0,124481	0,000000	6,233813	0,516498	0,799608
11,000000	7,561593	7,593659	0,524530	0,094555	2,752191	-13409,127942	-10942,787029	-2985,176861	-12640,452329	-13087,554876	8,626866	231,083906	23,329888	23,836396	26,918840	23,875083	24,191638	-2,910004	1,165484	0,979037	232165,544138	-0,199308	0,000676	1,875456	0,664990	2,037827	-0,124489	-0,124483	0,000000	6,234328	0,516155	0,799674
11,200000	7,561590	7,593307	0,523014	0,094654	2,756588	-13414,334077	-10941,514808	-2984,902324	-12646,603080	-13093,705627	8,629777	231,084075	23,331455	23,835773	26,915172	23,872433	24,190395	-2,910006	1,165561	0,980105	232165,451542	-0,198335	0,000563	1,889340	0,665585	2,036308	-0,124497	-0,124483	0,000000	6,234330	0,517105	0,799675
11,400000	7,561180	7,593099	0,519110	0,094791	2,747982	-13405,222590	-10940,443477	-2984,831031	-12647,129251	-13094,231797	8,632641	231,013132	23,339260	23,836921	26,907619	23,873891	24,187384	-2,910276	1,165521	0,980803	232153,080900	-0,198240	0,000576	1,913713	0,665793	2,034477	-0,124494	-0,124486	0,000000	6,233237	0,518569	0,799534
11,600000	7,560737	7,593067	0,517454	0,094857	2,739045	-13393,520523	-10941,139595	-2984,908680	-12638,918437	-13086,020984	8,635467	230,930136	23,344748	23,841658	26,903974	23,877027	24,185077	-2,910508	1,166217	0,980452	232142,787002	-0,198688	0,000794	1,940686	0,665752	2,034524	-0,124486	-0,124490	0,000000	6,231957	0,519086	0,799370
11,800000	7,560518	7,592992	0,518982	0,094976	2,751392	-13394,276923	-10942,721804	-2985,169798	-12632,594692	-13079,697239	8,638259	230,888554	23,342330	23,844426	26,906084	23,879646	24,186384	-2,910647	1,166643	0,979471	232142,298866	-0,198974	0,000899	1,953749	0,665324	2,036313	-0,124482	-0,124489	0,000000	6,231316	0,518224	0,799288
12,000000	7,560305	7,592916	0,522034	0,094878	2,761011	-13399,044937	-10943,710977	-2985,455805	-12634,163148	-13081,265695	8,640983	230,863289	23,333410	23,842042	26,910709	23,879781	24,192050	-2,910585	1,167355	0,978883	232157,210228	-0,198853	0,000837	1,944802	0,664511	2,037356	-0,124479	-0,124484	0,000000	6,230926	0,516560	0,799238
12,200000	7,560349	7,592938	0,523828	0,094622	2,748462	-13398,248958	-10943,091986	-2985,591059	-12638,193342	-13085,295889	8,643830	230,845352	23,326811	23,837708	26,914844	23,878910	24,197604	-2,910258	1,167313	0,979366	232164,219110	-0,198752	0,000661	1,942880	0,663996	2,036694	-0,124480	-0,124484	0,000000	6,230649	0,515568	0,799203
12,400000	7,560782	7,592612	0,522413	0,094315	2,751364	-13397,805357	-10942,560800	-2985,461869	-12638,348352	-13085,450898	8,646848	230,852272	23,329518	23,835495	26,917016	23,879195	24,196597	-2,909968	1,166684	0,980129	232138,963079	-0,199104	0,000513	1,963565	0,664026	2,035535	-0,124489	-0,124488	0,000000	6,230756	0,516059	0,799216
12,600000	7,560797	7,591922	0,520179	0,093881	2,769773	-13395,831567	-10942,477561	-2985,133648	-12634,344736	-13081,447283	8,649865	230,874439	23,338080	23,837267	26,912421	23,880447	24,188149	-2,910224	1,167263	0,980152	232099,088893	-0,199568	0,000558	1,964971	0,664383	2,034836	-0,124489	-0,124486	0,000000	6,231098	0,517043	0,799260
12,800000	7,560231	7,591540	0,519931	0,094043	2,767218	-13391,164930	-10942,123024	-2984,992240	-12627,952387	-13075,054934	8,652774	230,910243	23,344857	23,839986	26,904667	23,879777	24,181034	-2,910590	1,167864	0,980192	232079,193236	-0,199794	0,000572	1,927568	0,664731	2,034575	-0,124483	-0,124480	0,000000	6,231650	0,517357	0,799331
13,000000	7,559640	7,591658	0,520639	0,094543	2,754477	-13389,570380	-10942,315110	-2985,240930	-12622,715728	-13069,818275	8,655554	230,947179	23,344304	23,840130	26,903041	23,877132	24,180558	-2,910489	1,167586	0,980363	232083,723086	-0,200113	0,000587	1,872897	0,664539	2,034639	-0,124485	-0,124470	0,000000	6,232220	0,516970	0,799404
13,200000	7,559422	7,591980	0,520895	0,094193	2,750072	-13384,768605	-10942,510125	-2985,330508	-12617,370891	-13064,473438	8,658384	230,957198	23,338772	23,838433	26,906610	23,874524	24,186344	-2,910220	1,167235	0,979951	232092,485579	-0,199739	0,000701	1,849582	0,663873	2,035072	-0,124488	-0,124466	0,000000	6,232374	0,516394	0,799424
13,400000	7,559520	7,592104	0,521902	0,093148	2,752388	-13370,764739	-10942,059948	-2985,370972	-12609,301222	-13056,403768	8,661299	230,935127	23,334560	23,837374	26,910471	23,875324	24,194009	-2,910105	1,166427	0,979620	232106,985016	-0,199353	0,000618	1,934600	0,663212	2,035668	-0,124480	-0,124471	0,000000	6,232034	0,515555	0,799380
13,600000	7,559555	7,591940	0,523018	0,093000	2,753060	-13355,450485	-10940,998061	-2985,680559	-12598,517097	-13045,619643	8,664190	230,935883	23,333964	23,837003	26,910619	23,881365	24,197028	-2,910072	1,165712	0,979812	232134,449239	-0,200224	0,000512	2,063787	0,662715	2,035533	-0,124478	-0,124478	0,000000	6,232046	0,514781	0,799382
13,800000	7,559434	7,591780	0,522698	0,093725	2,746804	-13348,692728	-10940,812029	-2985,457259	-12588,784090	-13035,886637	8,667135	231,022854	23,335822	23,837388	26,908917	23,887151	24,194433	-2,910071	1,166174	0,980252	232154,377217	-0,200519	0,000541	2,084971	0,662243	2,035549	-0,124485	-0,124487	0,000000	6,233387	0,514509	0,799554
14,000000	7,559350	7,591545	0,522575	0,094045	2,751029	-13354,877393	-10941,815242	-2984,895020	-12590,907092	-13038,009639	8,670094	231,141275	23,338008	23,839062	26,909377	23,886255	24,187639	-2,910207	1,166977	0,980569	232137,175096	-0,199977	0,000507	2,012918	0,662110	2,036523	-0,124489	-0,124494	0,000000	6,235212	0,514431	0,799788
14,200000	7,559426	7,591058	0,523919	0,094337	2,766088	-13369,141037	-10941,830473	-2985,078742	-12605,026261	-13052,128808	8,672907	231,195362	23,338560	23,840393	26,911094	23,877436	24,182267	-2,910242	1,166684	0,980306	232108,695620	-0,200371	0,000547	1,925832	0,662533	2,036957	-0,124489	-0,124489	0,000000	6,236046	0,514278	0,799895
14,400000	7,559451	7,590664	0,525068	0,094164	2,765673	-13383,352738	-10940,820880	-2985,749440	-12618,783456	-13065,886002	8,675590	231,175874	23,335626	23,839629	26,911277	23,868925	24,184631	-2,910134	1,165535	0,980117	232116,667860	-0,201177	0,000741	1,862239	0,663083	2,036179	-0,124487	-0,124478	0,000000	6,235746	0,514295	0,799856
14,600000	7,559274	7,590642	0,524115	0,093134	2,755427	-13396,324809	-10940,754404	-2985,972629	-12625,954417	-13073,056964	8,678267	231,146301	23,332482	23,838095	26,907481	23,869110	24,190458	-2,910312	1,165720	0,980491	232137,267988	-0,201311	0,001001	1,871506	0,663517	2,034794	-0,124480	-0,124473	0,000000	6,235290	0,514948	0,799798
14,800000	7,558976	7,590640	0,521091	0,092754	2,758520	-13399,030496	-10941,382678	-2985,744216	-12626,864608	-13073,967154	8,681064	231,212649	23,333880	23,837697	26,903794	23,876251	24,193149	-2,910624	1,166238	0,980968	232141,335075	-0,201272	0,001149	1,961434	0,663426	2,034806	-0,124472	-0,124476	0,000000	6,236312	0,515896	0,799929
15,000000	7,558643	7,590390	0,519362	0,093764	2,764718	-13389,867712	-10941,585024	-2985,383319	-12626,390372	-13073,492918	8,683961	231,367917	23,337334	23,839112	26,905655	23,885551	24,191768	-2,910675	1,165368	0,981199	232149,058874	-0,200858	0,001016	2,005536	0,662618	2,035978	-0,124473	-0,124482	0,000000	6,238705	0,515839	0,800236
15,200000	7,558423	7,590339	0,521823	0,095015	2,752042	-13389,101379	-10941,941385	-2985,078514	-12629,605679	-13076,708225	8,686820	231,455073	23,338208	23,839735	26,912827	23,889883	24,188866	-2,910484	1,165513	0,980887	232157,522671	-0,199778	0,000795	1,908826	0,661850	2,036701	-0,124481	-0,124492	0,000000	6,240048	0,514416	0,800408
15,400000	7,558559	7,590491	0,524813	0,094791	2,735998	-13397,237631	-10941,653218	-2985,142693	-12634,787084	-13081,889631	8,689687	231,416227	23,334325	23,836641	26,918452	23,883817	24,187462	-2,910211	1,166302	0,980551	232145,029715	-0,199370	0,000627	1,801014	0,661612	2,036841	-0,124488	-0,124489	0,000000	6,239449	0,513247	0,800331
15,600000	7,558945	7,590197	0,523771	0,093346	2,746268	-13397,590635	-10940,483868	-2985,423074	-12640,149664	-13087,252211	8,692496	231,351372	23,331638	23,834611	26,916775	23,874216	24,187648	-2,910078	1,166305	0,980850	232117,947938	-0,199825	0,000642	1,792976	0,661800	2,035572	-0,124491	-0,124476	0,000000	6,238450	0,513727	0,800203
15,800000	7,558935	7,589551	0,519748	0,092559	2,761471	-13389,946351	-10940,208786	-2985,614155	-12644,958890	-13092,061437	8,695003	231,340337	23,336827	23,836796	26,908603	23,871679	24,187009	-2,910106	1,166838	0,981583	232097,450290	-0,200149	0,000855	1,821140	0,662302	2,033451	-0,124490	-0,124471	0,000000	6,238280	0,515421	0,800181
16,000000	7,558492	7,589290	0,517632	0,092881	2,753893	-13379,850506	-10940,784024	-2985,386658	-12642,106501	-13089,209048	8,697587	231,408512	23,342637	23,838941	26,899262	23,876298	24,184588	-2,910344	1,167388	0,981576	232110,002154	-0,200068	0,000953	1,831242	0,662731	2,032392	-0,124484	-0,124475	0,000000	6,239331	0,516439	0,800316
16,200000	7,558032	7,589411	0,520371	0,093521	2,750246	-13378,373142	-10941,480567	-2984,905589	-12627,869808	-13074,972355	8,700777	231,535372	23,341372	23,839218	26,897174	23,881151	24,185011	-2,910673	1,167130	0,980356	232136,496788	-0,199954	0,000795	1,847051	0,662762	2,033821	-0,124480	-0,124484	0,000000	6,241285	0,515535	0,800567
16,400000	7,557864	7,589480	0,523992	0,094123	2,757986	-13390,160385	-10941,877877	-2984,932353	-12615,889419	-13062,991965	8,704119	231,632800	23,335042	23,839908	26,903618	23,883162	24,189508	-2,910613	1,166499	0,979397	232133,327540	-0,200187	0,000487	1,906620	0,662382	2,036698	-0,124480	-0,124487	0,000000	6,242785	0,514029	0,800759
16,600000	7,558087	7,589619	0,523898	0,094545	2,756371	-13396,621581	-10942,070765	-2985,341306	-12621,512688	-13068,615235	8,706901	231,644581	23,330252	23,840081	26,911977	23,882591	24,192170	-2,910233	1,165654	0,979675	232118,590561	-0,200409	0,000373	1,963755	0,661827	2,037855	-0,124483	-0,124481	0,000000	6,242967	0,513653	0,800783
16,800000	7,558168	7,589625	0,520938	0,094720	2,750880	-13385,200812	-10941,568397	-2985,548918	-12634,838718	-13081,941264	8,709525	231,605999	23,329025	23,837427	26,914551	23,879632	24,191128	-2,910043	1,165565	0,980559	232120,106333	-0,200511	0,000610	1,957116	0,661712	2,036542	-0,124483	-0,124478	0,000000	6,242373	0,514572	0,800706
17,000000	7,558060	7,589259	0,518229	0,094235	2,747142	-13368,872558	-10940,611231	-2985,487757	-12640,435389	-13087,537935	8,712552	231,585074	23,329796	23,835372	26,910598	23,877321	24,187500	-2,910223	1,166402	0,980869	232139,837060	-0,200662	0,000857	1,936461	0,662242	2,034683	-0,124481	-0,124478	0,000000	6,242050	0,515878	0,800665
17,200000	7,558016	7,588901	0,519140	0,093550	2,747941	-13374,127731	-10940,780173	-2985,219605	-12642,061660	-13089,164207	8,715766	231,547423	23,335996	23,837861	26,903907	23,877332	24,181900	-2,910498	1,166826	0,980396	232162,228307	-0,200146	0,000837	1,942064	0,663135	2,033881	-0,124482	-0,124478	0,000000	6,241470	0,516227	0,800591
17,400000	7,557675	7,588856	0,522602	0,093390	2,752555	-13404,665643	-10941,483041	-2984,990463	-12644,628772	-13091,731318	8,718894	231,439192	23,343610	23,842041	26,900119	23,878197	24,177577	-2,910529	1,166704	0,980002	232158,535825	-0,199035	0,000690	1,962689	0,663969	2,034437	-0,124485	-0,124480	0,000000	6,239803	0,515684	0,800377
17,600000	7,557361	7,589128	0,522629	0,093749	2,749172	-13426,632387	-10941,945652	-2985,141533	-12648,526340	-13095,628887	8,721933	231,347184	23,342463	23,843240	26,903600	23,877462	24,181683	-2,910378	1,166655	0,979873	232142,397993	-0,198326	0,000536	1,988588	0,664717	2,035808	-0,124485	-0,124483	0,000000	6,238386	0,516276	0,800195
17,800000	7,557567	7,589473	0,519263	0,094313	2,748704	-13420,972262	-10942,068623	-2985,401076	-12654,142669	-13101,245215	8,724809	231,320800	23,333682	23,841878	26,908336	23,875653	24,192496	-2,910262	1,167452	0,979880	232139,213833	-0,198185	0,000490	1,996953	0,665943	2,036977	-0,124486	-0,124485	0,000000	6,237979	0,518406	0,800143
18,000000	7,557717	7,589432	0,517522	0,093669	2,757436	-13407,605475	-10941,537923	-2985,275290	-12659,048025	-13106,150572	8,727458	231,314569	23,326960	23,839807	26,910402	23,877496	24,197022	-2,910118	1,168070	0,980237	232145,247628	-0,198512	0,000590	1,959956	0,667404	2,036736	-0,124490	-0,124486	0,000000	6,237883	0,520144	0,800130
18,200000	7,557605	7,588943	0,518992	0,092710	2,756102	-13402,268181	-10940,349129	-2985,007487	-12657,745798	-13104,848344	8,730291	231,340082	23,329197	23,837765	26,911175	23,881161	24,192486	-2,910049	1,166650	0,980631	232154,788934	-0,199220	0,000632	1,937883	0,668260	2,035639	-0,124493	-0,124489	0,000000	6,238276	0,520282	0,800181
18,400000	7,557385	7,588508	0,522816	0,093548	2,747046	-13411,019516	-10939,431591	-2984,956735	-12650,963325	-13098,065872	8,733411	231,386800	23,336338	23,837121	26,910747	23,883116	24,184370	-2,910102	1,165387	0,980491	232157,294969	-0,199946	0,000635	1,981119	0,668617	2,035463	-0,124492	-0,124490	0,000000	6,238996	0,519227	0,800273
18,600000	7,557065	7,588319	0,525003	0,094933	2,748164	-13423,363966	-10939,620992	-2985,136410	-12645,549053	-13092,651600	8,736324	231,382029	23,341563	23,838541	26,909132	23,882264	24,176984	-2,910133	1,165375	0,980184	232142,435477	-0,200404	0,000802	1,979233	0,669031	2,035787	-0,124490	-0,124484	0,000000	6,238923	0,518787	0,800264
18,800000	7,556985	7,588368	0,522968	0,094756	2,757315	-13415,006909	-10940,494166	-2985,313943	-12641,935582	-13089,038129	8,739025	231,333358	23,343020	23,840416	26,907997	23,877007	24,176558	-2,910245	1,164845	0,980629	232132,585342	-0,200174	0,001143	1,894625	0,669138	2,035574	-0,124487	-0,124476	0,000000	6,238173	0,519561	0,800168
19,000000	7,556951	7,588501	0,520342	0,093652	2,757109	-13395,582378	-10941,149492	-2985,261799	-12640,833618	-13087,936165	8,741782	231,306714	23,340076	23,840382	26,910079	23,872323	24,184565	-2,910355	1,165055	0,981435	232144,234661	-0,199262	0,001298	1,861339	0,668089	2,035361	-0,124478	-0,124472	0,000000	6,237762	0,519654	0,800115
19,200000	7,556725	7,588319	0,520389	0,093443	2,748871	-13391,078199	-10941,529881	-2985,154581	-12642,552198	-13089,654744	8,744479	231,337886	23,336525	23,838813	26,913344	23,875174	24,193284	-2,910383	1,165617	0,981546	232156,143163	-0,198579	0,001050	1,908973	0,666046	2,035206	-0,124472	-0,124473	0,000000	6,238242	0,518046	0,800177
19,400000	7,556624	7,588048	0,522943	0,093450	2,755384	-13402,896882	-10942,361084	-2984,992272	-12640,036791	-13087,139338	8,747207	231,351698	23,335376	23,838147	26,911133	23,883054	24,194214	-2,910473	1,165160	0,980930	232154,328854	-0,198691	0,000678	1,945488	0,664369	2,035243	-0,124475	-0,124480	0,000000	6,238455	0,515856	0,800204
19,600000	7,556642	7,588015	0,526302	0,093216	2,762387	-13413,925799	-10943,197889	-2984,817591	-12630,707965	-13077,810512	8,750165	231,232277	23,336226	23,838997	26,905270	23,887161	24,188673	-2,910503	1,165857	0,980222	232150,353969	-0,199182	0,000487	1,942170	0,663706	2,036328	-0,124482	-0,124489	0,000000	6,236615	0,514193	0,799968
19,800000	7,556493	7,587976	0,527854	0,094207	2,750576	-13413,409913	-10942,454088	-2984,928870	-12623,672953	-13070,775500	8,753170	231,047110	23,338279	23,839753	26,905842	23,883723	24,183935	-2,910320	1,166953	0,980034	232155,640820	-0,199417	0,000513	1,928325	0,663351	2,037558	-0,124487	-0,124493	0,000000	6,233761	0,513393	0,799602
20,000000	7,556455	7,587888	0,525959	0,095038	2,751377	-13406,525825	-10940,226506	-2985,135280	-12628,984819	-13076,087366	8,756102	230,932899	23,337760	23,839056	26,911208	23,875899	24,182186	-2,910150	1,166987	0,980282	232154,705375	-0,199589	0,000563	1,901810	0,662763	2,037023	-0,124489	-0,124490	0,000000	6,232000	0,513581	0,799376
20,200000	7,556709	7,587699	0,522970	0,093932	2,765226	-13401,910851	-10938,960810	-2985,313383	-12643,073533	-13090,176079	8,758959	230,895590	23,334826	23,836501	26,911015	23,869233	24,183068	-2,910209	1,166887	0,980421	232148,454343	-0,200129	0,000429	1,839541	0,662129	2,035154	-0,124490	-0,124485	0,000000	6,231424	0,514089	0,799302
20,400000	7,556579	7,587243	0,522859	0,092707	2,763670	-13405,786847	-10939,489117	-2985,379809	-12654,945564	-13102,048111	8,761662	230,910747	23,334749	23,835774	26,904265	23,869268	24,185383	-2,910418	1,166595	0,980467	232157,236112	-0,200441	0,000456	1,812593	0,661646	2,034074	-0,124487	-0,124481	0,000000	6,231658	0,513715	0,799332
20,600000	7,556018	7,586951	0,524836	0,093024	2,758797	-13414,504425	-10939,971217	-2985,227022	-12658,565052	-13105,667599	8,764273	230,957993	23,338859	23,838993	26,899756	23,877002	24,186379	-2,910557	1,167059	0,980657	232183,824171	-0,200239	0,000829	1,844741	0,661113	2,033665	-0,124481	-0,124479	0,000000	6,232386	0,512604	0,799425
20,800000	7,555595	7,587023	0,525468	0,094367	2,759299	-13417,333647	-10940,120645	-2985,132641	-12652,704928	-13099,807475	8,767099	230,972314	23,341267	23,840841	26,901516	23,884907	24,185605	-2,910592	1,167848	0,980638	232208,558561	-0,200037	0,001010	1,839973	0,660541	2,034005	-0,124479	-0,124483	0,000000	6,232607	0,511952	0,799454
21,000000	7,555521	7,587283	0,524259	0,095663	2,761448	-13412,297980	-10941,359368	-2984,958569	-12645,226404	-13092,328951	8,770073	230,947652	23,335849	23,839269	26,908204	23,885587	24,185553	-2,910540	1,167855	0,980239	232209,476253	-0,199587	0,000884	1,845595	0,660454	2,036189	-0,124480	-0,124488	0,000000	6,232227	0,512320	0,799405
21,200000	7,555732	7,587449	0,522051	0,096127	2,763090	-13406,047173	-10942,776853	-2984,806053	-12645,891826	-13092,994373	8,772848	230,927614	23,328438	23,837575	26,916309	23,879984	24,187665	-2,910278	1,167608	0,980047	232200,890236	-0,199080	0,000794	1,952086	0,661209	2,038194	-0,124482	-0,124488	0,000000	6,231918	0,513677	0,799365
21,400000	7,555862	7,587295	0,520396	0,095453	2,755114	-13401,042208	-10942,317753	-2985,029960	-12653,398729	-13100,501276	8,775454	230,948328	23,328224	23,837190	26,918429	23,875019	24,187671	-2,910102	1,166748	0,980480	232191,809719	-0,199003	0,000805	2,050700	0,662228	2,037475	-0,124481	-0,124485	0,000000	6,232237	0,515024	0,799406
21,600000	7,555881	7,587073	0,521132	0,094528	2,752680	-13398,555968	-10940,618404	-2985,270926	-12656,921162	-13104,023709	8,778144	230,994215	23,334493	23,837519	26,911714	23,874593	24,184366	-2,910207	1,165826	0,980993	232185,408144	-0,199315	0,000713	2,028714	0,662610	2,034923	-0,124479	-0,124485	0,000000	6,232945	0,515047	0,799497
21,800000	7,555877	7,586841	0,523960	0,094361	2,761778	-13409,630996	-10940,154798	-2985,310601	-12650,125530	-13097,228077	8,780949	231,016382	23,341909	23,839808	26,902675	23,877137	24,181012	-2,910311	1,165408	0,980934	232186,353757	-0,199970	0,000625	1,952550	0,662414	2,033765	-0,124481	-0,124486	0,000000	6,233287	0,513905	0,799541
22,000000	7,555601	7,586611	0,526039	0,094504	2,759569	-13423,412096	-10940,622484	-2985,190092	-12641,466237	-13088,568784	8,783711	231,067715	23,345000	23,843981	26,901749	23,881280	24,179070	-2,910307	1,165309	0,980877	232188,562082	-0,200229	0,000805	1,884802	0,662158	2,034890	-0,124484	-0,124480	0,000000	6,234078	0,512984	0,799642
22,200000	7,555237	7,586588	0,524773	0,094472	2,750454	-13416,799320	-10940,217604	-2985,083093	-12641,392654	-13088,495201	8,786576	231,152451	23,340616	23,844292	26,908503	23,883089	24,181484	-2,910193	1,166348	0,980961	232187,077742	-0,200065	0,000963	1,858182	0,661978	2,036296	-0,124484	-0,124476	0,000000	6,235384	0,513279	0,799810
22,400000	7,555142	7,586767	0,522001	0,094323	2,754925	-13404,903823	-10939,831680	-2985,253110	-12650,004251	-13097,106797	8,789640	231,186118	23,330979	23,839630	26,915715	23,880590	24,187989	-2,910057	1,166912	0,980756	232173,077426	-0,200047	0,000834	1,954455	0,661896	2,036864	-0,124484	-0,124478	0,000000	6,235903	0,514183	0,799877
22,600000	7,555269	7,586760	0,521400	0,094087	2,764955	-13409,285061	-10940,266701	-2985,509935	-12658,585814	-13105,688361	8,792630	231,182106	23,325412	23,836213	26,919496	23,877826	24,192189	-2,910067	1,164848	0,980222	232153,664067	-0,200142	0,000694	2,085711	0,661985	2,036818	-0,124484	-0,124482	0,000000	6,235842	0,514467	0,799869
22,800000	7,555440	7,586316	0,523310	0,093739	2,758709	-13423,174007	-10940,891505	-2985,400493	-12660,153746	-13107,256293	8,795338	231,176719	23,331307	23,836534	26,915815	23,876810	24,187869	-2,910228	1,164200	0,979623	232133,518901	-0,199804	0,000767	2,111129	0,661961	2,036372	-0,124481	-0,124483	0,000000	6,235759	0,513769	0,799858
23,000000	7,555033	7,585895	0,525848	0,093807	2,746254	-13429,562300	-10941,559103	-2984,917340	-12656,939267	-13104,041814	8,798018	231,186962	23,341698	23,839178	26,906557	23,876987	24,179091	-2,910486	1,166101	0,979777	232114,364432	-0,198960	0,000941	2,095129	0,661341	2,035628	-0,124480	-0,124477	0,000000	6,235916	0,512388	0,799878
23,200000	7,554183	7,585758	0,526859	0,094813	2,755794	-13424,794421	-10942,315869	-2984,716378	-12650,820287	-13097,922834	8,801027	231,267404	23,344991	23,841760	26,902683	23,876546	24,176296	-2,910611	1,167078	0,980167	232114,227763	-0,198720	0,000921	2,048553	0,660462	2,035180	-0,124480	-0,124475	0,000000	6,237156	0,511349	0,800037
23,400000	7,554224	7,585684	0,524976	0,095320	2,765768	-13417,281511	-10942,105792	-2984,841684	-12644,103015	-13091,205562	8,804169	231,386603	23,339372	23,841654	26,907897	23,873943	24,181019	-2,910431	1,168056	0,980034	232134,194500	-0,199072	0,000643	1,954979	0,660367	2,035477	-0,124480	-0,124480	0,000000	6,238993	0,511912	0,800273
23,600000	7,554802	7,585878	0,521379	0,094383	2,752836	-13404,814483	-10940,864548	-2985,016259	-12641,284142	-13088,386688	8,807019	231,435642	23,332321	23,839162	26,912379	23,873067	24,189597	-2,910251	1,168472	0,979731	232143,691434	-0,199457	0,000459	1,876740	0,661461	2,035751	-0,124481	-0,124482	0,000000	6,239749	0,513997	0,800370
23,800000	7,554765	7,586326	0,519109	0,093825	2,751613	-13389,284434	-10940,606946	-2985,441969	-12641,111868	-13088,214415	8,809627	231,421419	23,330066	23,837021	26,910926	23,878402	24,196215	-2,910261	1,167358	0,979672	232140,207081	-0,200483	0,000644	1,772328	0,663133	2,035239	-0,124480	-0,124477	0,000000	6,239529	0,516095	0,800342
24,000000	7,554545	7,586342	0,520105	0,094369	2,764292	-13386,725800	-10941,136801	-2985,788429	-12643,343411	-13090,445958	8,812303	231,401090	23,332215	23,836431	26,908024	23,886529	24,193589	-2,910320	1,166721	0,979763	232144,294149	-0,201540	0,000960	1,737591	0,664360	2,035022	-0,124482	-0,124473	0,000000	6,239216	0,516707	0,800301
24,200000	7,554465	7,585709	0,521686	0,094470	2,760116	-13396,826081	-10940,931140	-2985,736609	-12646,891560	-13093,994107	8,815249	231,395552	23,336240	23,836947	26,908542	23,888339	24,183408	-2,910321	1,166611	0,979609	232152,716351	-0,201380	0,000824	1,831967	0,664628	2,035242	-0,124488	-0,124477	0,000000	6,239131	0,516341	0,800291
24,400000	7,554220	7,585071	0,521467	0,094437	2,748525	-13406,222285	-10940,190642	-2985,424571	-12647,908031	-13095,010578	8,818416	231,381324	23,338709	23,838397	26,912236	23,880830	24,175406	-2,910222	1,166850	0,979446	232163,271703	-0,200219	0,000411	1,930293	0,664304	2,035708	-0,124489	-0,124487	0,000000	6,238912	0,516129	0,800262
24,600000	7,554099	7,584969	0,520321	0,095163	2,744444	-13409,509323	-10940,135572	-2985,240177	-12649,515555	-13096,618102	8,821353	231,330957	23,337871	23,839609	26,914814	23,870886	24,176453	-2,910136	1,167373	0,979732	232185,597184	-0,199219	0,000450	2,015255	0,663733	2,036503	-0,124487	-0,124491	0,000000	6,238136	0,516070	0,800163
24,800000	7,553995	7,585254	0,518394	0,095117	2,750637	-13403,343495	-10940,449179	-2985,340191	-12654,881520	-13101,984067	8,823934	231,308166	23,335861	23,839604	26,916685	23,866820	24,182546	-2,910222	1,166612	0,980201	232208,612335	-0,199124	0,000804	1,999828	0,663232	2,035383	-0,124480	-0,124485	0,000000	6,237784	0,516355	0,800118
25,000000	7,553513	7,585260	0,517824	0,094091	2,757881	-13395,712068	-10940,312349	-2985,276700	-12657,596309	-13104,698856	8,826488	231,312158	23,335593	23,838931	26,916565	23,871209	24,186004	-2,910408	1,164236	0,980081	232213,454914	-0,199168	0,000974	1,907146	0,663128	2,033257	-0,124469	-0,124479	0,000000	6,237846	0,516470	0,800126
25,200000	7,553254	7,584848	0,519506	0,094088	2,751057	-13398,314503	-10940,304127	-2985,213857	-12649,354846	-13096,457392	8,829280	231,300835	23,337226	23,839917	26,910569	23,879451	24,186103	-2,910441	1,162268	0,979519	232208,753009	-0,199030	0,000916	1,905830	0,663160	2,033664	-0,124471	-0,124480	0,000000	6,237671	0,515886	0,800103
25,400000	7,553303	7,584763	0,521084	0,095188	2,748272	-13403,228393	-10940,962432	-2985,517135	-12636,941996	-13084,044543	8,832197	231,312150	23,337506	23,841731	26,907934	23,886104	24,183645	-2,910341	1,162671	0,979118	232190,796625	-0,199420	0,000907	1,962553	0,662989	2,036582	-0,124480	-0,124485	0,000000	6,237846	0,515205	0,800126
25,600000	7,553137	7,585089	0,521743	0,096027	2,759372	-13403,906632	-10942,080413	-2985,847013	-12633,790782	-13080,893329	8,835032	231,351844	23,334699	23,840073	26,913654	23,886281	24,181029	-2,910266	1,163318	0,979216	232163,384620	-0,200106	0,000809	1,999080	0,662670	2,038180	-0,124484	-0,124489	0,000000	6,238457	0,514766	0,800204
25,800000	7,553122	7,585187	0,520662	0,095701	2,759401	-13404,443633	-10941,975037	-2985,696053	-12639,611951	-13086,714497	8,837905	231,373558	23,330313	23,837480	26,916392	23,877779	24,182100	-2,910157	1,162217	0,979557	232147,674982	-0,200171	0,000673	1,967185	0,662304	2,037303	-0,124487	-0,124492	0,000000	6,238792	0,514863	0,800247
26,000000	7,553380	7,584711	0,517670	0,094440	2,747601	-13399,037506	-10940,663923	-2985,331512	-12648,027777	-13095,130323	8,840742	231,375074	23,329998	23,838410	26,912336	23,869205	24,184285	-2,910081	1,161902	0,979968	232147,220127	-0,199512	0,001009	1,858899	0,661974	2,035550	-0,124488	-0,124491	0,000000	6,238815	0,515584	0,800250
26,200000	7,553316	7,583931	0,516242	0,093836	2,746438	-13393,797194	-10940,008328	-2985,164756	-12652,299545	-13099,402092	8,843513	231,389800	23,336713	23,840049	26,906591	23,869775	24,183417	-2,910278	1,161851	0,980711	232152,701485	-0,198916	0,001392	1,814988	0,661940	2,033489	-0,124481	-0,124486	0,000000	6,239042	0,515984	0,800279
26,400000	7,552885	7,583486	0,518581	0,094190	2,754271	-13405,653788	-10940,546280	-2985,230276	-12650,431509	-13097,534056	8,846390	231,402268	23,341516	23,839317	26,902521	23,876893	24,181016	-2,910603	1,160753	0,980732	232151,394587	-0,199173	0,001300	1,875786	0,662244	2,033453	-0,124473	-0,124482	0,000000	6,239234	0,515392	0,800304
26,600000	7,552611	7,583729	0,520096	0,094633	2,748684	-13422,919534	-10941,104864	-2985,381608	-12646,403747	-13093,506294	8,849407	231,357833	23,339295	23,839648	26,902004	23,881914	24,182730	-2,910642	1,162163	0,979645	232137,754039	-0,199537	0,000988	1,925312	0,662629	2,035662	-0,124476	-0,124487	0,000000	6,238550	0,515191	0,800216
26,800000	7,552643	7,584190	0,517497	0,094795	2,734651	-13423,125510	-10941,073352	-2985,064357	-12645,562729	-13092,665275	8,852428	231,243890	23,334521	23,841132	26,905983	23,881043	24,187571	-2,910390	1,165523	0,978844	232124,422836	-0,198639	0,000691	1,925185	0,662837	2,037463	-0,124483	-0,124494	0,000000	6,236794	0,516268	0,799991
27,000000	7,552855	7,584143	0,514359	0,094332	2,744773	-13404,282666	-10940,917838	-2984,579290	-12651,015442	-13098,117988	8,855237	231,122272	23,330345	23,838136	26,912888	23,878896	24,190790	-2,910183	1,167103	0,979143	232131,200971	-0,197403	0,000495	1,901943	0,662668	2,037240	-0,124486	-0,124492	0,000000	6,234919	0,517221	0,799750
27,200000	7,553061	7,583891	0,515217	0,093907	2,761080	-13391,623345	-10940,743414	-2984,717098	-12654,270719	-13101,373265	8,857930	231,061352	23,328994	23,833362	26,913529	23,877843	24,191376	-2,910168	1,167059	0,979937	232147,200865	-0,197689	0,000487	1,912119	0,662199	2,035822	-0,124485	-0,124483	0,000000	6,233980	0,516556	0,799630
27,400000	7,552791	7,583784	0,519626	0,094508	2,750415	-13402,052493	-10941,288703	-2984,996712	-12647,382697	-13094,485244	8,860740	231,063062	23,332750	23,834118	26,907098	23,876723	24,186792	-2,910188	1,165864	0,980265	232157,159196	-0,199005	0,000488	1,956924	0,661684	2,034946	-0,124482	-0,124483	0,000000	6,234006	0,514638	0,799633
27,600000	7,552016	7,583716	0,521637	0,095263	2,743290	-13418,277786	-10942,221212	-2984,918893	-12638,577928	-13085,680475	8,863663	231,080669	23,340557	23,839702	26,902397	23,877548	24,178640	-2,910321	1,164852	0,980274	232163,772313	-0,199592	0,000565	1,953001	0,661120	2,035012	-0,124480	-0,124489	0,000000	6,234278	0,513497	0,799668
27,800000	7,551328	7,583668	0,518420	0,095276	2,754486	-13420,939167	-10941,842183	-2984,867916	-12639,825903	-13086,928449	8,866564	231,051366	23,344572	23,842648	26,904148	23,878514	24,176260	-2,910443	1,165096	0,980454	232171,372487	-0,199291	0,000834	1,895859	0,660654	2,035601	-0,124479	-0,124488	0,000000	6,233826	0,514217	0,799610
28,000000	7,551319	7,583386	0,513513	0,095096	2,759083	-13408,528565	-10940,259786	-2984,971468	-12648,178019	-13095,280565	8,869502	230,959441	23,339020	23,840499	26,910865	23,877401	24,184563	-2,910165	1,165147	0,980390	232181,823003	-0,198958	0,000761	1,898512	0,660461	2,036114	-0,124479	-0,124480	0,000000	6,232409	0,515733	0,799428
28,200000	7,551874	7,583012	0,511969	0,094394	2,753134	-13397,948912	-10939,721915	-2985,306749	-12655,703814	-13102,806361	8,872470	230,896712	23,330426	23,838664	26,914291	23,877148	24,193949	-2,909872	1,165168	0,979906	232180,640202	-0,199462	0,000450	2,023628	0,660349	2,036601	-0,124479	-0,124478	0,000000	6,231441	0,516159	0,799304
28,400000	7,552165	7,582903	0,515723	0,093220	2,744082	-13406,700911	-10940,637329	-2985,675108	-12659,411051	-13106,513598	8,875306	230,905686	23,328852	23,839275	26,912544	23,879327	24,193752	-2,910044	1,165540	0,979760	232160,719078	-0,200485	0,000516	2,133008	0,660421	2,036226	-0,124478	-0,124477	0,000000	6,231580	0,514925	0,799322
28,600000	7,551762	7,583153	0,520273	0,093822	2,743709	-13422,414523	-10941,450861	-2985,601603	-12655,099431	-13102,201978	8,878151	230,947300	23,334497	23,840141	26,906717	23,881451	24,186907	-2,910317	1,165842	0,979927	232155,176310	-0,200798	0,000594	2,049924	0,660976	2,034982	-0,124481	-0,124476	0,000000	6,232222	0,513819	0,799404
28,800000	7,551293	7,583397	0,520271	0,095784	2,749415	-13421,757304	-10941,763040	-2985,232476	-12640,636116	-13087,738663	8,881034	230,989811	23,339227	23,840263	26,900653	23,879933	24,178978	-2,910290	1,165974	0,979830	232165,121965	-0,200459	0,000409	1,866266	0,661910	2,034770	-0,124488	-0,124480	0,000000	6,232877	0,514549	0,799488
29,000000	7,551416	7,583079	0,516711	0,096235	2,745718	-13402,798324	-10942,022094	-2984,848727	-12628,680607	-13075,783153	8,883750	231,029941	23,339352	23,839671	26,901056	23,875140	24,174905	-2,910181	1,166163	0,979469	232153,355403	-0,199819	0,000368	1,818642	0,662771	2,035826	-0,124489	-0,124485	0,000000	6,233496	0,516411	0,799568
29,200000	7,551737	7,582610	0,515084	0,095461	2,748229	-13391,608130	-10942,139301	-2984,656945	-12633,079252	-13080,181799	8,886409	231,080584	23,337524	23,838410	26,904079	23,869534	24,179978	-2,910180	1,167104	0,979213	232132,255927	-0,199159	0,000524	1,883951	0,663207	2,036296	-0,124484	-0,124484	0,000000	6,234277	0,517285	0,799668
29,400000	7,551836	7,582427	0,518020	0,094970	2,761389	-13409,668653	-10941,717445	-2984,687876	-12644,017625	-13091,120172	8,889161	231,100471	23,334202	23,837262	26,904377	23,869323	24,189185	-2,910193	1,167537	0,979286	232123,884539	-0,198842	0,000698	1,897290	0,663110	2,035704	-0,124479	-0,124479	0,000000	6,234583	0,516200	0,799707
29,600000	7,551579	7,582388	0,522585	0,094517	2,761753	-13435,172940	-10941,224205	-2984,849131	-12648,092558	-13095,195105	8,891961	231,113624	23,332144	23,837440	26,905016	23,879020	24,192520	-2,910250	1,166506	0,979552	232115,811348	-0,198779	0,000816	1,878017	0,662437	2,035443	-0,124478	-0,124480	0,000000	6,234786	0,514128	0,799733
29,800000	7,551066	7,582426	0,525065	0,094060	2,752923	-13447,606472	-10940,404234	-2985,311827	-12646,540370	-13093,642917	8,894705	231,141053	23,335027	23,838054	26,908649	23,889928	24,186524	-2,910351	1,166082	0,979787	232104,525561	-0,199392	0,000910	1,877013	0,661114	2,035827	-0,124481	-0,124483	0,000000	6,235209	0,512274	0,799787
30,000000	7,550877	7,582374	0,523244	0,094627	2,753822	-13442,777298	-10939,260640	-2985,640870	-12643,187276	-13090,289822	8,897426	231,119095	23,339015	23,837979	26,910647	23,890644	24,178388	-2,910360	1,166278	0,979661	232098,072939	-0,200317	0,000922	1,872726	0,659574	2,036576	-0,124488	-0,124483	0,000000	6,234870	0,511692	0,799744
30,200000	7,550833	7,582241	0,518125	0,096032	2,763215	-13418,888857	-10939,112192	-2985,440430	-12642,835605	-13089,938151	8,900262	231,138785	23,338449	23,838762	26,912366	23,880473	24,177270	-2,910206	1,166121	0,979421	232097,692585	-0,200292	0,000742	1,878241	0,658733	2,036810	-0,124494	-0,124486	0,000000	6,235174	0,512757	0,799783
30,400000	7,550554	7,582200	0,514658	0,096394	2,760240	-13392,384205	-10940,691020	-2985,149613	-12648,642734	-13095,745281	8,903100	231,259323	23,334265	23,838940	26,915350	23,869268	24,180922	-2,910129	1,166932	0,979228	232107,467130	-0,199860	0,000620	1,916516	0,659177	2,036071	-0,124491	-0,124488	0,000000	6,237032	0,514280	0,800021
30,600000	7,550536	7,582059	0,515627	0,095307	2,743373	-13382,705140	-10942,520965	-2985,180807	-12653,322398	-13100,424944	8,905953	231,358245	23,333083	23,837108	26,909693	23,865652	24,183638	-2,910188	1,167281	0,979245	232129,434247	-0,199965	0,000651	1,936347	0,661129	2,034840	-0,124488	-0,124483	0,000000	6,238556	0,515459	0,800217
30,800000	7,550738	7,581733	0,518662	0,094335	2,741723	-13395,717272	-10942,530229	-2985,503253	-12651,440733	-13098,543279	8,908926	231,404601	23,336769	23,837615	26,899002	23,870718	24,184626	-2,910191	1,166465	0,979737	232149,284100	-0,200530	0,000696	1,893043	0,663836	2,034239	-0,124489	-0,124477	0,000000	6,239270	0,516495	0,800308
31,000000	7,550650	7,581611	0,520833	0,094377	2,748570	-13413,640336	-10941,504147	-2985,752778	-12645,212308	-13092,314854	8,911899	231,415174	23,340717	23,840259	26,895938	23,880168	24,184545	-2,910300	1,166462	0,979894	232158,057691	-0,201271	0,000623	1,863202	0,665670	2,034854	-0,124485	-0,124476	0,000000	6,239433	0,517165	0,800329
31,200000	7,550406	7,581773	0,521236	0,094918	2,741442	-13418,634749	-10940,645123	-2985,719429	-12638,834990	-13085,937537	8,914953	231,403398	23,339674	23,840885	26,902373	23,884943	24,184433	-2,910280	1,165739	0,979785	232159,722695	-0,201371	0,000373	1,874719	0,666059	2,036161	-0,124485	-0,124485	0,000000	6,239252	0,517349	0,800306
31,400000	7,550130	7,581796	0,520221	0,095329	2,743089	-13415,172060	-10940,790166	-2985,463309	-12639,463352	-13086,565899	8,918138	231,468405	23,333348	23,839102	26,913158	23,881504	24,186000	-2,910013	1,164353	0,980120	232153,221757	-0,200594	0,000267	1,850939	0,665812	2,037891	-0,124490	-0,124492	0,000000	6,240253	0,517526	0,800434
31,600000	7,550065	7,581459	0,519117	0,095244	2,757474	-13411,801772	-10940,781666	-2985,261033	-12648,282637	-13095,385184	8,921123	231,603933	23,329306	23,836653	26,914902	23,875697	24,187424	-2,909896	1,164596	0,980564	232142,313161	-0,199973	0,000496	1,825059	0,665724	2,037941	-0,124492	-0,124485	0,000000	6,242341	0,517821	0,800702
31,800000	7,550249	7,580921	0,519107	0,094566	2,761631	-13413,707719	-10939,455156	-2985,312345	-12659,687183	-13106,789730	8,923796	231,682012	23,332682	23,834805	26,907602	23,873192	24,184508	-2,909994	1,164831	0,980783	232127,269843	-0,200065	0,000657	1,889641	0,665780	2,035385	-0,124491	-0,124477	0,000000	6,243543	0,517826	0,800857
32,000000	7,550099	7,580384	0,518536	0,094028	2,757888	-13419,807631	-10939,531837	-2985,241370	-12667,075621	-13114,178168	8,926567	231,678962	23,340288	23,835645	26,903663	23,874851	24,179763	-2,910085	1,164758	0,980460	232101,509064	-0,200534	0,000490	1,950733	0,665342	2,033107	-0,124490	-0,124477	0,000000	6,243496	0,517640	0,800850
32,200000	7,549479	7,580076	0,516139	0,094151	2,751293	-13418,503666	-10941,255913	-2984,920028	-12664,088756	-13111,191303	8,929616	231,643969	23,345265	23,840337	26,902156	23,877138	24,177800	-2,910107	1,166076	0,979993	232079,524652	-0,200410	0,000390	1,962382	0,664420	2,033600	-0,124488	-0,124479	0,000000	6,242957	0,517710	0,800781
32,400000	7,548928	7,580394	0,515072	0,094628	2,747346	-13411,909868	-10941,705910	-2985,029309	-12658,796364	-13105,898910	8,932549	231,600071	23,342039	23,843369	26,902280	23,878249	24,179970	-2,910219	1,167528	0,980305	232080,160807	-0,199708	0,000537	2,004987	0,663666	2,035693	-0,124485	-0,124480	0,000000	6,242281	0,517501	0,800695
32,600000	7,548924	7,581227	0,516008	0,094871	2,745163	-13414,415131	-10940,868150	-2985,603237	-12662,120315	-13109,222861	8,935315	231,576895	23,332987	23,841337	26,906830	23,878504	24,185463	-2,910369	1,167469	0,980697	232105,427249	-0,199733	0,000805	1,997975	0,662994	2,036778	-0,124480	-0,124481	0,000000	6,241924	0,516720	0,800649
32,800000	7,549092	7,581800	0,516452	0,094562	2,735132	-13420,395736	-10940,571705	-2985,862917	-12667,904675	-13115,007221	8,938145	231,600102	23,326399	23,837959	26,911153	23,877950	24,189937	-2,910320	1,166222	0,980472	232133,534031	-0,200502	0,000928	1,888474	0,662019	2,036217	-0,124478	-0,124480	0,000000	6,242282	0,515857	0,800695
33,000000	7,549156	7,581658	0,515590	0,093838	2,733426	-13420,452366	-10940,938846	-2985,563720	-12670,169370	-13117,271917	8,940990	231,628706	23,329163	23,836829	26,909019	23,878947	24,187562	-2,910186	1,165839	0,979926	232125,809032	-0,200760	0,000697	1,790743	0,660908	2,035405	-0,124482	-0,124481	0,000000	6,242722	0,515274	0,800751
33,200000	7,549263	7,581042	0,514839	0,093257	2,746112	-13422,085812	-10941,151199	-2985,073061	-12668,316611	-13115,419157	8,944048	231,631252	23,338893	23,838548	26,905075	23,879366	24,178005	-2,910287	1,166164	0,979753	232099,063702	-0,199815	0,000558	1,786034	0,660205	2,035436	-0,124485	-0,124489	0,000000	6,242762	0,514934	0,800756
33,400000	7,549186	7,580615	0,516512	0,094138	2,750853	-13430,988806	-10941,107247	-2984,908878	-12662,810369	-13109,912916	8,947314	231,624066	23,344439	23,840165	26,904899	23,876130	24,170334	-2,910413	1,165178	0,980300	232095,304622	-0,198651	0,000558	1,819480	0,660104	2,035681	-0,124482	-0,124493	0,000000	6,242651	0,514258	0,800742
33,600000	7,548876	7,580672	0,519252	0,095527	2,746566	-13437,607389	-10941,355665	-2985,090073	-12657,616439	-13104,718985	8,950232	231,569716	23,341222	23,839322	26,905055	23,873095	24,171993	-2,910340	1,165309	0,980638	232100,526002	-0,198513	0,000561	1,830587	0,660399	2,035959	-0,124482	-0,124484	0,000000	6,241814	0,513565	0,800635
33,800000	7,548703	7,580639	0,519901	0,094808	2,750472	-13430,108128	-10940,823744	-2985,250282	-12652,792870	-13099,895417	8,952816	231,451364	23,334615	23,837335	26,905059	23,872223	24,180766	-2,910216	1,166884	0,980560	232091,933605	-0,199217	0,000731	1,850701	0,661084	2,036175	-0,124487	-0,124475	0,000000	6,239991	0,513879	0,800401
34,000000	7,548749	7,580249	0,518266	0,093290	2,760488	-13406,087697	-10939,585921	-2985,367563	-12646,633401	-13093,735947	8,955567	231,366715	23,331670	23,836469	26,906099	23,874973	24,190130	-2,910166	1,166659	0,980576	232080,232381	-0,199851	0,000859	1,911294	0,662082	2,035694	-0,124487	-0,124474	0,000000	6,238687	0,515190	0,800234
34,200000	7,548525	7,579905	0,515946	0,093422	2,756516	-13381,379422	-10939,633667	-2985,443760	-12638,534015	-13085,636562	8,958430	231,368284	23,333416	23,837004	26,907207	23,881323	24,192655	-2,910195	1,166109	0,980265	232078,547029	-0,200198	0,000817	2,004347	0,662873	2,034997	-0,124483	-0,124478	0,000000	6,238711	0,516575	0,800237
34,400000	7,547939	7,579857	0,514929	0,094104	2,741267	-13374,625330	-10940,995536	-2985,526927	-12629,055155	-13076,157702	8,961157	231,411339	23,335922	23,838532	26,906835	23,886217	24,184873	-2,910211	1,166245	0,979876	232086,172740	-0,200837	0,000816	2,056256	0,663315	2,034976	-0,124483	-0,124480	0,000000	6,239374	0,517260	0,800322
34,600000	7,547619	7,579940	0,516310	0,094369	2,742798	-13382,925347	-10942,018751	-2985,790406	-12624,439496	-13071,542043	8,963876	231,437196	23,338899	23,840542	26,906505	23,883883	24,174907	-2,910274	1,166446	0,980182	232103,114194	-0,201538	0,001019	1,976291	0,663813	2,035738	-0,124486	-0,124479	0,000000	6,239772	0,517178	0,800373
34,800000	7,547662	7,580038	0,518275	0,095088	2,749132	-13396,408952	-10941,257908	-2985,955182	-12628,912477	-13076,015023	8,966750	231,371166	23,341198	23,841296	26,909012	23,874228	24,172698	-2,910423	1,167651	0,980652	232118,484628	-0,201630	0,001122	1,802135	0,664185	2,036266	-0,124489	-0,124478	0,000000	6,238755	0,516806	0,800242
35,000000	7,547745	7,580019	0,519491	0,095278	2,738154	-13408,622210	-10940,634074	-2985,790952	-12638,809018	-13085,911565	8,969694	231,221200	23,340535	23,840487	26,909820	23,867004	24,177561	-2,910493	1,167941	0,980976	232105,985979	-0,201117	0,000998	1,688072	0,663815	2,035592	-0,124489	-0,124479	0,000000	6,236444	0,516107	0,799946
35,200000	7,547899	7,579750	0,518872	0,094112	2,738324	-13413,902075	-10941,990472	-2985,394095	-12644,725188	-13091,827735	8,972604	231,102001	23,338270	23,839343	26,904266	23,866876	24,182816	-2,910500	1,166984	0,981139	232079,506798	-0,199796	0,000973	1,703662	0,662947	2,034222	-0,124484	-0,124481	0,000000	6,234607	0,515619	0,799710
35,400000	7,547888	7,579407	0,515487	0,093195	2,755507	-13408,990245	-10942,929275	-2984,837328	-12640,297267	-13087,399814	8,975412	231,077566	23,336863	23,839053	26,898430	23,873263	24,184531	-2,910396	1,166885	0,980798	232080,839668	-0,198401	0,000938	1,770879	0,662456	2,034140	-0,124479	-0,124480	0,000000	6,234230	0,516357	0,799662
35,600000	7,547627	7,579131	0,513122	0,093720	2,761446	-13397,779229	-10941,781630	-2984,562654	-12631,006629	-13078,109176	8,978272	231,106483	23,337819	23,840359	26,901022	23,883605	24,184153	-2,910184	1,167062	0,980359	232101,829357	-0,198112	0,000800	1,822527	0,662826	2,035736	-0,124479	-0,124480	0,000000	6,234676	0,517439	0,799719
35,800000	7,547425	7,579115	0,513757	0,094799	2,754468	-13390,794925	-10940,624647	-2984,756011	-12629,879843	-13076,982390	8,981214	231,156202	23,337092	23,840423	26,909958	23,887378	24,182460	-2,910127	1,167337	0,980079	232107,865108	-0,199078	0,000802	1,852407	0,664040	2,036945	-0,124484	-0,124487	0,000000	6,235442	0,518184	0,799817
36,000000	7,547290	7,579143	0,515591	0,094716	2,745256	-13394,003456	-10940,186893	-2985,123115	-12639,315522	-13086,418068	8,984038	231,157175	23,333486	23,837366	26,913993	23,880306	24,180175	-2,910002	1,167168	0,979888	232087,013309	-0,200763	0,000737	1,891918	0,665435	2,037031	-0,124491	-0,124489	0,000000	6,235457	0,518658	0,799819
36,200000	7,547171	7,578895	0,518231	0,093874	2,744667	-13405,016047	-10939,301809	-2985,474854	-12646,413551	-13093,516098	8,986969	231,038349	23,333461	23,835668	26,910172	23,871001	24,180279	-2,909789	1,166491	0,980242	232055,062605	-0,201716	0,000475	1,900293	0,666208	2,036218	-0,124493	-0,124482	0,000000	6,233625	0,518339	0,799584
36,400000	7,547265	7,578624	0,520799	0,093554	2,747856	-13418,011025	-10939,307183	-2985,327646	-12647,394646	-13094,497193	8,990092	230,915852	23,338275	23,837395	26,902702	23,868341	24,181435	-2,909965	1,166297	0,980801	232035,129758	-0,200995	0,000364	1,824400	0,666077	2,034490	-0,124486	-0,124478	0,000000	6,231737	0,517329	0,799342
36,600000	7,547406	7,578555	0,521950	0,093772	2,743075	-13429,334940	-10940,356519	-2984,604457	-12643,557033	-13090,659579	8,993104	230,884911	23,343105	23,839757	26,894719	23,872327	24,180986	-2,910466	1,165816	0,980807	232025,546907	-0,199350	0,000538	1,761891	0,665047	2,033522	-0,124479	-0,124481	0,000000	6,231259	0,516116	0,799281
36,800000	7,547113	7,578562	0,521328	0,094120	2,747438	-13432,931420	-10941,217746	-2984,606198	-12634,635442	-13081,737989	8,995908	230,889761	23,342328	23,841021	26,894949	23,877723	24,179998	-2,910702	1,165326	0,980321	232030,436378	-0,198724	0,000651	1,785794	0,663623	2,034833	-0,124477	-0,124484	0,000000	6,231334	0,515220	0,799290
37,000000	7,546540	7,578585	0,521477	0,094234	2,764817	-13426,611631	-10941,225006	-2985,400191	-12631,702103	-13078,804649	8,998598	230,906050	23,336765	23,842063	26,904442	23,881160	24,181572	-2,910509	1,165410	0,979948	232059,807624	-0,199619	0,000568	1,870029	0,662817	2,037066	-0,124481	-0,124483	0,000000	6,231585	0,514560	0,799323
37,200000	7,546263	7,578527	0,524765	0,094309	2,770364	-13429,465382	-10940,234892	-2985,693025	-12642,222485	-13089,325032	9,001353	230,923103	23,333924	23,841006	26,913005	23,880770	24,184381	-2,910226	1,165341	0,979977	232077,050044	-0,200423	0,000534	1,929016	0,663129	2,037487	-0,124484	-0,124481	0,000000	6,231848	0,513705	0,799356
37,400000	7,546575	7,578275	0,527654	0,094453	2,761209	-13447,739532	-10939,491725	-2985,554343	-12658,652972	-13105,755519	9,004208	230,908787	23,334223	23,836278	26,914359	23,877225	24,183809	-2,910007	1,165484	0,980093	232060,050891	-0,200522	0,000536	1,916702	0,663915	2,035819	-0,124485	-0,124483	0,000000	6,231628	0,513336	0,799328
37,600000	7,546947	7,578167	0,527604	0,094385	2,759710	-13456,852282	-10939,367685	-2985,407121	-12665,261224	-13112,363771	9,006990	230,905208	23,336484	23,834816	26,907917	23,873456	24,180178	-2,910067	1,165535	0,980236	232044,043107	-0,200135	0,000666	1,939178	0,664475	2,034616	-0,124484	-0,124485	0,000000	6,231572	0,513771	0,799321
37,800000	7,546568	7,578159	0,526800	0,094068	2,770445	-13446,641371	-10940,174891	-2985,323385	-12656,612332	-13103,714879	9,009628	230,930810	23,342194	23,838460	26,900164	23,873169	24,174634	-2,910420	1,164886	0,980622	232049,268742	-0,199728	0,001027	1,974001	0,664861	2,034745	-0,124480	-0,124483	0,000000	6,231967	0,514319	0,799372
38,000000	7,545893	7,578061	0,526725	0,094129	2,768084	-13434,324432	-10941,371407	-2985,158236	-12644,719476	-13091,822022	9,012318	230,936353	23,346414	23,841109	26,896968	23,876165	24,172120	-2,910613	1,165193	0,980865	232062,284110	-0,199663	0,001066	1,917449	0,665083	2,035538	-0,124478	-0,124480	0,000000	6,232053	0,514501	0,799383
38,200000	7,545629	7,578176	0,527666	0,094988	2,750739	-13429,818296	-10942,368848	-2984,749405	-12639,159290	-13086,261836	9,015247	230,904621	23,343619	23,840913	26,900847	23,875501	24,178291	-2,910579	1,165720	0,979900	232072,729688	-0,199001	0,000609	1,887110	0,665057	2,036370	-0,124477	-0,124482	0,000000	6,231563	0,514177	0,799320
38,400000	7,545726	7,578185	0,527447	0,095143	2,753080	-13424,450879	-10942,924065	-2984,748942	-12642,596925	-13089,699471	9,018093	230,880495	23,336266	23,839208	26,910924	23,872550	24,187179	-2,910448	1,164615	0,978789	232078,648101	-0,198622	0,000325	1,942987	0,665070	2,036369	-0,124479	-0,124481	0,000000	6,231191	0,514282	0,799272
38,600000	7,545908	7,577755	0,524568	0,093763	2,765637	-13408,685488	-10941,695229	-2985,201905	-12647,980464	-13095,083010	9,020755	230,880901	23,332750	23,837566	26,914937	23,874457	24,190259	-2,910217	1,163498	0,979287	232080,105859	-0,199648	0,000536	2,005504	0,665672	2,035954	-0,124483	-0,124481	0,000000	6,231198	0,515704	0,799273
38,800000	7,545746	7,577270	0,523230	0,092809	2,757616	-13392,019148	-10940,304928	-2985,256475	-12645,372655	-13092,475201	9,023598	230,870383	23,334707	23,836841	26,909696	23,879021	24,185877	-2,910069	1,163508	0,980091	232077,673925	-0,200244	0,000778	2,027858	0,667021	2,035833	-0,124486	-0,124486	0,000000	6,231035	0,517166	0,799252
39,000000	7,545270	7,576906	0,524883	0,093513	2,752178	-13393,684300	-10941,030353	-2985,145804	-12640,542788	-13087,645335	9,026538	230,896167	23,337884	23,837885	26,905825	23,880912	24,177530	-2,910136	1,164115	0,979947	232064,850367	-0,200149	0,000698	2,014422	0,668177	2,035974	-0,124485	-0,124491	0,000000	6,231433	0,517470	0,799303
39,200000	7,545072	7,576650	0,526697	0,094078	2,761436	-13404,527105	-10941,693787	-2985,366452	-12639,325846	-13086,428393	9,029300	230,947521	23,340363	23,839727	26,906286	23,877600	24,171648	-2,910315	1,164623	0,979721	232047,621168	-0,200450	0,000539	2,011231	0,668122	2,036130	-0,124485	-0,124489	0,000000	6,232225	0,516795	0,799405
39,400000	7,545239	7,576562	0,527425	0,093371	2,764897	-13410,123290	-10941,548415	-2985,599507	-12641,102144	-13088,204691	9,032085	230,933677	23,340627	23,839547	26,908256	23,870787	24,173460	-2,910460	1,164297	0,979808	232042,663099	-0,200841	0,000507	1,975398	0,667287	2,035378	-0,124485	-0,124487	0,000000	6,232012	0,515900	0,799377
39,600000	7,545288	7,576647	0,526424	0,093137	2,761192	-13409,348093	-10941,147644	-2985,604897	-12645,554175	-13092,656722	9,035084	230,935535	23,339457	23,837978	26,907899	23,866519	24,181935	-2,910496	1,164100	0,979821	232049,633333	-0,201093	0,000673	1,896433	0,666085	2,034601	-0,124481	-0,124484	0,000000	6,232040	0,515316	0,799381
39,800000	7,545289	7,576611	0,524481	0,093716	2,757169	-13404,826262	-10939,679179	-2985,466936	-12649,585002	-13096,687549	9,038026	231,025779	23,338436	23,836730	26,906060	23,870921	24,188493	-2,910335	1,164726	0,979999	232058,450775	-0,200986	0,000869	1,844736	0,663946	2,034372	-0,124476	-0,124477	0,000000	6,233432	0,514314	0,799559
40,000000	7,545370	7,576469	0,523113	0,093560	2,761959	-13405,855197	-10939,369854	-2985,182415	-12652,155593	-13099,258140	9,040800	231,116520	23,337895	23,837002	26,904139	23,881332	24,186692	-2,910265	1,165766	0,980173	232067,125174	-0,200571	0,000784	1,797964	0,661402	2,034205	-0,124474	-0,124476	0,000000	6,234831	0,512791	0,799739
40,200000	7,545224	7,576566	0,523455	0,093590	2,767910	-13413,611285	-10940,980849	-2984,955302	-12653,598966	-13100,701513	9,043575	231,162039	23,337288	23,838658	26,900792	23,886604	24,180350	-2,910418	1,166494	0,979986	232073,510039	-0,199819	0,000574	1,727663	0,659734	2,035536	-0,124477	-0,124483	0,000000	6,235532	0,511380	0,799829
40,400000	7,544910	7,576615	0,525840	0,095216	2,756360	-13424,410157	-10942,382072	-2985,092094	-12655,174238	-13102,276785	9,046296	231,155987	23,337215	23,839180	26,902252	23,883871	24,176315	-2,910332	1,166125	0,979618	232062,010893	-0,199095	0,000360	1,674298	0,659211	2,037378	-0,124482	-0,124487	0,000000	6,235439	0,510180	0,799817
40,600000	7,544805	7,576580	0,527392	0,096268	2,747000	-13433,996415	-10942,390349	-2985,322763	-12660,469086	-13107,571633	9,048921	231,114876	23,338018	23,838028	26,907478	23,875505	24,177493	-2,910185	1,166488	0,979597	232053,494598	-0,199268	0,000387	1,716103	0,659508	2,037192	-0,124485	-0,124489	0,000000	6,234805	0,509900	0,799736
40,800000	7,544874	7,576504	0,525567	0,094924	2,756381	-13434,238103	-10941,095532	-2985,387117	-12666,240725	-13113,343272	9,051651	231,160250	23,337267	23,836807	26,908653	23,866624	24,180927	-2,910205	1,167424	0,980221	232065,908228	-0,199860	0,000762	1,829624	0,660230	2,035133	-0,124487	-0,124484	0,000000	6,235505	0,511069	0,799825
41,000000	7,544909	7,576097	0,522365	0,093211	2,761930	-13419,334984	-10939,548555	-2985,437575	-12663,479999	-13110,582545	9,054509	231,296398	23,337555	23,837067	26,902792	23,868382	24,182483	-2,910163	1,166856	0,980803	232081,431047	-0,199887	0,000966	1,887538	0,660726	2,034089	-0,124486	-0,124475	0,000000	6,237603	0,512494	0,800095
41,200000	7,544801	7,575763	0,522003	0,093189	2,753497	-13400,468685	-10939,231841	-2985,310871	-12651,894651	-13098,997198	9,057326	231,386007	23,341572	23,839225	26,897486	23,879819	24,182696	-2,910167	1,166988	0,981103	232093,656604	-0,199248	0,000989	1,901039	0,660878	2,034396	-0,124483	-0,124474	0,000000	6,238984	0,512701	0,800272
41,400000	7,544483	7,575941	0,525237	0,094123	2,750631	-13400,013678	-10941,463883	-2985,051012	-12640,888762	-13087,991309	9,060138	231,413919	23,343796	23,841056	26,901501	23,888051	24,182745	-2,910355	1,167511	0,980594	232085,848621	-0,199042	0,000774	1,901847	0,661124	2,034825	-0,124481	-0,124483	0,000000	6,239414	0,511818	0,800327
41,600000	7,544095	7,576259	0,527235	0,094664	2,760812	-13412,745096	-10943,995395	-2985,232459	-12635,860587	-13082,963134	9,063030	231,421287	23,338960	23,839920	26,908083	23,885561	24,183803	-2,910448	1,166615	0,979658	232060,775464	-0,199721	0,000405	1,874538	0,661693	2,036817	-0,124481	-0,124492	0,000000	6,239527	0,511621	0,800341
41,800000	7,543874	7,576031	0,525262	0,094595	2,762134	-13411,961741	-10943,745569	-2985,514033	-12640,581284	-13087,683831	9,065856	231,430456	23,331595	23,837275	26,911685	23,877277	24,184162	-2,910331	1,166909	0,979755	232049,681477	-0,200250	0,000580	1,828610	0,662795	2,038102	-0,124480	-0,124490	0,000000	6,239669	0,513133	0,800360
42,000000	7,544013	7,575395	0,521700	0,093829	2,750337	-13399,768671	-10941,715062	-2985,415079	-12657,555441	-13104,657987	9,068524	231,444918	23,331809	23,835307	26,910376	23,872072	24,179611	-2,910362	1,167577	0,980285	232063,592996	-0,200287	0,000976	1,767899	0,664124	2,036340	-0,124479	-0,124477	0,000000	6,239891	0,515329	0,800388
42,200000	7,544057	7,575255	0,519671	0,093167	2,753170	-13398,160341	-10939,728330	-2985,454737	-12670,932970	-13118,035516	9,071237	231,448970	23,338540	23,835289	26,903157	23,871802	24,174799	-2,910511	1,166546	0,980561	232080,793132	-0,200604	0,001078	1,753494	0,664981	2,034088	-0,124482	-0,124470	0,000000	6,239954	0,516662	0,800396
42,400000	7,543759	7,575586	0,520988	0,093558	2,760465	-13411,487893	-10939,494048	-2985,432784	-12667,315741	-13114,418288	9,074147	231,438921	23,344235	23,838550	26,895870	23,874625	24,174786	-2,910496	1,166121	0,980508	232078,834134	-0,200833	0,001150	1,816885	0,665081	2,033734	-0,124481	-0,124473	0,000000	6,239799	0,516294	0,800376
42,600000	7,543622	7,575450	0,523478	0,093968	2,749285	-13430,256169	-10940,863858	-2984,877919	-12660,439774	-13107,542320	9,077070	231,415885	23,345623	23,841541	26,895851	23,876699	24,176212	-2,910367	1,166774	0,980132	232074,832612	-0,200129	0,001096	1,918156	0,664592	2,035034	-0,124483	-0,124479	0,000000	6,239444	0,515057	0,800331
42,800000	7,543624	7,575046	0,523621	0,093877	2,744461	-13437,137969	-10941,069992	-2984,561277	-12662,389969	-13109,492516	9,079886	231,403321	23,340567	23,840914	26,902149	23,876662	24,178819	-2,910287	1,166978	0,980197	232076,613903	-0,199264	0,000892	1,943738	0,663898	2,036138	-0,124487	-0,124480	0,000000	6,239251	0,514458	0,800306
43,000000	7,543689	7,575011	0,521761	0,094026	2,752849	-13428,562758	-10939,956520	-2984,906479	-12667,254078	-13114,356624	9,082700	231,397181	23,332142	23,838250	26,906660	23,877305	24,185185	-2,910216	1,166731	0,980622	232068,067853	-0,199214	0,000812	1,859335	0,663399	2,036486	-0,124487	-0,124477	0,000000	6,239156	0,514711	0,800294
43,200000	7,543990	7,575100	0,520221	0,094132	2,755500	-13418,326491	-10939,181488	-2985,334684	-12668,416014	-13115,518560	9,085570	231,382677	23,328243	23,835960	26,907344	23,879107	24,188867	-2,910049	1,166010	0,980808	232056,331191	-0,199905	0,000781	1,759502	0,663509	2,036358	-0,124487	-0,124478	0,000000	6,238933	0,515329	0,800265
43,400000	7,544284	7,574954	0,520861	0,093626	2,753806	-13414,538510	-10939,533967	-2985,541324	-12666,023394	-13113,125941	9,088464	231,391402	23,334697	23,836038	26,905995	23,879644	24,183197	-2,909926	1,165577	0,980709	232044,244175	-0,200827	0,000785	1,670466	0,664121	2,035630	-0,124491	-0,124482	0,000000	6,239067	0,515575	0,800282
43,600000	7,544069	7,574565	0,523445	0,093404	2,750440	-13426,505096	-10940,946377	-2985,456188	-12662,945395	-13110,047941	9,091240	231,409663	23,344668	23,837370	26,904707	23,876695	24,174707	-2,909968	1,166060	0,980296	232049,186504	-0,201065	0,000814	1,635121	0,664711	2,034807	-0,124495	-0,124483	0,000000	6,239348	0,515130	0,800318
43,800000	7,543313	7,574397	0,524692	0,094269	2,752896	-13444,123486	-10941,639508	-2984,957674	-12661,227010	-13108,329557	9,093925	231,416423	23,345189	23,838536	26,906225	23,872198	24,172154	-2,910091	1,166901	0,979931	232069,880787	-0,200380	0,000734	1,710147	0,665208	2,034936	-0,124493	-0,124485	0,000000	6,239452	0,515083	0,800332
44,000000	7,542903	7,574607	0,523558	0,094687	2,760445	-13442,431435	-10941,609054	-2984,612443	-12661,494596	-13108,597143	9,096668	231,420690	23,338675	23,839580	26,909607	23,868918	24,176822	-2,910172	1,167459	0,979716	232054,857297	-0,199681	0,000493	1,848754	0,665725	2,036013	-0,124488	-0,124485	0,000000	6,239518	0,515884	0,800340
44,200000	7,543110	7,574644	0,521307	0,093656	2,757209	-13425,414685	-10941,674858	-2984,926135	-12661,097230	-13108,199777	9,099537	231,344904	23,334339	23,839646	26,911852	23,868568	24,184604	-2,910248	1,166853	0,979761	232025,086373	-0,199524	0,000360	1,934816	0,666382	2,036377	-0,124484	-0,124483	0,000000	6,238350	0,517164	0,800190
44,400000	7,543210	7,574351	0,519666	0,093298	2,753916	-13409,337855	-10941,061502	-2985,514155	-12655,244209	-13102,346756	9,102577	231,187426	23,333448	23,838861	26,911522	23,873923	24,189432	-2,910304	1,166306	0,979980	232028,248749	-0,200415	0,000538	1,953231	0,667074	2,035500	-0,124479	-0,124482	0,000000	6,235924	0,518244	0,799879
44,600000	7,543189	7,574148	0,521083	0,094484	2,760082	-13402,246603	-10940,915608	-2985,744260	-12645,320761	-13092,423308	9,105573	231,098604	23,334837	23,837865	26,909770	23,882410	24,187520	-2,910265	1,166733	0,979675	232041,060598	-0,201566	0,000577	1,950351	0,667078	2,035449	-0,124481	-0,124484	0,000000	6,234554	0,517750	0,799704
44,800000	7,543150	7,574080	0,523752	0,095001	2,758389	-13403,104250	-10942,312557	-2985,392262	-12637,116625	-13084,219172	9,108354	231,118612	23,337621	23,838226	26,908791	23,885025	24,179160	-2,910275	1,166775	0,979685	232046,681370	-0,201162	0,000446	1,902540	0,666218	2,036027	-0,124483	-0,124490	0,000000	6,234863	0,516170	0,799743
45,000000	7,542648	7,574049	0,524861	0,094713	2,746674	-13399,882436	-10944,050223	-2985,201168	-12631,154991	-13078,257538	9,111026	231,153044	23,339662	23,839724	26,906745	23,878092	24,171691	-2,910331	1,166553	0,980049	232060,995543	-0,200093	0,000633	1,869006	0,665521	2,036349	-0,124484	-0,124491	0,000000	6,235394	0,515247	0,799811
45,200000	7,542130	7,574114	0,524256	0,094851	2,746978	-13385,278077	-10943,663342	-2985,484874	-12621,406580	-13068,509127	9,113822	231,156688	23,338427	23,839853	26,902692	23,868124	24,174063	-2,910287	1,165848	0,980033	232079,886309	-0,199957	0,000888	1,917664	0,665398	2,036707	-0,124487	-0,124485	0,000000	6,235450	0,515352	0,799818
45,400000	7,542283	7,574051	0,521975	0,094231	2,762848	-13366,513784	-10940,766064	-2985,490826	-12607,947929	-13055,050476	9,116810	231,134512	23,335131	23,838673	26,900221	23,864153	24,183169	-2,910220	1,164552	0,980301	232081,300108	-0,199954	0,000721	1,952215	0,665266	2,035745	-0,124485	-0,124480	0,000000	6,235108	0,516017	0,799775
45,600000	7,542381	7,573805	0,520287	0,092925	2,765212	-13355,195556	-10938,721743	-2985,440574	-12600,544482	-13047,647028	9,119667	231,105986	23,334934	23,838103	26,899342	23,869519	24,188192	-2,910249	1,164065	0,980474	232074,741296	-0,200068	0,000525	1,897598	0,665159	2,034416	-0,124477	-0,124475	0,000000	6,234668	0,516492	0,799718
45,800000	7,541971	7,573458	0,521638	0,093242	2,749777	-13355,728991	-10939,766119	-2985,747161	-12596,922860	-13044,025407	9,122250	231,124885	23,337705	23,839765	26,900334	23,880860	24,185766	-2,910147	1,163436	0,979968	232075,170144	-0,200629	0,000613	1,819452	0,665538	2,034366	-0,124476	-0,124477	0,000000	6,234960	0,516305	0,799755
46,000000	7,541673	7,573133	0,523839	0,095108	2,751298	-13361,348294	-10942,163393	-2985,794892	-12592,726285	-13039,828832	9,124851	231,186661	23,339728	23,841249	26,904134	23,888666	24,180809	-2,909913	1,162883	0,979715	232076,775891	-0,200460	0,000834	1,756494	0,666226	2,035850	-0,124482	-0,124486	0,000000	6,235912	0,516076	0,799878
46,200000	7,541633	7,573253	0,523846	0,096072	2,762504	-13362,857325	-10943,351254	-2985,377173	-12595,725896	-13042,828443	9,127605	231,208504	23,338696	23,839734	26,910297	23,884227	24,178332	-2,909967	1,164158	0,980434	232077,872613	-0,199528	0,001054	1,717313	0,666551	2,036851	-0,124482	-0,124489	0,000000	6,236248	0,516346	0,799921
46,400000	7,541776	7,573446	0,523089	0,095343	2,754873	-13367,362323	-10942,714877	-2985,051996	-12611,459065	-13058,561612	9,130338	231,180137	23,336156	23,837718	26,912783	23,873743	24,179495	-2,910106	1,165089	0,980836	232065,292323	-0,199239	0,000949	1,781442	0,666408	2,036136	-0,124483	-0,124481	0,000000	6,235811	0,516512	0,799865
46,600000	7,541958	7,573131	0,524620	0,094425	2,750707	-13382,758799	-10941,259318	-2985,064142	-12630,201356	-13077,303903	9,133026	231,165559	23,337839	23,837058	26,907345	23,867934	24,181316	-2,910026	1,164831	0,980219	232051,716423	-0,200111	0,000618	1,934573	0,666268	2,035130	-0,124490	-0,124475	0,000000	6,235587	0,515857	0,799836
46,800000	7,541758	7,572809	0,528094	0,094084	2,760541	-13403,187666	-10940,408812	-2985,017084	-12634,921768	-13082,024314	9,135705	231,179249	23,342937	23,837668	26,900317	23,869337	24,179583	-2,910105	1,165414	0,979793	232051,525252	-0,200637	0,000581	2,027562	0,666238	2,033640	-0,124489	-0,124475	0,000000	6,235798	0,514628	0,799863
47,000000	7,541082	7,572581	0,530371	0,093969	2,765787	-13419,006170	-10941,367346	-2985,071533	-12628,354912	-13075,457459	9,138479	231,192319	23,344915	23,839124	26,895900	23,875295	24,176506	-2,910391	1,166217	0,979723	232035,097403	-0,200747	0,000861	2,032056	0,665999	2,033636	-0,124482	-0,124476	0,000000	6,235999	0,513654	0,799889
47,200000	7,540473	7,572339	0,528999	0,094309	2,767185	-13419,501562	-10942,258495	-2985,367222	-12625,905292	-13073,007838	9,141495	231,174782	23,341318	23,840564	26,896997	23,879662	24,177963	-2,910354	1,166858	0,979788	232012,523191	-0,201184	0,001004	2,013457	0,665712	2,035785	-0,124479	-0,124473	0,000000	6,235729	0,513878	0,799854
47,400000	7,540447	7,572471	0,525089	0,094784	2,768323	-13404,285144	-10940,503407	-2985,405882	-12634,121848	-13081,224395	9,144476	231,127049	23,335915	23,840755	26,903397	23,879537	24,182502	-2,910008	1,167886	0,980199	232015,905999	-0,200717	0,001019	1,963957	0,665814	2,037072	-0,124485	-0,124469	0,000000	6,234993	0,515294	0,799760
47,600000	7,541003	7,572719	0,523278	0,094472	2,772861	-13392,880430	-10938,723058	-2985,471311	-12645,312776	-13092,415323	9,147216	231,108537	23,332009	23,838240	26,910900	23,876559	24,185636	-2,909897	1,168330	0,980430	232028,993774	-0,199593	0,001087	1,897775	0,665920	2,036516	-0,124491	-0,124471	0,000000	6,234708	0,516021	0,799723
47,800000	7,541591	7,572638	0,525938	0,093958	2,773128	-13400,882521	-10939,660976	-2985,540347	-12649,904132	-13097,006678	9,149998	231,178815	23,330758	23,835298	26,913823	23,873988	24,185367	-2,910065	1,168177	0,980345	232036,707424	-0,199096	0,001094	1,875751	0,665320	2,035261	-0,124489	-0,124478	0,000000	6,235791	0,514662	0,799862
48,000000	7,541341	7,572322	0,530123	0,094466	2,757526	-13416,749464	-10941,469149	-2985,292895	-12646,237296	-13093,339843	9,152964	231,311889	23,335471	23,835743	26,907676	23,873405	24,180471	-2,910244	1,167659	0,980495	232036,274071	-0,199247	0,001026	1,909919	0,664122	2,034840	-0,124485	-0,124482	0,000000	6,237842	0,512300	0,800125
48,200000	7,540433	7,572316	0,531408	0,095025	2,749286	-13420,676522	-10942,295689	-2985,094932	-12637,326465	-13084,429012	9,155847	231,398469	23,343384	23,838835	26,898341	23,873826	24,173804	-2,910430	1,167450	0,980657	232031,796606	-0,199623	0,000829	1,934114	0,663060	2,035437	-0,124482	-0,124481	0,000000	6,239176	0,511029	0,800296
48,400000	7,539905	7,572613	0,528478	0,095038	2,760403	-13407,527471	-10942,148492	-2985,020050	-12632,352347	-13079,454894	9,158544	231,388445	23,345169	23,841071	26,897777	23,872745	24,173880	-2,910541	1,167717	0,980334	232043,564991	-0,199477	0,000551	1,913890	0,662524	2,036060	-0,124481	-0,124481	0,000000	6,239021	0,511609	0,800276
48,600000	7,540118	7,572401	0,524236	0,095188	2,766477	-13390,277171	-10941,295567	-2985,174433	-12635,919416	-13083,021962	9,161145	231,339818	23,338336	23,840873	26,906734	23,870215	24,182732	-2,910376	1,167232	0,980001	232054,582041	-0,199491	0,000469	1,949028	0,662355	2,036532	-0,124482	-0,124483	0,000000	6,238272	0,512905	0,800180
48,800000	7,540605	7,571786	0,522783	0,094344	2,759234	-13387,064415	-10941,018576	-2985,391325	-12645,442121	-13092,544668	9,163778	231,321201	23,331590	23,838894	26,911571	23,871265	24,189963	-2,910136	1,167340	0,980178	232050,775082	-0,200395	0,000631	2,029972	0,662231	2,036751	-0,124484	-0,124481	0,000000	6,237985	0,513273	0,800144
49,000000	7,540632	7,571387	0,524955	0,093443	2,756918	-13402,159066	-10941,036322	-2985,450901	-12655,454981	-13102,557528	9,166560	231,361186	23,332787	23,836847	26,907676	23,876015	24,188250	-2,909985	1,166923	0,980215	232062,079236	-0,201131	0,000653	1,986516	0,662414	2,036246	-0,124486	-0,124478	0,000000	6,238601	0,512657	0,800223
49,200000	7,540316	7,571234	0,527480	0,094186	2,765512	-13421,716185	-10940,522278	-2985,667471	-12660,893143	-13107,995690	9,169298	231,413505	23,337533	23,836199	26,902647	23,880383	24,180166	-2,909837	1,164220	0,980164	232083,670573	-0,201357	0,000458	1,858839	0,663250	2,035394	-0,124488	-0,124478	0,000000	6,239407	0,512438	0,800326
49,400000	7,540299	7,571368	0,526725	0,094852	2,763330	-13427,247831	-10940,525779	-2985,637306	-12659,603598	-13106,706145	9,171940	231,430518	23,340421	23,837324	26,899339	23,880359	24,172025	-2,909886	1,163342	0,980553	232081,031169	-0,200916	0,000444	1,825324	0,664077	2,035199	-0,124489	-0,124475	0,000000	6,239670	0,513332	0,800360
49,600000	7,540184	7,571668	0,522407	0,094414	2,747481	-13413,589317	-10941,518363	-2985,014577	-12653,950884	-13101,053431	9,174753	231,431796	23,340408	23,839053	26,899986	23,873941	24,170487	-2,910148	1,164953	0,980331	232076,938542	-0,199608	0,000455	1,845911	0,664351	2,036062	-0,124489	-0,124474	0,000000	6,239689	0,515016	0,800362
49,800000	7,539719	7,571793	0,519875	0,094228	2,750459	-13403,181368	-10942,286203	-2984,468888	-12657,380066	-13104,482612	9,177675	231,420918	23,337584	23,840103	26,904920	23,866107	24,178443	-2,910350	1,165948	0,979623	232087,141538	-0,198308	0,000329	1,834727	0,664612	2,036382	-0,124487	-0,124477	0,000000	6,239522	0,516092	0,800341
50,000000	7,539533	7,571600	0,523009	0,094845	2,762701	-13419,138086	-10941,641915	-2984,502712	-12669,244281	-13116,346827	9,180457	231,405919	23,334782	23,839309	26,907219	23,865342	24,188421	-2,910370	1,166135	0,979877	232068,106956	-0,198048	0,000317	1,847395	0,665484	2,035650	-0,124483	-0,124479	0,000000	6,239291	0,515699	0,800311
50,200000	7,539591	7,571102	0,527041	0,094669	2,753782	-13443,371642	-10940,969209	-2984,787876	-12672,681232	-13119,783778	9,183145	231,411713	23,333755	23,837709	26,905579	23,873682	24,190061	-2,910287	1,165436	0,980402	232038,808451	-0,198839	0,000379	1,903908	0,666386	2,035215	-0,124477	-0,124485	0,000000	6,239380	0,515004	0,800322
50,400000	7,539526	7,570793	0,526813	0,093786	2,748935	-13446,488968	-10941,787765	-2985,042048	-12667,162785	-13114,265331	9,185807	231,422920	23,335787	23,837688	26,905056	23,882046	24,184197	-2,910341	1,164402	0,980074	232046,498065	-0,199914	0,000485	1,964260	0,666519	2,035650	-0,124472	-0,124493	0,000000	6,239553	0,515164	0,800345
50,600000	7,539438	7,570757	0,523358	0,093862	2,761018	-13431,020822	-10942,197493	-2985,379749	-12663,796214	-13110,898761	9,188348	231,407387	23,338355	23,837977	26,907373	23,881909	24,177245	-2,910330	1,163389	0,979584	232073,471202	-0,200459	0,000493	2,000275	0,665635	2,036796	-0,124477	-0,124494	0,000000	6,239313	0,515649	0,800314
50,800000	7,539405	7,570667	0,520678	0,094387	2,767481	-13417,243674	-10940,993129	-2985,738144	-12667,299387	-13114,401934	9,190819	231,374851	23,337867	23,838009	26,908506	23,874507	24,173511	-2,910116	1,161980	0,979731	232087,811568	-0,200793	0,000260	1,993035	0,663722	2,037104	-0,124487	-0,124488	0,000000	6,238812	0,515070	0,800250
51,000000	7,539295	7,570467	0,521897	0,094051	2,762542	-13414,784188	-10940,199440	-2985,974929	-12673,093052	-13120,195599	9,193434	231,373679	23,335878	23,837107	26,907117	23,865645	24,175009	-2,909991	1,162446	0,980341	232084,375353	-0,201427	8,975490E-5	1,925155	0,661721	2,036087	-0,124492	-0,124484	0,000000	6,238794	0,513093	0,800247
51,200000	7,539125	7,570172	0,525691	0,092919	2,751437	-13425,908591	-10940,238037	-2985,757416	-12674,571880	-13121,674427	9,196227	231,365126	23,335028	23,835451	26,905092	23,862257	24,179202	-2,910001	1,164460	0,980738	232081,038288	-0,201624	0,000164	1,842196	0,660604	2,034540	-0,124490	-0,124480	0,000000	6,238662	0,510935	0,800230
51,400000	7,539100	7,569972	0,527160	0,092728	2,751197	-13439,287437	-10940,802595	-2985,183076	-12667,375109	-13114,477656	9,199036	231,294284	23,338687	23,837436	26,900914	23,868121	24,182094	-2,910151	1,165712	0,980834	232088,702909	-0,200686	0,000352	1,841315	0,660021	2,034096	-0,124485	-0,124476	0,000000	6,237570	0,509969	0,800090
51,600000	7,538930	7,569998	0,524356	0,093770	2,759037	-13427,302246	-10941,874540	-2984,931323	-12651,465033	-13098,567580	9,201694	231,244053	23,343502	23,841180	26,898177	23,876954	24,180668	-2,910311	1,166077	0,980712	232109,154306	-0,199185	0,000552	1,901506	0,659014	2,035245	-0,124481	-0,124481	0,000000	6,236796	0,510119	0,799991
51,800000	7,538544	7,570261	0,520570	0,094559	2,753484	-13396,808395	-10942,535141	-2985,127866	-12636,528356	-13083,630902	9,204285	231,279503	23,340892	23,841178	26,902955	23,879266	24,177439	-2,910269	1,165393	0,980042	232126,995697	-0,198871	0,000680	1,926069	0,657601	2,036586	-0,124483	-0,124488	0,000000	6,237343	0,510317	0,800061
52,000000	7,538488	7,570345	0,519436	0,095023	2,750200	-13382,731489	-10942,156946	-2985,412322	-12636,010831	-13083,113378	9,206955	231,311448	23,333028	23,839017	26,911603	23,874682	24,179187	-2,910117	1,165461	0,979464	232122,240470	-0,199575	0,000659	1,889739	0,656726	2,038146	-0,124487	-0,124484	0,000000	6,237835	0,510042	0,800124
52,200000	7,538583	7,570203	0,521541	0,095006	2,760421	-13392,463193	-10940,784049	-2985,604940	-12651,868664	-13098,971210	9,209488	231,270177	23,329178	23,838160	26,913268	23,869716	24,180893	-2,910157	1,166646	0,979846	232110,878856	-0,199739	0,000639	1,842975	0,657120	2,038076	-0,124486	-0,124473	0,000000	6,237199	0,509638	0,800043
52,400000	7,538424	7,570077	0,523407	0,094092	2,761199	-13415,231766	-10940,444705	-2985,712967	-12668,414017	-13115,516563	9,212036	231,244472	23,333533	23,838005	26,905853	23,867033	24,176933	-2,910407	1,166671	0,980587	232106,074739	-0,199645	0,000678	1,825207	0,658353	2,035622	-0,124479	-0,124469	0,000000	6,236803	0,509948	0,799992
52,600000	7,538283	7,569696	0,520629	0,093418	2,747286	-13427,284874	-10941,712048	-2985,542273	-12671,837733	-13118,940280	9,214900	231,277107	23,341726	23,839251	26,897634	23,867714	24,173446	-2,910591	1,167025	0,980860	232101,071976	-0,199784	0,000755	1,855481	0,659800	2,033665	-0,124473	-0,124474	0,000000	6,237306	0,511964	0,800056
52,800000	7,538195	7,569211	0,515339	0,093838	2,741186	-13410,948666	-10942,347876	-2985,230122	-12667,510207	-13114,612753	9,217648	231,277806	23,347632	23,842855	26,893540	23,872858	24,173319	-2,910607	1,167970	0,980685	232095,076754	-0,199818	0,000842	1,908753	0,661889	2,033747	-0,124476	-0,124475	0,000000	6,237317	0,515336	0,800058
53,000000	7,537910	7,569214	0,514163	0,094865	2,751293	-13392,226096	-10942,061246	-2985,326566	-12664,421131	-13111,523678	9,220169	231,230148	23,345540	23,844499	26,897625	23,876895	24,175848	-2,910456	1,167468	0,979950	232106,897958	-0,199894	0,000821	1,930415	0,664021	2,035338	-0,124481	-0,124474	0,000000	6,236582	0,517402	0,799964
53,200000	7,537885	7,569569	0,518057	0,095713	2,753794	-13397,911802	-10941,747749	-2985,725619	-12664,104669	-13111,207216	9,222811	231,185164	23,335075	23,841825	26,907519	23,877243	24,180237	-2,910254	1,166828	0,979415	232123,946176	-0,200315	0,000801	1,971302	0,664754	2,036725	-0,124485	-0,124474	0,000000	6,235889	0,516688	0,799875
53,400000	7,538295	7,569493	0,520562	0,095751	2,740979	-13414,805390	-10941,259311	-2985,799976	-12664,621586	-13111,724133	9,225421	231,166129	23,328725	23,837919	26,910960	23,875945	24,184447	-2,910103	1,166391	0,979724	232107,120061	-0,200211	0,000771	2,014288	0,664263	2,036771	-0,124490	-0,124477	0,000000	6,235595	0,515463	0,799837
53,600000	7,538329	7,568996	0,517661	0,094920	2,745117	-13415,257646	-10940,495180	-2985,370686	-12662,225175	-13109,327722	9,227958	231,166174	23,333568	23,836344	26,906349	23,874691	24,183436	-2,910051	1,166131	0,980059	232077,764342	-0,199552	0,000628	1,949375	0,663494	2,035704	-0,124493	-0,124479	0,000000	6,235596	0,515816	0,799837
53,800000	7,537667	7,568785	0,513275	0,094012	2,760523	-13401,648867	-10940,095673	-2985,082144	-12656,030599	-13103,133145	9,230755	231,112158	23,343235	23,837494	26,900889	23,874096	24,174943	-2,910179	1,166374	0,980185	232064,928017	-0,199527	0,000574	1,833752	0,662936	2,034364	-0,124489	-0,124478	0,000000	6,234763	0,516852	0,799730
54,000000	7,536802	7,569083	0,512296	0,094319	2,753409	-13395,239023	-10940,884092	-2984,984229	-12649,755404	-13096,857951	9,233833	231,005841	23,348025	23,839225	26,898652	23,870930	24,167604	-2,910438	1,166174	0,980202	232057,314412	-0,199440	0,000542	1,819765	0,663226	2,034189	-0,124478	-0,124478	0,000000	6,233124	0,517424	0,799520
54,200000	7,536481	7,569403	0,514762	0,094903	2,742100	-13399,689235	-10942,473532	-2984,817808	-12648,037890	-13095,140437	9,236587	230,957668	23,343873	23,840226	26,899740	23,868238	24,168066	-2,910582	1,166398	0,979974	232051,035812	-0,198898	0,000570	1,923480	0,664540	2,035365	-0,124473	-0,124477	0,000000	6,232381	0,517624	0,799425
54,400000	7,536964	7,569416	0,518439	0,094105	2,744432	-13407,971452	-10942,795785	-2984,924271	-12648,407621	-13095,510167	9,238795	230,957612	23,337309	23,839709	26,902518	23,869663	24,175905	-2,910449	1,167073	0,980048	232059,205998	-0,198980	0,000976	2,004899	0,665903	2,036249	-0,124476	-0,124473	0,000000	6,232381	0,517436	0,799425
54,600000	7,537183	7,569163	0,520023	0,093306	2,747328	-13415,204041	-10941,784481	-2985,151645	-12646,554655	-13093,657202	9,241054	230,941675	23,333828	23,838119	26,906366	23,872960	24,185461	-2,910177	1,166970	0,980461	232077,594083	-0,199538	0,001136	1,965016	0,666525	2,036261	-0,124479	-0,124474	0,000000	6,232135	0,517373	0,799393
54,800000	7,536923	7,568802	0,516982	0,094084	2,747111	-13416,816881	-10941,292509	-2985,179210	-12645,507844	-13092,610391	9,243654	230,936339	23,333799	23,837651	26,905874	23,878096	24,187445	-2,910051	1,166943	0,980223	232089,428479	-0,199731	0,000835	1,864917	0,666363	2,035819	-0,124481	-0,124479	0,000000	6,232053	0,518263	0,799383
55,000000	7,537073	7,568549	0,513160	0,095159	2,744484	-13409,562355	-10941,322092	-2985,117814	-12648,857225	-13095,959772	9,246349	230,965244	23,336723	23,838212	26,901115	23,882118	24,180231	-2,910134	1,167219	0,979730	232097,732354	-0,199879	0,000642	1,795130	0,665065	2,035234	-0,124485	-0,124485	0,000000	6,232498	0,518536	0,799440
55,200000	7,537308	7,568527	0,514416	0,095154	2,748626	-13406,205991	-10941,766012	-2985,166795	-12653,819122	-13100,921669	9,249088	230,999053	23,339693	23,838796	26,900968	23,878243	24,171719	-2,910222	1,167236	0,979381	232104,237785	-0,200403	0,000358	1,804692	0,662751	2,035669	-0,124487	-0,124490	0,000000	6,233020	0,516301	0,799507
55,400000	7,537130	7,568630	0,519272	0,095053	2,755883	-13416,463103	-10942,272780	-2985,421763	-12654,678667	-13101,781213	9,252007	231,020565	23,340894	23,839352	26,905743	23,867911	24,170223	-2,910246	1,167611	0,979066	232103,845802	-0,201058	0,000136	1,861901	0,660873	2,036737	-0,124486	-0,124489	0,000000	6,233351	0,513205	0,799549
55,600000	7,536970	7,568419	0,521543	0,094939	2,749031	-13425,433903	-10941,780105	-2985,526185	-12653,280120	-13100,382667	9,254891	231,012174	23,338896	23,839178	26,909283	23,861968	24,174904	-2,910405	1,167393	0,979744	232109,927445	-0,200841	0,000335	1,872830	0,660391	2,035844	-0,124480	-0,124481	0,000000	6,233222	0,512058	0,799533
55,800000	7,537107	7,568115	0,518736	0,094125	2,744820	-13424,690379	-10941,356774	-2985,160505	-12653,600282	-13100,702829	9,257462	230,945269	23,335226	23,838896	26,905418	23,865005	24,179224	-2,910687	1,167306	0,980326	232116,992167	-0,199668	0,000513	1,851843	0,660827	2,033643	-0,124471	-0,124477	0,000000	6,232190	0,513320	0,799400
56,000000	7,536968	7,567970	0,514070	0,093644	2,754820	-13417,317128	-10942,129128	-2984,865674	-12652,097010	-13099,199557	9,259883	230,898754	23,335167	23,839947	26,897768	23,872749	24,180651	-2,910585	1,167907	0,979733	232111,117831	-0,199452	0,000572	1,830395	0,661523	2,033761	-0,124470	-0,124483	0,000000	6,231473	0,515421	0,799308
56,200000	7,536500	7,567604	0,513004	0,094382	2,756774	-13410,590411	-10942,912613	-2984,951295	-12651,189890	-13098,292436	9,262397	230,975808	23,338383	23,841557	26,899065	23,881547	24,179302	-2,910180	1,166815	0,979348	232095,967626	-0,200071	0,000797	1,797755	0,662346	2,035849	-0,124476	-0,124485	0,000000	6,232661	0,516403	0,799461
56,400000	7,536143	7,567410	0,516376	0,095414	2,745346	-13418,111369	-10941,846972	-2985,299078	-12657,948382	-13105,050928	9,264887	231,111107	23,339188	23,841055	26,906278	23,884535	24,176839	-2,909973	1,165896	0,979538	232072,211200	-0,200591	0,000944	1,818323	0,663084	2,036835	-0,124486	-0,124481	0,000000	6,234747	0,515830	0,799728
56,600000	7,535984	7,567671	0,519115	0,095338	2,739401	-13433,144603	-10939,889464	-2985,690471	-12667,481492	-13114,584038	9,267348	231,190845	23,335099	23,838451	26,908889	23,877847	24,175470	-2,909858	1,165817	0,979888	232066,126207	-0,201049	0,000735	1,916829	0,663563	2,036893	-0,124494	-0,124479	0,000000	6,235976	0,515296	0,799886
56,800000	7,536347	7,567807	0,517766	0,094411	2,748219	-13435,689239	-10939,863209	-2985,761276	-12672,447359	-13119,549906	9,269989	231,206770	23,333124	23,837362	26,907168	23,869123	24,175781	-2,909773	1,165303	0,980358	232084,060023	-0,200796	0,000548	2,039217	0,663951	2,036533	-0,124495	-0,124480	0,000000	6,236222	0,516063	0,799917
57,000000	7,536850	7,567577	0,514406	0,094161	2,753382	-13426,071408	-10941,172603	-2985,324079	-12671,673383	-13118,775930	9,272798	231,192753	23,337814	23,838394	26,901492	23,866252	24,176129	-2,909903	1,165678	0,980718	232096,563684	-0,199827	0,000642	2,096935	0,663908	2,035009	-0,124492	-0,124483	0,000000	6,236006	0,517150	0,799890
57,200000	7,536627	7,567369	0,513347	0,094630	2,743709	-13419,610353	-10942,310151	-2984,878319	-12666,548127	-13113,650674	9,275663	231,201996	23,343200	23,839046	26,891676	23,869912	24,173887	-2,910211	1,165218	0,980861	232094,196267	-0,199104	0,000849	2,010437	0,663256	2,034064	-0,124487	-0,124487	0,000000	6,236148	0,516973	0,799908
57,400000	7,535664	7,567486	0,514951	0,094687	2,746079	-13420,305937	-10942,627459	-2985,042362	-12659,593625	-13106,696172	9,278437	231,289243	23,343694	23,839219	26,888387	23,874856	24,172314	-2,910381	1,164515	0,980974	232079,395485	-0,199515	0,001088	1,891955	0,662561	2,035312	-0,124484	-0,124486	0,000000	6,237493	0,515886	0,800080
57,600000	7,534924	7,567644	0,515876	0,094414	2,756301	-13418,621201	-10941,804618	-2985,449536	-12657,236040	-13104,338587	9,280967	231,391725	23,339217	23,840444	26,898549	23,877314	24,175496	-2,910261	1,166359	0,980866	232067,450583	-0,200455	0,001063	1,854378	0,661991	2,037394	-0,124485	-0,124483	0,000000	6,239072	0,515151	0,800283
57,800000	7,535242	7,567633	0,515862	0,094178	2,749316	-13417,607946	-10941,159531	-2985,546893	-12663,792863	-13110,895410	9,283414	231,411715	23,333956	23,840318	26,910273	23,876701	24,181035	-2,910162	1,167680	0,980403	232064,900798	-0,200444	0,000751	1,871838	0,661750	2,038047	-0,124486	-0,124482	0,000000	6,239380	0,514989	0,800322
58,000000	7,535755	7,567523	0,516879	0,094271	2,745242	-13425,823000	-10941,602881	-2985,359547	-12669,850564	-13116,953111	9,286071	231,378215	23,329256	23,837387	26,912390	23,873229	24,183373	-2,910183	1,166743	0,980132	232080,557975	-0,200146	0,000723	1,899135	0,662465	2,036800	-0,124483	-0,124478	0,000000	6,238864	0,515201	0,800256
58,200000	7,535583	7,567146	0,518302	0,094860	2,751235	-13435,181405	-10941,656973	-2985,298564	-12669,277387	-13116,379934	9,288855	231,385538	23,329357	23,836166	26,905294	23,870696	24,178131	-2,910239	1,165476	0,980352	232110,204464	-0,200357	0,001011	1,872444	0,663779	2,035214	-0,124482	-0,124478	0,000000	6,238977	0,515706	0,800271
58,400000	7,534999	7,566564	0,518685	0,094925	2,752844	-13438,265153	-10940,576388	-2985,170610	-12665,837836	-13112,940383	9,291476	231,486166	23,339509	23,838499	26,894695	23,872279	24,168573	-2,910344	1,164413	0,980688	232113,351445	-0,199923	0,001162	1,885283	0,664438	2,034528	-0,124485	-0,124483	0,000000	6,240527	0,516031	0,800470
58,600000	7,534378	7,566219	0,517810	0,094434	2,751833	-13436,936457	-10940,261709	-2984,684066	-12660,489230	-13107,591777	9,294054	231,604654	23,347700	23,840794	26,889952	23,875190	24,165472	-2,910322	1,164389	0,980602	232110,035124	-0,198875	0,000995	1,958019	0,663975	2,034668	-0,124486	-0,124483	0,000000	6,242352	0,515935	0,800704
58,800000	7,534263	7,566315	0,516097	0,094757	2,749166	-13424,252581	-10940,532164	-2984,484088	-12652,372474	-13099,475021	9,296772	231,651462	23,343136	23,841013	26,895465	23,875085	24,174782	-2,910116	1,165332	0,980200	232124,719374	-0,198307	0,000658	1,968515	0,662888	2,035397	-0,124486	-0,124483	0,000000	6,243073	0,515687	0,800796
59,000000	7,534623	7,566413	0,514090	0,094928	2,752013	-13400,478012	-10940,241453	-2984,779460	-12645,631415	-13092,733962	9,299373	231,664041	23,333551	23,840678	26,903327	23,872782	24,185544	-2,909866	1,165787	0,979947	232122,747655	-0,198722	0,000363	1,947003	0,662004	2,036309	-0,124489	-0,124486	0,000000	6,243267	0,515703	0,800821
59,200000	7,534910	7,566112	0,512435	0,093952	2,755283	-13387,517093	-10939,771025	-2984,937576	-12644,927245	-13092,029792	9,301776	231,690040	23,330368	23,839971	26,905072	23,873229	24,187096	-2,909800	1,165692	0,980235	232105,436564	-0,199440	0,000327	1,925994	0,661790	2,036470	-0,124491	-0,124485	0,000000	6,243667	0,516087	0,800872
59,400000	7,534856	7,565772	0,512766	0,093953	2,743753	-13389,056793	-10939,267767	-2984,969991	-12644,580009	-13091,682556	9,304276	231,738729	23,336156	23,838523	26,901780	23,876795	24,180740	-2,909901	1,165097	0,980961	232098,472170	-0,199919	0,000634	1,899395	0,662273	2,035881	-0,124488	-0,124482	0,000000	6,244417	0,516327	0,800969
59,600000	7,534357	7,565646	0,516300	0,095042	2,735702	-13399,984509	-10939,012682	-2985,152703	-12640,517404	-13087,619951	9,307061	231,756048	23,342340	23,837278	26,898423	23,878392	24,169930	-2,909841	1,164740	0,981427	232109,536820	-0,200433	0,000920	1,890044	0,663203	2,035639	-0,124489	-0,124476	0,000000	6,244683	0,515835	0,801003
59,800000	7,533932	7,565616	0,520700	0,095043	2,744615	-13417,788366	-10940,007548	-2985,198968	-12638,010776	-13085,113323	9,309816	231,668591	23,343017	23,836694	26,896019	23,875233	24,163823	-2,909766	1,164962	0,981349	232121,170897	-0,200668	0,000899	1,881734	0,663836	2,036158	-0,124493	-0,124473	0,000000	6,243337	0,514828	0,800830
60,000000	7,534058	7,565688	0,522447	0,094462	2,751286	-13428,303074	-10941,723618	-2985,120116	-12639,030151	-13086,132698	9,312428	231,540512	23,340212	23,837294	26,897260	23,868650	24,169070	-2,909987	1,164690	0,981192	232122,625929	-0,200161	0,000870	1,825428	0,663855	2,035931	-0,124493	-0,124471	0,000000	6,241364	0,514257	0,800577
60,200000	7,534350	7,565649	0,521346	0,094920	2,747928	-13425,602734	-10942,172678	-2985,077657	-12642,303628	-13089,406175	9,315222	231,469440	23,336795	23,838794	26,901134	23,866279	24,180075	-2,910267	1,165262	0,981355	232119,234069	-0,199401	0,001174	1,752589	0,663534	2,035066	-0,124488	-0,124471	0,000000	6,240269	0,514382	0,800437
60,400000	7,534326	7,565441	0,520759	0,095270	2,752530	-13414,279338	-10942,359171	-2984,983218	-12644,592869	-13091,695416	9,318064	231,441505	23,334305	23,839142	26,902204	23,872837	24,186129	-2,910360	1,166167	0,981836	232102,598171	-0,198978	0,001341	1,751344	0,663206	2,034772	-0,124479	-0,124476	0,000000	6,239839	0,514315	0,800381
60,600000	7,534133	7,565256	0,522592	0,094396	2,769360	-13410,011266	-10943,295593	-2984,739455	-12639,332320	-13086,434867	9,320760	231,434406	23,332588	23,838607	26,902365	23,880312	24,182992	-2,910397	1,165283	0,981906	232067,822976	-0,198586	0,000954	1,852082	0,662969	2,035161	-0,124476	-0,124486	0,000000	6,239730	0,513502	0,800367
60,800000	7,534000	7,564927	0,523600	0,094594	2,770471	-13414,774868	-10943,599174	-2984,742189	-12628,789421	-13075,891968	9,323385	231,423111	23,334128	23,838978	26,900061	23,881466	24,176707	-2,910403	1,164836	0,980841	232031,242774	-0,198657	0,000503	1,981418	0,662854	2,036943	-0,124481	-0,124493	0,000000	6,239555	0,513049	0,800345
61,000000	7,533752	7,564712	0,523350	0,096265	2,750977	-13409,582045	-10942,810366	-2985,017366	-12624,158806	-13071,261353	9,326080	231,342102	23,337587	23,839668	26,899269	23,876259	24,173103	-2,910361	1,165721	0,979846	232017,038067	-0,198775	0,000470	2,056680	0,662954	2,038548	-0,124483	-0,124491	0,000000	6,238307	0,513195	0,800185
61,200000	7,533504	7,564773	0,524239	0,096325	2,747945	-13403,590813	-10941,300203	-2985,093297	-12632,220432	-13079,322979	9,328811	231,234212	23,338312	23,838713	26,904357	23,868128	24,173267	-2,910421	1,166423	0,980266	232020,419867	-0,198633	0,000664	2,057092	0,663011	2,037694	-0,124477	-0,124484	0,000000	6,236645	0,512954	0,799972
61,400000	7,533550	7,564591	0,522958	0,094589	2,758701	-13408,456251	-10940,651290	-2985,139571	-12643,713334	-13090,815880	9,331379	231,195720	23,336495	23,836859	26,904469	23,863573	24,176563	-2,910487	1,166959	0,981384	232034,855037	-0,198832	0,000734	1,987318	0,662859	2,035207	-0,124476	-0,124480	0,000000	6,236051	0,513261	0,799896
61,600000	7,533524	7,564215	0,519035	0,093460	2,752057	-13409,411063	-10941,611011	-2985,072755	-12648,985336	-13096,087883	9,333752	231,205439	23,336422	23,838274	26,896059	23,867269	24,179730	-2,910418	1,167084	0,981793	232047,359299	-0,199140	0,000876	1,924406	0,662713	2,034169	-0,124480	-0,124478	0,000000	6,236201	0,514434	0,799915
61,800000	7,533141	7,564197	0,518398	0,093878	2,743137	-13406,124429	-10942,591720	-2985,073754	-12649,569091	-13096,671638	9,336055	231,204211	23,340649	23,841481	26,892719	23,875348	24,179271	-2,910450	1,166902	0,981312	232048,736001	-0,199487	0,001065	1,954416	0,662678	2,034729	-0,124480	-0,124477	0,000000	6,236182	0,514609	0,799912
62,000000	7,532813	7,564403	0,520989	0,095074	2,748539	-13405,165250	-10942,305205	-2985,265095	-12643,097915	-13090,200461	9,338554	231,163804	23,341861	23,841400	26,900371	23,880375	24,175827	-2,910533	1,166873	0,981007	232071,019938	-0,199834	0,000891	1,984277	0,662547	2,035244	-0,124478	-0,124480	0,000000	6,235559	0,513656	0,799832
62,200000	7,532835	7,564322	0,521523	0,095637	2,758498	-13403,719624	-10940,616271	-2985,468506	-12634,236171	-13081,338718	9,341329	231,060956	23,336104	23,839014	26,907002	23,879448	24,175602	-2,910251	1,166585	0,981328	232104,203183	-0,200692	0,000545	1,898317	0,662327	2,036609	-0,124482	-0,124478	0,000000	6,233974	0,513317	0,799629
62,400000	7,533154	7,564128	0,518901	0,095147	2,762884	-13393,109673	-10938,897751	-2985,806476	-12632,761041	-13079,863588	9,344235	230,945277	23,331461	23,837375	26,907423	23,873009	24,179279	-2,909906	1,166294	0,981541	232100,846157	-0,201395	0,000477	1,822257	0,662226	2,037557	-0,124487	-0,124474	0,000000	6,232190	0,514117	0,799400
62,600000	7,533310	7,564010	0,516903	0,094275	2,755739	-13377,489546	-10938,798705	-2985,714604	-12636,511156	-13083,613702	9,346309	230,890985	23,332336	23,835886	26,906174	23,867744	24,178808	-2,910045	1,165733	0,981487	232090,330369	-0,200620	0,000867	1,886136	0,662170	2,036375	-0,124487	-0,124476	0,000000	6,231353	0,514744	0,799293
62,800000	7,532900	7,563701	0,518431	0,093753	2,754386	-13382,607169	-10939,882070	-2985,238825	-12639,807790	-13086,910337	9,345423	230,891919	23,338212	23,835581	26,902381	23,869104	24,174746	-2,910376	1,164600	0,981489	232097,683748	-0,199662	0,001316	1,985145	0,661826	2,034478	-0,124483	-0,124477	0,000000	6,231368	0,513934	0,799295
63,000000	7,532387	7,563331	0,521509	0,093838	2,760477	-13401,433245	-10941,451943	-2984,991931	-12633,811489	-13080,914036	9,341189	230,919075	23,345150	23,838811	26,896535	23,873120	24,171370	-2,910363	1,163946	0,981357	232080,501699	-0,199603	0,001174	1,998890	0,660879	2,034164	-0,124480	-0,124476	0,000000	6,231786	0,512122	0,799348
63,200000	7,532201	7,563253	0,522670	0,094239	2,751558	-13401,562650	-10942,227123	-2984,959111	-12618,720914	-13065,823460	9,336420	230,955397	23,345594	23,841836	26,894203	23,875649	24,169959	-2,910167	1,163958	0,980989	232049,969441	-0,199629	0,000626	1,980876	0,659732	2,035689	-0,124482	-0,124478	0,000000	6,232346	0,510829	0,799420
63,400000	7,532073	7,563441	0,521387	0,094401	2,743983	-13383,362522	-10940,542190	-2985,189534	-12611,524971	-13058,627518	9,332743	230,964903	23,338665	23,840915	26,897458	23,875273	24,173819	-2,910086	1,164483	0,980682	232042,194053	-0,199779	0,000425	2,019275	0,659209	2,037005	-0,124485	-0,124481	0,000000	6,232493	0,510873	0,799439
63,600000	7,532030	7,563509	0,519767	0,094483	2,755617	-13373,096939	-10938,960674	-2985,505147	-12620,127838	-13067,230385	9,329068	230,926964	23,330776	23,837689	26,904264	23,873481	24,181299	-2,910021	1,164416	0,980612	232040,772547	-0,200278	0,000523	2,073169	0,659516	2,036921	-0,124484	-0,124481	0,000000	6,231908	0,511678	0,799364
63,800000	7,532162	7,563448	0,519669	0,094443	2,763685	-13384,790609	-10939,687041	-2985,652207	-12634,822033	-13081,924580	9,325325	230,906898	23,329721	23,835931	26,906731	23,873969	24,183485	-2,910026	1,163481	0,981020	232032,301357	-0,200522	0,000610	2,048445	0,660402	2,036508	-0,124484	-0,124481	0,000000	6,231599	0,512402	0,799324
64,000000	7,532094	7,563510	0,521668	0,093468	2,753423	-13408,059838	-10940,215073	-2985,573331	-12643,353351	-13090,455898	9,322150	230,943684	23,336218	23,837500	26,899856	23,875189	24,176146	-2,910266	1,164338	0,981693	232039,152771	-0,200350	0,000815	1,940887	0,661501	2,036251	-0,124484	-0,124483	0,000000	6,232166	0,512570	0,799397
64,200000	7,531715	7,563430	0,524037	0,093268	2,746379	-13427,036735	-10940,114238	-2985,280555	-12646,193327	-13093,295873	9,319042	230,958390	23,343326	23,840054	26,890903	23,873284	24,167171	-2,910465	1,165321	0,981429	232056,586894	-0,200366	0,000791	1,871229	0,662409	2,035375	-0,124484	-0,124483	0,000000	6,232393	0,512450	0,799426
64,400000	7,531491	7,563178	0,523789	0,094757	2,760798	-13427,597914	-10940,968517	-2985,102827	-12646,799835	-13093,902382	9,315671	230,933735	23,344515	23,840560	26,888091	23,870070	24,163931	-2,910214	1,163811	0,980272	232052,990495	-0,200822	0,000451	1,920356	0,662859	2,034810	-0,124490	-0,124478	0,000000	6,232012	0,512860	0,799377
64,600000	7,531571	7,562957	0,521501	0,095055	2,769989	-13412,593643	-10941,002985	-2985,179416	-12646,593377	-13093,695924	9,312198	230,920968	23,339593	23,839213	26,891905	23,868328	24,167795	-2,909984	1,163152	0,980013	232024,587919	-0,200432	0,000312	2,000910	0,663000	2,035256	-0,124491	-0,124477	0,000000	6,231816	0,513737	0,799352
64,800000	7,531597	7,562983	0,519880	0,093776	2,755906	-13402,820357	-10940,032074	-2985,457429	-12651,136280	-13098,238827	9,308699	230,916432	23,335116	23,838063	26,896292	23,869744	24,177159	-2,910151	1,164011	0,980963	231995,221929	-0,199478	0,000524	2,029625	0,662937	2,035865	-0,124481	-0,124478	0,000000	6,231746	0,514248	0,799343
65,000000	7,531495	7,563266	0,519609	0,093544	2,752782	-13403,330233	-10940,102684	-2985,752685	-12653,148937	-13100,251484	9,305481	230,925338	23,333501	23,837587	26,899241	23,874876	24,184742	-2,910200	1,164139	0,981731	232003,778844	-0,199829	0,000911	1,985335	0,662567	2,035867	-0,124475	-0,124477	0,000000	6,231883	0,514075	0,799361
65,200000	7,531343	7,563486	0,519307	0,094451	2,762318	-13400,245335	-10941,265065	-2985,720803	-12642,085843	-13089,188390	9,302643	230,968672	23,334118	23,837780	26,900115	23,879247	24,183688	-2,910020	1,164288	0,981426	232033,647301	-0,200491	0,000920	1,926686	0,662234	2,036018	-0,124477	-0,124481	0,000000	6,232551	0,513933	0,799447
65,400000	7,531140	7,563481	0,518211	0,094637	2,753758	-13386,458557	-10941,802321	-2985,513817	-12628,292111	-13075,394657	9,299802	231,030497	23,337633	23,838763	26,897324	23,877424	24,174807	-2,910046	1,164566	0,980499	232037,929141	-0,200135	0,000574	1,936826	0,662579	2,036377	-0,124481	-0,124489	0,000000	6,233504	0,514566	0,799569
65,600000	7,531050	7,563168	0,517015	0,094494	2,741601	-13379,636188	-10940,526484	-2985,424130	-12628,659425	-13075,761971	9,296934	231,084749	23,340494	23,839345	26,896354	23,870211	24,167470	-2,910334	1,164980	0,980256	232040,463173	-0,199702	0,000472	1,923441	0,663951	2,036196	-0,124484	-0,124484	0,000000	6,234341	0,516016	0,799676
65,800000	7,531162	7,562830	0,516600	0,094975	2,743915	-13389,174142	-10939,444057	-2985,598387	-12641,643221	-13088,745767	9,294048	231,135097	23,340009	23,838965	26,898129	23,863823	24,169387	-2,910401	1,165861	0,980342	232057,078171	-0,200160	0,000428	1,832472	0,665357	2,035875	-0,124489	-0,124473	0,000000	6,235117	0,517234	0,799776
66,000000	7,531289	7,562501	0,517767	0,094779	2,751097	-13399,276086	-10939,617665	-2985,756981	-12652,663572	-13099,766118	9,291053	231,170560	23,337241	23,838236	26,897293	23,862974	24,175552	-2,910232	1,166081	0,980322	232063,855295	-0,200468	0,000389	1,791013	0,665009	2,034608	-0,124486	-0,124471	0,000000	6,235664	0,516546	0,799846
66,200000	7,531151	7,562110	0,518962	0,093893	2,752132	-13405,984069	-10940,583119	-2985,350257	-12654,344660	-13101,447206	9,288147	231,203319	23,336418	23,837758	26,893307	23,868332	24,179200	-2,910272	1,166309	0,980767	232060,677787	-0,199655	0,000529	1,822004	0,662841	2,033957	-0,124474	-0,124472	0,000000	6,236169	0,514427	0,799911
66,400000	7,530888	7,562001	0,519503	0,093849	2,746201	-13417,583041	-10941,991685	-2984,837086	-12648,624682	-13095,727229	9,285225	231,264734	23,338593	23,839146	26,893266	23,876989	24,178869	-2,910344	1,167038	0,980861	232044,481049	-0,198856	0,000539	1,870437	0,660776	2,035497	-0,124472	-0,124474	0,000000	6,237115	0,512632	0,800032
66,600000	7,530868	7,562017	0,520225	0,094194	2,751937	-13428,050352	-10941,796139	-2984,916739	-12645,611324	-13092,713870	9,282288	231,304943	23,338345	23,840063	26,900541	23,882591	24,175405	-2,910225	1,167355	0,980335	232016,565155	-0,198814	0,000453	1,938505	0,660005	2,037362	-0,124482	-0,124483	0,000000	6,237735	0,511803	0,800111
66,800000	7,530655	7,561887	0,520435	0,094013	2,765631	-13426,953295	-10940,460168	-2985,390156	-12653,253998	-13100,356545	9,279567	231,349378	23,335084	23,836880	26,907233	23,878674	24,172453	-2,910124	1,167216	0,980077	232000,460170	-0,199593	0,000570	1,995382	0,660259	2,037797	-0,124487	-0,124484	0,000000	6,238419	0,511938	0,800199
67,000000	7,530458	7,561722	0,520989	0,093906	2,762089	-13426,264940	-10940,156280	-2985,718865	-12667,864002	-13114,966549	9,276961	231,456910	23,332726	23,834197	26,907454	23,868855	24,172607	-2,910063	1,166584	0,980543	232014,390292	-0,200807	0,000802	1,973819	0,661286	2,036527	-0,124487	-0,124472	0,000000	6,240076	0,512543	0,800412
67,200000	7,530820	7,561514	0,522691	0,094110	2,752669	-13439,525322	-10940,899622	-2985,465917	-12678,709405	-13125,811951	9,274341	231,543266	23,335726	23,835808	26,900634	23,863466	24,176411	-2,910021	1,166916	0,981464	232035,217807	-0,200757	0,000941	1,864887	0,662481	2,034807	-0,124485	-0,124466	0,000000	6,241406	0,512868	0,800582
67,400000	7,530722	7,561344	0,523520	0,093970	2,756999	-13449,110504	-10942,168207	-2984,975578	-12674,969085	-13122,071632	9,271731	231,536143	23,342670	23,838738	26,892599	23,866300	24,177035	-2,910231	1,167628	0,981615	232024,398209	-0,199585	0,001001	1,782589	0,662995	2,033281	-0,124480	-0,124471	0,000000	6,241297	0,512957	0,800568
67,600000	7,529866	7,561252	0,521377	0,094052	2,763474	-13431,622957	-10942,606580	-2985,181284	-12656,698184	-13103,800730	9,268986	231,492897	23,345459	23,840459	26,891229	23,872931	24,171478	-2,910557	1,166295	0,981093	231996,701105	-0,199892	0,001101	1,797890	0,662821	2,033287	-0,124476	-0,124479	0,000000	6,240631	0,513534	0,800483
67,800000	7,529497	7,561019	0,518052	0,095088	2,755451	-13399,668447	-10941,461528	-2985,691364	-12636,046087	-13083,148633	9,265997	231,487915	23,342919	23,841643	26,892850	23,876441	24,169795	-2,910511	1,165467	0,980869	231986,648635	-0,201062	0,001046	1,831908	0,662753	2,035277	-0,124478	-0,124483	0,000000	6,240554	0,514593	0,800473
68,000000	7,529944	7,560945	0,517381	0,096043	2,744006	-13386,102909	-10939,879925	-2985,706042	-12631,094007	-13078,196554	9,262969	231,485859	23,337961	23,841289	26,896930	23,876773	24,174016	-2,910308	1,165905	0,980584	231987,977283	-0,201046	0,000737	1,814653	0,663329	2,036708	-0,124482	-0,124481	0,000000	6,240522	0,515272	0,800469
68,200000	7,530358	7,561085	0,519756	0,095621	2,748807	-13393,970025	-10939,411036	-2985,593956	-12644,125217	-13091,227763	9,260087	231,437045	23,334420	23,837969	26,904439	23,875472	24,177588	-2,910345	1,165585	0,980240	231986,048900	-0,200958	0,000567	1,800957	0,663956	2,036161	-0,124486	-0,124478	0,000000	6,239770	0,514980	0,800373
68,400000	7,530259	7,560868	0,521368	0,094282	2,753151	-13401,792673	-10940,493733	-2985,490779	-12652,371650	-13099,474197	9,257558	231,408484	23,334994	23,835268	26,905847	23,871255	24,176774	-2,910260	1,166011	0,980355	231992,473336	-0,201507	0,000605	1,861253	0,663976	2,034866	-0,124488	-0,124480	0,000000	6,239330	0,514443	0,800316
68,600000	7,529971	7,560511	0,519658	0,093720	2,743373	-13398,852993	-10941,716146	-2985,377410	-12642,893236	-13089,995782	9,255309	231,465722	23,338796	23,835487	26,900773	23,868828	24,172045	-2,910059	1,166401	0,980641	232006,369823	-0,201776	0,000625	1,899642	0,663465	2,034429	-0,124487	-0,124483	0,000000	6,240212	0,514596	0,800429
68,800000	7,529556	7,560378	0,517476	0,094390	2,747457	-13387,675547	-10941,943057	-2985,315800	-12629,021941	-13076,124488	9,252892	231,537608	23,344404	23,837748	26,897329	23,871344	24,167673	-2,910075	1,165958	0,980367	232016,666922	-0,201196	0,000636	1,821604	0,662951	2,035102	-0,124484	-0,124485	0,000000	6,241319	0,514919	0,800571
69,000000	7,528943	7,560433	0,517606	0,095348	2,760231	-13380,173903	-10941,616663	-2985,016826	-12625,713515	-13072,816061	9,250412	231,544461	23,344704	23,840232	26,898457	23,871635	24,169131	-2,910091	1,166932	0,979994	232021,320704	-0,200460	0,000676	1,742334	0,662919	2,035662	-0,124487	-0,124486	0,000000	6,241425	0,514851	0,800585
69,200000	7,528853	7,560682	0,519729	0,095717	2,754160	-13387,054722	-10941,600243	-2984,876171	-12632,520198	-13079,622745	9,247934	231,533119	23,336228	23,840423	26,900717	23,867784	24,178136	-2,909990	1,167824	0,980235	232029,522473	-0,200412	0,000762	1,776598	0,663247	2,035875	-0,124489	-0,124482	0,000000	6,241250	0,514404	0,800562
69,400000	7,529447	7,560831	0,522085	0,094714	2,746416	-13405,179211	-10942,159683	-2985,125186	-12640,445904	-13087,548450	9,245241	231,535864	23,327507	23,839347	26,902864	23,867234	24,186104	-2,909951	1,167580	0,980356	232048,062198	-0,200456	0,000854	1,864351	0,663722	2,036270	-0,124486	-0,124478	0,000000	6,241292	0,513990	0,800568
69,600000	7,529761	7,560526	0,521705	0,093620	2,749685	-13420,526832	-10942,594928	-2985,397972	-12646,955365	-13094,057912	9,242569	231,538699	23,327619	23,838949	26,905558	23,871247	24,185080	-2,910030	1,166810	0,979912	232063,606393	-0,200448	0,000677	1,943222	0,664316	2,036271	-0,124481	-0,124480	0,000000	6,241336	0,514565	0,800573
69,800000	7,529441	7,559908	0,519693	0,094476	2,755424	-13423,910015	-10942,088805	-2985,276159	-12655,188542	-13102,291089	9,240061	231,564569	23,335100	23,839023	26,904302	23,875383	24,176496	-2,909996	1,164969	0,979545	232070,050990	-0,200129	0,000375	1,977734	0,664704	2,035849	-0,124483	-0,124484	0,000000	6,241735	0,515508	0,800625
70,000000	7,528873	7,559518	0,518464	0,095473	2,758241	-13422,614027	-10940,469384	-2984,930869	-12662,303089	-13109,405635	9,237546	231,589413	23,341214	23,839241	26,898989	23,874539	24,165359	-2,909860	1,164113	0,979792	232071,671040	-0,199468	0,000400	1,888609	0,664912	2,035178	-0,124487	-0,124485	0,000000	6,242117	0,516054	0,800674
70,200000	7,528321	7,559693	0,517812	0,094761	2,751731	-13420,125415	-10939,173175	-2985,142809	-12663,514320	-13110,616867	9,234995	231,512517	23,342253	23,839219	26,895365	23,867426	24,161166	-2,909905	1,164844	0,980464	232069,560459	-0,199657	0,000569	1,751472	0,665128	2,034958	-0,124488	-0,124481	0,000000	6,240933	0,516448	0,800522
70,400000	7,527994	7,560131	0,518524	0,094061	2,748414	-13422,313050	-10939,603106	-2985,716592	-12665,925358	-13113,027904	9,232569	231,284010	23,340007	23,838715	26,897358	23,860427	24,167855	-2,910116	1,165575	0,980751	232058,671236	-0,200743	0,000721	1,777581	0,665146	2,035290	-0,124485	-0,124471	0,000000	6,237412	0,516251	0,800070
70,600000	7,527907	7,560167	0,519715	0,094325	2,752722	-13434,957338	-10940,609643	-2985,934579	-12672,115764	-13119,218311	9,230280	231,047690	23,337636	23,837769	26,902579	23,863003	24,177543	-2,910258	1,165788	0,980747	232054,743259	-0,201726	0,000918	1,911886	0,665145	2,034864	-0,124480	-0,124465	0,000000	6,233769	0,515858	0,799603
70,800000	7,527881	7,559836	0,520033	0,094277	2,748304	-13441,243981	-10941,902071	-2985,637758	-12669,527371	-13116,629917	9,227865	230,972006	23,337044	23,837637	26,904009	23,874514	24,181518	-2,910331	1,165229	0,981016	232062,085320	-0,201347	0,001059	1,908787	0,665246	2,034485	-0,124479	-0,124473	0,000000	6,232603	0,515811	0,799453
71,000000	7,527844	7,559692	0,519966	0,093969	2,745179	-13434,853079	-10943,187236	-2985,219767	-12658,319105	-13105,421652	9,225298	231,015781	23,337366	23,838305	26,902428	23,881968	24,177512	-2,910356	1,165043	0,980843	232054,955424	-0,199918	0,000993	1,859984	0,665012	2,035546	-0,124478	-0,124486	0,000000	6,233278	0,515640	0,799540
71,200000	7,527890	7,559748	0,520605	0,094858	2,755780	-13428,317813	-10942,606789	-2985,138182	-12649,054801	-13096,157348	9,222910	231,060080	23,338747	23,838536	26,904356	23,878676	24,172247	-2,910210	1,164704	0,979958	232042,046561	-0,198863	0,000716	1,896741	0,664508	2,037154	-0,124478	-0,124486	0,000000	6,233961	0,515038	0,799627
71,400000	7,527961	7,559703	0,523573	0,096137	2,763139	-13434,599149	-10940,819250	-2985,267757	-12651,400257	-13098,502804	9,220672	231,072650	23,339431	23,839055	26,907222	23,870050	24,169837	-2,910087	1,163482	0,979691	232038,418030	-0,198878	0,000561	1,873896	0,663988	2,036882	-0,124482	-0,124481	0,000000	6,234154	0,513633	0,799652
71,600000	7,527928	7,559349	0,527015	0,095847	2,755752	-13451,026028	-10940,029450	-2985,362658	-12665,264630	-13112,367176	9,218306	231,061072	23,337372	23,837717	26,904011	23,863665	24,169609	-2,910106	1,163854	0,980422	232051,684703	-0,200301	0,000635	1,796141	0,663198	2,035078	-0,124488	-0,124477	0,000000	6,233976	0,511841	0,799629
71,800000	7,527893	7,558876	0,527589	0,094490	2,751554	-13454,909335	-10941,170922	-2985,415149	-12672,288576	-13119,391123	9,215923	231,040912	23,336178	23,835441	26,896864	23,862629	24,173039	-2,910116	1,165154	0,980860	232073,704134	-0,201306	0,000617	1,755514	0,662440	2,034218	-0,124491	-0,124473	0,000000	6,233665	0,511028	0,799589
72,000000	7,527738	7,558625	0,526330	0,093992	2,764277	-13437,771109	-10943,003131	-2985,310399	-12663,542840	-13110,645387	9,213519	231,048641	23,339015	23,837978	26,893359	23,868238	24,175960	-2,910301	1,165410	0,980756	232065,606366	-0,200098	0,000572	1,770661	0,662353	2,034473	-0,124487	-0,124475	0,000000	6,233784	0,511356	0,799605
72,200000	7,527402	7,558582	0,524791	0,094881	2,769390	-13417,902856	-10943,518320	-2985,113206	-12647,362529	-13094,465076	9,211047	231,084001	23,342284	23,841728	26,895130	23,876355	24,174774	-2,910644	1,165562	0,980566	232041,212307	-0,198433	0,000669	1,847767	0,662697	2,035601	-0,124478	-0,124484	0,000000	6,234329	0,512133	0,799675
72,400000	7,527305	7,558589	0,523780	0,095549	2,755306	-13410,566408	-10943,460810	-2984,938894	-12636,435427	-13083,537974	9,208777	231,087912	23,339545	23,840757	26,903522	23,877344	24,172973	-2,910490	1,165086	0,980034	232043,724791	-0,198216	0,000447	1,919713	0,663046	2,037268	-0,124475	-0,124489	0,000000	6,234390	0,512759	0,799682
72,600000	7,527576	7,558474	0,525822	0,095320	2,755049	-13414,660102	-10943,265153	-2985,030536	-12639,213224	-13086,315770	9,206668	231,049045	23,333470	23,837893	26,913358	23,871684	24,173654	-2,909924	1,164231	0,979693	232075,291462	-0,199136	0,000134	1,962571	0,663650	2,038392	-0,124484	-0,124488	0,000000	6,233790	0,512554	0,799606
72,800000	7,527728	7,558284	0,530170	0,095194	2,765168	-13421,516668	-10941,517327	-2985,389273	-12647,388493	-13094,491040	9,204424	231,021083	23,333029	23,837324	26,913117	23,867261	24,174154	-2,909805	1,165179	0,980314	232103,205216	-0,200086	0,000413	1,986529	0,664690	2,037603	-0,124489	-0,124482	0,000000	6,233359	0,511886	0,799550
73,000000	7,527682	7,558130	0,531904	0,095221	2,758113	-13421,928548	-10939,637240	-2985,496200	-12647,707097	-13094,809643	9,202051	231,021009	23,338704	23,837971	26,905053	23,866945	24,171005	-2,910173	1,166118	0,981317	232108,714474	-0,200161	0,000780	1,977889	0,665923	2,035098	-0,124486	-0,124475	0,000000	6,233358	0,512232	0,799550
73,200000	7,527682	7,557951	0,529726	0,095394	2,754485	-13413,007185	-10939,870807	-2985,218807	-12639,078800	-13086,181347	9,199823	231,050173	23,344928	23,839778	26,896274	23,868094	24,167262	-2,910490	1,166022	0,981812	232104,789190	-0,199403	0,000855	1,978376	0,666985	2,033704	-0,124484	-0,124476	0,000000	6,233808	0,513750	0,799608
73,400000	7,527404	7,557761	0,527414	0,095795	2,766622	-13402,935477	-10941,067646	-2984,944560	-12631,350783	-13078,453330	9,197641	231,092077	23,347111	23,843314	26,893706	23,869662	24,166085	-2,910610	1,167176	0,981250	232083,781136	-0,198809	0,000898	1,978422	0,667250	2,034683	-0,124481	-0,124482	0,000000	6,234454	0,514710	0,799691
73,600000	7,526955	7,557680	0,526890	0,095657	2,775487	-13404,458245	-10941,913478	-2984,946989	-12633,842853	-13080,945400	9,195247	231,077509	23,343159	23,843523	26,900109	23,872189	24,169263	-2,910573	1,168477	0,980144	232045,118971	-0,198922	0,000834	1,911514	0,666519	2,036127	-0,124478	-0,124480	0,000000	6,234229	0,514329	0,799662
73,800000	7,526738	7,557664	0,526831	0,095078	2,772347	-13410,965330	-10942,537496	-2985,074418	-12643,902721	-13091,005268	9,192750	231,100786	23,334816	23,839200	26,909441	23,872367	24,175617	-2,910274	1,168454	0,979988	232011,663607	-0,199546	0,000779	1,831466	0,665247	2,036380	-0,124481	-0,124475	0,000000	6,234588	0,513390	0,799708
74,000000	7,526752	7,557371	0,527102	0,094800	2,760707	-13412,474954	-10941,522317	-2985,150839	-12652,114294	-13099,216841	9,190304	231,309819	23,329024	23,835412	26,913677	23,870930	24,179979	-2,909948	1,167705	0,980463	231988,717205	-0,200106	0,000756	1,808201	0,663879	2,035744	-0,124485	-0,124476	0,000000	6,237810	0,512240	0,800121
74,200000	7,526884	7,556777	0,528790	0,094163	2,758946	-13415,034363	-10938,906422	-2985,062786	-12652,828646	-13099,931192	9,187942	231,542068	23,332842	23,835203	26,906788	23,871185	24,177717	-2,909978	1,167481	0,980700	231982,924801	-0,199741	0,000705	1,826736	0,662905	2,035187	-0,124486	-0,124479	0,000000	6,241388	0,510876	0,800580
74,400000	7,526671	7,556543	0,530170	0,093379	2,765965	-13423,613444	-10938,248619	-2984,871010	-12650,176483	-13097,279030	9,185693	231,609680	23,341502	23,837343	26,896408	23,872187	24,169495	-2,910176	1,168157	0,980715	232007,567558	-0,198981	0,000748	1,903753	0,662457	2,035037	-0,124485	-0,124482	0,000000	6,242429	0,510035	0,800714
74,600000	7,526183	7,556872	0,528836	0,093822	2,759154	-13428,662416	-10939,870970	-2984,911374	-12650,739299	-13097,841846	9,183616	231,568326	23,345523	23,839411	26,893102	23,871015	24,163863	-2,910316	1,168078	0,980446	232032,706201	-0,198833	0,000685	2,021826	0,662016	2,035434	-0,124484	-0,124486	0,000000	6,241792	0,510151	0,800632
74,800000	7,525944	7,557223	0,526241	0,094692	2,752838	-13420,696764	-10940,985444	-2985,145943	-12653,321898	-13100,424445	9,181510	231,520759	23,342892	23,840028	26,896475	23,866708	24,165292	-2,910363	1,167860	0,980722	232033,308609	-0,199052	0,000573	2,062535	0,661402	2,036024	-0,124487	-0,124485	0,000000	6,241060	0,510570	0,800538
75,000000	7,525949	7,557228	0,525576	0,094731	2,764718	-13411,179084	-10941,548457	-2985,145181	-12652,771960	-13099,874507	9,179260	231,508003	23,337548	23,839071	26,900362	23,864274	24,172828	-2,910350	1,168173	0,981325	232021,285754	-0,198905	0,000589	1,981984	0,660759	2,035890	-0,124488	-0,124481	0,000000	6,240863	0,510305	0,800513
75,200000	7,526016	7,556924	0,527294	0,094261	2,772834	-13409,234829	-10941,379915	-2984,850845	-12648,918875	-13096,021422	9,176954	231,538488	23,334861	23,837207	26,901730	23,868589	24,182009	-2,910232	1,167630	0,981036	232014,926333	-0,198540	0,000537	1,903391	0,660154	2,035196	-0,124485	-0,124479	0,000000	6,241333	0,509252	0,800573
75,400000	7,525912	7,556677	0,530009	0,094121	2,761722	-13412,050956	-10940,524718	-2984,745230	-12646,039939	-13093,142485	9,174652	231,591408	23,335573	23,836469	26,902749	23,875632	24,183589	-2,909983	1,167646	0,980126	232028,888222	-0,198747	0,000419	1,924333	0,659849	2,035118	-0,124483	-0,124483	0,000000	6,242148	0,508100	0,800678
75,600000	7,525611	7,556620	0,531930	0,094584	2,753613	-13419,340718	-10940,446976	-2984,927176	-12643,315486	-13090,418033	9,172391	231,624686	23,338351	23,838044	26,900432	23,878767	24,176398	-2,909987	1,167758	0,979654	232055,032701	-0,199236	0,000467	1,942708	0,659866	2,035804	-0,124487	-0,124490	0,000000	6,242661	0,507466	0,800743
75,800000	7,525226	7,556611	0,531077	0,095427	2,766600	-13419,040270	-10940,875262	-2985,099648	-12638,450118	-13085,552665	9,170059	231,618889	23,341920	23,839681	26,896722	23,874916	24,167742	-2,910217	1,166367	0,980113	232073,998368	-0,199615	0,000688	1,895149	0,659904	2,036539	-0,124490	-0,124491	0,000000	6,242571	0,507768	0,800732
76,000000	7,524808	7,556509	0,529492	0,095907	2,773549	-13406,682201	-10939,921690	-2985,291015	-12637,823040	-13084,925587	9,167776	231,587909	23,343002	23,839993	26,900306	23,865338	24,165830	-2,910107	1,166366	0,981058	232089,800311	-0,200276	0,000895	1,850973	0,660209	2,036497	-0,124488	-0,124482	0,000000	6,242094	0,508529	0,800671
76,200000	7,524712	7,556196	0,529165	0,095089	2,759194	-13401,590987	-10937,907145	-2985,627121	-12646,909981	-13094,012528	9,165583	231,539306	23,341416	23,838862	26,905083	23,858862	24,171042	-2,909807	1,166661	0,981603	232103,273705	-0,201106	0,000930	1,819664	0,661018	2,035159	-0,124487	-0,124472	0,000000	6,241345	0,509253	0,800575
76,400000	7,525022	7,555998	0,529567	0,093629	2,758150	-13406,495578	-10938,246841	-2985,709865	-12654,626476	-13101,729022	9,163337	231,490524	23,339051	23,837346	26,904266	23,861548	24,175597	-2,909971	1,165589	0,981497	232088,587771	-0,201266	0,000917	1,819460	0,662292	2,033951	-0,124486	-0,124472	0,000000	6,240594	0,510090	0,800478
76,600000	7,525099	7,556034	0,531078	0,093472	2,770266	-13418,662833	-10940,659742	-2985,385928	-12650,674220	-13097,776767	9,161067	231,474170	23,338789	23,838172	26,902764	23,870716	24,177020	-2,910393	1,165471	0,981346	232081,071738	-0,200582	0,000986	1,833857	0,664096	2,034407	-0,124479	-0,124478	0,000000	6,240342	0,510972	0,800446
76,800000	7,524650	7,555894	0,531332	0,094967	2,764730	-13431,066125	-10941,626249	-2985,284495	-12644,691235	-13091,793782	9,158868	231,479749	23,341097	23,840594	26,903076	23,879385	24,175528	-2,910625	1,165675	0,981131	232095,080777	-0,199790	0,000911	1,813885	0,666082	2,036406	-0,124472	-0,124481	0,000000	6,240428	0,512403	0,800457
77,000000	7,524302	7,555630	0,528577	0,095718	2,755319	-13421,879740	-10941,259284	-2985,609432	-12649,037403	-13096,139950	9,156719	231,482712	23,340542	23,839901	26,904878	23,880281	24,170896	-2,910600	1,165487	0,980465	232067,941232	-0,200008	0,000717	1,813445	0,668049	2,037349	-0,124474	-0,124484	0,000000	6,240474	0,514831	0,800463
77,200000	7,524562	7,555630	0,526456	0,094840	2,758677	-13403,961848	-10941,156850	-2985,762480	-12659,978412	-13107,080959	9,154602	231,460892	23,336408	23,836460	26,904135	23,871650	24,167159	-2,910256	1,165255	0,979806	232019,997552	-0,200701	0,000592	1,837464	0,669506	2,036643	-0,124482	-0,124489	0,000000	6,240138	0,516676	0,800420
77,400000	7,524946	7,555822	0,526903	0,093945	2,764904	-13405,294028	-10941,051317	-2985,455917	-12668,640428	-13115,742975	9,152578	231,382886	23,335169	23,835511	26,901539	23,861801	24,168424	-2,909905	1,165063	0,979844	232014,073092	-0,200236	0,000628	1,864970	0,669792	2,035680	-0,124491	-0,124490	0,000000	6,238936	0,516755	0,800265
77,600000	7,524873	7,555871	0,527766	0,093919	2,763163	-13418,887679	-10940,951066	-2985,054128	-12670,359302	-13117,461849	9,150544	231,295567	23,340204	23,837930	26,901023	23,861239	24,171556	-2,910104	1,165430	0,980353	232031,485765	-0,199079	0,000792	1,896981	0,668912	2,034064	-0,124489	-0,124489	0,000000	6,237590	0,515781	0,800093
77,800000	7,524450	7,555753	0,527827	0,094724	2,753268	-13426,808201	-10941,135601	-2984,712066	-12662,882439	-13109,984986	9,148394	231,263308	23,345162	23,840301	26,899135	23,867400	24,171736	-2,910652	1,165899	0,980501	232036,906299	-0,198511	0,000857	1,902611	0,667413	2,033321	-0,124478	-0,124488	0,000000	6,237093	0,514591	0,800029
78,000000	7,524258	7,555633	0,527067	0,095360	2,755667	-13422,579750	-10942,282335	-2984,847880	-12652,916531	-13100,019078	9,146136	231,268522	23,343992	23,840562	26,897492	23,872009	24,171943	-2,910667	1,166196	0,980059	232042,936017	-0,199212	0,000684	1,930801	0,666006	2,034838	-0,124478	-0,124488	0,000000	6,237173	0,513751	0,800039
78,200000	7,524396	7,555595	0,525637	0,095209	2,768435	-13411,159639	-10943,491601	-2985,300474	-12648,970728	-13096,073275	9,143784	231,294086	23,338775	23,839755	26,900124	23,872887	24,175355	-2,910184	1,166184	0,979605	232051,989079	-0,200382	0,000412	1,968919	0,664618	2,037436	-0,124490	-0,124489	0,000000	6,237567	0,513164	0,800090
78,400000	7,524383	7,555559	0,524056	0,094832	2,764980	-13403,756448	-10942,264569	-2985,368195	-12655,100380	-13102,202927	9,141516	231,295218	23,333920	23,837786	26,906795	23,870989	24,177210	-2,909890	1,165521	0,979933	232047,192992	-0,200593	0,000336	1,908357	0,663320	2,038132	-0,124494	-0,124487	0,000000	6,237585	0,512707	0,800092
78,600000	7,524403	7,555384	0,522541	0,094715	2,753497	-13400,051106	-10939,862998	-2985,067090	-12663,150761	-13110,253308	9,139553	231,220522	23,333043	23,835169	26,909327	23,866698	24,175201	-2,909921	1,165968	0,980525	232054,674408	-0,199726	0,000478	1,801012	0,662294	2,036063	-0,124490	-0,124483	0,000000	6,236434	0,512422	0,799945
78,800000	7,524435	7,555000	0,521798	0,094770	2,754962	-13398,746053	-10938,969569	-2984,794608	-12659,248658	-13106,351205	9,137517	231,124559	23,336851	23,834534	26,901450	23,863422	24,171598	-2,910053	1,166971	0,980634	232077,391297	-0,199321	0,000529	1,756987	0,660671	2,034197	-0,124484	-0,124484	0,000000	6,234955	0,511380	0,799755
79,000000	7,524025	7,554707	0,522466	0,094860	2,760598	-13404,131857	-10939,723006	-2984,909080	-12650,474393	-13097,576940	9,135167	231,070346	23,343819	23,836157	26,894273	23,866248	24,165609	-2,910219	1,166833	0,980530	232070,393303	-0,199854	0,000461	1,771000	0,658639	2,034232	-0,124482	-0,124484	0,000000	6,234119	0,509551	0,799648
79,200000	7,523431	7,554880	0,524232	0,095477	2,752223	-13406,178228	-10941,332819	-2985,094186	-12645,280436	-13092,382983	9,132927	231,035970	23,348981	23,838904	26,895186	23,868899	24,163052	-2,910419	1,167748	0,980196	232048,341418	-0,199750	0,000583	1,811215	0,657629	2,035374	-0,124479	-0,124484	0,000000	6,233589	0,508187	0,799580
79,400000	7,523162	7,555166	0,526901	0,095948	2,742505	-13405,998088	-10942,767118	-2985,255142	-12644,055186	-13091,157733	9,130834	231,000957	23,345185	23,840980	26,899105	23,866311	24,170336	-2,910386	1,168214	0,979865	232050,288878	-0,199410	0,000726	1,819823	0,657915	2,036263	-0,124476	-0,124485	0,000000	6,233049	0,507539	0,799510
79,600000	7,523313	7,555202	0,528864	0,094866	2,756344	-13416,199465	-10942,892526	-2985,520266	-12649,430371	-13096,532917	9,128703	230,985763	23,336027	23,841046	26,901697	23,865937	24,178978	-2,910142	1,166837	0,979918	232061,869904	-0,199754	0,000622	1,773631	0,659223	2,036425	-0,124480	-0,124486	0,000000	6,232815	0,507901	0,799480
79,800000	7,523512	7,555061	0,528809	0,093460	2,771254	-13425,542876	-10941,854808	-2985,419270	-12655,365623	-13102,468169	9,126632	230,981838	23,332957	23,840191	26,902907	23,869301	24,178865	-2,910071	1,167212	0,980318	232062,526076	-0,200255	0,000542	1,739602	0,661120	2,035681	-0,124484	-0,124487	0,000000	6,232754	0,509376	0,799473
80,000000	7,523529	7,554743	0,528063	0,093769	2,764379	-13426,754322	-10941,015100	-2985,185634	-12656,800833	-13103,903380	9,124772	230,980205	23,337961	23,839125	26,902193	23,872173	24,171832	-2,910138	1,168009	0,980732	232055,638561	-0,200779	0,000684	1,763165	0,662608	2,034665	-0,124488	-0,124487	0,000000	6,232729	0,510754	0,799469
80,200000	7,523325	7,554436	0,527606	0,095120	2,765269	-13426,051628	-10940,701898	-2985,103315	-12655,691487	-13102,794034	9,122834	230,989323	23,343527	23,838280	26,897477	23,872790	24,165340	-2,910155	1,167262	0,980835	232047,633200	-0,200870	0,000851	1,818905	0,663247	2,034684	-0,124493	-0,124486	0,000000	6,232870	0,511374	0,799487
80,400000	7,522886	7,554303	0,526641	0,095649	2,774860	-13418,390003	-10940,161841	-2985,035299	-12654,837629	-13101,940176	9,120594	230,996554	23,344810	23,838906	26,893110	23,869907	24,163529	-2,910286	1,167068	0,980674	232047,830335	-0,200341	0,000945	1,802597	0,663289	2,035193	-0,124490	-0,124486	0,000000	6,232981	0,511713	0,799502
80,600000	7,522616	7,554131	0,525670	0,095349	2,766010	-13408,408122	-10940,199951	-2985,207528	-12654,923311	-13102,025858	9,118454	230,987310	23,343189	23,839299	26,893613	23,862784	24,168009	-2,910442	1,167020	0,980501	232062,083779	-0,200094	0,000906	1,708772	0,662908	2,034976	-0,124483	-0,124482	0,000000	6,232839	0,511735	0,799483
80,800000	7,522602	7,553845	0,525604	0,095538	2,752703	-13409,801302	-10941,198365	-2985,292459	-12655,597874	-13102,700420	9,116502	230,961781	23,339447	23,838236	26,896434	23,858241	24,175867	-2,910422	1,167018	0,980696	232072,079744	-0,200194	0,000786	1,693524	0,662320	2,034828	-0,124480	-0,124478	0,000000	6,232445	0,511293	0,799433
81,000000	7,522635	7,553617	0,525655	0,095727	2,750642	-13416,272046	-10941,331669	-2985,137346	-12658,606054	-13105,708601	9,114450	230,946310	23,336088	23,838403	26,898349	23,864386	24,178701	-2,910428	1,167401	0,980970	232071,305910	-0,200162	0,000849	1,780642	0,662312	2,034869	-0,124479	-0,124480	0,000000	6,232206	0,511259	0,799402
81,200000	7,522646	7,553542	0,526579	0,094870	2,756395	-13424,032356	-10940,849234	-2985,005874	-12661,240870	-13108,343416	9,112272	230,953297	23,337499	23,839375	26,898643	23,874073	24,174246	-2,910472	1,166578	0,980766	232066,910519	-0,199744	0,000888	1,846451	0,663097	2,034769	-0,124479	-0,124486	0,000000	6,232314	0,511549	0,799416
81,400000	7,522474	7,553339	0,527417	0,094560	2,762405	-13433,852846	-10940,440511	-2985,001586	-12660,306096	-13107,408643	9,110188	230,971818	23,340516	23,839312	26,899755	23,876882	24,168618	-2,910321	1,165751	0,980338	232050,065132	-0,199145	0,000742	1,861158	0,664017	2,035641	-0,124484	-0,124489	0,000000	6,232600	0,511968	0,799453
81,600000	7,522213	7,553015	0,525808	0,095704	2,760707	-13433,249486	-10939,983597	-2985,262620	-12661,999597	-13109,102144	9,108140	230,983511	23,341791	23,838968	26,905010	23,872008	24,165334	-2,910040	1,166400	0,979981	232030,602884	-0,199297	0,000650	1,863509	0,665097	2,036414	-0,124491	-0,124488	0,000000	6,232780	0,513331	0,799476
81,800000	7,522082	7,552921	0,523978	0,095988	2,764569	-13422,500639	-10939,855848	-2985,570389	-12669,102082	-13116,204629	9,105930	230,958785	23,341412	23,837128	26,910330	23,863145	24,164822	-2,910008	1,167469	0,979585	232024,723215	-0,200321	0,000709	1,862477	0,666089	2,035637	-0,124492	-0,124485	0,000000	6,232399	0,514721	0,799427
82,000000	7,522260	7,552891	0,523742	0,094711	2,773173	-13416,539600	-10940,172831	-2985,491606	-12675,347777	-13122,450323	9,103815	230,942494	23,339871	23,835399	26,906093	23,857912	24,168208	-2,910134	1,167440	0,979768	232025,059128	-0,200957	0,000759	1,863692	0,665970	2,033565	-0,124489	-0,124480	0,000000	6,232147	0,514703	0,799395
82,200000	7,522395	7,552801	0,524444	0,093808	2,767292	-13418,623587	-10941,381865	-2985,061252	-12673,556097	-13120,658643	9,101968	231,006445	23,340547	23,838144	26,896170	23,861747	24,172717	-2,910131	1,166362	0,980483	232025,086629	-0,200457	0,000744	1,897131	0,664630	2,033154	-0,124491	-0,124479	0,000000	6,233134	0,513403	0,799521
82,400000	7,522098	7,552775	0,525728	0,094133	2,757147	-13421,341619	-10942,433938	-2984,837483	-12662,769904	-13109,872451	9,100131	231,105970	23,343867	23,841826	26,893911	23,870541	24,173845	-2,910184	1,166553	0,980614	232039,503194	-0,199953	0,000806	1,959799	0,663154	2,034821	-0,124489	-0,124483	0,000000	6,234668	0,511820	0,799718
82,600000	7,521745	7,552797	0,526012	0,094855	2,757174	-13417,195953	-10942,404328	-2984,905338	-12650,655160	-13097,757706	9,098150	231,168776	23,344418	23,840842	26,900463	23,876245	24,172310	-2,910170	1,167166	0,980361	232071,091385	-0,200352	0,000649	1,993941	0,662098	2,035949	-0,124487	-0,124488	0,000000	6,235636	0,510924	0,799842
82,800000	7,521547	7,552726	0,524499	0,094897	2,759694	-13407,369952	-10941,891239	-2985,162836	-12645,925241	-13093,027788	9,096180	231,171574	23,338369	23,837521	26,909194	23,874933	24,172599	-2,909901	1,166709	0,980349	232094,208199	-0,200743	0,000300	1,952475	0,660894	2,037186	-0,124490	-0,124485	0,000000	6,235679	0,510518	0,799848
83,000000	7,521585	7,552415	0,522335	0,094567	2,754335	-13399,185018	-10941,077800	-2985,740239	-12655,227663	-13102,330210	9,094156	231,126132	23,332724	23,836599	26,911304	23,870200	24,174140	-2,909809	1,167134	0,980741	232099,528534	-0,200821	0,000401	1,864768	0,659732	2,037483	-0,124490	-0,124480	0,000000	6,234979	0,510332	0,799758
83,200000	7,521745	7,552071	0,520887	0,094482	2,749703	-13399,240115	-10940,401864	-2986,078197	-12669,449716	-13116,552263	9,091937	231,134401	23,335518	23,836774	26,903785	23,867021	24,171594	-2,910072	1,166653	0,981459	232097,762207	-0,200982	0,000829	1,798141	0,659172	2,035766	-0,124486	-0,124479	0,000000	6,235106	0,510350	0,799774
83,400000	7,521620	7,552102	0,521490	0,094340	2,759474	-13410,942150	-10940,291900	-2985,670967	-12670,967826	-13118,070373	9,089831	231,254441	23,343078	23,837746	26,893735	23,866502	24,167927	-2,910318	1,164285	0,981742	232084,698616	-0,200437	0,000899	1,738732	0,658960	2,033814	-0,124482	-0,124481	0,000000	6,236956	0,509967	0,800012
83,600000	7,521277	7,552349	0,522874	0,094072	2,763360	-13421,015527	-10940,400128	-2984,999497	-12659,525662	-13106,628208	9,087954	231,399749	23,348006	23,841821	26,886790	23,867531	24,168742	-2,910379	1,163956	0,980945	232058,102725	-0,199082	0,000661	1,677518	0,658658	2,033826	-0,124483	-0,124482	0,000000	6,239196	0,509266	0,800299
83,800000	7,521003	7,552405	0,521861	0,093987	2,749779	-13416,715314	-10940,403058	-2984,954782	-12648,155379	-13095,257925	9,085985	231,467951	23,347143	23,844113	26,889760	23,869954	24,171303	-2,910414	1,164593	0,980249	232036,416686	-0,198830	0,000785	1,680212	0,658160	2,035410	-0,124482	-0,124480	0,000000	6,240246	0,509224	0,800434
84,000000	7,520914	7,552249	0,518113	0,094267	2,750523	-13401,230528	-10940,115368	-2985,312443	-12647,663084	-13094,765630	9,083863	231,432328	23,340692	23,841072	26,899339	23,871402	24,174812	-2,910384	1,164262	0,980506	232029,685628	-0,199956	0,001046	1,753673	0,657661	2,036214	-0,124481	-0,124475	0,000000	6,239697	0,510108	0,800363
84,200000	7,521023	7,551958	0,515357	0,094941	2,761803	-13388,355966	-10940,070976	-2985,314135	-12657,534618	-13104,637165	9,081748	231,365195	23,332645	23,836765	26,902702	23,868244	24,179124	-2,910154	1,165068	0,980538	232027,796473	-0,200933	0,000839	1,840140	0,657759	2,036082	-0,124487	-0,124474	0,000000	6,238663	0,511107	0,800231
84,400000	7,521400	7,551773	0,517865	0,095049	2,752663	-13400,032352	-10940,183689	-2985,260536	-12667,754158	-13114,856705	9,079776	231,354762	23,332122	23,835017	26,900489	23,866430	24,176393	-2,910071	1,166307	0,980462	232029,938753	-0,201522	0,000581	1,896470	0,658781	2,035478	-0,124491	-0,124476	0,000000	6,238502	0,511043	0,800210
84,600000	7,521748	7,551904	0,522691	0,094219	2,739665	-13429,671322	-10940,479451	-2985,267155	-12668,653013	-13115,755560	9,078042	231,403189	23,340967	23,836320	26,897701	23,868277	24,167202	-2,910256	1,166466	0,980667	232037,304734	-0,201389	0,000583	1,882661	0,660215	2,034756	-0,124488	-0,124485	0,000000	6,239249	0,510533	0,800306
84,800000	7,521407	7,552125	0,522200	0,094376	2,743182	-13438,105989	-10941,192507	-2985,120062	-12661,022246	-13108,124792	9,076352	231,459657	23,347598	23,839040	26,895657	23,867644	24,162434	-2,910424	1,165965	0,980515	232042,076550	-0,200386	0,000611	1,787054	0,661804	2,034606	-0,124485	-0,124494	0,000000	6,240119	0,511931	0,800417
85,000000	7,520542	7,552260	0,516910	0,095598	2,754632	-13416,284414	-10941,859257	-2985,134518	-12657,104023	-13104,206570	9,074394	231,498429	23,345400	23,840948	26,894252	23,865766	24,163865	-2,910501	1,165676	0,980513	232029,675742	-0,199566	0,000729	1,719617	0,663133	2,035075	-0,124486	-0,124490	0,000000	6,240716	0,514752	0,800494
85,200000	7,520015	7,552450	0,514365	0,095801	2,759368	-13395,139430	-10942,233961	-2985,239778	-12658,510376	-13105,612923	9,072292	231,494309	23,338746	23,840725	26,894323	23,863947	24,168015	-2,910481	1,166008	0,980837	232017,883728	-0,199224	0,000942	1,774638	0,663738	2,035489	-0,124485	-0,124482	0,000000	6,240652	0,516099	0,800486
85,400000	7,520050	7,552516	0,517842	0,094935	2,750772	-13399,953496	-10942,082485	-2985,062851	-12656,606146	-13103,708692	9,070287	231,477991	23,333470	23,839254	26,897382	23,863527	24,175205	-2,910429	1,165871	0,980766	232044,815296	-0,199048	0,001086	1,862788	0,663980	2,035540	-0,124479	-0,124482	0,000000	6,240401	0,515117	0,800453
85,600000	7,520230	7,552003	0,524054	0,094711	2,749955	-13426,570692	-10942,038159	-2984,946220	-12652,992184	-13100,094731	9,068341	231,504123	23,332754	23,838268	26,898066	23,868348	24,181165	-2,910381	1,165225	0,980216	232075,134980	-0,199420	0,001009	1,885526	0,664497	2,035117	-0,124475	-0,124487	0,000000	6,240804	0,513387	0,800505
85,800000	7,520154	7,551417	0,527384	0,095035	2,760682	-13446,563868	-10942,453829	-2985,249892	-12649,065109	-13096,167655	9,066327	231,541709	23,335535	23,838246	26,895594	23,875403	24,177447	-2,910320	1,164454	0,979821	232077,674264	-0,200367	0,000832	1,870939	0,664949	2,035076	-0,124482	-0,124491	0,000000	6,241382	0,512577	0,800579
86,000000	7,519968	7,551307	0,525269	0,094913	2,759722	-13440,077272	-10942,249232	-2985,478025	-12644,207000	-13091,309547	9,064270	231,575366	23,339394	23,838270	26,895023	23,877095	24,167513	-2,910182	1,163264	0,980086	232079,372402	-0,201153	0,000768	1,890340	0,664463	2,036186	-0,124491	-0,124489	0,000000	6,241901	0,512905	0,800646
86,200000	7,519897	7,551143	0,520578	0,095145	2,754660	-13414,779865	-10940,877558	-2985,312189	-12641,179630	-13088,282177	9,062434	231,576109	23,341247	23,837829	26,896013	23,868939	24,163826	-2,910021	1,163435	0,980478	232089,439875	-0,201343	0,000675	1,894386	0,663628	2,037005	-0,124495	-0,124482	0,000000	6,241912	0,513834	0,800647
86,400000	7,519832	7,550613	0,518390	0,095363	2,760116	-13393,214584	-10939,444647	-2985,146645	-12644,476821	-13091,579367	9,060640	231,497868	23,339683	23,837424	26,896521	23,859486	24,168237	-2,910012	1,164312	0,980693	232099,089253	-0,200942	0,000632	1,855629	0,663410	2,036215	-0,124494	-0,124478	0,000000	6,240707	0,514375	0,800493
86,600000	7,519671	7,550171	0,520219	0,094694	2,762267	-13393,513616	-10939,057370	-2985,204217	-12654,613319	-13101,715865	9,058613	231,416843	23,337837	23,837660	26,895130	23,859215	24,172807	-2,910068	1,163583	0,980917	232113,993658	-0,200418	0,000800	1,886543	0,663507	2,034179	-0,124489	-0,124480	0,000000	6,239459	0,513802	0,800333
86,800000	7,519363	7,550088	0,523771	0,093878	2,748632	-13416,069617	-10939,663899	-2985,320373	-12661,435909	-13108,538456	9,056544	231,357598	23,338712	23,838239	26,891148	23,866082	24,173809	-2,910123	1,163470	0,980842	232130,312575	-0,200683	0,000845	1,955636	0,663284	2,033181	-0,124482	-0,124483	0,000000	6,238546	0,512418	0,800216
87,000000	7,519212	7,550158	0,526481	0,093791	2,738930	-13438,224887	-10940,464901	-2985,235665	-12655,945840	-13103,048386	9,054535	231,257557	23,341654	23,839701	26,888862	23,874554	24,173364	-2,910161	1,164312	0,980347	232131,278595	-0,201361	0,000576	1,971208	0,662857	2,034319	-0,124480	-0,124484	0,000000	6,237004	0,511177	0,800018
87,200000	7,519276	7,550315	0,525332	0,094675	2,753677	-13434,630224	-10941,261933	-2985,131762	-12643,683584	-13090,786130	9,052557	231,199708	23,341885	23,840809	26,894629	23,879024	24,170609	-2,910201	1,164591	0,979782	232119,390600	-0,201240	0,000428	1,966632	0,662712	2,036267	-0,124484	-0,124490	0,000000	6,236113	0,511468	0,799903
87,400000	7,519255	7,550271	0,521865	0,095396	2,764877	-13412,395240	-10940,731775	-2985,340070	-12640,320138	-13087,422685	9,050667	231,218400	23,337645	23,837958	26,903152	23,874759	24,166441	-2,910164	1,165330	0,979556	232098,154147	-0,201104	0,000437	1,938477	0,662782	2,037295	-0,124488	-0,124492	0,000000	6,236401	0,512704	0,799940
87,600000	7,519159	7,549970	0,521455	0,095114	2,753886	-13396,957289	-10938,896243	-2985,410080	-12644,308211	-13091,410758	9,048835	231,210223	23,334760	23,835092	26,904361	23,865330	24,167457	-2,909975	1,165742	0,980003	232079,589847	-0,201296	0,000518	1,898017	0,662687	2,036771	-0,124490	-0,124487	0,000000	6,236275	0,512758	0,799924
87,800000	7,519049	7,549838	0,524056	0,094574	2,754345	-13399,419320	-10938,972274	-2985,273533	-12643,651879	-13090,754426	9,046960	231,156596	23,337148	23,836279	26,899314	23,860660	24,171159	-2,909972	1,165397	0,980827	232074,816541	-0,201123	0,000730	1,891996	0,662434	2,035078	-0,124485	-0,124485	0,000000	6,235448	0,511668	0,799818
88,000000	7,518819	7,549889	0,525374	0,094519	2,766792	-13404,442379	-10940,546285	-2985,331221	-12637,405102	-13084,507649	9,045011	231,065567	23,342123	23,838218	26,891774	23,863823	24,170050	-2,910204	1,165330	0,981210	232067,430689	-0,200945	0,000780	1,943019	0,662429	2,033496	-0,124479	-0,124488	0,000000	6,234045	0,511209	0,799638
88,200000	7,518434	7,549937	0,523342	0,094810	2,762184	-13394,748313	-10941,160415	-2985,339582	-12629,011921	-13076,114468	9,042964	230,955062	23,343271	23,838422	26,889166	23,868578	24,165511	-2,910367	1,164933	0,980919	232057,188591	-0,201077	0,000728	2,064388	0,662979	2,034202	-0,124480	-0,124490	0,000000	6,232341	0,512314	0,799420
88,400000	7,518189	7,549991	0,521512	0,095258	2,750913	-13383,459344	-10940,358083	-2985,188692	-12625,503739	-13072,606286	9,040943	230,917562	23,337975	23,838937	26,895255	23,871674	24,164607	-2,910427	1,164760	0,980295	232062,528366	-0,201289	0,000608	2,101305	0,663760	2,036513	-0,124481	-0,124486	0,000000	6,231763	0,513548	0,799345
88,600000	7,518305	7,550182	0,524250	0,095681	2,749186	-13389,221289	-10939,413417	-2985,198679	-12628,644364	-13075,746911	9,039075	230,935644	23,331582	23,839660	26,900976	23,872354	24,169635	-2,910341	1,165150	0,980023	232066,302465	-0,201090	0,000432	2,014720	0,664186	2,037970	-0,124480	-0,124481	0,000000	6,232042	0,512974	0,799381
88,800000	7,518521	7,550062	0,528676	0,095725	2,757261	-13403,231388	-10939,986262	-2985,597983	-12633,948075	-13081,050622	9,037306	230,916168	23,328089	23,837193	26,903713	23,869689	24,174465	-2,910192	1,165077	0,980062	232068,085469	-0,201315	0,000468	1,994091	0,663960	2,037155	-0,124479	-0,124480	0,000000	6,231742	0,511316	0,799343
89,000000	7,518512	7,549353	0,529157	0,095513	2,764505	-13408,886858	-10940,813499	-2985,890755	-12635,165901	-13082,268448	9,035509	230,891620	23,329705	23,833965	26,900958	23,866580	24,173225	-2,910250	1,165236	0,979979	232084,739996	-0,201934	0,000640	2,031856	0,663110	2,035149	-0,124480	-0,124479	0,000000	6,231363	0,510459	0,799294
89,200000	7,518270	7,548750	0,525548	0,095099	2,759394	-13406,600702	-10940,990046	-2985,507325	-12631,213661	-13078,316208	9,033629	230,897612	23,337364	23,834268	26,891984	23,865171	24,166339	-2,910292	1,165767	0,979929	232097,842389	-0,201349	0,000768	2,012455	0,662253	2,034373	-0,124486	-0,124476	0,000000	6,231455	0,510954	0,799306
89,400000	7,517966	7,548741	0,521794	0,094809	2,762480	-13400,144843	-10941,249793	-2984,921512	-12632,127788	-13079,230334	9,031741	230,921608	23,345087	23,837378	26,888358	23,866480	24,159469	-2,910290	1,166375	0,979681	232113,253447	-0,199894	0,000828	1,973458	0,661784	2,034993	-0,124491	-0,124477	0,000000	6,231825	0,511839	0,799353
89,600000	7,517644	7,549090	0,521216	0,095406	2,774265	-13395,969469	-10941,537248	-2984,828917	-12639,029231	-13086,131777	9,029873	230,961233	23,344624	23,839509	26,893627	23,867853	24,159621	-2,910351	1,166577	0,979555	232139,114898	-0,199022	0,000882	1,994024	0,661398	2,035967	-0,124491	-0,124481	0,000000	6,232436	0,511762	0,799432
89,800000	7,517420	7,549354	0,523875	0,095740	2,764678	-13401,447497	-10941,996573	-2985,119781	-12646,493713	-13093,596260	9,027847	230,980300	23,335501	23,839400	26,901018	23,867282	24,168237	-2,910224	1,165917	0,979793	232155,389400	-0,199296	0,000904	2,008006	0,661253	2,036455	-0,124487	-0,124480	0,000000	6,232730	0,510785	0,799470
90,000000	7,517526	7,549297	0,525417	0,094336	2,746156	-13408,942198	-10942,609665	-2985,385886	-12652,737951	-13099,840498	9,025672	230,960864	23,328621	23,838537	26,904442	23,868831	24,176667	-2,910105	1,166602	0,980010	232147,457123	-0,200280	0,000855	1,940429	0,661674	2,036293	-0,124481	-0,124481	0,000000	6,232431	0,510598	0,799431
90,200000	7,517564	7,548949	0,522869	0,093353	2,746783	-13404,662135	-10942,220668	-2985,399599	-12654,144535	-13101,247081	9,023706	230,949598	23,331191	23,837819	26,902265	23,871702	24,175418	-2,910244	1,167600	0,980492	232131,372796	-0,201071	0,000876	1,896688	0,662277	2,035905	-0,124478	-0,124486	0,000000	6,232257	0,511895	0,799409
90,400000	7,517219	7,548600	0,519036	0,094725	2,756635	-13389,652181	-10940,285197	-2985,128344	-12649,345773	-13096,448320	9,021980	231,000290	23,337461	23,837824	26,897161	23,873031	24,167120	-2,910391	1,166797	0,980843	232132,345643	-0,200957	0,000851	1,940468	0,662584	2,035714	-0,124479	-0,124487	0,000000	6,233039	0,513395	0,799509
90,600000	7,516939	7,548572	0,518118	0,095975	2,750996	-13380,153981	-10938,926866	-2985,008905	-12642,610186	-13089,712733	9,020177	231,072646	23,339822	23,838421	26,892689	23,871628	24,159762	-2,910373	1,167136	0,980844	232135,613058	-0,200415	0,000682	1,957175	0,662780	2,035887	-0,124483	-0,124484	0,000000	6,234154	0,513848	0,799652
90,800000	7,516949	7,548650	0,520581	0,095224	2,739622	-13385,916486	-10939,299490	-2985,179634	-12640,378325	-13087,480871	9,018330	231,091697	23,338290	23,838988	26,892563	23,866499	24,158090	-2,910443	1,167915	0,980837	232127,282370	-0,199873	0,000678	1,906031	0,663160	2,035654	-0,124486	-0,124481	0,000000	6,234448	0,513312	0,799690
91,000000	7,517071	7,548407	0,521512	0,094708	2,750369	-13399,136299	-10940,463440	-2985,145165	-12642,607108	-13089,709655	9,016563	231,071797	23,337044	23,839389	26,896150	23,861346	24,163873	-2,910530	1,167001	0,980602	232126,091794	-0,199182	0,000891	1,893656	0,663267	2,035128	-0,124483	-0,124478	0,000000	6,234141	0,513072	0,799650
91,200000	7,517188	7,548108	0,518471	0,095289	2,761788	-13403,875858	-10942,136693	-2984,983245	-12644,897663	-13092,000210	9,014737	231,045475	23,335440	23,839904	26,899205	23,862554	24,171412	-2,910392	1,166466	0,980601	232132,736357	-0,199038	0,000992	1,883199	0,662845	2,034642	-0,124479	-0,124476	0,000000	6,233735	0,513759	0,799598
91,400000	7,517160	7,547988	0,515853	0,094899	2,750322	-13395,268704	-10943,126960	-2985,016028	-12645,116053	-13092,218599	9,012817	231,072376	23,334385	23,839906	26,897915	23,870760	24,173476	-2,910345	1,165954	0,980659	232127,476329	-0,199427	0,000860	1,786696	0,662516	2,034227	-0,124479	-0,124479	0,000000	6,234150	0,514382	0,799652
91,600000	7,516796	7,547802	0,517206	0,093933	2,747202	-13390,920998	-10941,922288	-2985,344209	-12646,351688	-13093,454234	9,010845	231,211468	23,336720	23,838772	26,895593	23,877735	24,169459	-2,910259	1,165760	0,980433	232102,107228	-0,200112	0,000610	1,732099	0,662555	2,035138	-0,124483	-0,124489	0,000000	6,236294	0,513940	0,799927
91,800000	7,516395	7,547887	0,521116	0,094791	2,756128	-13406,903988	-10940,341407	-2985,808156	-12653,434497	-13100,537044	9,008877	231,353840	23,338573	23,838047	26,897688	23,876808	24,163758	-2,910012	1,167253	0,980426	232080,540981	-0,201117	0,000478	1,823593	0,662542	2,036660	-0,124492	-0,124491	0,000000	6,238488	0,512619	0,800208
92,000000	7,516521	7,548267	0,523384	0,096277	2,752760	-13428,397102	-10940,667076	-2985,968066	-12661,132763	-13108,235309	9,006980	231,383461	23,336395	23,838759	26,899716	23,867995	24,162015	-2,910062	1,167823	0,980458	232097,569407	-0,201377	0,000676	1,935819	0,662350	2,036803	-0,124495	-0,124483	0,000000	6,238945	0,511731	0,800267
92,200000	7,517019	7,548178	0,522185	0,095614	2,747592	-13431,631124	-10941,364560	-2986,012947	-12662,263004	-13109,365551	9,005184	231,331217	23,331338	23,837618	26,898771	23,858301	24,164633	-2,910301	1,166566	0,980437	232129,977276	-0,201050	0,000995	1,899018	0,662172	2,035382	-0,124487	-0,124474	0,000000	6,238140	0,511992	0,800163
92,400000	7,517174	7,547760	0,521007	0,094304	2,750655	-13422,150589	-10940,683936	-2985,993150	-12659,088719	-13106,191266	9,003384	231,281045	23,329528	23,835382	26,895179	23,857710	24,168565	-2,910449	1,165613	0,980529	232139,286241	-0,201362	0,000999	1,810367	0,662008	2,034109	-0,124481	-0,124472	0,000000	6,237366	0,512235	0,800064
92,600000	7,516677	7,547479	0,522094	0,094324	2,758977	-13419,853362	-10940,276193	-2985,723881	-12652,576809	-13099,679356	9,001441	231,327400	23,333881	23,837558	26,890250	23,865247	24,170681	-2,910529	1,165789	0,980760	232129,007908	-0,201507	0,000830	1,857982	0,662128	2,034380	-0,124480	-0,124476	0,000000	6,238081	0,511932	0,800156
92,800000	7,516088	7,547232	0,523888	0,094984	2,765035	-13423,097633	-10941,420810	-2985,591209	-12643,119077	-13090,221623	8,999675	231,457122	23,337306	23,840943	26,888557	23,872474	24,169390	-2,910626	1,166192	0,980870	232119,657103	-0,200597	0,000894	1,968083	0,662777	2,035549	-0,124475	-0,124482	0,000000	6,240079	0,511807	0,800412
93,000000	7,515939	7,547079	0,526097	0,095403	2,759657	-13421,632735	-10941,713710	-2985,566893	-12637,150119	-13084,252666	8,998124	231,544434	23,334535	23,840061	26,891680	23,873528	24,168278	-2,910462	1,166529	0,980659	232131,328818	-0,200379	0,000924	1,988198	0,663570	2,037019	-0,124474	-0,124487	0,000000	6,241424	0,511675	0,800585
93,200000	7,516101	7,546943	0,527827	0,095311	2,759190	-13419,834473	-10940,682053	-2985,372962	-12640,341800	-13087,444346	8,996325	231,550733	23,328717	23,837747	26,898119	23,867891	24,168803	-2,909957	1,167846	0,980631	232152,749726	-0,201099	0,000845	1,914669	0,664146	2,037897	-0,124484	-0,124485	0,000000	6,241521	0,511546	0,800597
93,400000	7,516184	7,546765	0,526559	0,094992	2,767242	-13421,196840	-10940,140187	-2985,063538	-12650,297700	-13097,400246	8,994307	231,560819	23,326998	23,837320	26,900379	23,861974	24,168754	-2,909828	1,168912	0,980955	232157,679331	-0,200838	0,000806	1,829128	0,664419	2,037019	-0,124492	-0,124480	0,000000	6,241677	0,512175	0,800617
93,600000	7,515878	7,546560	0,523389	0,094559	2,762473	-13420,380124	-10939,612650	-2984,871748	-12658,730277	-13105,832824	8,992339	231,611794	23,331530	23,837337	26,895144	23,860711	24,167098	-2,910109	1,167709	0,981422	232158,223279	-0,200629	0,000731	1,776451	0,664291	2,034878	-0,124490	-0,124479	0,000000	6,242462	0,513121	0,800718
93,800000	7,515518	7,546352	0,522497	0,094128	2,751409	-13421,028901	-10939,942524	-2985,000596	-12659,881831	-13106,984377	8,990549	231,621567	23,338348	23,838440	26,890244	23,862942	24,164197	-2,910268	1,166549	0,981573	232161,073626	-0,201143	0,000783	1,801835	0,663666	2,033639	-0,124484	-0,124484	0,000000	6,242612	0,512916	0,800737
94,000000	7,515336	7,546565	0,524154	0,094192	2,750896	-13425,939219	-10941,831884	-2985,059083	-12653,724028	-13100,826575	8,988867	231,548157	23,341661	23,841489	26,892861	23,865566	24,163343	-2,910375	1,166941	0,980947	232145,655736	-0,200475	0,000863	1,915669	0,662815	2,034705	-0,124482	-0,124490	0,000000	6,241482	0,511713	0,800592
94,200000	7,514934	7,547023	0,524517	0,094603	2,755355	-13425,938955	-10942,675926	-2985,074959	-12650,206856	-13097,309403	8,986975	231,474951	23,336496	23,841481	26,900846	23,866951	24,166925	-2,910463	1,167131	0,980519	232122,782193	-0,199495	0,000810	1,999724	0,662263	2,036487	-0,124482	-0,124487	0,000000	6,240354	0,511206	0,800447
94,400000	7,514559	7,546987	0,522551	0,095002	2,750957	-13418,172750	-10941,007005	-2985,315300	-12655,073777	-13102,176323	8,984956	231,450617	23,326919	23,837518	26,904977	23,866545	24,173474	-2,910324	1,166668	0,980889	232114,022861	-0,199963	0,000730	1,975027	0,662176	2,036943	-0,124483	-0,124480	0,000000	6,239979	0,511812	0,800399
94,600000	7,514935	7,546287	0,520731	0,095122	2,743605	-13410,014106	-10938,866816	-2985,363404	-12658,931901	-13106,034447	8,983017	231,436913	23,322773	23,834733	26,902579	23,865676	24,176598	-2,910048	1,164991	0,981361	232115,035011	-0,200976	0,000625	1,853057	0,662605	2,036178	-0,124487	-0,124480	0,000000	6,239768	0,512715	0,800372
94,800000	7,515575	7,545609	0,520675	0,094366	2,752928	-13409,731391	-10938,389685	-2985,207169	-12657,532758	-13104,635305	8,981097	231,426459	23,328021	23,834856	26,896069	23,867439	24,171208	-2,909929	1,163285	0,981717	232115,761283	-0,201543	0,000606	1,728496	0,663725	2,035375	-0,124490	-0,124479	0,000000	6,239607	0,513548	0,800352
95,000000	7,515465	7,545577	0,521404	0,094142	2,761546	-13418,835050	-10939,127096	-2984,984849	-12655,691294	-13102,793841	8,979363	231,428451	23,338007	23,836626	26,891207	23,868591	24,161481	-2,910029	1,164043	0,981814	232115,755316	-0,201531	0,000664	1,737268	0,665071	2,034913	-0,124491	-0,124480	0,000000	6,239638	0,514330	0,800356
95,200000	7,515016	7,545974	0,520900	0,095556	2,750711	-13421,652105	-10939,820308	-2984,636395	-12652,414831	-13099,517378	8,977787	231,405508	23,340636	23,838460	26,892750	23,865295	24,156495	-2,910218	1,165742	0,981206	232118,839054	-0,200793	0,000583	1,829708	0,665362	2,035060	-0,124486	-0,124485	0,000000	6,239284	0,514748	0,800310
95,400000	7,514838	7,546240	0,519516	0,095936	2,749048	-13409,307013	-10940,209757	-2984,590304	-12646,726342	-13093,828888	8,975987	231,361277	23,333397	23,838705	26,894206	23,861790	24,161998	-2,910322	1,166470	0,980064	232118,738930	-0,200008	0,000440	1,851881	0,664392	2,035916	-0,124480	-0,124486	0,000000	6,238603	0,514484	0,800223
95,600000	7,514850	7,546007	0,518617	0,094146	2,759702	-13396,530348	-10940,975419	-2984,971510	-12643,834447	-13090,936993	8,973893	231,358801	23,327159	23,837227	26,892340	23,862067	24,173140	-2,910224	1,166104	0,979493	232125,035180	-0,199812	0,000450	1,791766	0,663038	2,036082	-0,124478	-0,124482	0,000000	6,238565	0,513725	0,800218
95,800000	7,514938	7,545486	0,518383	0,092892	2,757250	-13388,678808	-10941,545076	-2985,192718	-12644,963759	-13092,066306	8,971876	231,416923	23,326230	23,836654	26,894275	23,866511	24,179907	-2,910155	1,164812	0,980166	232132,852276	-0,199770	0,000661	1,757872	0,661525	2,035229	-0,124475	-0,124481	0,000000	6,239460	0,512605	0,800333
96,000000	7,514646	7,545318	0,520130	0,093640	2,748978	-13390,208897	-10941,603982	-2984,917850	-12644,244530	-13091,347077	8,970091	231,492322	23,328214	23,837859	26,898906	23,872910	24,177189	-2,910266	1,164709	0,981064	232118,935587	-0,199591	0,000890	1,780578	0,660501	2,035315	-0,124473	-0,124486	0,000000	6,240622	0,511219	0,800482
96,200000	7,514032	7,545482	0,523234	0,094679	2,746521	-13406,287409	-10942,201785	-2984,580750	-12638,938597	-13086,041143	8,968429	231,471755	23,330210	23,838725	26,898882	23,875591	24,167816	-2,910424	1,165878	0,981191	232112,257490	-0,199386	0,000833	1,797508	0,660832	2,036109	-0,124476	-0,124493	0,000000	6,240305	0,510441	0,800441
96,400000	7,513812	7,545507	0,524772	0,095133	2,750181	-13418,068995	-10942,446480	-2984,817264	-12634,980374	-13082,082921	8,966828	231,343834	23,331707	23,839296	26,896144	23,870180	24,160477	-2,910516	1,166521	0,980781	232124,197129	-0,200008	0,000550	1,806881	0,661866	2,036823	-0,124483	-0,124495	0,000000	6,238334	0,510719	0,800188
96,600000	7,513924	7,545375	0,524268	0,095852	2,756529	-13416,268024	-10941,192187	-2985,352072	-12638,075407	-13085,177954	8,965125	231,231069	23,332360	23,839942	26,895916	23,860707	24,160330	-2,910440	1,167575	0,980099	232133,910694	-0,201118	0,000540	1,789262	0,662387	2,037043	-0,124487	-0,124484	0,000000	6,236596	0,511281	0,799965
96,800000	7,513912	7,545199	0,522926	0,095723	2,757328	-13408,863825	-10939,541571	-2985,338508	-12646,283261	-13093,385808	8,963330	231,158240	23,330575	23,839544	26,896216	23,857364	24,165979	-2,910320	1,168337	0,980017	232132,456773	-0,201039	0,000796	1,731864	0,662480	2,035489	-0,124484	-0,124474	0,000000	6,235474	0,511794	0,799821
97,000000	7,513771	7,545073	0,522853	0,094468	2,762562	-13404,219838	-10939,121141	-2984,903281	-12650,244065	-13097,346612	8,961478	231,119092	23,329580	23,838274	26,892983	23,862355	24,171648	-2,910368	1,167377	0,980866	232122,078385	-0,200313	0,001000	1,742024	0,663283	2,034090	-0,124482	-0,124479	0,000000	6,234870	0,512428	0,799744
97,200000	7,513666	7,544837	0,525308	0,094484	2,771714	-13415,507904	-10939,797174	-2984,792797	-12647,036355	-13094,138901	8,959596	231,123413	23,332102	23,838239	26,891115	23,870399	24,172147	-2,910370	1,166388	0,981348	232116,314728	-0,200526	0,000991	1,814880	0,664968	2,034315	-0,124482	-0,124492	0,000000	6,234937	0,512886	0,799753
97,400000	7,513774	7,544587	0,527596	0,095522	2,765047	-13432,342539	-10940,134877	-2984,946767	-12643,036418	-13090,138965	8,957923	231,153697	23,334297	23,839835	26,895836	23,875955	24,170055	-2,910285	1,166459	0,980984	232105,477346	-0,200870	0,000705	1,852435	0,666368	2,036113	-0,124482	-0,124498	0,000000	6,235404	0,513185	0,799812
97,600000	7,513760	7,544680	0,525385	0,095718	2,752836	-13427,917222	-10940,041712	-2985,225908	-12642,371193	-13089,473740	8,956316	231,210950	23,331586	23,839535	26,904891	23,874429	24,168234	-2,910307	1,167266	0,980662	232090,299682	-0,200671	0,000508	1,898727	0,666836	2,037491	-0,124484	-0,124496	0,000000	6,236286	0,514312	0,799926
97,800000	7,513486	7,544637	0,519610	0,095132	2,755432	-13406,378189	-10939,637976	-2985,520223	-12649,616731	-13096,719278	8,954540	231,253176	23,327302	23,837014	26,905360	23,867351	24,165877	-2,910240	1,167319	0,980665	232083,603202	-0,200743	0,000533	1,951887	0,666891	2,036730	-0,124489	-0,124487	0,000000	6,236937	0,516313	0,800009
98,000000	7,513408	7,544260	0,515630	0,094550	2,760201	-13390,892503	-10938,812398	-2985,334345	-12661,521451	-13108,623998	8,952703	231,232994	23,328785	23,836016	26,895275	23,860582	24,165047	-2,910020	1,166329	0,980850	232091,759809	-0,200675	0,000668	1,952601	0,666964	2,035315	-0,124489	-0,124475	0,000000	6,236626	0,517688	0,799969
98,200000	7,513436	7,544104	0,516113	0,094480	2,747333	-13394,730025	-10939,777507	-2984,904550	-12666,854879	-13113,957425	8,950819	231,177953	23,334375	23,837028	26,888981	23,859232	24,165619	-2,910110	1,166593	0,981081	232102,783148	-0,200598	0,000840	1,921980	0,666757	2,033747	-0,124484	-0,124472	0,000000	6,235778	0,517340	0,799860
98,400000	7,513271	7,544469	0,519469	0,094623	2,732485	-13414,301823	-10942,708001	-2984,699942	-12663,421846	-13110,524393	8,948966	231,124910	23,335866	23,838869	26,887752	23,863030	24,166748	-2,910503	1,166870	0,980737	232090,604704	-0,200355	0,000715	1,856025	0,666166	2,033803	-0,124480	-0,124480	0,000000	6,234960	0,515756	0,799756
98,600000	7,513011	7,544905	0,521776	0,094768	2,744425	-13433,020071	-10944,361168	-2984,790780	-12658,269660	-13105,372206	8,947221	231,095510	23,331947	23,841154	26,890740	23,867377	24,168627	-2,910567	1,166002	0,980205	232081,263201	-0,199759	0,000371	1,818422	0,665399	2,035780	-0,124480	-0,124491	0,000000	6,234507	0,514408	0,799697
98,800000	7,512887	7,544746	0,521009	0,095034	2,760117	-13437,583372	-10943,586769	-2985,235070	-12662,800829	-13109,903376	8,945461	231,107633	23,328166	23,842179	26,896717	23,869994	24,170035	-2,910416	1,166452	0,979793	232097,442702	-0,200451	0,000350	1,903178	0,664334	2,037346	-0,124485	-0,124493	0,000000	6,234694	0,513843	0,799721
99,000000	7,512768	7,544311	0,518309	0,094649	2,752361	-13430,324917	-10942,149214	-2985,671821	-12678,127551	-13125,230098	8,943707	231,137773	23,326030	23,839485	26,902952	23,869651	24,172025	-2,910282	1,167356	0,979572	232107,694064	-0,201853	0,000545	2,024144	0,663091	2,037194	-0,124490	-0,124485	0,000000	6,235158	0,513783	0,799781
99,200000	7,512642	7,544130	0,516322	0,093975	2,754512	-13427,392228	-10941,300122	-2985,469672	-12690,920969	-13138,023516	8,941971	231,161193	23,323835	23,835264	26,902157	23,866665	24,172522	-2,910132	1,167573	0,980127	232096,709133	-0,201666	0,000577	2,025714	0,662105	2,035659	-0,124490	-0,124478	0,000000	6,235519	0,513687	0,799827
99,400000	7,512667	7,544018	0,516963	0,094346	2,768869	-13437,631859	-10940,878355	-2984,872897	-12693,063513	-13140,166060	8,940227	231,192178	23,326931	23,835025	26,888868	23,864747	24,168184	-2,910203	1,168195	0,981084	232085,385854	-0,200627	0,000772	1,909955	0,661692	2,034576	-0,124484	-0,124477	0,000000	6,235997	0,513120	0,799889
99,600000	7,512409	7,543720	0,519716	0,094902	2,763174	-13454,506042	-10941,571435	-2984,674557	-12689,519197	-13136,621744	8,938549	231,211443	23,335872	23,838185	26,880071	23,866282	24,159625	-2,910323	1,168106	0,981415	232098,547628	-0,200471	0,000970	1,788024	0,661824	2,034478	-0,124480	-0,124478	0,000000	6,236294	0,512253	0,799927
99,800000	7,511882	7,543570	0,522488	0,095184	2,748529	-13470,632267	-10942,570461	-2984,854754	-12685,703908	-13132,806454	8,936852	231,235665	23,340050	23,840201	26,883222	23,867102	24,156982	-2,910278	1,167171	0,980760	232129,874587	-0,200688	0,000732	1,704642	0,662210	2,035037	-0,124483	-0,124482	0,000000	6,236667	0,511612	0,799974
100,000000	7,511737	7,543884	0,522415	0,095849	2,743048	-13472,640534	-10941,964089	-2985,089020	-12680,005924	-13127,108471	8,935150	231,307176	23,335130	23,840073	26,889626	23,863803	24,167052	-2,910207	1,166580	0,980476	232150,062598	-0,200767	0,000543	1,670500	0,662469	2,035780	-0,124485	-0,124488	0,000000	6,237769	0,511866	0,800116
100,200000	7,511995	7,544008	0,520240	0,095787	2,750035	-13448,973213	-10941,139686	-2985,364189	-12673,302164	-13120,404711	8,933304	231,386927	23,326759	23,839295	26,896098	23,862438	24,176232	-2,910231	1,166388	0,981184	232154,562998	-0,200927	0,000617	1,754035	0,662393	2,036095	-0,124484	-0,124488	0,000000	6,238998	0,512561	0,800273
100,400000	7,512207	7,543432	0,520002	0,094979	2,757031	-13421,725994	-10941,157667	-2985,433566	-12665,502205	-13112,604752	8,931238	231,430442	23,324305	23,838771	26,899689	23,865702	24,175573	-2,910308	1,166608	0,981293	232150,021185	-0,201027	0,000715	1,910962	0,662203	2,036053	-0,124482	-0,124483	0,000000	6,239668	0,512466	0,800359
100,600000	7,512071	7,542978	0,522345	0,095016	2,750214	-13415,818303	-10941,241278	-2985,256608	-12652,438515	-13099,541062	8,929405	231,432372	23,329103	23,839090	26,899535	23,869167	24,169675	-2,910363	1,166433	0,980965	232133,132690	-0,201123	0,000826	1,970819	0,661920	2,035622	-0,124481	-0,124481	0,000000	6,239698	0,511430	0,800363
100,800000	7,511628	7,543079	0,523703	0,095648	2,751414	-13418,429054	-10941,645082	-2985,381269	-12639,265888	-13086,368434	8,927827	231,434932	23,334896	23,840430	26,897441	23,869687	24,162014	-2,910351	1,166099	0,980925	232116,325949	-0,201559	0,000852	1,933290	0,661445	2,035179	-0,124486	-0,124487	0,000000	6,239738	0,510607	0,800368
101,000000	7,511246	7,543194	0,521144	0,095724	2,766639	-13408,784661	-10942,251798	-2985,790377	-12634,105918	-13081,208465	8,926229	231,460434	23,336980	23,841064	26,894304	23,865434	24,157082	-2,910313	1,166022	0,980588	232105,861024	-0,201980	0,000855	1,894832	0,661306	2,035668	-0,124490	-0,124488	0,000000	6,240130	0,511360	0,800419
101,200000	7,511259	7,543124	0,517667	0,095292	2,766103	-13388,577584	-10942,272315	-2985,866530	-12635,924376	-13083,026923	8,924492	231,472473	23,333674	23,840267	26,893223	23,858478	24,160205	-2,910313	1,165516	0,980262	232089,462706	-0,201353	0,000929	1,880100	0,661701	2,036132	-0,124487	-0,124481	0,000000	6,240316	0,512833	0,800443
101,400000	7,511379	7,542891	0,518224	0,095160	2,751295	-13383,392887	-10940,860562	-2985,700878	-12642,026812	-13089,129359	8,922570	231,449284	23,329657	23,839525	26,893405	23,857447	24,170187	-2,910324	1,165913	0,980433	232079,113495	-0,200497	0,001002	1,884271	0,661994	2,035756	-0,124482	-0,124478	0,000000	6,239959	0,512860	0,800397
101,600000	7,511131	7,542521	0,521427	0,094770	2,747960	-13404,566045	-10940,055694	-2985,414736	-12646,508563	-13093,611110	8,920656	231,433965	23,327697	23,839249	26,893210	23,866728	24,176786	-2,910323	1,166449	0,980782	232079,127564	-0,200499	0,000946	1,869494	0,661988	2,035283	-0,124478	-0,124483	0,000000	6,239723	0,511752	0,800366
101,800000	7,510846	7,542132	0,522855	0,094119	2,752802	-13423,378630	-10941,455129	-2985,014457	-12641,544656	-13088,647203	8,919018	231,470694	23,327717	23,838665	26,895666	23,876408	24,173703	-2,910309	1,165695	0,980764	232075,963516	-0,200692	0,000580	1,857621	0,662147	2,035499	-0,124480	-0,124491	0,000000	6,240289	0,511377	0,800439
102,000000	7,510800	7,541925	0,521719	0,094853	2,746921	-13420,125342	-10942,465498	-2984,997472	-12632,065190	-13079,167737	8,917610	231,508812	23,329460	23,838039	26,899328	23,876197	24,167567	-2,910253	1,166585	0,980647	232087,291252	-0,200764	0,000325	1,869085	0,662824	2,037016	-0,124483	-0,124491	0,000000	6,240876	0,512277	0,800514
102,200000	7,510718	7,541978	0,519701	0,096053	2,738841	-13403,788979	-10941,866486	-2985,141902	-12630,729378	-13077,831924	8,916077	231,515245	23,330423	23,837986	26,899393	23,868617	24,164837	-2,910173	1,168378	0,980459	232109,416622	-0,200699	0,000444	1,868259	0,663907	2,037733	-0,124489	-0,124482	0,000000	6,240975	0,513800	0,800527
102,400000	7,510682	7,542159	0,518131	0,095789	2,751068	-13386,617719	-10940,250323	-2985,122919	-12638,869975	-13085,972522	8,914297	231,527677	23,330977	23,836705	26,897673	23,860649	24,165501	-2,910177	1,168038	0,980356	232105,417723	-0,201160	0,000589	1,882875	0,664905	2,036471	-0,124492	-0,124473	0,000000	6,241166	0,515115	0,800552
102,600000	7,510822	7,542038	0,518011	0,094406	2,762191	-13381,173936	-10938,771663	-2985,230862	-12645,693000	-13092,795547	8,912369	231,554371	23,331474	23,835403	26,896660	23,856938	24,166990	-2,910094	1,167151	0,980784	232103,104225	-0,202253	0,000759	1,917517	0,665409	2,034349	-0,124489	-0,124474	0,000000	6,241578	0,515539	0,800604
102,800000	7,510832	7,541579	0,518543	0,093439	2,749865	-13392,304226	-10939,162092	-2985,403912	-12645,311804	-13092,414351	8,910386	231,566403	23,332917	23,837627	26,891479	23,861379	24,167914	-2,909909	1,166361	0,980655	232122,351428	-0,202729	0,000987	1,943365	0,665496	2,033515	-0,124486	-0,124477	0,000000	6,241763	0,515385	0,800628
103,000000	7,510466	7,541405	0,517432	0,094078	2,745911	-13403,205885	-10940,975436	-2985,683445	-12642,482744	-13089,585291	8,908548	231,566646	23,334997	23,840590	26,886233	23,870273	24,167539	-2,910063	1,165801	0,980062	232118,868253	-0,202604	0,000956	1,944081	0,665191	2,034633	-0,124482	-0,124478	0,000000	6,241767	0,515501	0,800629
103,200000	7,510038	7,541614	0,515007	0,095593	2,756078	-13398,276248	-10942,264899	-2986,011113	-12641,447429	-13088,549975	8,906934	231,534972	23,332799	23,840358	26,892345	23,873980	24,164925	-2,910391	1,166377	0,979810	232097,506847	-0,202558	0,000658	1,889186	0,664219	2,035607	-0,124477	-0,124482	0,000000	6,241279	0,515596	0,800566
103,400000	7,510139	7,541755	0,513873	0,096281	2,753627	-13389,438564	-10942,298507	-2985,877932	-12643,780067	-13090,882613	8,905342	231,422770	23,326600	23,838439	26,903665	23,869512	24,165859	-2,910340	1,166245	0,979545	232094,519821	-0,202099	0,000462	1,815977	0,662947	2,036768	-0,124476	-0,124484	0,000000	6,239550	0,515026	0,800344
103,600000	7,510586	7,541635	0,515672	0,095769	2,742624	-13402,069582	-10941,222407	-2985,434904	-12652,327926	-13099,430473	8,903644	231,292965	23,322730	23,837556	26,904776	23,863569	24,169450	-2,910126	1,165844	0,979814	232094,672173	-0,200896	0,000486	1,787812	0,662167	2,037280	-0,124479	-0,124482	0,000000	6,237550	0,513805	0,800088
103,800000	7,510738	7,541280	0,517921	0,094790	2,737005	-13429,235949	-10940,336795	-2985,108337	-12662,894153	-13109,996700	8,902012	231,210096	23,325055	23,836527	26,894010	23,863101	24,166789	-2,910205	1,166362	0,980579	232086,060425	-0,199835	0,000561	1,731566	0,661730	2,035644	-0,124484	-0,124481	0,000000	6,236273	0,512667	0,799924
104,000000	7,510314	7,540791	0,516875	0,094448	2,745550	-13437,835078	-10940,505913	-2985,000575	-12667,036051	-13114,138598	8,900377	231,173391	23,330943	23,836796	26,881333	23,865872	24,162535	-2,910486	1,166463	0,980691	232091,048231	-0,199934	0,000615	1,683827	0,661314	2,033903	-0,124487	-0,124486	0,000000	6,235707	0,512647	0,799851
104,200000	7,509412	7,540538	0,513771	0,094567	2,758271	-13429,336406	-10940,810990	-2984,986874	-12664,903250	-13112,005797	8,898569	231,172203	23,335042	23,840774	26,877957	23,868467	24,161468	-2,910579	1,165995	0,980411	232100,955267	-0,200921	0,000675	1,763767	0,661205	2,034024	-0,124490	-0,124485	0,000000	6,235689	0,513585	0,799849
104,400000	7,508779	7,540543	0,512513	0,094691	2,752663	-13423,282785	-10939,508487	-2984,805302	-12665,590084	-13112,692631	8,896733	231,133432	23,334255	23,842861	26,884965	23,869639	24,162739	-2,910277	1,165202	0,980720	232098,591216	-0,201351	0,000672	1,806636	0,661478	2,035319	-0,124493	-0,124479	0,000000	6,235091	0,514234	0,799772
104,600000	7,508754	7,540630	0,515631	0,095243	2,746287	-13429,513517	-10938,301458	-2984,613084	-12672,514512	-13119,617059	8,894986	231,026236	23,326459	23,840068	26,895239	23,867608	24,167728	-2,909889	1,165306	0,981018	232088,014510	-0,200910	0,000578	1,763666	0,662136	2,036324	-0,124491	-0,124480	0,000000	6,233439	0,513713	0,799560
104,800000	7,509120	7,540694	0,520664	0,095577	2,754393	-13450,117942	-10939,804310	-2984,777034	-12677,486026	-13124,588572	8,893388	230,939139	23,317131	23,836862	26,902162	23,865045	24,174365	-2,909827	1,165646	0,980882	232077,521036	-0,200738	0,000566	1,746254	0,663502	2,036425	-0,124485	-0,124483	0,000000	6,232096	0,513090	0,799388
105,000000	7,509725	7,540495	0,522254	0,094711	2,754456	-13463,760049	-10940,974571	-2985,143503	-12676,985581	-13124,088128	8,891665	230,917834	23,318156	23,836212	26,899707	23,866232	24,175582	-2,910015	1,164803	0,980951	232078,419866	-0,201030	0,000667	1,728900	0,665743	2,035731	-0,124484	-0,124482	0,000000	6,231767	0,514270	0,799346
105,200000	7,509878	7,540031	0,519520	0,093606	2,744912	-13451,725639	-10940,481335	-2985,417672	-12673,220703	-13120,323250	8,889894	230,924635	23,328019	23,837117	26,892731	23,868410	24,166356	-2,910261	1,165500	0,981178	232084,687046	-0,201132	0,000739	1,747705	0,667861	2,034981	-0,124487	-0,124485	0,000000	6,231872	0,516793	0,799359
105,400000	7,509297	7,539787	0,515716	0,094314	2,746722	-13427,495214	-10940,427614	-2985,398151	-12668,167091	-13115,269638	8,888337	230,958670	23,334870	23,838323	26,889100	23,865837	24,156359	-2,910448	1,167274	0,981449	232081,816581	-0,201195	0,000710	1,807194	0,668710	2,034825	-0,124487	-0,124483	0,000000	6,232397	0,518726	0,799427
105,600000	7,508721	7,539875	0,514725	0,095863	2,757829	-13414,143893	-10940,180025	-2985,244750	-12665,577995	-13112,680542	8,886653	231,010305	23,333607	23,839059	26,887454	23,860920	24,155325	-2,910404	1,167277	0,981318	232086,012231	-0,201553	0,000536	1,840539	0,668385	2,035115	-0,124485	-0,124475	0,000000	6,233193	0,518815	0,799529
105,800000	7,508599	7,539897	0,517304	0,095847	2,754273	-13418,594740	-10939,632506	-2985,489058	-12667,255966	-13114,358512	8,884836	231,010007	23,328212	23,838174	26,888225	23,859011	24,162047	-2,910360	1,166991	0,980436	232098,628466	-0,201842	0,000423	1,839132	0,667704	2,035293	-0,124484	-0,124474	0,000000	6,233188	0,517409	0,799528
106,000000	7,508857	7,539961	0,520148	0,094969	2,739938	-13429,953649	-10939,824125	-2985,702631	-12668,056979	-13115,159525	8,883210	230,954149	23,323906	23,837286	26,893232	23,861389	24,171896	-2,910536	1,166661	0,979932	232090,823181	-0,201599	0,000559	1,829788	0,667538	2,035284	-0,124480	-0,124478	0,000000	6,232327	0,516326	0,799418
106,200000	7,509194	7,539954	0,520982	0,094932	2,745811	-13431,572153	-10940,165883	-2985,363157	-12661,565582	-13108,668128	8,881815	230,914443	23,323272	23,838210	26,895835	23,867396	24,176497	-2,910617	1,165847	0,980531	232074,749552	-0,200842	0,000742	1,877497	0,667893	2,035045	-0,124477	-0,124480	0,000000	6,231715	0,516320	0,799339
106,400000	7,509350	7,539690	0,520279	0,095215	2,757519	-13425,524490	-10941,003241	-2984,846342	-12649,992231	-13097,094778	8,880247	230,930117	23,326357	23,838963	26,892645	23,872792	24,171965	-2,910489	1,166404	0,981196	232078,243836	-0,200182	0,000704	2,007118	0,667910	2,035326	-0,124479	-0,124483	0,000000	6,231957	0,516549	0,799370
106,600000	7,509243	7,539448	0,518279	0,095457	2,750060	-13414,736722	-10942,463944	-2984,494699	-12640,750463	-13087,853009	8,878368	230,976322	23,328568	23,838491	26,891970	23,871651	24,163320	-2,910426	1,167187	0,981076	232091,004519	-0,199777	0,000481	2,097563	0,667173	2,036247	-0,124480	-0,124488	0,000000	6,232669	0,516643	0,799462
106,800000	7,508808	7,539323	0,516433	0,096217	2,749302	-13399,179434	-10942,471014	-2984,658549	-12641,840366	-13088,942913	8,876507	230,993732	23,329142	23,838219	26,894154	23,864060	24,158806	-2,910393	1,167031	0,980589	232096,310593	-0,199990	0,000452	2,022445	0,665964	2,036394	-0,124482	-0,124484	0,000000	6,232938	0,516332	0,799496
107,000000	7,508387	7,539389	0,516901	0,096243	2,758917	-13399,600134	-10941,111255	-2985,236106	-12652,271106	-13099,373652	8,874722	230,953504	23,329007	23,838368	26,891732	23,857225	24,161283	-2,910315	1,167097	0,980128	232091,112036	-0,200893	0,000684	1,902726	0,664750	2,035789	-0,124486	-0,124472	0,000000	6,232317	0,515232	0,799417
107,200000	7,508330	7,539540	0,517738	0,094803	2,756154	-13412,696253	-10941,052533	-2985,352079	-12660,885398	-13107,987945	8,872963	230,902529	23,326955	23,838480	26,887418	23,856682	24,165192	-2,910316	1,166504	0,979697	232082,604526	-0,201113	0,000892	1,925960	0,663928	2,035048	-0,124482	-0,124468	0,000000	6,231531	0,514312	0,799316
107,400000	7,508438	7,539518	0,517360	0,094143	2,749081	-13412,913462	-10941,793684	-2985,069956	-12657,353461	-13104,456007	8,871285	230,896932	23,327084	23,838952	26,884786	23,861952	24,166539	-2,910327	1,165118	0,979691	232088,599498	-0,201039	0,000880	2,017741	0,663530	2,035166	-0,124477	-0,124474	0,000000	6,231445	0,514125	0,799305
107,600000	7,508436	7,539364	0,516825	0,095434	2,745664	-13407,017002	-10941,863678	-2984,943852	-12645,020261	-13092,122808	8,869683	230,904736	23,329851	23,840661	26,884666	23,870112	24,165381	-2,910314	1,165165	0,980017	232099,299637	-0,201291	0,000612	2,001411	0,663416	2,036232	-0,124478	-0,124481	0,000000	6,231565	0,514205	0,799320
107,800000	7,508240	7,539094	0,516294	0,096565	2,746611	-13404,428395	-10943,033726	-2984,936988	-12639,699358	-13086,801904	8,868053	230,908442	23,330078	23,840816	26,889596	23,875129	24,163095	-2,910308	1,166673	0,979820	232096,323916	-0,201175	0,000376	1,893175	0,663721	2,036771	-0,124486	-0,124489	0,000000	6,231622	0,514614	0,799327
108,000000	7,507856	7,538803	0,517187	0,096027	2,750179	-13400,510001	-10944,014245	-2985,033362	-12643,757356	-13090,859903	8,866320	231,019742	23,326255	23,837420	26,895769	23,871080	24,161713	-2,910202	1,167598	0,979393	232081,322915	-0,201282	0,000294	1,833650	0,664608	2,036604	-0,124493	-0,124489	0,000000	6,233339	0,514997	0,799548
108,200000	7,507554	7,538615	0,519728	0,095057	2,746715	-13405,659194	-10941,703553	-2985,068175	-12650,098838	-13097,201385	8,864570	231,240993	23,323463	23,835835	26,896704	23,862374	24,162501	-2,910122	1,167450	0,979962	232065,251850	-0,201817	0,000455	1,851603	0,665570	2,035607	-0,124493	-0,124480	0,000000	6,236749	0,514873	0,799985
108,400000	7,507505	7,538523	0,520453	0,094859	2,747769	-13417,659800	-10939,469437	-2984,983815	-12656,544096	-13103,646642	8,862950	231,371764	23,327402	23,838072	26,889476	23,858640	24,164544	-2,910296	1,167479	0,981166	232065,940529	-0,201600	0,000888	1,924083	0,665991	2,034007	-0,124485	-0,124473	0,000000	6,238764	0,514931	0,800244
108,600000	7,507522	7,538519	0,518685	0,094906	2,758915	-13421,361963	-10940,191596	-2984,725671	-12656,603285	-13103,705832	8,861511	231,384066	23,333199	23,840539	26,879314	23,861771	24,164686	-2,910629	1,167735	0,981465	232084,302045	-0,200061	0,001131	1,984974	0,665989	2,033301	-0,124476	-0,124475	0,000000	6,238954	0,515507	0,800268
108,800000	7,507496	7,538469	0,517207	0,094937	2,759417	-13416,731218	-10941,134395	-2984,311018	-12646,677960	-13093,780507	8,860190	231,397599	23,332845	23,841787	26,878446	23,865251	24,163795	-2,910781	1,167221	0,980677	232091,060822	-0,198397	0,001031	1,953766	0,665544	2,034625	-0,124472	-0,124480	0,000000	6,239162	0,515658	0,800295
109,000000	7,507525	7,538417	0,517689	0,095177	2,748637	-13410,532118	-10940,749104	-2984,598618	-12638,410404	-13085,512951	8,858606	231,421918	23,327019	23,842737	26,888534	23,865360	24,165444	-2,910574	1,166668	0,979982	232081,571951	-0,198656	0,000809	1,893892	0,664234	2,036896	-0,124477	-0,124485	0,000000	6,239537	0,514492	0,800343
109,200000	7,507635	7,538489	0,519757	0,095568	2,744774	-13413,946995	-10939,947221	-2985,288687	-12641,950411	-13089,052958	8,856758	231,431081	23,321299	23,842100	26,899258	23,864187	24,170093	-2,910260	1,166283	0,979688	232084,851872	-0,199976	0,000492	1,864475	0,662424	2,037713	-0,124485	-0,124488	0,000000	6,239678	0,512415	0,800361
109,400000	7,507780	7,538362	0,521587	0,095704	2,748758	-13428,974312	-10940,008299	-2985,295889	-12652,703921	-13099,806468	8,855049	231,424611	23,319674	23,837390	26,901739	23,861949	24,173079	-2,910073	1,165864	0,979566	232088,359897	-0,200430	0,000219	1,885047	0,661170	2,036724	-0,124489	-0,124489	0,000000	6,239579	0,510835	0,800348
109,600000	7,507753	7,537875	0,521543	0,095358	2,746596	-13440,409079	-10941,333678	-2985,044318	-12660,158274	-13107,260821	8,853416	231,419007	23,322568	23,833974	26,895558	23,861064	24,168741	-2,910038	1,166684	0,980026	232068,682317	-0,200501	0,000314	1,930841	0,660792	2,035274	-0,124487	-0,124486	0,000000	6,239492	0,510524	0,800337
109,800000	7,507367	7,537591	0,519397	0,095171	2,740532	-13438,138193	-10942,091855	-2984,921121	-12658,661923	-13105,764470	8,851863	231,427323	23,329741	23,836600	26,886287	23,863421	24,161474	-2,910279	1,167102	0,980729	232044,201959	-0,200334	0,000588	1,926305	0,660717	2,034813	-0,124480	-0,124484	0,000000	6,239620	0,511150	0,800353
110,000000	7,506890	7,537766	0,517296	0,095042	2,749605	-13423,618321	-10941,642143	-2984,776323	-12651,760398	-13098,862945	8,850507	231,448517	23,335801	23,840014	26,880397	23,865041	24,159067	-2,910580	1,165971	0,980891	232032,858747	-0,199875	0,000801	1,888397	0,660452	2,035378	-0,124476	-0,124486	0,000000	6,239947	0,511647	0,800395
110,200000	7,506674	7,537958	0,518442	0,095368	2,758174	-13411,744785	-10941,443673	-2984,803883	-12645,711721	-13092,814268	8,849172	231,461841	23,332952	23,840663	26,884666	23,863557	24,164034	-2,910466	1,165538	0,980659	232031,200889	-0,199667	0,000906	1,880904	0,660036	2,035881	-0,124481	-0,124489	0,000000	6,240152	0,510957	0,800422
110,400000	7,506797	7,537934	0,521902	0,095647	2,747280	-13415,791860	-10941,440870	-2985,233378	-12643,028105	-13090,130652	8,847489	231,461694	23,324435	23,839518	26,895343	23,861420	24,173694	-2,910210	1,165020	0,980560	232044,767164	-0,199949	0,000853	1,893612	0,659852	2,036205	-0,124484	-0,124487	0,000000	6,240150	0,509671	0,800421
110,600000	7,506992	7,537680	0,523014	0,094064	2,747264	-13419,785445	-10941,354550	-2985,583923	-12643,414497	-13090,517044	8,845499	231,472764	23,319302	23,837358	26,901434	23,862703	24,177933	-2,910202	1,164095	0,980452	232063,664351	-0,200392	0,000733	1,898396	0,660127	2,035996	-0,124481	-0,124482	0,000000	6,240320	0,509510	0,800443
110,800000	7,507133	7,537218	0,520451	0,093184	2,760643	-13409,200850	-10941,429733	-2985,302252	-12642,978647	-13090,081194	8,843721	231,506918	23,321487	23,836265	26,898241	23,866921	24,172354	-2,910280	1,164551	0,980092	232071,328962	-0,200456	0,000548	1,878935	0,660778	2,035273	-0,124479	-0,124484	0,000000	6,240847	0,510841	0,800511
111,000000	7,507083	7,536965	0,517866	0,094650	2,758697	-13395,328634	-10941,915283	-2984,807564	-12637,647446	-13084,749993	8,842181	231,552099	23,326904	23,837356	26,891137	23,869234	24,161698	-2,910190	1,165600	0,979752	232057,014974	-0,200328	0,000383	1,866714	0,661616	2,035056	-0,124484	-0,124490	0,000000	6,241543	0,512331	0,800600
111,200000	7,506560	7,537134	0,519298	0,095730	2,748738	-13392,296863	-10942,778046	-2984,689427	-12632,497908	-13079,600455	8,840558	231,573776	23,330138	23,839164	26,888278	23,866445	24,153758	-2,910090	1,166536	0,979862	232029,666204	-0,200205	0,000370	1,897988	0,662313	2,035266	-0,124488	-0,124490	0,000000	6,241876	0,512389	0,800643
111,400000	7,505974	7,537212	0,523405	0,095184	2,745700	-13404,692877	-10942,846204	-2985,019686	-12634,610557	-13081,713104	8,838787	231,564025	23,330062	23,839737	26,889099	23,860232	24,156216	-2,910284	1,167001	0,980303	232031,127492	-0,200429	0,000561	1,891037	0,662585	2,035285	-0,124487	-0,124479	0,000000	6,241726	0,511223	0,800623
111,600000	7,505914	7,537011	0,524419	0,094105	2,752790	-13421,039587	-10941,449203	-2985,431264	-12641,560150	-13088,662697	8,837032	231,541949	23,327354	23,838548	26,889037	23,857015	24,165461	-2,910416	1,166463	0,980638	232049,042159	-0,201369	0,000823	1,833865	0,662611	2,035381	-0,124485	-0,124470	0,000000	6,241386	0,510892	0,800580
111,800000	7,506269	7,536798	0,521391	0,093896	2,760150	-13421,819699	-10940,137935	-2985,619682	-12647,945019	-13095,047565	8,835360	231,538490	23,326052	23,837070	26,887713	23,861384	24,171937	-2,910186	1,165724	0,980647	232043,889755	-0,202253	0,000884	1,806154	0,662587	2,035072	-0,124485	-0,124470	0,000000	6,241333	0,511878	0,800573
112,000000	7,506307	7,536733	0,519120	0,094315	2,755084	-13410,635512	-10941,011257	-2985,354565	-12648,252880	-13095,355427	8,833745	231,564204	23,327019	23,837240	26,888933	23,868878	24,170762	-2,910165	1,165290	0,980392	232008,790008	-0,201643	0,000778	1,836985	0,662394	2,034404	-0,124483	-0,124477	0,000000	6,241729	0,512493	0,800624
112,200000	7,505917	7,536846	0,520707	0,094774	2,753506	-13407,536350	-10942,209807	-2985,003961	-12644,608279	-13091,710826	8,832243	231,583895	23,327736	23,838818	26,891770	23,871996	24,164236	-2,910430	1,165881	0,980411	231980,526886	-0,200723	0,000782	1,875817	0,662152	2,035190	-0,124483	-0,124484	0,000000	6,242032	0,511780	0,800663
112,400000	7,505732	7,536938	0,525052	0,095677	2,763148	-13419,760559	-10941,820349	-2985,187047	-12649,231091	-13096,333637	8,830838	231,590530	23,329789	23,839769	26,892174	23,868401	24,159561	-2,910344	1,166909	0,980497	232000,818799	-0,201245	0,000927	1,871957	0,661775	2,036677	-0,124484	-0,124485	0,000000	6,242134	0,510035	0,800676
112,600000	7,505813	7,536850	0,528722	0,096052	2,763476	-13442,188305	-10940,406562	-2985,451087	-12662,951187	-13110,053734	8,829412	231,569370	23,330446	23,838852	26,893469	23,859956	24,159954	-2,910083	1,166410	0,980257	232025,678817	-0,202089	0,000978	1,895905	0,660899	2,036529	-0,124486	-0,124484	0,000000	6,241809	0,508135	0,800634
112,800000	7,505756	7,536498	0,529082	0,094893	2,753408	-13457,060054	-10938,993175	-2985,472557	-12671,278310	-13118,380857	8,827931	231,477991	23,326961	23,836732	26,895160	23,852186	24,164427	-2,910076	1,166689	0,979943	232026,433102	-0,202170	0,000708	1,908619	0,660339	2,034731	-0,124488	-0,124484	0,000000	6,240401	0,507570	0,800453
113,000000	7,505392	7,536058	0,526316	0,093930	2,755012	-13447,375513	-10939,529886	-2985,296720	-12666,027464	-13113,130011	8,826252	231,357195	23,324832	23,836682	26,890149	23,852380	24,168481	-2,910162	1,167972	0,979651	232050,558037	-0,201400	0,000295	1,852041	0,661317	2,033868	-0,124487	-0,124484	0,000000	6,238540	0,509209	0,800215
113,200000	7,504972	7,535768	0,523359	0,094456	2,767581	-13421,997169	-10941,021241	-2985,044607	-12655,441729	-13102,544276	8,824271	231,297255	23,329216	23,839079	26,885820	23,862139	24,167442	-2,910206	1,167392	0,979809	232088,403735	-0,200709	0,000286	1,861871	0,663060	2,034355	-0,124483	-0,124483	0,000000	6,237616	0,511513	0,800096
113,400000	7,504594	7,535703	0,523488	0,095202	2,764812	-13397,416858	-10941,116403	-2984,939096	-12638,863486	-13085,966033	8,822437	231,324356	23,334115	23,839962	26,888804	23,870911	24,164810	-2,910356	1,167038	0,980511	232091,735345	-0,200759	0,000654	1,924288	0,663970	2,034927	-0,124478	-0,124484	0,000000	6,238034	0,512171	0,800150
113,600000	7,504422	7,535695	0,525438	0,095013	2,748476	-13374,994207	-10940,087674	-2985,136442	-12610,411196	-13057,513743	8,821005	231,359865	23,329211	23,838156	26,893815	23,870277	24,165804	-2,910305	1,167145	0,980896	232089,309173	-0,201400	0,000816	1,954805	0,664190	2,036376	-0,124478	-0,124487	0,000000	6,238581	0,511697	0,800220
113,800000	7,504616	7,535625	0,525364	0,094698	2,750515	-13350,289279	-10939,807574	-2985,551408	-12585,482640	-13032,585187	8,819531	231,328589	23,321444	23,836177	26,897109	23,865175	24,167982	-2,910022	1,166772	0,980485	232100,428599	-0,202083	0,000621	1,990314	0,664740	2,037729	-0,124486	-0,124486	0,000000	6,238099	0,512151	0,800158
114,000000	7,504615	7,535545	0,523454	0,094891	2,760166	-13330,128976	-10940,850937	-2985,698461	-12579,882787	-13026,985334	8,817796	231,250531	23,321447	23,835601	26,894410	23,861160	24,165162	-2,910022	1,167258	0,979967	232095,290168	-0,202147	0,000443	1,998271	0,665579	2,036818	-0,124491	-0,124482	0,000000	6,236896	0,513432	0,800004
114,200000	7,504308	7,535289	0,521823	0,095013	2,750615	-13326,806684	-10941,631513	-2985,339118	-12588,243220	-13035,345767	8,816153	231,181225	23,327510	23,836660	26,886596	23,861362	24,159590	-2,910253	1,167054	0,980087	232077,771631	-0,201583	0,000625	1,970483	0,666049	2,034286	-0,124489	-0,124477	0,000000	6,235828	0,514315	0,799867
114,400000	7,504056	7,535032	0,521528	0,094897	2,745882	-13338,415326	-10940,898542	-2984,820648	-12596,175574	-13043,278121	8,814784	231,177041	23,334980	23,839833	26,880146	23,864690	24,158740	-2,910454	1,166590	0,980532	232052,600784	-0,200873	0,000925	1,985062	0,665963	2,033482	-0,124486	-0,124478	0,000000	6,235764	0,514316	0,799859
114,600000	7,504118	7,535101	0,522718	0,094891	2,756652	-13356,859115	-10939,792819	-2984,518207	-12599,651008	-13046,753555	8,813453	231,195756	23,336017	23,843353	26,882850	23,865995	24,162651	-2,910498	1,167535	0,980620	232026,941497	-0,200305	0,000989	1,990600	0,665752	2,035284	-0,124482	-0,124480	0,000000	6,236052	0,513753	0,799896
114,800000	7,504412	7,535386	0,522674	0,095103	2,761345	-13373,183899	-10940,861382	-2984,522093	-12607,981983	-13055,084530	8,811821	231,169640	23,328076	23,843382	26,892648	23,864554	24,167300	-2,910446	1,167817	0,980300	232020,635479	-0,200053	0,000845	1,889366	0,665913	2,036926	-0,124476	-0,124479	0,000000	6,235649	0,513926	0,799844
115,000000	7,504545	7,535620	0,520601	0,095525	2,757328	-13378,475088	-10942,453979	-2985,002609	-12622,569312	-13069,671859	8,810030	231,130585	23,318772	23,839929	26,897877	23,861707	24,171517	-2,910398	1,166990	0,980061	232039,076185	-0,200516	0,000669	1,756302	0,666057	2,036857	-0,124474	-0,124481	0,000000	6,235047	0,514768	0,799767
115,200000	7,504614	7,535563	0,519655	0,095807	2,752327	-13384,043884	-10941,466608	-2985,425087	-12636,202254	-13083,304801	8,808404	231,117008	23,316099	23,837646	26,895601	23,861725	24,172381	-2,910443	1,166220	0,980216	232050,542940	-0,200832	0,000720	1,745770	0,665324	2,035860	-0,124476	-0,124486	0,000000	6,234838	0,514518	0,799740
115,400000	7,504389	7,535023	0,520468	0,094783	2,755518	-13397,768095	-10939,970467	-2985,310005	-12648,456912	-13095,559459	8,806813	231,135153	23,323056	23,838221	26,889604	23,864547	24,165756	-2,910505	1,166299	0,980354	232025,737274	-0,200734	0,000914	1,872836	0,664001	2,035249	-0,124480	-0,124484	0,000000	6,235118	0,513177	0,799776
115,600000	7,503574	7,534376	0,521413	0,093855	2,760046	-13410,787962	-10939,957332	-2985,355125	-12657,409906	-13104,512453	8,805169	231,152355	23,332269	23,839638	26,885761	23,864207	24,156815	-2,910559	1,166405	0,980240	231987,752496	-0,201208	0,000954	1,962750	0,663001	2,035023	-0,124484	-0,124482	0,000000	6,235383	0,512037	0,799810
115,800000	7,502790	7,534303	0,521960	0,094923	2,750113	-13422,944345	-10941,312610	-2985,761434	-12662,978573	-13110,081120	8,803570	231,157163	23,333982	23,840936	26,886729	23,861704	24,154708	-2,910731	1,165184	0,980395	231969,844627	-0,202002	0,000847	1,920322	0,662507	2,035356	-0,124484	-0,124485	0,000000	6,235457	0,511467	0,799819
116,000000	7,502807	7,534448	0,522723	0,095643	2,743629	-13430,553538	-10942,313509	-2985,803608	-12666,722393	-13113,824940	8,802002	231,169164	23,327948	23,840789	26,888254	23,858955	24,159662	-2,910602	1,165043	0,980547	231978,081545	-0,202181	0,000711	1,824311	0,662430	2,036058	-0,124484	-0,124486	0,000000	6,235642	0,511163	0,799843
116,200000	7,503516	7,534228	0,523732	0,094484	2,754882	-13429,235782	-10940,929333	-2985,539752	-12666,686835	-13113,789382	8,800387	231,187637	23,321545	23,838298	26,889031	23,858502	24,167375	-2,910150	1,166008	0,980136	231991,101885	-0,202361	0,000658	1,781431	0,662511	2,035606	-0,124488	-0,124481	0,000000	6,235927	0,510879	0,799880
116,400000	7,503721	7,533942	0,523774	0,093700	2,761170	-13422,509138	-10939,344476	-2985,542505	-12662,654900	-13109,757447	8,798661	231,233553	23,320947	23,836195	26,890174	23,863285	24,173033	-2,909906	1,165534	0,979719	232001,821933	-0,203417	0,000744	1,859833	0,662452	2,034579	-0,124491	-0,124473	0,000000	6,236635	0,510808	0,799970
116,600000	7,503344	7,533686	0,522763	0,094300	2,752826	-13415,557071	-10938,939288	-2985,563264	-12656,027156	-13103,129703	8,797061	231,300226	23,323159	23,836648	26,889355	23,869395	24,170760	-2,909949	1,165532	0,979972	232002,640671	-0,204011	0,000727	1,962531	0,662400	2,034849	-0,124487	-0,124475	0,000000	6,237662	0,511089	0,800102
116,800000	7,503247	7,533561	0,521685	0,094793	2,750648	-13411,902870	-10939,580911	-2985,377829	-12651,058211	-13098,160758	8,795681	231,327433	23,325492	23,837981	26,887828	23,870258	24,163283	-2,910087	1,166417	0,980690	231995,883013	-0,203451	0,000448	1,975161	0,662777	2,035605	-0,124486	-0,124482	0,000000	6,238081	0,511730	0,800156
117,000000	7,503189	7,533794	0,520405	0,094933	2,761002	-13409,847392	-10940,981853	-2985,456727	-12650,439820	-13097,542366	8,794211	231,291240	23,327622	23,838572	26,888653	23,863203	24,158811	-2,910153	1,166433	0,980834	232002,119405	-0,203144	0,000232	1,928468	0,663558	2,036175	-0,124491	-0,124484	0,000000	6,237524	0,512779	0,800084
117,200000	7,503090	7,534022	0,519414	0,095047	2,760287	-13411,467588	-10941,240202	-2985,702301	-12656,238128	-13103,340675	8,792607	231,256451	23,327227	23,838512	26,887178	23,855065	24,160004	-2,910151	1,167286	0,980061	232015,868856	-0,202991	0,000406	1,818952	0,664109	2,036421	-0,124493	-0,124480	0,000000	6,236987	0,513551	0,800016
117,400000	7,503045	7,533795	0,519688	0,094615	2,743419	-13413,999604	-10940,976415	-2985,787458	-12664,995995	-13112,098541	8,791013	231,264750	23,326533	23,838114	26,882810	23,852895	24,163811	-2,910198	1,167798	0,979453	232025,664291	-0,202343	0,000811	1,680664	0,664172	2,034714	-0,124488	-0,124476	0,000000	6,237115	0,513487	0,800032
117,600000	7,502832	7,533332	0,519998	0,093897	2,741960	-13411,742409	-10940,627712	-2985,723328	-12662,403123	-13109,505670	8,789485	231,273172	23,326831	23,838039	26,880761	23,856330	24,165142	-2,910369	1,166434	0,979558	232026,768798	-0,201786	0,001051	1,667882	0,663874	2,032978	-0,124479	-0,124477	0,000000	6,237245	0,513120	0,800049
117,800000	7,502542	7,533146	0,520090	0,094197	2,752882	-13404,050205	-10940,403833	-2985,610982	-12646,806318	-13093,908865	8,787884	231,271987	23,327679	23,839541	26,882013	23,864205	24,163873	-2,910379	1,166158	0,979981	232025,196736	-0,201698	0,000831	1,817792	0,663248	2,033932	-0,124477	-0,124480	0,000000	6,237227	0,512593	0,800046
118,000000	7,502329	7,533283	0,520267	0,095635	2,747980	-13396,188847	-10941,190453	-2985,655612	-12633,744717	-13080,847264	8,786196	231,285796	23,327376	23,840829	26,888150	23,870978	24,162214	-2,910163	1,166383	0,980450	232020,354585	-0,201993	0,000493	1,976096	0,662603	2,036804	-0,124485	-0,124479	0,000000	6,237440	0,512052	0,800074
118,200000	7,502271	7,533465	0,519884	0,096129	2,744709	-13392,356469	-10941,496599	-2985,507387	-12629,450622	-13076,553169	8,784635	231,318188	23,323281	23,838833	26,896541	23,867970	24,160753	-2,910103	1,165927	0,980537	232009,705718	-0,201702	0,000421	1,989116	0,662315	2,038279	-0,124491	-0,124479	0,000000	6,237939	0,511987	0,800138
118,400000	7,502331	7,533284	0,520353	0,095143	2,755427	-13389,682723	-10940,947054	-2985,127135	-12631,874782	-13078,977329	8,783144	231,356769	23,319911	23,837021	26,897471	23,857103	24,161790	-2,910154	1,166033	0,980227	232004,030283	-0,200880	0,000467	1,920571	0,662270	2,037187	-0,124492	-0,124484	0,000000	6,238533	0,511788	0,800214
118,600000	7,502345	7,532770	0,521548	0,094665	2,761445	-13393,081042	-10940,907759	-2984,958956	-12639,075645	-13086,178192	8,781514	231,379486	23,322207	23,837762	26,891946	23,851296	24,163435	-2,910150	1,166157	0,980102	231990,617193	-0,200496	0,000691	1,898129	0,662261	2,035339	-0,124486	-0,124486	0,000000	6,238883	0,511338	0,800259
118,800000	7,502251	7,532530	0,521319	0,095187	2,757394	-13399,484056	-10941,958328	-2984,834812	-12641,328958	-13088,431505	8,779777	231,375824	23,328775	23,837673	26,888539	23,856825	24,161735	-2,910195	1,166064	0,980293	231971,022320	-0,200777	0,001033	1,872694	0,662131	2,033475	-0,124481	-0,124481	0,000000	6,238827	0,511295	0,800252
119,000000	7,502114	7,532552	0,519389	0,095163	2,749207	-13398,044094	-10942,940945	-2984,686096	-12634,059480	-13081,162026	8,778230	231,339320	23,332420	23,836859	26,888207	23,864077	24,159231	-2,910272	1,165616	0,980545	231980,180026	-0,201336	0,001068	1,843529	0,661964	2,033461	-0,124480	-0,124479	0,000000	6,238264	0,511817	0,800179
119,200000	7,501971	7,532648	0,517214	0,094449	2,749857	-13389,581712	-10942,487145	-2984,704979	-12626,993458	-13074,096005	8,776892	231,288902	23,327537	23,838739	26,889291	23,865487	24,161484	-2,910253	1,165631	0,980836	232003,550198	-0,201129	0,000740	1,895663	0,662129	2,035813	-0,124482	-0,124482	0,000000	6,237488	0,512683	0,800080
119,400000	7,501720	7,532993	0,516796	0,094124	2,754495	-13385,195955	-10941,365378	-2985,084650	-12629,045804	-13076,148351	8,775434	231,264797	23,319492	23,840449	26,893558	23,863773	24,167509	-2,910164	1,166512	0,980920	232006,291847	-0,200962	0,000452	1,974885	0,662738	2,037867	-0,124484	-0,124489	0,000000	6,237116	0,513322	0,800032
119,600000	7,501541	7,533106	0,516399	0,094278	2,744913	-13389,778821	-10941,166552	-2985,587217	-12639,777662	-13086,880209	8,773679	231,265302	23,315259	23,836745	26,900358	23,862240	24,169530	-2,910090	1,166094	0,980530	232013,328173	-0,201958	0,000451	1,964268	0,663625	2,037218	-0,124486	-0,124491	0,000000	6,237124	0,514168	0,800033
119,800000	7,501690	7,532747	0,514089	0,094579	2,737261	-13391,540611	-10941,044048	-2985,508439	-12651,151188	-13098,253734	8,771756	231,266781	23,316502	23,832749	26,899797	23,861381	24,166872	-2,910151	1,164246	0,980600	232041,475945	-0,202427	0,000699	1,923766	0,664231	2,035209	-0,124485	-0,124484	0,000000	6,237147	0,515407	0,800036
120,000000	7,501781	7,532475	0,513286	0,094735	2,743812	-13390,630809	-10940,338354	-2984,991499	-12655,837400	-13102,939946	8,770068	231,252800	23,323234	23,834490	26,890542	23,860419	24,161558	-2,910211	1,162325	0,981252	232060,979321	-0,201708	0,000862	1,937121	0,664499	2,034376	-0,124482	-0,124477	0,000000	6,236931	0,515854	0,800008
120,200000	7,501308	7,532601	0,515898	0,094645	2,745731	-13401,454068	-10940,453613	-2984,645250	-12653,469147	-13100,571694	8,768830	231,211241	23,331126	23,839082	26,883417	23,861372	24,154734	-2,910290	1,161873	0,980922	232055,008669	-0,201262	0,000694	1,910778	0,664860	2,034702	-0,124481	-0,124477	0,000000	6,236291	0,515231	0,799926
120,400000	7,500447	7,532805	0,519118	0,094899	2,739238	-13420,482813	-10941,148408	-2984,929290	-12649,103726	-13096,206273	8,767678	231,134388	23,331889	23,841176	26,884233	23,861766	24,155901	-2,910490	1,163881	0,979684	232033,907776	-0,201674	0,000540	1,868714	0,665161	2,035704	-0,124482	-0,124478	0,000000	6,235106	0,514381	0,799774
120,600000	7,500187	7,532778	0,520757	0,095371	2,742072	-13430,927220	-10941,251948	-2985,600589	-12648,756056	-13095,858602	8,766108	231,062100	23,324384	23,839729	26,888729	23,859701	24,166558	-2,910428	1,165593	0,979254	232020,077713	-0,202119	0,000726	1,888929	0,664999	2,036429	-0,124486	-0,124475	0,000000	6,233992	0,513710	0,799631
120,800000	7,500849	7,532503	0,520015	0,094631	2,757679	-13426,547479	-10941,119944	-2985,929262	-12652,057593	-13099,160139	8,764101	231,053221	23,317363	23,838580	26,890836	23,860040	24,175063	-2,910169	1,165420	0,979971	232020,925252	-0,202150	0,000910	1,903460	0,664505	2,036201	-0,124489	-0,124475	0,000000	6,233855	0,513568	0,799614
121,000000	7,501355	7,531917	0,517058	0,093623	2,763944	-13408,053827	-10940,578131	-2986,016884	-12652,047665	-13099,150212	8,762200	231,089618	23,317163	23,838864	26,890197	23,862379	24,173828	-2,910196	1,165586	0,980648	232044,181185	-0,202589	0,000856	1,909497	0,664520	2,035560	-0,124486	-0,124480	0,000000	6,234416	0,514545	0,799686
121,200000	7,501032	7,531352	0,515351	0,094244	2,753464	-13392,113036	-10939,949176	-2986,078589	-12647,895302	-13094,997849	8,760647	231,110177	23,323210	23,838223	26,888030	23,866549	24,163863	-2,910425	1,165672	0,980775	232078,095459	-0,203165	0,000821	1,931804	0,665154	2,035047	-0,124483	-0,124483	0,000000	6,234733	0,515579	0,799726
121,400000	7,500431	7,531251	0,517141	0,095223	2,752072	-13396,880440	-10940,719515	-2985,788146	-12645,617009	-13092,719556	8,759131	231,107860	23,329721	23,837822	26,885503	23,869074	24,153548	-2,910416	1,165142	0,980955	232081,507161	-0,202917	0,000794	1,919081	0,665623	2,034713	-0,124488	-0,124482	0,000000	6,234697	0,515324	0,799722
121,600000	7,500248	7,531551	0,520079	0,094841	2,755695	-13409,019590	-10941,736852	-2985,182959	-12646,018431	-13093,120977	8,757629	231,116061	23,330305	23,839576	26,884808	23,863645	24,152298	-2,910273	1,166006	0,980996	232060,467190	-0,202021	0,000730	1,921010	0,665701	2,035067	-0,124493	-0,124480	0,000000	6,234824	0,514401	0,799738
121,800000	7,500403	7,531935	0,521603	0,094172	2,743630	-13416,147681	-10942,012101	-2985,068174	-12647,475356	-13094,577903	8,756254	231,126558	23,325999	23,840575	26,887147	23,855375	24,160050	-2,910306	1,166748	0,980678	232036,823454	-0,201425	0,000747	1,959365	0,665460	2,035726	-0,124491	-0,124476	0,000000	6,234985	0,513726	0,799759
122,000000	7,500267	7,532083	0,521126	0,094785	2,739975	-13416,693211	-10942,044219	-2985,431044	-12648,279450	-13095,381997	8,754747	231,099457	23,321596	23,839309	26,886435	23,854477	24,168005	-2,910417	1,166035	0,980535	232020,543491	-0,201446	0,000936	1,945133	0,664994	2,035470	-0,124486	-0,124471	0,000000	6,234568	0,513536	0,799705
122,200000	7,499938	7,531932	0,519286	0,095097	2,753062	-13407,853015	-10941,399813	-2985,573640	-12647,250190	-13094,352737	8,752978	231,050763	23,320276	23,838130	26,881341	23,863588	24,169808	-2,910587	1,165880	0,980576	232015,852827	-0,201544	0,001293	1,883489	0,664706	2,034734	-0,124479	-0,124474	0,000000	6,233817	0,513920	0,799609
122,400000	7,499726	7,531742	0,517790	0,094233	2,761195	-13400,380245	-10940,594093	-2985,532228	-12642,477075	-13089,579621	8,751244	231,037453	23,322587	23,837593	26,881619	23,872160	24,165877	-2,910676	1,165625	0,980493	232007,155459	-0,201649	0,001289	1,848724	0,664763	2,034964	-0,124473	-0,124481	0,000000	6,233612	0,514462	0,799583
122,600000	7,499496	7,531653	0,518563	0,094403	2,760863	-13401,636468	-10940,984125	-2985,429261	-12634,701985	-13081,804532	8,749739	231,053930	23,324803	23,837758	26,889883	23,870783	24,160802	-2,910446	1,163948	0,980089	231987,509885	-0,201832	0,000769	1,905995	0,664947	2,036649	-0,124478	-0,124486	0,000000	6,233866	0,514351	0,799615
122,800000	7,499423	7,531679	0,522165	0,095599	2,755394	-13408,033193	-10941,566955	-2985,321548	-12634,943828	-13082,046374	8,748238	231,073693	23,323403	23,839096	26,897309	23,862473	24,159521	-2,910179	1,162738	0,979656	231973,030310	-0,201449	0,000440	1,992277	0,664910	2,037707	-0,124488	-0,124494	0,000000	6,234170	0,513116	0,799654
123,000000	7,499522	7,531548	0,525074	0,095287	2,755387	-13419,756726	-10941,177563	-2985,306397	-12646,106562	-13093,209108	8,746593	231,101389	23,320530	23,838214	26,898250	23,853919	24,160847	-2,910137	1,163732	0,979569	231988,225923	-0,200866	0,000686	1,973325	0,664064	2,036635	-0,124493	-0,124495	0,000000	6,234597	0,511480	0,799709
123,200000	7,499701	7,530914	0,522929	0,093592	2,760562	-13428,881991	-10939,887705	-2985,436859	-12655,750512	-13102,853059	8,745079	231,107096	23,320570	23,835310	26,892944	23,851233	24,162259	-2,910195	1,165205	0,979987	232023,050414	-0,201466	0,001033	1,914772	0,662197	2,034647	-0,124491	-0,124484	0,000000	6,234685	0,510719	0,799720
123,400000	7,499956	7,530396	0,517776	0,093108	2,755358	-13422,579509	-10938,658990	-2985,452781	-12657,352252	-13104,454799	8,743757	231,075137	23,324392	23,836458	26,885044	23,856607	24,164214	-2,910244	1,164891	0,980503	232049,795390	-0,202009	0,000914	1,920511	0,660409	2,033920	-0,124484	-0,124477	0,000000	6,234193	0,511024	0,799657
123,600000	7,499879	7,530524	0,515445	0,094006	2,751396	-13409,629844	-10939,335358	-2985,431453	-12655,875026	-13102,977573	8,742318	231,066891	23,327458	23,840096	26,884370	23,864710	24,163842	-2,910415	1,164306	0,980318	232053,339574	-0,201557	0,000547	1,915462	0,659834	2,034563	-0,124478	-0,124483	0,000000	6,234066	0,511364	0,799641
123,800000	7,499409	7,530713	0,517635	0,094581	2,757378	-13408,996420	-10940,538049	-2985,760143	-12653,832096	-13100,934642	8,740710	231,090846	23,324678	23,840982	26,891403	23,867910	24,161452	-2,910550	1,164207	0,979710	232046,230077	-0,201708	0,000329	1,830536	0,660223	2,035496	-0,124478	-0,124487	0,000000	6,234435	0,510949	0,799688
124,000000	7,499158	7,530646	0,519399	0,094386	2,752543	-13419,062739	-10940,685462	-2985,893975	-12652,408176	-13099,510723	8,739068	231,101122	23,318192	23,838948	26,897930	23,863988	24,161575	-2,910335	1,163489	0,979449	232050,680177	-0,202037	0,000345	1,750113	0,660609	2,036981	-0,124481	-0,124486	0,000000	6,234593	0,510665	0,799708
124,200000	7,499124	7,530542	0,517200	0,094253	2,737197	-13421,616543	-10940,444071	-2985,459765	-12657,068278	-13104,170824	8,737397	231,100759	23,315708	23,837117	26,898194	23,858686	24,163072	-2,910223	1,164118	0,979642	232057,132747	-0,201397	0,000572	1,781614	0,660485	2,037346	-0,124480	-0,124481	0,000000	6,234588	0,511306	0,799708
124,400000	7,499090	7,530296	0,514028	0,094374	2,735483	-13411,638353	-10940,024399	-2985,113878	-12663,348422	-13110,450968	8,735787	231,096933	23,319691	23,836216	26,889177	23,856769	24,161331	-2,910500	1,165564	0,980098	232063,002795	-0,200706	0,000774	1,871628	0,659950	2,035544	-0,124477	-0,124476	0,000000	6,234529	0,511934	0,799700
124,600000	7,499101	7,529979	0,513748	0,094295	2,749851	-13404,251485	-10939,779552	-2985,272859	-12661,068880	-13108,171427	8,734381	231,124279	23,325378	23,836251	26,879570	23,857887	24,156786	-2,910594	1,165342	0,980471	232069,394742	-0,201397	0,000793	1,904208	0,659041	2,033810	-0,124480	-0,124476	0,000000	6,234950	0,511288	0,799754
124,800000	7,498912	7,529911	0,516705	0,094680	2,752541	-13410,506370	-10940,204516	-2985,292816	-12652,749887	-13099,852434	8,733071	231,205439	23,328480	23,839856	26,879941	23,860651	24,154711	-2,910362	1,165333	0,980368	232067,977295	-0,202178	0,000780	1,881865	0,658184	2,033911	-0,124487	-0,124483	0,000000	6,236201	0,509618	0,799915
125,000000	7,498556	7,530072	0,519189	0,095512	2,738528	-13420,113992	-10941,113954	-2984,939231	-12644,874958	-13091,977504	8,731450	231,260422	23,325785	23,842587	26,886689	23,863425	24,156933	-2,910249	1,165437	0,980258	232058,725072	-0,201167	0,000879	1,907057	0,658350	2,035347	-0,124487	-0,124488	0,000000	6,237049	0,508929	0,800023
125,200000	7,498349	7,530249	0,518052	0,095819	2,743479	-13411,829080	-10941,748700	-2985,158449	-12640,123508	-13087,226054	8,729555	231,247039	23,317989	23,839746	26,891956	23,863901	24,162406	-2,910263	1,164244	0,980441	232049,542386	-0,200756	0,001067	2,001619	0,659618	2,036540	-0,124483	-0,124483	0,000000	6,236842	0,510316	0,799997
125,400000	7,498443	7,530272	0,515050	0,095581	2,758781	-13386,287849	-10942,097508	-2985,650552	-12637,220715	-13084,323262	8,727931	231,215279	23,312034	23,836189	26,893890	23,861118	24,167540	-2,910226	1,163709	0,979886	232046,995159	-0,201893	0,001140	2,014834	0,660792	2,036370	-0,124481	-0,124479	0,000000	6,236353	0,512248	0,799934
125,600000	7,498725	7,530111	0,513651	0,094698	2,751345	-13373,754927	-10942,333992	-2985,498478	-12634,803886	-13081,906433	8,726487	231,247201	23,313247	23,836487	26,891174	23,859833	24,166023	-2,910224	1,163877	0,978827	232052,747099	-0,202063	0,000901	1,910629	0,661212	2,035539	-0,124484	-0,124479	0,000000	6,236845	0,513033	0,799997
125,800000	7,498743	7,529863	0,515098	0,093571	2,742516	-13385,012387	-10942,275010	-2985,156508	-12633,692985	-13080,795532	8,725107	231,375336	23,320685	23,839464	26,884337	23,860559	24,158070	-2,910403	1,163927	0,978789	232056,948153	-0,201106	0,000647	1,880007	0,661421	2,035363	-0,124486	-0,124482	0,000000	6,238819	0,512673	0,800251
126,000000	7,498305	7,529765	0,518079	0,094215	2,747559	-13395,962311	-10942,153040	-2985,026908	-12626,958683	-13074,061230	8,723893	231,498807	23,326569	23,841524	26,880253	23,857698	24,152298	-2,910658	1,164688	0,979506	232057,219388	-0,200279	0,000752	1,925036	0,661795	2,035714	-0,124481	-0,124485	0,000000	6,240722	0,511938	0,800495
126,200000	7,497836	7,529730	0,520351	0,095795	2,750693	-13393,047151	-10941,892826	-2985,231511	-12614,527967	-13061,630513	8,722394	231,537685	23,324587	23,841271	26,881436	23,854071	24,154654	-2,910621	1,165343	0,979737	232053,502613	-0,200380	0,000890	1,924378	0,662114	2,036217	-0,124479	-0,124480	0,000000	6,241320	0,511420	0,800571
126,400000	7,497727	7,529480	0,520914	0,095264	2,748097	-13382,473917	-10940,853246	-2985,540721	-12607,434839	-13054,537386	8,720396	231,522540	23,319130	23,840172	26,884363	23,853804	24,161360	-2,910351	1,165245	0,979631	232029,439107	-0,201220	0,000829	1,888527	0,662108	2,036060	-0,124481	-0,124475	0,000000	6,241087	0,511218	0,800541
126,600000	7,497913	7,529110	0,519781	0,093755	2,745772	-13374,601376	-10939,779429	-2985,653502	-12606,749037	-13053,851584	8,718410	231,514107	23,316223	23,838823	26,887227	23,857097	24,167629	-2,910177	1,164643	0,979942	231999,824904	-0,201882	0,000703	1,851519	0,661927	2,035128	-0,124482	-0,124477	0,000000	6,240957	0,511444	0,800525
126,800000	7,498080	7,528825	0,517383	0,094077	2,754903	-13372,171472	-10940,110964	-2985,462011	-12608,298259	-13055,400805	8,716826	231,547183	23,317076	23,837619	26,887911	23,862961	24,170662	-2,910139	1,164564	0,980330	231988,915422	-0,201550	0,000595	1,843267	0,661976	2,034817	-0,124484	-0,124484	0,000000	6,241467	0,512278	0,800590
127,000000	7,498002	7,528801	0,515713	0,094953	2,764750	-13372,628379	-10941,055859	-2984,866114	-12612,398216	-13059,500763	8,715484	231,589705	23,318596	23,837674	26,886309	23,867416	24,164865	-2,910167	1,166047	0,980478	231991,073941	-0,200263	0,000604	1,867312	0,662357	2,035217	-0,124487	-0,124488	0,000000	6,242122	0,513133	0,800674
127,200000	7,497741	7,528887	0,516544	0,094632	2,754342	-13375,999080	-10941,192128	-2984,711781	-12618,308980	-13065,411527	8,714061	231,589825	23,319100	23,838852	26,885495	23,866030	24,154544	-2,910198	1,166691	0,980487	231995,293697	-0,199805	0,000616	1,877102	0,663264	2,035876	-0,124488	-0,124485	0,000000	6,242124	0,513556	0,800674
127,400000	7,497400	7,528871	0,518774	0,094380	2,743265	-13380,419344	-10940,461571	-2985,280188	-12622,730810	-13069,833356	8,712428	231,539861	23,320142	23,839622	26,888237	23,857523	24,152111	-2,910057	1,166065	0,980185	232010,923635	-0,200944	0,000535	1,870331	0,664538	2,036417	-0,124489	-0,124481	0,000000	6,241354	0,513788	0,800576
127,600000	7,497159	7,528713	0,520420	0,094092	2,748763	-13388,397389	-10939,638113	-2985,592902	-12627,366209	-13074,468756	8,710733	231,483780	23,319837	23,838887	26,889689	23,850602	24,158234	-2,909957	1,165626	0,980064	232029,686053	-0,201835	0,000543	1,897920	0,665427	2,035532	-0,124488	-0,124475	0,000000	6,240490	0,513913	0,800465
127,800000	7,497227	7,528440	0,519843	0,093025	2,751069	-13395,394266	-10939,915054	-2985,458532	-12630,929225	-13078,031772	8,709245	231,486190	23,318478	23,838283	26,884996	23,851621	24,165099	-2,910394	1,165124	0,980381	232030,618199	-0,201311	0,000799	1,942400	0,666003	2,033841	-0,124482	-0,124474	0,000000	6,240527	0,514530	0,800470
128,000000	7,497281	7,528185	0,517525	0,092833	2,740513	-13389,858353	-10941,840390	-2985,346181	-12626,700335	-13073,802881	8,707833	231,494873	23,318023	23,838879	26,880332	23,857820	24,166705	-2,910731	1,166202	0,980728	232031,597051	-0,200657	0,001021	1,992804	0,666401	2,033824	-0,124477	-0,124478	0,000000	6,240661	0,515599	0,800487
128,200000	7,496998	7,528150	0,517380	0,094128	2,737808	-13382,178350	-10943,341250	-2985,407690	-12619,722319	-13066,824866	8,706261	231,388018	23,318772	23,840110	26,880228	23,866029	24,163482	-2,910455	1,167807	0,980942	232028,306974	-0,200836	0,000971	2,006537	0,666327	2,035778	-0,124478	-0,124482	0,000000	6,239015	0,515586	0,800276
128,400000	7,496787	7,528228	0,520486	0,095316	2,754676	-13390,230589	-10943,173944	-2985,633107	-12618,861997	-13065,964544	8,704711	231,239472	23,318902	23,839689	26,887929	23,868719	24,160234	-2,910187	1,167028	0,980724	231999,401384	-0,201242	0,000739	1,950874	0,665906	2,037092	-0,124483	-0,124486	0,000000	6,236726	0,514227	0,799982
128,600000	7,496868	7,528111	0,522695	0,095448	2,763482	-13406,990532	-10942,032179	-2985,711598	-12626,319249	-13073,421796	8,703280	231,210482	23,314831	23,836480	26,897630	23,861694	24,159314	-2,910177	1,166041	0,980325	231973,715956	-0,200900	0,000506	1,889874	0,665276	2,036696	-0,124484	-0,124490	0,000000	6,236279	0,513010	0,799925
128,800000	7,496831	7,527887	0,521258	0,094827	2,751773	-13413,603656	-10940,752580	-2985,393012	-12637,791266	-13084,893813	8,701892	231,272962	23,312009	23,834824	26,896929	23,853231	24,160852	-2,910209	1,166121	0,980168	231967,934114	-0,200015	0,000513	1,864302	0,664527	2,035816	-0,124483	-0,124488	0,000000	6,237242	0,512905	0,800048
129,000000	7,496458	7,527646	0,517743	0,094270	2,752891	-13404,283045	-10940,786557	-2985,029372	-12646,341939	-13093,444486	8,700407	231,325392	23,316556	23,836738	26,888525	23,852462	24,161379	-2,910262	1,165976	0,980049	231982,545301	-0,199732	0,000756	1,901367	0,663758	2,034373	-0,124483	-0,124480	0,000000	6,238050	0,513466	0,800152
129,200000	7,496006	7,527509	0,516151	0,094455	2,762035	-13393,999806	-10941,725950	-2985,004842	-12647,782024	-13094,884571	8,698681	231,346846	23,322407	23,838990	26,879638	23,857276	24,159110	-2,910425	1,166000	0,980097	232002,249836	-0,200227	0,000998	1,960524	0,663302	2,033347	-0,124485	-0,124475	0,000000	6,238380	0,513624	0,800194
129,400000	7,495840	7,527453	0,518847	0,095012	2,748657	-13397,526580	-10942,863788	-2985,114041	-12639,396802	-13086,499349	8,696928	231,321736	23,323455	23,839563	26,876790	23,860079	24,159552	-2,910509	1,165948	0,980222	231989,490758	-0,200807	0,001033	1,954789	0,663464	2,034545	-0,124486	-0,124478	0,000000	6,237993	0,512828	0,800145
129,600000	7,496053	7,527471	0,522709	0,095363	2,735112	-13405,280376	-10943,504267	-2985,048160	-12627,349677	-13074,452224	8,695409	231,283128	23,319601	23,840337	26,884180	23,859426	24,163605	-2,910250	1,166094	0,979985	231978,499261	-0,200861	0,000804	1,930258	0,663956	2,036948	-0,124487	-0,124484	0,000000	6,237399	0,511919	0,800068
129,800000	7,496430	7,527625	0,523777	0,095634	2,740714	-13402,457848	-10942,578270	-2985,076927	-12620,400118	-13067,502665	8,693974	231,291306	23,313242	23,839829	26,894502	23,858077	24,165375	-2,909842	1,166588	0,979784	231989,665065	-0,200883	0,000536	1,929170	0,664214	2,037756	-0,124492	-0,124488	0,000000	6,237525	0,511787	0,800084
130,000000	7,496530	7,527541	0,521567	0,095444	2,751230	-13389,084659	-10941,052596	-2985,336929	-12620,014981	-13067,117528	8,692463	231,306000	23,308530	23,835662	26,897534	23,857252	24,163443	-2,909775	1,166365	0,979942	231971,946795	-0,201685	0,000429	1,868017	0,663594	2,036148	-0,124494	-0,124487	0,000000	6,237751	0,512059	0,800114
130,200000	7,496153	7,527060	0,518392	0,094664	2,756336	-13376,148525	-10940,453001	-2985,430929	-12622,970620	-13070,073167	8,690938	231,286397	23,310718	23,833530	26,888635	23,857722	24,159710	-2,910093	1,165736	0,980375	231943,946649	-0,202304	0,000549	1,804296	0,662423	2,034332	-0,124491	-0,124483	0,000000	6,237449	0,512184	0,800075
130,400000	7,495400	7,526718	0,517500	0,094094	2,751462	-13373,135015	-10940,908467	-2985,421435	-12622,786084	-13069,888631	8,689363	231,213162	23,320406	23,837013	26,876752	23,859662	24,154630	-2,910420	1,165132	0,980655	231954,617192	-0,202148	0,000854	1,839324	0,661620	2,034130	-0,124487	-0,124478	0,000000	6,236320	0,511817	0,799930
130,600000	7,494662	7,526791	0,519773	0,094054	2,752287	-13382,878359	-10940,928274	-2985,635033	-12620,089955	-13067,192502	8,687808	231,090263	23,327263	23,840679	26,876613	23,860704	24,152022	-2,910554	1,165016	0,980512	231982,363000	-0,201796	0,001023	1,863805	0,660996	2,034942	-0,124484	-0,124474	0,000000	6,234426	0,510567	0,799687
130,800000	7,494475	7,526855	0,522618	0,095133	2,760909	-13402,253807	-10940,245234	-2985,770949	-12622,963364	-13070,065911	8,686314	231,003879	23,323808	23,840598	26,885311	23,858611	24,157684	-2,910557	1,165307	0,980611	231996,642756	-0,201294	0,001047	1,834786	0,660285	2,035568	-0,124482	-0,124474	0,000000	6,233094	0,509083	0,799516
131,000000	7,494869	7,526708	0,522812	0,095875	2,755126	-13417,512291	-10940,309196	-2985,603224	-12634,217582	-13081,320129	8,684676	230,978260	23,314901	23,838835	26,891831	23,856002	24,166972	-2,910408	1,165229	0,980761	232010,708020	-0,200746	0,001014	1,814812	0,660254	2,035971	-0,124482	-0,124474	0,000000	6,232699	0,509000	0,799466
131,200000	7,495349	7,526619	0,519741	0,094645	2,746087	-13416,828279	-10940,672133	-2985,265400	-12648,672728	-13095,775274	8,682952	230,956406	23,309894	23,838280	26,891640	23,857544	24,170987	-2,910213	1,165980	0,980437	232027,168831	-0,200527	0,000792	1,738924	0,661083	2,035651	-0,124485	-0,124480	0,000000	6,232362	0,510665	0,799422
131,400000	7,495408	7,526659	0,516968	0,093969	2,750888	-13409,762565	-10940,679126	-2984,915577	-12655,556698	-13102,659245	8,681377	230,931058	23,313651	23,839011	26,887237	23,861378	24,167331	-2,910228	1,166807	0,980258	232017,651990	-0,200694	0,000568	1,716747	0,662181	2,034831	-0,124486	-0,124489	0,000000	6,231971	0,512441	0,799372
131,600000	7,495049	7,526561	0,518018	0,094761	2,755096	-13407,802939	-10941,384915	-2984,833898	-12652,092017	-13099,194564	8,679939	230,937298	23,320132	23,839619	26,884243	23,862708	24,157133	-2,910233	1,165391	0,980478	231986,899700	-0,201161	0,000664	1,876168	0,663478	2,035067	-0,124489	-0,124492	0,000000	6,232067	0,513078	0,799384
131,800000	7,494714	7,526399	0,520924	0,095074	2,746724	-13408,129260	-10942,145114	-2985,148633	-12645,364363	-13092,466909	8,678436	230,980609	23,323476	23,839927	26,882880	23,859577	24,149017	-2,910139	1,163720	0,980467	231965,680673	-0,201843	0,000983	2,018383	0,664857	2,035839	-0,124496	-0,124486	0,000000	6,232735	0,513149	0,799470
132,000000	7,494688	7,526432	0,522350	0,094520	2,740967	-13409,485504	-10941,711129	-2985,545746	-12640,160513	-13087,263060	8,676907	231,008358	23,323251	23,839866	26,884860	23,852522	24,151123	-2,910207	1,162708	0,980073	231955,754338	-0,202196	0,001133	1,988734	0,666087	2,035328	-0,124499	-0,124479	0,000000	6,233163	0,513622	0,799525
132,200000	7,494792	7,526538	0,521238	0,094570	2,753152	-13409,151576	-10941,220826	-2985,599161	-12638,932857	-13086,035404	8,675598	230,988934	23,319966	23,839354	26,889860	23,848190	24,160328	-2,910384	1,161784	0,979747	231937,876928	-0,201744	0,000952	1,832909	0,666917	2,034715	-0,124489	-0,124482	0,000000	6,232864	0,514654	0,799487
132,400000	7,494745	7,526557	0,518203	0,095125	2,762806	-13404,302503	-10942,005802	-2985,421201	-12641,051854	-13088,154401	8,674190	230,965416	23,316545	23,838140	26,890698	23,853655	24,167530	-2,910533	1,162376	0,979780	231924,332956	-0,201053	0,000758	1,731929	0,667168	2,034906	-0,124479	-0,124488	0,000000	6,232501	0,515882	0,799440
132,600000	7,494573	7,526494	0,516442	0,094206	2,753160	-13401,543315	-10942,640824	-2985,197479	-12645,480406	-13092,582953	8,672488	230,954904	23,316036	23,836942	26,885640	23,864629	24,165677	-2,910599	1,163239	0,980027	231936,658345	-0,201366	0,000709	1,818068	0,666763	2,035122	-0,124480	-0,124488	0,000000	6,232339	0,516158	0,799419
132,800000	7,494441	7,526251	0,518464	0,093209	2,750884	-13410,379411	-10941,449705	-2985,084592	-12647,930332	-13095,032879	8,670995	230,942014	23,318239	23,837206	26,881429	23,869149	24,160121	-2,910453	1,163352	0,980178	231955,541276	-0,202197	0,000625	1,990207	0,665490	2,036600	-0,124487	-0,124485	0,000000	6,232140	0,514464	0,799394
133,000000	7,494159	7,525945	0,521518	0,094098	2,757479	-13422,682107	-10940,089794	-2985,426677	-12646,206693	-13093,309240	8,669623	230,939808	23,319689	23,838614	26,884101	23,863524	24,157966	-2,910186	1,163315	0,980040	231950,025129	-0,202330	0,000514	2,080538	0,663991	2,037949	-0,124490	-0,124482	0,000000	6,232106	0,512257	0,799389
133,200000	7,493891	7,525647	0,521717	0,095008	2,749131	-13421,001434	-10939,427207	-2985,658664	-12648,229354	-13095,331901	8,668079	230,942107	23,319341	23,838239	26,889550	23,854603	24,157877	-2,910008	1,162339	0,979900	231932,312180	-0,201719	0,000506	2,017691	0,663226	2,036905	-0,124487	-0,124479	0,000000	6,232142	0,511593	0,799394
133,400000	7,493961	7,525361	0,519030	0,094134	2,742442	-13414,661517	-10939,319223	-2985,290784	-12655,869682	-13102,972229	8,666476	230,934781	23,317812	23,836060	26,889817	23,848743	24,159338	-2,909968	1,161904	0,980044	231929,288048	-0,200720	0,000509	1,897135	0,663134	2,034647	-0,124484	-0,124480	0,000000	6,232029	0,512414	0,799380
133,600000	7,493956	7,525164	0,517065	0,092804	2,748486	-13415,279821	-10940,017562	-2984,983779	-12660,002539	-13107,105085	8,664930	230,944182	23,318078	23,836801	26,883217	23,850096	24,161241	-2,910260	1,162929	0,980442	231933,672108	-0,200133	0,000538	1,827863	0,663268	2,033617	-0,124481	-0,124480	0,000000	6,232174	0,513157	0,799398
133,800000	7,493657	7,524938	0,518319	0,092866	2,753129	-13421,915417	-10941,022266	-2985,081321	-12655,432654	-13102,535201	8,663424	230,998717	23,322072	23,839909	26,878151	23,858482	24,161941	-2,910668	1,163719	0,980843	231936,800217	-0,200465	0,000709	1,816244	0,663474	2,034177	-0,124480	-0,124479	0,000000	6,233014	0,512865	0,799506
134,000000	7,493450	7,524758	0,520875	0,093778	2,752557	-13432,402057	-10942,030318	-2985,294973	-12649,497784	-13096,600331	8,661804	231,111339	23,323302	23,840783	26,880762	23,865466	24,161121	-2,910672	1,163987	0,980629	231937,538466	-0,201217	0,000640	1,889606	0,663375	2,035225	-0,124482	-0,124481	0,000000	6,234751	0,511918	0,799729
134,200000	7,493557	7,524739	0,522915	0,094355	2,748099	-13436,213406	-10942,110215	-2985,332278	-12648,407408	-13095,509954	8,660084	231,239419	23,318744	23,838256	26,886175	23,865095	24,162091	-2,910287	1,164255	0,980236	231944,483437	-0,201630	0,000430	1,951731	0,662780	2,036899	-0,124487	-0,124483	0,000000	6,236725	0,510785	0,799982
134,400000	7,493660	7,524673	0,522529	0,094103	2,752597	-13431,186529	-10941,221200	-2985,253841	-12651,241975	-13098,344522	8,658482	231,284171	23,313693	23,834944	26,890159	23,860881	24,164008	-2,909931	1,165260	0,980111	231972,019157	-0,201470	0,000504	1,905047	0,661766	2,037747	-0,124492	-0,124479	0,000000	6,237415	0,510142	0,800070
134,600000	7,493563	7,524525	0,518809	0,093522	2,763651	-13418,650430	-10939,879320	-2985,225697	-12655,558407	-13102,660954	8,657057	231,248574	23,312992	23,833294	26,889679	23,857999	24,160720	-2,910002	1,166060	0,980019	231994,343462	-0,201185	0,000705	1,840419	0,660169	2,036464	-0,124492	-0,124476	0,000000	6,236866	0,510152	0,800000
134,800000	7,493338	7,524418	0,516040	0,093634	2,759363	-13396,332807	-10939,130862	-2985,225386	-12651,464017	-13098,566564	8,655653	231,210501	23,318064	23,834509	26,883383	23,857192	24,155832	-2,910297	1,165301	0,980463	231992,704984	-0,201327	0,000922	1,806618	0,658706	2,034420	-0,124487	-0,124479	0,000000	6,236279	0,509932	0,799925
135,000000	7,493028	7,524148	0,516370	0,094136	2,748958	-13380,799698	-10939,907268	-2985,048681	-12636,792445	-13083,894992	8,654333	231,217287	23,324036	23,838930	26,876320	23,858228	24,152998	-2,910385	1,165700	0,980662	231997,839504	-0,200829	0,000984	1,797322	0,658525	2,033664	-0,124484	-0,124481	0,000000	6,236384	0,509644	0,799938
135,200000	7,492859	7,523975	0,516326	0,094530	2,747504	-13385,128094	-10941,494306	-2984,837507	-12627,130256	-13074,232802	8,653066	231,308021	23,324507	23,842467	26,876816	23,860160	24,153660	-2,910348	1,167189	0,979719	232009,612124	-0,199571	0,000789	1,843816	0,659601	2,034804	-0,124485	-0,124480	0,000000	6,237782	0,510477	0,800118
135,400000	7,492878	7,524091	0,513830	0,094752	2,744191	-13391,847943	-10942,731928	-2984,864458	-12633,402581	-13080,505127	8,651529	231,414784	23,318002	23,841240	26,886365	23,859112	24,160217	-2,910248	1,166860	0,979158	231995,745496	-0,199574	0,000671	1,948153	0,660816	2,036370	-0,124485	-0,124482	0,000000	6,239427	0,512286	0,800329
135,600000	7,493068	7,524180	0,511342	0,094499	2,731986	-13393,341027	-10942,948776	-2985,029957	-12649,207361	-13096,309908	8,649831	231,457524	23,308724	23,837481	26,894601	23,856016	24,168347	-2,910057	1,166430	0,979671	231971,570927	-0,200849	0,000558	2,021680	0,661274	2,036924	-0,124489	-0,124487	0,000000	6,240086	0,513511	0,800413
135,800000	7,493438	7,524200	0,511901	0,094002	2,726889	-13401,969947	-10942,108156	-2985,272298	-12661,091681	-13108,194228	8,648278	231,479408	23,306543	23,835433	26,893051	23,856776	24,169324	-2,910055	1,165937	0,980457	231960,669510	-0,201953	0,000322	1,995602	0,661057	2,036619	-0,124492	-0,124490	0,000000	6,240423	0,513155	0,800456
136,000000	7,493466	7,524058	0,514683	0,093419	2,739700	-13418,670197	-10940,373590	-2985,172334	-12665,484057	-13112,586604	8,646706	231,490278	23,314115	23,836167	26,886018	23,859824	24,159523	-2,910271	1,164792	0,980810	231953,001621	-0,202002	0,000267	1,941969	0,660589	2,035760	-0,124489	-0,124490	0,000000	6,240590	0,511827	0,800478
136,200000	7,492863	7,523857	0,517577	0,093481	2,746142	-13437,302878	-10939,322479	-2984,710752	-12666,725268	-13113,827815	8,645172	231,478013	23,321406	23,837814	26,880983	23,859166	24,149885	-2,910469	1,165438	0,980394	231947,370721	-0,201015	0,000332	1,929721	0,660290	2,034864	-0,124485	-0,124488	0,000000	6,240401	0,510596	0,800453
136,400000	7,492154	7,523756	0,519605	0,094376	2,736427	-13449,962814	-10940,149147	-2984,637456	-12668,077729	-13115,180276	8,643744	231,487522	23,321129	23,838567	26,881194	23,856556	24,149279	-2,910470	1,165807	0,979852	231953,398883	-0,200667	0,000397	1,936546	0,660341	2,035038	-0,124488	-0,124488	0,000000	6,240548	0,509947	0,800472
136,600000	7,491946	7,523552	0,519580	0,094229	2,745622	-13446,401750	-10941,596418	-2984,920079	-12669,301611	-13116,404157	8,642068	231,506289	23,316551	23,838072	26,884476	23,856053	24,155321	-2,910273	1,164793	0,979774	231966,045388	-0,201538	0,000480	1,916877	0,660720	2,035681	-0,124493	-0,124486	0,000000	6,240837	0,510242	0,800509
136,800000	7,492135	7,523255	0,517753	0,093154	2,766200	-13428,820730	-10941,650405	-2985,069862	-12664,893634	-13111,996181	8,640265	231,471144	23,313565	23,836707	26,886841	23,858044	24,164334	-2,910152	1,165491	0,979749	231974,620278	-0,202139	0,000539	1,839404	0,661479	2,035326	-0,124487	-0,124478	0,000000	6,240295	0,511432	0,800440
137,000000	7,492305	7,522927	0,515604	0,093045	2,759996	-13411,344579	-10940,326376	-2985,139723	-12654,391327	-13101,493874	8,638755	231,429210	23,313794	23,835446	26,886810	23,862952	24,170037	-2,910221	1,166608	0,979362	231988,955401	-0,201925	0,000489	1,753472	0,662274	2,034206	-0,124481	-0,124472	0,000000	6,239649	0,512756	0,800357
137,200000	7,492180	7,522810	0,514982	0,093716	2,746104	-13400,723678	-10939,913414	-2985,255843	-12642,780208	-13089,882755	8,637464	231,467817	23,316291	23,835468	26,883677	23,868729	24,166894	-2,910411	1,166470	0,979147	232006,105205	-0,201533	0,000361	1,734529	0,662889	2,034486	-0,124481	-0,124479	0,000000	6,240244	0,513430	0,800433
137,400000	7,491710	7,523194	0,517001	0,094205	2,745639	-13399,740869	-10941,350094	-2985,332483	-12635,278820	-13082,381367	8,635961	231,495138	23,318841	23,836586	26,881974	23,867511	24,155822	-2,910500	1,166054	0,979413	232000,328818	-0,201553	0,000460	1,767466	0,663491	2,035653	-0,124484	-0,124489	0,000000	6,240665	0,513230	0,800487
137,600000	7,491393	7,523495	0,518654	0,094509	2,746160	-13406,081115	-10941,829081	-2985,277063	-12635,982705	-13083,085252	8,634191	231,378591	23,319171	23,837697	26,882337	23,857519	24,148139	-2,910295	1,165802	0,979870	231985,146734	-0,201542	0,000842	1,797455	0,664276	2,036028	-0,124489	-0,124486	0,000000	6,238870	0,513295	0,800257
137,800000	7,491433	7,523310	0,517993	0,094379	2,741092	-13408,262978	-10940,264289	-2985,250050	-12641,371452	-13088,473999	8,632480	231,219627	23,317280	23,837953	26,880622	23,848531	24,152102	-2,910073	1,165763	0,980317	231985,641779	-0,201191	0,001054	1,854026	0,665217	2,036122	-0,124491	-0,124475	0,000000	6,236420	0,514231	0,799943
138,000000	7,491580	7,523158	0,518110	0,093276	2,735150	-13410,820191	-10939,295107	-2985,198088	-12646,528649	-13093,631196	8,631128	231,149557	23,313634	23,838291	26,880234	23,846952	24,159762	-2,910204	1,165860	0,980738	231987,971685	-0,200777	0,000906	1,948117	0,665359	2,035287	-0,124483	-0,124472	0,000000	6,235340	0,514291	0,799804
138,200000	7,491460	7,523123	0,519106	0,092309	2,744317	-13420,389750	-10939,440957	-2984,932826	-12649,291382	-13096,393929	8,629952	231,157643	23,312684	23,839501	26,881202	23,851952	24,163153	-2,910512	1,166278	0,980888	231974,520142	-0,200542	0,000836	1,951432	0,664428	2,034329	-0,124473	-0,124481	0,000000	6,235465	0,513232	0,799820
138,400000	7,491001	7,522864	0,518485	0,093012	2,760707	-13423,319212	-10940,264759	-2984,861473	-12646,696232	-13093,798779	8,628603	231,197570	23,316150	23,841054	26,880807	23,861470	24,162092	-2,910501	1,166575	0,980478	231954,906982	-0,200989	0,000885	1,876682	0,663550	2,034681	-0,124472	-0,124487	0,000000	6,236080	0,512744	0,799899
138,600000	7,490744	7,522729	0,517697	0,094286	2,758108	-13414,717587	-10941,711994	-2985,116912	-12640,012337	-13087,114884	8,627071	231,214037	23,317216	23,841291	26,883653	23,869120	24,159517	-2,910280	1,166410	0,979941	231938,189686	-0,201487	0,000745	1,878437	0,663377	2,036276	-0,124478	-0,124491	0,000000	6,236334	0,512873	0,799932
138,800000	7,490849	7,522941	0,518557	0,094505	2,749099	-13411,450882	-10942,673387	-2985,275510	-12640,794806	-13087,897352	8,625389	231,168527	23,313618	23,838031	26,888107	23,866827	24,158137	-2,910182	1,166841	0,979565	231925,958215	-0,201373	0,000528	1,930231	0,663621	2,037501	-0,124483	-0,124492	0,000000	6,235632	0,512798	0,799842
139,000000	7,491253	7,523051	0,520454	0,093816	2,753331	-13424,957717	-10941,892453	-2985,215050	-12654,157740	-13101,260286	8,623820	231,062512	23,310771	23,835025	26,886406	23,856775	24,157986	-2,910135	1,166976	0,979625	231929,687697	-0,201182	0,000543	1,942866	0,663853	2,036802	-0,124486	-0,124484	0,000000	6,233998	0,512346	0,799632
139,200000	7,491752	7,522761	0,520680	0,093322	2,757368	-13442,574582	-10939,968783	-2985,093740	-12666,373297	-13113,475844	8,622516	230,963725	23,314568	23,836235	26,880582	23,849200	24,160817	-2,910142	1,165688	0,980274	231939,766782	-0,200913	0,000799	1,890626	0,664025	2,035248	-0,124485	-0,124474	0,000000	6,232475	0,512372	0,799437
139,400000	7,491563	7,522359	0,518456	0,093693	2,746553	-13442,858153	-10939,728964	-2985,018435	-12666,950230	-13114,052777	8,621062	230,929695	23,321173	23,838708	26,876538	23,850377	24,162018	-2,910294	1,165956	0,980712	231933,579111	-0,200284	0,000958	1,824006	0,664201	2,033827	-0,124479	-0,124475	0,000000	6,231950	0,513224	0,799369
139,600000	7,490598	7,522128	0,517473	0,093890	2,738243	-13429,723237	-10941,194710	-2984,981529	-12659,826617	-13106,929163	8,619432	230,939203	23,322696	23,839298	26,876051	23,857404	24,157382	-2,910477	1,167243	0,980520	231910,734092	-0,200228	0,000961	1,847569	0,664207	2,033940	-0,124479	-0,124484	0,000000	6,232097	0,513545	0,799388
139,800000	7,490029	7,521963	0,518886	0,093194	2,753137	-13421,655139	-10942,031783	-2985,031207	-12655,006940	-13102,109486	8,617828	230,962328	23,319672	23,839582	26,879062	23,863164	24,156339	-2,910335	1,166759	0,979924	231895,499568	-0,201308	0,000794	1,924757	0,663951	2,035814	-0,124488	-0,124489	0,000000	6,232453	0,512865	0,799434
140,000000	7,490207	7,521960	0,520285	0,092894	2,764650	-13420,683087	-10941,612296	-2985,349423	-12660,233981	-13107,336528	8,616088	230,984532	23,315660	23,839626	26,888249	23,864250	24,160812	-2,910078	1,166265	0,979703	231917,821183	-0,202386	0,000668	1,967015	0,663668	2,037106	-0,124494	-0,124486	0,000000	6,232796	0,512189	0,799478
140,200000	7,490361	7,521935	0,520205	0,093440	2,752737	-13424,564857	-10940,604212	-2985,928990	-12671,174615	-13118,277162	8,614440	230,999504	23,312982	23,836326	26,897814	23,860929	24,164421	-2,910115	1,165832	0,980249	231952,832101	-0,202818	0,000760	1,973881	0,663417	2,036485	-0,124492	-0,124482	0,000000	6,233027	0,512043	0,799508
140,400000	7,490480	7,521520	0,518898	0,093786	2,752058	-13431,424433	-10940,575763	-2986,166738	-12678,228513	-13125,331060	8,613064	231,024924	23,312763	23,833033	26,893963	23,856235	24,163816	-2,910159	1,165238	0,980546	231955,140065	-0,202907	0,000646	1,983674	0,663114	2,035148	-0,124490	-0,124482	0,000000	6,233418	0,512224	0,799558
140,600000	7,490634	7,521167	0,518338	0,093701	2,764249	-13438,074838	-10941,627784	-2985,702862	-12677,906798	-13125,009345	8,611710	231,074932	23,317357	23,834796	26,880307	23,854533	24,158110	-2,910164	1,166039	0,980291	231934,935120	-0,202731	0,000437	2,009691	0,662827	2,034704	-0,124487	-0,124484	0,000000	6,234189	0,512143	0,799657
140,800000	7,490203	7,521168	0,519916	0,093244	2,757151	-13446,076914	-10942,944168	-2985,400866	-12673,956737	-13121,059283	8,610246	231,103531	23,324596	23,838571	26,871328	23,856482	24,151767	-2,910322	1,166470	0,980279	231925,501319	-0,202434	0,000462	1,968218	0,662631	2,035213	-0,124486	-0,124485	0,000000	6,234630	0,511438	0,799713
141,000000	7,489390	7,521285	0,521136	0,093110	2,744182	-13450,058581	-10943,096750	-2985,738429	-12670,599587	-13117,702133	8,608717	231,097267	23,324910	23,839386	26,875367	23,857284	24,152183	-2,910490	1,165909	0,980511	231944,116324	-0,202071	0,000694	1,846885	0,662738	2,035596	-0,124489	-0,124479	0,000000	6,234534	0,511123	0,799701
141,200000	7,489236	7,521332	0,519833	0,093642	2,743947	-13438,086106	-10941,141081	-2985,996319	-12664,075954	-13111,178501	8,607268	231,128496	23,317309	23,838109	26,884894	23,854759	24,161348	-2,910354	1,166148	0,980437	231966,961564	-0,201595	0,000913	1,770831	0,663154	2,035644	-0,124489	-0,124477	0,000000	6,235015	0,511904	0,799763
141,400000	7,489725	7,521133	0,519022	0,093340	2,750243	-13417,594853	-10939,731728	-2986,133828	-12655,366300	-13102,468847	8,605728	231,200379	23,310661	23,837091	26,887959	23,854924	24,167749	-2,910134	1,166327	0,980304	231965,083089	-0,201689	0,000844	1,814156	0,663491	2,035600	-0,124484	-0,124480	0,000000	6,236123	0,512432	0,799905
141,600000	7,490195	7,520867	0,520652	0,092797	2,753052	-13412,392096	-10940,529576	-2986,140497	-12651,882039	-13098,984585	8,604121	231,259593	23,310928	23,836800	26,885981	23,859622	24,164024	-2,910194	1,165546	0,980399	231971,800405	-0,202133	0,000570	1,952379	0,663429	2,035286	-0,124481	-0,124484	0,000000	6,237036	0,511816	0,800022
141,800000	7,490290	7,520746	0,522156	0,093366	2,747427	-13425,576842	-10942,323211	-2985,593339	-12651,740182	-13098,842729	8,602831	231,292832	23,315347	23,837595	26,882471	23,861863	24,155717	-2,910233	1,164889	0,980627	231991,660902	-0,201966	0,000356	2,074690	0,662709	2,035389	-0,124486	-0,124487	0,000000	6,237548	0,510741	0,800088
142,000000	7,489749	7,520686	0,520930	0,093885	2,751380	-13432,564696	-10942,857684	-2985,174883	-12651,235416	-13098,337962	8,601541	231,304251	23,319429	23,838805	26,878217	23,858992	24,148537	-2,910298	1,165394	0,980868	231972,567141	-0,201588	0,000458	2,064431	0,661397	2,035661	-0,124492	-0,124485	0,000000	6,237724	0,510128	0,800110
142,200000	7,489157	7,520551	0,519032	0,093647	2,763631	-13419,188669	-10941,453779	-2985,354156	-12651,332307	-13098,434854	8,599824	231,344709	23,321546	23,839602	26,876304	23,853229	24,149241	-2,910532	1,166249	0,980990	231936,177171	-0,201370	0,000785	1,989675	0,659971	2,035781	-0,124493	-0,124478	0,000000	6,238347	0,509651	0,800190
142,400000	7,489083	7,520501	0,521469	0,093535	2,759505	-13408,113789	-10939,892144	-2985,706811	-12651,676088	-13098,778635	8,598040	231,427101	23,319137	23,839120	26,879920	23,848263	24,158452	-2,910484	1,166378	0,980871	231926,112886	-0,201592	0,000860	1,948273	0,658905	2,035883	-0,124489	-0,124472	0,000000	6,239617	0,508017	0,800353
142,600000	7,489178	7,520665	0,526270	0,093825	2,750732	-13419,723550	-10939,578024	-2985,641257	-12650,177388	-13097,279935	8,596561	231,481615	23,315198	23,837952	26,884255	23,850964	24,167049	-2,910212	1,166967	0,980418	231929,976706	-0,201618	0,000748	1,915009	0,658447	2,035370	-0,124484	-0,124472	0,000000	6,240457	0,506085	0,800461
142,800000	7,489154	7,520686	0,527967	0,093552	2,757041	-13432,720121	-10940,687392	-2984,925946	-12642,768869	-13089,871416	8,595072	231,541802	23,312974	23,837946	26,883875	23,860339	24,167923	-2,910216	1,167648	0,980232	231929,577300	-0,200274	0,000749	1,919813	0,658487	2,035087	-0,124481	-0,124480	0,000000	6,241384	0,505554	0,800580
143,000000	7,489060	7,520376	0,526490	0,093265	2,765900	-13427,124899	-10941,953608	-2984,442171	-12631,697511	-13078,800058	8,593443	231,648467	23,311874	23,838156	26,884580	23,866856	24,162040	-2,910311	1,167541	0,980124	231912,242707	-0,199574	0,000625	1,978216	0,658998	2,036097	-0,124477	-0,124489	0,000000	6,243027	0,506418	0,800790
143,200000	7,488776	7,520011	0,524157	0,094286	2,760799	-13410,909649	-10941,922234	-2984,854903	-12626,426963	-13073,529510	8,591959	231,704304	23,313348	23,838086	26,888513	23,865313	24,155836	-2,910244	1,167754	0,979783	231895,467286	-0,201046	0,000314	2,063881	0,660025	2,037480	-0,124480	-0,124489	0,000000	6,243887	0,507969	0,800901
143,400000	7,488376	7,519797	0,523472	0,095357	2,751791	-13391,126047	-10940,743786	-2985,534968	-12624,519345	-13071,621892	8,590606	231,674790	23,314135	23,838518	26,890835	23,856395	24,153084	-2,910292	1,166717	0,980017	231904,393967	-0,202460	0,000296	2,116312	0,661083	2,037280	-0,124486	-0,124487	0,000000	6,243432	0,509003	0,800842
143,600000	7,488326	7,519676	0,525035	0,094699	2,757566	-13378,624724	-10939,980867	-2985,670726	-12618,345481	-13065,448028	8,589220	231,657159	23,311744	23,837068	26,889686	23,847173	24,154849	-2,910482	1,164168	0,980368	231930,022753	-0,202256	0,000551	2,036928	0,661664	2,035598	-0,124486	-0,124489	0,000000	6,243161	0,508921	0,800807
143,800000	7,488504	7,519445	0,525935	0,093008	2,761940	-13377,092439	-10940,409698	-2985,361140	-12611,521263	-13058,623810	8,587692	231,674468	23,311216	23,834958	26,882284	23,846307	24,158848	-2,910481	1,163053	0,980717	231952,495681	-0,201573	0,000619	1,863487	0,662119	2,034159	-0,124483	-0,124487	0,000000	6,243427	0,508948	0,800842
144,000000	7,488472	7,519049	0,525409	0,092205	2,750210	-13376,665843	-10940,811940	-2985,284109	-12607,509267	-13054,611813	8,586151	231,659186	23,315411	23,836604	26,874791	23,854297	24,160080	-2,910340	1,162655	0,981418	231949,044859	-0,201797	0,000522	1,704943	0,663048	2,033469	-0,124481	-0,124482	0,000000	6,243192	0,509798	0,800811
144,200000	7,488119	7,519013	0,524949	0,092708	2,750770	-13372,376228	-10940,684314	-2985,196051	-12603,415349	-13050,517896	8,584764	231,616310	23,319691	23,839268	26,875388	23,863396	24,159304	-2,910366	1,162327	0,981391	231937,215512	-0,201928	0,000413	1,649120	0,664450	2,033871	-0,124482	-0,124481	0,000000	6,242532	0,511025	0,800727
144,400000	7,487811	7,519359	0,524547	0,093505	2,762924	-13362,152752	-10940,784429	-2984,969738	-12598,677716	-13045,780263	8,583403	231,568805	23,316706	23,839185	26,880899	23,865300	24,159200	-2,910327	1,163562	0,980614	231945,640505	-0,201796	0,000336	1,716174	0,665691	2,035392	-0,124486	-0,124486	0,000000	6,241800	0,512145	0,800633
144,600000	7,487940	7,519208	0,524385	0,094096	2,758913	-13354,186812	-10941,242222	-2985,326816	-12600,004023	-13047,106570	8,581947	231,471635	23,309703	23,837894	26,887854	23,859720	24,160264	-2,910090	1,164633	0,980115	231946,585478	-0,202653	0,000307	1,814384	0,665943	2,036903	-0,124489	-0,124487	0,000000	6,240303	0,512398	0,800441
144,800000	7,488089	7,518702	0,525090	0,094157	2,750313	-13359,531575	-10941,273107	-2985,995693	-12612,988349	-13060,090895	8,580366	231,338227	23,308862	23,837099	26,889605	23,852938	24,160028	-2,910099	1,164586	0,979893	231934,064700	-0,202968	0,000435	1,864723	0,664981	2,036512	-0,124490	-0,124486	0,000000	6,238248	0,511395	0,800177
145,000000	7,487821	7,518648	0,526742	0,093495	2,751650	-13376,760243	-10940,750118	-2986,107499	-12627,369814	-13074,472361	8,578719	231,257202	23,315243	23,836098	26,882272	23,850527	24,155328	-2,910419	1,164787	0,979930	231942,891356	-0,202249	0,000793	1,864413	0,663716	2,034092	-0,124486	-0,124484	0,000000	6,236999	0,509856	0,800017
145,200000	7,487459	7,518741	0,528660	0,093041	2,759733	-13390,235798	-10940,220185	-2985,495191	-12626,311107	-13073,413654	8,577273	231,262420	23,323375	23,837118	26,873557	23,851630	24,150094	-2,910645	1,164905	0,980335	231961,835490	-0,201770	0,000981	1,857148	0,663228	2,032603	-0,124481	-0,124481	0,000000	6,237079	0,508831	0,800027
145,400000	7,487237	7,518415	0,529673	0,093411	2,765273	-13389,016002	-10939,854370	-2984,881925	-12609,666464	-13056,769011	8,575965	231,304657	23,326097	23,841061	26,873527	23,852904	24,148898	-2,910614	1,164833	0,980459	231960,954049	-0,201033	0,000866	1,830959	0,663406	2,033663	-0,124482	-0,124483	0,000000	6,237730	0,508604	0,800111
145,600000	7,487116	7,518283	0,529849	0,093744	2,760717	-13379,774140	-10940,683552	-2984,729434	-12594,928232	-13042,030779	8,574480	231,307394	23,320129	23,842686	26,881522	23,854116	24,153934	-2,910522	1,165004	0,980162	231951,548002	-0,199926	0,000672	1,811332	0,663449	2,035580	-0,124486	-0,124491	0,000000	6,237772	0,508581	0,800116
145,800000	7,487178	7,518803	0,530183	0,093531	2,763587	-13374,660225	-10942,223695	-2984,861085	-12595,773933	-13042,876480	8,572892	231,252901	23,310134	23,839836	26,888272	23,854941	24,163151	-2,910490	1,165679	0,979817	231946,579319	-0,199554	0,000545	1,896922	0,662828	2,036626	-0,124486	-0,124494	0,000000	6,236933	0,508041	0,800009
146,000000	7,487250	7,519114	0,529994	0,093610	2,773365	-13375,631160	-10942,271549	-2985,105731	-12605,041684	-13052,144231	8,571330	231,200020	23,305240	23,836392	26,889240	23,856070	24,168136	-2,910356	1,166171	0,979692	231942,931985	-0,200318	0,000586	1,980629	0,661851	2,036614	-0,124485	-0,124487	0,000000	6,236118	0,507381	0,799904
146,200000	7,487161	7,518611	0,530280	0,093559	2,769546	-13380,309556	-10940,970458	-2985,087664	-12611,794840	-13058,897387	8,569675	231,220982	23,311333	23,835738	26,883927	23,857359	24,163587	-2,910235	1,165374	0,980090	231939,455216	-0,201311	0,000602	1,939481	0,661341	2,035897	-0,124485	-0,124481	0,000000	6,236441	0,506858	0,799945
146,400000	7,486912	7,517903	0,532604	0,093037	2,762862	-13390,165728	-10940,318045	-2984,912792	-12614,251295	-13061,353842	8,568037	231,288621	23,320348	23,837337	26,878305	23,855995	24,152572	-2,910360	1,164945	0,980483	231928,610950	-0,201353	0,000538	1,833344	0,661452	2,034891	-0,124488	-0,124484	0,000000	6,237483	0,506119	0,800079
146,600000	7,486568	7,517662	0,533874	0,093768	2,767165	-13397,781507	-10940,657911	-2984,986879	-12611,433236	-13058,535783	8,566767	231,313729	23,320661	23,839178	26,878472	23,852888	24,146772	-2,910572	1,165562	0,980170	231925,220943	-0,200740	0,000452	1,726406	0,661986	2,034693	-0,124487	-0,124490	0,000000	6,237870	0,506091	0,800129
146,800000	7,486446	7,517631	0,532638	0,094815	2,771237	-13400,266068	-10941,440477	-2985,156307	-12611,451314	-13058,553861	8,565580	231,250989	23,314034	23,839068	26,882622	23,850338	24,151281	-2,910597	1,165863	0,979503	231943,740004	-0,200731	0,000359	1,711914	0,662775	2,035645	-0,124484	-0,124489	0,000000	6,236903	0,507108	0,800005
147,000000	7,486780	7,517551	0,530670	0,093999	2,762813	-13400,486205	-10942,258622	-2984,952680	-12622,641698	-13069,744245	8,564067	231,040988	23,309112	23,838122	26,886130	23,848919	24,159178	-2,910435	1,166885	0,979015	231974,792203	-0,200777	0,000365	1,795757	0,663232	2,035701	-0,124484	-0,124487	0,000000	6,233666	0,508113	0,799590
147,200000	7,487227	7,517419	0,529437	0,092833	2,756493	-13401,141126	-10942,678813	-2984,638956	-12635,961827	-13083,064374	8,562440	230,757125	23,309084	23,837857	26,886624	23,851402	24,165447	-2,910353	1,167728	0,978957	231994,886692	-0,200186	0,000423	1,839084	0,663314	2,034794	-0,124485	-0,124488	0,000000	6,229289	0,508580	0,799028
147,400000	7,487187	7,517241	0,529151	0,092787	2,768214	-13403,948136	-10943,248720	-2984,691866	-12640,563515	-13087,666061	8,560909	230,619510	23,311412	23,837722	26,885822	23,858584	24,166211	-2,910382	1,167054	0,979218	231973,878661	-0,199881	0,000589	1,842467	0,663507	2,035008	-0,124482	-0,124486	0,000000	6,227165	0,508811	0,798756
147,600000	7,486783	7,517200	0,527638	0,092981	2,772950	-13396,977735	-10943,751239	-2984,723649	-12636,114847	-13083,217393	8,559437	230,647891	23,314722	23,838835	26,884610	23,863966	24,159653	-2,910405	1,166426	0,979853	231942,504050	-0,199944	0,000852	1,847171	0,663838	2,035607	-0,124476	-0,124483	0,000000	6,227603	0,509563	0,798812
147,800000	7,486372	7,517074	0,524669	0,093359	2,757727	-13380,652790	-10943,396617	-2984,806336	-12630,651104	-13077,753650	8,558012	230,707013	23,317247	23,839612	26,882555	23,860177	24,151389	-2,910322	1,164686	0,980272	231939,573891	-0,200725	0,000696	1,822581	0,664034	2,036212	-0,124482	-0,124486	0,000000	6,228515	0,510694	0,798929
148,000000	7,486011	7,516903	0,522831	0,094196	2,754814	-13374,927205	-10941,683991	-2985,280106	-12634,728824	-13081,831371	8,556560	230,731564	23,315264	23,838368	26,882864	23,850174	24,149718	-2,910162	1,162658	0,979843	231964,669353	-0,202460	0,000255	1,856583	0,663864	2,036803	-0,124494	-0,124488	0,000000	6,228894	0,511172	0,798977
148,200000	7,485749	7,517110	0,523854	0,094009	2,762272	-13383,549162	-10939,708780	-2985,723220	-12648,470048	-13095,572594	8,554915	230,729419	23,311812	23,837569	26,885203	23,844648	24,155716	-2,910155	1,162867	0,979604	231990,465128	-0,203488	0,000315	1,951825	0,663688	2,035610	-0,124497	-0,124483	0,000000	6,228861	0,510711	0,798973
148,400000	7,485642	7,517444	0,527458	0,092527	2,754822	-13400,803871	-10939,667308	-2985,709382	-12659,008665	-13106,111212	8,553281	230,732358	23,311071	23,838039	26,883969	23,848101	24,161861	-2,910241	1,163196	0,979846	231979,172708	-0,203331	0,000623	1,983940	0,663845	2,033632	-0,124489	-0,124478	0,000000	6,228906	0,509643	0,798979
148,600000	7,485842	7,517375	0,530286	0,092149	2,747586	-13419,690191	-10941,315648	-2985,419386	-12655,147475	-13102,250022	8,551893	230,737430	23,313105	23,840016	26,880531	23,856691	24,164308	-2,910274	1,163433	0,980196	231951,394891	-0,202625	0,000610	1,977269	0,664175	2,033770	-0,124484	-0,124481	0,000000	6,228985	0,508940	0,798989
148,800000	7,485952	7,516951	0,528350	0,093381	2,754407	-13415,190945	-10943,015616	-2985,043309	-12640,367502	-13087,470048	8,550523	230,707200	23,315654	23,842469	26,880858	23,864515	24,162159	-2,910304	1,165058	0,980097	231936,893872	-0,201388	0,000391	1,940181	0,664481	2,036246	-0,124482	-0,124488	0,000000	6,228518	0,509791	0,798929
149,000000	7,485728	7,516689	0,523814	0,094116	2,767249	-13387,593830	-10942,995874	-2984,815363	-12628,568381	-13075,670927	8,549009	230,671007	23,313381	23,840804	26,886642	23,865917	24,157242	-2,910285	1,166330	0,979475	231931,518068	-0,200682	0,000163	1,837011	0,664206	2,037510	-0,124481	-0,124489	0,000000	6,227960	0,511095	0,798858
149,200000	7,485691	7,516742	0,523076	0,093535	2,772591	-13374,307941	-10940,779585	-2985,009544	-12629,658822	-13076,761369	8,547555	230,740410	23,307859	23,836305	26,889341	23,858339	24,155703	-2,910238	1,165890	0,979540	231928,484006	-0,201302	0,000126	1,770273	0,663303	2,036865	-0,124485	-0,124484	0,000000	6,229031	0,510663	0,798995
149,400000	7,485776	7,516682	0,527368	0,092691	2,762436	-13392,720032	-10938,818221	-2985,364423	-12640,852268	-13087,954815	8,546247	230,911866	23,307823	23,834289	26,884655	23,849363	24,157071	-2,910173	1,164292	0,980487	231925,892109	-0,202050	0,000420	1,817899	0,662520	2,035719	-0,124491	-0,124478	0,000000	6,231675	0,508618	0,799334
149,600000	7,485757	7,516496	0,531451	0,092591	2,758342	-13419,949657	-10938,883550	-2985,462404	-12648,816206	-13095,918752	8,544909	231,054030	23,314637	23,835600	26,879002	23,848798	24,157171	-2,910179	1,163169	0,981269	231940,716830	-0,202129	0,000757	1,888957	0,662054	2,033651	-0,124492	-0,124472	0,000000	6,233867	0,506882	0,799615
149,800000	7,485474	7,516557	0,530365	0,093006	2,765906	-13425,379629	-10940,165979	-2985,233805	-12644,422704	-13091,525251	8,543564	231,098825	23,318841	23,838295	26,875672	23,854244	24,156334	-2,910394	1,163594	0,981153	231959,815962	-0,201880	0,000818	1,908709	0,662015	2,032996	-0,124487	-0,124473	0,000000	6,234558	0,507205	0,799704
150,000000	7,485015	7,516710	0,525202	0,093261	2,760795	-13407,048614	-10942,139002	-2985,033282	-12637,199305	-13084,301852	8,542255	231,090304	23,316524	23,840430	26,877137	23,858803	24,157108	-2,910510	1,164554	0,980211	231960,951559	-0,201296	0,000685	1,878142	0,662780	2,034793	-0,124483	-0,124483	0,000000	6,234426	0,509519	0,799687
150,200000	7,484939	7,516651	0,521450	0,093278	2,752246	-13386,634007	-10943,348870	-2985,194420	-12640,137231	-13087,239778	8,540645	231,093869	23,312381	23,841117	26,883035	23,859765	24,160250	-2,910317	1,165749	0,979379	231959,279882	-0,201033	0,000570	1,808463	0,663939	2,036938	-0,124487	-0,124492	0,000000	6,234481	0,511675	0,799694
150,400000	7,485262	7,516533	0,522668	0,092983	2,758941	-13389,982443	-10942,376835	-2985,627169	-12652,126208	-13099,228755	8,538761	231,117864	23,307415	23,838477	26,890233	23,858452	24,163459	-2,910108	1,165881	0,979764	231946,571622	-0,202080	0,000591	1,787365	0,664588	2,037452	-0,124492	-0,124490	0,000000	6,234851	0,511774	0,799742
150,600000	7,485507	7,516315	0,526569	0,092812	2,764947	-13412,516420	-10940,439404	-2985,861772	-12660,677964	-13107,780511	8,536965	231,165701	23,304346	23,834214	26,893689	23,857014	24,163319	-2,910102	1,164737	0,980422	231936,501291	-0,203583	0,000652	1,831654	0,664458	2,036367	-0,124488	-0,124483	0,000000	6,235589	0,510366	0,799836
150,800000	7,485065	7,515727	0,527843	0,093069	2,755808	-13418,293192	-10939,185710	-2985,728985	-12653,477967	-13100,580514	8,535322	231,218394	23,308658	23,833503	26,888636	23,855780	24,157655	-2,910229	1,165475	0,980153	231948,564958	-0,204055	0,000754	1,863605	0,663771	2,035501	-0,124482	-0,124478	0,000000	6,236401	0,509371	0,799940
151,000000	7,484202	7,515100	0,525153	0,093189	2,748641	-13397,942567	-10939,945254	-2985,323618	-12634,472537	-13081,575084	8,534069	231,230464	23,318414	23,836257	26,880742	23,856131	24,149454	-2,910466	1,166449	0,979521	231956,289019	-0,202619	0,000876	1,844048	0,662917	2,035387	-0,124481	-0,124477	0,000000	6,236587	0,509557	0,799964
151,200000	7,483663	7,514992	0,521381	0,093599	2,761995	-13375,619961	-10942,238684	-2984,810507	-12619,541269	-13066,643816	8,533193	231,207179	23,322879	23,839421	26,880259	23,854939	24,148694	-2,910592	1,165999	0,978865	231953,371243	-0,200241	0,000763	1,845136	0,662313	2,035753	-0,124479	-0,124484	0,000000	6,236228	0,510343	0,799918
151,400000	7,483633	7,515404	0,520019	0,094338	2,770536	-13369,818637	-10943,247296	-2984,840464	-12622,590768	-13069,693315	8,532079	231,179825	23,315701	23,840385	26,886060	23,851289	24,157852	-2,910363	1,166365	0,978716	231952,395416	-0,199785	0,000485	1,925921	0,662065	2,036145	-0,124480	-0,124487	0,000000	6,235806	0,510642	0,799864
151,600000	7,484054	7,515690	0,522792	0,093794	2,754193	-13384,531558	-10941,934916	-2985,177081	-12636,540691	-13083,643238	8,530399	231,228900	23,305427	23,839431	26,888003	23,851705	24,166871	-2,910090	1,165957	0,979498	231971,400298	-0,201067	0,000358	1,995601	0,662104	2,036455	-0,124487	-0,124482	0,000000	6,236563	0,509764	0,799961
151,800000	7,484335	7,515519	0,527414	0,092402	2,748704	-13406,526240	-10940,454074	-2985,063118	-12641,562950	-13088,665497	8,528545	231,389598	23,302789	23,839316	26,885241	23,856212	24,167562	-2,910087	1,164505	0,980139	231994,883581	-0,201254	0,000528	1,979840	0,662193	2,036224	-0,124488	-0,124481	0,000000	6,239039	0,508275	0,800279
152,000000	7,483989	7,515302	0,529442	0,092826	2,761285	-13415,706425	-10940,756767	-2984,930956	-12637,312054	-13084,414601	8,526941	231,536221	23,308093	23,839703	26,881777	23,860883	24,160209	-2,910339	1,164372	0,980242	231985,990908	-0,200603	0,000713	1,916568	0,662040	2,035333	-0,124484	-0,124480	0,000000	6,241298	0,507464	0,800568
152,200000	7,483467	7,515158	0,526987	0,094492	2,761355	-13406,828532	-10942,333400	-2984,932276	-12632,137877	-13079,240423	8,525489	231,589950	23,314233	23,839466	26,879175	23,861821	24,150187	-2,910513	1,164088	0,980124	231962,373090	-0,200550	0,000622	1,911548	0,662032	2,035170	-0,124485	-0,124477	0,000000	6,242126	0,508261	0,800675
152,400000	7,483279	7,515065	0,523134	0,094514	2,755982	-13388,353825	-10942,710987	-2984,690296	-12628,784709	-13075,887256	8,524058	231,586211	23,316290	23,839115	26,879653	23,856624	24,145282	-2,910479	1,163074	0,980006	231946,453607	-0,200855	0,000550	1,959550	0,662546	2,035787	-0,124489	-0,124479	0,000000	6,242068	0,509938	0,800667
152,600000	7,483333	7,515229	0,522009	0,093310	2,758429	-13381,742957	-10941,655698	-2984,541180	-12631,442495	-13078,545042	8,522657	231,540521	23,314117	23,838507	26,881996	23,848309	24,150877	-2,910521	1,162194	0,980253	231933,477570	-0,200953	0,000666	1,941394	0,663056	2,035613	-0,124491	-0,124476	0,000000	6,241364	0,510723	0,800577
152,800000	7,483374	7,515379	0,522867	0,093015	2,763483	-13392,935556	-10940,885931	-2984,629543	-12639,665575	-13086,768122	8,521245	231,473667	23,309152	23,837901	26,884505	23,845181	24,160469	-2,910496	1,161365	0,980859	231923,061607	-0,200249	0,000776	1,880089	0,663105	2,035113	-0,124488	-0,124473	0,000000	6,240334	0,510487	0,800445
153,000000	7,483285	7,515191	0,522378	0,093237	2,762566	-13398,619128	-10941,065596	-2984,915836	-12643,500866	-13090,603413	8,519697	231,432269	23,306109	23,837919	26,888096	23,852457	24,164394	-2,910311	1,160772	0,981317	231918,411873	-0,199839	0,000904	1,889528	0,662789	2,035030	-0,124478	-0,124478	0,000000	6,239697	0,510403	0,800363
153,200000	7,483094	7,514921	0,520160	0,092934	2,749690	-13388,553696	-10941,925058	-2985,241907	-12635,056307	-13082,158854	8,517995	231,424376	23,307588	23,838368	26,888155	23,861770	24,160170	-2,910298	1,160144	0,980920	231914,882061	-0,200536	0,000999	1,917944	0,662492	2,035260	-0,124471	-0,124483	0,000000	6,239575	0,510902	0,800347
153,400000	7,483031	7,514771	0,518030	0,093191	2,744365	-13373,839650	-10941,511172	-2985,270705	-12623,217304	-13070,319851	8,516297	231,406260	23,310374	23,838747	26,882709	23,864408	24,152734	-2,910374	1,160659	0,980442	231916,229955	-0,200795	0,000920	1,882673	0,662411	2,036735	-0,124476	-0,124485	0,000000	6,239296	0,511538	0,800312
153,600000	7,483140	7,514818	0,517853	0,094371	2,750869	-13366,945632	-10940,096439	-2985,158108	-12622,015649	-13069,118196	8,514684	231,401402	23,312328	23,839173	26,880030	23,858937	24,150224	-2,910295	1,162060	0,980107	231925,167155	-0,200334	0,000646	1,843125	0,662227	2,037878	-0,124485	-0,124486	0,000000	6,239221	0,511453	0,800302
153,800000	7,483229	7,514883	0,519979	0,094273	2,746555	-13375,416771	-10939,750477	-2985,077145	-12628,928952	-13076,031498	8,513257	231,446539	23,311409	23,838327	26,881992	23,848877	24,152045	-2,910224	1,161422	0,979497	231930,068302	-0,200309	0,000424	1,864090	0,661916	2,036861	-0,124491	-0,124484	0,000000	6,239916	0,510506	0,800391
154,000000	7,483266	7,514681	0,522272	0,092739	2,739900	-13391,432028	-10939,794522	-2985,128386	-12632,750867	-13079,853414	8,511994	231,480916	23,308324	23,836797	26,881480	23,843505	24,155397	-2,910232	1,160563	0,979475	231947,366712	-0,200963	0,000509	1,894971	0,662064	2,034537	-0,124492	-0,124480	0,000000	6,240446	0,509840	0,800459
154,200000	7,483061	7,514413	0,522484	0,092006	2,749725	-13398,602710	-10939,457611	-2985,296024	-12632,747686	-13079,850233	8,510726	231,498103	23,309403	23,838048	26,876074	23,847846	24,158084	-2,910311	1,161723	0,980188	231975,193297	-0,201518	0,000861	1,894027	0,662715	2,033388	-0,124486	-0,124477	0,000000	6,240711	0,510243	0,800493
154,400000	7,482537	7,514125	0,520675	0,092453	2,764878	-13396,241618	-10939,148235	-2985,345062	-12634,612193	-13081,714739	8,509408	231,530393	23,314802	23,840751	26,872456	23,857288	24,156824	-2,910438	1,162798	0,980863	231975,142868	-0,201630	0,001028	1,926133	0,663265	2,033934	-0,124479	-0,124475	0,000000	6,241208	0,511246	0,800557
154,600000	7,482243	7,513846	0,519324	0,093360	2,762327	-13392,594251	-10939,854131	-2985,149770	-12634,689386	-13081,791933	8,507937	231,544318	23,315217	23,841464	26,876640	23,862036	24,154964	-2,910338	1,163591	0,980620	231948,708440	-0,201395	0,000659	1,957774	0,663627	2,034917	-0,124481	-0,124482	0,000000	6,241423	0,511970	0,800584
154,800000	7,482488	7,513853	0,521020	0,093799	2,749117	-13397,768506	-10941,163543	-2985,299303	-12634,425234	-13081,527781	8,506250	231,513306	23,307271	23,838964	26,884153	23,858274	24,156038	-2,910054	1,163952	0,980119	231929,959565	-0,201636	0,000273	1,910116	0,664211	2,036577	-0,124490	-0,124490	0,000000	6,240945	0,511866	0,800523
155,000000	7,482719	7,514024	0,524234	0,093443	2,753668	-13415,422411	-10941,942445	-2985,893709	-12641,596437	-13088,698983	8,504545	231,471205	23,301787	23,835774	26,885914	23,852188	24,157336	-2,909924	1,163494	0,980308	231947,388573	-0,202325	0,000252	1,889321	0,665216	2,037335	-0,124494	-0,124486	0,000000	6,240296	0,511578	0,800440
155,200000	7,482586	7,513974	0,524546	0,093415	2,760195	-13424,603113	-10941,370284	-2985,898926	-12652,039960	-13099,142507	8,502972	231,380291	23,305847	23,834779	26,881944	23,849141	24,154667	-2,910076	1,163848	0,980738	231976,069513	-0,202411	0,000487	1,970209	0,666296	2,035882	-0,124493	-0,124481	0,000000	6,238896	0,512296	0,800260
155,400000	7,482523	7,513552	0,522144	0,093904	2,746419	-13417,049988	-10939,094154	-2985,283929	-12655,909548	-13103,012095	8,501520	231,196179	23,313196	23,836428	26,874819	23,850534	24,151402	-2,910310	1,164052	0,981157	231974,512857	-0,202160	0,000777	2,018575	0,666799	2,033947	-0,124491	-0,124476	0,000000	6,236058	0,513451	0,799896
155,600000	7,482450	7,513056	0,520833	0,093927	2,743907	-13408,053725	-10938,456704	-2984,863890	-12650,050306	-13097,152852	8,500195	231,088152	23,318716	23,840609	26,870032	23,853971	24,150922	-2,910413	1,164155	0,981145	231965,506274	-0,201568	0,000980	1,927893	0,666736	2,033734	-0,124487	-0,124474	0,000000	6,234393	0,513799	0,799683
155,800000	7,481924	7,513117	0,521575	0,093848	2,757983	-13407,500498	-10940,569480	-2984,783809	-12645,171766	-13092,274313	8,498825	231,120415	23,319166	23,843173	26,874809	23,855439	24,152400	-2,910512	1,165827	0,980636	231965,353541	-0,200690	0,001001	1,807357	0,666516	2,034934	-0,124480	-0,124480	0,000000	6,234891	0,513386	0,799747
156,000000	7,481466	7,513534	0,523165	0,094243	2,759594	-13416,693137	-10941,866108	-2985,070592	-12652,113342	-13099,215889	8,497250	231,160241	23,311425	23,840809	26,883550	23,854947	24,158032	-2,910449	1,166888	0,980261	231944,798369	-0,200571	0,000761	1,827640	0,666289	2,035989	-0,124480	-0,124484	0,000000	6,235505	0,512720	0,799825
156,200000	7,481642	7,513622	0,523061	0,094199	2,755600	-13427,505303	-10941,966487	-2985,591653	-12662,542342	-13109,644889	8,495654	231,191590	23,301440	23,836923	26,888693	23,853891	24,164337	-2,910091	1,166763	0,979897	231921,901924	-0,201457	0,000475	1,953744	0,666189	2,036247	-0,124490	-0,124482	0,000000	6,235988	0,512699	0,799887
156,400000	7,482268	7,513462	0,519321	0,093654	2,757328	-13428,592450	-10942,090227	-2985,674908	-12665,344351	-13112,446898	8,494196	231,191286	23,299377	23,835496	26,886133	23,854592	24,162840	-2,909949	1,166750	0,979781	231935,336672	-0,202365	0,000368	2,017056	0,666260	2,035835	-0,124498	-0,124477	0,000000	6,235983	0,514005	0,799887
156,600000	7,482673	7,513189	0,515378	0,093367	2,760979	-13416,452646	-10942,034149	-2985,189861	-12662,891445	-13109,993991	8,492812	231,101748	23,307623	23,836746	26,880021	23,855282	24,152873	-2,910223	1,166630	0,980191	231951,445028	-0,202220	0,000478	1,961341	0,666520	2,035322	-0,124494	-0,124476	0,000000	6,234603	0,515515	0,799710
156,800000	7,482269	7,512880	0,515711	0,093810	2,758695	-13408,185622	-10941,176910	-2984,884142	-12659,563021	-13106,665568	8,491543	230,993227	23,316003	23,838504	26,877484	23,852062	24,144404	-2,910518	1,166289	0,980201	231947,954647	-0,201435	0,000664	1,914769	0,666650	2,034777	-0,124485	-0,124482	0,000000	6,232930	0,515476	0,799495
157,000000	7,481379	7,512735	0,519843	0,094976	2,745011	-13415,830309	-10939,856710	-2985,005834	-12656,554828	-13103,657375	8,490171	230,929177	23,315841	23,839220	26,876380	23,847766	24,145099	-2,910500	1,165581	0,979795	231961,595445	-0,200936	0,000831	1,962801	0,666272	2,035016	-0,124485	-0,124482	0,000000	6,231942	0,513771	0,799368
157,200000	7,480909	7,512755	0,523590	0,094973	2,741483	-13426,683732	-10940,310530	-2985,124562	-12653,424744	-13100,527291	8,488429	230,883692	23,310376	23,839193	26,877453	23,845572	24,151672	-2,910306	1,165305	0,979764	231987,097609	-0,200555	0,000847	1,991231	0,665817	2,036021	-0,124489	-0,124478	0,000000	6,231241	0,512160	0,799278
157,400000	7,481094	7,512877	0,522456	0,093388	2,754321	-13425,194699	-10941,763762	-2985,224649	-12651,625707	-13098,728253	8,486766	230,840413	23,305282	23,838423	26,881198	23,848120	24,160008	-2,910280	1,165440	0,979990	231989,464077	-0,200417	0,000696	1,966555	0,665837	2,036453	-0,124486	-0,124480	0,000000	6,230573	0,512572	0,799193
157,600000	7,481213	7,513080	0,518530	0,093054	2,757696	-13409,000223	-10941,677397	-2985,403034	-12650,717722	-13097,820269	8,485512	230,834519	23,302665	23,837373	26,883453	23,854548	24,165423	-2,910382	1,164832	0,980204	231979,368835	-0,200591	0,000719	1,976247	0,666181	2,035969	-0,124484	-0,124486	0,000000	6,230482	0,514181	0,799181
157,800000	7,481055	7,513261	0,518284	0,094287	2,752321	-13400,797329	-10941,367871	-2985,478279	-12649,433412	-13096,535958	8,484360	230,897693	23,303050	23,837269	26,883457	23,859368	24,160803	-2,910389	1,164756	0,980180	231976,948238	-0,200742	0,000802	2,008797	0,666254	2,035650	-0,124484	-0,124491	0,000000	6,231457	0,514332	0,799306
158,000000	7,480957	7,513135	0,520433	0,095045	2,755881	-13410,108808	-10942,099287	-2985,260330	-12650,736779	-13097,839325	8,482960	230,963914	23,306862	23,838140	26,881698	23,857524	24,150512	-2,910324	1,165313	0,979531	231997,855114	-0,200357	0,000628	1,998539	0,665809	2,036055	-0,124485	-0,124492	0,000000	6,232478	0,513249	0,799437
158,200000	7,480721	7,512691	0,519584	0,095087	2,761900	-13416,656535	-10941,773467	-2985,163292	-12656,690927	-13103,793474	8,481220	230,952701	23,310269	23,839359	26,881425	23,849208	24,145315	-2,910368	1,164824	0,979318	232025,261684	-0,200226	0,000453	1,943248	0,665086	2,036020	-0,124484	-0,124486	0,000000	6,232305	0,512949	0,799415
158,400000	7,480188	7,512368	0,516682	0,094698	2,752492	-13415,419019	-10940,379263	-2985,355087	-12668,217558	-13115,320104	8,479464	230,912311	23,309829	23,839321	26,880955	23,843221	24,148182	-2,910547	1,164974	0,980426	232017,536035	-0,201247	0,000639	1,895400	0,664483	2,035551	-0,124481	-0,124471	0,000000	6,231682	0,513445	0,799335
158,600000	7,479921	7,512232	0,515780	0,093874	2,737386	-13415,106135	-10940,399329	-2985,269696	-12673,788661	-13120,891208	8,478029	230,923063	23,306987	23,837815	26,876141	23,842822	24,154676	-2,910610	1,165437	0,981311	231981,313199	-0,201399	0,001064	1,916864	0,664177	2,034841	-0,124478	-0,124466	0,000000	6,231848	0,513500	0,799356
158,800000	7,480075	7,511940	0,518231	0,093519	2,742225	-13415,830633	-10942,465651	-2984,922101	-12661,048435	-13108,150981	8,476719	230,996938	23,305693	23,837329	26,874409	23,847716	24,158658	-2,910488	1,165151	0,980936	231955,997463	-0,200320	0,001221	1,992369	0,663913	2,034541	-0,124473	-0,124475	0,000000	6,232987	0,512447	0,799502
159,000000	7,480199	7,511724	0,521877	0,094380	2,749282	-13414,964739	-10943,407286	-2984,578974	-12639,181260	-13086,283807	8,475371	231,120933	23,308349	23,838925	26,877428	23,857188	24,158349	-2,910352	1,166468	0,979925	231960,843624	-0,199579	0,000869	2,018311	0,663620	2,035758	-0,124479	-0,124484	0,000000	6,234899	0,510982	0,799748
159,200000	7,480010	7,512016	0,522589	0,095381	2,740211	-13411,835121	-10942,791364	-2984,594663	-12626,309769	-13073,412315	8,474028	231,224052	23,309101	23,839498	26,882382	23,862146	24,154516	-2,910201	1,167490	0,978992	231970,900795	-0,199693	0,000322	1,940202	0,663495	2,037245	-0,124491	-0,124488	0,000000	6,236488	0,510672	0,799952
159,400000	7,479551	7,512332	0,519240	0,095275	2,747529	-13402,669702	-10943,173491	-2985,129798	-12631,845137	-13078,947684	8,472550	231,225089	23,306080	23,837192	26,887930	23,857408	24,150644	-2,910105	1,166255	0,978819	231971,779061	-0,200720	0,000161	1,864787	0,663783	2,037262	-0,124495	-0,124488	0,000000	6,236504	0,512054	0,799954
159,600000	7,479408	7,511997	0,515885	0,094488	2,766826	-13388,524604	-10942,361744	-2985,431726	-12646,843706	-13093,946253	8,470863	231,168016	23,305577	23,835813	26,887020	23,848189	24,150844	-2,910186	1,165115	0,979570	231978,062429	-0,201811	0,000596	1,899603	0,664130	2,035845	-0,124492	-0,124484	0,000000	6,235624	0,513436	0,799841
159,800000	7,479838	7,511346	0,516529	0,093956	2,762712	-13385,268549	-10940,425798	-2985,402522	-12654,936517	-13102,039064	8,469218	231,131255	23,309471	23,837072	26,879157	23,844132	24,154330	-2,910376	1,163755	0,980119	231986,245896	-0,202549	0,001052	1,942888	0,663365	2,034213	-0,124490	-0,124480	0,000000	6,235058	0,512571	0,799768
160,000000	7,480188	7,511231	0,520576	0,094046	2,749133	-13405,546486	-10940,778542	-2985,301993	-12650,183761	-13097,286307	8,467993	231,131719	23,313587	23,838257	26,872326	23,847538	24,155918	-2,910598	1,162873	0,979943	231984,910206	-0,202459	0,001097	1,956476	0,661749	2,033481	-0,124485	-0,124483	0,000000	6,235065	0,509941	0,799769
160,200000	7,479783	7,511437	0,524038	0,093885	2,745020	-13427,866044	-10942,523330	-2985,058479	-12638,670475	-13085,773022	8,466905	231,134255	23,312803	23,838820	26,874529	23,852658	24,153701	-2,910673	1,164233	0,979602	231987,697454	-0,201578	0,000875	1,993149	0,660815	2,034533	-0,124482	-0,124491	0,000000	6,235104	0,508079	0,799774
160,400000	7,479151	7,511350	0,524594	0,093194	2,749108	-13427,755902	-10942,955015	-2985,072786	-12630,722803	-13077,825350	8,465386	231,118328	23,308678	23,840634	26,882263	23,855456	24,153640	-2,910511	1,165668	0,979237	231996,258596	-0,200997	0,000597	1,955703	0,661068	2,036710	-0,124486	-0,124492	0,000000	6,234858	0,508093	0,799743
160,600000	7,478853	7,511205	0,522863	0,093096	2,755166	-13416,355453	-10942,101520	-2985,399500	-12634,127830	-13081,230377	8,463679	231,074161	23,304366	23,841435	26,889056	23,853682	24,157017	-2,910350	1,165781	0,979312	231999,830694	-0,200744	0,000482	1,860923	0,662168	2,037861	-0,124489	-0,124487	0,000000	6,234178	0,509518	0,799655
160,800000	7,478751	7,511076	0,520219	0,093500	2,754431	-13403,908171	-10941,021897	-2985,864531	-12646,818762	-13093,921309	8,462151	231,017451	23,301258	23,838247	26,894395	23,849404	24,158485	-2,910286	1,164820	0,979812	232004,109193	-0,201003	0,000591	1,845980	0,663416	2,036691	-0,124487	-0,124483	0,000000	6,233303	0,511375	0,799543
161,000000	7,478956	7,510958	0,518706	0,093838	2,759038	-13400,014697	-10940,401408	-2986,124236	-12656,233192	-13103,335739	8,460663	231,067299	23,302558	23,835436	26,891167	23,846646	24,156052	-2,910201	1,164712	0,980129	232017,329620	-0,201683	0,000721	1,865996	0,664042	2,034808	-0,124482	-0,124482	0,000000	6,234072	0,512359	0,799642
161,200000	7,479084	7,510880	0,518180	0,093577	2,768698	-13413,066768	-10941,208053	-2985,693802	-12657,651114	-13104,753661	8,459188	231,242133	23,309210	23,837254	26,878832	23,847987	24,150655	-2,910246	1,166291	0,980137	232033,354690	-0,201489	0,000757	1,883372	0,663847	2,034465	-0,124481	-0,124482	0,000000	6,236767	0,512357	0,799987
161,400000	7,478834	7,510786	0,518878	0,093507	2,761307	-13426,445341	-10942,708888	-2985,113385	-12657,404706	-13104,507253	8,457923	231,389199	23,317356	23,839900	26,871990	23,851990	24,146275	-2,910477	1,166911	0,979719	232033,202485	-0,200677	0,000731	1,878633	0,663327	2,035246	-0,124483	-0,124479	0,000000	6,239033	0,511698	0,800278
161,600000	7,478812	7,510662	0,520837	0,094728	2,748636	-13436,201622	-10942,238730	-2984,941203	-12659,947133	-13107,049679	8,456782	231,407451	23,317728	23,839261	26,878199	23,851520	24,148698	-2,910612	1,166665	0,979617	232024,479334	-0,200244	0,000703	1,842252	0,662994	2,035695	-0,124484	-0,124477	0,000000	6,239314	0,510787	0,800314
161,800000	7,479149	7,510511	0,520304	0,095094	2,751263	-13437,999369	-10940,472894	-2985,040104	-12663,866849	-13110,969395	8,455280	231,367593	23,308706	23,837017	26,885548	23,848915	24,158195	-2,910600	1,166188	0,980149	232024,370882	-0,200298	0,000747	1,905320	0,662859	2,035925	-0,124482	-0,124478	0,000000	6,238700	0,510869	0,800235
162,000000	7,479285	7,510601	0,517993	0,093669	2,756148	-13423,494746	-10940,466970	-2985,461202	-12666,655960	-13113,758507	8,453357	231,364243	23,301002	23,836208	26,884122	23,852029	24,164926	-2,910593	1,165343	0,980522	232030,818008	-0,201452	0,000853	1,978189	0,662861	2,036187	-0,124482	-0,124479	0,000000	6,238648	0,511653	0,800229
162,200000	7,479115	7,510722	0,517439	0,093193	2,747052	-13415,604061	-10941,460128	-2985,744515	-12668,413009	-13115,515556	8,451755	231,339227	23,300753	23,837524	26,881138	23,856959	24,161278	-2,910536	1,166109	0,980762	232027,373987	-0,202552	0,000871	1,871409	0,663242	2,035906	-0,124483	-0,124483	0,000000	6,238263	0,512134	0,800179
162,400000	7,478618	7,510586	0,518671	0,094401	2,738050	-13424,854812	-10941,394005	-2985,208722	-12667,330438	-13114,432984	8,450606	231,245484	23,305527	23,839097	26,880434	23,858455	24,152673	-2,910432	1,166746	0,980876	232005,759225	-0,201511	0,000764	1,733573	0,663956	2,035575	-0,124485	-0,124489	0,000000	6,236818	0,512257	0,799994
162,600000	7,477971	7,510354	0,519886	0,094911	2,750992	-13435,042619	-10940,877661	-2984,605933	-12664,050789	-13111,153336	8,449381	231,142882	23,309743	23,839755	26,880485	23,855078	24,145656	-2,910457	1,166072	0,980664	231990,392164	-0,199788	0,000708	1,717298	0,664536	2,035418	-0,124488	-0,124491	0,000000	6,235237	0,512280	0,799791
162,800000	7,477670	7,510151	0,518386	0,093825	2,762773	-13431,729797	-10941,013743	-2984,928613	-12664,970432	-13112,072979	8,447915	231,068135	23,310989	23,839458	26,881415	23,848227	24,145594	-2,910438	1,166514	0,980416	231998,976524	-0,200236	0,000705	1,770593	0,664825	2,034999	-0,124492	-0,124487	0,000000	6,234085	0,512999	0,799643
163,000000	7,477712	7,510114	0,515624	0,093035	2,750662	-13415,664983	-10941,906033	-2985,473247	-12666,116121	-13113,218668	8,446345	231,039749	23,309374	23,838604	26,882221	23,842754	24,154004	-2,910341	1,166157	0,980459	232025,367193	-0,201612	0,000756	1,876640	0,664627	2,034881	-0,124491	-0,124481	0,000000	6,233647	0,513781	0,799587
163,200000	7,477818	7,510125	0,516320	0,093348	2,747147	-13407,853087	-10943,524013	-2985,377268	-12662,710579	-13109,813126	8,444767	231,045350	23,306022	23,838630	26,883585	23,844820	24,160778	-2,910376	1,164997	0,980415	232045,120030	-0,201173	0,000841	2,007252	0,663970	2,034828	-0,124483	-0,124478	0,000000	6,233733	0,513042	0,799598
163,400000	7,477953	7,509922	0,519559	0,093104	2,757059	-13419,879129	-10943,844076	-2985,036939	-12659,207586	-13106,310132	8,443206	231,046766	23,306072	23,838887	26,881371	23,855042	24,158701	-2,910571	1,165671	0,979832	232029,053220	-0,199865	0,000840	2,042448	0,663481	2,034929	-0,124477	-0,124477	0,000000	6,233755	0,511554	0,799601
163,600000	7,478026	7,509442	0,521580	0,093044	2,751985	-13434,642400	-10942,477761	-2984,723183	-12656,208091	-13103,310637	8,441779	231,057676	23,308783	23,838167	26,878416	23,862037	24,151916	-2,910552	1,166759	0,979037	232006,427950	-0,199128	0,000748	1,939720	0,663783	2,036181	-0,124478	-0,124487	0,000000	6,233923	0,511074	0,799623
163,800000	7,477719	7,509030	0,521323	0,094662	2,743725	-13436,679343	-10942,015708	-2984,822646	-12656,877311	-13103,979858	8,440479	231,082071	23,310646	23,837639	26,880583	23,858959	24,148079	-2,910135	1,167595	0,978594	232008,398331	-0,199916	0,000636	1,867671	0,665408	2,037271	-0,124483	-0,124496	0,000000	6,234300	0,512391	0,799671
164,000000	7,477370	7,509070	0,519327	0,095627	2,747240	-13427,890328	-10941,618521	-2985,290158	-12662,807960	-13109,910507	8,439146	231,100992	23,311204	23,837374	26,881892	23,849575	24,148838	-2,909917	1,167908	0,978902	232002,869511	-0,201612	0,000686	1,899101	0,667728	2,036535	-0,124486	-0,124489	0,000000	6,234591	0,514859	0,799708
164,200000	7,477410	7,509125	0,517544	0,094374	2,756531	-13419,095922	-10940,338743	-2985,257305	-12670,709523	-13117,812069	8,437636	231,105364	23,309192	23,835987	26,880131	23,841627	24,151664	-2,910067	1,166711	0,979315	231989,756044	-0,201850	0,000778	1,921168	0,668700	2,034784	-0,124489	-0,124479	0,000000	6,234659	0,516217	0,799717
164,400000	7,477517	7,508989	0,517751	0,092942	2,760215	-13420,467331	-10940,157965	-2985,030907	-12676,163889	-13123,266436	8,436056	231,087263	23,308607	23,835618	26,875216	23,841100	24,155744	-2,910243	1,165390	0,979430	231999,364570	-0,201396	0,000911	1,929125	0,667782	2,034299	-0,124492	-0,124477	0,000000	6,234380	0,515422	0,799681
164,600000	7,477155	7,508956	0,519815	0,093153	2,749913	-13429,033213	-10941,232118	-2985,061387	-12673,574166	-13120,676713	8,434600	231,094005	23,311563	23,839098	26,872289	23,847465	24,157068	-2,910437	1,165097	0,979354	232015,839694	-0,201333	0,001104	1,931133	0,666199	2,034879	-0,124485	-0,124482	0,000000	6,234484	0,513488	0,799694
164,800000	7,476588	7,508862	0,521413	0,094165	2,746346	-13437,874229	-10942,383182	-2985,091764	-12665,262103	-13112,364650	8,433216	231,132431	23,312587	23,841801	26,876059	23,854532	24,154814	-2,910659	1,165547	0,978948	232022,240300	-0,201121	0,000889	1,877246	0,664518	2,035362	-0,124477	-0,124489	0,000000	6,235076	0,511650	0,799770
165,000000	7,476553	7,508677	0,520558	0,094243	2,756721	-13437,351784	-10942,994001	-2985,074299	-12658,246104	-13105,348651	8,431838	231,141172	23,308089	23,839720	26,881981	23,854608	24,154293	-2,910554	1,166185	0,978953	232032,848640	-0,201254	0,000404	1,801363	0,663391	2,036368	-0,124481	-0,124492	0,000000	6,235211	0,511072	0,799788
165,200000	7,476768	7,508337	0,519253	0,093681	2,755955	-13425,924961	-10942,029236	-2985,202993	-12660,385900	-13107,488447	8,430414	231,129334	23,302450	23,837124	26,888069	23,849660	24,155225	-2,910153	1,166238	0,979511	232047,144499	-0,201587	0,000347	1,785788	0,663272	2,037064	-0,124485	-0,124488	0,000000	6,235028	0,511414	0,799764
165,400000	7,476802	7,508083	0,520343	0,093471	2,747461	-13425,633703	-10940,057330	-2985,414911	-12673,288560	-13120,391106	8,428750	231,109245	23,302326	23,836728	26,889128	23,846688	24,153657	-2,909986	1,166435	0,980090	232046,784182	-0,201561	0,000667	1,832127	0,663583	2,036126	-0,124487	-0,124483	0,000000	6,234718	0,511275	0,799725
165,600000	7,476699	7,508163	0,522713	0,093336	2,751803	-13443,486670	-10939,386936	-2985,209509	-12683,401512	-13130,504059	8,427142	231,076546	23,306241	23,836792	26,882546	23,846496	24,150711	-2,910244	1,166471	0,980642	232051,704495	-0,201127	0,000881	1,854350	0,664005	2,034046	-0,124488	-0,124481	0,000000	6,234214	0,510796	0,799660
165,800000	7,476367	7,508081	0,523343	0,093412	2,760800	-13455,035884	-10940,441466	-2984,888070	-12678,613616	-13125,716163	8,426024	231,063060	23,311209	23,838680	26,873070	23,846778	24,148793	-2,910685	1,165605	0,980817	232066,318331	-0,200695	0,000923	1,831075	0,664667	2,033106	-0,124484	-0,124486	0,000000	6,234006	0,511070	0,799633
166,000000	7,476169	7,508014	0,521727	0,094144	2,755460	-13447,212935	-10941,931024	-2985,023083	-12666,221150	-13113,323697	8,424873	231,084114	23,315013	23,842756	26,868307	23,847783	24,147891	-2,910884	1,166181	0,980108	232054,901912	-0,200984	0,000816	1,806698	0,665701	2,034304	-0,124481	-0,124490	0,000000	6,234331	0,512389	0,799675
166,200000	7,476249	7,508278	0,520515	0,094840	2,746168	-13435,219176	-10943,219648	-2985,260596	-12661,204836	-13108,307383	8,423332	231,121833	23,311876	23,842944	26,873333	23,850850	24,150884	-2,910660	1,166712	0,979212	232028,458251	-0,201286	0,000603	1,828581	0,666784	2,035988	-0,124483	-0,124488	0,000000	6,234913	0,513657	0,799749
166,400000	7,476211	7,508340	0,521144	0,094968	2,756305	-13433,731529	-10944,026185	-2985,423983	-12665,538193	-13112,640739	8,421715	231,170512	23,302299	23,838154	26,883593	23,852153	24,157439	-2,910233	1,165259	0,979317	232010,892396	-0,201292	0,000521	1,914338	0,667131	2,036763	-0,124488	-0,124482	0,000000	6,235663	0,513741	0,799846
166,600000	7,476162	7,507940	0,521696	0,094578	2,765905	-13435,738526	-10943,257099	-2985,403554	-12670,844593	-13117,947140	8,420288	231,213712	23,297346	23,834964	26,888286	23,851347	24,159577	-2,910084	1,165143	0,979891	231989,938923	-0,201432	0,000778	1,998317	0,666584	2,036347	-0,124489	-0,124478	0,000000	6,236329	0,513123	0,799931
166,800000	7,476197	7,507566	0,521038	0,093549	2,752056	-13431,837836	-10941,278660	-2985,139368	-12669,716897	-13116,819444	8,418894	231,213310	23,303691	23,835555	26,881350	23,852016	24,154209	-2,910415	1,165813	0,979863	231969,145894	-0,201489	0,001094	2,005923	0,665834	2,035628	-0,124485	-0,124478	0,000000	6,236323	0,512732	0,799930
167,000000	7,476021	7,507622	0,519421	0,093147	2,746430	-13422,054146	-10940,893432	-2984,761737	-12659,645873	-13106,748420	8,417463	231,229970	23,312668	23,837261	26,873577	23,851041	24,146093	-2,910776	1,165373	0,979476	231988,326829	-0,200931	0,001105	1,947400	0,665470	2,035187	-0,124480	-0,124484	0,000000	6,236579	0,512984	0,799963
167,200000	7,475611	7,507756	0,518917	0,094470	2,756092	-13408,639974	-10941,634892	-2984,669939	-12647,686221	-13094,788767	8,416226	231,328762	23,314038	23,838686	26,874767	23,847467	24,142743	-2,910724	1,165182	0,979552	232028,352950	-0,200557	0,001059	1,913832	0,665191	2,035114	-0,124481	-0,124489	0,000000	6,238102	0,512947	0,800159
167,400000	7,475227	7,507599	0,520886	0,095352	2,753235	-13401,905051	-10941,748538	-2984,908330	-12643,735273	-13090,837820	8,414746	231,405578	23,308981	23,839580	26,880171	23,843759	24,146686	-2,910394	1,165258	0,979937	232030,164614	-0,200963	0,001065	1,956901	0,664544	2,035638	-0,124486	-0,124486	0,000000	6,239285	0,511782	0,800310
167,600000	7,475059	7,507341	0,521771	0,094140	2,747438	-13402,525324	-10942,269695	-2985,014826	-12646,481105	-13093,583652	8,413068	231,380555	23,303896	23,839441	26,884870	23,843044	24,153474	-2,910299	1,165652	0,979795	232009,462073	-0,200978	0,000931	2,021880	0,663430	2,035769	-0,124488	-0,124481	0,000000	6,238900	0,510620	0,800261
167,800000	7,475033	7,507062	0,520520	0,093250	2,750289	-13400,738964	-10942,477295	-2985,245028	-12645,572763	-13092,675310	8,411785	231,319175	23,302426	23,838355	26,884754	23,848249	24,159641	-2,910464	1,166072	0,979058	232004,596406	-0,201285	0,000778	2,016753	0,661688	2,035191	-0,124486	-0,124481	0,000000	6,237954	0,509684	0,800140
168,000000	7,474948	7,506716	0,520301	0,094164	2,756851	-13397,993771	-10941,723116	-2985,413114	-12639,248679	-13086,351226	8,410536	231,301970	23,303891	23,837694	26,880362	23,855087	24,160191	-2,910476	1,165725	0,978651	232020,902149	-0,202199	0,000815	1,943481	0,660060	2,035179	-0,124482	-0,124482	0,000000	6,237689	0,508476	0,800106
168,200000	7,474810	7,506405	0,521389	0,094928	2,760582	-13396,902300	-10941,357138	-2985,238971	-12634,983272	-13082,085819	8,409030	231,333477	23,306768	23,838268	26,879025	23,855897	24,153071	-2,910355	1,165730	0,979083	232039,700812	-0,202131	0,000797	1,894822	0,659424	2,035353	-0,124480	-0,124485	0,000000	6,238174	0,507600	0,800168
168,400000	7,474686	7,506327	0,522132	0,095350	2,753591	-13398,169978	-10941,233936	-2985,041791	-12631,658838	-13078,761385	8,407424	231,340051	23,308139	23,839587	26,880047	23,849222	24,146072	-2,910232	1,166487	0,979501	232033,801416	-0,201054	0,000673	1,893404	0,659528	2,035771	-0,124483	-0,124486	0,000000	6,238276	0,507427	0,800181
168,600000	7,474509	7,506475	0,522502	0,095815	2,752306	-13401,244021	-10940,278023	-2984,822718	-12630,562977	-13077,665524	8,405827	231,290536	23,305742	23,840049	26,878680	23,841894	24,145927	-2,910046	1,167542	0,979828	232018,421081	-0,200120	0,000833	1,859845	0,660080	2,036241	-0,124488	-0,124484	0,000000	6,237513	0,507734	0,800083
168,800000	7,474307	7,506576	0,522531	0,094871	2,762125	-13404,221024	-10939,704698	-2984,657462	-12637,317630	-13084,420176	8,404415	231,264929	23,303448	23,839278	26,875856	23,839966	24,151288	-2,910077	1,167616	0,980604	232016,958715	-0,200091	0,001143	1,798325	0,660993	2,035103	-0,124492	-0,124480	0,000000	6,237118	0,508430	0,800032
169,000000	7,474367	7,506575	0,521290	0,093220	2,761790	-13406,807752	-10941,011519	-2984,912760	-12643,994460	-13091,097006	8,403066	231,308465	23,304189	23,838163	26,874556	23,844777	24,155828	-2,910381	1,165482	0,981230	232024,537439	-0,201257	0,001327	1,815824	0,661652	2,033954	-0,124486	-0,124480	0,000000	6,237789	0,509351	0,800118
169,200000	7,474529	7,506432	0,520694	0,093103	2,753219	-13406,894240	-10942,215280	-2985,454524	-12644,342162	-13091,444709	8,401605	231,355564	23,307209	23,838606	26,874313	23,853440	24,155560	-2,910385	1,164567	0,980929	232032,864524	-0,202573	0,001242	1,889080	0,661730	2,034525	-0,124479	-0,124486	0,000000	6,238515	0,509602	0,800211
169,400000	7,474332	7,506197	0,522526	0,094535	2,754600	-13402,539464	-10942,138112	-2985,719675	-12637,193569	-13084,296115	8,400169	231,379466	23,308552	23,840698	26,878274	23,858410	24,152061	-2,910190	1,166084	0,979955	232028,808583	-0,202634	0,000945	1,920785	0,661320	2,036635	-0,124481	-0,124491	0,000000	6,238883	0,508662	0,800259
169,600000	7,473987	7,506258	0,523878	0,095667	2,761067	-13384,191615	-10941,930252	-2985,685190	-12617,785276	-13064,887823	8,398871	231,391634	23,304280	23,840247	26,888473	23,855514	24,149406	-2,910207	1,166433	0,979257	232022,438115	-0,202131	0,000637	1,900418	0,660749	2,037898	-0,124487	-0,124493	0,000000	6,239071	0,507793	0,800283
169,800000	7,473849	7,506384	0,522683	0,095515	2,755210	-13354,562862	-10941,329037	-2985,505507	-12595,868550	-13042,971097	8,397515	231,385091	23,298539	23,837214	26,891651	23,847456	24,150572	-2,910228	1,165912	0,978806	232022,567861	-0,201881	0,000316	1,860487	0,660795	2,037054	-0,124490	-0,124490	0,000000	6,238970	0,508245	0,800270
170,000000	7,473870	7,505858	0,520998	0,094627	2,745793	-13340,054570	-10939,718909	-2985,038866	-12589,276788	-13036,379335	8,395948	231,359972	23,299149	23,836090	26,882931	23,840788	24,153306	-2,910239	1,165401	0,978580	232027,752238	-0,201074	0,000315	1,833312	0,661500	2,035338	-0,124486	-0,124484	0,000000	6,238583	0,509308	0,800220
170,200000	7,473688	7,505112	0,521665	0,094188	2,753801	-13350,429800	-10939,310724	-2984,599147	-12596,584611	-13043,687158	8,394473	231,333527	23,307303	23,838424	26,873345	23,841361	24,152186	-2,910491	1,164105	0,979039	232034,895927	-0,200216	0,000729	1,842284	0,662227	2,033202	-0,124476	-0,124478	0,000000	6,238175	0,509578	0,800168
170,400000	7,473154	7,504856	0,523578	0,094490	2,762525	-13370,482538	-10941,265805	-2984,862100	-12604,193392	-13051,295939	8,393153	231,322923	23,313359	23,840472	26,869349	23,847355	24,147235	-2,910715	1,163188	0,979633	232021,207186	-0,200704	0,000987	1,883279	0,662589	2,032923	-0,124472	-0,124476	0,000000	6,238012	0,509191	0,800147
170,600000	7,472740	7,505048	0,523431	0,094751	2,752755	-13381,979279	-10941,697233	-2985,523760	-12605,236595	-13052,339141	8,391756	231,319435	23,310796	23,840429	26,871086	23,852390	24,147067	-2,910404	1,162972	0,979752	231990,418490	-0,201675	0,000957	1,865105	0,662373	2,035091	-0,124478	-0,124482	0,000000	6,237958	0,509088	0,800140
170,800000	7,472907	7,505607	0,521016	0,094655	2,750025	-13379,420149	-10940,142602	-2985,579509	-12607,383051	-13054,485597	8,390301	231,337664	23,305321	23,839847	26,878564	23,853150	24,153932	-2,909979	1,163938	0,979459	231970,787668	-0,201338	0,000859	1,795453	0,661416	2,037545	-0,124488	-0,124487	0,000000	6,238239	0,509207	0,800176
171,000000	7,473509	7,505903	0,519233	0,094189	2,758246	-13374,109726	-10940,003503	-2985,340623	-12621,729946	-13068,832493	8,388805	231,396154	23,301634	23,836978	26,887602	23,850852	24,157744	-2,910007	1,165928	0,979389	231975,961075	-0,200943	0,000700	1,820388	0,660247	2,037772	-0,124492	-0,124485	0,000000	6,239140	0,508943	0,800292
171,200000	7,474171	7,505423	0,520815	0,093803	2,754844	-13383,291528	-10941,411303	-2985,401238	-12640,272132	-13087,374678	8,387298	231,461572	23,301096	23,832895	26,887779	23,848784	24,154552	-2,910154	1,166514	0,980026	231990,209096	-0,201703	0,000618	1,862491	0,659934	2,035620	-0,124490	-0,124483	0,000000	6,240148	0,508150	0,800421
171,400000	7,474331	7,504849	0,523804	0,093826	2,748268	-13405,908387	-10942,814997	-2985,366970	-12647,082187	-13094,184734	8,385925	231,487697	23,305342	23,833402	26,878209	23,848933	24,148543	-2,910266	1,166715	0,980507	232001,671229	-0,202074	0,000670	1,793923	0,660527	2,034091	-0,124489	-0,124485	0,000000	6,240550	0,507557	0,800473
171,600000	7,473632	7,504688	0,523810	0,093943	2,749211	-13419,639053	-10942,732689	-2985,386721	-12643,904939	-13091,007485	8,384525	231,446875	23,312794	23,838553	26,869424	23,850410	24,141927	-2,910587	1,167813	0,980162	232022,408715	-0,202180	0,000760	1,739188	0,661545	2,034276	-0,124486	-0,124483	0,000000	6,239922	0,508304	0,800392
171,800000	7,472866	7,504731	0,521436	0,094360	2,756915	-13410,718784	-10941,783773	-2985,373973	-12640,271871	-13087,374418	8,382872	231,317312	23,315951	23,841572	26,871398	23,849701	24,141159	-2,910717	1,168201	0,979950	232045,540472	-0,201739	0,000833	1,822485	0,662991	2,035374	-0,124485	-0,124478	0,000000	6,237925	0,510211	0,800136
172,000000	7,472624	7,504827	0,520496	0,094978	2,763623	-13392,971376	-10941,203634	-2985,027270	-12637,613125	-13084,715672	8,381367	231,156675	23,308610	23,840150	26,880161	23,847453	24,151120	-2,910304	1,167832	0,980611	232049,028779	-0,200540	0,000830	1,952692	0,663946	2,036471	-0,124487	-0,124476	0,000000	6,235450	0,511285	0,799818
172,200000	7,472706	7,504726	0,521507	0,094577	2,757767	-13390,584821	-10940,749409	-2984,870556	-12636,944114	-13084,046661	8,380059	231,072576	23,299052	23,838159	26,882973	23,847314	24,161642	-2,909991	1,167315	0,980975	232039,609071	-0,199921	0,000731	1,993136	0,663152	2,036923	-0,124487	-0,124482	0,000000	6,234153	0,510336	0,799652
172,400000	7,472893	7,504297	0,522116	0,093663	2,755458	-13399,933943	-10940,869097	-2985,071008	-12640,780710	-13087,883257	8,378556	231,056719	23,298017	23,837303	26,880365	23,849003	24,161789	-2,910088	1,166772	0,980481	232030,525319	-0,200357	0,000574	1,981083	0,661388	2,036416	-0,124485	-0,124486	0,000000	6,233909	0,508747	0,799621
172,600000	7,472927	7,504013	0,521325	0,094037	2,761338	-13402,450175	-10941,098694	-2985,195892	-12646,187402	-13093,289949	8,377210	231,080555	23,303992	23,837207	26,878410	23,852207	24,153741	-2,910242	1,165769	0,980026	232023,659975	-0,201263	0,000580	2,008763	0,660051	2,035395	-0,124488	-0,124485	0,000000	6,234276	0,507962	0,799668
172,800000	7,472545	7,504103	0,520501	0,094723	2,754882	-13396,955443	-10941,184391	-2984,951212	-12644,062470	-13091,165016	8,376094	231,122811	23,308801	23,838430	26,877507	23,853157	24,144675	-2,910408	1,164518	0,979763	232030,406883	-0,201040	0,000732	2,028951	0,659280	2,034828	-0,124492	-0,124485	0,000000	6,234928	0,507646	0,799751
173,000000	7,471991	7,504121	0,520823	0,094008	2,745025	-13388,374309	-10942,351007	-2984,739529	-12635,918280	-13083,020827	8,374658	231,063589	23,309148	23,840206	26,877502	23,848260	24,140591	-2,910555	1,164520	0,979613	232058,855446	-0,200365	0,000711	1,972675	0,659437	2,034898	-0,124490	-0,124484	0,000000	6,234015	0,507657	0,799634
173,200000	7,472028	7,503998	0,521217	0,093120	2,748893	-13381,399020	-10943,731703	-2984,851071	-12631,036576	-13078,139123	8,373070	230,910846	23,307672	23,840373	26,878068	23,840881	24,145401	-2,910466	1,163802	0,979400	232073,935108	-0,200727	0,000493	1,895802	0,660827	2,034989	-0,124488	-0,124479	0,000000	6,231659	0,508588	0,799332
173,400000	7,472472	7,503924	0,520958	0,093667	2,755995	-13379,989638	-10943,603754	-2985,019507	-12627,900780	-13075,003327	8,371655	230,820189	23,304160	23,838493	26,876341	23,839366	24,155819	-2,910170	1,161213	0,979089	232043,573734	-0,201188	0,000343	1,858521	0,662365	2,035004	-0,124490	-0,124479	0,000000	6,230261	0,509855	0,799153
173,600000	7,472407	7,503789	0,520925	0,094202	2,749555	-13382,975947	-10941,984932	-2985,044397	-12626,335880	-13073,438427	8,370156	230,838493	23,302028	23,836963	26,872061	23,848528	24,160936	-2,909952	1,160115	0,979401	232016,702991	-0,201135	0,000500	1,857784	0,663162	2,034984	-0,124491	-0,124482	0,000000	6,230544	0,510466	0,799189
173,800000	7,471931	7,503695	0,521132	0,093964	2,740643	-13387,724221	-10941,197427	-2985,121385	-12625,849186	-13072,951733	8,368595	230,904594	23,304053	23,837614	26,872659	23,857689	24,154923	-2,910029	1,160014	0,979961	232017,943766	-0,201413	0,000698	1,888187	0,663366	2,035097	-0,124490	-0,124484	0,000000	6,231563	0,510548	0,799320
174,000000	7,471696	7,503595	0,521326	0,094595	2,753341	-13389,762855	-10941,878453	-2985,167303	-12623,502478	-13070,605024	8,367225	230,972215	23,305377	23,839085	26,879115	23,857214	24,147186	-2,910233	1,160412	0,979735	232004,598696	-0,201629	0,000556	1,926067	0,663187	2,036312	-0,124490	-0,124486	0,000000	6,232606	0,510348	0,799454
174,200000	7,471699	7,503331	0,521766	0,095698	2,765242	-13390,539077	-10941,478057	-2984,933254	-12625,393724	-13072,496271	8,365927	231,001586	23,304375	23,839253	26,883624	23,850022	24,147082	-2,910321	1,163064	0,979315	231983,088325	-0,201073	0,000386	1,942723	0,663274	2,037136	-0,124495	-0,124485	0,000000	6,233059	0,510259	0,799512
174,400000	7,471536	7,503175	0,522503	0,095395	2,753475	-13392,959350	-10940,750222	-2984,784187	-12632,919961	-13080,022508	8,364431	230,969665	23,302420	23,836944	26,885065	23,842028	24,151115	-2,910358	1,164664	0,979444	231987,212096	-0,200824	0,000575	1,937213	0,664034	2,036148	-0,124493	-0,124483	0,000000	6,232566	0,510593	0,799449
174,600000	7,471383	7,503024	0,522903	0,093860	2,752093	-13393,017566	-10941,004802	-2984,942407	-12636,517235	-13083,619782	8,362799	230,948114	23,303354	23,835076	26,882534	23,839287	24,153193	-2,910491	1,164208	0,979682	232011,407672	-0,201117	0,000972	1,892024	0,664785	2,034239	-0,124486	-0,124479	0,000000	6,232234	0,511026	0,799406
174,800000	7,471502	7,502807	0,522512	0,092945	2,763996	-13393,565217	-10941,422194	-2985,034854	-12632,299066	-13079,401613	8,361274	230,962221	23,308253	23,837082	26,875214	23,844108	24,152792	-2,910566	1,164856	0,979920	232031,694838	-0,201055	0,001233	1,825323	0,665418	2,033408	-0,124479	-0,124475	0,000000	6,232452	0,511615	0,799434
175,000000	7,471400	7,502843	0,522526	0,093504	2,758989	-13393,459223	-10941,944083	-2984,835684	-12623,534423	-13070,636970	8,359961	230,963204	23,311525	23,840329	26,871764	23,852228	24,152169	-2,910467	1,165813	0,980188	232028,786908	-0,200870	0,001077	1,778483	0,666547	2,034402	-0,124477	-0,124481	0,000000	6,232467	0,512469	0,799436
175,200000	7,470934	7,502988	0,522857	0,094651	2,750803	-13386,376243	-10942,063918	-2985,003704	-12615,791840	-13062,894387	8,358658	230,986478	23,309637	23,840922	26,877262	23,855954	24,151170	-2,910318	1,165161	0,980157	232017,635449	-0,201445	0,000720	1,747088	0,667946	2,035527	-0,124479	-0,124490	0,000000	6,232826	0,513450	0,799482
175,400000	7,470809	7,503087	0,522072	0,095094	2,754889	-13379,207211	-10941,757434	-2985,564571	-12615,298293	-13062,400840	8,357058	231,057334	23,303480	23,838229	26,885703	23,852530	24,151088	-2,910124	1,163800	0,980090	232024,065663	-0,202142	0,000555	1,761853	0,668701	2,036791	-0,124486	-0,124487	0,000000	6,233918	0,514321	0,799622
175,600000	7,471226	7,503176	0,521699	0,094794	2,763143	-13380,219298	-10941,981937	-2985,673055	-12621,640116	-13068,742663	8,355390	231,116288	23,298739	23,835170	26,887489	23,846704	24,152745	-2,910126	1,163771	0,979755	232050,938159	-0,201764	0,000485	1,847034	0,668308	2,037499	-0,124490	-0,124478	0,000000	6,234827	0,514158	0,799738
175,800000	7,471364	7,503009	0,522291	0,094445	2,763404	-13387,086238	-10942,550571	-2985,385608	-12628,498013	-13075,600559	8,354005	231,139711	23,299743	23,833868	26,881679	23,843658	24,151576	-2,910349	1,165149	0,979285	232072,801445	-0,201421	0,000550	1,915504	0,666950	2,036008	-0,124488	-0,124477	0,000000	6,235188	0,512896	0,799785
176,000000	7,470980	7,502562	0,521783	0,094279	2,750715	-13388,968897	-10942,237671	-2985,162998	-12628,696911	-13075,799458	8,352823	231,156146	23,305242	23,836040	26,875099	23,845934	24,148120	-2,910512	1,165769	0,979795	232073,732921	-0,201783	0,000750	1,919253	0,665672	2,033980	-0,124482	-0,124480	0,000000	6,235441	0,512042	0,799817
176,200000	7,470526	7,502384	0,521492	0,094280	2,748292	-13384,900617	-10941,851969	-2985,025030	-12622,609012	-13069,711559	8,351527	231,165451	23,310396	23,841331	26,870517	23,849819	24,146331	-2,910549	1,166042	0,980259	232067,974196	-0,201583	0,000751	1,916317	0,665289	2,034164	-0,124479	-0,124482	0,000000	6,235585	0,511818	0,799836
176,400000	7,470070	7,502528	0,523043	0,094283	2,759229	-13383,834220	-10942,144173	-2984,937872	-12617,303576	-13064,406123	8,349995	231,183797	23,309282	23,842980	26,872160	23,851670	24,148512	-2,910511	1,167071	0,979831	232045,239845	-0,200695	0,000580	1,926381	0,665443	2,035718	-0,124483	-0,124484	0,000000	6,235868	0,511423	0,799872
176,600000	7,469972	7,502347	0,523740	0,094173	2,755970	-13385,097500	-10941,622292	-2985,028712	-12616,103946	-13063,206493	8,348563	231,250470	23,302516	23,839482	26,880256	23,851498	24,155053	-2,910451	1,167106	0,979528	232029,904544	-0,200364	0,000551	1,950525	0,665489	2,036565	-0,124487	-0,124486	0,000000	6,236895	0,511234	0,800004
176,800000	7,470577	7,501847	0,521409	0,093957	2,746070	-13381,033966	-10940,789224	-2985,199764	-12618,865608	-13065,968154	8,347272	231,317717	23,296911	23,836632	26,885309	23,848479	24,160125	-2,910299	1,166686	0,979483	232038,364433	-0,201052	0,000648	1,949860	0,665004	2,036283	-0,124487	-0,124486	0,000000	6,237932	0,511628	0,800137
177,000000	7,471107	7,501687	0,519281	0,093715	2,751986	-13373,990172	-10941,215159	-2985,219941	-12623,691074	-13070,793620	8,345760	231,337538	23,298483	23,836406	26,880862	23,847080	24,158103	-2,910287	1,166386	0,979649	232029,545497	-0,201756	0,000655	1,938423	0,664287	2,035440	-0,124483	-0,124481	0,000000	6,238237	0,511775	0,800176
177,200000	7,470798	7,501847	0,521317	0,093648	2,761202	-13378,171460	-10941,932321	-2985,163539	-12626,500815	-13073,603362	8,344263	231,345719	23,306102	23,836879	26,871568	23,848684	24,149164	-2,910418	1,165187	0,979673	232009,279333	-0,201904	0,000709	1,963234	0,664216	2,034938	-0,124483	-0,124480	0,000000	6,238363	0,511029	0,800192
177,400000	7,470107	7,501906	0,525145	0,094603	2,752553	-13396,220745	-10942,315585	-2984,900208	-12625,870726	-13072,973273	8,343153	231,346410	23,310418	23,838041	26,868541	23,847758	24,142389	-2,910407	1,165249	0,978937	232000,212719	-0,201274	0,000745	1,970038	0,664733	2,035003	-0,124486	-0,124486	0,000000	6,238374	0,510138	0,800193
177,600000	7,469601	7,501776	0,526062	0,095883	2,739887	-13411,837160	-10942,755235	-2984,659785	-12624,750490	-13071,853037	8,341944	231,324582	23,307132	23,838927	26,872175	23,844387	24,143983	-2,910406	1,166009	0,978549	231999,351875	-0,200722	0,000583	1,956959	0,665017	2,035791	-0,124487	-0,124487	0,000000	6,238037	0,510046	0,800150
177,800000	7,469503	7,501543	0,524421	0,095380	2,751524	-13411,355545	-10941,928745	-2985,084428	-12627,901636	-13075,004183	8,340224	231,309684	23,302679	23,837587	26,876483	23,842482	24,149681	-2,910517	1,165356	0,979165	231999,106089	-0,201884	0,000512	1,960619	0,665062	2,036317	-0,124483	-0,124481	0,000000	6,237808	0,510626	0,800121
178,000000	7,469867	7,501388	0,523058	0,094000	2,766494	-13403,453130	-10940,356595	-2985,706894	-12637,786059	-13084,888606	8,338620	231,315818	23,301777	23,835690	26,879921	23,844573	24,157469	-2,910496	1,164841	0,979570	232008,221865	-0,203325	0,000524	1,953669	0,665237	2,036032	-0,124478	-0,124478	0,000000	6,237902	0,511217	0,800133
178,200000	7,469960	7,501416	0,522358	0,093970	2,756872	-13402,914548	-10940,283314	-2985,759470	-12647,266424	-13094,368971	8,337399	231,334079	23,302131	23,835748	26,881341	23,849285	24,161236	-2,910408	1,164243	0,979464	232027,092249	-0,203142	0,000512	1,929458	0,665283	2,035467	-0,124477	-0,124479	0,000000	6,238184	0,511492	0,800169
178,400000	7,469487	7,501397	0,522254	0,094717	2,751888	-13405,646327	-10941,314902	-2985,354770	-12647,553672	-13094,656218	8,336075	231,365272	23,302377	23,838277	26,881045	23,853419	24,154703	-2,910417	1,163677	0,979748	232029,151638	-0,201930	0,000562	1,894303	0,665085	2,034898	-0,124477	-0,124481	0,000000	6,238664	0,511369	0,800231
178,600000	7,469088	7,501129	0,523127	0,094922	2,759693	-13405,333996	-10942,235226	-2984,890165	-12640,581621	-13087,684167	8,334577	231,392896	23,303962	23,840076	26,879610	23,852856	24,144748	-2,910369	1,164474	0,980045	232019,585869	-0,200859	0,000381	1,796495	0,664799	2,035417	-0,124478	-0,124486	0,000000	6,239090	0,510834	0,800285
178,800000	7,468984	7,500872	0,524701	0,095126	2,755687	-13406,078272	-10942,587299	-2984,551245	-12636,554939	-13083,657485	8,333045	231,376134	23,304332	23,839248	26,881075	23,845638	24,141181	-2,910313	1,165815	0,979658	232019,515036	-0,200453	0,000106	1,728133	0,664306	2,036267	-0,124480	-0,124484	0,000000	6,238832	0,509916	0,800252
179,000000	7,469079	7,500546	0,525706	0,094958	2,748803	-13411,009359	-10942,079445	-2984,707228	-12643,200538	-13090,303085	8,331480	231,336519	23,302786	23,837827	26,882377	23,839869	24,146515	-2,910334	1,166648	0,979404	232032,176436	-0,200854	0,000348	1,816453	0,663762	2,035539	-0,124482	-0,124472	0,000000	6,238221	0,509148	0,800174
179,200000	7,469129	7,500049	0,525371	0,093508	2,751114	-13414,732256	-10941,140354	-2985,255756	-12652,385438	-13099,487985	8,329966	231,323657	23,302092	23,836349	26,876717	23,841978	24,152785	-2,910359	1,166454	0,979711	232043,195732	-0,201736	0,000826	1,970168	0,663592	2,033982	-0,124483	-0,124465	0,000000	6,238023	0,509092	0,800148
179,400000	7,468858	7,499729	0,524621	0,092778	2,759555	-13410,493781	-10941,480786	-2985,461449	-12648,569789	-13095,672335	8,328678	231,324350	23,302224	23,836440	26,871755	23,849401	24,154302	-2,910306	1,165959	0,979642	232036,073468	-0,201812	0,000879	2,058737	0,663780	2,034022	-0,124481	-0,124475	0,000000	6,238034	0,509459	0,800150
179,600000	7,468633	7,499840	0,524562	0,094025	2,765812	-13401,638269	-10943,322702	-2985,315481	-12633,027313	-13080,129860	8,327504	231,313221	23,302665	23,839421	26,873152	23,856970	24,153590	-2,910229	1,166168	0,979020	232036,572141	-0,201032	0,000650	2,020946	0,663721	2,035722	-0,124481	-0,124487	0,000000	6,237862	0,509438	0,800128
179,800000	7,468651	7,500344	0,525315	0,094849	2,759140	-13395,219482	-10943,714809	-2985,226384	-12624,501969	-13071,604516	8,326046	231,299220	23,300594	23,840556	26,879946	23,858785	24,151101	-2,910255	1,166437	0,978904	232047,716774	-0,201143	0,000479	1,895501	0,663122	2,036708	-0,124485	-0,124488	0,000000	6,237647	0,508766	0,800100
180,000000	7,468606	7,500575	0,525220	0,094377	2,756692	-13392,242041	-10942,662448	-2985,339206	-12631,862990	-13078,965537	8,324342	231,304888	23,296273	23,837528	26,885992	23,852022	24,149428	-2,910311	1,166554	0,979225	232029,812098	-0,202020	0,000333	1,796605	0,662702	2,036516	-0,124490	-0,124485	0,000000	6,237734	0,508506	0,800111
180,200000	7,468518	7,500090	0,523781	0,094080	2,765063	-13387,217237	-10941,995876	-2985,566877	-12646,241460	-13093,344007	8,322804	231,314352	23,295897	23,835312	26,885855	23,842815	24,150912	-2,910261	1,166725	0,979388	231999,087600	-0,202552	0,000286	1,753060	0,663078	2,035302	-0,124490	-0,124485	0,000000	6,237880	0,509249	0,800130
180,400000	7,468416	7,499359	0,523384	0,094019	2,760678	-13389,488450	-10941,169579	-2985,535936	-12658,748349	-13105,850896	8,321410	231,317911	23,302094	23,836325	26,879620	23,840901	24,152440	-2,910319	1,165915	0,979743	231991,786602	-0,202506	0,000523	1,795768	0,663783	2,033412	-0,124482	-0,124483	0,000000	6,237935	0,509867	0,800137
180,600000	7,468204	7,499079	0,523647	0,093951	2,749004	-13408,263637	-10941,199019	-2985,159347	-12661,842816	-13108,945362	8,320049	231,327564	23,308084	23,837929	26,871049	23,845879	24,151572	-2,910585	1,165609	0,980251	231981,971598	-0,201924	0,000861	1,902512	0,664343	2,032913	-0,124474	-0,124478	0,000000	6,238083	0,510175	0,800156
180,800000	7,468206	7,499195	0,521947	0,094171	2,751355	-13416,719415	-10942,506176	-2984,863185	-12653,119159	-13100,221706	8,318895	231,341507	23,306049	23,839139	26,868575	23,850659	24,149690	-2,910706	1,166317	0,980317	231962,943144	-0,201370	0,000855	1,885093	0,664964	2,034392	-0,124475	-0,124476	0,000000	6,238298	0,511223	0,800184
181,000000	7,468487	7,499478	0,519783	0,094669	2,760733	-13405,765000	-10942,815718	-2984,825117	-12645,766290	-13092,868837	8,317773	231,353351	23,299769	23,841222	26,874286	23,851220	24,150872	-2,910600	1,166266	0,980058	231967,122632	-0,200508	0,000557	1,722129	0,665561	2,036174	-0,124480	-0,124477	0,000000	6,238481	0,512434	0,800207
181,200000	7,468593	7,499816	0,518881	0,094977	2,756186	-13401,968380	-10941,675493	-2985,047613	-12652,349349	-13099,451896	8,316316	231,287991	23,295383	23,841085	26,886440	23,848565	24,154134	-2,910445	1,166561	0,979679	231982,169752	-0,200150	0,000344	1,646196	0,665845	2,036469	-0,124484	-0,124481	0,000000	6,237473	0,512999	0,800078
181,400000	7,468365	7,499620	0,518909	0,094667	2,744095	-13412,323249	-10940,739319	-2985,424772	-12666,408198	-13113,510745	8,314743	231,154858	23,293731	23,836725	26,894078	23,845516	24,156143	-2,910278	1,166161	0,979143	231995,166713	-0,201425	0,000398	1,739894	0,665963	2,035514	-0,124487	-0,124484	0,000000	6,235422	0,513090	0,799815
181,600000	7,467866	7,498938	0,520069	0,094343	2,750473	-13424,876420	-10940,241521	-2985,650802	-12674,277172	-13121,379719	8,313323	231,107028	23,295929	23,834016	26,887495	23,844217	24,153825	-2,910130	1,164236	0,979501	231999,865651	-0,203102	0,000678	1,802201	0,666393	2,034524	-0,124485	-0,124482	0,000000	6,234684	0,512980	0,799720
181,800000	7,467381	7,498571	0,521600	0,094521	2,759384	-13429,293530	-10939,921018	-2985,425388	-12671,429925	-13118,532472	8,311832	231,144267	23,302927	23,836443	26,875362	23,846665	24,144799	-2,910231	1,164007	0,980444	231996,164011	-0,203591	0,000813	1,763528	0,667506	2,034010	-0,124485	-0,124475	0,000000	6,235258	0,513273	0,799794
182,000000	7,467170	7,498860	0,523341	0,094484	2,748221	-13430,622247	-10940,689353	-2984,906067	-12662,874639	-13109,977186	8,310292	231,162737	23,308740	23,839705	26,869305	23,849040	24,139104	-2,910587	1,164867	0,980357	232010,843375	-0,202321	0,000651	1,776615	0,668481	2,034758	-0,124485	-0,124478	0,000000	6,235543	0,513436	0,799830
182,200000	7,467095	7,499224	0,524553	0,094176	2,747121	-13435,330071	-10941,862043	-2984,728824	-12657,682863	-13104,785410	8,308905	231,158251	23,305243	23,839467	26,873000	23,848155	24,145883	-2,910739	1,164813	0,979666	232032,928956	-0,200897	0,000451	1,898228	0,668334	2,036203	-0,124481	-0,124488	0,000000	6,235474	0,512944	0,799821
182,400000	7,467061	7,499073	0,523817	0,094035	2,760847	-13430,687007	-10941,666608	-2985,015939	-12656,560384	-13103,662931	8,307513	231,160515	23,296466	23,837524	26,878969	23,847447	24,157480	-2,910509	1,164314	0,979468	232039,563147	-0,200973	0,000367	2,013278	0,667629	2,037004	-0,124482	-0,124486	0,000000	6,235509	0,512655	0,799826
182,600000	7,467146	7,498483	0,523687	0,093750	2,760864	-13417,681573	-10940,926118	-2985,336221	-12652,698713	-13099,801260	8,305968	231,156224	23,291795	23,836909	26,881534	23,848776	24,161973	-2,910194	1,163247	0,979768	232047,015810	-0,201816	0,000348	2,009910	0,666908	2,036779	-0,124484	-0,124476	0,000000	6,235443	0,512115	0,799817
182,800000	7,467124	7,497976	0,524794	0,094143	2,755889	-13410,575837	-10940,895288	-2985,431489	-12646,019678	-13093,122225	8,304498	231,156030	23,294313	23,837407	26,882779	23,851892	24,156885	-2,910117	1,162829	0,979895	232057,814564	-0,202138	0,000339	1,935412	0,665753	2,035869	-0,124484	-0,124476	0,000000	6,235440	0,510827	0,799817
183,000000	7,466797	7,497919	0,524583	0,095392	2,756994	-13407,192207	-10941,100750	-2985,448562	-12639,070728	-13086,173275	8,303270	231,198345	23,300284	23,838134	26,880966	23,853942	24,147927	-2,910348	1,164123	0,979785	232034,814998	-0,201919	0,000342	1,874483	0,664442	2,035486	-0,124482	-0,124484	0,000000	6,236092	0,509884	0,799901
183,200000	7,466579	7,498063	0,523992	0,095252	2,759469	-13404,868742	-10941,987952	-2985,355014	-12637,084503	-13084,187049	8,302054	231,235489	23,303545	23,838753	26,876759	23,850484	24,141871	-2,910599	1,166010	0,979869	231985,751349	-0,201600	0,000339	1,824899	0,663653	2,035520	-0,124482	-0,124487	0,000000	6,236664	0,509477	0,799974
183,400000	7,466761	7,498167	0,523285	0,093758	2,759642	-13404,435083	-10943,029254	-2985,221298	-12643,709617	-13090,812164	8,300649	231,230235	23,303300	23,839045	26,875658	23,842758	24,143793	-2,910630	1,167064	0,980090	231965,298990	-0,201434	0,000336	1,782753	0,663296	2,034982	-0,124488	-0,124485	0,000000	6,236583	0,509443	0,799964
183,600000	7,467095	7,498133	0,522137	0,093728	2,752482	-13405,840795	-10942,543832	-2985,286690	-12651,998986	-13099,101533	8,299062	231,237577	23,300522	23,838377	26,878216	23,838457	24,151802	-2,910390	1,166770	0,980050	231980,592127	-0,201802	0,000397	1,783308	0,662839	2,034726	-0,124493	-0,124480	0,000000	6,236697	0,509480	0,799978
183,800000	7,467114	7,497986	0,521567	0,094586	2,751829	-13409,990849	-10941,724322	-2985,229532	-12655,013551	-13102,116098	8,297475	231,275958	23,297225	23,837347	26,881331	23,844034	24,158390	-2,910160	1,166921	0,979984	232003,141427	-0,202079	0,000571	1,863092	0,662074	2,034780	-0,124488	-0,124474	0,000000	6,237288	0,509081	0,800054
184,000000	7,466678	7,497895	0,520369	0,094074	2,759788	-13408,725990	-10941,952774	-2984,927688	-12650,476108	-13097,578655	8,296090	231,307639	23,297009	23,837956	26,881649	23,853780	24,158121	-2,910377	1,167563	0,980495	232010,111467	-0,201864	0,000790	1,944845	0,661551	2,034997	-0,124477	-0,124475	0,000000	6,237776	0,509073	0,800117
184,200000	7,466274	7,497748	0,519348	0,093768	2,754674	-13404,542630	-10942,257931	-2984,819372	-12644,438553	-13091,541100	8,294742	231,300790	23,298673	23,839170	26,879799	23,858469	24,152077	-2,910654	1,166539	0,980869	232003,389332	-0,201457	0,000847	1,898212	0,661596	2,036315	-0,124475	-0,124484	0,000000	6,237671	0,509436	0,800103
184,400000	7,466259	7,497650	0,520394	0,095005	2,745111	-13404,961298	-10942,032329	-2985,133656	-12643,074669	-13090,177215	8,293406	231,255851	23,299842	23,839061	26,881667	23,855360	24,147590	-2,910530	1,165688	0,980297	232001,105881	-0,201044	0,000701	1,839370	0,661889	2,037555	-0,124482	-0,124492	0,000000	6,236978	0,509308	0,800014
184,600000	7,466175	7,497763	0,521790	0,095609	2,750726	-13401,271127	-10942,290762	-2985,646552	-12643,464758	-13090,567305	8,292045	231,248794	23,298366	23,837341	26,885307	23,846095	24,147771	-2,910301	1,165618	0,979480	232014,576832	-0,201680	0,000514	1,906976	0,662163	2,037028	-0,124489	-0,124492	0,000000	6,236869	0,509067	0,800000
184,800000	7,466019	7,497752	0,522543	0,094437	2,758841	-13399,118916	-10942,573590	-2985,818166	-12645,509169	-13092,611716	8,290437	231,354260	23,296285	23,834948	26,881801	23,839922	24,149890	-2,910284	1,164729	0,979303	232033,559298	-0,202940	0,000472	1,992026	0,662396	2,034818	-0,124491	-0,124482	0,000000	6,238495	0,508992	0,800209
185,000000	7,466264	7,497393	0,521754	0,093034	2,752320	-13405,590689	-10941,459922	-2985,535424	-12648,710333	-13095,812879	8,288815	231,503605	23,298623	23,835448	26,872680	23,843239	24,152176	-2,910371	1,165498	0,979437	232041,237920	-0,203184	0,000447	1,972916	0,662548	2,033630	-0,124490	-0,124473	0,000000	6,240796	0,509335	0,800504
185,200000	7,466394	7,497033	0,519483	0,092856	2,745194	-13404,293490	-10940,515613	-2985,067862	-12648,589038	-13095,691585	8,287389	231,580606	23,303028	23,839751	26,870364	23,851519	24,152655	-2,910526	1,167253	0,979422	232043,983697	-0,202054	0,000355	1,887178	0,662622	2,034045	-0,124482	-0,124474	0,000000	6,241982	0,510120	0,800656
185,400000	7,466070	7,497106	0,521136	0,093775	2,756602	-13404,185091	-10941,520791	-2984,821233	-12645,148550	-13092,251097	8,286166	231,571229	23,303522	23,842750	26,877024	23,856118	24,150829	-2,910843	1,166409	0,979227	232038,160980	-0,200892	0,000517	1,833361	0,662721	2,034800	-0,124473	-0,124480	0,000000	6,241837	0,509653	0,800638
185,600000	7,465756	7,497334	0,526536	0,094484	2,763769	-13424,660471	-10943,263446	-2985,109392	-12643,723830	-13090,826376	8,284901	231,503820	23,297009	23,840955	26,884443	23,853649	24,150530	-2,910719	1,165107	0,978755	232036,349228	-0,201035	0,000612	1,791506	0,662558	2,036405	-0,124479	-0,124489	0,000000	6,240799	0,507754	0,800504
185,800000	7,465585	7,497332	0,528616	0,094547	2,751775	-13441,371361	-10943,231696	-2985,525227	-12646,899591	-13094,002138	8,283444	231,433455	23,289656	23,838272	26,887630	23,847318	24,152189	-2,910165	1,164562	0,978546	232049,647989	-0,201717	0,000440	1,721251	0,661862	2,037397	-0,124490	-0,124492	0,000000	6,239715	0,506540	0,800365
186,000000	7,465360	7,497205	0,526935	0,094472	2,754038	-13436,925214	-10940,753854	-2985,503181	-12652,700506	-13099,803053	8,281951	231,408745	23,290146	23,836775	26,882872	23,842285	24,150017	-2,910086	1,163980	0,979134	232049,069831	-0,201800	0,000532	1,710250	0,661090	2,036240	-0,124490	-0,124486	0,000000	6,239334	0,506493	0,800317
186,200000	7,465134	7,496941	0,524173	0,094423	2,769225	-13424,255176	-10938,892987	-2985,134619	-12658,536590	-13105,639137	8,280417	231,376888	23,296987	23,835726	26,871533	23,843223	24,144285	-2,910322	1,164752	0,980183	232035,335183	-0,201591	0,000781	1,806912	0,660956	2,033992	-0,124486	-0,124479	0,000000	6,238843	0,507275	0,800254
186,400000	7,465109	7,496574	0,521723	0,094577	2,766255	-13413,717915	-10939,782094	-2984,833579	-12656,143503	-13103,246049	8,279125	231,341455	23,302614	23,838431	26,863734	23,846468	24,142385	-2,910405	1,166387	0,980575	232027,106767	-0,201232	0,000785	1,877140	0,661476	2,033411	-0,124487	-0,124477	0,000000	6,238297	0,508452	0,800184
186,600000	7,464970	7,496483	0,521721	0,094982	2,755567	-13408,290446	-10941,800223	-2984,780712	-12644,780747	-13091,883294	8,278048	231,361154	23,301657	23,842682	26,867521	23,847540	24,146013	-2,910456	1,167657	0,980131	232014,088657	-0,200452	0,000720	1,905991	0,662372	2,035071	-0,124480	-0,124483	0,000000	6,238601	0,509135	0,800223
186,800000	7,464603	7,496801	0,523334	0,095181	2,752609	-13407,425368	-10942,997896	-2985,201222	-12639,483380	-13086,585926	8,276593	231,404241	23,295066	23,842173	26,877156	23,848487	24,152174	-2,910509	1,167485	0,979831	231997,392112	-0,200400	0,000668	1,981383	0,663842	2,036872	-0,124475	-0,124488	0,000000	6,239265	0,509761	0,800308
187,000000	7,464578	7,496997	0,524337	0,094945	2,754490	-13414,573607	-10942,691575	-2985,680602	-12645,847571	-13092,950118	8,274814	231,439929	23,287426	23,838319	26,883654	23,848299	24,159060	-2,910447	1,166084	0,979775	231993,045621	-0,201053	0,000558	2,020613	0,665418	2,037572	-0,124480	-0,124487	0,000000	6,239815	0,510664	0,800378
187,200000	7,464832	7,496594	0,523176	0,094351	2,753724	-13422,227192	-10941,615479	-2985,605358	-12656,704530	-13103,807077	8,273292	231,469449	23,286739	23,836705	26,885005	23,848451	24,160609	-2,910378	1,164772	0,979758	231993,169001	-0,201101	0,000614	1,993358	0,666051	2,036847	-0,124483	-0,124483	0,000000	6,240269	0,511521	0,800437
187,400000	7,464883	7,495991	0,520093	0,093180	2,746093	-13416,636248	-10940,996050	-2985,214176	-12666,075455	-13113,178002	8,271992	231,475110	23,295956	23,838068	26,880626	23,850428	24,150556	-2,910462	1,163819	0,979699	231993,463865	-0,201032	0,000786	1,940226	0,665781	2,035373	-0,124483	-0,124476	0,000000	6,240357	0,512305	0,800448
187,600000	7,464586	7,495861	0,519187	0,092351	2,749102	-13411,335738	-10941,395372	-2985,057803	-12668,343380	-13115,445926	8,270623	231,451982	23,304414	23,839501	26,875784	23,849167	24,138001	-2,910524	1,164163	0,979792	231996,148244	-0,201425	0,000812	1,898369	0,665533	2,034426	-0,124484	-0,124473	0,000000	6,240000	0,512400	0,800402
187,800000	7,464170	7,496119	0,521588	0,093049	2,761369	-13423,507105	-10941,880533	-2985,219152	-12664,139036	-13111,241583	8,269316	231,445279	23,304617	23,840506	26,875914	23,845646	24,136998	-2,910441	1,165288	0,979674	231999,317074	-0,201454	0,000728	1,945134	0,665772	2,035241	-0,124486	-0,124478	0,000000	6,239897	0,511789	0,800389
188,000000	7,464084	7,496272	0,523327	0,093614	2,757854	-13437,054440	-10941,225705	-2985,314161	-12661,241757	-13108,344303	8,268019	231,458051	23,299498	23,840837	26,878028	23,843054	24,144965	-2,910364	1,165396	0,978992	231996,724258	-0,200853	0,000692	2,025729	0,666231	2,036662	-0,124489	-0,124481	0,000000	6,240094	0,511570	0,800414
188,200000	7,464289	7,496101	0,522357	0,092880	2,748759	-13433,797915	-10940,492920	-2985,311118	-12662,562802	-13109,665348	8,266611	231,397320	23,294366	23,839284	26,878874	23,842907	24,154469	-2,910400	1,165465	0,978584	231991,321153	-0,200435	0,000612	1,993333	0,666367	2,036438	-0,124485	-0,124479	0,000000	6,239158	0,511994	0,800294
188,400000	7,464351	7,495731	0,520837	0,092871	2,755161	-13423,458005	-10941,015137	-2985,256109	-12664,012428	-13111,114975	8,265247	231,267161	23,293145	23,837283	26,878256	23,846537	24,160988	-2,910360	1,165602	0,978682	232000,267346	-0,200472	0,000385	1,847130	0,666012	2,035059	-0,124481	-0,124483	0,000000	6,237152	0,512213	0,800037
188,600000	7,464298	7,495329	0,522028	0,093770	2,764010	-13423,089309	-10942,007012	-2985,227678	-12663,369530	-13110,472077	8,263893	231,227669	23,294986	23,836152	26,875891	23,853221	24,157634	-2,910206	1,165082	0,979479	232016,771921	-0,200910	0,000423	1,701795	0,665529	2,034527	-0,124482	-0,124487	0,000000	6,236544	0,511415	0,799959
188,800000	7,464071	7,495058	0,525090	0,093972	2,755928	-13436,322861	-10942,838331	-2985,358447	-12662,495137	-13109,597684	8,262389	231,296331	23,298869	23,835892	26,873610	23,856338	24,147281	-2,910207	1,165916	0,980466	232025,926428	-0,201600	0,000709	1,681111	0,664840	2,034913	-0,124485	-0,124486	0,000000	6,237602	0,509839	0,800094
189,000000	7,463594	7,494942	0,525547	0,094226	2,745955	-13447,423564	-10943,666329	-2985,308010	-12663,721208	-13110,823755	8,260942	231,328942	23,300898	23,837380	26,875744	23,848564	24,141321	-2,910258	1,166737	0,980321	232028,144622	-0,201809	0,000667	1,826293	0,663667	2,035664	-0,124487	-0,124487	0,000000	6,238105	0,508781	0,800159
189,200000	7,463263	7,494936	0,523680	0,094837	2,758171	-13444,656669	-10943,976679	-2985,174140	-12671,539468	-13118,642015	8,259568	231,283344	23,297720	23,839743	26,879156	23,838949	24,144647	-2,910327	1,165240	0,979417	232031,066736	-0,201286	0,000460	1,950980	0,662558	2,036354	-0,124488	-0,124489	0,000000	6,237402	0,508555	0,800069
189,400000	7,463243	7,495048	0,522985	0,094033	2,767815	-13439,350531	-10942,823679	-2985,164809	-12681,329562	-13128,432109	8,258012	231,222057	23,294774	23,840328	26,879291	23,837665	24,151966	-2,910519	1,164170	0,978740	232031,874491	-0,200772	0,000387	1,925981	0,662162	2,035270	-0,124485	-0,124488	0,000000	6,236457	0,508489	0,799948
189,600000	7,463370	7,494998	0,523017	0,092704	2,755249	-13436,544676	-10941,451402	-2985,217812	-12679,101218	-13126,203765	8,256575	231,212554	23,294819	23,839550	26,878056	23,842728	24,154887	-2,910618	1,164374	0,978888	232019,818500	-0,201342	0,000345	1,877675	0,662298	2,033817	-0,124478	-0,124489	0,000000	6,236311	0,508579	0,799929
189,800000	7,463230	7,494775	0,523696	0,093106	2,754778	-13430,566825	-10941,285794	-2985,498795	-12665,078822	-13112,181369	8,255336	231,228226	23,297456	23,841032	26,876347	23,850260	24,153356	-2,910607	1,164481	0,979599	232006,219376	-0,202684	0,000439	1,899237	0,662528	2,034333	-0,124475	-0,124489	0,000000	6,236552	0,508510	0,799960
190,000000	7,462735	7,494688	0,524218	0,093950	2,767254	-13421,177389	-10941,536887	-2985,612094	-12652,723804	-13099,826351	8,253875	231,219913	23,298871	23,842359	26,877221	23,855608	24,150607	-2,910616	1,165293	0,979972	232002,113116	-0,202949	0,000590	1,920920	0,662776	2,036428	-0,124478	-0,124487	0,000000	6,236424	0,508520	0,799943
190,200000	7,462435	7,494880	0,522612	0,093769	2,763455	-13410,957799	-10942,025642	-2985,375886	-12651,247655	-13098,350201	8,252451	231,222110	23,294576	23,839451	26,882884	23,852653	24,148047	-2,910618	1,166447	0,979983	231997,833507	-0,202302	0,000386	1,878343	0,662957	2,037513	-0,124482	-0,124482	0,000000	6,236458	0,509222	0,799948
190,400000	7,462681	7,495039	0,521395	0,093272	2,752942	-13407,877750	-10942,049624	-2985,089408	-12656,484939	-13103,587486	8,251192	231,206625	23,289809	23,836282	26,884135	23,842743	24,148774	-2,910587	1,167369	0,979907	231995,201641	-0,201873	0,000148	1,860304	0,662876	2,036492	-0,124483	-0,124476	0,000000	6,236219	0,509585	0,799917
190,600000	7,463090	7,494737	0,522241	0,093128	2,750904	-13414,397136	-10941,354933	-2984,774138	-12660,291173	-13107,393720	8,249725	231,115010	23,291762	23,836061	26,875817	23,836646	24,151279	-2,910522	1,167779	0,979942	232004,720500	-0,201528	0,000417	1,945891	0,662635	2,034869	-0,124484	-0,124475	0,000000	6,234807	0,509084	0,799736
190,800000	7,463116	7,494271	0,523521	0,093399	2,757154	-13421,008392	-10941,153980	-2984,628018	-12657,678927	-13104,781474	8,248275	231,006021	23,299288	23,837097	26,867678	23,838916	24,150446	-2,910546	1,166807	0,979873	232014,964147	-0,201197	0,000814	1,983769	0,662657	2,033318	-0,124483	-0,124482	0,000000	6,233127	0,508629	0,799520
191,000000	7,462702	7,494052	0,523352	0,093489	2,760647	-13417,945353	-10941,673772	-2984,803029	-12645,331344	-13092,433891	8,247024	230,966085	23,302466	23,837566	26,867650	23,844771	24,146509	-2,910684	1,165446	0,979386	232014,997942	-0,201023	0,000922	1,838834	0,663553	2,033431	-0,124479	-0,124485	0,000000	6,232511	0,509359	0,799441
191,200000	7,462264	7,494073	0,521353	0,093336	2,751647	-13401,980265	-10942,505444	-2985,178883	-12635,583869	-13082,686416	8,245593	230,989648	23,297306	23,839112	26,872863	23,849916	24,146340	-2,910600	1,164848	0,978890	232014,208935	-0,201404	0,000848	1,723135	0,665083	2,035527	-0,124481	-0,124482	0,000000	6,232875	0,511212	0,799488
191,400000	7,462309	7,494358	0,521308	0,093711	2,751089	-13393,202579	-10942,677516	-2985,402884	-12639,845429	-13086,947975	8,244017	231,008097	23,289959	23,840664	26,879990	23,851133	24,151291	-2,910332	1,165335	0,978703	232007,873519	-0,201786	0,000675	1,807758	0,666088	2,037451	-0,124485	-0,124482	0,000000	6,233159	0,512027	0,799525
191,600000	7,462735	7,494522	0,525075	0,094052	2,763107	-13410,208473	-10941,889550	-2985,450543	-12651,558896	-13098,661443	8,242678	230,984293	23,286340	23,837692	26,886408	23,848769	24,155369	-2,910170	1,165936	0,978845	231994,556759	-0,201775	0,000428	1,901429	0,666099	2,037340	-0,124485	-0,124482	0,000000	6,232792	0,510796	0,799477
191,800000	7,463053	7,494062	0,527488	0,093451	2,761747	-13430,763673	-10941,392693	-2985,509580	-12660,651761	-13107,754308	8,241346	230,954395	23,289258	23,834034	26,884083	23,845589	24,154353	-2,910147	1,165514	0,979230	231983,472029	-0,201815	0,000301	1,864093	0,665253	2,035533	-0,124484	-0,124481	0,000000	6,232331	0,509316	0,799418
192,000000	7,462885	7,493320	0,525834	0,092757	2,751718	-13432,992723	-10940,908520	-2985,247235	-12659,851420	-13106,953967	8,239853	230,965733	23,296532	23,835273	26,875087	23,843741	24,147839	-2,910243	1,165753	0,979359	231983,015884	-0,201494	0,000343	1,788066	0,664168	2,034269	-0,124485	-0,124480	0,000000	6,232506	0,508974	0,799441
192,200000	7,461989	7,493024	0,523492	0,092969	2,754984	-13423,148619	-10941,197392	-2984,731105	-12653,364740	-13100,467287	8,238357	230,994997	23,303144	23,838698	26,870525	23,845418	24,141078	-2,910449	1,166552	0,979277	231991,785333	-0,200877	0,000428	1,779332	0,663724	2,034732	-0,124482	-0,124481	0,000000	6,232957	0,509385	0,799499
192,400000	7,461017	7,493381	0,523824	0,094385	2,765251	-13417,147000	-10942,402229	-2984,604714	-12652,805165	-13099,907712	8,236846	230,981574	23,302917	23,839797	26,873111	23,846741	24,141687	-2,910668	1,166138	0,979645	231993,062251	-0,200270	0,000638	1,879769	0,663811	2,035734	-0,124479	-0,124480	0,000000	6,232750	0,509364	0,799472
192,600000	7,461004	7,493749	0,526854	0,095526	2,760165	-13427,875845	-10942,097088	-2984,895093	-12658,471097	-13105,573644	8,235496	230,925830	23,294322	23,838899	26,879241	23,844899	24,150692	-2,910674	1,166451	0,980196	231996,760107	-0,199819	0,000852	1,999717	0,663639	2,036112	-0,124481	-0,124477	0,000000	6,231891	0,508256	0,799362
192,800000	7,461609	7,493527	0,529229	0,094318	2,748987	-13441,024609	-10940,610405	-2985,134070	-12661,197863	-13108,300409	8,234187	230,907411	23,286116	23,838499	26,882110	23,844618	24,158505	-2,910535	1,167645	0,980591	232005,126256	-0,200134	0,000808	2,036082	0,662845	2,036195	-0,124483	-0,124478	0,000000	6,231606	0,506852	0,799325
193,000000	7,461935	7,492924	0,528334	0,092634	2,759599	-13437,379543	-10939,416885	-2985,352485	-12660,738714	-13107,841261	8,232699	230,990662	23,286805	23,838555	26,879980	23,848983	24,156858	-2,910448	1,167149	0,980813	231997,655929	-0,201463	0,000582	1,992266	0,662095	2,035664	-0,124478	-0,124482	0,000000	6,232890	0,506535	0,799490
193,200000	7,461762	7,492622	0,524887	0,093335	2,771958	-13422,813421	-10939,980506	-2985,648366	-12658,182356	-13105,284903	8,231356	231,125451	23,293482	23,838117	26,876882	23,852941	24,148673	-2,910480	1,165643	0,980516	231982,130837	-0,203004	0,000349	1,910823	0,662418	2,035076	-0,124478	-0,124483	0,000000	6,234968	0,507905	0,799757
193,400000	7,461407	7,492725	0,522743	0,094993	2,759677	-13410,513352	-10941,204737	-2985,763907	-12652,198579	-13099,301126	8,230141	231,195333	23,297329	23,837852	26,873806	23,850582	24,140331	-2,910633	1,164091	0,980013	231976,562629	-0,203313	0,000338	1,872876	0,663539	2,035351	-0,124487	-0,124483	0,000000	6,236045	0,509483	0,799895
193,600000	7,461219	7,492730	0,524903	0,094678	2,751941	-13415,324880	-10940,757650	-2985,481881	-12652,539195	-13099,641742	8,228792	231,184262	23,297154	23,837937	26,872678	23,843965	24,138457	-2,910599	1,163388	0,979595	231993,092336	-0,202595	0,000360	1,856133	0,664156	2,036012	-0,124494	-0,124482	0,000000	6,235875	0,509232	0,799873
193,800000	7,460986	7,492800	0,527725	0,093273	2,758657	-13435,449286	-10939,601992	-2985,301805	-12663,766291	-13110,868838	8,227405	231,170866	23,295869	23,838367	26,874478	23,836300	24,145752	-2,910354	1,164665	0,979356	232012,079230	-0,202610	0,000258	1,825353	0,663689	2,036313	-0,124494	-0,124478	0,000000	6,235668	0,507940	0,799846
194,000000	7,460644	7,492910	0,526251	0,092947	2,757440	-13447,313238	-10939,652827	-2985,631563	-12677,018024	-13124,120570	8,225945	231,195387	23,292962	23,838605	26,875262	23,835855	24,153445	-2,910279	1,165660	0,979728	232002,468835	-0,203367	0,000366	1,832025	0,662856	2,035300	-0,124489	-0,124477	0,000000	6,236046	0,507800	0,799895
194,200000	7,460545	7,492689	0,522413	0,092905	2,754114	-13438,069775	-10941,114993	-2985,672877	-12679,481658	-13126,584205	8,224343	231,281668	23,291560	23,837240	26,874519	23,846824	24,153217	-2,910393	1,165300	0,979951	231981,846438	-0,203072	0,000638	1,886638	0,662656	2,034135	-0,124486	-0,124480	0,000000	6,237376	0,508915	0,800065
194,400000	7,460723	7,492561	0,521252	0,092727	2,755042	-13419,335324	-10942,382536	-2985,160794	-12669,437292	-13116,539839	8,222820	231,388051	23,293099	23,836191	26,877038	23,855847	24,148128	-2,910480	1,165477	0,979369	231967,319776	-0,202170	0,000797	1,955760	0,663013	2,034757	-0,124485	-0,124487	0,000000	6,239015	0,509577	0,800276
194,600000	7,460844	7,492628	0,523308	0,093591	2,757179	-13412,403444	-10942,368425	-2984,999259	-12660,409954	-13107,512501	8,221485	231,417477	23,294410	23,837000	26,880967	23,854800	24,145591	-2,910395	1,166071	0,979110	231970,252575	-0,202225	0,000835	1,961796	0,663211	2,036450	-0,124487	-0,124490	0,000000	6,239469	0,509050	0,800334
194,800000	7,460702	7,492585	0,525033	0,094692	2,757918	-13417,487168	-10941,149089	-2985,425831	-12659,111848	-13106,214394	8,220191	231,409220	23,294202	23,837532	26,882266	23,847556	24,146557	-2,910254	1,165814	0,979538	231982,147909	-0,202772	0,000702	1,919922	0,663178	2,037149	-0,124492	-0,124484	0,000000	6,239341	0,508447	0,800318
195,000000	7,460593	7,492380	0,525925	0,094249	2,751748	-13420,196229	-10939,361617	-2985,837844	-12660,793988	-13107,896534	8,218888	231,422118	23,292014	23,835200	26,881842	23,839719	24,148289	-2,910274	1,164599	0,979711	231983,949038	-0,203245	0,000390	1,910980	0,663190	2,036185	-0,124494	-0,124480	0,000000	6,239540	0,508150	0,800343
195,200000	7,460848	7,491970	0,527826	0,092791	2,754647	-13424,221046	-10938,743304	-2985,890576	-12659,836848	-13106,939395	8,217480	231,431054	23,291755	23,832776	26,877869	23,837968	24,150303	-2,910398	1,163928	0,979878	231988,622381	-0,203242	0,000336	1,916357	0,663349	2,034549	-0,124490	-0,124479	0,000000	6,239678	0,507612	0,800361
195,400000	7,460748	7,491661	0,527781	0,091963	2,767694	-13428,662109	-10940,559873	-2985,641055	-12655,480803	-13102,583350	8,215874	231,450420	23,295387	23,835958	26,872945	23,844358	24,151272	-2,910475	1,163902	0,980101	231990,239965	-0,202637	0,000605	1,919593	0,663665	2,033719	-0,124487	-0,124482	0,000000	6,239976	0,507836	0,800399
195,600000	7,459944	7,491657	0,524800	0,092145	2,767573	-13418,310061	-10942,848754	-2985,351556	-12648,525720	-13095,628267	8,214380	231,477403	23,297853	23,840747	26,872391	23,851252	24,151093	-2,910561	1,163228	0,979512	231985,510501	-0,201579	0,000712	1,977957	0,664101	2,034775	-0,124483	-0,124487	0,000000	6,240392	0,509154	0,800452
195,800000	7,459444	7,491998	0,524273	0,092602	2,761340	-13404,536195	-10942,898721	-2985,183109	-12639,912711	-13087,015258	8,213108	231,475272	23,293741	23,841200	26,878890	23,851037	24,150743	-2,910587	1,163751	0,978917	231986,339373	-0,200516	0,000619	2,047262	0,664903	2,036868	-0,124480	-0,124491	0,000000	6,240359	0,509977	0,800448
196,000000	7,459601	7,492237	0,527280	0,092617	2,763824	-13404,987915	-10941,179025	-2985,232981	-12636,538229	-13083,640776	8,211814	231,466528	23,286111	23,839131	26,888710	23,846006	24,150027	-2,910392	1,164678	0,979483	231994,133049	-0,201022	0,000523	2,020862	0,666093	2,038053	-0,124484	-0,124490	0,000000	6,240224	0,509917	0,800431
196,200000	7,459807	7,491769	0,529543	0,092301	2,766961	-13412,132709	-10939,598538	-2985,396213	-12639,663053	-13086,765600	8,210390	231,480038	23,283892	23,837395	26,888448	23,842435	24,147736	-2,910207	1,164014	0,979880	232001,773797	-0,202332	0,000370	1,944870	0,666837	2,037173	-0,124490	-0,124482	0,000000	6,240432	0,509706	0,800457
196,400000	7,459582	7,491218	0,528407	0,092049	2,758706	-13413,128715	-10938,996608	-2985,204217	-12641,344365	-13088,446912	8,208971	231,494565	23,287968	23,836338	26,878910	23,842659	24,144134	-2,910299	1,163845	0,979454	231999,284714	-0,202412	0,000379	1,852415	0,666706	2,034329	-0,124488	-0,124476	0,000000	6,240656	0,509937	0,800486
196,600000	7,459233	7,491133	0,525189	0,092261	2,749797	-13403,026557	-10940,368803	-2985,027921	-12638,675149	-13085,777695	8,207704	231,500054	23,294466	23,837049	26,871368	23,844741	24,141606	-2,910565	1,164010	0,979424	231981,535077	-0,202429	0,000687	1,744264	0,666177	2,032157	-0,124480	-0,124476	0,000000	6,240741	0,510589	0,800497
196,800000	7,459041	7,491262	0,524055	0,093119	2,759666	-13393,291518	-10942,737262	-2985,163356	-12635,128704	-13082,231251	8,206404	231,524239	23,298054	23,840529	26,868467	23,846144	24,141033	-2,910714	1,164668	0,980027	231961,851898	-0,202638	0,001002	1,704142	0,665392	2,033227	-0,124481	-0,124475	0,000000	6,241113	0,510363	0,800545
197,000000	7,458925	7,491423	0,526451	0,093866	2,766081	-13400,972331	-10943,311974	-2985,142159	-12637,149341	-13084,251887	8,204951	231,546675	23,293053	23,842735	26,871606	23,845805	24,145130	-2,910582	1,166400	0,980429	231957,523334	-0,201714	0,001046	1,745369	0,664244	2,035742	-0,124485	-0,124478	0,000000	6,241459	0,508694	0,800589
197,200000	7,458981	7,491618	0,528512	0,094023	2,752549	-13422,894559	-10942,660864	-2985,198591	-12647,922306	-13095,024853	8,203471	231,514395	23,283023	23,840099	26,879921	23,844331	24,152315	-2,910354	1,166353	0,979997	231958,816263	-0,201155	0,000800	1,792855	0,662960	2,036765	-0,124485	-0,124484	0,000000	6,240962	0,507056	0,800525
197,400000	7,459210	7,491449	0,527163	0,093721	2,753157	-13435,517769	-10941,266891	-2985,442489	-12659,999273	-13107,101820	8,202045	231,459040	23,277846	23,835693	26,885464	23,843515	24,154773	-2,910202	1,165503	0,979700	231960,116304	-0,201976	0,000568	1,811440	0,661957	2,035667	-0,124484	-0,124485	0,000000	6,240109	0,506744	0,800416
197,600000	7,459347	7,490779	0,524143	0,092871	2,767084	-13425,435142	-10939,321923	-2985,569404	-12663,807077	-13110,909624	8,200529	231,402321	23,282884	23,834601	26,883779	23,844072	24,150343	-2,910128	1,165831	0,979763	231959,892456	-0,202650	0,000435	1,843122	0,661415	2,034370	-0,124486	-0,124483	0,000000	6,239235	0,507291	0,800304
197,800000	7,459002	7,490378	0,524026	0,092276	2,763420	-13408,990436	-10939,313323	-2985,471303	-12660,503323	-13107,605870	8,199070	231,308832	23,292842	23,836842	26,878757	23,844036	24,142096	-2,910344	1,165736	0,979553	231955,193451	-0,202472	0,000525	1,899814	0,661108	2,034476	-0,124486	-0,124486	0,000000	6,237795	0,507058	0,800119
198,000000	7,458322	7,490520	0,527384	0,093006	2,753510	-13411,685573	-10940,791635	-2985,294423	-12658,631398	-13105,733944	8,197829	231,221221	23,297251	23,839316	26,873663	23,842947	24,137146	-2,910632	1,165581	0,979677	231951,102757	-0,202210	0,000783	1,927647	0,661150	2,035054	-0,124482	-0,124484	0,000000	6,236444	0,505971	0,799946
198,200000	7,457910	7,490731	0,529046	0,093723	2,753341	-13429,402696	-10941,890886	-2985,289074	-12660,112045	-13107,214591	8,196439	231,163632	23,292914	23,840223	26,872192	23,841841	24,140093	-2,910650	1,165941	0,979939	231950,557789	-0,202040	0,000747	1,920937	0,661767	2,035359	-0,124479	-0,124477	0,000000	6,235557	0,505901	0,799832
198,400000	7,458077	7,490750	0,527543	0,092961	2,759685	-13434,761281	-10942,036911	-2985,421118	-12663,330552	-13110,433099	8,194903	231,110696	23,286330	23,838943	26,877204	23,841869	24,147110	-2,910661	1,165959	0,979601	231956,989857	-0,201888	0,000540	1,911603	0,662548	2,035105	-0,124477	-0,124477	0,000000	6,234741	0,507008	0,799727
198,600000	7,458545	7,490609	0,525456	0,092469	2,763111	-13429,160246	-10941,085957	-2985,578590	-12669,937096	-13117,039643	8,193495	231,104650	23,285085	23,836642	26,880619	23,845273	24,155150	-2,910700	1,165336	0,979295	231956,877094	-0,202107	0,000542	1,887913	0,662935	2,034767	-0,124477	-0,124478	0,000000	6,234648	0,508000	0,799715
198,800000	7,458698	7,490252	0,524399	0,093356	2,756214	-13426,653399	-10939,997329	-2985,747910	-12676,753193	-13123,855740	8,192151	231,114965	23,288451	23,834937	26,875979	23,850720	24,157187	-2,910515	1,164344	0,979522	231949,345415	-0,202591	0,000641	1,831264	0,663149	2,035105	-0,124481	-0,124477	0,000000	6,234807	0,508490	0,799736
199,000000	7,458426	7,489889	0,526075	0,094002	2,755939	-13426,034019	-10940,144525	-2985,820470	-12674,070495	-13121,173042	8,190817	231,069710	23,292007	23,835607	26,870622	23,853871	24,149273	-2,910206	1,164605	0,980020	231960,802335	-0,202935	0,000718	1,775500	0,663821	2,035320	-0,124488	-0,124482	0,000000	6,234109	0,508414	0,799646
199,200000	7,458082	7,489806	0,530133	0,094012	2,764942	-13431,021147	-10941,522273	-2985,658582	-12661,979365	-13109,081912	8,189495	231,006718	23,293478	23,838317	26,871174	23,849470	24,141592	-2,910064	1,165947	0,980036	231972,326447	-0,202815	0,000852	1,732587	0,664954	2,035441	-0,124493	-0,124488	0,000000	6,233138	0,507922	0,799522
199,400000	7,457747	7,490138	0,531818	0,094158	2,761565	-13435,809296	-10942,425351	-2985,599834	-12655,314097	-13102,416643	8,188073	230,950355	23,291046	23,839332	26,876385	23,839898	24,141408	-2,910106	1,166222	0,979310	231960,645513	-0,202844	0,000996	1,714636	0,665903	2,035650	-0,124495	-0,124487	0,000000	6,232269	0,508114	0,799410
199,600000	7,457611	7,490604	0,527694	0,093908	2,755245	-13422,040935	-10942,094400	-2985,792026	-12656,612801	-13103,715348	8,186662	230,915316	23,286967	23,838234	26,878888	23,833561	24,146424	-2,910314	1,165813	0,979205	231940,311123	-0,202778	0,000977	1,784071	0,666369	2,034943	-0,124489	-0,124482	0,000000	6,231728	0,509877	0,799341
199,800000	7,457896	7,490536	0,521276	0,092969	2,762738	-13389,996994	-10941,238785	-2985,788733	-12653,261462	-13100,364009	8,185440	230,930307	23,284919	23,837902	26,873180	23,833543	24,150309	-2,910607	1,164699	0,979798	231926,195535	-0,202283	0,000815	1,857037	0,666671	2,033627	-0,124479	-0,124482	0,000000	6,231960	0,512248	0,799371
200,000000	7,458225	7,489872	0,518753	0,092711	2,768709	-13362,261038	-10940,255793	-2985,426787	-12638,977652	-13086,080198	8,184175	230,949915	23,286503	23,839076	26,867056	23,841698	24,150672	-2,910595	1,163538	0,979650	231932,409745	-0,202323	0,000785	1,843793	0,666775	2,033575	-0,124475	-0,124486	0,000000	6,232262	0,513127	0,799409
200,200000	7,458077	7,489113	0,520428	0,093659	2,755911	-13354,573424	-10939,721031	-2985,195811	-12619,802772	-13066,905319	8,182657	230,944534	23,288871	23,840159	26,868968	23,852919	24,148803	-2,910300	1,165117	0,978969	231944,521393	-0,202438	0,000735	1,847068	0,666304	2,035648	-0,124481	-0,124487	0,000000	6,232179	0,512154	0,799399
200,400000	7,457596	7,488940	0,520957	0,094198	2,738779	-13353,304274	-10940,077036	-2985,381137	-12608,596118	-13055,698665	8,181136	230,946044	23,286506	23,839345	26,877520	23,855164	24,145955	-2,910146	1,166823	0,979121	231943,382782	-0,202268	0,000556	1,902033	0,665526	2,037110	-0,124488	-0,124487	0,000000	6,232202	0,511384	0,799402
200,600000	7,457659	7,489233	0,519280	0,093646	2,742985	-13350,944141	-10940,313676	-2985,324828	-12611,307856	-13058,410403	8,179679	230,961058	23,282393	23,836203	26,882701	23,845883	24,145842	-2,910140	1,166043	0,979733	231950,660801	-0,201744	0,000426	1,926551	0,664853	2,036763	-0,124490	-0,124488	0,000000	6,232434	0,511463	0,799431
200,800000	7,458379	7,489284	0,518646	0,093129	2,751069	-13361,870602	-10939,603679	-2985,136117	-12625,559594	-13072,662141	8,178285	230,965812	23,283429	23,833931	26,879243	23,835869	24,147666	-2,910174	1,165612	0,979995	231964,339512	-0,201610	0,000484	1,887410	0,663795	2,035407	-0,124489	-0,124483	0,000000	6,232507	0,510864	0,799441
201,000000	7,458586	7,489042	0,519078	0,093250	2,741606	-13380,865893	-10939,208474	-2985,259157	-12641,434605	-13088,537152	8,176984	230,960601	23,290262	23,835270	26,872019	23,835264	24,146698	-2,910390	1,165222	0,979677	231957,455742	-0,202576	0,000713	1,816832	0,662366	2,033138	-0,124490	-0,124476	0,000000	6,232427	0,509590	0,799431
201,200000	7,458097	7,488928	0,519943	0,093536	2,743813	-13394,787262	-10940,876289	-2985,234802	-12643,704600	-13090,807146	8,175608	231,017716	23,294280	23,837987	26,866177	23,840540	24,144719	-2,910694	1,164615	0,978868	231939,668189	-0,203002	0,000739	1,826347	0,661398	2,032702	-0,124488	-0,124480	0,000000	6,233307	0,508533	0,799544
201,400000	7,457611	7,489033	0,520965	0,093645	2,761591	-13404,906513	-10941,966064	-2985,046340	-12637,858191	-13084,960738	8,174214	231,147098	23,290274	23,839637	26,865976	23,845058	24,146671	-2,910710	1,166037	0,978904	231923,914657	-0,202383	0,000632	1,973255	0,660979	2,035124	-0,124482	-0,124486	0,000000	6,235302	0,507872	0,799799
201,600000	7,457238	7,489063	0,521363	0,093764	2,764426	-13410,953155	-10940,624550	-2985,025473	-12642,534925	-13089,637471	8,172841	231,215449	23,285117	23,840378	26,872629	23,847321	24,150716	-2,910428	1,167691	0,979681	231919,837859	-0,201487	0,000586	2,084173	0,660775	2,037647	-0,124484	-0,124486	0,000000	6,236355	0,507595	0,799935
201,800000	7,457148	7,488879	0,521152	0,093876	2,758383	-13415,065901	-10939,871110	-2985,212305	-12657,387376	-13104,489922	8,171447	231,184237	23,282746	23,839484	26,883186	23,846533	24,152240	-2,910292	1,168103	0,980083	231927,695925	-0,200774	0,000636	2,026560	0,660555	2,037725	-0,124488	-0,124484	0,000000	6,235874	0,507505	0,799873
202,000000	7,457237	7,488457	0,520556	0,093958	2,758397	-13420,263320	-10939,929649	-2985,312237	-12670,236230	-13117,338777	8,170055	231,164811	23,282355	23,835783	26,886783	23,843508	24,150832	-2,910339	1,167677	0,980042	231926,804770	-0,201043	0,000762	1,914046	0,660371	2,035900	-0,124489	-0,124484	0,000000	6,235575	0,507549	0,799834
202,200000	7,457114	7,488107	0,521286	0,093952	2,762116	-13425,734418	-10939,825025	-2985,087256	-12670,574838	-13117,677385	8,168619	231,176302	23,285700	23,833598	26,878986	23,841513	24,147063	-2,910365	1,166916	0,979774	231921,459834	-0,201885	0,000761	1,874224	0,660583	2,034433	-0,124486	-0,124482	0,000000	6,235752	0,507438	0,799857
202,400000	7,456978	7,488105	0,523174	0,093628	2,759739	-13429,188546	-10941,007007	-2984,807595	-12659,495283	-13106,597829	8,167310	231,134798	23,293966	23,836093	26,868918	23,842077	24,141869	-2,910476	1,166936	0,979367	231929,207067	-0,201786	0,000583	1,884003	0,661108	2,034125	-0,124480	-0,124481	0,000000	6,235112	0,507190	0,799775
202,600000	7,456797	7,488252	0,523406	0,093252	2,746516	-13419,929320	-10942,816442	-2984,782604	-12645,520126	-13092,622673	8,166023	231,070530	23,298899	23,838902	26,866548	23,842188	24,141124	-2,910541	1,166965	0,978959	231937,334564	-0,201423	0,000430	1,871954	0,661483	2,035059	-0,124482	-0,124486	0,000000	6,234122	0,507400	0,799648
202,800000	7,456480	7,488322	0,522267	0,093370	2,746666	-13402,841787	-10943,166845	-2984,766776	-12635,218675	-13082,321222	8,164547	231,062868	23,292068	23,838669	26,874057	23,841264	24,148914	-2,910316	1,167016	0,978765	231937,663291	-0,201448	0,000400	1,829579	0,661876	2,035992	-0,124488	-0,124489	0,000000	6,234003	0,508100	0,799633
203,000000	7,456576	7,488183	0,521792	0,093688	2,761757	-13396,273050	-10942,139182	-2984,654810	-12635,737284	-13082,839831	8,163038	231,082462	23,281655	23,837401	26,880864	23,841281	24,158041	-2,910062	1,167322	0,978977	231934,374699	-0,201228	0,000515	1,802545	0,662753	2,036234	-0,124490	-0,124489	0,000000	6,234306	0,508937	0,799672
203,200000	7,457082	7,487956	0,521878	0,093354	2,761197	-13402,193111	-10940,627364	-2984,847155	-12643,525950	-13090,628496	8,161461	231,077245	23,279271	23,837043	26,880339	23,843542	24,158011	-2,910187	1,166273	0,979682	231927,843000	-0,201480	0,000794	1,819770	0,663495	2,035907	-0,124488	-0,124487	0,000000	6,234225	0,509464	0,799661
203,400000	7,457170	7,488022	0,522399	0,093467	2,752118	-13414,483302	-10940,001524	-2985,218666	-12648,459952	-13095,562499	8,160042	231,091131	23,284158	23,837360	26,875550	23,847506	24,149735	-2,910524	1,165242	0,979952	231933,861667	-0,201978	0,000909	1,831509	0,663375	2,035092	-0,124485	-0,124484	0,000000	6,234439	0,509193	0,799689
203,600000	7,456442	7,488365	0,522584	0,094734	2,756658	-13421,187710	-10940,074364	-2985,239630	-12647,566263	-13094,668810	8,158875	231,190354	23,288297	23,837922	26,872088	23,848615	24,140573	-2,910716	1,165223	0,979679	231940,483466	-0,201775	0,000864	1,810305	0,662800	2,034808	-0,124486	-0,124483	0,000000	6,235969	0,508704	0,799885
203,800000	7,455652	7,488423	0,520858	0,095157	2,764069	-13409,748851	-10939,582140	-2985,193568	-12644,391199	-13091,493745	8,157655	231,315545	23,288527	23,837685	26,873805	23,845366	24,135570	-2,910721	1,164367	0,979692	231932,309329	-0,201882	0,000964	1,793799	0,662090	2,034786	-0,124490	-0,124483	0,000000	6,237898	0,508743	0,800132
204,000000	7,455513	7,488099	0,518481	0,094469	2,754312	-13394,923779	-10940,194750	-2985,515181	-12644,795888	-13091,898435	8,156291	231,356407	23,287470	23,837180	26,875186	23,839038	24,139500	-2,910603	1,163617	0,979804	231938,061253	-0,202370	0,001028	1,813528	0,661535	2,034454	-0,124487	-0,124481	0,000000	6,238528	0,509096	0,800213
204,200000	7,455752	7,487694	0,517871	0,093909	2,739281	-13398,132314	-10941,372541	-2985,707983	-12649,517873	-13096,620420	8,154743	231,336863	23,286210	23,836950	26,872475	23,835705	24,149044	-2,910535	1,163455	0,980291	231952,022110	-0,202230	0,000983	1,877486	0,661715	2,034499	-0,124481	-0,124479	0,000000	6,238227	0,509410	0,800175
204,400000	7,455901	7,487242	0,519813	0,093367	2,745202	-13409,842710	-10940,161977	-2985,483084	-12652,091481	-13099,194028	8,153118	231,347635	23,285761	23,836562	26,869987	23,842760	24,154734	-2,910449	1,162701	0,980896	231945,318589	-0,202087	0,000926	1,947922	0,662340	2,034855	-0,124484	-0,124481	0,000000	6,238393	0,509209	0,800196
204,600000	7,455864	7,486951	0,522581	0,092839	2,753418	-13415,125909	-10938,386343	-2985,468746	-12645,653196	-13092,755743	8,151680	231,375493	23,286675	23,837241	26,870219	23,852228	24,153005	-2,910391	1,162083	0,980400	231930,475806	-0,202751	0,000661	1,960252	0,662498	2,035272	-0,124490	-0,124484	0,000000	6,238822	0,508386	0,800251
204,800000	7,455771	7,486890	0,523262	0,093355	2,743813	-13408,351207	-10939,199908	-2985,823192	-12633,537643	-13080,640190	8,150530	231,384226	23,288726	23,838223	26,871943	23,853830	24,146945	-2,910511	1,161584	0,979533	231923,025434	-0,203467	0,000443	1,908464	0,662108	2,036399	-0,124490	-0,124489	0,000000	6,238956	0,507857	0,800268
205,000000	7,455666	7,486996	0,521493	0,094799	2,747222	-13397,312918	-10941,196055	-2986,019115	-12631,890234	-13078,992780	8,149287	231,395920	23,290384	23,838480	26,875341	23,847265	24,141809	-2,910468	1,162079	0,979234	231914,824812	-0,203319	0,000519	1,822938	0,661849	2,037055	-0,124491	-0,124491	0,000000	6,239137	0,508260	0,800291
205,200000	7,455489	7,487248	0,518687	0,094879	2,764077	-13396,653363	-10941,390161	-2985,629486	-12643,261944	-13090,364491	8,147860	231,408888	23,287563	23,837524	26,879453	23,836732	24,141669	-2,910350	1,164353	0,978965	231907,298949	-0,202842	0,000586	1,753358	0,662146	2,036102	-0,124491	-0,124488	0,000000	6,239336	0,509452	0,800317
205,400000	7,455331	7,487335	0,516498	0,093487	2,763305	-13398,521967	-10940,963553	-2985,167423	-12652,059113	-13099,161659	8,146508	231,391980	23,283397	23,835991	26,876033	23,830604	24,145243	-2,910420	1,164832	0,978871	231918,918342	-0,202938	0,000568	1,748546	0,662859	2,034134	-0,124489	-0,124479	0,000000	6,239076	0,510739	0,800283
205,600000	7,455312	7,487085	0,518294	0,092899	2,752372	-13399,671580	-10941,824124	-2985,255200	-12650,149400	-13097,251946	8,145188	231,352250	23,284981	23,837737	26,867494	23,834214	24,146707	-2,910425	1,163827	0,979472	231934,029807	-0,203359	0,000666	1,787881	0,663610	2,033109	-0,124489	-0,124473	0,000000	6,238464	0,510680	0,800205
205,800000	7,455159	7,486782	0,523522	0,093348	2,745751	-13407,825794	-10942,433350	-2985,172259	-12636,761139	-13083,863686	8,143871	231,309572	23,289981	23,841231	26,867936	23,843791	24,145748	-2,910325	1,164996	0,979939	231937,207918	-0,203022	0,000727	1,858272	0,664386	2,033856	-0,124486	-0,124482	0,000000	6,237806	0,509498	0,800121
206,000000	7,454746	7,486774	0,525389	0,094156	2,747862	-13413,116685	-10941,957493	-2984,843164	-12623,621573	-13070,724120	8,142470	231,230770	23,290454	23,841671	26,873598	23,849887	24,143896	-2,910352	1,166440	0,979491	231943,861788	-0,202246	0,000513	1,923041	0,664850	2,035130	-0,124480	-0,124493	0,000000	6,236592	0,509238	0,799965
206,200000	7,454612	7,486808	0,520867	0,094785	2,754094	-13403,715234	-10941,170031	-2984,942391	-12624,651618	-13071,754164	8,140977	231,136605	23,285246	23,839258	26,875958	23,848141	24,144013	-2,910412	1,166720	0,979096	231960,974749	-0,201969	0,000546	1,931827	0,664391	2,036677	-0,124481	-0,124490	0,000000	6,235140	0,510411	0,799779
206,400000	7,454955	7,486593	0,515984	0,094699	2,750502	-13385,367055	-10940,053034	-2985,299540	-12635,890320	-13082,992867	8,139515	231,106684	23,281412	23,837480	26,876995	23,842173	24,148431	-2,910385	1,166556	0,979300	231984,442019	-0,202002	0,000811	1,908881	0,663432	2,037336	-0,124486	-0,124484	0,000000	6,234679	0,511309	0,799719
206,600000	7,455262	7,486389	0,516361	0,094435	2,750685	-13381,030911	-10938,802593	-2985,475434	-12649,205738	-13096,308284	8,138116	231,117289	23,283145	23,836167	26,876000	23,837952	24,148868	-2,910400	1,165979	0,979624	232012,393084	-0,202410	0,000781	1,860932	0,662630	2,035879	-0,124491	-0,124486	0,000000	6,234842	0,510552	0,799740
206,800000	7,455002	7,486190	0,519206	0,094199	2,759116	-13398,341516	-10939,272326	-2985,382687	-12657,090051	-13104,192598	8,136813	231,111542	23,289267	23,835556	26,868237	23,838552	24,144054	-2,910504	1,165317	0,979936	232033,561357	-0,203210	0,000647	1,772347	0,661844	2,033511	-0,124492	-0,124490	0,000000	6,234754	0,508967	0,799729
207,000000	7,454282	7,485881	0,519412	0,093827	2,754345	-13406,438926	-10941,647538	-2985,160216	-12649,060445	-13096,162992	8,135663	231,109258	23,295462	23,838996	26,858925	23,840603	24,140178	-2,910676	1,164794	0,979675	232032,026216	-0,203046	0,000415	1,705339	0,661184	2,033065	-0,124489	-0,124490	0,000000	6,234719	0,508349	0,799725
207,200000	7,453777	7,485803	0,517248	0,093793	2,744997	-13386,300596	-10943,207443	-2984,902493	-12627,532910	-13074,635457	8,134526	231,126596	23,294882	23,842319	26,862319	23,842273	24,138851	-2,910770	1,165712	0,979120	232009,820658	-0,201830	0,000201	1,748756	0,661564	2,034684	-0,124484	-0,124488	0,000000	6,234986	0,509363	0,799759
207,400000	7,453859	7,485918	0,515740	0,094271	2,748757	-13362,354835	-10942,994631	-2984,813573	-12611,532252	-13058,634799	8,133097	231,129071	23,286173	23,840249	26,874403	23,843763	24,143327	-2,910603	1,166559	0,979136	231969,690598	-0,201222	0,000221	1,856297	0,662991	2,036151	-0,124484	-0,124486	0,000000	6,235024	0,511001	0,799764
207,600000	7,454291	7,485833	0,516374	0,094765	2,754888	-13358,384398	-10942,030504	-2985,171399	-12610,413872	-13057,516419	8,131391	231,121549	23,276975	23,836173	26,879371	23,842844	24,150979	-2,910352	1,165175	0,979286	231933,354519	-0,202024	0,000355	1,897765	0,664364	2,036489	-0,124488	-0,124486	0,000000	6,234908	0,511856	0,799749
207,800000	7,454541	7,485468	0,519978	0,094363	2,747849	-13374,365169	-10940,661258	-2985,775671	-12617,871994	-13064,974541	8,129791	231,155712	23,277091	23,834838	26,873607	23,842807	24,152224	-2,910266	1,164183	0,979366	231920,613546	-0,203538	0,000516	1,894324	0,665065	2,035884	-0,124492	-0,124485	0,000000	6,235435	0,511150	0,799816
208,000000	7,454503	7,484922	0,523546	0,093076	2,739952	-13399,066009	-10940,287703	-2985,878890	-12622,924608	-13070,027155	8,128557	231,211715	23,285869	23,835979	26,866669	23,844444	24,145239	-2,910361	1,164608	0,979127	231922,091262	-0,204038	0,000628	1,920696	0,664787	2,035226	-0,124492	-0,124485	0,000000	6,236298	0,509693	0,799927
208,200000	7,454284	7,484562	0,523484	0,092752	2,754127	-13412,049726	-10941,167952	-2985,358877	-12621,461752	-13068,564298	8,127526	231,207920	23,293653	23,838280	26,865826	23,842278	24,138377	-2,910393	1,165169	0,978552	231926,005968	-0,203166	0,000789	1,930947	0,663904	2,034889	-0,124488	-0,124485	0,000000	6,236239	0,509010	0,799920
208,400000	7,454063	7,484567	0,521113	0,093707	2,768137	-13408,020318	-10941,258929	-2984,913842	-12621,746943	-13068,849489	8,126258	231,127229	23,294212	23,839643	26,868756	23,838425	24,136568	-2,910199	1,165986	0,978775	231926,485228	-0,202001	0,000796	1,919878	0,663291	2,035076	-0,124488	-0,124480	0,000000	6,234996	0,509335	0,799760
208,600000	7,454039	7,484690	0,519139	0,093708	2,758468	-13398,182998	-10941,245347	-2984,811271	-12626,624148	-13073,726695	8,124584	231,039125	23,288384	23,839257	26,871564	23,837073	24,139069	-2,910087	1,165814	0,979753	231940,251947	-0,201189	0,000570	1,916685	0,663074	2,035632	-0,124486	-0,124477	0,000000	6,233637	0,509844	0,799586
208,800000	7,453899	7,484765	0,519852	0,092865	2,755664	-13394,619368	-10942,090153	-2984,837918	-12634,153696	-13081,256242	8,122909	231,034245	23,283204	23,838734	26,872760	23,838970	24,147139	-2,910158	1,164354	0,980124	231962,098253	-0,201251	0,000481	1,908225	0,663079	2,035982	-0,124481	-0,124479	0,000000	6,233562	0,509616	0,799576
209,000000	7,453584	7,484708	0,521827	0,092954	2,762725	-13406,808373	-10942,485005	-2985,032373	-12642,626376	-13089,728923	8,121566	231,102934	23,283018	23,837649	26,872732	23,843722	24,154470	-2,910301	1,163886	0,980073	231962,056773	-0,202445	0,000586	1,913131	0,663263	2,035590	-0,124480	-0,124485	0,000000	6,234621	0,509094	0,799712
209,200000	7,453382	7,484602	0,521324	0,093409	2,753473	-13416,996997	-10941,579213	-2985,309861	-12646,664164	-13093,766711	8,120371	231,143487	23,285500	23,836531	26,870598	23,849041	24,152294	-2,910421	1,164299	0,980111	231960,185916	-0,203487	0,000633	1,932340	0,663201	2,035339	-0,124482	-0,124487	0,000000	6,235246	0,509206	0,799792
209,400000	7,453326	7,484620	0,519607	0,093386	2,742898	-13413,379760	-10940,624419	-2985,240818	-12642,644274	-13089,746820	8,119069	231,134520	23,287701	23,836381	26,870357	23,848477	24,144674	-2,910441	1,164549	0,979547	231974,179080	-0,202694	0,000507	1,925645	0,662708	2,036156	-0,124487	-0,124486	0,000000	6,235108	0,509404	0,799775
209,600000	7,453351	7,484628	0,518713	0,093737	2,744253	-13411,281846	-10941,198946	-2985,167146	-12640,665211	-13087,767758	8,117697	231,102853	23,288472	23,837152	26,874020	23,839922	24,139495	-2,910447	1,164233	0,978980	231977,439119	-0,201712	0,000389	1,905622	0,662064	2,036912	-0,124491	-0,124488	0,000000	6,234620	0,509214	0,799712
209,800000	7,453221	7,484461	0,517700	0,094102	2,750359	-13407,025106	-10941,347045	-2985,477698	-12652,572937	-13099,675484	8,116259	231,067088	23,289027	23,838449	26,872344	23,832371	24,140434	-2,910407	1,163268	0,979259	231971,589974	-0,202312	0,000434	1,883771	0,661261	2,036487	-0,124495	-0,124491	0,000000	6,234069	0,508921	0,799641
210,000000	7,452929	7,484346	0,517392	0,092994	2,754087	-13403,055091	-10940,012661	-2985,578359	-12664,455060	-13111,557606	8,114737	231,060160	23,289072	23,838543	26,864952	23,831546	24,145130	-2,910335	1,162992	0,979884	231979,976472	-0,202687	0,000646	1,832989	0,660224	2,034568	-0,124493	-0,124487	0,000000	6,233962	0,508207	0,799627
210,200000	7,452866	7,484286	0,517454	0,092062	2,748989	-13411,763737	-10939,571232	-2985,263652	-12661,315695	-13108,418242	8,113371	231,063448	23,288469	23,837265	26,860938	23,837488	24,149011	-2,910385	1,163561	0,980358	231993,414962	-0,202162	0,000820	1,819091	0,659076	2,033789	-0,124482	-0,124480	0,000000	6,234012	0,507294	0,799634
210,400000	7,452795	7,484131	0,515885	0,093272	2,751800	-13414,259990	-10941,476723	-2985,136449	-12650,310431	-13097,412978	8,112156	231,076518	23,288124	23,838309	26,864102	23,847043	24,150482	-2,910447	1,165017	0,980273	231995,306759	-0,202169	0,000720	1,849210	0,658303	2,035413	-0,124475	-0,124479	0,000000	6,234214	0,507218	0,799660
210,600000	7,452499	7,483914	0,514580	0,094743	2,762189	-13410,937129	-10943,338721	-2985,405268	-12648,307635	-13095,410182	8,110916	231,107116	23,287102	23,840545	26,871586	23,851420	24,149171	-2,910356	1,166141	0,979356	231990,921463	-0,202874	0,000495	1,801184	0,658227	2,036920	-0,124480	-0,124483	0,000000	6,234686	0,507592	0,799720
210,800000	7,452409	7,483722	0,515742	0,094829	2,753885	-13417,303452	-10942,371668	-2985,591776	-12660,036538	-13107,139084	8,109541	231,127556	23,285599	23,838510	26,876951	23,846224	24,146896	-2,910267	1,164900	0,978547	231986,278355	-0,202782	0,000376	1,716812	0,658796	2,037212	-0,124491	-0,124484	0,000000	6,235001	0,507643	0,799761
211,000000	7,452665	7,483542	0,517077	0,094354	2,739648	-13425,471610	-10941,347452	-2985,304657	-12674,461898	-13121,564444	8,108020	231,146192	23,284617	23,835421	26,877408	23,838418	24,145811	-2,910283	1,163958	0,978991	231982,920064	-0,201917	0,000465	1,750734	0,660029	2,036343	-0,124496	-0,124480	0,000000	6,235288	0,508141	0,799798
211,200000	7,452929	7,483130	0,516429	0,094115	2,742929	-13432,833390	-10942,546581	-2984,769542	-12684,271715	-13131,374262	8,106533	231,168275	23,288285	23,835709	26,870153	23,835715	24,146516	-2,910414	1,163818	0,980087	231981,456077	-0,201599	0,000826	1,868927	0,661501	2,034767	-0,124491	-0,124473	0,000000	6,235628	0,509454	0,799841
211,400000	7,452756	7,482923	0,515901	0,093951	2,750469	-13438,371244	-10942,945107	-2984,482844	-12683,957708	-13131,060255	8,105108	231,193787	23,294662	23,837591	26,859359	23,838990	24,146639	-2,910538	1,162773	0,980483	231970,394122	-0,201671	0,001123	1,953933	0,662396	2,033579	-0,124482	-0,124475	0,000000	6,236022	0,510286	0,799892
211,600000	7,452266	7,483146	0,517795	0,093678	2,745580	-13441,543817	-10942,150605	-2984,740070	-12673,516185	-13120,618731	8,103752	231,187836	23,294870	23,839248	26,858867	23,843589	24,145321	-2,910484	1,163098	0,980126	231959,882469	-0,202015	0,001012	1,991369	0,662705	2,034238	-0,124478	-0,124484	0,000000	6,235930	0,509897	0,799880
211,800000	7,451901	7,483475	0,520886	0,093515	2,742847	-13445,321027	-10941,803917	-2985,403973	-12664,721071	-13111,823618	8,102395	231,141220	23,288692	23,840960	26,865703	23,844717	24,147245	-2,910456	1,164505	0,979517	231970,952093	-0,202835	0,000646	1,931077	0,663361	2,036408	-0,124481	-0,124488	0,000000	6,235211	0,509392	0,799788
212,000000	7,451789	7,483833	0,522465	0,093785	2,759755	-13445,518838	-10941,302993	-2985,732086	-12665,692647	-13112,795193	8,100881	231,098977	23,281636	23,841110	26,870385	23,844588	24,151514	-2,910505	1,165057	0,979154	232000,754407	-0,202658	0,000434	1,755364	0,664386	2,037520	-0,124486	-0,124485	0,000000	6,234560	0,509679	0,799704
212,200000	7,452045	7,483772	0,522157	0,094272	2,771376	-13445,609807	-10940,188055	-2985,301203	-12671,454736	-13118,557283	8,099504	231,080847	23,278247	23,837214	26,873565	23,843727	24,153707	-2,910417	1,165681	0,979338	232026,185529	-0,201142	0,000530	1,668029	0,664453	2,036431	-0,124487	-0,124482	0,000000	6,234281	0,509842	0,799668
212,400000	7,452304	7,483186	0,521369	0,094297	2,758705	-13446,016438	-10939,869786	-2984,868672	-12669,478853	-13116,581399	8,098295	231,108803	23,280063	23,833815	26,872745	23,841188	24,151090	-2,910289	1,165427	0,979631	232024,407718	-0,200667	0,000686	1,794436	0,663473	2,035004	-0,124486	-0,124484	0,000000	6,234712	0,509324	0,799724
212,600000	7,451839	7,482621	0,520769	0,094208	2,755626	-13437,547408	-10941,566517	-2984,794626	-12656,997412	-13104,099959	8,096874	231,154019	23,287592	23,836425	26,866756	23,840504	24,143632	-2,910314	1,163919	0,979691	232007,668205	-0,201363	0,000590	1,898024	0,662809	2,034656	-0,124486	-0,124489	0,000000	6,235409	0,508966	0,799813
212,800000	7,451124	7,482396	0,520567	0,094418	2,765633	-13425,696749	-10942,553539	-2984,800692	-12645,502134	-13092,604681	8,095389	231,168199	23,296247	23,841220	26,861831	23,841494	24,136886	-2,910506	1,163400	0,979474	232002,047760	-0,201855	0,000371	1,805247	0,662801	2,034706	-0,124485	-0,124489	0,000000	6,235627	0,508997	0,799841
213,000000	7,450978	7,482377	0,520429	0,094535	2,757099	-13418,613105	-10941,675458	-2984,817155	-12641,580081	-13088,682627	8,094142	231,135931	23,296299	23,841978	26,865256	23,840360	24,138568	-2,910602	1,164184	0,979025	232028,761705	-0,201617	0,000393	1,722522	0,662880	2,034885	-0,124484	-0,124486	0,000000	6,235130	0,509107	0,799777
213,200000	7,451069	7,482366	0,520008	0,094121	2,742851	-13409,691053	-10940,823745	-2985,031463	-12641,310893	-13088,413440	8,092882	231,091880	23,287635	23,839651	26,870766	23,838217	24,149410	-2,910414	1,165159	0,978763	232064,546939	-0,201215	0,000591	1,794566	0,662892	2,035703	-0,124487	-0,124482	0,000000	6,234451	0,509271	0,799690
213,400000	7,451037	7,482393	0,519044	0,092981	2,743152	-13398,648973	-10940,719618	-2985,532307	-12641,792393	-13088,894940	8,091316	231,105978	23,279732	23,837489	26,869442	23,840589	24,156484	-2,910284	1,165223	0,979365	232060,123218	-0,201982	0,000712	1,900040	0,662929	2,036307	-0,124491	-0,124476	0,000000	6,234668	0,509625	0,799718
213,600000	7,451105	7,482413	0,517935	0,092523	2,753017	-13396,523857	-10940,608248	-2985,540198	-12641,131344	-13088,233891	8,089816	231,142767	23,280111	23,836354	26,866972	23,845450	24,153185	-2,910469	1,164792	0,980198	232034,572430	-0,202573	0,000674	1,897789	0,663000	2,035777	-0,124487	-0,124479	0,000000	6,235235	0,510051	0,799791
213,800000	7,451074	7,482261	0,518436	0,093709	2,758019	-13403,833077	-10940,886956	-2985,041122	-12640,522406	-13087,624953	8,088627	231,167331	23,285558	23,836174	26,868403	23,846604	24,144153	-2,910762	1,165293	0,979965	232024,893925	-0,201915	0,000530	1,795113	0,663014	2,035051	-0,124481	-0,124487	0,000000	6,235614	0,509888	0,799839
214,000000	7,450726	7,482027	0,520185	0,094566	2,750227	-13414,764299	-10942,183410	-2984,803759	-12645,534018	-13092,636565	8,087439	231,196053	23,288934	23,837380	26,871005	23,842578	24,135642	-2,910824	1,166185	0,979433	232035,315495	-0,201781	0,000377	1,764352	0,662984	2,034676	-0,124480	-0,124488	0,000000	6,236057	0,509266	0,799896
214,200000	7,450545	7,481878	0,521022	0,094113	2,751723	-13419,484181	-10942,361006	-2984,860756	-12653,285521	-13100,388067	8,085995	231,181007	23,288787	23,838706	26,871116	23,835784	24,135381	-2,910556	1,166746	0,979407	232049,949348	-0,202316	0,000416	1,852567	0,662875	2,034474	-0,124487	-0,124484	0,000000	6,235825	0,508890	0,799866
214,400000	7,450638	7,481846	0,519259	0,093756	2,763852	-13411,834955	-10940,847018	-2984,837083	-12656,626160	-13103,728707	8,084367	231,134711	23,285464	23,837759	26,870653	23,832260	24,142987	-2,910391	1,167022	0,979504	232040,154926	-0,201931	0,000553	1,916970	0,662502	2,034536	-0,124490	-0,124477	0,000000	6,235111	0,509194	0,799775
214,600000	7,450735	7,481806	0,515331	0,093898	2,759030	-13399,731878	-10940,584705	-2984,697943	-12653,818381	-13100,920928	8,082918	231,115645	23,282183	23,835865	26,871617	23,836179	24,150381	-2,910538	1,166686	0,979947	232004,445704	-0,201353	0,000500	1,931868	0,661610	2,034346	-0,124484	-0,124477	0,000000	6,234817	0,509829	0,799737
214,800000	7,450737	7,481607	0,513698	0,093382	2,746859	-13391,567416	-10942,471115	-2984,728708	-12648,012826	-13095,115372	8,081704	231,101878	23,282180	23,835667	26,869982	23,844890	24,150758	-2,910699	1,166519	0,980295	231973,592848	-0,201837	0,000449	1,945555	0,660217	2,034116	-0,124481	-0,124486	0,000000	6,234605	0,509291	0,799710
215,000000	7,450522	7,481420	0,516482	0,092632	2,747427	-13398,804033	-10943,974456	-2984,973153	-12644,557968	-13091,660514	8,080559	231,089827	23,285044	23,836768	26,865901	23,850182	24,145794	-2,910668	1,166362	0,979572	231985,447941	-0,202422	0,000498	1,930102	0,659445	2,035319	-0,124488	-0,124494	0,000000	6,234419	0,507741	0,799686
215,200000	7,449938	7,481434	0,518967	0,093238	2,749284	-13415,431863	-10943,657885	-2985,320004	-12643,699487	-13090,802034	8,079298	231,099270	23,287230	23,837505	26,866075	23,848148	24,141745	-2,910417	1,165829	0,978878	232018,937339	-0,202222	0,000450	1,883120	0,660001	2,037021	-0,124495	-0,124492	0,000000	6,234565	0,507337	0,799705
215,400000	7,449264	7,481545	0,517377	0,094227	2,740774	-13416,558459	-10942,394186	-2985,601676	-12647,579268	-13094,681815	8,077761	231,114310	23,284883	23,837836	26,869450	23,842083	24,140272	-2,910271	1,166262	0,979380	232022,027304	-0,201905	0,000353	1,865131	0,661030	2,036865	-0,124496	-0,124485	0,000000	6,234797	0,508673	0,799735
215,600000	7,449260	7,481631	0,514413	0,094024	2,737230	-13402,519023	-10941,314508	-2985,423488	-12654,320009	-13101,422556	8,076318	231,128282	23,282000	23,836632	26,868928	23,834768	24,141845	-2,910384	1,166597	0,979736	232018,700864	-0,201744	0,000347	1,853375	0,661698	2,035080	-0,124493	-0,124481	0,000000	6,235012	0,510189	0,799762
215,800000	7,449807	7,481438	0,514739	0,093199	2,753331	-13397,056053	-10940,796111	-2984,958663	-12654,955435	-13102,057982	8,075046	231,127107	23,284571	23,834810	26,864913	23,833345	24,144631	-2,910563	1,166216	0,979225	232033,732301	-0,201788	0,000441	1,814907	0,662276	2,033491	-0,124485	-0,124480	0,000000	6,234994	0,510510	0,799760
216,000000	7,449871	7,480968	0,519048	0,092931	2,762667	-13412,816951	-10941,443749	-2984,942987	-12650,568085	-13097,670632	8,073654	231,115134	23,290613	23,837192	26,861147	23,841489	24,145021	-2,910694	1,166862	0,979190	232036,819745	-0,202231	0,000634	1,842346	0,663267	2,033219	-0,124479	-0,124477	0,000000	6,234809	0,509784	0,799736
216,200000	7,449235	7,480857	0,523029	0,093542	2,750030	-13429,492741	-10942,925731	-2985,089495	-12641,764137	-13088,866684	8,072283	231,127751	23,291646	23,841935	26,861779	23,848912	24,143432	-2,910729	1,167019	0,979711	232029,224497	-0,201867	0,000852	1,929411	0,664380	2,034434	-0,124479	-0,124481	0,000000	6,235004	0,509290	0,799761
216,400000	7,448799	7,481000	0,523297	0,094373	2,751000	-13423,584225	-10942,985880	-2984,916865	-12628,993450	-13076,095997	8,070995	231,167741	23,284491	23,842997	26,867876	23,847872	24,143864	-2,910465	1,166074	0,979695	232031,915098	-0,201052	0,000712	1,961157	0,665015	2,036483	-0,124487	-0,124488	0,000000	6,235620	0,509704	0,799840
216,600000	7,448931	7,480871	0,520727	0,094612	2,766430	-13401,545414	-10941,156662	-2985,055005	-12622,599506	-13069,702053	8,069670	231,205277	23,278438	23,840230	26,872642	23,841317	24,145489	-2,909959	1,166022	0,979402	232049,248771	-0,201521	0,000334	1,905002	0,665025	2,037687	-0,124496	-0,124488	0,000000	6,236199	0,510580	0,799914
216,800000	7,448991	7,480633	0,518008	0,094451	2,765639	-13386,778016	-10939,900124	-2985,468498	-12629,302764	-13076,405311	8,068199	231,210522	23,280111	23,836839	26,871063	23,837231	24,143304	-2,909844	1,166128	0,979321	232063,584620	-0,202287	0,000283	1,861070	0,664782	2,036629	-0,124498	-0,124486	0,000000	6,236280	0,511296	0,799925
217,000000	7,448616	7,480354	0,518060	0,094375	2,756288	-13389,805007	-10939,921195	-2985,483059	-12640,659836	-13087,762383	8,066691	231,164350	23,287014	23,835053	26,866559	23,837879	24,139187	-2,910218	1,166173	0,979543	232045,415875	-0,202202	0,000537	1,913130	0,664589	2,034312	-0,124493	-0,124483	0,000000	6,235568	0,511108	0,799834
217,200000	7,448256	7,480084	0,520363	0,094361	2,751791	-13401,491081	-10940,855476	-2985,075726	-12641,628977	-13088,731524	8,065367	231,086677	23,293580	23,836230	26,863213	23,839686	24,136523	-2,910502	1,166747	0,979820	232017,930841	-0,201899	0,000756	1,951346	0,663973	2,033151	-0,124490	-0,124478	0,000000	6,234371	0,509837	0,799680
217,400000	7,448293	7,480170	0,521484	0,094673	2,751299	-13409,026682	-10942,519004	-2984,545973	-12631,095119	-13078,197666	8,064059	231,031067	23,293061	23,839345	26,862957	23,841469	24,138028	-2,910546	1,166963	0,979289	232014,475460	-0,201375	0,000613	1,907880	0,662825	2,034153	-0,124489	-0,124478	0,000000	6,233513	0,508580	0,799570
217,600000	7,448227	7,480478	0,520840	0,095133	2,751670	-13405,084635	-10942,830523	-2984,440190	-12624,116912	-13071,219458	8,062615	231,043115	23,286431	23,839835	26,867618	23,841655	24,143487	-2,910591	1,166904	0,978435	232018,076947	-0,200700	0,000311	1,856381	0,661892	2,035633	-0,124488	-0,124480	0,000000	6,233699	0,508105	0,799594
217,800000	7,448022	7,480483	0,519598	0,095432	2,748136	-13398,676518	-10941,575537	-2984,930038	-12629,790173	-13076,892720	8,061221	231,161893	23,279900	23,837244	26,872238	23,840913	24,148421	-2,910659	1,166614	0,978530	232013,865172	-0,200768	0,000234	1,792638	0,661152	2,035891	-0,124487	-0,124481	0,000000	6,235530	0,507964	0,799829
218,000000	7,448276	7,480245	0,518145	0,095589	2,752145	-13395,830112	-10940,529350	-2985,609926	-12638,883449	-13085,985996	8,059824	231,321616	23,277708	23,836196	26,871430	23,841706	24,150203	-2,910636	1,166200	0,979332	232017,627769	-0,202209	0,000342	1,700043	0,660615	2,035506	-0,124487	-0,124482	0,000000	6,237992	0,508024	0,800144
218,200000	7,448626	7,479944	0,518543	0,095081	2,762452	-13394,344324	-10940,277704	-2985,905305	-12641,841729	-13088,944276	8,058374	231,402498	23,283289	23,836803	26,867436	23,843217	24,145871	-2,910475	1,166206	0,979645	232025,689235	-0,203892	0,000585	1,658861	0,660848	2,035059	-0,124487	-0,124482	0,000000	6,239238	0,508044	0,800304
218,400000	7,448578	7,479571	0,521383	0,094680	2,758304	-13399,986932	-10941,235332	-2985,711276	-12638,865735	-13085,968282	8,057128	231,401858	23,292951	23,836802	26,863505	23,842490	24,138609	-2,910352	1,165671	0,979077	232014,751618	-0,204129	0,000671	1,715792	0,661484	2,034739	-0,124487	-0,124482	0,000000	6,239228	0,507554	0,800303
218,600000	7,448266	7,479413	0,522779	0,094989	2,750090	-13407,775402	-10942,404777	-2985,350033	-12632,464034	-13079,566581	8,055975	231,349434	23,295649	23,837629	26,862870	23,838045	24,136735	-2,910454	1,165584	0,978867	232003,354788	-0,203328	0,000489	1,815921	0,661942	2,034755	-0,124486	-0,124483	0,000000	6,238420	0,507428	0,800199
218,800000	7,448108	7,479452	0,520728	0,094582	2,755248	-13405,254474	-10942,684077	-2985,122521	-12629,710715	-13076,813261	8,054543	231,297436	23,290637	23,838343	26,866076	23,834202	24,140651	-2,910582	1,165666	0,979443	232004,613661	-0,202546	0,000486	1,854474	0,662400	2,034841	-0,124486	-0,124481	0,000000	6,237619	0,508471	0,800097
219,000000	7,448106	7,479582	0,518104	0,093174	2,759631	-13394,995619	-10942,158590	-2985,068307	-12634,797881	-13081,900428	8,052932	231,336895	23,285720	23,837477	26,869813	23,834960	24,147222	-2,910520	1,164112	0,979806	232009,185634	-0,201981	0,000720	1,845744	0,663279	2,034875	-0,124485	-0,124479	0,000000	6,238227	0,510041	0,800175
219,200000	7,447971	7,479561	0,518337	0,092384	2,749407	-13390,980836	-10940,745758	-2985,184366	-12642,245538	-13089,348084	8,051501	231,455071	23,282816	23,837141	26,871475	23,840725	24,152679	-2,910368	1,163444	0,979777	232018,566243	-0,202207	0,000756	1,894099	0,664632	2,034793	-0,124482	-0,124480	0,000000	6,240048	0,511006	0,800408
219,400000	7,448002	7,479103	0,521098	0,092994	2,739937	-13402,238651	-10940,292735	-2985,368070	-12644,739451	-13091,841998	8,050397	231,550516	23,283475	23,837805	26,869678	23,847488	24,151225	-2,910273	1,164358	0,979454	232020,601643	-0,202580	0,000564	1,953894	0,665783	2,035233	-0,124483	-0,124485	0,000000	6,241518	0,510929	0,800597
219,600000	7,447977	7,478739	0,523211	0,093922	2,749239	-13417,650293	-10941,924107	-2985,168360	-12638,558776	-13085,661323	8,049329	231,584458	23,286412	23,839403	26,867842	23,848108	24,144085	-2,910287	1,165629	0,979090	232019,713317	-0,201838	0,000406	1,982372	0,666053	2,036133	-0,124484	-0,124491	0,000000	6,242041	0,510399	0,800664
219,800000	7,447621	7,478762	0,523147	0,094647	2,757231	-13421,989985	-10943,359237	-2984,943619	-12632,777788	-13079,880335	8,047842	231,587430	23,287918	23,840547	26,866887	23,841701	24,138305	-2,910354	1,167005	0,979242	232024,155904	-0,201700	0,000331	1,994000	0,665494	2,036868	-0,124488	-0,124491	0,000000	6,242087	0,509990	0,800670
220,000000	7,447383	7,478734	0,521631	0,095201	2,749028	-13416,620446	-10942,540310	-2984,921088	-12637,842824	-13084,945371	8,046212	231,566662	23,286934	23,838691	26,867427	23,833740	24,138276	-2,910230	1,167280	0,979502	232033,405340	-0,202346	0,000326	1,926055	0,664510	2,036953	-0,124498	-0,124484	0,000000	6,241767	0,509746	0,800629
220,200000	7,447303	7,478503	0,520473	0,094673	2,752982	-13409,181749	-10940,628420	-2985,074312	-12648,705237	-13095,807784	8,044818	231,537429	23,284484	23,836093	26,870526	23,832453	24,142602	-2,910164	1,166708	0,979523	232044,013143	-0,202516	0,000408	1,874065	0,663330	2,035287	-0,124499	-0,124481	0,000000	6,241317	0,509224	0,800571
220,400000	7,447097	7,478343	0,521568	0,093590	2,765435	-13408,865313	-10940,006441	-2985,553461	-12654,418960	-13101,521507	8,043501	231,533115	23,284970	23,836349	26,869257	23,837965	24,145966	-2,910449	1,166021	0,979834	232036,699061	-0,202943	0,000610	1,931479	0,662260	2,033290	-0,124489	-0,124483	0,000000	6,241250	0,508025	0,800562
220,600000	7,446793	7,478386	0,524645	0,093613	2,759045	-13421,054779	-10941,175495	-2985,692195	-12650,249301	-13097,351848	8,042216	231,535218	23,287949	23,838915	26,865153	23,844580	24,145493	-2,910533	1,165525	0,979713	232008,395396	-0,203314	0,000640	1,933207	0,661606	2,033379	-0,124487	-0,124486	0,000000	6,241282	0,506489	0,800567
220,800000	7,446700	7,478423	0,526929	0,094669	2,751097	-13431,394015	-10942,605084	-2985,296026	-12640,823871	-13087,926418	8,041027	231,552815	23,288869	23,840938	26,867414	23,849549	24,143917	-2,910347	1,166412	0,978939	231983,652117	-0,202715	0,000394	1,812904	0,661209	2,035947	-0,124491	-0,124491	0,000000	6,241554	0,505430	0,800601
221,000000	7,446756	7,478327	0,525703	0,095337	2,754929	-13422,919418	-10942,640751	-2985,116640	-12635,900867	-13083,003414	8,039746	231,595536	23,286361	23,839545	26,875564	23,848139	24,142133	-2,910293	1,167041	0,978780	231983,147482	-0,201965	0,000227	1,712915	0,660905	2,037332	-0,124491	-0,124494	0,000000	6,242212	0,505614	0,800686
221,200000	7,446912	7,478257	0,522124	0,095067	2,759645	-13403,314059	-10941,357641	-2985,295099	-12640,790822	-13087,893368	8,038266	231,580385	23,282972	23,836560	26,876527	23,840448	24,141069	-2,910293	1,165101	0,979177	231991,048820	-0,202268	0,000243	1,732669	0,660748	2,035916	-0,124488	-0,124489	0,000000	6,241978	0,506686	0,800656
221,400000	7,447084	7,477974	0,520213	0,094429	2,760457	-13391,207839	-10940,404864	-2985,276511	-12650,286927	-13097,389474	8,036897	231,506865	23,284511	23,836072	26,866588	23,833003	24,143898	-2,910351	1,163145	0,979730	231997,219929	-0,202720	0,000414	1,812565	0,660814	2,034581	-0,124488	-0,124482	0,000000	6,240846	0,507341	0,800510
221,600000	7,446778	7,477434	0,521340	0,093798	2,755467	-13398,217885	-10940,539354	-2984,943376	-12652,345995	-13099,448542	8,035781	231,455026	23,290916	23,837931	26,858805	23,832852	24,144459	-2,910571	1,163064	0,980445	232007,955839	-0,202241	0,000764	1,850885	0,661350	2,033336	-0,124485	-0,124478	0,000000	6,240047	0,507327	0,800408
221,800000	7,446122	7,477163	0,521958	0,093828	2,755457	-13409,732836	-10941,002219	-2984,461327	-12642,382108	-13089,484655	8,034646	231,447751	23,293401	23,839617	26,858488	23,839275	24,140660	-2,910787	1,163923	0,980659	232005,706610	-0,201383	0,001007	1,850123	0,662527	2,033105	-0,124480	-0,124479	0,000000	6,239935	0,508004	0,800394
222,000000	7,445753	7,477357	0,519882	0,094579	2,758674	-13402,858903	-10942,159201	-2984,098240	-12632,015279	-13079,117825	8,033260	231,440035	23,288717	23,840068	26,862942	23,842992	24,140284	-2,910653	1,165604	0,980144	231969,798461	-0,200566	0,000869	1,872215	0,663610	2,035037	-0,124480	-0,124484	0,000000	6,239816	0,509549	0,800378
222,200000	7,445849	7,477811	0,518355	0,095111	2,749876	-13390,823427	-10942,746157	-2984,291428	-12633,377018	-13080,479564	8,031605	231,389462	23,282782	23,839517	26,869329	23,842357	24,144055	-2,910262	1,166935	0,979564	231933,137978	-0,200531	0,000499	1,922275	0,663984	2,037079	-0,124484	-0,124487	0,000000	6,239037	0,510388	0,800278
222,400000	7,446202	7,478018	0,519670	0,095286	2,743844	-13394,160486	-10941,188044	-2984,718779	-12645,570103	-13092,672649	8,030064	231,373803	23,279215	23,836249	26,875099	23,840749	24,147973	-2,910106	1,167445	0,979418	231937,672984	-0,201424	0,000260	1,950033	0,664026	2,037063	-0,124489	-0,124487	0,000000	6,238796	0,510006	0,800248
222,600000	7,446453	7,477752	0,522170	0,095208	2,752819	-13410,381934	-10939,903311	-2984,822022	-12657,689467	-13104,792013	8,028807	231,423723	23,278262	23,832412	26,875772	23,838635	24,149107	-2,910198	1,167061	0,979490	231968,506074	-0,201818	0,000457	1,946962	0,663821	2,035426	-0,124491	-0,124483	0,000000	6,239565	0,509003	0,800346
222,800000	7,446231	7,477281	0,522710	0,094942	2,758811	-13422,354290	-10940,882980	-2984,964769	-12659,459105	-13106,561652	8,027390	231,437766	23,283650	23,833841	26,868427	23,837392	24,145547	-2,910396	1,165110	0,979187	231991,837220	-0,201750	0,000767	1,925260	0,663059	2,034442	-0,124488	-0,124479	0,000000	6,239781	0,508195	0,800374
223,000000	7,445703	7,476906	0,521190	0,094612	2,751624	-13418,067051	-10942,053234	-2985,231957	-12652,965068	-13100,067615	8,025888	231,381148	23,293112	23,838673	26,860649	23,838076	24,137825	-2,910638	1,164149	0,978911	231988,972154	-0,201957	0,000798	1,904592	0,662122	2,034652	-0,124483	-0,124480	0,000000	6,238909	0,507939	0,800262
223,200000	7,445359	7,476831	0,520276	0,094330	2,747394	-13410,513755	-10942,024128	-2985,241710	-12646,996652	-13094,099199	8,024540	231,320650	23,296215	23,840908	26,861018	23,837367	24,135820	-2,910647	1,164485	0,978943	231978,185600	-0,201863	0,000727	1,912114	0,661786	2,035447	-0,124481	-0,124483	0,000000	6,237977	0,507980	0,800142
223,400000	7,445249	7,476946	0,520190	0,094454	2,759062	-13410,886943	-10942,031957	-2984,962526	-12645,740069	-13092,842615	8,023274	231,311960	23,289894	23,839225	26,867257	23,834882	24,145022	-2,910503	1,164540	0,978956	231981,846417	-0,201465	0,000575	1,910485	0,662039	2,036014	-0,124482	-0,124484	0,000000	6,237843	0,508223	0,800125
223,600000	7,445327	7,476866	0,520893	0,094182	2,763755	-13413,724408	-10941,080009	-2984,853869	-12651,054068	-13098,156614	8,021941	231,274761	23,281315	23,836076	26,870459	23,837014	24,151989	-2,910414	1,165314	0,979211	232013,411022	-0,202011	0,000381	1,900532	0,662291	2,035680	-0,124485	-0,124486	0,000000	6,237270	0,508187	0,800052
223,800000	7,445599	7,476720	0,523206	0,093615	2,748235	-13421,254866	-10939,768297	-2984,944393	-12658,066807	-13105,169354	8,020497	231,148306	23,279268	23,835163	26,869671	23,841866	24,150955	-2,910425	1,165951	0,979486	232054,306122	-0,202504	0,000396	1,892785	0,662290	2,035017	-0,124486	-0,124488	0,000000	6,235321	0,507406	0,799802
224,000000	7,445616	7,476705	0,525046	0,094333	2,747839	-13428,971611	-10940,743541	-2984,778790	-12653,727783	-13100,830330	8,019179	231,062520	23,283469	23,837549	26,869519	23,843871	24,146619	-2,910582	1,165898	0,979458	232044,483380	-0,201657	0,000554	1,859468	0,662177	2,034862	-0,124486	-0,124491	0,000000	6,233998	0,506702	0,799632
224,200000	7,445337	7,476552	0,523838	0,095603	2,762636	-13421,419243	-10942,030741	-2984,756156	-12642,161622	-13089,264169	8,017914	231,093849	23,288070	23,839268	26,869355	23,843740	24,140111	-2,910642	1,166195	0,979516	232005,821891	-0,201581	0,000590	1,829542	0,662244	2,035228	-0,124492	-0,124492	0,000000	6,234481	0,507143	0,799694
224,400000	7,445274	7,476331	0,520669	0,095450	2,759542	-13403,191224	-10941,957080	-2984,994373	-12637,188432	-13084,290979	8,016586	231,149443	23,290168	23,838627	26,868600	23,839835	24,136177	-2,910593	1,166338	0,979896	231999,289661	-0,202278	0,000470	1,834112	0,662527	2,036142	-0,124497	-0,124483	0,000000	6,235338	0,508403	0,799804
224,600000	7,445443	7,476259	0,518607	0,094296	2,753293	-13387,664450	-10942,038844	-2984,965205	-12636,910880	-13084,013426	8,015255	231,130404	23,289251	23,838597	26,865853	23,833034	24,140175	-2,910517	1,166515	0,980076	232005,502979	-0,202170	0,000557	1,880950	0,662774	2,036419	-0,124492	-0,124474	0,000000	6,235045	0,509276	0,799766
224,800000	7,445394	7,476358	0,519331	0,093935	2,757770	-13383,054145	-10942,135124	-2984,775889	-12638,840785	-13085,943332	8,013937	231,022688	23,287783	23,839045	26,860185	23,832112	24,148274	-2,910344	1,167025	0,979608	231999,332065	-0,201909	0,000810	1,919333	0,662739	2,035624	-0,124486	-0,124472	0,000000	6,233384	0,509001	0,799553
225,000000	7,445020	7,476382	0,520545	0,093850	2,758824	-13395,618031	-10942,059009	-2984,927435	-12643,929499	-13091,032045	8,012656	230,896510	23,286973	23,838144	26,858190	23,840051	24,150732	-2,910188	1,166766	0,978998	232010,243613	-0,202530	0,000677	1,903732	0,662412	2,035247	-0,124484	-0,124482	0,000000	6,231438	0,508343	0,799304
225,200000	7,444871	7,476207	0,520109	0,093308	2,751720	-13406,924147	-10942,362682	-2985,078836	-12647,512191	-13094,614738	8,011326	230,864666	23,287276	23,837443	26,861716	23,847947	24,146164	-2,910119	1,166133	0,979074	232030,162715	-0,203295	0,000296	1,857540	0,662254	2,035430	-0,124486	-0,124491	0,000000	6,230947	0,508364	0,799241
225,400000	7,444734	7,476149	0,519904	0,093544	2,741204	-13402,264115	-10942,716400	-2985,047383	-12645,385409	-13092,487955	8,009877	230,910800	23,288417	23,837986	26,866406	23,848651	24,141361	-2,910038	1,165616	0,979613	232021,210523	-0,202939	0,000211	1,811170	0,662446	2,036160	-0,124489	-0,124489	0,000000	6,231659	0,508584	0,799332
225,600000	7,444271	7,476287	0,521016	0,094392	2,744270	-13398,560568	-10943,269306	-2985,196940	-12643,779794	-13090,882341	8,008480	230,919584	23,288135	23,838593	26,869672	23,842690	24,140328	-2,909945	1,165702	0,979819	232018,092191	-0,202451	0,000390	1,791213	0,662491	2,036526	-0,124494	-0,124483	0,000000	6,231794	0,508259	0,799349
225,800000	7,444059	7,476293	0,523034	0,094268	2,757203	-13403,223840	-10943,252950	-2985,289912	-12648,353343	-13095,455890	8,007075	230,884975	23,287084	23,836967	26,869821	23,833471	24,141795	-2,910072	1,166294	0,979770	232034,956640	-0,202549	0,000492	1,822186	0,661955	2,035610	-0,124494	-0,124483	0,000000	6,231260	0,507178	0,799281
226,000000	7,444119	7,475817	0,525118	0,093260	2,756110	-13415,681341	-10942,066098	-2985,257432	-12653,041754	-13100,144301	8,005522	230,881317	23,286895	23,834723	26,867317	23,828821	24,143991	-2,910370	1,165487	0,979796	232037,695190	-0,203006	0,000527	1,880584	0,660936	2,033795	-0,124491	-0,124483	0,000000	6,231204	0,505677	0,799274
226,200000	7,444056	7,475233	0,525201	0,093036	2,753128	-13430,311935	-10940,907076	-2985,359217	-12654,438237	-13101,540783	8,004173	230,944462	23,288545	23,836954	26,862984	23,834467	24,146819	-2,910560	1,164457	0,979999	232033,841059	-0,203439	0,000669	1,900490	0,659839	2,033000	-0,124489	-0,124480	0,000000	6,232178	0,504764	0,799399
226,400000	7,443760	7,475113	0,523045	0,094056	2,765542	-13431,317447	-10940,799826	-2985,510644	-12653,168665	-13100,271212	8,002986	231,011168	23,290306	23,841151	26,861130	23,843807	24,147644	-2,910576	1,164113	0,980169	232031,024983	-0,202949	0,000791	1,867200	0,659075	2,034183	-0,124487	-0,124478	0,000000	6,233206	0,504876	0,799531
226,600000	7,443424	7,475322	0,520779	0,095092	2,773716	-13418,596691	-10941,415035	-2985,429329	-12649,924824	-13097,027371	8,001641	231,034005	23,288959	23,841315	26,865172	23,846792	24,146587	-2,910421	1,163399	0,980063	232019,263584	-0,202035	0,000621	1,810566	0,658957	2,035915	-0,124488	-0,124479	0,000000	6,233558	0,505557	0,799576
226,800000	7,443441	7,475423	0,520853	0,094852	2,760017	-13411,119107	-10941,260984	-2985,256324	-12647,352727	-13094,455274	8,000406	231,042238	23,284712	23,837839	26,871163	23,842172	24,147970	-2,910213	1,163624	0,979847	232002,805015	-0,201910	0,000387	1,820188	0,659243	2,037760	-0,124488	-0,124483	0,000000	6,233685	0,505774	0,799592
227,000000	7,443782	7,475262	0,523740	0,093751	2,745923	-13418,435985	-10940,331940	-2985,466929	-12650,716781	-13097,819328	7,999215	231,070310	23,281240	23,835363	26,874304	23,836866	24,148495	-2,910268	1,164077	0,979792	231998,866170	-0,202392	0,000401	1,895898	0,659449	2,037943	-0,124485	-0,124484	0,000000	6,234118	0,504973	0,799648
227,200000	7,443817	7,475133	0,526033	0,093694	2,752889	-13427,606436	-10940,189304	-2985,701745	-12657,133913	-13104,236460	7,997768	231,150010	23,283312	23,835015	26,872602	23,835135	24,145335	-2,910491	1,163241	0,979944	232003,101777	-0,202535	0,000465	1,935646	0,659689	2,035895	-0,124482	-0,124483	0,000000	6,235347	0,504387	0,799805
227,400000	7,443391	7,475086	0,524579	0,094758	2,756868	-13425,707820	-10941,074618	-2985,461706	-12654,566185	-13101,668732	7,996342	231,263829	23,290371	23,836424	26,865491	23,836055	24,141912	-2,910544	1,162975	0,980335	231998,110828	-0,202471	0,000633	1,939186	0,660091	2,034240	-0,124483	-0,124484	0,000000	6,237101	0,505159	0,800030
227,600000	7,442776	7,474995	0,520298	0,095696	2,745274	-13410,757604	-10941,351907	-2985,070480	-12644,841779	-13091,944326	7,995059	231,354786	23,296164	23,840239	26,857613	23,838528	24,140265	-2,910484	1,163393	0,980906	231989,081040	-0,202647	0,000902	1,938015	0,660448	2,034788	-0,124488	-0,124480	0,000000	6,238503	0,506830	0,800210
227,800000	7,442230	7,474984	0,516864	0,096031	2,750255	-13392,731785	-10941,050522	-2984,887425	-12640,253397	-13087,355944	7,993617	231,394449	23,294831	23,842160	26,858012	23,839737	24,142931	-2,910480	1,163589	0,980807	231983,271540	-0,202463	0,000850	1,915048	0,661048	2,036287	-0,124490	-0,124474	0,000000	6,239114	0,508436	0,800288
228,000000	7,442374	7,475086	0,517305	0,095635	2,764372	-13383,810814	-10941,765844	-2985,034938	-12642,426613	-13089,529160	7,992121	231,388598	23,286803	23,839678	26,864614	23,838211	24,149019	-2,910438	1,164486	0,979668	231966,918702	-0,202018	0,000496	1,837810	0,661934	2,036608	-0,124489	-0,124475	0,000000	6,239024	0,508992	0,800277
228,200000	7,443040	7,475094	0,520024	0,095179	2,755403	-13389,590532	-10942,390055	-2985,241498	-12643,390459	-13090,493006	7,990725	231,348964	23,279657	23,836494	26,867460	23,835999	24,153745	-2,910348	1,165298	0,978911	231944,604408	-0,201790	0,000240	1,812626	0,662499	2,036221	-0,124489	-0,124481	0,000000	6,238413	0,508525	0,800198
228,400000	7,443348	7,474787	0,520628	0,094834	2,743536	-13402,252609	-10941,984430	-2985,391606	-12643,242556	-13090,345103	7,989225	231,311501	23,280486	23,835204	26,865640	23,837613	24,150602	-2,910370	1,165377	0,979423	231943,655904	-0,201800	0,000298	1,893749	0,662694	2,035715	-0,124485	-0,124485	0,000000	6,237836	0,508453	0,800124
228,600000	7,443178	7,474323	0,517925	0,094192	2,746489	-13403,254212	-10941,832934	-2985,538190	-12645,594688	-13092,697234	7,987920	231,318352	23,289149	23,835752	26,863114	23,840318	24,138490	-2,910464	1,165245	0,980029	231955,655762	-0,201999	0,000529	1,925860	0,663006	2,034671	-0,124479	-0,124484	0,000000	6,237941	0,509566	0,800138
228,800000	7,442773	7,474041	0,515328	0,094515	2,751479	-13394,675887	-10941,127630	-2985,502768	-12645,786897	-13092,889444	7,986865	231,362453	23,296044	23,837243	26,861061	23,837692	24,129958	-2,910551	1,164456	0,979940	231963,680386	-0,202434	0,000572	1,910147	0,663989	2,033997	-0,124479	-0,124481	0,000000	6,238621	0,511173	0,800225
229,000000	7,442354	7,474003	0,516876	0,095604	2,750697	-13389,420272	-10939,769515	-2985,434824	-12641,578512	-13088,681058	7,985529	231,402974	23,294193	23,838203	26,861650	23,833954	24,133127	-2,910624	1,163285	0,979850	231959,501754	-0,202826	0,000400	1,941808	0,665684	2,034709	-0,124484	-0,124478	0,000000	6,239245	0,511952	0,800305
229,200000	7,442089	7,474131	0,521232	0,095016	2,744195	-13393,025174	-10940,106791	-2985,299766	-12636,713786	-13083,816333	7,984016	231,393035	23,287451	23,837979	26,865854	23,832549	24,141404	-2,910643	1,162516	0,979845	231955,266984	-0,202329	0,000321	1,951014	0,667174	2,035628	-0,124488	-0,124479	0,000000	6,239092	0,511643	0,800286
229,400000	7,441972	7,474202	0,523754	0,093633	2,747962	-13405,618048	-10941,535601	-2984,946297	-12636,489587	-13083,592134	7,982639	231,378519	23,281544	23,837061	26,870319	23,835092	24,149303	-2,910653	1,162567	0,979390	231978,820623	-0,201368	0,000469	1,889384	0,667688	2,035699	-0,124486	-0,124482	0,000000	6,238868	0,511203	0,800257
229,600000	7,441901	7,473852	0,523015	0,093872	2,761566	-13414,555361	-10941,997355	-2984,863487	-12639,813056	-13086,915603	7,981340	231,447114	23,280844	23,835863	26,870630	23,842002	24,153123	-2,910616	1,162985	0,979430	232010,104246	-0,201182	0,000734	1,822152	0,667374	2,035240	-0,124482	-0,124487	0,000000	6,239925	0,511192	0,800392
229,800000	7,441822	7,473280	0,520567	0,094716	2,762135	-13410,238334	-10942,085874	-2985,242496	-12640,098345	-13087,200892	7,980130	231,551797	23,284913	23,836128	26,865066	23,847587	24,147222	-2,910481	1,163070	0,980346	232013,610779	-0,202420	0,000961	1,790509	0,666307	2,034880	-0,124481	-0,124490	0,000000	6,241538	0,511153	0,800599
230,000000	7,441829	7,473004	0,520734	0,094842	2,756673	-13400,471737	-10942,910082	-2985,445419	-12637,260870	-13084,363416	7,978973	231,582676	23,288328	23,838386	26,859947	23,845419	24,137922	-2,910399	1,163635	0,980405	231988,356780	-0,203432	0,000918	1,809645	0,664521	2,035416	-0,124486	-0,124492	0,000000	6,242013	0,509697	0,800660
230,200000	7,441667	7,473074	0,525097	0,094809	2,760724	-13401,185993	-10943,599426	-2985,418474	-12634,582752	-13081,685298	7,977529	231,513241	23,287928	23,839753	26,863102	23,834332	24,136014	-2,910373	1,163770	0,979502	231966,817677	-0,203141	0,000636	1,855828	0,662897	2,036174	-0,124492	-0,124492	0,000000	6,240944	0,507004	0,800523
230,400000	7,441322	7,473172	0,527162	0,094778	2,761486	-13410,169782	-10942,744742	-2985,537996	-12634,447574	-13081,550121	7,975858	231,420569	23,285469	23,838907	26,867866	23,826286	24,140909	-2,910432	1,162233	0,979159	231972,416391	-0,202847	0,000591	1,877338	0,662211	2,035619	-0,124494	-0,124488	0,000000	6,239516	0,505809	0,800340
230,600000	7,441260	7,473111	0,523858	0,094128	2,749625	-13409,831016	-10941,618676	-2985,513373	-12635,767732	-13082,870279	7,974469	231,400704	23,283930	23,836958	26,865525	23,828253	24,145800	-2,910603	1,162306	0,979444	231995,939190	-0,202558	0,000674	1,854581	0,662381	2,034102	-0,124491	-0,124485	0,000000	6,239210	0,507032	0,800301
230,800000	7,441393	7,473064	0,519836	0,093492	2,743737	-13399,203022	-10941,430653	-2985,032314	-12634,340096	-13081,442643	7,973291	231,453191	23,284751	23,836686	26,862719	23,835218	24,146180	-2,910760	1,164333	0,979749	232015,154216	-0,202190	0,000533	1,795879	0,663134	2,033584	-0,124485	-0,124488	0,000000	6,240019	0,508945	0,800404
231,000000	7,441369	7,473013	0,519207	0,094182	2,754917	-13390,725012	-10941,643146	-2984,683021	-12632,307099	-13079,409646	7,971971	231,492160	23,287488	23,840168	26,864940	23,843934	24,142963	-2,910806	1,165300	0,980075	232016,262991	-0,202383	0,000528	1,766702	0,663875	2,034743	-0,124482	-0,124489	0,000000	6,240619	0,509720	0,800481
231,200000	7,441163	7,473113	0,522354	0,095313	2,757829	-13399,600929	-10942,217246	-2984,953437	-12636,728628	-13083,831174	7,970492	231,459297	23,286734	23,842201	26,870672	23,847388	24,138537	-2,910657	1,165756	0,980205	232006,954989	-0,202820	0,000709	1,828750	0,663984	2,036298	-0,124488	-0,124488	0,000000	6,240113	0,508762	0,800417
231,400000	7,441014	7,473400	0,525571	0,095313	2,743758	-13422,292206	-10941,992069	-2985,336292	-12647,558030	-13094,660576	7,969093	231,398088	23,281557	23,839173	26,874832	23,840730	24,136196	-2,910395	1,165271	0,979810	231988,625444	-0,202981	0,000701	1,948658	0,663760	2,037263	-0,124491	-0,124486	0,000000	6,239170	0,507546	0,800296
231,600000	7,441265	7,473281	0,525245	0,094319	2,747981	-13431,170667	-10940,579820	-2985,612564	-12657,673486	-13104,776033	7,967925	231,361006	23,279620	23,835400	26,873342	23,831555	24,137897	-2,910197	1,164160	0,979864	231982,638215	-0,203430	0,000497	2,003090	0,663299	2,036657	-0,124488	-0,124485	0,000000	6,238599	0,507299	0,800222
231,800000	7,441456	7,472679	0,522969	0,093211	2,766289	-13412,871578	-10939,670732	-2985,521967	-12657,840373	-13104,942920	7,966705	231,320116	23,284563	23,834668	26,867281	23,829329	24,139833	-2,910276	1,164577	0,980759	232001,614210	-0,203616	0,000341	1,933481	0,661916	2,033999	-0,124487	-0,124479	0,000000	6,237969	0,506953	0,800141
232,000000	7,441175	7,472239	0,521781	0,092939	2,764700	-13384,990316	-10940,654676	-2985,083908	-12639,538789	-13086,641336	7,965342	231,288967	23,291230	23,837021	26,858974	23,834384	24,139071	-2,910599	1,164866	0,981199	232006,906030	-0,202567	0,000450	1,847268	0,659986	2,032236	-0,124488	-0,124475	0,000000	6,237489	0,505825	0,800080
232,200000	7,440850	7,472335	0,521394	0,093314	2,757824	-13369,439978	-10942,715068	-2985,016387	-12613,606342	-13060,708889	7,964046	231,293063	23,291562	23,838968	26,856665	23,839577	24,137798	-2,910761	1,164449	0,980602	231993,949195	-0,201892	0,000679	1,864789	0,659052	2,033917	-0,124486	-0,124477	0,000000	6,237552	0,505236	0,800088
232,400000	7,440683	7,472592	0,522356	0,093734	2,758760	-13368,580421	-10943,568592	-2985,235736	-12602,986518	-13050,089065	7,962762	231,315462	23,285267	23,840156	26,864313	23,840456	24,140084	-2,910596	1,164770	0,979617	231989,929207	-0,202588	0,000655	1,922445	0,659400	2,036902	-0,124484	-0,124482	0,000000	6,237897	0,505210	0,800132
232,600000	7,440684	7,472820	0,525404	0,094393	2,757149	-13381,533456	-10942,387875	-2985,464376	-12611,503904	-13058,606451	7,961379	231,345526	23,278910	23,840108	26,875980	23,839056	24,144953	-2,910320	1,164746	0,979448	231989,742768	-0,203294	0,000601	1,880757	0,660213	2,037687	-0,124487	-0,124481	0,000000	6,238360	0,504855	0,800192
232,800000	7,440590	7,472660	0,526765	0,094850	2,752766	-13397,515323	-10940,252947	-2985,601741	-12626,380572	-13073,483119	7,960021	231,345996	23,275768	23,836226	26,881503	23,838287	24,146591	-2,910135	1,163934	0,980324	231988,751814	-0,203268	0,000691	1,800532	0,661200	2,035869	-0,124490	-0,124478	0,000000	6,238367	0,505166	0,800193
233,000000	7,440433	7,471853	0,524069	0,094935	2,748552	-13396,594092	-10939,029070	-2985,406338	-12633,557516	-13080,660063	7,958705	231,284804	23,278606	23,833604	26,874993	23,837575	24,142554	-2,910193	1,163127	0,980927	231990,935402	-0,202956	0,000575	1,805275	0,662038	2,033938	-0,124492	-0,124478	0,000000	6,237424	0,506646	0,800072
233,200000	7,440354	7,471412	0,520715	0,094543	2,756113	-13384,844933	-10939,779060	-2985,275937	-12631,573614	-13078,676161	7,957275	231,175250	23,288423	23,836278	26,864049	23,837204	24,135336	-2,910562	1,163453	0,980574	231991,742927	-0,202756	0,000488	1,831493	0,662766	2,033758	-0,124489	-0,124479	0,000000	6,235736	0,508272	0,799855
233,400000	7,440159	7,471730	0,520029	0,093949	2,767532	-13382,735771	-10941,262238	-2985,340306	-12631,263501	-13078,366048	7,955760	231,095256	23,296786	23,839802	26,860016	23,837533	24,132237	-2,910930	1,165309	0,980124	232002,164303	-0,202501	0,000599	1,826058	0,663691	2,035034	-0,124481	-0,124481	0,000000	6,234503	0,509218	0,799697
233,600000	7,439988	7,472079	0,520993	0,094527	2,761007	-13395,645653	-10942,292347	-2985,152274	-12636,964248	-13084,066795	7,954366	231,082071	23,293841	23,839881	26,865421	23,835111	24,138323	-2,910821	1,166220	0,980192	232023,042302	-0,202157	0,000598	1,846409	0,664372	2,036168	-0,124482	-0,124482	0,000000	6,234300	0,509447	0,799671
233,800000	7,440146	7,472048	0,520293	0,095324	2,752320	-13408,871864	-10942,350676	-2985,006535	-12646,456651	-13093,559197	7,953048	231,093770	23,283417	23,837648	26,871859	23,833048	24,147425	-2,910383	1,166031	0,980524	232037,726438	-0,202439	0,000444	1,854618	0,664479	2,036412	-0,124490	-0,124479	0,000000	6,234480	0,509777	0,799694
234,000000	7,440537	7,471514	0,517991	0,094470	2,756755	-13408,090045	-10941,728819	-2985,273659	-12655,726929	-13102,829476	7,951602	231,109811	23,278927	23,836578	26,870964	23,834624	24,149670	-2,910246	1,165747	0,980617	232033,171939	-0,203190	0,000376	1,817155	0,664267	2,035982	-0,124493	-0,124482	0,000000	6,234727	0,510355	0,799726
234,200000	7,440686	7,470988	0,517242	0,093638	2,755961	-13402,626304	-10941,758150	-2985,382623	-12659,060899	-13106,163446	7,950279	231,083046	23,283023	23,836921	26,866701	23,837468	24,143801	-2,910376	1,164627	0,979881	232019,446813	-0,203300	0,000420	1,839332	0,664148	2,035152	-0,124490	-0,124488	0,000000	6,234315	0,510476	0,799673
234,400000	7,440273	7,470989	0,518409	0,094398	2,741629	-13405,165388	-10942,208033	-2985,212691	-12655,541845	-13102,644392	7,949114	230,984710	23,288462	23,837158	26,865446	23,840706	24,136074	-2,910407	1,164411	0,979094	232018,342171	-0,203019	0,000531	1,928238	0,664191	2,034912	-0,124491	-0,124488	0,000000	6,232798	0,510114	0,799478
234,600000	7,439622	7,470926	0,521286	0,094859	2,735341	-13413,247646	-10942,341924	-2985,249253	-12650,559319	-13097,661866	7,947746	230,895617	23,290207	23,837623	26,865003	23,839400	24,131249	-2,910461	1,164887	0,978870	232035,625600	-0,202716	0,000667	1,981727	0,664069	2,035316	-0,124491	-0,124485	0,000000	6,231425	0,509050	0,799302
234,800000	7,439254	7,470721	0,524799	0,094046	2,750934	-13424,332579	-10941,943474	-2985,404931	-12650,818067	-13097,920614	7,946280	230,859608	23,288728	23,838592	26,865192	23,832566	24,133085	-2,910540	1,164514	0,978917	232053,959089	-0,202362	0,000676	2,009338	0,663549	2,035143	-0,124486	-0,124482	0,000000	6,230869	0,507465	0,799231
235,000000	7,439205	7,470908	0,526384	0,093948	2,762942	-13433,523652	-10941,403140	-2985,392027	-12653,741323	-13100,843870	7,944894	230,847479	23,285976	23,839411	26,864973	23,828461	24,141925	-2,910496	1,165060	0,979445	232055,629356	-0,202240	0,000663	1,985597	0,662640	2,035227	-0,124484	-0,124480	0,000000	6,230682	0,506254	0,799207
235,200000	7,439396	7,471057	0,526803	0,094584	2,757056	-13431,642141	-10941,410927	-2985,151322	-12651,045565	-13098,148112	7,943536	230,862790	23,282661	23,838829	26,864120	23,833588	24,148799	-2,910461	1,165501	0,979989	232048,738009	-0,202035	0,000583	1,884542	0,661583	2,035174	-0,124485	-0,124477	0,000000	6,230918	0,505316	0,799237
235,400000	7,439719	7,470788	0,527025	0,094290	2,764245	-13425,682514	-10942,292399	-2985,002083	-12642,463691	-13089,566238	7,942236	230,935392	23,281994	23,837074	26,864732	23,843507	24,146821	-2,910633	1,164924	0,980029	232025,547384	-0,201632	0,000260	1,876447	0,660869	2,034659	-0,124484	-0,124482	0,000000	6,232038	0,504685	0,799381
235,600000	7,439827	7,470691	0,527222	0,094539	2,779466	-13426,848193	-10942,990806	-2985,219847	-12636,320411	-13083,422958	7,940977	231,049544	23,283784	23,836394	26,864591	23,847991	24,140349	-2,910750	1,165708	0,979732	231996,435408	-0,201944	8,473188E-6	2,027725	0,660807	2,036149	-0,124485	-0,124496	0,000000	6,233798	0,504568	0,799606
235,800000	7,439274	7,470788	0,527120	0,096236	2,771128	-13428,371515	-10942,270854	-2985,640380	-12641,747683	-13088,850229	7,939501	231,133253	23,285500	23,836603	26,865828	23,845491	24,136621	-2,910422	1,166547	0,979595	231982,396156	-0,203344	0,000176	2,136140	0,661386	2,037950	-0,124488	-0,124498	0,000000	6,235089	0,505051	0,799772
236,000000	7,438580	7,470598	0,524945	0,096655	2,758468	-13420,221227	-10941,557361	-2985,826269	-12654,259788	-13101,362334	7,937990	231,161691	23,285302	23,836320	26,870328	23,837662	24,137593	-2,910110	1,165954	0,980139	231973,878591	-0,204301	0,000470	2,027401	0,662094	2,037077	-0,124492	-0,124486	0,000000	6,235527	0,506309	0,799828
236,200000	7,438573	7,470489	0,522550	0,094837	2,758344	-13405,178223	-10941,585626	-2985,459433	-12659,440840	-13106,543387	7,936820	231,173138	23,283418	23,836557	26,870652	23,828960	24,139922	-2,910222	1,165551	0,980568	231972,312374	-0,203771	0,000528	1,831938	0,662077	2,034339	-0,124492	-0,124477	0,000000	6,235703	0,507087	0,799851
236,400000	7,438818	7,470382	0,523836	0,093557	2,756898	-13401,440382	-10941,520311	-2984,743168	-12654,418166	-13101,520712	7,935578	231,184430	23,285152	23,838393	26,862715	23,828094	24,140878	-2,910434	1,165941	0,979730	231979,865343	-0,202299	0,000317	1,739994	0,661482	2,033100	-0,124491	-0,124478	0,000000	6,235877	0,506181	0,799873
236,600000	7,438694	7,470003	0,527345	0,093969	2,750244	-13415,252012	-10941,995481	-2984,508963	-12648,160276	-13095,262823	7,934068	231,228020	23,289691	23,840615	26,858179	23,835833	24,140804	-2,910622	1,166358	0,978904	231984,581654	-0,201311	0,000174	1,711159	0,661255	2,033675	-0,124488	-0,124487	0,000000	6,236549	0,504809	0,799959
236,800000	7,438504	7,469858	0,528391	0,094665	2,746751	-13424,968280	-10942,542021	-2984,857146	-12644,771229	-13091,873776	7,932742	231,340269	23,291152	23,840942	26,861332	23,842527	24,139883	-2,910756	1,165697	0,979197	231983,206322	-0,201317	0,000282	1,731089	0,661591	2,034554	-0,124484	-0,124494	0,000000	6,238279	0,504717	0,800181
237,000000	7,438549	7,469980	0,525395	0,094812	2,760558	-13416,297910	-10941,624661	-2985,267939	-12643,743575	-13090,846122	7,931567	231,441515	23,287025	23,838637	26,867790	23,841034	24,139540	-2,910578	1,164708	0,979872	231979,138367	-0,201966	0,000430	1,806337	0,661842	2,036242	-0,124488	-0,124492	0,000000	6,239839	0,505922	0,800381
237,200000	7,438472	7,470043	0,521094	0,094238	2,776920	-13397,590619	-10939,774741	-2985,661944	-12647,901428	-13095,003975	7,930213	231,459355	23,281640	23,836036	26,875419	23,835705	24,140508	-2,910204	1,164662	0,980291	231984,788338	-0,202949	0,000343	1,868556	0,661691	2,037135	-0,124495	-0,124489	0,000000	6,240114	0,507259	0,800417
237,400000	7,438277	7,469901	0,520545	0,093560	2,768849	-13387,628316	-10939,040008	-2985,756504	-12654,939160	-13102,041706	7,928812	231,425514	23,281028	23,834666	26,876838	23,832021	24,140262	-2,910198	1,164945	0,980019	232010,388900	-0,203492	9,115785E-5	1,949330	0,661456	2,036211	-0,124495	-0,124488	0,000000	6,239593	0,507258	0,800350
237,600000	7,438137	7,469457	0,524409	0,093385	2,755949	-13402,556732	-10939,974094	-2985,397504	-12657,326601	-13104,429148	7,927553	231,395747	23,285342	23,834676	26,869531	23,832647	24,138715	-2,910540	1,165320	0,979396	232031,606936	-0,203615	0,000177	2,026247	0,661351	2,034413	-0,124488	-0,124490	0,000000	6,239134	0,505853	0,800291
237,800000	7,437857	7,468989	0,526053	0,093690	2,758238	-13424,376964	-10941,164443	-2985,100112	-12652,476735	-13099,579282	7,926301	231,461532	23,292280	23,837915	26,857137	23,836356	24,137739	-2,910671	1,165075	0,979364	232033,579426	-0,203638	0,000428	1,995870	0,661326	2,033761	-0,124483	-0,124488	0,000000	6,240147	0,505233	0,800421
238,000000	7,437366	7,468960	0,522361	0,094224	2,758616	-13417,263392	-10941,968240	-2985,081926	-12643,152195	-13090,254742	7,924894	231,602655	23,294426	23,842298	26,853809	23,839133	24,138089	-2,910498	1,164207	0,980105	232019,364981	-0,202853	0,000542	1,935763	0,661279	2,035249	-0,124484	-0,124483	0,000000	6,242321	0,506408	0,800700
238,200000	7,437058	7,469271	0,518125	0,094424	2,747212	-13390,447024	-10941,512317	-2984,989898	-12635,345216	-13082,447763	7,923486	231,660759	23,287443	23,842748	26,865687	23,839323	24,142579	-2,910287	1,164842	0,980547	231999,826788	-0,201304	0,000630	1,934390	0,661211	2,036765	-0,124486	-0,124482	0,000000	6,243216	0,507808	0,800815
238,400000	7,437291	7,469468	0,517711	0,094174	2,741113	-13376,301228	-10940,793884	-2984,950197	-12633,465934	-13080,568481	7,922198	231,620685	23,278420	23,838522	26,875720	23,836231	24,149623	-2,910164	1,165172	0,980179	231996,587535	-0,201201	0,000492	1,886799	0,661226	2,036742	-0,124488	-0,124485	0,000000	6,242599	0,507994	0,800735
238,600000	7,437759	7,469243	0,521440	0,093547	2,750767	-13385,715614	-10941,452312	-2985,123013	-12636,616976	-13083,719523	7,920867	231,589859	23,276662	23,834844	26,875254	23,835184	24,149569	-2,910154	1,164136	0,980030	232007,033427	-0,202835	0,000324	1,771565	0,661584	2,035672	-0,124488	-0,124488	0,000000	6,242124	0,507016	0,800674
238,800000	7,437883	7,468646	0,524371	0,092724	2,754575	-13407,641866	-10942,016169	-2985,255221	-12640,219634	-13087,322181	7,919478	231,612937	23,283542	23,835979	26,868553	23,837662	24,139672	-2,910329	1,165149	0,980493	232012,505531	-0,203810	0,000509	1,746237	0,662468	2,034726	-0,124489	-0,124489	0,000000	6,242480	0,506667	0,800720
239,000000	7,437457	7,468308	0,521931	0,092765	2,744523	-13416,627131	-10942,488159	-2985,534900	-12641,955684	-13089,058231	7,918283	231,599471	23,290626	23,838853	26,863660	23,836308	24,130650	-2,910596	1,166096	0,980828	232004,829020	-0,204082	0,000605	1,845182	0,663459	2,034395	-0,124492	-0,124488	0,000000	6,242272	0,508205	0,800693
239,200000	7,436963	7,468654	0,517338	0,094563	2,751721	-13403,293690	-10943,333666	-2985,695531	-12641,873195	-13088,975742	7,917172	231,506928	23,290955	23,840163	26,863513	23,831437	24,130937	-2,910702	1,165140	0,980699	231997,422285	-0,203875	0,000339	1,888892	0,664387	2,034875	-0,124495	-0,124487	0,000000	6,240847	0,510475	0,800511
239,400000	7,436807	7,469030	0,515632	0,095977	2,766664	-13388,992762	-10943,304552	-2985,407894	-12642,525069	-13089,627615	7,915689	231,423630	23,285462	23,839515	26,864062	23,829288	24,136790	-2,910548	1,165231	0,980399	231998,632082	-0,202783	0,000234	1,831225	0,665301	2,035739	-0,124495	-0,124486	0,000000	6,239563	0,511778	0,800346
239,600000	7,437005	7,468965	0,517913	0,095034	2,755055	-13394,583220	-10941,870071	-2985,163352	-12648,107069	-13095,209616	7,914087	231,363699	23,279175	23,837737	26,864828	23,831456	24,145041	-2,910355	1,165422	0,980203	232008,157622	-0,201885	0,000323	1,825851	0,665966	2,035952	-0,124489	-0,124484	0,000000	6,238640	0,511520	0,800228
239,800000	7,437094	7,468778	0,521953	0,093816	2,739754	-13412,320370	-10940,788189	-2985,044325	-12651,608484	-13098,711031	7,912691	231,316970	23,276773	23,836762	26,863785	23,836111	24,152030	-2,910381	1,164951	0,979960	232022,061325	-0,201365	0,000337	1,900716	0,666617	2,035483	-0,124480	-0,124483	0,000000	6,237920	0,510649	0,800135
240,000000	7,436712	7,468524	0,523756	0,093553	2,742132	-13424,052120	-10940,909711	-2985,114904	-12645,580971	-13092,683517	7,911344	231,308327	23,279761	23,837398	26,861188	23,842398	24,148407	-2,910487	1,165043	0,980014	232018,779329	-0,201452	0,000425	1,966650	0,667304	2,035557	-0,124476	-0,124484	0,000000	6,237787	0,510549	0,800118
240,200000	7,436482	7,468342	0,522777	0,093659	2,750844	-13419,212788	-10939,931301	-2985,306825	-12636,948151	-13084,050697	7,910054	231,342430	23,284912	23,838764	26,862477	23,844700	24,138156	-2,910425	1,165183	0,980388	232008,417363	-0,202038	0,000436	1,979368	0,667441	2,036244	-0,124482	-0,124488	0,000000	6,238312	0,510971	0,800186
240,400000	7,436406	7,468342	0,522310	0,094380	2,755763	-13408,366900	-10939,013857	-2985,250468	-12636,071719	-13083,174265	7,908807	231,361025	23,287003	23,838990	26,868375	23,836981	24,132673	-2,910262	1,165367	0,980220	232014,283297	-0,202386	0,000386	1,924126	0,666998	2,036529	-0,124493	-0,124489	0,000000	6,238599	0,510799	0,800222
240,600000	7,436237	7,468419	0,523090	0,095055	2,754271	-13413,020054	-10940,239552	-2985,156983	-12645,741222	-13092,843769	7,907511	231,343660	23,285575	23,837532	26,870949	23,827202	24,135245	-2,910236	1,165428	0,979847	232018,553359	-0,202511	0,000440	1,803825	0,666135	2,036044	-0,124498	-0,124485	0,000000	6,238331	0,509888	0,800188
240,800000	7,436442	7,468382	0,524455	0,094094	2,760706	-13428,809347	-10941,207114	-2985,274165	-12657,536579	-13104,639126	7,906050	231,340935	23,284205	23,835786	26,864315	23,824867	24,142261	-2,910349	1,164868	0,979798	232012,231652	-0,202552	0,000377	1,721351	0,664453	2,034481	-0,124492	-0,124482	0,000000	6,238289	0,508135	0,800183
241,000000	7,436764	7,467784	0,525804	0,092412	2,770749	-13437,578225	-10941,474195	-2985,249754	-12659,114733	-13106,217280	7,904554	231,343416	23,283806	23,835774	26,856080	23,830565	24,146172	-2,910426	1,163927	0,980096	232013,216976	-0,202939	0,000334	1,783957	0,662192	2,033381	-0,124482	-0,124482	0,000000	6,238328	0,505908	0,800187
241,200000	7,436608	7,467072	0,525516	0,092242	2,764405	-13430,844607	-10942,511967	-2985,073262	-12648,139448	-13095,241995	7,903239	231,293068	23,284290	23,839213	26,855597	23,841066	24,145270	-2,910424	1,163409	0,980382	232020,570659	-0,203530	0,000519	1,868149	0,660221	2,034309	-0,124478	-0,124484	0,000000	6,237552	0,504448	0,800088
241,400000	7,436069	7,467042	0,524402	0,093070	2,755293	-13416,046784	-10942,891922	-2985,199640	-12636,258562	-13083,361109	7,901920	231,119071	23,283957	23,841579	26,863619	23,847490	24,141433	-2,910437	1,164605	0,979974	232020,006522	-0,203377	0,000660	1,849051	0,659117	2,036578	-0,124479	-0,124488	0,000000	6,234870	0,503980	0,799744
241,600000	7,435517	7,467469	0,523754	0,093700	2,759257	-13404,678334	-10941,847620	-2985,386639	-12635,183513	-13082,286060	7,900456	230,894815	23,280974	23,838059	26,872870	23,843493	24,138465	-2,910484	1,165230	0,979607	232003,208287	-0,202344	0,000558	1,834908	0,658634	2,037663	-0,124486	-0,124493	0,000000	6,231412	0,503873	0,799300
241,800000	7,435514	7,467576	0,523375	0,093778	2,760788	-13396,434942	-10940,372727	-2985,395790	-12640,102625	-13087,205172	7,899017	230,790491	23,279510	23,834485	26,873894	23,833384	24,138908	-2,910479	1,163428	0,979959	231982,617950	-0,201709	0,000428	1,864482	0,658120	2,036509	-0,124491	-0,124493	0,000000	6,229803	0,503619	0,799094
242,000000	7,436198	7,467184	0,523483	0,093126	2,749623	-13393,584234	-10939,519113	-2985,362780	-12640,315999	-13087,418546	7,897692	230,812487	23,282299	23,835648	26,868179	23,826580	24,139625	-2,910524	1,163688	0,980751	231994,397498	-0,202093	0,000656	1,877641	0,657985	2,034482	-0,124488	-0,124487	0,000000	6,230142	0,503444	0,799138
242,200000	7,436541	7,466906	0,522920	0,092899	2,745608	-13400,105032	-10940,158003	-2985,103241	-12636,022412	-13083,124958	7,896351	230,868040	23,287019	23,837789	26,860742	23,829142	24,138458	-2,910714	1,165912	0,981287	232021,135283	-0,202625	0,000850	1,855986	0,659085	2,032817	-0,124484	-0,124478	0,000000	6,230999	0,504440	0,799247
242,400000	7,435741	7,467020	0,520296	0,093474	2,759227	-13402,582830	-10941,410059	-2984,788171	-12631,207693	-13078,310240	7,895021	230,899303	23,288688	23,838667	26,855387	23,836030	24,136964	-2,910836	1,166184	0,981007	232017,439627	-0,202608	0,000681	1,848095	0,660820	2,033553	-0,124484	-0,124475	0,000000	6,231481	0,506637	0,799309
242,600000	7,435003	7,467200	0,516398	0,093887	2,764643	-13390,394536	-10942,150011	-2984,856979	-12629,864980	-13076,967526	7,893870	230,895906	23,285402	23,840037	26,858316	23,839133	24,138989	-2,910754	1,166051	0,980298	231993,379135	-0,201989	0,000561	1,890096	0,662050	2,035936	-0,124488	-0,124482	0,000000	6,231429	0,508900	0,799303
242,800000	7,435599	7,467208	0,514840	0,093902	2,751832	-13380,239424	-10941,940826	-2985,258975	-12637,178535	-13084,281082	7,892776	230,849134	23,280371	23,839342	26,867132	23,838213	24,143431	-2,910457	1,165098	0,979152	231977,093320	-0,201965	0,000395	1,882812	0,662850	2,037287	-0,124492	-0,124489	0,000000	6,230708	0,510055	0,799210
243,000000	7,436310	7,467054	0,517573	0,093790	2,750807	-13389,399632	-10940,516565	-2985,635312	-12651,362144	-13098,464691	7,891456	230,785827	23,277090	23,834559	26,872497	23,835669	24,145594	-2,910191	1,162944	0,978396	231989,034983	-0,203300	0,000345	1,861465	0,663666	2,036756	-0,124492	-0,124489	0,000000	6,229731	0,509771	0,799085
243,200000	7,436134	7,466786	0,519951	0,093762	2,757879	-13407,866285	-10939,298952	-2985,728471	-12660,517829	-13107,620376	7,890043	230,801036	23,277916	23,832191	26,869010	23,832451	24,144179	-2,910218	1,162551	0,978991	232015,314936	-0,204178	0,000658	1,936908	0,664886	2,035306	-0,124485	-0,124482	0,000000	6,229966	0,509891	0,799115
243,400000	7,435827	7,466531	0,517948	0,093562	2,748450	-13412,221839	-10939,569139	-2985,433339	-12655,522547	-13102,625094	7,888752	230,861952	23,282502	23,836033	26,860937	23,831147	24,140177	-2,910371	1,162941	0,979921	232021,763356	-0,203489	0,000796	2,016018	0,666322	2,034619	-0,124482	-0,124481	0,000000	6,230905	0,511631	0,799235
243,600000	7,435659	7,466490	0,514014	0,093602	2,743439	-13396,818816	-10940,405573	-2984,831281	-12644,954387	-13092,056933	7,887386	230,881437	23,288292	23,840799	26,855953	23,833353	24,134451	-2,910473	1,163486	0,980360	232026,714687	-0,202290	0,000690	2,018492	0,666875	2,034958	-0,124485	-0,124484	0,000000	6,231206	0,513367	0,799274
243,800000	7,435314	7,466478	0,512531	0,094564	2,751531	-13384,255794	-10940,374238	-2984,472239	-12641,929737	-13089,032284	7,885936	230,911913	23,288710	23,841447	26,856824	23,834151	24,132508	-2,910500	1,165140	0,980388	232052,243970	-0,201808	0,000685	1,985835	0,665945	2,035661	-0,124487	-0,124481	0,000000	6,231676	0,513154	0,799334
244,000000	7,435165	7,466280	0,514416	0,095253	2,755000	-13388,638387	-10939,417460	-2984,967644	-12644,662036	-13091,764583	7,884584	230,983332	23,282156	23,839466	26,860786	23,831683	24,140019	-2,910511	1,165578	0,980307	232080,241200	-0,202248	0,000735	1,923402	0,663970	2,035922	-0,124484	-0,124476	0,000000	6,232777	0,510993	0,799476
244,200000	7,435407	7,466081	0,517032	0,094246	2,752480	-13395,240717	-10939,681967	-2985,875528	-12644,049110	-13091,151657	7,883062	231,053891	23,276470	23,838429	26,864356	23,832067	24,148401	-2,910468	1,164399	0,980170	232092,631889	-0,202865	0,000770	1,872842	0,661769	2,035784	-0,124483	-0,124476	0,000000	6,233865	0,508416	0,799615
244,400000	7,435500	7,465819	0,517982	0,092978	2,748253	-13394,729477	-10941,457104	-2986,237048	-12639,745238	-13086,847785	7,881403	231,095373	23,276842	23,838106	26,866896	23,836459	24,147326	-2,910320	1,163617	0,979938	232082,525676	-0,203430	0,000772	1,914412	0,660085	2,035491	-0,124483	-0,124482	0,000000	6,234505	0,506794	0,799697
244,600000	7,435322	7,465514	0,517229	0,093570	2,753059	-13394,103515	-10942,217498	-2985,642046	-12636,664030	-13083,766577	7,880192	231,120049	23,281564	23,837499	26,864420	23,839093	24,139437	-2,910181	1,163980	0,979867	232072,414083	-0,203359	0,000685	1,995809	0,659677	2,035188	-0,124489	-0,124486	0,000000	6,234885	0,506711	0,799746
244,800000	7,435103	7,465585	0,515721	0,094519	2,759241	-13394,681381	-10941,718271	-2984,727387	-12636,282061	-13083,384607	7,879293	231,187691	23,284893	23,837965	26,858323	23,837073	24,131077	-2,910183	1,164403	0,980030	232072,601632	-0,202442	0,000542	2,009060	0,660515	2,035120	-0,124496	-0,124487	0,000000	6,235928	0,507853	0,799880
245,000000	7,434938	7,465872	0,515555	0,093840	2,750304	-13394,141688	-10941,435704	-2984,613688	-12638,575154	-13085,677701	7,878128	231,283011	23,285057	23,839050	26,859072	23,832419	24,129041	-2,910356	1,163064	0,979989	232074,655261	-0,201743	0,000495	1,981615	0,661394	2,035640	-0,124493	-0,124490	0,000000	6,237397	0,508601	0,800068
245,200000	7,434798	7,465762	0,518008	0,093208	2,746253	-13404,852291	-10941,222287	-2985,249619	-12645,143728	-13092,246275	7,876565	231,310109	23,283280	23,838628	26,866454	23,827327	24,135371	-2,910557	1,162061	0,979836	232078,976444	-0,202127	0,000688	1,981331	0,661574	2,036283	-0,124485	-0,124490	0,000000	6,237814	0,507924	0,800122
245,400000	7,434712	7,465357	0,519911	0,093719	2,756958	-13424,860019	-10941,161947	-2985,805989	-12651,623859	-13098,726406	7,874985	231,270353	23,280131	23,837344	26,868915	23,827103	24,143258	-2,910587	1,162811	0,979976	232065,665758	-0,203469	0,000859	1,972340	0,661502	2,035567	-0,124480	-0,124483	0,000000	6,237202	0,507215	0,800043
245,600000	7,434579	7,465175	0,519414	0,093762	2,758679	-13425,619140	-10942,217265	-2985,809613	-12647,376504	-13094,479051	7,873685	231,268388	23,278913	23,836805	26,864115	23,834648	24,146072	-2,910500	1,163245	0,979988	232034,984850	-0,204085	0,000802	1,899653	0,661612	2,034661	-0,124477	-0,124480	0,000000	6,237171	0,507446	0,800039
245,800000	7,434242	7,465087	0,518904	0,093475	2,747343	-13411,075881	-10942,948749	-2985,383652	-12636,224733	-13083,327280	7,872424	231,316789	23,280564	23,837276	26,861284	23,842312	24,142580	-2,910428	1,163826	0,979797	232016,060222	-0,203569	0,000492	1,762370	0,661807	2,035350	-0,124478	-0,124487	0,000000	6,237917	0,507755	0,800135
246,000000	7,433906	7,464821	0,518702	0,094554	2,745411	-13400,769704	-10942,339377	-2985,123884	-12629,392433	-13076,494980	7,871098	231,409396	23,283310	23,838855	26,865670	23,842870	24,138288	-2,910344	1,164139	0,979568	232035,864945	-0,202651	0,000102	1,672671	0,661642	2,036653	-0,124486	-0,124497	0,000000	6,239344	0,507685	0,800318
246,200000	7,433811	7,464625	0,517395	0,095687	2,756771	-13393,050834	-10941,579699	-2985,348176	-12631,430928	-13078,533475	7,869869	231,559629	23,284021	23,839666	26,872064	23,835778	24,135471	-2,910310	1,163662	0,979423	232060,524537	-0,202004	4,055022E-5	1,745724	0,661098	2,036597	-0,124493	-0,124500	0,000000	6,241659	0,507702	0,800615
246,400000	7,433748	7,464430	0,516338	0,094773	2,755384	-13391,895776	-10940,846521	-2985,557983	-12642,477064	-13089,579611	7,868650	231,629378	23,280856	23,836963	26,871261	23,827592	24,134266	-2,910433	1,164828	0,979679	232040,505203	-0,202482	0,000326	1,897610	0,660799	2,035314	-0,124493	-0,124490	0,000000	6,242733	0,507818	0,800753
246,600000	7,433602	7,464093	0,516916	0,093407	2,738711	-13403,401260	-10940,937317	-2985,479170	-12653,339995	-13100,442542	7,867186	231,585123	23,278409	23,834230	26,860074	23,826443	24,137214	-2,910594	1,165833	0,980138	232006,055218	-0,203185	0,000639	1,931886	0,660996	2,034296	-0,124487	-0,124474	0,000000	6,242051	0,507742	0,800665
246,800000	7,433454	7,464089	0,518088	0,093263	2,741351	-13419,805051	-10941,671105	-2985,177385	-12653,320095	-13100,422642	7,865596	231,562257	23,280435	23,836605	26,848873	23,833384	24,141105	-2,910542	1,165188	0,980538	231994,509272	-0,203113	0,000627	1,863147	0,661242	2,034187	-0,124483	-0,124466	0,000000	6,241699	0,507515	0,800620
247,000000	7,433182	7,464380	0,518345	0,093803	2,754223	-13424,455150	-10941,903434	-2984,700732	-12643,629270	-13090,731817	7,864286	231,587883	23,284204	23,840522	26,849498	23,839832	24,141251	-2,910485	1,165277	0,980598	232005,565506	-0,202322	0,000403	1,886287	0,661016	2,035133	-0,124484	-0,124477	0,000000	6,242094	0,507267	0,800671
247,200000	7,432934	7,464541	0,517386	0,094524	2,747198	-13415,324853	-10941,922831	-2984,741833	-12637,700822	-13084,803369	7,863140	231,608236	23,282382	23,840078	26,860096	23,839363	24,137519	-2,910442	1,164454	0,979836	232020,822619	-0,201777	0,000185	2,005296	0,660763	2,036658	-0,124485	-0,124488	0,000000	6,242407	0,507422	0,800711
247,400000	7,432985	7,464559	0,517075	0,094773	2,742901	-13411,391771	-10940,965409	-2985,351770	-12644,763304	-13091,865851	7,861880	231,590066	23,275500	23,836704	26,869909	23,835634	24,137244	-2,910113	1,162137	0,979162	232031,665999	-0,202502	0,000101	2,044680	0,661018	2,037963	-0,124488	-0,124483	0,000000	6,242127	0,507746	0,800675
247,600000	7,433088	7,464500	0,517948	0,094559	2,752123	-13420,391960	-10939,787650	-2985,566614	-12659,331280	-13106,433827	7,860655	231,557201	23,272590	23,835182	26,871002	23,831213	24,141304	-2,909952	1,161114	0,979215	232037,690055	-0,203404	0,000289	1,927631	0,661504	2,037328	-0,124490	-0,124475	0,000000	6,241621	0,507827	0,800610
247,800000	7,432824	7,464362	0,518840	0,094221	2,755555	-13427,340353	-10940,047628	-2985,185393	-12669,227558	-13116,330105	7,859385	231,547113	23,276919	23,835122	26,865294	23,829332	24,139548	-2,910250	1,161134	0,979613	232035,314265	-0,203248	0,000701	1,794081	0,661980	2,034470	-0,124490	-0,124473	0,000000	6,241466	0,507877	0,800590
248,000000	7,432611	7,464132	0,520805	0,093560	2,751203	-13430,114135	-10941,411166	-2984,844888	-12664,573493	-13111,676039	7,857948	231,568289	23,284289	23,836010	26,857337	23,831797	24,133905	-2,910535	1,160903	0,980356	232018,975729	-0,202563	0,000983	1,800135	0,662331	2,032801	-0,124488	-0,124477	0,000000	6,241792	0,507460	0,800632
248,200000	7,432513	7,464063	0,522361	0,093333	2,746426	-13434,366396	-10942,536501	-2984,872468	-12648,287128	-13095,389675	7,856552	231,603385	23,286996	23,839271	26,853004	23,834779	24,132805	-2,910635	1,160109	0,980316	232006,635065	-0,201906	0,000749	1,870566	0,662854	2,034113	-0,124485	-0,124487	0,000000	6,242332	0,507324	0,800701
248,400000	7,431860	7,464230	0,520109	0,093936	2,754401	-13427,662228	-10942,609685	-2985,059589	-12638,813003	-13085,915550	7,855161	231,569555	23,282980	23,840838	26,855404	23,836659	24,137343	-2,910607	1,159488	0,979179	232024,984780	-0,201555	0,000521	1,866366	0,663718	2,035991	-0,124483	-0,124493	0,000000	6,241811	0,508750	0,800634
248,600000	7,431228	7,464243	0,516339	0,094276	2,766153	-13415,120278	-10942,675975	-2985,151655	-12648,569185	-13095,671732	7,853734	231,443669	23,275656	23,838572	26,861349	23,837041	24,143361	-2,910378	1,160665	0,978735	232058,753877	-0,201810	0,000591	1,833972	0,664523	2,036509	-0,124484	-0,124489	0,000000	6,239872	0,510649	0,800386
248,800000	7,431354	7,463876	0,515945	0,093913	2,756865	-13414,621045	-10942,169989	-2985,128633	-12664,671592	-13111,774139	7,852396	231,331593	23,270796	23,836460	26,866620	23,836056	24,145325	-2,910140	1,162756	0,979344	232078,059855	-0,202352	0,000603	1,871668	0,665064	2,036150	-0,124486	-0,124480	0,000000	6,238145	0,511188	0,800164
249,000000	7,431760	7,463423	0,520571	0,093266	2,744609	-13422,913581	-10940,074265	-2985,157830	-12668,710442	-13115,812989	7,851042	231,319611	23,274772	23,836912	26,866205	23,835725	24,140680	-2,910108	1,164253	0,980034	232078,525746	-0,202762	0,000566	1,924654	0,664961	2,035609	-0,124486	-0,124473	0,000000	6,237961	0,509524	0,800140
249,200000	7,431855	7,463094	0,526323	0,092888	2,751430	-13435,879391	-10938,650697	-2985,267166	-12661,963200	-13109,065747	7,849802	231,379050	23,283480	23,838331	26,863052	23,835686	24,131114	-2,910230	1,164546	0,980479	232072,298521	-0,203011	0,000559	1,918463	0,664128	2,034778	-0,124486	-0,124476	0,000000	6,238877	0,506940	0,800258
249,400000	7,431588	7,463032	0,526511	0,093770	2,757801	-13442,672526	-10939,323206	-2985,400051	-12652,731496	-13099,834043	7,848785	231,392463	23,287644	23,838295	26,861124	23,833875	24,126026	-2,910392	1,163493	0,980353	232055,265109	-0,202945	0,000572	1,941577	0,663306	2,034414	-0,124491	-0,124483	0,000000	6,239083	0,506243	0,800284
249,600000	7,431368	7,463100	0,521198	0,094607	2,752391	-13423,597684	-10941,097136	-2985,282111	-12641,644432	-13088,746979	7,847488	231,281818	23,284081	23,837079	26,861359	23,830517	24,130130	-2,910530	1,163870	0,979899	232046,552812	-0,202252	0,000573	2,013395	0,662895	2,035209	-0,124493	-0,124483	0,000000	6,237378	0,507704	0,800066
249,800000	7,431409	7,462971	0,517314	0,093474	2,752464	-13394,318167	-10942,508536	-2985,129313	-12635,906587	-13083,009134	7,845823	231,113976	23,277770	23,836272	26,865123	23,829133	24,138137	-2,910482	1,164531	0,979440	232047,126703	-0,202097	0,000563	2,022999	0,662953	2,035640	-0,124489	-0,124475	0,000000	6,234791	0,509049	0,799734
250,000000	7,431362	7,462997	0,518240	0,092481	2,762251	-13384,402734	-10941,832145	-2985,470687	-12639,690255	-13086,792802	7,844252	231,009852	23,275395	23,835704	26,869026	23,832768	24,144896	-2,910260	1,162851	0,979475	232039,127959	-0,203475	0,000618	1,989421	0,663738	2,035368	-0,124489	-0,124471	0,000000	6,233186	0,509350	0,799528
250,200000	7,431364	7,463014	0,522136	0,093458	2,758147	-13394,045079	-10940,022541	-2985,691867	-12639,434516	-13086,537063	7,842958	230,973958	23,276703	23,836130	26,869480	23,838834	24,145661	-2,910249	1,162681	0,980232	232036,877031	-0,204442	0,000579	1,947783	0,664620	2,035555	-0,124489	-0,124480	0,000000	6,232633	0,508722	0,799457
250,400000	7,431662	7,462753	0,523989	0,094330	2,739026	-13405,784666	-10940,453506	-2985,437751	-12630,449670	-13077,552216	7,841812	230,979757	23,279657	23,838397	26,866458	23,841231	24,140110	-2,910502	1,164133	0,980370	232030,813146	-0,203754	0,000452	1,909795	0,664730	2,035764	-0,124484	-0,124493	0,000000	6,232722	0,508162	0,799468
250,600000	7,431771	7,462753	0,520622	0,094247	2,742509	-13400,355920	-10942,361004	-2985,323259	-12620,883667	-13067,986214	7,840593	231,021831	23,282277	23,839935	26,863686	23,836334	24,133600	-2,910570	1,164112	0,979675	232021,733084	-0,203092	0,000493	1,866639	0,664208	2,036051	-0,124483	-0,124495	0,000000	6,233371	0,508881	0,799552
250,800000	7,431659	7,462928	0,516524	0,094456	2,759675	-13381,009349	-10942,245227	-2985,384476	-12618,701305	-13065,803852	7,839217	231,055658	23,282132	23,838605	26,863593	23,828338	24,133235	-2,910325	1,164035	0,979343	232026,201550	-0,203306	0,000568	1,795851	0,663362	2,036527	-0,124489	-0,124486	0,000000	6,233892	0,509619	0,799619
251,000000	7,431546	7,462757	0,516113	0,093999	2,753769	-13373,510075	-10941,168416	-2985,323424	-12627,425767	-13074,528314	7,837797	231,089176	23,279817	23,836394	26,864418	23,824085	24,137948	-2,910219	1,164125	0,979499	232031,935702	-0,203303	0,000639	1,795550	0,662408	2,035665	-0,124494	-0,124478	0,000000	6,234409	0,509019	0,799685
251,200000	7,431296	7,462413	0,518198	0,092484	2,745577	-13379,625164	-10941,052967	-2985,248653	-12637,074385	-13084,176931	7,836512	231,148397	23,278905	23,836433	26,863148	23,826103	24,139951	-2,910460	1,163793	0,979492	232027,267135	-0,202883	0,000725	1,852954	0,661448	2,033557	-0,124491	-0,124480	0,000000	6,235322	0,507560	0,799802
251,400000	7,430962	7,462039	0,520629	0,092511	2,751909	-13387,098401	-10940,600334	-2985,394803	-12633,785360	-13080,887906	7,835338	231,189258	23,281030	23,838762	26,858674	23,832867	24,140005	-2,910628	1,164064	0,979357	232023,095507	-0,203403	0,000729	1,877191	0,660664	2,033174	-0,124487	-0,124486	0,000000	6,235952	0,506113	0,799883
251,600000	7,430643	7,461719	0,520900	0,094468	2,755756	-13391,671159	-10940,341176	-2985,728721	-12622,852890	-13069,955437	7,834110	231,175608	23,281810	23,840773	26,858279	23,839374	24,139578	-2,910526	1,164047	0,979356	232021,701059	-0,204510	0,000630	1,911325	0,660229	2,035873	-0,124485	-0,124492	0,000000	6,235741	0,505667	0,799856
251,800000	7,430554	7,461836	0,518813	0,095639	2,752142	-13386,445444	-10941,553446	-2985,790736	-12619,527730	-13066,630277	7,832751	231,139509	23,278458	23,839308	26,865121	23,840267	24,136727	-2,910479	1,163869	0,979685	232016,405617	-0,204348	0,000403	1,938594	0,659895	2,037764	-0,124485	-0,124492	0,000000	6,235185	0,506127	0,799784
252,000000	7,430675	7,462179	0,518119	0,095087	2,746394	-13382,769154	-10942,376482	-2985,697880	-12626,108267	-13073,210814	7,831354	231,102338	23,273341	23,835729	26,867332	23,833526	24,134351	-2,910434	1,164350	0,980096	232015,869558	-0,203714	0,000339	1,915700	0,659520	2,037085	-0,124490	-0,124484	0,000000	6,234612	0,506102	0,799711
252,200000	7,430773	7,462317	0,519389	0,094073	2,751989	-13390,542583	-10942,178808	-2985,746218	-12637,122232	-13084,224779	7,830004	231,075927	23,272922	23,834525	26,862277	23,824495	24,135776	-2,910251	1,164925	0,980294	232016,783039	-0,203626	0,000495	1,906086	0,659566	2,035592	-0,124495	-0,124477	0,000000	6,234205	0,505715	0,799659
252,400000	7,430853	7,462109	0,521100	0,093702	2,760864	-13402,583736	-10942,128177	-2985,394383	-12645,069763	-13092,172310	7,828778	231,094678	23,280538	23,836128	26,857996	23,822109	24,138066	-2,910390	1,165310	0,980587	232008,519046	-0,202924	0,000633	1,917658	0,660259	2,033544	-0,124491	-0,124482	0,000000	6,234494	0,505654	0,799696
252,600000	7,430859	7,461648	0,521818	0,093859	2,752117	-13415,094053	-10942,127406	-2984,833307	-12643,996631	-13091,099178	7,827636	231,135836	23,286320	23,837890	26,855577	23,827899	24,137703	-2,910836	1,164736	0,980768	231992,464545	-0,202085	0,000728	1,915421	0,661493	2,032935	-0,124481	-0,124490	0,000000	6,235128	0,506326	0,799777
252,800000	7,430865	7,461394	0,520080	0,093987	2,746262	-13410,479753	-10941,935749	-2984,946421	-12631,666821	-13078,769367	7,826286	231,156762	23,283873	23,838401	26,855520	23,834456	24,138122	-2,910851	1,164641	0,980380	231980,810770	-0,202494	0,000659	1,917587	0,663301	2,035064	-0,124478	-0,124493	0,000000	6,235451	0,508274	0,799819
253,000000	7,430767	7,461634	0,517818	0,094072	2,757156	-13381,114071	-10941,506637	-2985,559049	-12613,872269	-13060,974815	7,824701	231,207383	23,277905	23,839071	26,860376	23,836280	24,139992	-2,910548	1,164963	0,979912	231998,069017	-0,203468	0,000456	1,934244	0,664542	2,037433	-0,124486	-0,124493	0,000000	6,236231	0,510005	0,799919
253,200000	7,430637	7,461917	0,516649	0,094258	2,759621	-13359,505552	-10941,470433	-2985,866451	-12607,455294	-13054,557840	7,823156	231,309914	23,272083	23,838401	26,869660	23,834524	24,141669	-2,910535	1,163470	0,979994	232025,165424	-0,203790	0,000248	1,914950	0,664369	2,037364	-0,124492	-0,124492	0,000000	6,237811	0,510300	0,800121
253,400000	7,430663	7,461561	0,515740	0,094456	2,746035	-13364,652196	-10941,435663	-2985,562961	-12619,022502	-13066,125049	7,821776	231,392608	23,269820	23,834536	26,874525	23,832619	24,142254	-2,910480	1,162740	0,980276	232022,726819	-0,203411	0,000168	1,870540	0,663784	2,035468	-0,124490	-0,124491	0,000000	6,239086	0,510151	0,800285
253,600000	7,430442	7,460749	0,515747	0,094359	2,737762	-13384,706899	-10940,656743	-2985,091002	-12633,999888	-13081,102435	7,820492	231,426150	23,273376	23,832845	26,867810	23,832481	24,138167	-2,910235	1,162918	0,980151	232016,273109	-0,202902	0,000302	1,896687	0,663593	2,034217	-0,124487	-0,124489	0,000000	6,239602	0,509944	0,800351
253,800000	7,430116	7,460318	0,517878	0,094191	2,745709	-13407,426490	-10940,751127	-2984,874273	-12639,392779	-13086,495326	7,819409	231,433973	23,280999	23,836085	26,857207	23,832312	24,131233	-2,910320	1,161916	0,979590	232026,071808	-0,202379	0,000418	1,992434	0,663901	2,034713	-0,124481	-0,124490	0,000000	6,239723	0,509414	0,800366
254,000000	7,429891	7,460716	0,520329	0,094372	2,749343	-13423,325703	-10941,771307	-2984,902894	-12640,381011	-13087,483558	7,818379	231,413464	23,285598	23,839528	26,853953	23,831426	24,128982	-2,910625	1,161980	0,979419	232036,280876	-0,201720	0,000462	2,011037	0,664609	2,035759	-0,124478	-0,124491	0,000000	6,239407	0,509147	0,800326
254,200000	7,429654	7,461326	0,520226	0,094947	2,739725	-13427,256596	-10942,262857	-2985,025208	-12644,036800	-13091,139347	7,817148	231,363612	23,281300	23,839822	26,858002	23,831506	24,136735	-2,910580	1,162039	0,979867	232045,854232	-0,201482	0,000387	1,879356	0,665187	2,035936	-0,124483	-0,124490	0,000000	6,238639	0,509668	0,800227
254,400000	7,429472	7,461183	0,517718	0,094630	2,746731	-13414,399961	-10941,694553	-2985,242213	-12646,731848	-13093,834395	7,815669	231,345603	23,272523	23,837754	26,861331	23,832206	24,147061	-2,910200	1,160492	0,980149	232047,468153	-0,202121	0,000240	1,780147	0,665293	2,035714	-0,124491	-0,124488	0,000000	6,238361	0,510593	0,800192
254,600000	7,429349	7,460566	0,516421	0,093214	2,761988	-13395,193298	-10940,553757	-2985,494370	-12646,181690	-13093,284237	7,813961	231,365358	23,269514	23,836034	26,862160	23,834079	24,148424	-2,910147	1,160046	0,979950	232047,460694	-0,202892	0,000386	1,849518	0,665237	2,035068	-0,124490	-0,124484	0,000000	6,238666	0,510953	0,800231
254,800000	7,429385	7,460072	0,518010	0,093404	2,754539	-13395,321017	-10940,661542	-2985,444991	-12645,424231	-13092,526778	7,812543	231,376234	23,274750	23,835248	26,861477	23,837531	24,141594	-2,910402	1,160648	0,979141	232052,784070	-0,203038	0,000533	1,950982	0,665613	2,034395	-0,124486	-0,124483	0,000000	6,238833	0,510677	0,800252
255,000000	7,429344	7,459818	0,520073	0,094768	2,747116	-13413,489197	-10941,562089	-2985,093083	-12646,212356	-13093,314903	7,811498	231,373137	23,279233	23,834819	26,859970	23,839250	24,133306	-2,910387	1,161067	0,978453	232032,276010	-0,202705	0,000397	1,959607	0,666434	2,034680	-0,124493	-0,124488	0,000000	6,238786	0,510596	0,800246
255,200000	7,429107	7,459952	0,520534	0,094697	2,751669	-13427,515973	-10941,478139	-2984,853557	-12647,912319	-13095,014866	7,810190	231,343504	23,279408	23,836240	26,860331	23,835827	24,129849	-2,910264	1,161447	0,978952	231991,536687	-0,202227	0,000431	1,978857	0,666817	2,035839	-0,124497	-0,124491	0,000000	6,238329	0,510740	0,800188
255,400000	7,428974	7,460080	0,519187	0,093860	2,750630	-13427,734382	-10940,925038	-2985,044476	-12652,897972	-13100,000519	7,808628	231,279518	23,278528	23,837838	26,862569	23,827523	24,133607	-2,910248	1,160667	0,979898	231972,641876	-0,202474	0,000642	2,040402	0,666480	2,036286	-0,124489	-0,124488	0,000000	6,237343	0,510943	0,800061
255,600000	7,428816	7,459950	0,517744	0,093882	2,745262	-13420,516706	-10940,250515	-2985,388463	-12661,867967	-13108,970513	7,807192	231,239058	23,276962	23,837997	26,864484	23,823891	24,141109	-2,910264	1,160062	0,980441	231981,584453	-0,203135	0,000757	2,035444	0,665781	2,035612	-0,124482	-0,124484	0,000000	6,236719	0,510889	0,799981
255,800000	7,428593	7,459766	0,518043	0,093948	2,741949	-13418,322814	-10939,505706	-2985,441070	-12663,050645	-13110,153191	7,805792	231,253888	23,275627	23,838193	26,864133	23,831557	24,145963	-2,910402	1,161138	0,980436	231994,556482	-0,202560	0,000769	2,001334	0,665027	2,035170	-0,124476	-0,124482	0,000000	6,236948	0,510197	0,800011
256,000000	7,428520	7,459587	0,518976	0,093035	2,749567	-13421,616742	-10940,040316	-2985,083321	-12650,542817	-13097,645363	7,804435	231,269958	23,276213	23,838345	26,861223	23,841441	24,143672	-2,910628	1,161938	0,980124	231989,036158	-0,201293	0,000728	1,993828	0,664787	2,035276	-0,124473	-0,124484	0,000000	6,237196	0,509684	0,800042
256,200000	7,428333	7,459525	0,519755	0,093186	2,760454	-13418,435210	-10941,871161	-2984,873691	-12637,213012	-13084,315559	7,803084	231,275637	23,278176	23,838202	26,858242	23,844594	24,137765	-2,910733	1,161826	0,980052	231980,432064	-0,201382	0,000642	1,965941	0,664733	2,036441	-0,124480	-0,124489	0,000000	6,237283	0,509372	0,800054
256,400000	7,427990	7,459569	0,520400	0,094651	2,756857	-13413,655416	-10942,803968	-2985,575011	-12637,995274	-13085,097820	7,801683	231,289274	23,278406	23,837821	26,858533	23,839775	24,134511	-2,910604	1,161427	0,980026	231991,485115	-0,203163	0,000571	1,893739	0,664251	2,037194	-0,124495	-0,124487	0,000000	6,237493	0,508791	0,800080
256,600000	7,427968	7,459437	0,519450	0,094771	2,754603	-13413,247539	-10941,723271	-2986,382153	-12652,143653	-13099,246200	7,800465	231,249276	23,276166	23,835535	26,861793	23,830305	24,135424	-2,910465	1,162014	0,979838	232021,872971	-0,204421	0,000708	1,856343	0,663485	2,036249	-0,124499	-0,124485	0,000000	6,236877	0,508524	0,800001
256,800000	7,428056	7,458963	0,518805	0,093590	2,762058	-13411,729712	-10940,152170	-2985,958981	-12663,243227	-13110,345774	7,799273	231,121106	23,275808	23,833233	26,861687	23,823611	24,137576	-2,910495	1,163386	0,979703	232048,634995	-0,203786	0,000949	1,917257	0,662259	2,034224	-0,124491	-0,124487	0,000000	6,234901	0,507775	0,799748
257,000000	7,427867	7,458574	0,519805	0,093006	2,758805	-13414,203266	-10939,604187	-2984,864029	-12659,252181	-13106,354727	7,798009	231,015791	23,279439	23,835803	26,854708	23,825897	24,138988	-2,910489	1,163842	0,979851	232035,146264	-0,203014	0,001037	1,999384	0,660801	2,033185	-0,124486	-0,124483	0,000000	6,233278	0,506283	0,799540
257,200000	7,427769	7,458712	0,519237	0,093687	2,745445	-13411,415667	-10940,731257	-2984,553021	-12643,967003	-13091,069550	7,796682	231,011945	23,283171	23,840245	26,851809	23,834029	24,139530	-2,910465	1,164609	0,980071	232008,143505	-0,202824	0,000909	2,026771	0,659839	2,034332	-0,124483	-0,124477	0,000000	6,233218	0,505731	0,799532
257,400000	7,427793	7,458955	0,518390	0,094501	2,742649	-13398,102612	-10942,340194	-2984,919387	-12631,014054	-13078,116601	7,795302	231,047170	23,281529	23,841176	26,859574	23,838207	24,137886	-2,910588	1,165111	0,979986	232010,820995	-0,202318	0,000545	1,990373	0,659416	2,035796	-0,124479	-0,124481	0,000000	6,233761	0,505716	0,799602
257,600000	7,427680	7,458887	0,519267	0,094350	2,751737	-13392,483147	-10942,626148	-2985,205523	-12632,051494	-13079,154041	7,794129	231,051740	23,275393	23,839522	26,867455	23,834324	24,137420	-2,910594	1,164508	0,979931	232028,093507	-0,202397	0,000294	1,902398	0,659328	2,036958	-0,124483	-0,124487	0,000000	6,233832	0,505368	0,799611
257,800000	7,427731	7,458688	0,519897	0,093580	2,751446	-13396,048806	-10942,252560	-2985,231447	-12645,147505	-13092,250052	7,792986	231,032529	23,271171	23,837548	26,867385	23,827830	24,138703	-2,910296	1,165334	0,980060	232037,725743	-0,203047	0,000456	1,843140	0,659247	2,036828	-0,124492	-0,124487	0,000000	6,233536	0,505087	0,799573
258,000000	7,427937	7,458603	0,520880	0,093454	2,741169	-13407,620433	-10941,622656	-2984,955941	-12655,779263	-13102,881809	7,791636	231,031142	23,272501	23,834886	26,862052	23,825791	24,137907	-2,910173	1,165868	0,980069	232041,516215	-0,202920	0,000642	1,841075	0,659150	2,034987	-0,124493	-0,124481	0,000000	6,233514	0,504677	0,799570
258,200000	7,427968	7,458487	0,521700	0,093982	2,750458	-13423,455641	-10940,371588	-2984,697723	-12654,632427	-13101,734974	7,790181	231,046394	23,278767	23,834009	26,854604	23,828475	24,136065	-2,910379	1,164406	0,980080	232044,741772	-0,202528	0,000571	1,820606	0,659925	2,033186	-0,124487	-0,124479	0,000000	6,233750	0,504980	0,799600
258,400000	7,427794	7,458245	0,521104	0,093925	2,766092	-13424,592890	-10940,294460	-2984,804183	-12647,375856	-13094,478402	7,788763	231,049237	23,284029	23,837673	26,847973	23,832732	24,132875	-2,910578	1,163584	0,980028	232039,564995	-0,202725	0,000502	1,798338	0,661459	2,033091	-0,124482	-0,124481	0,000000	6,233793	0,506320	0,799606
258,600000	7,427466	7,458338	0,520796	0,093949	2,758135	-13418,764022	-10942,318162	-2985,392976	-12642,221754	-13089,324301	7,787425	231,033530	23,282424	23,841097	26,849134	23,835214	24,132189	-2,910727	1,162910	0,979829	232016,842296	-0,203242	0,000566	1,835755	0,662256	2,034891	-0,124483	-0,124485	0,000000	6,233551	0,507035	0,799575
258,800000	7,427239	7,458632	0,521155	0,094395	2,752367	-13417,322882	-10943,229332	-2986,039497	-12642,794730	-13089,897277	7,786107	231,003783	23,274674	23,839908	26,857667	23,833911	24,138588	-2,910687	1,161951	0,979773	231992,878475	-0,203557	0,000632	1,897991	0,661641	2,036615	-0,124487	-0,124486	0,000000	6,233093	0,506478	0,799516
259,000000	7,427290	7,458548	0,520899	0,094424	2,759355	-13415,703780	-10941,339265	-2985,997198	-12650,004932	-13097,107479	7,784735	230,950810	23,267836	23,836768	26,864428	23,831538	24,146329	-2,910361	1,162409	0,979885	231996,206992	-0,203629	0,000724	1,916758	0,660302	2,036602	-0,124487	-0,124481	0,000000	6,232276	0,505551	0,799411
259,200000	7,427546	7,458042	0,518947	0,094365	2,757765	-13417,022742	-10939,868286	-2985,390778	-12658,496512	-13105,599059	7,783324	230,901005	23,268497	23,835507	26,866952	23,832313	24,146238	-2,910148	1,163230	0,979930	232009,851921	-0,203470	0,000606	1,853573	0,659461	2,035518	-0,124487	-0,124480	0,000000	6,231508	0,505532	0,799313
259,400000	7,427690	7,457499	0,517272	0,094269	2,749094	-13414,891220	-10940,138750	-2985,134825	-12661,850369	-13108,952915	7,782002	230,913000	23,276154	23,835762	26,864988	23,834024	24,136618	-2,910427	1,163496	0,979913	232003,599021	-0,203395	0,000259	1,789064	0,659497	2,034667	-0,124486	-0,124483	0,000000	6,231693	0,506081	0,799336
259,600000	7,427415	7,457235	0,518863	0,094615	2,741843	-13409,615810	-10940,619914	-2985,384591	-12656,736994	-13103,839540	7,780813	230,962789	23,284365	23,837108	26,859380	23,831420	24,126842	-2,910839	1,163425	0,979998	231990,916410	-0,203514	0,000253	1,830642	0,659990	2,034414	-0,124483	-0,124485	0,000000	6,232460	0,505901	0,799435
259,800000	7,426921	7,457263	0,521446	0,095469	2,745495	-13409,151249	-10941,374207	-2985,515053	-12642,229569	-13089,332116	7,779665	230,988810	23,283818	23,839377	26,859561	23,826668	24,125734	-2,910852	1,163218	0,980362	231991,295035	-0,202994	0,000646	1,904449	0,660735	2,034880	-0,124485	-0,124481	0,000000	6,232862	0,505610	0,799486
260,000000	7,426519	7,457466	0,521713	0,095190	2,753896	-13401,288603	-10941,396187	-2985,545751	-12628,128236	-13075,230782	7,778384	230,972564	23,276430	23,840055	26,864127	23,824237	24,134624	-2,910579	1,163163	0,980966	231988,466519	-0,202542	0,000894	1,947955	0,661432	2,035799	-0,124489	-0,124477	0,000000	6,232611	0,506073	0,799454
260,200000	7,426358	7,457604	0,519439	0,094179	2,750675	-13385,128197	-10940,635687	-2985,521133	-12626,857487	-13073,960033	7,776985	230,955511	23,271152	23,838749	26,864546	23,826500	24,145856	-2,910253	1,163060	0,981182	231980,426850	-0,202825	0,000881	1,953393	0,661962	2,036353	-0,124488	-0,124477	0,000000	6,232348	0,507249	0,799421
260,400000	7,426514	7,457569	0,516252	0,094351	2,752452	-13380,987464	-10940,894416	-2985,241612	-12637,287434	-13084,389981	7,775568	231,008470	23,269974	23,836753	26,862496	23,833682	24,148956	-2,910079	1,163978	0,980776	231993,506979	-0,202967	0,000903	1,862844	0,662470	2,035593	-0,124486	-0,124483	0,000000	6,233165	0,508703	0,799525
260,600000	7,426723	7,457460	0,515945	0,095192	2,764186	-13393,131804	-10941,997586	-2984,927552	-12645,877058	-13092,979605	7,774079	231,099751	23,272674	23,835528	26,858346	23,840156	24,142407	-2,910270	1,164828	0,980080	232003,921482	-0,202435	0,000877	1,729673	0,662711	2,034668	-0,124486	-0,124487	0,000000	6,234572	0,508980	0,799706
260,800000	7,426606	7,457111	0,519397	0,095271	2,760260	-13411,521359	-10942,911892	-2984,983447	-12646,957480	-13094,060027	7,772538	231,145032	23,276538	23,836145	26,856534	23,839660	24,132589	-2,910598	1,163245	0,979527	231996,844477	-0,201965	0,000782	1,667957	0,662823	2,034941	-0,124483	-0,124490	0,000000	6,235270	0,507883	0,799795
261,000000	7,426214	7,456627	0,522433	0,095046	2,742885	-13423,597380	-10942,870647	-2985,356440	-12646,948109	-13094,050656	7,771164	231,126414	23,277101	23,837436	26,862139	23,831591	24,128957	-2,910640	1,161532	0,979644	231999,108905	-0,202519	0,000822	1,703912	0,663199	2,035797	-0,124487	-0,124487	0,000000	6,234983	0,507136	0,799758
261,200000	7,425951	7,456421	0,522847	0,094633	2,739749	-13423,483694	-10942,030509	-2985,375519	-12648,590911	-13095,693458	7,769861	231,089576	23,273889	23,837833	26,863882	23,823783	24,134308	-2,910451	1,161262	0,980129	232017,967277	-0,203032	0,000977	1,742764	0,663711	2,035933	-0,124496	-0,124478	0,000000	6,234415	0,507379	0,799686
261,400000	7,425858	7,456535	0,521413	0,093868	2,754331	-13420,133107	-10941,223014	-2984,928157	-12653,310358	-13100,412905	7,768423	231,124031	23,271445	23,837055	26,856803	23,823790	24,141669	-2,910463	1,161444	0,980276	232047,797258	-0,202721	0,001060	1,709964	0,664185	2,034326	-0,124498	-0,124473	0,000000	6,234946	0,508217	0,799754
261,600000	7,425765	7,456817	0,519692	0,093575	2,759639	-13416,304918	-10941,129744	-2984,505338	-12654,352735	-13101,455282	7,767184	231,253224	23,272716	23,836739	26,851996	23,829319	24,144007	-2,910649	1,162895	0,980045	232055,848027	-0,201989	0,000944	1,730108	0,664606	2,033214	-0,124488	-0,124479	0,000000	6,236938	0,509125	0,800009
261,800000	7,425855	7,456652	0,520073	0,094231	2,751405	-13411,129467	-10941,327849	-2984,762917	-12644,606207	-13091,708754	7,766168	231,356054	23,275335	23,838812	26,855182	23,837094	24,140420	-2,910661	1,164033	0,979911	232031,553625	-0,201764	0,000755	1,876154	0,664912	2,034441	-0,124481	-0,124486	0,000000	6,238522	0,509223	0,800212
262,000000	7,425741	7,456303	0,521908	0,095129	2,758131	-13409,463950	-10941,745865	-2985,554478	-12635,024977	-13082,127523	7,764946	231,373144	23,275735	23,840293	26,864324	23,841543	24,136095	-2,910543	1,162761	0,979763	232029,701454	-0,202444	0,000672	1,975070	0,664540	2,036725	-0,124483	-0,124487	0,000000	6,238786	0,508316	0,800246
262,200000	7,425306	7,456444	0,522734	0,095200	2,767917	-13406,438048	-10942,623112	-2985,961848	-12633,980485	-13081,083032	7,763550	231,360755	23,272769	23,837570	26,873766	23,836717	24,134639	-2,910381	1,161145	0,979216	232049,094075	-0,203231	0,000805	1,961374	0,663293	2,037797	-0,124489	-0,124486	0,000000	6,238595	0,507116	0,800222
262,400000	7,425325	7,456387	0,521904	0,094647	2,755034	-13399,386579	-10941,547371	-2985,613533	-12636,934116	-13084,036663	7,762126	231,348746	23,271438	23,834511	26,873564	23,827498	24,135098	-2,910126	1,160602	0,979193	232034,714267	-0,203781	0,000953	1,920949	0,662149	2,036420	-0,124495	-0,124481	0,000000	6,238410	0,506519	0,800198
262,600000	7,425557	7,455930	0,519769	0,093828	2,747049	-13393,835071	-10939,484975	-2985,050207	-12639,948920	-13087,051466	7,760638	231,385848	23,276102	23,834863	26,860473	23,823369	24,134724	-2,909981	1,161610	0,980192	232022,446420	-0,203625	0,000862	1,859696	0,661699	2,033873	-0,124495	-0,124480	0,000000	6,238981	0,506837	0,800271
262,800000	7,425352	7,455724	0,518499	0,093096	2,754276	-13388,082307	-10940,263709	-2985,006228	-12636,818499	-13083,921046	7,759294	231,474129	23,282273	23,836379	26,847306	23,827061	24,132152	-2,910102	1,163714	0,981410	232032,766576	-0,203537	0,000765	1,839283	0,661615	2,032451	-0,124487	-0,124482	0,000000	6,240341	0,507158	0,800446
263,000000	7,424930	7,455887	0,519550	0,092920	2,754221	-13382,492557	-10942,741037	-2985,100588	-12623,722129	-13070,824676	7,758098	231,536214	23,282178	23,837582	26,847665	23,832380	24,130462	-2,910347	1,164543	0,981841	232025,544682	-0,203819	0,000801	1,857667	0,661960	2,033649	-0,124485	-0,124482	0,000000	6,241298	0,507080	0,800568
263,200000	7,424720	7,456175	0,520589	0,093444	2,747499	-13375,801954	-10943,344425	-2985,098574	-12611,036694	-13058,139241	7,756725	231,540201	23,276192	23,839573	26,856607	23,835597	24,133746	-2,910495	1,164656	0,980964	232012,515505	-0,203372	0,000783	1,856855	0,663094	2,036091	-0,124493	-0,124478	0,000000	6,241359	0,507631	0,800576
263,400000	7,424842	7,456373	0,520368	0,094255	2,743059	-13364,394712	-10941,524660	-2985,267783	-12608,005349	-13055,107896	7,755348	231,508727	23,271759	23,840263	26,863944	23,835026	24,140080	-2,910491	1,165237	0,980005	232002,319146	-0,202939	0,000679	1,919101	0,664418	2,037316	-0,124499	-0,124480	0,000000	6,240874	0,508741	0,800514
263,600000	7,424962	7,456280	0,519598	0,094455	2,749520	-13358,827738	-10940,150592	-2985,682599	-12613,731571	-13060,834117	7,754175	231,488949	23,270216	23,836771	26,868542	23,830725	24,141648	-2,910454	1,164404	0,980055	232003,537270	-0,203674	0,000591	1,972421	0,665275	2,036331	-0,124495	-0,124484	0,000000	6,240570	0,509664	0,800475
263,800000	7,425020	7,455838	0,517546	0,094302	2,759253	-13366,791410	-10940,417695	-2985,847186	-12622,481699	-13069,584246	7,753037	231,492760	23,271636	23,833561	26,867351	23,827335	24,137026	-2,910449	1,161162	0,980118	232019,997871	-0,204539	0,000616	1,924656	0,665717	2,034576	-0,124490	-0,124483	0,000000	6,240628	0,510670	0,800483
264,000000	7,424932	7,455385	0,515249	0,094106	2,753417	-13379,129170	-10941,507165	-2985,262975	-12626,630045	-13073,732591	7,751821	231,485815	23,278177	23,835860	26,859491	23,825966	24,131344	-2,910449	1,157407	0,979592	232039,833099	-0,203939	0,000654	1,921135	0,665923	2,034217	-0,124489	-0,124484	0,000000	6,240521	0,511558	0,800469
264,200000	7,424435	7,455325	0,515220	0,093788	2,747988	-13387,631541	-10942,065598	-2984,880174	-12627,220033	-13074,322580	7,750384	231,482908	23,285133	23,839666	26,853905	23,827276	24,128018	-2,910462	1,156519	0,979426	232057,392449	-0,203212	0,000629	1,958864	0,666410	2,034904	-0,124490	-0,124485	0,000000	6,240477	0,511921	0,800463
264,400000	7,424139	7,455399	0,517349	0,094240	2,753527	-13393,968232	-10941,552389	-2985,269973	-12631,179465	-13078,282012	7,748871	231,491777	23,284716	23,839378	26,855813	23,827806	24,131528	-2,910397	1,157581	0,979748	232052,497277	-0,203461	0,000535	1,966170	0,667136	2,035770	-0,124488	-0,124484	0,000000	6,240613	0,511768	0,800481
264,600000	7,424154	7,455272	0,519384	0,094716	2,749965	-13404,238034	-10942,400016	-2985,514997	-12639,557124	-13086,659671	7,747474	231,461925	23,275547	23,836525	26,862683	23,826962	24,140670	-2,910326	1,157887	0,979479	232044,652406	-0,203314	0,000299	2,004166	0,667384	2,036467	-0,124487	-0,124483	0,000000	6,240153	0,511281	0,800422
264,800000	7,424016	7,455135	0,518795	0,093825	2,738953	-13411,629638	-10943,814696	-2985,191793	-12646,432322	-13093,534869	7,746034	231,389889	23,267396	23,835512	26,867964	23,830143	24,145949	-2,910427	1,159525	0,978593	232048,555437	-0,202671	0,000161	1,984783	0,667064	2,036269	-0,124486	-0,124483	0,000000	6,239044	0,511237	0,800279
265,000000	7,423912	7,455010	0,516477	0,093337	2,740466	-13409,588197	-10942,725200	-2984,995934	-12649,047690	-13096,150236	7,744632	231,295986	23,268706	23,836536	26,865900	23,833280	24,142074	-2,910468	1,161515	0,978064	232036,072356	-0,202638	0,000218	1,829651	0,666255	2,035204	-0,124483	-0,124489	0,000000	6,237597	0,511385	0,800094
265,200000	7,423740	7,454889	0,516096	0,094345	2,752398	-13413,188503	-10941,552149	-2985,298595	-12652,456456	-13099,559003	7,743522	231,238772	23,275583	23,837582	26,860603	23,833490	24,132472	-2,910439	1,161444	0,978609	232016,546628	-0,203288	0,000401	1,678692	0,664489	2,034239	-0,124485	-0,124492	0,000000	6,236715	0,510139	0,799981
265,400000	7,423352	7,455023	0,518984	0,094887	2,752488	-13423,168414	-10941,797821	-2985,525023	-12655,276768	-13102,379315	7,742459	231,245636	23,279567	23,838517	26,858687	23,831616	24,124630	-2,910478	1,162233	0,979796	232012,811501	-0,203684	0,000660	1,649894	0,662300	2,034100	-0,124487	-0,124486	0,000000	6,236821	0,507495	0,799994
265,600000	7,423254	7,455144	0,523164	0,093829	2,742380	-13429,195343	-10941,848501	-2985,329677	-12653,587291	-13100,689838	7,741043	231,237435	23,278890	23,838727	26,860494	23,827332	24,125339	-2,910602	1,163367	0,980134	232010,700098	-0,203356	0,000732	1,707874	0,660991	2,034324	-0,124487	-0,124485	0,000000	6,236694	0,505111	0,799978
265,800000	7,423488	7,454981	0,525381	0,092915	2,751684	-13434,210562	-10942,306532	-2985,336723	-12652,362694	-13099,465241	7,739415	231,209660	23,277615	23,838419	26,861578	23,823363	24,134241	-2,910616	1,162078	0,979658	232003,380767	-0,203531	0,000756	1,784186	0,660497	2,034523	-0,124485	-0,124485	0,000000	6,236266	0,503993	0,799923
266,000000	7,423558	7,454853	0,524445	0,093212	2,767604	-13430,944470	-10942,595294	-2985,645571	-12650,728764	-13097,831311	7,737958	231,235375	23,275822	23,838365	26,860077	23,824676	24,142087	-2,910422	1,160780	0,979616	232000,492722	-0,204094	0,000910	1,830723	0,660173	2,034165	-0,124483	-0,124476	0,000000	6,236663	0,504045	0,799974
266,200000	7,423454	7,454800	0,522558	0,093038	2,762858	-13419,311566	-10942,073444	-2985,634499	-12645,234721	-13092,337267	7,736736	231,322389	23,274329	23,837866	26,857873	23,833311	24,142701	-2,910527	1,160604	0,979823	231996,235315	-0,203470	0,000889	1,816021	0,659553	2,033868	-0,124483	-0,124474	0,000000	6,238004	0,504190	0,800146
266,400000	7,423273	7,454716	0,521925	0,092722	2,759658	-13409,402820	-10941,695279	-2985,417107	-12639,607808	-13086,710355	7,735541	231,379829	23,274940	23,837220	26,857345	23,839878	24,138046	-2,910651	1,161161	0,980067	231994,414012	-0,202794	0,000693	1,776145	0,658667	2,035390	-0,124487	-0,124481	0,000000	6,238889	0,503717	0,800259
266,600000	7,422953	7,454580	0,523019	0,094098	2,764271	-13400,490422	-10941,257838	-2985,340431	-12635,948328	-13083,050875	7,734285	231,360628	23,276127	23,837510	26,860834	23,837456	24,133363	-2,910395	1,162536	0,980458	232006,126079	-0,203231	0,000491	1,807611	0,658050	2,037195	-0,124490	-0,124488	0,000000	6,238593	0,502881	0,800222
266,800000	7,422936	7,454518	0,525727	0,095359	2,759473	-13401,862330	-10941,053976	-2985,284232	-12636,370529	-13083,473075	7,733176	231,323540	23,276175	23,837912	26,864479	23,829897	24,132346	-2,910367	1,162488	0,980749	232023,536159	-0,203586	0,000369	1,929521	0,657918	2,037051	-0,124491	-0,124487	0,000000	6,238021	0,501889	0,800148
267,000000	7,423118	7,454449	0,528368	0,094564	2,751852	-13411,675169	-10941,304436	-2984,991471	-12636,312052	-13083,414599	7,732048	231,305299	23,273930	23,836234	26,863602	23,822260	24,134012	-2,910637	1,161467	0,980900	232033,972919	-0,203175	0,000408	2,014752	0,658225	2,035350	-0,124490	-0,124480	0,000000	6,237740	0,501252	0,800112
267,200000	7,423031	7,453842	0,528926	0,093430	2,750456	-13415,527934	-10941,272614	-2984,670986	-12635,283557	-13082,386104	7,730555	231,244761	23,274725	23,835099	26,857194	23,820901	24,135643	-2,910652	1,161214	0,980726	232039,868292	-0,202862	0,000467	1,986133	0,658349	2,033895	-0,124486	-0,124472	0,000000	6,236807	0,501119	0,799992
267,400000	7,422758	7,453114	0,526855	0,093376	2,760099	-13413,849637	-10941,273097	-2984,745432	-12638,081976	-13085,184522	7,729015	231,104718	23,280220	23,838329	26,851913	23,826684	24,136126	-2,910496	1,161336	0,980703	232053,110826	-0,203181	0,000626	1,929011	0,657909	2,033559	-0,124482	-0,124472	0,000000	6,234649	0,501406	0,799716
267,600000	7,422376	7,453003	0,524301	0,093771	2,770544	-13408,055292	-10941,757644	-2985,267383	-12638,832614	-13085,935160	7,727586	230,990042	23,282561	23,841479	26,853681	23,832902	24,135844	-2,910582	1,161169	0,980678	232066,834654	-0,203758	0,000736	1,937923	0,657214	2,034431	-0,124482	-0,124482	0,000000	6,232881	0,501707	0,799489
267,800000	7,422120	7,453284	0,525039	0,093818	2,765504	-13406,270841	-10942,672955	-2985,779544	-12637,301360	-13084,403907	7,726278	230,960100	23,278430	23,840078	26,860269	23,833087	24,135738	-2,910594	1,160449	0,980013	232071,135268	-0,204224	0,000521	1,996786	0,656355	2,036500	-0,124486	-0,124491	0,000000	6,232419	0,500839	0,799430
268,000000	7,422130	7,453542	0,527254	0,093766	2,761773	-13412,086182	-10942,246338	-2985,915241	-12637,453030	-13084,555576	7,725229	230,958807	23,271678	23,837202	26,868764	23,828688	24,136120	-2,910259	1,161186	0,979553	232073,701007	-0,204153	0,000383	2,017535	0,655773	2,037845	-0,124490	-0,124489	0,000000	6,232399	0,499703	0,799427
268,200000	7,422222	7,453712	0,526549	0,093875	2,767745	-13408,840385	-10939,969094	-2985,783969	-12641,704744	-13088,807291	7,724018	230,966448	23,269016	23,836528	26,870178	23,826057	24,135516	-2,910153	1,163038	0,979885	232068,996212	-0,203547	0,000540	1,983780	0,656004	2,037073	-0,124493	-0,124481	0,000000	6,232517	0,500123	0,799442
268,400000	7,422092	7,453739	0,523484	0,093761	2,762250	-13399,113196	-10938,953470	-2985,328422	-12648,600864	-13095,703411	7,722446	231,012097	23,272576	23,837628	26,861026	23,825588	24,132547	-2,910415	1,163031	0,980547	232049,983184	-0,202781	0,000762	1,949678	0,656663	2,034940	-0,124490	-0,124477	0,000000	6,233221	0,501617	0,799532
268,600000	7,421903	7,453490	0,521445	0,093702	2,747546	-13401,028622	-10939,893489	-2984,679006	-12652,382819	-13099,485366	7,720951	231,070869	23,279249	23,839230	26,851012	23,827789	24,129280	-2,910640	1,162905	0,980889	232038,849324	-0,202155	0,000820	1,942091	0,657181	2,033744	-0,124485	-0,124480	0,000000	6,234127	0,502652	0,799649
268,800000	7,422019	7,453135	0,523216	0,093837	2,746219	-13416,885978	-10940,733359	-2984,543085	-12654,423766	-13101,526313	7,719711	231,087025	23,283315	23,840374	26,851465	23,831418	24,129257	-2,910794	1,163497	0,980576	232038,611652	-0,201905	0,000638	1,946127	0,657703	2,034804	-0,124483	-0,124485	0,000000	6,234376	0,502444	0,799681
269,000000	7,422001	7,452977	0,527194	0,093727	2,757508	-13439,178691	-10941,406299	-2985,265156	-12657,742903	-13104,845450	7,718491	231,065799	23,279763	23,839268	26,860987	23,832631	24,134589	-2,910781	1,163097	0,980039	232035,568747	-0,202556	0,000495	1,892059	0,658122	2,035840	-0,124482	-0,124485	0,000000	6,234049	0,501462	0,799639
269,200000	7,421699	7,452967	0,529332	0,093784	2,759948	-13451,334967	-10941,980050	-2985,842553	-12660,832145	-13107,934691	7,717139	231,041081	23,271237	23,837038	26,867099	23,830720	24,143081	-2,910610	1,163519	0,979914	232029,272118	-0,203558	0,000545	1,805729	0,658069	2,035800	-0,124481	-0,124484	0,000000	6,233668	0,500734	0,799590
269,400000	7,421597	7,452942	0,528732	0,094215	2,755487	-13443,913723	-10941,610992	-2985,512572	-12662,915028	-13110,017574	7,715621	231,044992	23,265932	23,836048	26,866380	23,829408	24,145392	-2,910540	1,164712	0,980277	232014,137805	-0,203472	0,000646	1,815290	0,657894	2,035761	-0,124484	-0,124486	0,000000	6,233728	0,500796	0,799597
269,600000	7,421701	7,452787	0,526301	0,093995	2,767527	-13427,162978	-10941,203350	-2984,833958	-12664,392796	-13111,495343	7,714140	231,076762	23,270113	23,836418	26,859512	23,831528	24,138156	-2,910618	1,165826	0,980428	232012,333869	-0,202308	0,000607	1,906235	0,658276	2,035696	-0,124488	-0,124483	0,000000	6,234218	0,501864	0,799660
269,800000	7,421558	7,452645	0,524350	0,093580	2,777797	-13415,635415	-10941,580404	-2984,574221	-12661,374404	-13108,476951	7,713007	231,081004	23,279347	23,837887	26,851577	23,830881	24,128651	-2,910800	1,167072	0,979941	232024,594071	-0,201126	0,000525	1,971124	0,659617	2,035308	-0,124487	-0,124479	0,000000	6,234283	0,503506	0,799669
270,000000	7,421002	7,452582	0,525346	0,094239	2,764629	-13414,762085	-10941,793718	-2984,913414	-12652,555112	-13099,657658	7,711998	231,046257	23,282466	23,838814	26,851607	23,827377	24,124498	-2,910821	1,166143	0,979600	232029,629351	-0,201277	0,000645	1,979650	0,660960	2,034974	-0,124481	-0,124480	0,000000	6,233747	0,504196	0,799600
270,200000	7,420423	7,452390	0,527095	0,094554	2,758501	-13413,454590	-10941,944923	-2985,142474	-12642,495008	-13089,597555	7,710766	231,037885	23,277737	23,838535	26,857640	23,825037	24,129293	-2,910550	1,164399	0,979820	232032,494738	-0,202565	0,000762	1,945508	0,660913	2,035372	-0,124481	-0,124480	0,000000	6,233618	0,503582	0,799583
270,400000	7,420372	7,452315	0,527265	0,093617	2,764008	-13398,260106	-10942,808123	-2984,913081	-12634,442841	-13081,545387	7,709361	231,053483	23,271907	23,838111	26,863465	23,824703	24,138317	-2,910278	1,165006	0,979928	232021,960322	-0,203459	0,000820	1,932821	0,659997	2,035818	-0,124483	-0,124478	0,000000	6,233859	0,502834	0,799614
270,600000	7,420766	7,452252	0,526362	0,093446	2,758710	-13381,650353	-10942,865700	-2984,738799	-12627,604842	-13074,707388	7,707908	231,055479	23,269589	23,836406	26,864359	23,830760	24,144922	-2,910152	1,165631	0,980060	232013,304337	-0,203486	0,000854	1,960264	0,659427	2,035625	-0,124486	-0,124474	0,000000	6,233890	0,502698	0,799618
270,800000	7,420795	7,451764	0,524518	0,094237	2,751497	-13380,496820	-10941,436425	-2984,697880	-12624,453109	-13071,555656	7,706435	231,132992	23,271271	23,834689	26,860259	23,839951	24,143175	-2,910232	1,164930	0,980372	232020,805862	-0,202595	0,000635	1,971701	0,659318	2,035934	-0,124488	-0,124478	0,000000	6,235085	0,503190	0,799772
271,000000	7,420373	7,451249	0,523592	0,094201	2,751294	-13386,913276	-10940,827735	-2984,765432	-12629,238348	-13076,340894	7,704953	231,294985	23,275143	23,835904	26,859364	23,842058	24,133065	-2,910535	1,164559	0,980051	232024,006659	-0,201766	0,000268	2,001632	0,659211	2,036332	-0,124487	-0,124486	0,000000	6,237581	0,503380	0,800092
271,200000	7,420362	7,451061	0,525281	0,094089	2,758592	-13397,458437	-10942,338605	-2985,019671	-12636,118555	-13083,221101	7,703600	231,380243	23,277462	23,837946	26,861313	23,833922	24,126307	-2,910704	1,164518	0,979653	232021,464389	-0,201997	0,000127	2,017856	0,658987	2,036604	-0,124487	-0,124488	0,000000	6,238895	0,502640	0,800260
271,400000	7,420634	7,451093	0,527238	0,094651	2,763971	-13412,171468	-10943,450201	-2985,205778	-12642,284288	-13089,386835	7,702413	231,373503	23,275435	23,838215	26,860247	23,823529	24,129227	-2,910429	1,164802	0,979884	232024,201251	-0,202794	0,000514	1,939328	0,658934	2,036922	-0,124488	-0,124483	0,000000	6,238791	0,501954	0,800247
271,600000	7,420438	7,451278	0,525968	0,094072	2,756158	-13415,876550	-10942,251232	-2985,320040	-12651,499820	-13098,602366	7,701120	231,364859	23,272115	23,837518	26,858893	23,819930	24,135702	-2,910156	1,164998	0,979938	232044,935640	-0,203934	0,000996	1,825020	0,659244	2,035508	-0,124490	-0,124478	0,000000	6,238658	0,502619	0,800230
271,800000	7,420145	7,451157	0,522499	0,092333	2,756741	-13406,617899	-10941,006215	-2985,345566	-12658,889162	-13105,991709	7,699658	231,351172	23,271724	23,837286	26,857383	23,824207	24,138006	-2,910352	1,165131	0,980115	232063,365473	-0,204426	0,000803	1,742211	0,660097	2,033414	-0,124486	-0,124480	0,000000	6,238447	0,504407	0,800203
272,000000	7,419980	7,450554	0,521634	0,091994	2,768501	-13402,746264	-10942,269854	-2985,199573	-12658,798470	-13105,901016	7,698270	231,324034	23,275977	23,838709	26,855055	23,833151	24,136545	-2,910682	1,165386	0,980496	232037,870865	-0,203785	0,000307	1,781111	0,661094	2,033585	-0,124483	-0,124486	0,000000	6,238029	0,505414	0,800149
272,200000	7,419748	7,450446	0,524787	0,093445	2,762754	-13413,103260	-10943,481079	-2985,122898	-12653,557117	-13100,659664	7,697220	231,303823	23,280298	23,840604	26,857136	23,839606	24,134659	-2,910715	1,165025	0,980171	231997,748193	-0,203144	0,000172	1,924931	0,661473	2,036241	-0,124484	-0,124492	0,000000	6,237717	0,504651	0,800109
272,400000	7,419671	7,451087	0,528081	0,094386	2,748422	-13420,466580	-10942,957477	-2985,177044	-12647,077973	-13094,180520	7,696246	231,302906	23,278719	23,839748	26,864803	23,837308	24,131898	-2,910507	1,165255	0,979647	231992,145592	-0,202884	0,000284	1,992233	0,661401	2,037499	-0,124488	-0,124493	0,000000	6,237703	0,503561	0,800107
272,600000	7,419756	7,451387	0,528502	0,093928	2,752744	-13411,103697	-10942,610630	-2985,166219	-12642,068889	-13089,171436	7,694952	231,308003	23,274243	23,837238	26,868433	23,828757	24,131105	-2,910240	1,165573	0,979612	232009,972318	-0,203101	0,000349	1,919296	0,661534	2,036382	-0,124496	-0,124488	0,000000	6,237782	0,503551	0,800117
272,800000	7,419957	7,450980	0,526891	0,093176	2,766610	-13398,747668	-10941,626768	-2985,245101	-12641,378361	-13088,480908	7,693547	231,305833	23,273729	23,836219	26,864468	23,822875	24,133821	-2,910094	1,164649	0,980190	232021,298852	-0,203525	0,000400	1,821198	0,662279	2,034891	-0,124496	-0,124482	0,000000	6,237748	0,504621	0,800113
273,000000	7,420123	7,450501	0,525026	0,093253	2,764644	-13397,060524	-10940,855209	-2985,368088	-12644,297817	-13091,400364	7,692246	231,330954	23,279191	23,837244	26,858918	23,823569	24,133491	-2,910396	1,164538	0,980737	232000,807301	-0,203354	0,000577	1,835110	0,663696	2,032988	-0,124486	-0,124480	0,000000	6,238136	0,506280	0,800163
273,200000	7,419759	7,450534	0,524665	0,093765	2,754352	-13406,817093	-10941,896951	-2985,130221	-12646,774546	-13093,877093	7,690983	231,419549	23,282342	23,838903	26,854671	23,826792	24,130182	-2,910879	1,164944	0,980488	231969,242929	-0,202690	0,000645	1,921724	0,665501	2,032764	-0,124483	-0,124484	0,000000	6,239501	0,507769	0,800338
273,400000	7,419282	7,450935	0,525571	0,093979	2,763529	-13418,169556	-10942,087340	-2984,820454	-12645,721732	-13092,824279	7,689628	231,542128	23,278277	23,840198	26,852574	23,830094	24,133168	-2,910809	1,164593	0,980032	231971,836704	-0,202030	0,000533	1,950982	0,666974	2,035077	-0,124487	-0,124488	0,000000	6,241389	0,508609	0,800580
273,600000	7,419354	7,451188	0,524984	0,094239	2,771613	-13414,864766	-10940,986025	-2984,972517	-12641,214127	-13088,316674	7,688174	231,638680	23,272989	23,840538	26,855173	23,831546	24,139871	-2,910425	1,165091	0,980160	231988,012510	-0,201664	0,000469	1,889049	0,667355	2,037277	-0,124488	-0,124488	0,000000	6,242876	0,509114	0,800771
273,800000	7,419392	7,451105	0,522807	0,094449	2,754383	-13393,879572	-10940,952048	-2985,356074	-12638,267017	-13085,369564	7,686644	231,664807	23,269739	23,838043	26,863288	23,830255	24,141461	-2,910344	1,165337	0,980491	231988,243830	-0,202028	0,000592	1,806906	0,666672	2,036946	-0,124484	-0,124484	0,000000	6,243278	0,509334	0,800823
274,000000	7,419156	7,450629	0,521408	0,094344	2,747174	-13375,542156	-10941,752610	-2985,488004	-12638,600123	-13085,702670	7,685259	231,625060	23,269373	23,834390	26,865235	23,828129	24,139002	-2,910380	1,164152	0,980479	231997,001245	-0,203248	0,000637	1,796319	0,665479	2,035178	-0,124486	-0,124484	0,000000	6,242666	0,508871	0,800744
274,200000	7,419017	7,449977	0,521951	0,093935	2,756999	-13378,914919	-10942,012722	-2985,432372	-12638,338484	-13085,441030	7,684098	231,563421	23,273853	23,833806	26,857865	23,825821	24,133105	-2,910314	1,163049	0,980555	232017,503842	-0,204307	0,000480	1,885865	0,664489	2,034448	-0,124494	-0,124486	0,000000	6,241717	0,507881	0,800622
274,400000	7,418838	7,449503	0,523895	0,093572	2,754375	-13394,118075	-10941,563689	-2985,385274	-12637,283870	-13084,386417	7,682798	231,484541	23,281745	23,836564	26,853027	23,825756	24,124361	-2,910383	1,162156	0,980360	232023,322170	-0,204268	0,000427	1,986268	0,664212	2,034686	-0,124497	-0,124487	0,000000	6,240502	0,506981	0,800466
274,600000	7,418366	7,449304	0,524825	0,094067	2,747624	-13405,829309	-10941,493781	-2985,504350	-12638,656853	-13085,759400	7,681374	231,399719	23,285005	23,838570	26,855765	23,827284	24,122400	-2,910594	1,162257	0,979539	232032,985990	-0,204157	0,000432	2,000449	0,664465	2,034989	-0,124494	-0,124487	0,000000	6,239195	0,506853	0,800299
274,800000	7,418039	7,449546	0,522792	0,094840	2,750932	-13404,909142	-10941,866196	-2985,624125	-12643,099336	-13090,201883	7,680108	231,331109	23,278368	23,838200	26,861847	23,828211	24,132916	-2,910571	1,163470	0,979325	232060,714423	-0,204446	0,000466	1,903153	0,664499	2,035042	-0,124491	-0,124483	0,000000	6,238138	0,507582	0,800163
275,000000	7,418178	7,449926	0,519021	0,094248	2,760770	-13390,171531	-10941,784878	-2985,534739	-12648,744271	-13095,846818	7,678742	231,308706	23,269435	23,837391	26,862556	23,830331	24,144186	-2,910339	1,164143	0,979954	232073,681056	-0,204483	0,000576	1,784261	0,663457	2,035191	-0,124490	-0,124480	0,000000	6,237793	0,508071	0,800119
275,200000	7,418418	7,449891	0,517823	0,093133	2,766525	-13384,502086	-10941,577506	-2985,373448	-12654,014205	-13101,116752	7,677180	231,339522	23,267076	23,836683	26,860751	23,832849	24,144375	-2,910222	1,164532	0,980451	232059,543181	-0,204183	0,000642	1,811806	0,661683	2,035132	-0,124489	-0,124481	0,000000	6,238268	0,507108	0,800180
275,400000	7,418543	7,449684	0,519896	0,093786	2,755601	-13400,006425	-10941,366228	-2985,115608	-12657,973950	-13105,076497	7,675965	231,347981	23,270880	23,836459	26,861772	23,834619	24,136991	-2,910307	1,164602	0,980214	232038,140442	-0,203337	0,000571	1,914400	0,660528	2,034676	-0,124489	-0,124485	0,000000	6,238398	0,505522	0,800197
275,600000	7,418429	7,449517	0,520423	0,095049	2,746668	-13420,297439	-10941,043938	-2984,882825	-12658,826569	-13105,929116	7,675022	231,294790	23,275313	23,837214	26,861505	23,833590	24,128733	-2,910536	1,164477	0,979735	232037,640932	-0,202841	0,000479	1,918916	0,660945	2,034605	-0,124491	-0,124489	0,000000	6,237578	0,505654	0,800091
275,800000	7,418009	7,449464	0,518820	0,094263	2,752290	-13427,513661	-10941,423120	-2984,673970	-12657,796023	-13104,898570	7,673798	231,199788	23,276692	23,838186	26,860056	23,827384	24,125460	-2,910705	1,164516	0,979493	232051,270169	-0,203070	0,000331	1,905733	0,663040	2,035557	-0,124489	-0,124488	0,000000	6,236114	0,507784	0,799904
276,000000	7,417541	7,449437	0,518444	0,092469	2,751040	-13420,552317	-10941,929158	-2984,731420	-12659,593472	-13106,696018	7,672290	231,086931	23,275702	23,837986	26,860324	23,819439	24,129929	-2,910623	1,163716	0,979367	232036,548693	-0,203245	8,739911E-5	1,933358	0,665530	2,036172	-0,124485	-0,124483	0,000000	6,234374	0,509817	0,799680
276,200000	7,417479	7,449303	0,519541	0,092368	2,743180	-13416,236196	-10942,238277	-2985,197844	-12662,621479	-13109,724026	7,670735	231,007662	23,273390	23,837603	26,860448	23,818659	24,136452	-2,910385	1,163959	0,979597	232007,218654	-0,203332	0,000287	1,916997	0,666982	2,035369	-0,124485	-0,124481	0,000000	6,233152	0,510553	0,799524
276,400000	7,417641	7,449295	0,521623	0,093249	2,746918	-13421,374368	-10942,266580	-2985,302134	-12662,281266	-13109,383813	7,669264	230,987709	23,271654	23,838536	26,858317	23,827432	24,138666	-2,910283	1,165439	0,980022	232000,161846	-0,202772	0,000852	1,908081	0,667347	2,034596	-0,124487	-0,124485	0,000000	6,232845	0,510127	0,799484
276,600000	7,417413	7,449123	0,525065	0,093730	2,759391	-13428,132181	-10941,785100	-2984,938248	-12655,042555	-13102,145102	7,668020	230,980992	23,271442	23,838748	26,858822	23,835970	24,134684	-2,910459	1,165674	0,980117	232023,061554	-0,202048	0,000995	1,933872	0,667181	2,034989	-0,124484	-0,124490	0,000000	6,232741	0,508839	0,799471
276,800000	7,417097	7,448740	0,527182	0,094773	2,762466	-13434,973191	-10941,477491	-2984,889201	-12645,796809	-13092,899356	7,666933	230,974663	23,271796	23,837372	26,861718	23,837465	24,128730	-2,910657	1,166006	0,979958	232058,998523	-0,202255	0,000724	1,931449	0,666722	2,036428	-0,124484	-0,124489	0,000000	6,232644	0,507768	0,799458
277,000000	7,417351	7,448564	0,525698	0,095662	2,757928	-13438,439490	-10941,494539	-2984,978999	-12646,704010	-13093,806557	7,665718	231,009661	23,272771	23,836453	26,862170	23,831427	24,126622	-2,910560	1,166214	0,980027	232061,752884	-0,202301	0,000561	1,909450	0,666140	2,037012	-0,124494	-0,124486	0,000000	6,233183	0,507810	0,799528
277,200000	7,417719	7,448349	0,523130	0,094499	2,767001	-13429,967124	-10941,532147	-2985,006226	-12654,925325	-13102,027871	7,664442	231,064627	23,273408	23,835351	26,862456	23,822096	24,128574	-2,910356	1,164829	0,980203	232043,143290	-0,202315	0,000657	1,927587	0,665677	2,035867	-0,124497	-0,124481	0,000000	6,234031	0,508303	0,799636
277,400000	7,417506	7,448130	0,522067	0,092595	2,773932	-13412,380980	-10941,175363	-2985,353044	-12657,018002	-13104,120549	7,663196	231,082705	23,273370	23,834705	26,860056	23,817284	24,132568	-2,910378	1,163755	0,980280	232044,019146	-0,203302	0,000810	1,995276	0,665385	2,034174	-0,124487	-0,124476	0,000000	6,234309	0,508418	0,799672
277,600000	7,416988	7,448412	0,522981	0,092148	2,757531	-13399,822435	-10941,522918	-2985,415045	-12647,640663	-13094,743210	7,661896	231,069470	23,273223	23,837311	26,855139	23,821270	24,136007	-2,910535	1,163394	0,980195	232054,197782	-0,203352	0,000732	2,018773	0,665108	2,033841	-0,124479	-0,124478	0,000000	6,234105	0,507906	0,799646
277,800000	7,416624	7,448766	0,525344	0,093031	2,748369	-13398,692046	-10942,366055	-2984,953692	-12632,143788	-13079,246335	7,660618	231,042539	23,274286	23,840629	26,853960	23,830237	24,136254	-2,910505	1,163527	0,979800	232062,560831	-0,202415	0,000494	1,995944	0,664488	2,035129	-0,124481	-0,124483	0,000000	6,233690	0,506659	0,799593
278,000000	7,416447	7,448701	0,527167	0,094024	2,756368	-13402,820332	-10942,564129	-2984,803600	-12620,425511	-13067,528058	7,659314	230,996216	23,273805	23,841310	26,857230	23,834551	24,133663	-2,910336	1,164392	0,979289	232074,381905	-0,202616	0,000351	1,980389	0,663494	2,036367	-0,124489	-0,124485	0,000000	6,232976	0,505298	0,799501
278,200000	7,416584	7,448438	0,526177	0,094286	2,757547	-13404,345347	-10942,480939	-2985,027689	-12620,663652	-13067,766198	7,657896	230,952516	23,269792	23,839482	26,863547	23,831363	24,133807	-2,910285	1,164150	0,979179	232085,234867	-0,203099	0,000352	1,991365	0,662781	2,037442	-0,124491	-0,124482	0,000000	6,232302	0,505080	0,799415
278,400000	7,416952	7,448113	0,522427	0,094171	2,755892	-13397,388931	-10941,867816	-2985,218390	-12632,951137	-13080,053684	7,656365	230,930330	23,268182	23,837743	26,868791	23,825885	24,136035	-2,910391	1,163478	0,979519	232081,093559	-0,203076	0,000557	2,058425	0,662734	2,037445	-0,124490	-0,124479	0,000000	6,231960	0,506282	0,799371
278,600000	7,416973	7,447892	0,519169	0,093858	2,759158	-13385,869451	-10940,888367	-2985,300611	-12645,849640	-13092,952187	7,654934	230,928329	23,271235	23,836653	26,867266	23,823116	24,132770	-2,910589	1,163730	0,979723	232073,815308	-0,203464	0,000833	2,112428	0,663285	2,035619	-0,124489	-0,124478	0,000000	6,231929	0,507776	0,799367
278,800000	7,416640	7,447836	0,519148	0,093307	2,763569	-13382,951346	-10941,034417	-2985,209170	-12645,405249	-13092,507796	7,653780	230,973645	23,275922	23,836370	26,856776	23,823734	24,128454	-2,910593	1,163909	0,979416	232075,889235	-0,204126	0,000796	2,078863	0,664283	2,033986	-0,124488	-0,124479	0,000000	6,232628	0,508526	0,799456
279,000000	7,416403	7,447546	0,520225	0,093087	2,761833	-13392,315641	-10941,865403	-2984,909974	-12635,384365	-13082,486912	7,652627	231,108336	23,278510	23,838970	26,847415	23,826385	24,127893	-2,910444	1,164649	0,979053	232086,854791	-0,203482	0,000514	1,976770	0,664971	2,034336	-0,124485	-0,124483	0,000000	6,234704	0,508654	0,799723
279,200000	7,416211	7,447367	0,519929	0,093141	2,748049	-13398,736129	-10941,478730	-2984,743126	-12630,565162	-13077,667708	7,651281	231,290656	23,276201	23,841387	26,849555	23,829608	24,130641	-2,910445	1,165475	0,979297	232096,623027	-0,201825	0,000318	1,849114	0,664770	2,035730	-0,124482	-0,124486	0,000000	6,237515	0,508588	0,800083
279,400000	7,416109	7,447696	0,519439	0,093324	2,743771	-13397,438094	-10941,136037	-2985,176459	-12635,176045	-13082,278592	7,649854	231,389027	23,268549	23,840457	26,858067	23,829759	24,137674	-2,910496	1,165291	0,979500	232077,545994	-0,202000	0,000302	1,768039	0,664203	2,036480	-0,124483	-0,124488	0,000000	6,239030	0,508355	0,800278
279,600000	7,416437	7,447684	0,519502	0,093857	2,754067	-13399,382034	-10942,214218	-2985,760090	-12644,590630	-13091,693176	7,648443	231,395687	23,260955	23,838013	26,863500	23,827808	24,143733	-2,910464	1,164454	0,979121	232058,021905	-0,204071	0,000519	1,763452	0,663605	2,036182	-0,124487	-0,124486	0,000000	6,239133	0,507888	0,800291
279,800000	7,416753	7,447237	0,520733	0,094091	2,752936	-13404,600177	-10942,277444	-2985,870049	-12650,423420	-13097,525967	7,647034	231,401514	23,262287	23,837057	26,862668	23,828987	24,140931	-2,910439	1,163090	0,978801	232058,153607	-0,205068	0,000891	1,783131	0,662863	2,035442	-0,124490	-0,124481	0,000000	6,239223	0,506883	0,800302
280,000000	7,416510	7,446901	0,523470	0,093587	2,745705	-13418,088534	-10941,411186	-2985,621560	-12652,756243	-13099,858790	7,645695	231,396294	23,271829	23,837761	26,861357	23,831465	24,129653	-2,910557	1,162933	0,979275	232056,746792	-0,204177	0,000996	1,770768	0,662517	2,034746	-0,124486	-0,124481	0,000000	6,239142	0,505684	0,800292
280,200000	7,415892	7,446845	0,525988	0,093875	2,753286	-13437,834827	-10942,062233	-2985,368950	-12655,355501	-13102,458047	7,644529	231,378196	23,279655	23,837910	26,860983	23,829718	24,121636	-2,910673	1,163599	0,979736	232057,558455	-0,203362	0,000680	1,771535	0,662720	2,034553	-0,124481	-0,124488	0,000000	6,238863	0,505000	0,800256
280,400000	7,415434	7,447184	0,527002	0,094774	2,766874	-13449,573341	-10943,418701	-2985,195498	-12656,789760	-13103,892307	7,643355	231,402434	23,277979	23,837090	26,859622	23,824633	24,124123	-2,910525	1,163330	0,979406	232051,234304	-0,203561	0,000358	1,868898	0,662840	2,035319	-0,124482	-0,124489	0,000000	6,239237	0,504775	0,800304
280,600000	7,415519	7,447455	0,525947	0,094061	2,765079	-13449,159128	-10943,738693	-2985,234456	-12660,921842	-13108,024389	7,641827	231,442163	23,271459	23,837137	26,860480	23,821231	24,131975	-2,910372	1,163816	0,979330	232037,299280	-0,204007	0,000284	1,942587	0,662888	2,035734	-0,124485	-0,124485	0,000000	6,239849	0,505179	0,800383
280,800000	7,415729	7,447409	0,523657	0,092686	2,756230	-13432,758861	-10943,518538	-2985,408050	-12667,252226	-13114,354773	7,640110	231,448575	23,267955	23,837835	26,861608	23,822513	24,138629	-2,910438	1,164310	0,979520	232035,139238	-0,203934	0,000428	1,915461	0,663200	2,035338	-0,124486	-0,124483	0,000000	6,239948	0,506174	0,800395
281,000000	7,415725	7,447278	0,522648	0,092580	2,763480	-13412,053838	-10942,744797	-2985,400894	-12667,642902	-13114,745448	7,638758	231,437984	23,268125	23,837085	26,859670	23,828950	24,139399	-2,910394	1,163462	0,979331	232058,896966	-0,203652	0,000636	1,920914	0,663771	2,034887	-0,124485	-0,124482	0,000000	6,239785	0,506936	0,800374
281,200000	7,415593	7,447054	0,522761	0,093216	2,765883	-13404,841812	-10940,739546	-2985,559092	-12657,180267	-13104,282813	7,637713	231,419368	23,270557	23,836829	26,857077	23,836011	24,133741	-2,910327	1,162957	0,979274	232087,211842	-0,204126	0,000743	1,988170	0,664356	2,035119	-0,124482	-0,124485	0,000000	6,239498	0,507328	0,800338
281,400000	7,415332	7,446687	0,522418	0,093664	2,746420	-13403,870507	-10939,529140	-2985,714100	-12642,326381	-13089,428928	7,636632	231,391269	23,272451	23,838017	26,856739	23,834757	24,127065	-2,910483	1,162096	0,980062	232081,728319	-0,204643	0,000726	2,052268	0,664615	2,036359	-0,124481	-0,124491	0,000000	6,239065	0,507615	0,800282
281,600000	7,415078	7,446399	0,522009	0,093917	2,741649	-13402,054194	-10939,975653	-2985,518709	-12637,283514	-13084,386060	7,635407	231,362975	23,273627	23,838008	26,858949	23,825597	24,125179	-2,910582	1,161204	0,980947	232080,920402	-0,204282	0,000710	2,071162	0,664362	2,036878	-0,124487	-0,124488	0,000000	6,238629	0,507544	0,800226
281,800000	7,414836	7,446529	0,521494	0,093695	2,753312	-13401,484405	-10940,739633	-2985,341231	-12643,587300	-13090,689846	7,634011	231,351537	23,272731	23,836843	26,862035	23,818325	24,128604	-2,910551	1,161728	0,980793	232101,010533	-0,203833	0,000770	2,032157	0,663657	2,035927	-0,124496	-0,124478	0,000000	6,238453	0,507192	0,800204
282,000000	7,414855	7,446905	0,520562	0,092902	2,752496	-13398,391323	-10941,647127	-2985,139726	-12650,278576	-13097,381123	7,632671	231,355458	23,269039	23,836393	26,861005	23,818754	24,133049	-2,910606	1,161520	0,980109	232101,329724	-0,203548	0,000711	1,980826	0,662897	2,034403	-0,124498	-0,124479	0,000000	6,238513	0,506944	0,800211
282,200000	7,415015	7,446747	0,520050	0,092772	2,750488	-13393,744026	-10942,711265	-2984,970573	-12647,689083	-13094,791630	7,631414	231,349135	23,268706	23,837460	26,855661	23,825792	24,134672	-2,910636	1,160416	0,979748	232092,670724	-0,203570	0,000595	1,949501	0,662644	2,033980	-0,124488	-0,124485	0,000000	6,238416	0,506901	0,800199
282,400000	7,414636	7,446031	0,520145	0,093515	2,756838	-13393,035021	-10943,104065	-2985,091949	-12635,374263	-13082,476809	7,630010	231,351918	23,271903	23,839678	26,853718	23,834593	24,133301	-2,910412	1,160622	0,979648	232077,813424	-0,203973	0,000699	1,892192	0,662978	2,035509	-0,124480	-0,124489	0,000000	6,238459	0,507074	0,800204
282,600000	7,414053	7,445826	0,519922	0,093845	2,762845	-13394,175874	-10942,256368	-2985,159684	-12625,804187	-13072,906734	7,628646	231,327493	23,272150	23,840167	26,858800	23,838397	24,131312	-2,910144	1,162664	0,979447	232048,860960	-0,203248	0,000858	1,840952	0,663454	2,036934	-0,124484	-0,124493	0,000000	6,238082	0,507509	0,800156
282,800000	7,413886	7,446163	0,519415	0,093424	2,761691	-13392,891306	-10940,364109	-2985,188082	-12632,965627	-13080,068174	7,627449	231,215928	23,267908	23,837411	26,864056	23,832349	24,129687	-2,910083	1,164881	0,979434	232030,230150	-0,202204	0,000764	1,902745	0,663722	2,037091	-0,124490	-0,124493	0,000000	6,236363	0,507917	0,799935
283,000000	7,414192	7,446007	0,519730	0,092840	2,750535	-13397,760458	-10939,442935	-2985,517814	-12652,897210	-13099,999757	7,626124	231,118510	23,265438	23,835614	26,863001	23,821556	24,129940	-2,910125	1,165229	0,979965	232039,113882	-0,202950	0,000606	2,016516	0,663595	2,036111	-0,124493	-0,124487	0,000000	6,234861	0,507706	0,799743
283,200000	7,414457	7,445397	0,519728	0,092508	2,747113	-13412,845484	-10939,809352	-2985,394021	-12666,033543	-13113,136090	7,624666	231,107803	23,270011	23,836257	26,856382	23,816684	24,130749	-2,910255	1,164830	0,980550	232063,501711	-0,203376	0,000699	2,090410	0,663425	2,034244	-0,124491	-0,124482	0,000000	6,234696	0,507528	0,799722
283,400000	7,414072	7,445120	0,518847	0,092425	2,754262	-13421,667407	-10940,698120	-2984,551803	-12663,042787	-13110,145334	7,623310	231,105902	23,275508	23,836597	26,849036	23,821652	24,128691	-2,910490	1,164930	0,980475	232078,226687	-0,201872	0,000805	2,087703	0,663685	2,033074	-0,124486	-0,124486	0,000000	6,234667	0,507992	0,799718
283,600000	7,413485	7,445065	0,519715	0,092624	2,750755	-13416,980155	-10942,116991	-2984,201170	-12651,032916	-13098,135463	7,621987	231,083391	23,274705	23,836381	26,848981	23,829998	24,127170	-2,910543	1,164943	0,979799	232089,979011	-0,200788	0,000635	1,975034	0,663945	2,033894	-0,124489	-0,124490	0,000000	6,234320	0,507898	0,799673
283,800000	7,413359	7,444922	0,520554	0,093164	2,744007	-13409,536149	-10942,595032	-2984,794372	-12643,529210	-13090,631757	7,620608	231,078193	23,269435	23,837590	26,857936	23,833344	24,129894	-2,910371	1,165614	0,979095	232100,988653	-0,201498	0,000444	1,857101	0,663761	2,035964	-0,124496	-0,124489	0,000000	6,234240	0,507481	0,799663
284,000000	7,413581	7,445006	0,519024	0,093562	2,752123	-13407,601776	-10942,090342	-2985,539996	-12650,273110	-13097,375657	7,619230	231,094759	23,264245	23,838671	26,867506	23,830554	24,134871	-2,910316	1,165895	0,978903	232085,391126	-0,203069	0,000498	1,871518	0,663527	2,036810	-0,124498	-0,124488	0,000000	6,234495	0,507832	0,799696
284,200000	7,413851	7,445314	0,516896	0,093701	2,763216	-13410,890248	-10941,279252	-2985,723349	-12664,373158	-13111,475705	7,617922	231,124386	23,262057	23,836130	26,867836	23,825410	24,137121	-2,910265	1,164532	0,979303	232064,264311	-0,204046	0,000693	1,923507	0,663627	2,035893	-0,124496	-0,124486	0,000000	6,234952	0,508646	0,799754
284,400000	7,413894	7,445290	0,515188	0,093850	2,756327	-13411,919412	-10940,768593	-2985,373246	-12672,553414	-13119,655961	7,616671	231,168856	23,265191	23,833839	26,860026	23,823072	24,133508	-2,910193	1,164257	0,979424	232069,680936	-0,203750	0,000830	1,894659	0,663789	2,034854	-0,124491	-0,124483	0,000000	6,235637	0,509333	0,799842
284,600000	7,413499	7,444901	0,515807	0,093977	2,742975	-13413,612387	-10941,847879	-2984,944970	-12670,262654	-13117,365201	7,615419	231,209332	23,273471	23,835400	26,852270	23,824829	24,125952	-2,910366	1,164968	0,979019	232093,852263	-0,202942	0,000688	1,877263	0,663690	2,034443	-0,124486	-0,124484	0,000000	6,236261	0,509009	0,799922
284,800000	7,413006	7,444621	0,518306	0,094106	2,748957	-13422,582829	-10942,939528	-2984,862881	-12663,380549	-13110,483096	7,614150	231,198679	23,279776	23,837222	26,849681	23,827092	24,120987	-2,910647	1,164943	0,979206	232107,341758	-0,202686	0,000461	1,881650	0,663579	2,034453	-0,124487	-0,124484	0,000000	6,236097	0,508062	0,799901
285,000000	7,412850	7,444626	0,519659	0,094334	2,754269	-13428,578976	-10942,196259	-2985,177696	-12660,474603	-13107,577149	7,612934	231,109189	23,276409	23,837300	26,852902	23,826593	24,125528	-2,910809	1,165093	0,979943	232080,442164	-0,203130	0,000511	1,827191	0,663868	2,034551	-0,124489	-0,124482	0,000000	6,234718	0,507836	0,799724
285,200000	7,413014	7,444753	0,519639	0,094122	2,739936	-13428,881255	-10941,700236	-2985,353050	-12658,197602	-13105,300149	7,611769	230,982368	23,264802	23,837324	26,858280	23,823287	24,136278	-2,910614	1,164766	0,980108	232047,136515	-0,203204	0,000579	1,802242	0,664347	2,035274	-0,124489	-0,124481	0,000000	6,232762	0,508226	0,799474
285,400000	7,413110	7,444563	0,518797	0,093241	2,742252	-13428,465401	-10941,854038	-2985,317542	-12655,621927	-13102,724474	7,610395	230,897158	23,257764	23,837584	26,861847	23,822999	24,141933	-2,910329	1,163684	0,979850	232047,775465	-0,203136	0,000449	1,854922	0,664616	2,036168	-0,124489	-0,124483	0,000000	6,231448	0,508708	0,799305
285,600000	7,412877	7,444211	0,518619	0,093261	2,762236	-13421,618198	-10940,966056	-2985,501688	-12653,970470	-13101,073017	7,608869	230,897269	23,263419	23,837323	26,858950	23,827478	24,137968	-2,910279	1,162937	0,980077	232055,699596	-0,203791	0,000450	1,848913	0,664663	2,036000	-0,124493	-0,124483	0,000000	6,231450	0,508777	0,799305
285,800000	7,412513	7,444282	0,520707	0,094736	2,762724	-13412,461692	-10940,363127	-2985,430296	-12646,679745	-13093,782291	7,607503	230,965105	23,272083	23,837374	26,853023	23,830879	24,128609	-2,910387	1,162602	0,980596	232053,673120	-0,203610	0,000631	1,800175	0,664575	2,035265	-0,124492	-0,124485	0,000000	6,232496	0,508005	0,799439
286,000000	7,412439	7,444438	0,522863	0,095467	2,754889	-13415,009938	-10941,258431	-2984,880717	-12639,890974	-13086,993520	7,606254	231,034178	23,273798	23,838069	26,851012	23,828895	24,121399	-2,910639	1,162687	0,980316	232066,585928	-0,202297	0,000589	1,823354	0,664609	2,035098	-0,124487	-0,124488	0,000000	6,233561	0,507316	0,799576
286,200000	7,412717	7,444264	0,523193	0,094342	2,756827	-13426,606511	-10942,501726	-2984,738493	-12642,837686	-13089,940232	7,604999	231,083972	23,269413	23,838178	26,852778	23,822657	24,122689	-2,910818	1,162614	0,979692	232087,133324	-0,202150	0,000294	1,821779	0,665077	2,034872	-0,124486	-0,124487	0,000000	6,234329	0,507556	0,799675
286,400000	7,412771	7,444035	0,522519	0,093536	2,761328	-13431,420221	-10942,446038	-2985,147743	-12652,828019	-13099,930566	7,603705	231,133224	23,265283	23,837611	26,854247	23,819530	24,131229	-2,910741	1,162263	0,979809	232078,520781	-0,203268	0,000199	1,755767	0,665677	2,034455	-0,124488	-0,124486	0,000000	6,235088	0,508229	0,799772
286,600000	7,412385	7,443936	0,521064	0,093819	2,760781	-13421,750368	-10941,218404	-2985,426332	-12657,230813	-13104,333360	7,602352	231,136379	23,263745	23,837073	26,853176	23,824231	24,138363	-2,910434	1,162416	0,980216	232069,308225	-0,203983	0,000428	1,750702	0,665773	2,034229	-0,124490	-0,124484	0,000000	6,235137	0,508781	0,799778
286,800000	7,411933	7,443947	0,519935	0,093694	2,750894	-13407,512547	-10941,312305	-2985,379942	-12648,332517	-13095,435064	7,601027	231,101346	23,264086	23,837068	26,850762	23,832881	24,137952	-2,910363	1,162747	0,980250	232074,145770	-0,203899	0,000535	1,779610	0,665265	2,034123	-0,124490	-0,124482	0,000000	6,234597	0,508767	0,799709
287,000000	7,411767	7,443852	0,521172	0,093753	2,748157	-13404,692389	-10941,891411	-2985,283358	-12637,904834	-13085,007381	7,599787	231,101287	23,267116	23,837811	26,848992	23,835925	24,133197	-2,910594	1,162936	0,979867	232058,072199	-0,203325	0,000469	1,770746	0,664399	2,035253	-0,124490	-0,124486	0,000000	6,234596	0,507682	0,799709
287,200000	7,411805	7,443560	0,522565	0,094624	2,757312	-13413,439414	-10941,474443	-2985,381581	-12639,006457	-13086,109004	7,598638	231,134182	23,269435	23,838017	26,852527	23,830221	24,129498	-2,910569	1,162164	0,979475	232038,848704	-0,203036	0,000502	1,783503	0,663287	2,036465	-0,124493	-0,124492	0,000000	6,235103	0,506356	0,799774
287,400000	7,411675	7,443372	0,521304	0,094779	2,756785	-13417,856455	-10941,323601	-2985,342272	-12649,158151	-13096,260698	7,597463	231,237790	23,268287	23,836735	26,858750	23,821717	24,128217	-2,910510	1,160345	0,979501	232035,197686	-0,202793	0,000577	1,856003	0,662347	2,036085	-0,124494	-0,124494	0,000000	6,236700	0,506059	0,799979
287,600000	7,411531	7,443403	0,519246	0,093587	2,751309	-13412,373266	-10941,342927	-2985,210666	-12657,302634	-13104,405180	7,596106	231,407187	23,265530	23,835462	26,859314	23,815564	24,129098	-2,910566	1,160259	0,979743	232042,112341	-0,202671	0,000767	1,930039	0,662023	2,034406	-0,124491	-0,124488	0,000000	6,239310	0,506503	0,800314
287,800000	7,411507	7,443397	0,519182	0,092457	2,757510	-13406,475285	-10941,244054	-2985,267427	-12658,057054	-13105,159601	7,594701	231,501423	23,266231	23,836880	26,851038	23,817509	24,131358	-2,910488	1,161928	0,979797	232055,680333	-0,203255	0,000943	1,891460	0,661950	2,033579	-0,124488	-0,124477	0,000000	6,240762	0,506452	0,800500
288,000000	7,411292	7,443292	0,521684	0,092576	2,764456	-13408,189636	-10941,622440	-2985,187123	-12652,473167	-13099,575714	7,593357	231,511475	23,270348	23,840466	26,844244	23,827016	24,132404	-2,910572	1,163037	0,979642	232061,865567	-0,203253	0,000791	1,755997	0,661572	2,033948	-0,124484	-0,124472	0,000000	6,240917	0,505306	0,800520
288,200000	7,411020	7,443244	0,523509	0,093869	2,755457	-13415,528085	-10942,757649	-2985,048235	-12643,274917	-13090,377464	7,591991	231,511965	23,269991	23,841773	26,849429	23,833771	24,131793	-2,910724	1,163947	0,979234	232052,621886	-0,202655	0,000433	1,730303	0,661117	2,034690	-0,124482	-0,124479	0,000000	6,240924	0,504357	0,800521
288,400000	7,411010	7,443091	0,521345	0,094859	2,744130	-13413,593578	-10942,869586	-2985,341154	-12637,399528	-13084,502075	7,590606	231,506802	23,263905	23,839757	26,858610	23,831001	24,133597	-2,910493	1,164359	0,979205	232038,141107	-0,203017	0,000239	1,848965	0,661032	2,036926	-0,124485	-0,124487	0,000000	6,240845	0,505019	0,800510
288,600000	7,411188	7,442752	0,517365	0,094600	2,752708	-13399,466225	-10940,848519	-2985,771165	-12642,170557	-13089,273104	7,589217	231,499989	23,258763	23,838412	26,861923	23,824077	24,136203	-2,910179	1,163887	0,980004	232033,229233	-0,203819	0,000383	1,936699	0,661389	2,038301	-0,124488	-0,124486	0,000000	6,240740	0,506605	0,800497
288,800000	7,411222	7,442341	0,516674	0,094120	2,758304	-13398,729105	-10939,373819	-2985,662943	-12656,092812	-13103,195359	7,587948	231,505763	23,260048	23,837303	26,858467	23,821022	24,134521	-2,910236	1,163748	0,980285	232034,929698	-0,203906	0,000610	1,941589	0,662420	2,036795	-0,124488	-0,124482	0,000000	6,240829	0,507598	0,800508
289,000000	7,410986	7,441995	0,520429	0,093976	2,742612	-13422,595491	-10940,032656	-2985,210484	-12666,936875	-13114,039421	7,586889	231,500345	23,266347	23,835660	26,851048	23,821088	24,129327	-2,910415	1,163527	0,979862	232029,209314	-0,203697	0,000692	1,941342	0,663997	2,034421	-0,124488	-0,124482	0,000000	6,240745	0,507519	0,800498
289,200000	7,410492	7,442094	0,524690	0,093947	2,741919	-13447,706894	-10940,826807	-2984,825765	-12662,105139	-13109,207686	7,585777	231,474611	23,271853	23,837912	26,844635	23,822897	24,125360	-2,910509	1,163262	0,980096	232019,169198	-0,203428	0,000687	1,949024	0,664962	2,033930	-0,124486	-0,124485	0,000000	6,240349	0,506826	0,800447
289,400000	7,409930	7,442524	0,526234	0,094000	2,757260	-13453,088593	-10941,232875	-2984,803671	-12649,841223	-13096,943769	7,584320	231,472687	23,272767	23,841097	26,846673	23,825535	24,126390	-2,910717	1,163459	0,980287	232019,513547	-0,202907	0,000706	1,939346	0,664754	2,035281	-0,124481	-0,124487	0,000000	6,240319	0,506179	0,800443
289,600000	7,409940	7,442554	0,525117	0,094050	2,757906	-13439,884913	-10941,722155	-2985,141634	-12648,119427	-13095,221974	7,582670	231,496472	23,267027	23,839865	26,856207	23,825636	24,131869	-2,910834	1,162874	0,979602	232011,653316	-0,202584	0,000673	1,907909	0,663946	2,035998	-0,124480	-0,124482	0,000000	6,240686	0,505954	0,800490
289,800000	7,410471	7,442377	0,523143	0,094349	2,756621	-13423,141501	-10941,799615	-2985,395979	-12654,975822	-13102,078368	7,581215	231,549870	23,258444	23,837213	26,863796	23,824259	24,139652	-2,910553	1,161728	0,979252	231993,305553	-0,202804	0,000416	1,871578	0,662802	2,035978	-0,124484	-0,124479	0,000000	6,241508	0,505744	0,800595
290,000000	7,410935	7,442339	0,523121	0,094435	2,762537	-13415,791612	-10941,479871	-2985,496265	-12659,631500	-13106,734047	7,579907	231,630254	23,256100	23,836119	26,865040	23,825753	24,141508	-2,910236	1,161426	0,979548	231990,625168	-0,203152	7,901692E-5	1,865682	0,661553	2,035784	-0,124489	-0,124483	0,000000	6,242746	0,504800	0,800754
290,200000	7,410979	7,441995	0,526615	0,093527	2,765753	-13421,415657	-10940,055197	-2985,467102	-12657,833839	-13104,936386	7,578501	231,668139	23,262244	23,836396	26,859604	23,828769	24,132430	-2,910263	1,162006	0,979849	231993,560873	-0,203393	0,000108	1,859752	0,660819	2,035128	-0,124490	-0,124488	0,000000	6,243330	0,503055	0,800829
290,400000	7,410491	7,441479	0,530634	0,093150	2,762650	-13436,173592	-10939,659962	-2985,130514	-12650,281388	-13097,383934	7,577171	231,632763	23,269905	23,837732	26,851793	23,826754	24,121870	-2,910460	1,163198	0,979868	231993,783127	-0,203321	0,000506	1,834332	0,660800	2,034469	-0,124487	-0,124487	0,000000	6,242785	0,501673	0,800759
290,600000	7,409867	7,441437	0,530379	0,094498	2,752767	-13439,126246	-10941,479857	-2984,834436	-12642,604758	-13089,707305	7,575971	231,592948	23,271328	23,839360	26,849064	23,821580	24,118152	-2,910577	1,164252	0,979752	231992,192515	-0,203091	0,000751	1,848058	0,661103	2,034388	-0,124486	-0,124484	0,000000	6,242172	0,501976	0,800681
290,800000	7,409581	7,441935	0,525968	0,095455	2,753728	-13418,188646	-10942,369104	-2984,912917	-12641,684253	-13088,786800	7,574743	231,561747	23,266257	23,839555	26,851356	23,819003	24,123254	-2,910526	1,164861	0,979608	231988,024351	-0,202979	0,000607	1,899223	0,661327	2,034987	-0,124486	-0,124483	0,000000	6,241691	0,503632	0,800619
291,000000	7,409715	7,442212	0,521740	0,094698	2,764833	-13398,948901	-10941,834739	-2985,227463	-12648,632215	-13095,734762	7,573633	231,438199	23,261441	23,838095	26,854699	23,819627	24,134120	-2,910428	1,164681	0,979637	231981,471948	-0,203356	0,000487	1,918390	0,661541	2,035372	-0,124487	-0,124484	0,000000	6,239788	0,505220	0,800375
291,200000	7,409786	7,441930	0,520603	0,094325	2,761580	-13398,445157	-10940,991965	-2985,573702	-12654,516713	-13101,619259	7,572461	231,312717	23,260886	23,836409	26,856570	23,825053	24,141727	-2,910397	1,163190	0,979809	231969,526574	-0,204428	0,000618	1,912337	0,662036	2,035112	-0,124488	-0,124486	0,000000	6,237854	0,505965	0,800127
291,400000	7,409602	7,441500	0,523271	0,094898	2,752262	-13401,467975	-10940,917479	-2985,636346	-12650,530712	-13097,633259	7,570882	231,331466	23,261723	23,835495	26,856359	23,833238	24,138126	-2,910366	1,163091	0,979446	231967,928887	-0,204772	0,000682	1,929435	0,662578	2,035574	-0,124484	-0,124487	0,000000	6,238143	0,505468	0,800164
291,600000	7,409504	7,441226	0,526775	0,094702	2,754676	-13401,590543	-10941,686659	-2985,173201	-12638,284227	-13085,386774	7,569290	231,402600	23,262290	23,836505	26,856735	23,834682	24,127101	-2,910418	1,164907	0,979242	231976,058391	-0,203460	0,000672	1,961521	0,662877	2,036245	-0,124482	-0,124487	0,000000	6,239239	0,504518	0,800304
291,800000	7,409358	7,441201	0,526202	0,094302	2,760280	-13400,366445	-10942,770042	-2984,677815	-12628,893174	-13075,995721	7,568204	231,408566	23,263021	23,838583	26,856969	23,824758	24,120845	-2,910578	1,165540	0,979472	231987,655529	-0,202045	0,000666	1,950672	0,663424	2,036168	-0,124482	-0,124490	0,000000	6,239331	0,505119	0,800316
292,000000	7,408981	7,441149	0,522156	0,094018	2,755785	-13394,028366	-10943,659785	-2984,766690	-12633,896847	-13080,999394	7,567225	231,348831	23,262124	23,839332	26,854380	23,813699	24,122973	-2,910549	1,165549	0,979252	232010,871707	-0,202096	0,000539	1,891778	0,664646	2,035810	-0,124488	-0,124490	0,000000	6,238411	0,507386	0,800198
292,200000	7,408684	7,440955	0,519119	0,093208	2,750449	-13387,399873	-10943,134458	-2985,259023	-12646,045998	-13093,148545	7,565872	231,320849	23,261217	23,838442	26,851120	23,812574	24,129065	-2,910410	1,165007	0,978928	232019,390646	-0,203185	0,000573	1,840539	0,665686	2,034464	-0,124491	-0,124487	0,000000	6,237980	0,509181	0,800143
292,400000	7,408718	7,440770	0,519484	0,093227	2,760904	-13386,335830	-10941,635621	-2985,701958	-12647,646738	-13094,749285	7,564368	231,384133	23,262033	23,837621	26,851796	23,820070	24,133526	-2,910484	1,163277	0,979162	232002,706447	-0,204179	0,000895	1,802483	0,665692	2,033437	-0,124484	-0,124483	0,000000	6,238955	0,509054	0,800268
292,600000	7,408853	7,440693	0,522828	0,094179	2,764948	-13399,508870	-10941,168680	-2985,497352	-12641,975125	-13089,077672	7,562954	231,453045	23,263033	23,839431	26,855940	23,830612	24,133474	-2,910628	1,163430	0,979390	231981,942478	-0,203937	0,000934	1,749568	0,665147	2,034051	-0,124481	-0,124481	0,000000	6,240017	0,507519	0,800404
292,800000	7,408700	7,440768	0,526610	0,094750	2,748124	-13424,087536	-10942,022550	-2984,837683	-12639,698761	-13086,801307	7,561615	231,474596	23,262388	23,840874	26,860268	23,836608	24,131608	-2,910639	1,164838	0,979230	231967,150562	-0,202882	0,000568	1,722980	0,664808	2,035921	-0,124484	-0,124485	0,000000	6,240349	0,506013	0,800447
293,000000	7,408390	7,440694	0,528119	0,094757	2,748713	-13438,184229	-10941,483529	-2984,804810	-12644,404244	-13091,506791	7,560227	231,470309	23,259715	23,837260	26,862390	23,833199	24,129249	-2,910509	1,165454	0,979234	231960,271613	-0,203029	0,000300	1,810602	0,665004	2,037330	-0,124485	-0,124486	0,000000	6,240283	0,505667	0,800438
293,200000	7,408479	7,440367	0,526688	0,094401	2,766937	-13434,391340	-10939,613844	-2985,275521	-12655,809330	-13102,911877	7,558856	231,356880	23,258336	23,834338	26,859911	23,824164	24,128292	-2,910345	1,166372	0,979333	231954,365051	-0,204104	0,000283	1,914182	0,665393	2,036720	-0,124486	-0,124484	0,000000	6,238535	0,506419	0,800214
293,400000	7,408669	7,439947	0,524824	0,094309	2,767043	-13421,928056	-10938,441877	-2985,515892	-12663,234311	-13110,336858	7,557580	231,134948	23,261160	23,836482	26,854458	23,818367	24,130261	-2,910414	1,166497	0,979627	231957,764035	-0,204438	0,000529	1,908815	0,665522	2,034895	-0,124485	-0,124480	0,000000	6,235115	0,507098	0,799775
293,600000	7,408355	7,439527	0,525600	0,094569	2,760205	-13417,059556	-10938,941970	-2985,361033	-12660,323610	-13107,426157	7,556286	230,980685	23,266967	23,838952	26,849100	23,821172	24,129652	-2,910712	1,165435	0,980058	231965,104817	-0,204019	0,000875	1,884920	0,665384	2,032897	-0,124481	-0,124475	0,000000	6,232736	0,506696	0,799470
293,800000	7,407950	7,439479	0,527891	0,094631	2,762845	-13423,661046	-10941,134832	-2984,926911	-12648,593132	-13095,695679	7,554983	230,933843	23,268348	23,839206	26,846298	23,826648	24,126826	-2,910795	1,164683	0,979845	231961,742316	-0,203497	0,000923	1,893002	0,665210	2,033303	-0,124481	-0,124476	0,000000	6,232014	0,505796	0,799378
294,000000	7,407836	7,439855	0,529207	0,094357	2,766197	-13427,123309	-10942,811200	-2984,607578	-12638,632802	-13085,735349	7,553649	230,916642	23,263178	23,839546	26,847610	23,829322	24,128335	-2,910482	1,165006	0,979386	231946,823612	-0,203484	0,000807	1,896115	0,664990	2,035952	-0,124486	-0,124481	0,000000	6,231749	0,505217	0,799344
294,200000	7,407958	7,440085	0,527352	0,094108	2,763419	-13419,532140	-10942,822139	-2984,794310	-12640,488139	-13087,590686	7,552260	230,891185	23,259374	23,839371	26,854622	23,829280	24,132041	-2,910234	1,165906	0,979486	231933,054311	-0,203749	0,000765	1,892988	0,664405	2,037503	-0,124490	-0,124484	0,000000	6,231356	0,505412	0,799293
294,400000	7,408440	7,440010	0,522377	0,094132	2,756260	-13399,455801	-10941,702046	-2985,422817	-12643,802357	-13090,904903	7,551012	230,858603	23,257111	23,835949	26,863283	23,826496	24,133523	-2,910291	1,164921	0,979550	231944,864405	-0,204122	0,000703	1,883926	0,663780	2,036775	-0,124487	-0,124483	0,000000	6,230854	0,506604	0,799229
294,600000	7,408718	7,439804	0,520161	0,094022	2,758567	-13378,973943	-10940,469169	-2985,754807	-12641,322907	-13088,425454	7,549891	230,854568	23,255226	23,832801	26,862464	23,824080	24,133489	-2,910284	1,163336	0,979154	231965,182293	-0,204720	0,000574	1,864199	0,663484	2,035025	-0,124486	-0,124483	0,000000	6,230792	0,507108	0,799221
294,800000	7,408000	7,439502	0,523251	0,093927	2,762114	-13380,813617	-10940,734606	-2985,238451	-12635,782345	-13082,884891	7,548655	230,874011	23,259267	23,834175	26,854012	23,824346	24,129623	-2,910224	1,163833	0,978896	231966,427383	-0,204148	0,000422	1,852336	0,663098	2,033944	-0,124488	-0,124484	0,000000	6,231091	0,505750	0,799259
295,000000	7,406930	7,439341	0,526087	0,093970	2,749912	-13400,248135	-10942,309831	-2984,504649	-12629,508685	-13076,611231	7,547284	230,891513	23,267120	23,838478	26,849762	23,825388	24,121598	-2,910503	1,164736	0,979089	231966,012521	-0,202599	0,000372	1,844283	0,662315	2,034076	-0,124489	-0,124481	0,000000	6,231361	0,504189	0,799294
295,200000	7,406508	7,439399	0,524888	0,094006	2,743016	-13408,678575	-10943,308346	-2984,652551	-12630,715329	-13077,817876	7,545904	230,910260	23,269107	23,840776	26,852287	23,823028	24,119237	-2,910879	1,165404	0,979616	231984,548560	-0,202329	0,000441	1,823537	0,661682	2,034895	-0,124486	-0,124478	0,000000	6,231650	0,504107	0,799331
295,400000	7,406795	7,439421	0,521320	0,094003	2,756410	-13399,323607	-10943,162299	-2985,399263	-12641,033647	-13088,136194	7,544582	230,918001	23,262155	23,838703	26,857066	23,819427	24,127882	-2,910809	1,165488	0,979642	232001,271585	-0,203210	0,000454	1,785461	0,661699	2,035392	-0,124481	-0,124481	0,000000	6,231770	0,505316	0,799346
295,600000	7,407244	7,439249	0,519151	0,093448	2,767396	-13391,971785	-10942,591451	-2985,814438	-12649,609965	-13096,712512	7,543292	230,968521	23,255223	23,836228	26,860669	23,821678	24,137608	-2,910530	1,164475	0,979036	231998,641662	-0,204013	0,000371	1,760388	0,662187	2,035450	-0,124480	-0,124487	0,000000	6,232549	0,506411	0,799446
295,800000	7,407368	7,438932	0,520107	0,093101	2,757747	-13396,504982	-10942,126692	-2985,705962	-12650,050952	-13097,153499	7,542025	231,072348	23,255597	23,836433	26,860916	23,826636	24,137438	-2,910387	1,164272	0,978962	231983,359729	-0,204437	0,000411	1,797150	0,663029	2,035066	-0,124482	-0,124489	0,000000	6,234150	0,506717	0,799652
296,000000	7,407028	7,438675	0,521047	0,093890	2,746179	-13401,217232	-10941,689098	-2985,167270	-12646,212182	-13093,314729	7,540697	231,129914	23,261047	23,837736	26,856772	23,829878	24,129011	-2,910316	1,164486	0,979263	231954,934433	-0,204051	0,000495	1,852445	0,663835	2,034720	-0,124485	-0,124485	0,000000	6,235037	0,506994	0,799765
296,200000	7,406386	7,438710	0,520142	0,094764	2,753981	-13395,828617	-10941,787702	-2984,676668	-12644,329431	-13091,431978	7,539211	231,132068	23,265641	23,838141	26,854018	23,830231	24,119110	-2,910322	1,164272	0,979335	231928,705199	-0,203208	0,000444	1,887174	0,663631	2,034854	-0,124492	-0,124482	0,000000	6,235070	0,507137	0,799770
296,400000	7,406024	7,438983	0,518881	0,094416	2,758008	-13388,637422	-10942,969666	-2984,700474	-12648,373717	-13095,476264	7,537892	231,106384	23,265499	23,837719	26,857486	23,825137	24,115605	-2,910446	1,164439	0,979240	231929,669131	-0,202846	0,000366	1,901753	0,662475	2,035080	-0,124495	-0,124485	0,000000	6,234674	0,506697	0,799719
296,600000	7,406157	7,438916	0,519467	0,093777	2,742831	-13395,831551	-10943,385364	-2985,204340	-12656,108172	-13103,210719	7,536771	231,079289	23,262459	23,837472	26,859725	23,817736	24,122194	-2,910575	1,163275	0,978756	231931,010885	-0,203582	0,000346	1,889131	0,661484	2,035174	-0,124493	-0,124487	0,000000	6,234257	0,505744	0,799665
296,800000	7,406394	7,438459	0,522164	0,094401	2,743104	-13420,097421	-10942,368499	-2985,599570	-12660,681675	-13107,784221	7,535470	231,146968	23,258779	23,837074	26,857058	23,817132	24,131600	-2,910446	1,161726	0,978329	231915,705077	-0,204409	0,000537	1,918672	0,660899	2,034700	-0,124488	-0,124483	0,000000	6,235300	0,504370	0,799799
297,000000	7,406369	7,438175	0,523457	0,094748	2,759699	-13438,384632	-10942,293238	-2985,401656	-12660,006915	-13107,109462	7,534111	231,298006	23,257369	23,837340	26,853530	23,825734	24,135070	-2,910294	1,162316	0,978537	231914,884614	-0,203827	0,000803	1,970075	0,660444	2,034539	-0,124483	-0,124483	0,000000	6,237628	0,503571	0,800098
297,200000	7,406086	7,437937	0,522432	0,093793	2,760792	-13432,979110	-10942,273549	-2985,072811	-12657,691051	-13104,793598	7,532728	231,395123	23,260872	23,838017	26,851747	23,833666	24,129784	-2,910343	1,161990	0,978691	231926,794456	-0,203406	0,000678	1,952780	0,660223	2,035430	-0,124480	-0,124485	0,000000	6,239124	0,503724	0,800290
297,400000	7,405922	7,437637	0,521326	0,093665	2,757165	-13420,088880	-10941,143476	-2985,108146	-12658,750270	-13105,852817	7,531268	231,427084	23,265278	23,837707	26,854070	23,834178	24,122869	-2,910383	1,160449	0,978371	231932,561354	-0,204196	0,000305	1,889902	0,660272	2,036303	-0,124483	-0,124487	0,000000	6,239617	0,504114	0,800353
297,600000	7,405770	7,437654	0,520604	0,094755	2,761664	-13419,742665	-10940,488212	-2985,560791	-12666,172400	-13113,274947	7,529907	231,443208	23,266171	23,837623	26,856455	23,827195	24,121707	-2,910416	1,160532	0,978481	231931,701342	-0,204778	0,000240	1,792086	0,660601	2,036133	-0,124490	-0,124486	0,000000	6,239865	0,504610	0,800385
297,800000	7,405468	7,437884	0,519160	0,094739	2,764265	-13428,007600	-10940,158337	-2985,985121	-12677,043631	-13124,146178	7,528540	231,421689	23,264208	23,836329	26,856181	23,818308	24,124382	-2,910479	1,161333	0,979274	231932,646709	-0,204792	0,000482	1,693372	0,661372	2,034969	-0,124491	-0,124483	0,000000	6,239534	0,505695	0,800342
298,000000	7,405398	7,437793	0,517891	0,093465	2,758037	-13427,340918	-10940,060816	-2985,688986	-12682,251537	-13129,354084	7,527140	231,388102	23,264407	23,834341	26,852569	23,817094	24,126739	-2,910548	1,162138	0,980151	231939,532355	-0,204047	0,000686	1,678275	0,662424	2,033768	-0,124486	-0,124482	0,000000	6,239016	0,506915	0,800276
298,200000	7,405487	7,437380	0,518903	0,093091	2,744877	-13421,348121	-10940,892203	-2985,053004	-12676,812236	-13123,914783	7,525906	231,393942	23,268055	23,836587	26,847242	23,823579	24,127251	-2,910682	1,162552	0,980400	231955,663490	-0,202801	0,000671	1,780514	0,663487	2,033358	-0,124481	-0,124484	0,000000	6,239106	0,507352	0,800287
298,400000	7,405407	7,437299	0,520295	0,094432	2,744630	-13423,824662	-10941,863825	-2984,733068	-12666,864471	-13113,967018	7,524736	231,417996	23,269196	23,840542	26,848160	23,830404	24,127919	-2,910866	1,162330	0,979736	231981,341646	-0,201970	0,000521	1,887732	0,664385	2,034204	-0,124479	-0,124488	0,000000	6,239477	0,507563	0,800335
298,600000	7,405258	7,437628	0,520074	0,095989	2,755870	-13427,421643	-10942,199976	-2984,643347	-12660,171002	-13107,273548	7,523402	231,417734	23,264303	23,840445	26,854416	23,831884	24,128375	-2,910712	1,162002	0,979215	231998,168514	-0,201996	0,000521	1,841444	0,664966	2,035997	-0,124482	-0,124489	0,000000	6,239473	0,508111	0,800334
298,800000	7,405348	7,437683	0,519413	0,096137	2,754347	-13428,254999	-10942,685503	-2985,068993	-12662,804658	-13109,907205	7,521973	231,421520	23,258036	23,837761	26,860404	23,828230	24,128336	-2,910266	1,160684	0,979235	232000,795648	-0,203342	0,000563	1,660513	0,665367	2,037009	-0,124489	-0,124489	0,000000	6,239531	0,508658	0,800342
299,000000	7,405478	7,437399	0,518068	0,095514	2,749844	-13426,260040	-10942,986010	-2985,666834	-12669,666165	-13116,768712	7,520583	231,462392	23,256681	23,836010	26,861133	23,823148	24,129038	-2,910183	1,159612	0,979526	232012,959265	-0,204751	0,000521	1,549138	0,665558	2,036128	-0,124492	-0,124489	0,000000	6,240161	0,509242	0,800423
299,200000	7,405191	7,437082	0,516932	0,094846	2,759318	-13417,141152	-10941,848222	-2985,569548	-12668,782206	-13115,884753	7,519323	231,506839	23,260703	23,834942	26,852927	23,820469	24,127086	-2,910454	1,159152	0,980053	232030,023839	-0,204973	0,000524	1,656393	0,665461	2,034153	-0,124487	-0,124488	0,000000	6,240845	0,509518	0,800510
299,400000	7,404778	7,436877	0,518797	0,094241	2,764982	-13415,455639	-10940,382433	-2985,152775	-12659,712417	-13106,814964	7,518197	231,545407	23,267684	23,836005	26,841281	23,821965	24,123964	-2,910667	1,158041	0,980278	232020,526951	-0,204594	0,000644	1,829925	0,665315	2,032876	-0,124482	-0,124484	0,000000	6,241439	0,508745	0,800587
299,600000	7,404633	7,437003	0,521174	0,093839	2,751548	-13424,787084	-10940,334590	-2984,985915	-12646,794540	-13093,897087	7,516943	231,594461	23,271635	23,839955	26,837725	23,823601	24,123660	-2,910772	1,159271	0,980305	231980,970904	-0,203732	0,000915	1,862931	0,665172	2,033657	-0,124480	-0,124481	0,000000	6,242195	0,507836	0,800684
299,800000	7,404595	7,437278	0,519857	0,093655	2,740743	-13423,759497	-10941,117862	-2985,060943	-12640,165238	-13087,267784	7,515519	231,610318	23,267068	23,841416	26,846806	23,823764	24,127484	-2,910644	1,161528	0,980214	231936,586939	-0,203027	0,000989	1,780157	0,664952	2,035383	-0,124482	-0,124483	0,000000	6,242439	0,508137	0,800715
300,000000	7,404607	7,437456	0,515817	0,094383	2,750138	-13408,285951	-10940,786941	-2985,113246	-12646,483302	-13093,585849	7,514094	231,551849	23,257435	23,838325	26,858314	23,823852	24,134750	-2,910174	1,161425	0,979716	231910,963219	-0,203098	0,000838	1,708731	0,664565	2,036248	-0,124489	-0,124486	0,000000	6,241539	0,509232	0,800599
300,200000	7,404784	7,437475	0,512981	0,095292	2,754440	-13394,102852	-10939,875155	-2985,161030	-12657,187865	-13104,290412	7,512738	231,447465	23,251921	23,835057	26,860660	23,823855	24,137549	-2,909973	1,162068	0,979245	231910,297766	-0,203642	0,000785	1,691369	0,663724	2,035740	-0,124492	-0,124486	0,000000	6,239931	0,509552	0,800393
300,400000	7,404896	7,437061	0,514595	0,094909	2,738445	-13397,068666	-10940,917369	-2985,283037	-12660,560408	-13107,662954	7,511463	231,296803	23,256313	23,834545	26,854237	23,824492	24,131852	-2,910287	1,162902	0,978937	231936,422222	-0,204031	0,000601	1,714011	0,662705	2,034744	-0,124490	-0,124485	0,000000	6,237609	0,508192	0,800095
300,600000	7,404657	7,436369	0,518373	0,094414	2,735628	-13417,473689	-10942,479684	-2985,037785	-12653,566560	-13100,669107	7,510271	231,119887	23,265145	23,835938	26,849806	23,824342	24,122127	-2,910565	1,162181	0,978980	231961,600032	-0,203177	0,000307	1,753300	0,662221	2,034259	-0,124486	-0,124491	0,000000	6,234882	0,506505	0,799746
