LabVIEW Measurement	
Writer_Version	2
Reader_Version	2
Separator	Tab
Decimal_Separator	,
Multi_Headings	No
X_Columns	One
Time_Pref	Absolute
Operator	Pos-Oscar
Date	2025/02/26
Time	09:43:48,8843672790585499276
***End_of_Header***	
	
Channels	30																														
Samples	1	1	1	1	1	1	1	1	1	1	1	1	1	1	1	1	1	1	1	1	1	1	1	1	1	1	1	1	1	1	
Date	2025/02/26	2025/02/26	2025/02/26	2025/02/26	2025/02/26	2025/02/26	2025/02/26	2025/02/26	2025/02/26	2025/02/26	2025/02/26	2025/02/26	2025/02/26	2025/02/26	2025/02/26	2025/02/26	2025/02/26	2025/02/26	2025/02/26	2025/02/26	2025/02/26	2025/02/26	2025/02/26	2025/02/26	2025/02/26	2025/02/26	2025/02/26	2025/02/26	2025/02/26	2025/02/26	
Time	14:30:45,684554399690241486	14:30:45,6845606369903543295	14:30:45,6843797536572673621	14:30:45,6844109403906622233	14:30:45,6844421273568877282	14:30:45,6844857886905082764	14:30:45,6844546019571134152	14:30:45,6844795513903954329	14:30:45,6844296525238313975	14:30:45,6844857886905082764	14:30:45,6844608392572262587	14:30:45,6844546019571134152	14:30:45,6844733140902825894	14:30:45,6845045008236774506	14:30:45,6845356875570723118	14:30:45,6844670765573391022	14:30:45,684367279057041675	14:30:45,6843735163571545185	14:30:45,6844857886905082764	14:30:45,684367279057041675	14:30:45,6843735163571545185	14:30:45,6843797536572673621	14:30:45,6843797536572673621	14:30:45,6843859909573802056	14:30:45,6843922284903236927	14:30:45,6843984657904365363	14:30:45,6844296525238313975	14:30:45,684435889823944241	14:30:45,684435889823944241	14:30:45,684435889823944241	
Y_Unit_Label	Volts	Volts	Volts	Volts	Volts	Volts	Volts	Volts	Volts	Volts	Volts	Volts	Volts	Volts	Volts	Volts	Volts	Volts	Volts	Volts	Volts	Volts	Volts	Volts	Volts	Volts	Volts	Volts	Volts	Volts	
X_Dimension	Time	Time	Time	Time	Time	Time	Time	Time	Time	Time	Time	Time	Time	Time	Time	Time	Time	Time	Time	Time	Time	Time	Time	Time	Time	Time	Time	Time	Time	Time	
X0	0,0000000000000000E+0	0,0000000000000000E+0	0,0000000000000000E+0	0,0000000000000000E+0	0,0000000000000000E+0	0,0000000000000000E+0	0,0000000000000000E+0	0,0000000000000000E+0	0,0000000000000000E+0	0,0000000000000000E+0	0,0000000000000000E+0	0,0000000000000000E+0	0,0000000000000000E+0	0,0000000000000000E+0	0,0000000000000000E+0	0,0000000000000000E+0	0,0000000000000000E+0	0,0000000000000000E+0	0,0000000000000000E+0	0,0000000000000000E+0	0,0000000000000000E+0	0,0000000000000000E+0	0,0000000000000000E+0	0,0000000000000000E+0	0,0000000000000000E+0	0,0000000000000000E+0	0,0000000000000000E+0	0,0000000000000000E+0	0,0000000000000000E+0	0,0000000000000000E+0	
Delta_X	0,200000	0,200000	0,200000	0,200000	0,200000	0,200000	0,200000	0,200000	0,200000	0,200000	0,200000	0,200000	0,200000	0,200000	0,200000	0,200000	0,200000	0,200000	0,200000	0,200000	0,200000	0,200000	0,200000	0,200000	0,200000	0,200000	0,200000	0,200000	0,200000	0,200000	
***End_of_Header***																															
X_Value	PIT-A-0101	PIT-A-0301	PIT-M-0101	PIT-O-0301	PIT-W-0301	PDT-M-0101-40kPa	PDT-M-0101B-10kPa	PDT-M-0101C-3kPa	PIT-A-AUX	Model Pressure Drop	TIT-A-0101	TIT-A-0301	TIT-M-0101	TIT-O-0301	TIT-W-0301	LV-O-0X01	LV-W-0X01	LV-M-0X01	Densitometro	FT-A-0301	FT-A-0302	FT-A-0303	FT-A-0303 1	FT-O-0301	FT-O-0302	FT-O-0303	FT-W-0301	FT-W-0302	J Ar	J Água	Comment
0,000000	7,841109	7,872005	1,141126	0,161426	1,959660	-1322,630629	3396,790066	-1450,922383	8,173523	955,296305	30,388708	29,434164	30,659592	29,676323	29,795419	-2,905440	1,033063	0,855868	164135,470728	-0,183569	7,064628	-0,018666	0,000000	2,044084	-0,124361	-0,124355	13,974397	0,053745	4,003683	1,799383
0,200000	7,841074	7,871977	1,138066	0,161330	1,960180	-1303,537456	3396,759579	-1447,387453	8,171821	957,099090	30,387397	29,433269	30,660073	29,670016	29,799038	-2,905383	1,032493	0,855885	164091,652156	-0,183048	7,065800	-0,018563	0,000000	2,043248	-0,124357	-0,124353	13,989636	0,053627	4,010087	1,801323
0,400000	7,841322	7,871989	1,138917	0,161742	1,955231	-1269,268980	3396,781314	-1427,404686	8,169727	959,680674	30,385736	29,432391	30,664606	29,665640	29,806046	-2,905276	1,030472	0,856021	164092,472225	-0,183069	7,066670	-0,018999	0,000000	2,042688	-0,124355	-0,124350	14,011490	0,053406	4,009062	1,804098
0,600000	7,841433	7,871864	1,141935	0,161319	1,949516	-1257,624260	3396,846010	-1414,489508	8,167333	962,070705	30,386467	29,431885	30,665862	29,668453	29,809291	-2,905370	1,029875	0,855983	164183,877199	-0,182960	7,067479	-0,019279	0,000000	2,042728	-0,124353	-0,124355	14,031416	0,053485	4,003835	1,806664
0,800000	7,841196	7,871439	1,140373	0,161204	1,949349	-1279,223517	3396,880308	-1418,597855	8,165034	962,502462	30,388367	29,433952	30,663252	29,675365	29,807260	-2,905448	1,032071	0,855851	164264,542544	-0,182768	7,068499	-0,019190	0,000000	2,043073	-0,124353	-0,124365	14,034500	0,054013	4,007082	1,807127
1,000000	7,840989	7,871080	1,133568	0,162259	1,950328	-1289,932311	3396,922469	-1425,925885	8,163227	960,435548	30,388897	29,436962	30,661785	29,677737	29,804092	-2,905256	1,033947	0,855832	164294,346490	-0,182837	7,069466	-0,019109	0,000000	2,043798	-0,124356	-0,124367	14,016903	0,054314	4,020197	1,804909
1,200000	7,840890	7,871130	1,131179	0,162712	1,949382	-1271,925992	3396,902904	-1420,982888	8,161705	958,713043	30,386467	29,437329	30,666580	29,672899	29,802779	-2,905090	1,032237	0,855977	164309,379086	-0,182837	7,070396	-0,019066	0,000000	2,044459	-0,124361	-0,124364	14,002379	0,054411	4,025316	1,803058
1,400000	7,840836	7,871327	1,137513	0,162295	1,947742	-1252,575485	3396,726524	-1403,055784	8,159858	958,508527	30,382141	29,433354	30,670627	29,666958	29,802517	-2,905127	1,029989	0,855992	164277,889380	-0,182750	7,071489	-0,018869	0,000000	2,043850	-0,124365	-0,124363	14,000458	0,054619	4,014198	1,802838
1,600000	7,840999	7,871177	1,142355	0,162119	1,947774	-1242,204148	3396,719872	-1381,710508	8,157606	959,644929	30,380153	29,429565	30,666344	29,665039	29,803121	-2,905150	1,030361	0,855966	164210,365739	-0,182492	7,072560	-0,018810	0,000000	2,042301	-0,124367	-0,124362	14,010009	0,054587	4,005654	1,804060
1,800000	7,841155	7,870698	1,136965	0,162069	1,947881	-1237,959584	3396,912090	-1373,324394	8,155549	960,981162	30,383601	29,428980	30,661714	29,666910	29,804992	-2,905257	1,032517	0,856281	164211,458532	-0,182204	7,073560	-0,019083	0,000000	2,041699	-0,124362	-0,124360	14,021332	0,054452	4,016060	1,805495
2,000000	7,840948	7,870472	1,128705	0,162064	1,947240	-1233,980761	3397,046197	-1382,920534	8,153876	960,372045	30,389258	29,430727	30,659684	29,671529	29,805160	-2,905624	1,033748	0,856779	164267,942488	-0,182618	7,074429	-0,019164	0,000000	2,042399	-0,124352	-0,124359	14,016229	0,054456	4,031995	1,804840
2,200000	7,840529	7,870632	1,127768	0,162100	1,949833	-1240,444415	3397,075408	-1399,672396	8,152163	958,985935	30,390381	29,434632	30,656639	29,676200	29,802536	-2,905677	1,033228	0,856420	164284,141704	-0,183927	7,075198	-0,018886	0,000000	2,043131	-0,124349	-0,124356	14,004709	0,054368	4,034189	1,803351
2,400000	7,840072	7,870876	1,130760	0,162129	1,953317	-1276,541041	3396,953797	-1422,231145	8,150223	957,705143	30,386951	29,436888	30,657010	29,676910	29,802835	-2,905211	1,032757	0,855418	164263,537729	-0,184042	7,076092	-0,018715	0,000000	2,043509	-0,124355	-0,124354	13,994034	0,054310	4,029115	1,801975
2,600000	7,839681	7,870699	1,132550	0,162224	1,953725	-1318,814858	3396,755971	-1443,453595	8,148049	955,752595	30,383269	29,435814	30,663667	29,673514	29,806687	-2,905056	1,032846	0,855062	164253,710298	-0,182753	7,076865	-0,018841	0,000000	2,043266	-0,124360	-0,124356	13,977510	0,054460	4,026193	1,799875
2,800000	7,839801	7,870155	1,136252	0,161957	1,952927	-1328,082194	3396,675822	-1449,408409	8,145929	955,287107	30,382471	29,433794	30,665773	29,669629	29,807224	-2,905331	1,033175	0,855160	164258,862904	-0,182900	7,077492	-0,018957	0,000000	2,042503	-0,124359	-0,124360	13,973495	0,054570	4,019377	1,799374
3,000000	7,840131	7,869892	1,138246	0,161326	1,954242	-1304,013932	3396,807951	-1433,150235	8,144147	957,279643	30,386133	29,433094	30,659851	29,668473	29,803252	-2,905558	1,033418	0,855328	164259,467690	-0,183774	7,078393	-0,018970	0,000000	2,042411	-0,124356	-0,124362	13,990081	0,054696	4,015949	1,801517
3,200000	7,839915	7,869921	1,133596	0,161236	1,956058	-1259,338225	3397,021475	-1402,263781	8,142355	958,995868	30,390417	29,435609	30,657872	29,670256	29,797770	-2,905618	1,034032	0,855499	164263,583481	-0,183108	7,079551	-0,018962	0,000000	2,042755	-0,124356	-0,124364	14,004413	0,054746	4,025319	1,803362
3,400000	7,839442	7,870060	1,129195	0,161702	1,953739	-1202,951765	3397,086557	-1370,875807	8,140358	959,195094	30,390035	29,437416	30,660945	29,671955	29,795664	-2,905515	1,035189	0,855436	164275,539833	-0,181818	7,080753	-0,018900	0,000000	2,042985	-0,124355	-0,124367	14,006462	0,054367	4,034408	1,803576
3,600000	7,839330	7,870117	1,127212	0,162096	1,949076	-1166,872204	3396,898064	-1341,367861	8,138434	959,796343	30,385014	29,434581	30,663000	29,671235	29,799723	-2,905380	1,035708	0,855426	164271,860127	-0,181643	7,081731	-0,018943	0,000000	2,043339	-0,124357	-0,124369	14,011830	0,054035	4,038821	1,804222
3,800000	7,839642	7,869851	1,125828	0,162121	1,945704	-1163,608248	3396,688984	-1326,161355	8,136394	961,762230	30,380838	29,432451	30,664605	29,669098	29,807168	-2,905412	1,034982	0,855536	164278,513807	-0,182468	7,082305	-0,019002	0,000000	2,043547	-0,124360	-0,124362	14,028246	0,054074	4,041709	1,806333
4,000000	7,839870	7,869397	1,126687	0,161383	1,943799	-1193,269357	3396,760723	-1340,652233	8,134028	963,279338	30,381788	29,434189	30,664902	29,669888	29,810252	-2,905505	1,033361	0,855618	164342,454273	-0,183327	7,082793	-0,018969	0,000000	2,043417	-0,124362	-0,124353	14,040679	0,054330	4,040125	1,807961
4,200000	7,839615	7,868986	1,132431	0,161036	1,942398	-1251,859664	3396,951832	-1371,408582	8,132030	962,599997	30,385960	29,435503	30,662749	29,674633	29,804959	-2,905543	1,031839	0,855658	164429,265784	-0,183925	7,083584	-0,019085	0,000000	2,043438	-0,124360	-0,124353	14,034641	0,054687	4,029453	1,807232
4,400000	7,839013	7,868792	1,136815	0,162137	1,944259	-1297,565642	3397,021050	-1395,648500	8,130669	960,257457	30,389022	29,434507	30,661297	29,676140	29,798789	-2,905634	1,030336	0,855684	164475,829055	-0,183821	7,084758	-0,019254	0,000000	2,043660	-0,124358	-0,124358	14,015141	0,054584	4,021754	1,804717
4,600000	7,838507	7,868940	1,134209	0,163060	1,948386	-1306,856857	3396,985967	-1408,504862	8,128990	958,596824	30,389372	29,434264	30,662643	29,671582	29,796356	-2,905652	1,027484	0,855569	164491,090790	-0,182617	7,085991	-0,019245	0,000000	2,043797	-0,124362	-0,124358	14,001700	0,054116	4,027456	1,802933
4,800000	7,838556	7,869117	1,128843	0,162326	1,948260	-1295,591552	3396,966042	-1419,100419	8,126723	958,430547	30,388346	29,435433	30,665568	29,666042	29,798942	-2,905573	1,023915	0,855509	164485,135833	-0,181972	7,086922	-0,019106	0,000000	2,043468	-0,124365	-0,124353	14,000552	0,053871	4,038250	1,802755
5,000000	7,838888	7,868899	1,126628	0,161538	1,945332	-1282,159089	3397,012461	-1424,979760	8,124523	958,683982	30,386053	29,434991	30,666947	29,664012	29,805792	-2,905475	1,023427	0,855599	164444,422544	-0,182850	7,087717	-0,019024	0,000000	2,042599	-0,124359	-0,124352	14,002760	0,053787	4,042835	1,803027
5,200000	7,838883	7,868592	1,131582	0,162162	1,943812	-1285,366429	3396,979307	-1424,331109	8,122458	959,708240	30,383562	29,433645	30,665252	29,667408	29,809006	-2,905423	1,025783	0,855420	164415,823858	-0,183782	7,088607	-0,019097	0,000000	2,042572	-0,124353	-0,124353	14,011218	0,053909	4,033796	1,804128
5,400000	7,838656	7,868656	1,137550	0,162775	1,944384	-1311,963273	3396,840741	-1428,966837	8,120544	960,956062	30,383941	29,433448	30,661107	29,674433	29,805608	-2,905500	1,026748	0,855659	164393,266594	-0,184116	7,089555	-0,019128	0,000000	2,043955	-0,124351	-0,124355	14,021328	0,054246	4,023043	1,805468
5,600000	7,838538	7,868847	1,139866	0,162681	1,944559	-1348,401101	3396,763278	-1440,920577	8,118836	960,349576	30,385369	29,434020	30,657788	29,677510	29,801804	-2,905485	1,025927	0,856383	164325,175771	-0,183338	7,090343	-0,018963	0,000000	2,044951	-0,124351	-0,124360	14,015991	0,054506	4,019167	1,804816
5,800000	7,838447	7,868763	1,139447	0,162545	1,944443	-1377,053408	3396,861555	-1460,374376	8,116946	959,894256	30,385642	29,434650	30,658920	29,672729	29,802161	-2,905242	1,025464	0,856362	164256,805107	-0,182211	7,091020	-0,018882	0,000000	2,044446	-0,124355	-0,124362	14,012039	0,054646	4,020307	1,804327
6,000000	7,838306	7,868441	1,135739	0,162174	1,947088	-1384,912226	3396,984326	-1486,443230	8,114871	961,598233	30,385223	29,434058	30,662903	29,666687	29,803910	-2,905117	1,027886	0,855914	164230,115437	-0,182462	7,091855	-0,018968	0,000000	2,043658	-0,124364	-0,124358	14,026458	0,054490	4,027680	1,806157
6,200000	7,838048	7,867981	1,130149	0,161762	1,950233	-1380,201104	3396,904141	-1507,257465	8,112851	963,158651	30,385093	29,432503	30,665295	29,664989	29,804298	-2,905271	1,032037	0,855859	164222,195292	-0,183327	7,092695	-0,019102	0,000000	2,043153	-0,124368	-0,124356	14,039977	0,054023	4,038578	1,807831
6,400000	7,837756	7,867529	1,127127	0,161616	1,949200	-1381,780231	3396,839714	-1519,657952	8,110891	962,505392	30,387814	29,433253	30,663882	29,668421	29,803641	-2,905376	1,034188	0,855704	164225,328604	-0,184361	7,093559	-0,019313	0,000000	2,042587	-0,124364	-0,124356	14,034732	0,053805	4,044576	1,807130
6,600000	7,837655	7,867418	1,128291	0,161336	1,944698	-1401,348439	3396,951969	-1534,361699	8,108910	960,201395	30,390746	29,436480	30,660406	29,674260	29,802837	-2,905425	1,033749	0,855530	164257,157742	-0,184794	7,094730	-0,019505	0,000000	2,042982	-0,124359	-0,124355	14,015312	0,053944	4,042887	1,804657
6,800000	7,837558	7,867601	1,129916	0,161296	1,942482	-1430,486296	3397,102105	-1551,764718	8,106832	959,488937	30,389387	29,439220	30,659324	29,676880	29,802933	-2,905489	1,032492	0,855787	164269,277538	-0,183678	7,095963	-0,019534	0,000000	2,044073	-0,124357	-0,124354	14,009163	0,054127	4,040536	1,803892
7,000000	7,837257	7,867811	1,130397	0,161694	1,942257	-1443,968596	3397,162032	-1564,525761	8,104764	961,465919	30,385622	29,439760	30,663282	29,674219	29,804110	-2,905532	1,031695	0,855927	164194,265975	-0,182988	7,096887	-0,019393	0,000000	2,044109	-0,124358	-0,124353	14,025528	0,054313	4,040291	1,806015
7,200000	7,837035	7,867923	1,130579	0,161799	1,939397	-1433,760794	3397,033715	-1567,779160	8,102712	962,356354	30,383994	29,437412	30,669220	29,669721	29,806173	-2,905490	1,030293	0,855836	164086,959044	-0,183910	7,097717	-0,019266	0,000000	2,043465	-0,124358	-0,124354	14,032780	0,054511	4,040579	1,806970
7,400000	7,837165	7,867749	1,131215	0,161596	1,936357	-1405,292366	3396,853771	-1552,034623	8,100674	960,525143	30,386563	29,434413	30,671210	29,668357	29,807240	-2,905379	1,030202	0,856047	164040,961046	-0,183902	7,098631	-0,019168	0,000000	2,043004	-0,124357	-0,124359	14,017420	0,054547	4,039881	1,805005
7,600000	7,837325	7,867454	1,130211	0,161488	1,936942	-1370,023783	3396,837318	-1523,350574	8,098860	958,799234	30,390571	29,434381	30,666039	29,670824	29,803600	-2,905549	1,031197	0,856135	164049,401456	-0,182525	7,099436	-0,019129	0,000000	2,042993	-0,124362	-0,124360	14,002907	0,054605	4,042042	1,803151
7,800000	7,837083	7,867267	1,126488	0,161492	1,939447	-1352,609276	3396,992834	-1506,714612	8,097220	958,533652	30,393466	29,436723	30,659085	29,672829	29,797905	-2,905770	1,029625	0,855452	164061,430777	-0,183111	7,100094	-0,019176	0,000000	2,043319	-0,124365	-0,124357	14,000552	0,054736	4,049286	1,802865
8,000000	7,836400	7,867145	1,123414	0,161462	1,939943	-1356,720513	3397,106433	-1506,412669	8,095479	959,635782	30,393497	29,438259	30,659262	29,672258	29,797752	-2,905643	1,028080	0,854967	164065,757240	-0,184597	7,100801	-0,019036	0,000000	2,043190	-0,124366	-0,124353	14,009941	0,054579	4,055482	1,804050
8,200000	7,835953	7,867058	1,121767	0,161454	1,939751	-1348,223677	3397,009597	-1502,416687	8,093519	960,950715	30,388377	29,436985	30,666650	29,671302	29,803950	-2,905405	1,029341	0,855215	164073,191025	-0,183701	7,101728	-0,018852	0,000000	2,042812	-0,124367	-0,124354	14,021288	0,054241	4,059237	1,805462
8,400000	7,836265	7,867018	1,120843	0,161869	1,939527	-1322,145840	3396,814185	-1487,731825	8,091407	960,306377	30,383171	29,432818	30,673458	29,670544	29,810553	-2,905387	1,032367	0,855223	164080,936083	-0,182251	7,102807	-0,018897	0,000000	2,042774	-0,124370	-0,124357	14,016226	0,053909	4,061753	1,804770
8,600000	7,836549	7,866988	1,124088	0,162319	1,936312	-1314,742033	3396,719159	-1472,183544	8,089350	958,928195	30,384851	29,429348	30,671865	29,669663	29,811960	-2,905511	1,034581	0,855212	164079,703496	-0,183040	7,103717	-0,019116	0,000000	2,042906	-0,124370	-0,124361	14,004716	0,053877	4,056078	1,803289
8,800000	7,836103	7,866923	1,130233	0,162512	1,932748	-1329,082852	3396,830455	-1460,911211	8,087494	959,471626	30,391360	29,430014	30,664074	29,670635	29,808672	-2,905545	1,035353	0,855944	164079,828473	-0,184644	7,104403	-0,019445	0,000000	2,043216	-0,124364	-0,124364	14,008871	0,054274	4,044618	1,803873
9,000000	7,835397	7,866900	1,131283	0,162491	1,933129	-1331,873628	3396,996660	-1449,428725	8,085822	961,748882	30,395459	29,433236	30,661459	29,673533	29,803394	-2,905482	1,036418	0,856867	164081,375874	-0,184532	7,105114	-0,019509	0,000000	2,043405	-0,124359	-0,124363	14,027495	0,054713	4,042940	1,806319
9,200000	7,835166	7,866818	1,127482	0,162415	1,935913	-1301,625416	3397,036175	-1430,631260	8,084058	963,371539	30,393228	29,436099	30,666163	29,672611	29,800183	-2,905337	1,036237	0,857106	164071,873794	-0,182759	7,105967	-0,019280	0,000000	2,043269	-0,124360	-0,124356	14,040981	0,054800	4,050639	1,808059
9,400000	7,835306	7,866536	1,123943	0,162455	1,934347	-1255,324570	3396,968510	-1402,447463	8,081882	963,518961	30,387943	29,436843	30,670024	29,667677	29,804304	-2,905176	1,034779	0,856602	164058,089461	-0,181265	7,106946	-0,019095	0,000000	2,043092	-0,124362	-0,124354	14,042317	0,054696	4,057864	1,808218
9,600000	7,835442	7,866230	1,124324	0,161919	1,930414	-1220,059384	3396,822704	-1370,193283	8,079647	964,164006	30,385665	29,435500	30,668298	29,667022	29,811894	-2,905180	1,035455	0,855843	164046,243609	-0,181576	7,107795	-0,018903	0,000000	2,042815	-0,124363	-0,124357	14,047588	0,054817	4,057474	1,808909
9,800000	7,835467	7,866028	1,127026	0,161403	1,929776	-1205,425858	3396,750025	-1349,404479	8,077754	965,273961	30,387534	29,434457	30,664503	29,670362	29,814038	-2,905344	1,035196	0,855521	164025,548900	-0,182977	7,108547	-0,018844	0,000000	2,042567	-0,124361	-0,124360	14,056691	0,054989	4,052617	1,810099
10,000000	7,835112	7,865969	1,125512	0,161574	1,929790	-1219,537489	3396,859811	-1350,701492	8,075957	964,674931	30,389736	29,434745	30,663791	29,674309	29,809471	-2,905437	1,031639	0,855926	164045,567462	-0,183109	7,109583	-0,019093	0,000000	2,043020	-0,124358	-0,124361	14,051605	0,055070	4,056056	1,809457
10,200000	7,834568	7,865949	1,124117	0,161914	1,928324	-1248,052615	3397,017515	-1366,514217	8,074062	963,355953	30,389458	29,435653	30,663291	29,676890	29,803387	-2,905408	1,031354	0,856188	164127,250401	-0,182278	7,110722	-0,019308	0,000000	2,044182	-0,124361	-0,124362	14,040526	0,055124	4,059343	1,808043
10,400000	7,834342	7,865736	1,126268	0,162533	1,927303	-1264,466721	3397,054509	-1382,077580	8,072113	962,082115	30,388605	29,436448	30,660932	29,673575	29,800946	-2,905348	1,033461	0,855753	164186,638858	-0,183107	7,111539	-0,019218	0,000000	2,044442	-0,124364	-0,124361	14,030011	0,054986	4,055561	1,806676
10,600000	7,834257	7,865336	1,123793	0,163340	1,929898	-1267,664497	3396,944664	-1394,926295	8,070141	960,042533	30,388841	29,435675	30,664271	29,666557	29,804369	-2,905298	1,033010	0,855536	164214,193928	-0,184484	7,112276	-0,019092	0,000000	2,043482	-0,124363	-0,124354	14,013460	0,054466	4,060582	1,804487
10,800000	7,834139	7,865007	1,123000	0,163226	1,933378	-1263,836625	3396,866402	-1400,649822	8,068099	959,495610	30,388756	29,434148	30,670988	29,663538	29,809841	-2,905318	1,032642	0,856028	164222,651393	-0,183867	7,113212	-0,019019	0,000000	2,042761	-0,124360	-0,124349	14,009403	0,053943	4,062596	1,803899
11,000000	7,834137	7,864852	1,130615	0,161934	1,933984	-1250,074272	3396,921144	-1380,582420	8,065945	961,474434	30,388914	29,434448	30,670200	29,668761	29,811709	-2,905425	1,032981	0,856268	164176,109167	-0,182655	7,114128	-0,019147	0,000000	2,042746	-0,124354	-0,124350	14,025980	0,053933	4,048501	1,806024
11,200000	7,834103	7,864607	1,135250	0,161043	1,934560	-1227,193215	3397,055169	-1346,583699	8,063891	963,230059	30,391240	29,435441	30,664337	29,676733	29,809860	-2,905511	1,034240	0,855851	164116,644128	-0,182550	7,115006	-0,019529	0,000000	2,043060	-0,124349	-0,124355	14,040317	0,054281	4,040003	1,807908
11,400000	7,833987	7,864483	1,133570	0,161424	1,936576	-1206,249410	3397,102353	-1328,430860	8,062083	963,517565	30,394041	29,435995	30,661201	29,678492	29,807436	-2,905355	1,036047	0,855530	164155,024073	-0,183281	7,115890	-0,019608	0,000000	2,043558	-0,124349	-0,124360	14,042369	0,054633	4,043583	1,808216
11,600000	7,833881	7,864610	1,132965	0,161918	1,938055	-1194,712824	3396,943351	-1318,342711	8,060365	963,274247	30,392269	29,435906	30,665046	29,672566	29,806542	-2,905181	1,035864	0,855619	164264,821785	-0,183931	7,116846	-0,019237	0,000000	2,043655	-0,124353	-0,124363	14,040319	0,054648	4,045384	1,807955
11,800000	7,833944	7,864541	1,134705	0,161586	1,938219	-1180,635452	3396,728405	-1297,179136	8,058522	963,110216	30,387051	29,432989	30,671170	29,664881	29,806918	-2,905283	1,034224	0,855633	164293,180165	-0,183560	7,117859	-0,018788	0,000000	2,042826	-0,124356	-0,124362	14,039160	0,054435	4,042750	1,807779
12,000000	7,834173	7,864409	1,131145	0,160961	1,940254	-1165,196376	3396,616986	-1288,689833	8,056541	963,106367	30,387122	29,429539	30,670711	29,662323	29,808160	-2,905391	1,033774	0,855407	164245,142271	-0,183441	7,118779	-0,018745	0,000000	2,042055	-0,124354	-0,124358	14,039133	0,054430	4,050012	1,807775
12,200000	7,834262	7,864540	1,124804	0,160605	1,942688	-1180,773490	3396,730859	-1311,937497	8,054683	963,137457	30,394396	29,429857	30,667963	29,666391	29,809405	-2,905447	1,035100	0,855453	164225,131448	-0,183600	7,119682	-0,019082	0,000000	2,042270	-0,124350	-0,124356	14,039350	0,054473	4,062639	1,807808
12,400000	7,834075	7,864571	1,125663	0,160886	1,941174	-1219,490752	3396,966244	-1342,051956	8,053018	964,011170	30,400111	29,432466	30,665692	29,671940	29,808754	-2,905586	1,035129	0,855721	164243,565320	-0,182549	7,120412	-0,019250	0,000000	2,043045	-0,124353	-0,124359	14,046853	0,054275	4,061360	1,808745
12,600000	7,833889	7,864259	1,127689	0,161570	1,937663	-1248,018098	3397,088702	-1367,293509	8,051279	966,068157	30,398948	29,435087	30,660894	29,674200	29,807356	-2,905509	1,034727	0,855685	164265,110470	-0,181997	7,120928	-0,019137	0,000000	2,043728	-0,124359	-0,124362	14,064418	0,053896	4,057541	1,810950
12,800000	7,833947	7,864064	1,122905	0,161763	1,935657	-1270,529215	3397,105210	-1400,114209	8,049272	966,624002	30,392655	29,436329	30,660579	29,673448	29,809349	-2,905231	1,035413	0,855477	164283,675751	-0,182877	7,121644	-0,019021	0,000000	2,043968	-0,124363	-0,124360	14,069439	0,053516	4,066988	1,811545
13,000000	7,834067	7,864033	1,121104	0,161589	1,935506	-1288,536803	3397,044743	-1427,628388	8,047201	964,655285	30,385753	29,435250	30,665941	29,670683	29,814604	-2,905191	1,036673	0,855635	164302,550350	-0,183119	7,122728	-0,018999	0,000000	2,043634	-0,124364	-0,124357	14,053021	0,053490	4,071135	1,809436
13,200000	7,834010	7,863810	1,127805	0,161428	1,933531	-1287,471684	3396,912155	-1425,671800	8,045437	962,973200	30,385979	29,433819	30,666976	29,667909	29,816013	-2,905386	1,037609	0,855917	164292,198886	-0,183010	7,123907	-0,018976	0,000000	2,043072	-0,124362	-0,124356	14,038553	0,053897	4,058911	1,807632
13,400000	7,833450	7,863503	1,133563	0,161394	1,931398	-1275,600157	3396,835980	-1404,226321	8,043849	962,766149	30,392851	29,434217	30,663468	29,667422	29,812154	-2,905584	1,037043	0,856065	164254,421593	-0,184400	7,124980	-0,018958	0,000000	2,042606	-0,124363	-0,124357	14,036422	0,054296	4,048366	1,807410
13,600000	7,832742	7,863341	1,135131	0,161565	1,932045	-1263,723723	3396,922591	-1381,905302	8,041926	963,045814	30,398386	29,436151	30,662855	29,668232	29,808555	-2,905622	1,037582	0,856282	164234,406668	-0,185249	7,125867	-0,018955	0,000000	2,042581	-0,124363	-0,124359	14,038467	0,054590	4,045787	1,807710
13,800000	7,832647	7,863085	1,131856	0,161703	1,933250	-1242,177535	3396,941895	-1365,718150	8,039705	962,313125	30,397212	29,436782	30,665906	29,668449	29,808312	-2,905473	1,038683	0,856133	164239,913513	-0,183728	7,126612	-0,018986	0,000000	2,043049	-0,124363	-0,124362	14,032223	0,054706	4,052344	1,806924
14,000000	7,832735	7,862681	1,130115	0,162087	1,933539	-1203,410887	3396,807979	-1341,898012	8,037572	960,165637	30,389789	29,435425	30,669511	29,667833	29,812048	-2,905317	1,038858	0,855646	164250,357948	-0,183021	7,127569	-0,019167	0,000000	2,043372	-0,124362	-0,124360	14,014681	0,054276	4,056084	1,804619
14,200000	7,832655	7,862641	1,135653	0,162459	1,935150	-1163,595299	3396,811408	-1302,367902	8,035601	959,461076	30,385253	29,434731	30,670552	29,667839	29,816942	-2,905313	1,039008	0,855167	164267,754105	-0,184128	7,128842	-0,019210	0,000000	2,043316	-0,124359	-0,124357	14,009421	0,053636	4,046288	1,803862
14,400000	7,832854	7,862710	1,138386	0,161986	1,939199	-1151,684066	3396,908671	-1275,175428	8,033727	961,398315	30,387102	29,435294	30,668068	29,671084	29,817069	-2,905376	1,038437	0,854956	164288,212809	-0,183853	7,130018	-0,018887	0,000000	2,043248	-0,124359	-0,124360	14,025747	0,053528	4,041771	1,805942
14,600000	7,833105	7,862500	1,137615	0,161860	1,941422	-1165,546962	3396,910757	-1275,071209	8,031978	962,290480	30,390774	29,435383	30,664714	29,674786	29,811550	-2,905482	1,037819	0,855206	164289,626184	-0,182744	7,130910	-0,018671	0,000000	2,043268	-0,124362	-0,124365	14,032810	0,053930	4,043594	1,806900
14,800000	7,832933	7,862425	1,134972	0,162860	1,942215	-1184,923650	3396,872701	-1293,335759	8,030212	960,485224	30,393025	29,434073	30,663933	29,673288	29,806905	-2,905617	1,037887	0,855591	164290,100199	-0,183144	7,131806	-0,018845	0,000000	2,043373	-0,124361	-0,124367	14,017388	0,054244	4,049085	1,804962
15,000000	7,832489	7,862560	1,129161	0,163243	1,944421	-1194,562050	3396,853150	-1316,807544	8,028228	957,855031	30,391752	29,432087	30,666555	29,668489	29,808112	-2,905555	1,037985	0,855686	164309,192626	-0,183783	7,132817	-0,018977	0,000000	2,043682	-0,124360	-0,124364	13,995472	0,054128	4,060841	1,802136
15,200000	7,832023	7,862581	1,132282	0,162498	1,946214	-1196,056780	3396,875211	-1324,651896	8,026199	955,425273	30,389278	29,431912	30,668985	29,664846	29,812950	-2,905429	1,037387	0,855648	164287,660343	-0,183302	7,133798	-0,018886	0,000000	2,043428	-0,124359	-0,124357	13,975559	0,053665	4,055498	1,799522
15,400000	7,831524	7,862286	1,144938	0,162132	1,944427	-1214,075683	3396,911243	-1317,432097	8,024201	955,019961	30,387848	29,434441	30,669019	29,665609	29,817318	-2,905377	1,037468	0,855861	164222,437675	-0,183300	7,134620	-0,018919	0,000000	2,042488	-0,124356	-0,124352	13,972492	0,053331	4,031850	1,799086
15,600000	7,831180	7,861860	1,146240	0,162496	1,941190	-1237,108729	3396,912779	-1318,752007	8,022262	957,123762	30,386476	29,436091	30,669331	29,670413	29,818842	-2,905365	1,037665	0,856007	164214,626089	-0,184093	7,135465	-0,018976	0,000000	2,042545	-0,124355	-0,124355	13,990092	0,053378	4,029667	1,801350
15,800000	7,831187	7,861650	1,137204	0,162388	1,941638	-1223,774465	3396,893320	-1326,300751	8,020421	958,871035	30,387313	29,434711	30,668643	29,675504	29,815381	-2,905471	1,036001	0,855951	164253,171328	-0,184054	7,136536	-0,018778	0,000000	2,043630	-0,124359	-0,124361	14,004614	0,053500	4,047235	1,803228
16,000000	7,831324	7,861582	1,137272	0,162408	1,944219	-1200,852023	3396,883505	-1327,256491	8,018585	959,093965	30,390704	29,432993	30,665730	29,676529	29,809820	-2,905555	1,034247	0,855760	164270,626266	-0,183320	7,137583	-0,018649	0,000000	2,044076	-0,124364	-0,124362	14,006534	0,053448	4,047654	1,803468
16,200000	7,831411	7,861646	1,138990	0,163025	1,945800	-1216,081023	3396,894767	-1336,584217	8,016761	958,804519	30,391640	29,433176	30,664881	29,670502	29,808150	-2,905473	1,033498	0,855441	164280,822601	-0,183282	7,138459	-0,018756	0,000000	2,043770	-0,124367	-0,124360	14,004400	0,053157	4,044913	1,803157
16,400000	7,831392	7,861919	1,136167	0,162496	1,947160	-1238,128004	3396,905337	-1356,179733	8,014865	959,517094	30,389772	29,433981	30,666672	29,662568	29,810935	-2,905342	1,034175	0,855147	164325,212809	-0,183529	7,139279	-0,018830	0,000000	2,043413	-0,124366	-0,124354	14,010652	0,052874	4,050865	1,803922
16,600000	7,831216	7,861998	1,135318	0,161350	1,949757	-1251,791301	3396,961678	-1377,118263	8,012812	960,731371	30,388512	29,433257	30,669371	29,661042	29,813768	-2,905284	1,036046	0,855053	164378,091886	-0,183394	7,140115	-0,018765	0,000000	2,042630	-0,124360	-0,124351	14,020798	0,052895	4,053032	1,805226
16,800000	7,830883	7,861653	1,133606	0,161337	1,950953	-1277,028947	3397,010909	-1404,040188	8,010823	960,167721	30,389704	29,433180	30,669110	29,667310	29,814290	-2,905304	1,037762	0,855209	164403,517454	-0,184282	7,140860	-0,018710	0,000000	2,041946	-0,124354	-0,124354	14,015906	0,053069	4,056550	1,804621
17,000000	7,830547	7,861241	1,135023	0,162277	1,948489	-1292,852757	3396,987912	-1419,319662	8,008834	958,840982	30,392357	29,435146	30,666676	29,674176	29,813661	-2,905406	1,037716	0,855262	164443,386462	-0,185032	7,141420	-0,018862	0,000000	2,042769	-0,124354	-0,124360	14,004694	0,053169	4,053926	1,803196
17,200000	7,830428	7,861013	1,138191	0,162989	1,946702	-1280,670235	3396,946371	-1410,374532	8,006731	959,336816	30,390962	29,435571	30,665520	29,675491	29,813762	-2,905488	1,035547	0,854920	164481,712539	-0,184086	7,142119	-0,018953	0,000000	2,044096	-0,124358	-0,124363	14,008926	0,053090	4,048187	1,803728
17,400000	7,830499	7,861013	1,137429	0,162948	1,946676	-1256,747257	3396,835215	-1392,516328	8,004920	960,644626	30,385548	29,434161	30,665499	29,671177	29,815817	-2,905494	1,031370	0,854684	164471,411944	-0,183123	7,143277	-0,018866	0,000000	2,044140	-0,124365	-0,124364	14,020102	0,052864	4,050306	1,805133
17,600000	7,830672	7,861123	1,140142	0,162764	1,946141	-1240,761791	3396,742770	-1375,675975	8,003336	960,140974	30,383547	29,433256	30,668474	29,665971	29,818303	-2,905355	1,026948	0,855352	164438,992161	-0,183229	7,144614	-0,018853	0,000000	2,042993	-0,124369	-0,124363	14,015987	0,052764	4,046028	1,804592
17,800000	7,830746	7,860983	1,144059	0,162841	1,945276	-1224,764793	3396,728591	-1354,136524	8,001567	958,841408	30,386081	29,432715	30,670977	29,666364	29,819806	-2,905228	1,025970	0,856341	164440,389394	-0,183715	7,145618	-0,018863	0,000000	2,042099	-0,124367	-0,124359	14,004860	0,053006	4,039176	1,803196
18,000000	7,830420	7,860538	1,141733	0,162794	1,947007	-1194,829878	3396,749237	-1326,242641	7,999601	958,493859	30,390514	29,432474	30,667812	29,670059	29,817882	-2,905393	1,027105	0,856331	164463,356243	-0,183653	7,146300	-0,018907	0,000000	2,042490	-0,124361	-0,124355	14,001554	0,053400	4,043708	1,802823
18,200000	7,829801	7,860134	1,135486	0,161975	1,950130	-1169,081276	3396,878003	-1315,566425	7,997537	958,639022	30,394056	29,434181	30,662437	29,671586	29,811960	-2,905554	1,028899	0,855701	164466,010572	-0,182904	7,147036	-0,019044	0,000000	2,043238	-0,124355	-0,124356	14,002511	0,053659	4,055681	1,802979
18,400000	7,829384	7,860097	1,132760	0,161145	1,949349	-1173,243833	3397,001476	-1325,576583	7,995462	958,764571	30,392174	29,436981	30,663109	29,671515	29,808926	-2,905550	1,029366	0,855542	164459,242024	-0,182362	7,147970	-0,019110	0,000000	2,043192	-0,124356	-0,124358	14,003512	0,053710	4,061353	1,803114
18,600000	7,829439	7,860340	1,140528	0,161566	1,948056	-1198,321757	3396,952494	-1329,364183	7,993563	957,882840	30,386373	29,436657	30,669290	29,670808	29,813317	-2,905531	1,028366	0,855830	164450,480673	-0,183310	7,149088	-0,019022	0,000000	2,042965	-0,124362	-0,124358	13,996278	0,053556	4,047437	1,802166
18,800000	7,829477	7,860277	1,147244	0,162437	1,949372	-1227,173554	3396,791423	-1329,130570	7,991848	955,751676	30,382588	29,433508	30,672136	29,669492	29,819830	-2,905464	1,030407	0,855977	164452,298503	-0,184665	7,150148	-0,018957	0,000000	2,043063	-0,124364	-0,124359	13,978574	0,053389	4,035421	1,799874
19,000000	7,829261	7,859700	1,141523	0,162950	1,951610	-1252,551304	3396,776840	-1347,000856	7,990068	954,268966	30,385546	29,432416	30,668876	29,669252	29,820882	-2,905373	1,034614	0,855967	164463,697375	-0,183941	7,150888	-0,019039	0,000000	2,043034	-0,124361	-0,124361	13,966031	0,053488	4,046333	1,798277
19,200000	7,829007	7,859228	1,131223	0,163092	1,950461	-1258,958928	3396,949564	-1378,485331	7,988035	954,175661	30,392485	29,433439	30,664028	29,671269	29,816695	-2,905388	1,037708	0,855854	164467,088529	-0,182587	7,151631	-0,019051	0,000000	2,042938	-0,124360	-0,124362	13,964863	0,053873	4,066026	1,798177
19,400000	7,828744	7,859220	1,127912	0,162784	1,945664	-1244,627803	3397,025974	-1398,245943	7,985856	954,468401	30,395506	29,433006	30,661990	29,672300	29,811047	-2,905530	1,037986	0,855599	164463,865901	-0,182640	7,152687	-0,018897	0,000000	2,043026	-0,124358	-0,124364	13,966887	0,054306	4,072932	1,798492
19,600000	7,828670	7,859376	1,136691	0,162644	1,942700	-1236,384399	3396,987149	-1394,492022	7,983806	953,724615	30,392514	29,432513	30,664017	29,667859	29,810047	-2,905586	1,036995	0,855695	164451,682380	-0,182911	7,153870	-0,018824	0,000000	2,043067	-0,124356	-0,124363	13,960447	0,054502	4,056965	1,797691
19,800000	7,828623	7,859375	1,143850	0,162365	1,941358	-1255,699724	3396,934817	-1384,142862	7,981870	952,501812	30,387797	29,434886	30,668959	29,662043	29,817733	-2,905425	1,035287	0,855839	164440,083458	-0,183497	7,154884	-0,019002	0,000000	2,043026	-0,124358	-0,124357	13,950253	0,054425	4,044017	1,796374
20,000000	7,828518	7,859354	1,139122	0,161737	1,941087	-1275,253218	3396,916649	-1387,719453	7,979902	953,096862	30,386039	29,437923	30,672137	29,662644	29,826010	-2,905281	1,032562	0,855580	164425,538641	-0,184229	7,155597	-0,019182	0,000000	2,043018	-0,124356	-0,124355	13,955165	0,054512	4,053354	1,797015
20,200000	7,828471	7,859301	1,131992	0,161664	1,942947	-1255,532589	3396,916941	-1390,317395	7,978044	954,492423	30,388094	29,438842	30,671468	29,668831	29,827221	-2,905345	1,031422	0,855296	164392,622345	-0,184427	7,156241	-0,019058	0,000000	2,042677	-0,124350	-0,124362	13,966393	0,055002	4,067238	1,798518
20,400000	7,828270	7,859002	1,127583	0,161976	1,945464	-1211,659326	3396,832241	-1374,384456	7,976248	954,890041	30,391677	29,436743	30,669147	29,674371	29,822048	-2,905474	1,030864	0,855406	164410,456633	-0,184604	7,157014	-0,018882	0,000000	2,042647	-0,124349	-0,124367	13,969580	0,055152	4,075972	1,798946
20,600000	7,828060	7,858886	1,128149	0,162115	1,944372	-1186,924899	3396,779699	-1353,366483	7,974375	954,708415	30,393784	29,432745	30,664985	29,674259	29,815985	-2,905527	1,029675	0,855869	164487,798845	-0,183273	7,157864	-0,018931	0,000000	2,043445	-0,124355	-0,124364	13,968560	0,054649	4,075316	1,798751
20,800000	7,827983	7,859095	1,132533	0,162054	1,940725	-1196,613852	3396,821943	-1342,190171	7,972478	954,527064	30,393287	29,431608	30,661206	29,669139	29,814441	-2,905453	1,028133	0,856102	164504,549604	-0,181956	7,158786	-0,019025	0,000000	2,043682	-0,124362	-0,124357	13,967558	0,054128	4,067518	1,798555
21,000000	7,827927	7,859121	1,134579	0,161776	1,940489	-1228,301814	3396,854976	-1347,009758	7,970461	953,581845	30,391967	29,434298	30,665487	29,663357	29,818062	-2,905280	1,027365	0,855775	164463,699203	-0,182516	7,159639	-0,019033	0,000000	2,043040	-0,124363	-0,124352	13,959971	0,053779	4,064134	1,797537
21,200000	7,827921	7,858900	1,130121	0,161446	1,943024	-1265,684177	3396,799838	-1379,490937	7,968528	951,486424	30,392176	29,434940	30,673529	29,661534	29,823715	-2,905293	1,029861	0,855393	164435,134059	-0,182004	7,160369	-0,019202	0,000000	2,042536	-0,124363	-0,124354	13,942529	0,053616	4,073058	1,795279
21,400000	7,827710	7,858767	1,123279	0,161480	1,944639	-1280,449501	3396,767915	-1420,694999	7,966818	950,024845	30,393128	29,433745	30,672431	29,667378	29,826803	-2,905528	1,034159	0,855614	164425,375846	-0,181483	7,161240	-0,019481	0,000000	2,042769	-0,124361	-0,124358	13,930152	0,053704	4,086628	1,793703
21,600000	7,827165	7,858753	1,125062	0,161947	1,943913	-1267,349711	3396,835013	-1425,839846	7,965001	949,910477	30,393226	29,434053	30,667193	29,674915	29,825600	-2,905597	1,036017	0,855940	164432,870213	-0,183392	7,162182	-0,019329	0,000000	2,043431	-0,124355	-0,124363	13,928994	0,053900	4,083652	1,793580
21,800000	7,826870	7,858729	1,132969	0,162487	1,943183	-1257,916153	3396,879732	-1404,595205	7,963071	951,042901	30,392743	29,435196	30,667191	29,675546	29,822594	-2,905457	1,035252	0,856040	164470,253105	-0,184717	7,162894	-0,018790	0,000000	2,044075	-0,124354	-0,124368	13,938406	0,054010	4,068882	1,794801
22,000000	7,826931	7,858612	1,136748	0,162505	1,943060	-1264,715696	3396,891712	-1390,472774	7,961098	952,382544	30,390672	29,435525	30,670622	29,670592	29,820457	-2,905398	1,035006	0,855825	164495,331820	-0,183556	7,163416	-0,018560	0,000000	2,044199	-0,124357	-0,124368	13,949529	0,054147	4,061966	1,796245
22,200000	7,826975	7,858368	1,137309	0,162053	1,941600	-1274,529094	3396,831066	-1382,365795	7,959014	951,803360	30,387682	29,433096	30,672362	29,664993	29,819675	-2,905433	1,035375	0,855336	164452,613749	-0,182144	7,164054	-0,018749	0,000000	2,043083	-0,124354	-0,124364	13,944378	0,054430	4,061207	1,795621
22,400000	7,827010	7,857991	1,136148	0,161665	1,942085	-1259,856508	3396,805986	-1372,726417	7,957053	950,445973	30,388611	29,431847	30,672128	29,662739	29,820941	-2,905363	1,035406	0,855198	164453,608294	-0,182108	7,165035	-0,018899	0,000000	2,041950	-0,124350	-0,124357	13,932880	0,054517	4,063812	1,794157
22,600000	7,826915	7,857533	1,126528	0,161615	1,945104	-1223,305143	3396,940951	-1369,912199	7,955406	950,048557	30,394215	29,434463	30,671100	29,665551	29,822393	-2,905225	1,034081	0,855407	164563,915214	-0,183266	7,166087	-0,018952	0,000000	2,042467	-0,124353	-0,124351	13,929640	0,054415	4,082544	1,793728
22,800000	7,826660	7,857492	1,120218	0,162176	1,946003	-1205,207665	3397,034703	-1375,780476	7,953794	951,054948	30,398764	29,437191	30,667653	29,670597	29,821655	-2,905242	1,032259	0,855843	164629,499464	-0,183978	7,166950	-0,019100	0,000000	2,043653	-0,124355	-0,124351	13,938111	0,054407	4,095091	1,794814
23,000000	7,826512	7,857928	1,125999	0,162529	1,941905	-1214,427364	3397,003789	-1374,359632	7,951812	953,267108	30,397317	29,437588	30,666796	29,673245	29,821806	-2,905222	1,032185	0,855916	164567,191766	-0,183280	7,167697	-0,019248	0,000000	2,043989	-0,124357	-0,124348	13,956710	0,054396	4,084560	1,797198
23,200000	7,826486	7,858090	1,130192	0,162416	1,937085	-1227,694201	3396,904667	-1364,165975	7,949580	954,748735	30,390640	29,435748	30,671168	29,672053	29,825888	-2,905108	1,031752	0,855593	164481,437190	-0,182297	7,168328	-0,019174	0,000000	2,043708	-0,124362	-0,124345	13,969342	0,054205	4,077033	1,798794
23,400000	7,826636	7,857727	1,132293	0,162855	1,935804	-1250,492681	3396,749786	-1367,776608	7,947540	953,973799	30,384744	29,432663	30,674921	29,668953	29,829880	-2,905238	1,032238	0,855729	164488,393204	-0,182073	7,168898	-0,018980	0,000000	2,043277	-0,124364	-0,124352	13,962950	0,054091	4,073263	1,797960
23,600000	7,826897	7,857208	1,131971	0,163278	1,935786	-1289,973538	3396,654134	-1391,265889	7,945765	951,669815	30,385833	29,429925	30,673356	29,666407	29,828323	-2,905441	1,034216	0,856004	164576,414343	-0,182686	7,169434	-0,018858	0,000000	2,043129	-0,124363	-0,124358	13,943280	0,054406	4,073959	1,795477
23,800000	7,826740	7,856795	1,126900	0,163156	1,936006	-1311,334423	3396,719754	-1414,563671	7,943985	951,026389	30,392862	29,430273	30,666560	29,666332	29,823198	-2,905458	1,034545	0,856122	164623,577003	-0,183854	7,170041	-0,018839	0,000000	2,043461	-0,124361	-0,124356	13,937263	0,055014	4,083738	1,794783
24,000000	7,826098	7,856629	1,126655	0,162907	1,936707	-1311,916717	3396,926438	-1433,308409	7,942013	953,033631	30,397928	29,435243	30,662396	29,667878	29,820813	-2,905429	1,034062	0,856068	164569,135936	-0,185043	7,170861	-0,019084	0,000000	2,043684	-0,124360	-0,124352	13,953726	0,055420	4,084473	1,796947
24,200000	7,825602	7,856785	1,132551	0,162534	1,937959	-1320,430910	3397,026174	-1445,160468	7,939978	954,734466	30,395450	29,439426	30,667701	29,668752	29,823088	-2,905363	1,033876	0,855317	164487,320698	-0,184354	7,171749	-0,019463	0,000000	2,043614	-0,124363	-0,124352	13,968405	0,055022	4,073764	1,798779
24,400000	7,825689	7,856845	1,138800	0,162347	1,938757	-1325,565866	3396,869824	-1435,965662	7,938138	954,887427	30,388946	29,437604	30,674629	29,667933	29,827618	-2,905173	1,033736	0,854683	164451,564170	-0,182783	7,172648	-0,019458	0,000000	2,043546	-0,124362	-0,124355	13,970606	0,054105	4,062510	1,798943
24,600000	7,826016	7,856533	1,137639	0,162011	1,941071	-1313,461214	3396,751714	-1420,311111	7,936308	954,583977	30,387154	29,434498	30,674581	29,666873	29,832516	-2,905119	1,033227	0,855169	164446,608771	-0,182486	7,173528	-0,019203	0,000000	2,043602	-0,124359	-0,124359	13,968544	0,053619	4,065115	1,798617
24,800000	7,826029	7,856248	1,124873	0,161258	1,944812	-1289,985737	3396,778787	-1418,708792	7,934422	954,466807	30,391030	29,434510	30,670469	29,669743	29,832300	-2,905334	1,033263	0,855952	164443,615259	-0,182746	7,174297	-0,019233	0,000000	2,043560	-0,124362	-0,124362	13,967352	0,053828	4,089803	1,798490
25,000000	7,825791	7,856177	1,116060	0,161408	1,944540	-1244,302064	3396,857534	-1412,367829	7,932599	955,399154	30,394748	29,435868	30,668086	29,674828	29,824798	-2,905538	1,031795	0,856018	164446,438146	-0,183421	7,174931	-0,019298	0,000000	2,043359	-0,124364	-0,124362	13,974732	0,054273	4,107123	1,799494
25,200000	7,825526	7,856050	1,120049	0,162465	1,939329	-1200,594506	3396,938998	-1387,657988	7,930740	957,538969	30,396929	29,436754	30,669254	29,674091	29,818579	-2,905545	1,027580	0,855805	164456,050419	-0,183933	7,175528	-0,019038	0,000000	2,043511	-0,124363	-0,124360	13,992527	0,054424	4,099678	1,801796
25,400000	7,825297	7,855861	1,127162	0,162754	1,933108	-1227,750842	3396,975408	-1379,000939	7,928931	959,024065	30,397014	29,436541	30,670728	29,668416	29,819503	-2,905534	1,025001	0,856006	164475,380651	-0,184082	7,176342	-0,018772	0,000000	2,044148	-0,124362	-0,124356	14,005075	0,054321	4,086360	1,803392
25,600000	7,825194	7,855799	1,132349	0,162301	1,931589	-1311,847866	3396,940321	-1407,738585	7,927009	959,152811	30,394759	29,435335	30,672572	29,664656	29,825091	-2,905664	1,026019	0,856042	164459,015265	-0,184234	7,177225	-0,018675	0,000000	2,043755	-0,124362	-0,124352	14,006227	0,054247	4,076929	1,803531
25,800000	7,825305	7,855764	1,131839	0,162339	1,933326	-1364,622616	3396,822943	-1445,932190	7,924996	958,015160	30,393114	29,433458	30,676118	29,664782	29,830594	-2,905728	1,028186	0,855705	164411,552586	-0,184341	7,177848	-0,018655	0,000000	2,042335	-0,124358	-0,124355	13,996779	0,054164	4,078316	1,802308
26,000000	7,825308	7,855690	1,124973	0,162609	1,933101	-1350,700828	3396,809787	-1464,247267	7,923162	955,791227	30,392637	29,431949	30,677460	29,668943	29,832062	-2,905651	1,029662	0,855772	164431,223478	-0,184835	7,178379	-0,018802	0,000000	2,042377	-0,124352	-0,124356	13,978227	0,054067	4,091809	1,799916
26,200000	7,824733	7,855664	1,119493	0,162443	1,932391	-1305,133893	3396,880659	-1459,433495	7,921394	954,327274	30,394255	29,432479	30,669409	29,674626	29,828786	-2,905522	1,031527	0,856033	164475,265244	-0,185096	7,178859	-0,018916	0,000000	2,043597	-0,124352	-0,124357	13,965805	0,054204	4,102539	1,798340
26,400000	7,824108	7,855748	1,120861	0,162239	1,932802	-1270,739353	3396,867701	-1439,034456	7,919624	954,241364	30,397043	29,433534	30,659878	29,674707	29,825272	-2,905290	1,033422	0,855937	164474,639200	-0,184180	7,179249	-0,018838	0,000000	2,043969	-0,124356	-0,124364	13,964847	0,054440	4,100009	1,798248
26,600000	7,824116	7,855749	1,124352	0,162216	1,932750	-1260,378297	3396,833740	-1416,922560	7,917773	954,492131	30,396219	29,433569	30,665020	29,668532	29,825991	-2,905127	1,034795	0,855926	164458,755099	-0,183241	7,179795	-0,018698	0,000000	2,043797	-0,124359	-0,124364	13,966926	0,054467	4,093650	1,798518
26,800000	7,824481	7,855498	1,126556	0,162220	1,931361	-1271,317320	3396,863613	-1406,172448	7,915702	954,582779	30,392173	29,433840	30,674874	29,663919	29,828872	-2,905294	1,036501	0,856298	164454,296866	-0,183066	7,180546	-0,018688	0,000000	2,043622	-0,124358	-0,124358	13,967881	0,054272	4,089845	1,798615
27,000000	7,824657	7,855155	1,128355	0,162416	1,931772	-1286,663477	3396,944104	-1404,178022	7,913635	954,552580	30,390548	29,434263	30,676318	29,664431	29,830019	-2,905614	1,037417	0,856640	164433,142914	-0,182378	7,181342	-0,018941	0,000000	2,042716	-0,124356	-0,124360	13,967827	0,054073	4,086695	1,798583
27,200000	7,824422	7,854719	1,125982	0,162801	1,934095	-1286,503321	3396,989886	-1407,976578	7,911846	954,530507	30,394092	29,435538	30,671233	29,668690	29,829463	-2,905673	1,036124	0,856471	164416,383779	-0,182146	7,182105	-0,019258	0,000000	2,042030	-0,124358	-0,124361	13,967620	0,054094	4,091404	1,798559
27,400000	7,824090	7,854352	1,122234	0,163112	1,934761	-1277,878113	3397,020227	-1413,062756	7,910092	954,530646	30,397693	29,437561	30,666577	29,672369	29,828555	-2,905521	1,033778	0,855996	164466,509475	-0,182676	7,182891	-0,019381	0,000000	2,042906	-0,124364	-0,124359	13,967554	0,054162	4,098821	1,798559
27,600000	7,823926	7,854407	1,123323	0,163133	1,933917	-1275,385647	3396,952107	-1412,968115	7,908152	954,529501	30,396743	29,436646	30,664835	29,671326	29,828187	-2,905514	1,033161	0,855807	164506,483868	-0,182459	7,183712	-0,019121	0,000000	2,043859	-0,124366	-0,124362	13,967571	0,054136	4,097201	1,798558
27,800000	7,823895	7,854554	1,125551	0,162816	1,933792	-1283,231991	3396,778042	-1412,789027	7,906247	954,522686	30,392685	29,433658	30,666196	29,667291	29,828847	-2,905517	1,032980	0,855887	164482,046551	-0,182886	7,184413	-0,018754	0,000000	2,043573	-0,124365	-0,124363	13,967589	0,054060	4,093432	1,798551
28,000000	7,823999	7,854345	1,126765	0,162440	1,934753	-1294,416509	3396,721276	-1413,911915	7,904353	954,521428	30,389782	29,432361	30,671856	29,664614	29,830178	-2,905333	1,031106	0,856011	164445,769726	-0,183999	7,184918	-0,018696	0,000000	2,042770	-0,124364	-0,124356	13,967593	0,054045	4,091378	1,798549
28,200000	7,824001	7,854143	1,129320	0,162160	1,932584	-1289,835046	3396,735573	-1409,222034	7,902307	955,425057	30,391609	29,432697	30,673394	29,665382	29,829885	-2,905394	1,028924	0,856301	164442,347700	-0,183200	7,185479	-0,018812	0,000000	2,042346	-0,124360	-0,124352	13,975008	0,054214	4,086708	1,799522
28,400000	7,823530	7,854159	1,129966	0,161903	1,929356	-1263,641309	3396,801911	-1395,537727	7,900418	956,644761	30,397129	29,433831	30,668977	29,667558	29,825889	-2,905808	1,028486	0,856392	164457,457905	-0,181500	7,186211	-0,018907	0,000000	2,042712	-0,124354	-0,124357	13,985165	0,054289	4,085815	1,800834
28,600000	7,822798	7,854060	1,129595	0,161765	1,929133	-1230,361180	3396,913232	-1370,582608	7,898770	956,896327	30,400794	29,435778	30,665554	29,668248	29,822618	-2,905905	1,029879	0,856094	164453,307715	-0,181511	7,186818	-0,019055	0,000000	2,043439	-0,124356	-0,124363	13,987466	0,054097	4,086755	1,801105
28,800000	7,822432	7,853940	1,132812	0,162009	1,930410	-1203,403618	3396,925003	-1338,906848	7,896957	957,616680	30,397521	29,437241	30,667770	29,668369	29,825486	-2,905513	1,027808	0,855651	164434,342158	-0,182367	7,187222	-0,019219	0,000000	2,043811	-0,124361	-0,124363	13,993745	0,053858	4,080772	1,801880
29,000000	7,822671	7,854061	1,133200	0,162391	1,931927	-1189,677203	3396,855886	-1313,535647	7,895020	958,707015	30,390271	29,436192	30,673219	29,669225	29,832339	-2,905241	1,024640	0,855531	164423,503752	-0,182799	7,187761	-0,019326	0,000000	2,043755	-0,124361	-0,124361	14,003032	0,053708	4,080477	1,803052
29,200000	7,823154	7,854069	1,127660	0,162560	1,934138	-1186,828015	3396,758700	-1306,389064	7,893089	958,957114	30,387002	29,433172	30,674436	29,669262	29,836875	-2,905251	1,026278	0,856075	164432,616548	-0,183383	7,188414	-0,019374	0,000000	2,043311	-0,124358	-0,124361	14,005234	0,053601	4,091542	1,803321
29,400000	7,823209	7,853632	1,122689	0,162733	1,937989	-1202,938679	3396,787016	-1329,489313	7,891055	957,953921	30,390374	29,431653	30,670993	29,668961	29,835923	-2,905288	1,029969	0,856241	164446,403015	-0,184142	7,188799	-0,019221	0,000000	2,042813	-0,124357	-0,124365	13,996812	0,053617	4,101121	1,802242
29,600000	7,822771	7,853391	1,122247	0,162637	1,939796	-1243,606918	3396,917360	-1369,936668	7,889130	956,681646	30,395856	29,432786	30,668672	29,670244	29,831536	-2,905510	1,033251	0,855797	164449,430031	-0,184396	7,189077	-0,019050	0,000000	2,042887	-0,124355	-0,124366	13,985851	0,053912	4,101975	1,800874
29,800000	7,822438	7,853665	1,125513	0,162551	1,938524	-1267,330858	3396,955387	-1390,980150	7,887407	957,317795	30,399514	29,433323	30,670944	29,670055	29,826468	-2,905818	1,034342	0,855475	164442,763034	-0,184182	7,189704	-0,018986	0,000000	2,043311	-0,124354	-0,124364	13,990867	0,054230	4,096176	1,801558
30,000000	7,822374	7,853770	1,131740	0,162998	1,937569	-1252,383807	3396,978667	-1377,057441	7,885621	958,697109	30,399001	29,432886	30,675243	29,665193	29,826539	-2,905768	1,033891	0,855212	164435,014933	-0,183700	7,190484	-0,018961	0,000000	2,043395	-0,124359	-0,124359	14,002285	0,054372	4,084759	1,803041
30,200000	7,822228	7,853587	1,138509	0,162975	1,938042	-1232,543719	3396,991281	-1347,253339	7,883643	958,205834	30,394950	29,433877	30,677202	29,660701	29,833896	-2,905488	1,034449	0,855264	164435,164585	-0,183003	7,191031	-0,019051	0,000000	2,043049	-0,124366	-0,124355	13,998104	0,054436	4,072061	1,802513
30,400000	7,822110	7,853380	1,138976	0,162324	1,937857	-1222,625409	3396,950741	-1328,086476	7,881542	956,879707	30,392179	29,435388	30,676028	29,661760	29,840409	-2,905324	1,036060	0,855624	164429,440062	-0,182615	7,191456	-0,019055	0,000000	2,042589	-0,124365	-0,124356	13,986906	0,054518	4,071280	1,801087
30,600000	7,822227	7,853014	1,133321	0,162226	1,937144	-1208,028628	3396,852330	-1323,860959	7,879558	957,404642	30,393596	29,435627	30,674478	29,666768	29,839786	-2,905328	1,036964	0,855850	164407,741598	-0,183181	7,191999	-0,018896	0,000000	2,042260	-0,124357	-0,124361	13,991004	0,054821	4,082194	1,801652
30,800000	7,822127	7,852588	1,128559	0,162714	1,938253	-1182,458227	3396,758345	-1319,246143	7,877842	958,774747	30,398204	29,434930	30,675313	29,671129	29,833377	-2,905407	1,038007	0,855752	164473,679860	-0,184000	7,192588	-0,018756	0,000000	2,042629	-0,124353	-0,124363	14,002128	0,055179	4,091490	1,803125
31,000000	7,821717	7,852307	1,127128	0,162559	1,938533	-1160,931202	3396,758289	-1309,831615	7,876126	959,157591	30,400214	29,433692	30,676313	29,670804	29,828544	-2,905448	1,039174	0,855655	164630,365549	-0,183941	7,193111	-0,018722	0,000000	2,043568	-0,124358	-0,124361	14,005437	0,055078	4,094442	1,803536
31,200000	7,821612	7,852051	1,128800	0,161831	1,936686	-1158,252128	3396,784616	-1302,307607	7,874300	958,987015	30,398002	29,432993	30,674219	29,666085	29,830061	-2,905441	1,038530	0,855955	164680,232976	-0,183661	7,193847	-0,018765	0,000000	2,043583	-0,124364	-0,124359	14,004481	0,054605	4,091506	1,803353
31,400000	7,821806	7,851908	1,133156	0,161510	1,935316	-1163,531500	3396,879857	-1294,585918	7,872313	958,812469	30,396210	29,433898	30,675231	29,661199	29,834911	-2,905403	1,038403	0,856500	164626,818552	-0,183402	7,194858	-0,018831	0,000000	2,042844	-0,124365	-0,124359	14,003480	0,054143	4,083655	1,803165
31,600000	7,821685	7,851931	1,135022	0,161316	1,936367	-1172,555955	3396,988586	-1294,237936	7,870162	957,903309	30,395813	29,434264	30,679406	29,661903	29,838693	-2,905380	1,037296	0,856697	164605,992671	-0,183040	7,195663	-0,018903	0,000000	2,042717	-0,124363	-0,124356	13,995880	0,054125	4,080602	1,802188
31,800000	7,821250	7,851980	1,133660	0,161431	1,938976	-1195,059129	3397,013574	-1309,019642	7,868288	956,787009	30,395697	29,433690	30,675978	29,668883	29,839025	-2,905474	1,034522	0,856067	164627,052538	-0,183269	7,196063	-0,018996	0,000000	2,043022	-0,124361	-0,124358	13,985850	0,054796	4,083420	1,800987
32,000000	7,820996	7,851977	1,131222	0,162395	1,940372	-1221,356206	3397,012650	-1329,657591	7,866523	957,476419	30,398064	29,434871	30,670159	29,674756	29,835709	-2,905538	1,033609	0,855510	164649,004070	-0,183726	7,196238	-0,019139	0,000000	2,043327	-0,124360	-0,124363	13,991050	0,055377	4,088096	1,801729
32,200000	7,821076	7,851909	1,131334	0,163242	1,942538	-1240,298208	3397,044383	-1348,137802	7,864401	958,829758	30,399155	29,437679	30,672178	29,674874	29,831909	-2,905417	1,033860	0,855357	164671,560601	-0,183778	7,196296	-0,019141	0,000000	2,044038	-0,124361	-0,124362	14,002352	0,055416	4,087872	1,803184
32,400000	7,821146	7,851917	1,135739	0,162979	1,945375	-1258,490411	3396,972519	-1363,924338	7,862320	959,195822	30,393402	29,436588	30,677651	29,669638	29,831489	-2,905297	1,034206	0,855365	164671,886699	-0,183643	7,196578	-0,019009	0,000000	2,044101	-0,124360	-0,124357	14,005510	0,055324	4,079689	1,803577
32,600000	7,821054	7,851862	1,136687	0,162123	1,945221	-1273,492692	3396,711406	-1377,845386	7,860669	959,043686	30,388769	29,430778	30,680446	29,662971	29,833779	-2,905339	1,034852	0,855548	164611,184190	-0,183650	7,197329	-0,018930	0,000000	2,042704	-0,124359	-0,124354	14,004464	0,055096	4,078395	1,803414
32,800000	7,821083	7,851579	1,133621	0,161864	1,942774	-1270,442569	3396,635637	-1391,044709	7,859037	958,867815	30,391717	29,428267	30,681324	29,662168	29,835499	-2,905449	1,036216	0,855501	164583,843391	-0,183602	7,198131	-0,018954	0,000000	2,041782	-0,124359	-0,124354	14,003459	0,054628	4,084630	1,803225
33,000000	7,821142	7,851298	1,132720	0,162303	1,941304	-1263,094338	3396,865764	-1397,830946	7,857087	957,908160	30,398664	29,432555	30,677942	29,666668	29,835026	-2,905537	1,037394	0,855431	164628,546069	-0,183378	7,198540	-0,019112	0,000000	2,042419	-0,124360	-0,124355	13,995876	0,054170	4,086354	1,802193
33,200000	7,820786	7,851183	1,133816	0,162425	1,941547	-1267,005787	3397,055193	-1393,226116	7,855143	955,797876	30,402603	29,437024	30,669402	29,670316	29,833460	-2,905575	1,037740	0,855065	164654,531512	-0,183550	7,198729	-0,019309	0,000000	2,043629	-0,124360	-0,124358	13,978435	0,053915	4,084131	1,799923
33,400000	7,820281	7,851133	1,133524	0,162007	1,940538	-1276,652550	3397,013653	-1395,560308	7,853430	955,190174	30,399483	29,436060	30,668405	29,670436	29,834283	-2,905459	1,037099	0,854573	164651,126162	-0,184152	7,199030	-0,019347	0,000000	2,044084	-0,124360	-0,124360	13,973476	0,053775	4,084837	1,799269
33,600000	7,819983	7,851168	1,131822	0,161632	1,939497	-1289,707207	3396,869116	-1409,784346	7,851614	957,124848	30,393231	29,434515	30,676328	29,667806	29,838514	-2,905285	1,035209	0,855036	164646,368347	-0,184506	7,199493	-0,019134	0,000000	2,043591	-0,124359	-0,124356	13,989893	0,053586	4,088507	1,801351
33,800000	7,819898	7,851040	1,134425	0,161552	1,940994	-1291,104077	3396,811031	-1413,743983	7,849588	957,953373	30,389614	29,434738	30,681432	29,666168	29,841961	-2,905305	1,033680	0,856105	164647,804832	-0,184491	7,199979	-0,018896	0,000000	2,043046	-0,124361	-0,124351	13,996930	0,053494	4,083800	1,802242
34,000000	7,819910	7,850539	1,139703	0,161874	1,943209	-1271,874407	3396,812681	-1396,559770	7,847738	956,125038	30,391848	29,433389	30,680161	29,666116	29,840957	-2,905470	1,032006	0,856520	164654,479901	-0,184075	7,200453	-0,018922	0,000000	2,042896	-0,124361	-0,124354	13,981482	0,053613	4,073761	1,800275
34,200000	7,819704	7,850220	1,140752	0,162186	1,942330	-1242,221587	3396,933675	-1366,424426	7,846037	954,451450	30,397804	29,433831	30,673741	29,666432	29,836084	-2,905605	1,028515	0,855949	164652,204127	-0,183650	7,201047	-0,019092	0,000000	2,042915	-0,124359	-0,124357	13,966978	0,054073	4,071859	1,798474
34,400000	7,819331	7,850245	1,140555	0,162069	1,941226	-1222,803481	3397,141930	-1345,343845	7,844139	954,241985	30,400710	29,437268	30,669674	29,667598	29,832041	-2,905593	1,026434	0,855422	164647,891508	-0,183690	7,201690	-0,019016	0,000000	2,042889	-0,124357	-0,124355	13,964643	0,054650	4,072507	1,798248
34,600000	7,819126	7,850267	1,137511	0,162001	1,944673	-1223,009899	3397,114773	-1344,912042	7,842102	954,456624	30,397417	29,438427	30,674572	29,667894	29,832801	-2,905558	1,030422	0,855479	164643,604058	-0,183654	7,202331	-0,018849	0,000000	2,043044	-0,124359	-0,124356	13,966621	0,054474	4,078734	1,798480
34,800000	7,819377	7,850125	1,129302	0,162371	1,947619	-1220,447751	3396,850531	-1353,725791	7,840158	954,516113	30,392687	29,435950	30,682508	29,666120	29,837454	-2,905572	1,035498	0,855738	164633,314037	-0,183485	7,202888	-0,018937	0,000000	2,043360	-0,124363	-0,124359	13,967808	0,053785	4,094861	1,798544
35,000000	7,819504	7,849992	1,124484	0,162522	1,946610	-1211,372657	3396,645626	-1366,038749	7,838276	954,499884	30,391483	29,433371	30,684655	29,664914	29,842387	-2,905409	1,036028	0,856106	164629,792162	-0,183143	7,203247	-0,019191	0,000000	2,043291	-0,124366	-0,124358	13,967860	0,053597	4,104359	1,798526
35,200000	7,818955	7,850023	1,128309	0,161788	1,945217	-1212,969245	3396,717258	-1374,527290	7,836457	954,538333	30,394615	29,434093	30,679889	29,667657	29,841667	-2,905260	1,035384	0,856283	164633,352861	-0,182894	7,203527	-0,019471	0,000000	2,043149	-0,124364	-0,124356	13,967647	0,054134	4,097077	1,798568
35,400000	7,818374	7,850104	1,135960	0,161395	1,946173	-1228,235060	3396,920372	-1368,247543	7,834809	954,601613	30,399438	29,436058	30,673002	29,671731	29,835685	-2,905354	1,035682	0,856158	164636,709183	-0,182902	7,203889	-0,019617	0,000000	2,043592	-0,124359	-0,124360	13,967558	0,054754	4,082517	1,798636
35,600000	7,818333	7,850172	1,137956	0,161908	1,946500	-1240,967966	3397,031285	-1358,519421	7,833028	954,602377	30,400975	29,435574	30,670822	29,671113	29,832235	-2,905500	1,036533	0,855702	164645,386848	-0,182217	7,204276	-0,019442	0,000000	2,044116	-0,124358	-0,124363	13,967567	0,054751	4,078931	1,798636
35,800000	7,818518	7,850177	1,133544	0,162117	1,944340	-1226,311035	3397,030228	-1348,097602	7,831007	955,445333	30,399284	29,433926	30,675958	29,665699	29,835501	-2,905599	1,037036	0,855216	164659,060875	-0,181850	7,204522	-0,019028	0,000000	2,044099	-0,124359	-0,124363	13,975005	0,054388	4,087605	1,799544
36,000000	7,818499	7,850112	1,130857	0,161743	1,943427	-1187,375444	3396,918943	-1329,157575	7,829033	956,640970	30,397344	29,433457	30,681516	29,661720	29,841644	-2,905661	1,036987	0,855542	164627,345818	-0,182444	7,204717	-0,018701	0,000000	2,043117	-0,124357	-0,124362	13,985169	0,054253	4,092924	1,800830
36,200000	7,818453	7,849981	1,130730	0,161509	1,943578	-1164,675540	3396,861868	-1316,212180	7,827215	956,031591	30,395567	29,433423	30,681311	29,663424	29,844979	-2,905635	1,036888	0,856184	164573,461019	-0,182857	7,205142	-0,018657	0,000000	2,042078	-0,124354	-0,124359	13,980051	0,054260	4,093346	1,800175
36,400000	7,818461	7,849683	1,129052	0,161644	1,941746	-1180,756441	3396,923424	-1322,396796	7,825437	954,687642	30,394821	29,433641	30,681299	29,668729	29,843814	-2,905485	1,036926	0,856251	164600,140820	-0,183414	7,205856	-0,018945	0,000000	2,042677	-0,124355	-0,124358	13,968752	0,054282	4,096839	1,798728
36,600000	7,818426	7,849444	1,127755	0,161967	1,938758	-1198,763828	3396,970858	-1333,286859	7,823621	955,233703	30,396131	29,435646	30,679821	29,673688	29,838681	-2,905369	1,037931	0,855711	164651,887888	-0,183954	7,206420	-0,019265	0,000000	2,043731	-0,124359	-0,124362	13,972996	0,054620	4,099499	1,799316
36,800000	7,818268	7,849469	1,131239	0,162676	1,938347	-1184,622524	3396,962659	-1329,296472	7,821908	956,611488	30,397355	29,437399	30,673314	29,672661	29,834733	-2,905348	1,038221	0,855246	164657,797787	-0,183850	7,206737	-0,019117	0,000000	2,043660	-0,124361	-0,124363	13,984194	0,054980	4,092874	1,800799
37,000000	7,818029	7,849329	1,137198	0,162691	1,939663	-1165,081926	3396,878730	-1307,046468	7,820134	956,095573	30,396823	29,435285	30,674606	29,664619	29,835576	-2,905235	1,036951	0,855261	164647,437475	-0,183806	7,207116	-0,018750	0,000000	2,043054	-0,124364	-0,124358	13,980084	0,054763	4,081651	1,800244
37,200000	7,817885	7,848882	1,139300	0,161447	1,939771	-1179,059215	3396,776036	-1293,660234	7,818049	954,716526	30,394931	29,431899	30,680484	29,658344	29,838691	-2,905212	1,034138	0,855572	164630,409193	-0,184244	7,207618	-0,018730	0,000000	2,042694	-0,124366	-0,124354	13,968955	0,054321	4,077843	1,798759
37,400000	7,817757	7,848370	1,134984	0,160880	1,942384	-1222,744885	3396,705070	-1323,604646	7,815877	955,192657	30,394883	29,431991	30,680865	29,659706	29,841237	-2,905453	1,031812	0,855956	164587,873610	-0,184712	7,208274	-0,018929	0,000000	2,042398	-0,124362	-0,124356	13,973065	0,054207	4,086229	1,799272
37,600000	7,817526	7,848088	1,127806	0,161533	1,948397	-1266,906298	3396,748839	-1378,808136	7,813827	956,526855	30,398573	29,435251	30,680149	29,665812	29,841458	-2,905675	1,032973	0,856081	164572,905866	-0,184519	7,208949	-0,019154	0,000000	2,042540	-0,124350	-0,124356	13,984180	0,054285	4,100221	1,800708
37,800000	7,817251	7,848260	1,127413	0,161998	1,953097	-1301,277955	3396,939588	-1418,379095	7,811913	956,042086	30,399910	29,439009	30,680095	29,670768	29,840717	-2,905704	1,034066	0,855757	164648,561983	-0,183898	7,209494	-0,019412	0,000000	2,043799	-0,124346	-0,124354	13,980065	0,054333	4,101316	1,800186
38,000000	7,817237	7,848573	1,134861	0,162033	1,952719	-1332,773524	3397,036958	-1437,992065	7,810221	954,719404	30,396086	29,439929	30,677479	29,670228	29,840121	-2,905591	1,033585	0,855241	164702,935991	-0,183529	7,209882	-0,019472	0,000000	2,044522	-0,124355	-0,124357	13,968951	0,054349	4,087315	1,798762
38,200000	7,817442	7,848579	1,137824	0,162221	1,950630	-1356,083965	3396,980029	-1453,316990	7,808575	954,324650	30,390761	29,436825	30,678026	29,665581	29,840883	-2,905347	1,035647	0,855494	164678,173909	-0,183238	7,210202	-0,019327	0,000000	2,043958	-0,124365	-0,124362	13,965650	0,054337	4,081881	1,798337
38,400000	7,817405	7,848363	1,135580	0,162376	1,949532	-1364,941904	3396,886528	-1469,106403	7,806699	955,325192	30,388544	29,433670	30,685858	29,662043	29,843942	-2,905237	1,039454	0,856139	164686,392511	-0,182948	7,210626	-0,019104	0,000000	2,043371	-0,124367	-0,124358	13,974023	0,054361	4,086462	1,799415
38,600000	7,817077	7,848185	1,135274	0,162019	1,945791	-1361,324325	3396,865448	-1481,573460	7,804749	956,660847	30,391539	29,433622	30,688106	29,661746	29,843644	-2,905504	1,039788	0,856205	164754,922075	-0,182984	7,211031	-0,019071	0,000000	2,043126	-0,124361	-0,124352	13,985181	0,054407	4,087226	1,800852
38,800000	7,816904	7,847816	1,134420	0,161547	1,941416	-1344,076093	3396,917421	-1482,992907	7,802972	956,078030	30,396781	29,435519	30,682948	29,664440	29,838645	-2,905664	1,037814	0,855938	164805,495396	-0,183141	7,211397	-0,019350	0,000000	2,042981	-0,124356	-0,124353	13,980248	0,054453	4,088804	1,800225
39,000000	7,816723	7,847450	1,132243	0,161604	1,940235	-1324,676624	3396,984639	-1468,441783	7,801226	954,694971	30,398910	29,438782	30,680440	29,667049	29,835315	-2,905476	1,036363	0,855674	164817,810808	-0,183070	7,211859	-0,019387	0,000000	2,042874	-0,124359	-0,124357	13,968822	0,054273	4,092994	1,798736
39,200000	7,816204	7,847563	1,132573	0,161957	1,940887	-1322,677281	3397,041781	-1454,717035	7,799353	953,376481	30,394978	29,440057	30,682774	29,667046	29,837407	-2,905350	1,036145	0,855738	164806,726252	-0,182882	7,212328	-0,019109	0,000000	2,043059	-0,124363	-0,124359	13,958149	0,053876	4,092693	1,797316
39,400000	7,816085	7,847644	1,133255	0,162229	1,939157	-1350,088266	3396,927158	-1467,538213	7,797467	952,286408	30,389656	29,435391	30,685313	29,666521	29,842945	-2,905408	1,037188	0,856138	164749,242619	-0,182711	7,212862	-0,018973	0,000000	2,043386	-0,124363	-0,124360	13,949025	0,053843	4,091823	1,796142
39,600000	7,816587	7,847087	1,133165	0,162243	1,938568	-1397,762736	3396,801029	-1506,737234	7,795572	953,060409	30,389213	29,430977	30,683387	29,665116	29,845787	-2,905518	1,036505	0,856030	164666,730523	-0,183055	7,213455	-0,019105	0,000000	2,043442	-0,124362	-0,124361	13,955161	0,054210	4,092109	1,796976
39,800000	7,816711	7,846426	1,134511	0,161892	1,942379	-1429,036601	3396,886525	-1540,069682	7,793687	954,455036	30,393344	29,433378	30,678937	29,664910	29,843688	-2,905560	1,035291	0,855598	164626,584450	-0,184064	7,213980	-0,019354	0,000000	2,043323	-0,124356	-0,124361	13,966632	0,054449	4,089425	1,798478
40,000000	7,816211	7,846367	1,131426	0,161300	1,944738	-1421,438215	3396,985404	-1541,750419	7,791881	953,942122	30,397437	29,437267	30,677078	29,669109	29,840076	-2,905560	1,034216	0,855849	164629,231676	-0,184201	7,214785	-0,019366	0,000000	2,043213	-0,124356	-0,124359	13,962252	0,054523	4,095699	1,797925
40,200000	7,815838	7,846653	1,127284	0,161344	1,942946	-1384,748741	3396,965802	-1524,716496	7,790131	952,603799	30,398871	29,437151	30,679299	29,671602	29,836701	-2,905614	1,031980	0,855994	164646,636189	-0,183473	7,215827	-0,019032	0,000000	2,043034	-0,124363	-0,124357	13,950970	0,054565	4,104435	1,796484
40,400000	7,815849	7,846926	1,129628	0,162028	1,939968	-1350,980044	3396,889528	-1506,021562	7,788263	953,063780	30,397366	29,435995	30,681534	29,667516	29,837802	-2,905591	1,031147	0,855738	164662,557293	-0,183312	7,216469	-0,018693	0,000000	2,043000	-0,124367	-0,124356	13,955076	0,054323	4,100453	1,796979
40,600000	7,816085	7,846866	1,132939	0,161990	1,939187	-1339,637059	3396,857507	-1484,878782	7,786237	954,347454	30,393808	29,434604	30,680644	29,662154	29,846155	-2,905533	1,033544	0,855758	164648,182373	-0,183078	7,216565	-0,018651	0,000000	2,042986	-0,124367	-0,124356	13,966220	0,053958	4,094118	1,798362
40,800000	7,816202	7,846403	1,133068	0,161427	1,938594	-1340,302679	3396,810563	-1471,104542	7,784360	953,856933	30,391428	29,432959	30,679453	29,662010	29,852897	-2,905589	1,037554	0,855805	164618,373055	-0,182901	7,216626	-0,018890	0,000000	2,042775	-0,124363	-0,124354	13,962117	0,053943	4,093696	1,797834
41,000000	7,815935	7,845964	1,130421	0,161244	1,937820	-1341,595534	3396,709554	-1472,515898	7,782677	952,568116	30,392022	29,432973	30,682229	29,667756	29,851054	-2,905650	1,040015	0,855756	164614,984072	-0,183419	7,217108	-0,019228	0,000000	2,043099	-0,124358	-0,124353	13,951001	0,054234	4,098893	1,796445
41,200000	7,815578	7,845666	1,127067	0,161435	1,939058	-1335,972130	3396,776001	-1473,163297	7,780848	953,088445	30,394550	29,434061	30,685456	29,673243	29,844074	-2,905623	1,040542	0,855549	164667,476483	-0,183928	7,217818	-0,019407	0,000000	2,044162	-0,124360	-0,124353	13,955114	0,054492	4,105655	1,797006
41,400000	7,815468	7,845627	1,124443	0,161567	1,939822	-1315,863226	3396,927345	-1464,480893	7,778699	954,416895	30,396875	29,434339	30,683324	29,671807	29,838685	-2,905548	1,039286	0,855591	164717,929388	-0,183990	7,218503	-0,019231	0,000000	2,044685	-0,124363	-0,124356	13,966228	0,054533	4,111068	1,798437
41,600000	7,815528	7,845769	1,121607	0,161951	1,938030	-1301,813230	3396,933238	-1461,816418	7,776541	955,673592	30,396962	29,432636	30,679729	29,666164	29,839426	-2,905479	1,036298	0,855920	164674,800504	-0,183707	7,219167	-0,018996	0,000000	2,043682	-0,124363	-0,124360	13,976947	0,054361	4,116986	1,799790
41,800000	7,815301	7,845819	1,119961	0,162408	1,935078	-1328,909255	3396,870434	-1481,345737	7,774618	956,738532	30,395814	29,431629	30,682613	29,662566	29,844459	-2,905413	1,033878	0,856028	164604,497886	-0,183613	7,219741	-0,019002	0,000000	2,042366	-0,124362	-0,124359	13,986148	0,054092	4,120587	1,800935
42,000000	7,814967	7,845833	1,122001	0,161746	1,935226	-1375,586589	3396,825481	-1511,033428	7,772955	955,985052	30,395439	29,432864	30,687046	29,664301	29,848327	-2,905459	1,033199	0,856039	164595,187044	-0,183263	7,220315	-0,018997	0,000000	2,042142	-0,124359	-0,124355	13,980033	0,053888	4,117000	1,800125
42,200000	7,814976	7,845801	1,124990	0,161170	1,936156	-1389,962344	3396,815384	-1521,804842	7,771344	954,618050	30,396544	29,434413	30,684337	29,670532	29,848388	-2,905760	1,033985	0,855647	164620,383826	-0,182801	7,220843	-0,018938	0,000000	2,042663	-0,124356	-0,124356	13,968554	0,053896	4,111434	1,798653
42,400000	7,815004	7,845560	1,126258	0,162111	1,932376	-1368,936284	3396,841048	-1506,207619	7,769516	954,274057	30,398878	29,435755	30,679777	29,673811	29,845563	-2,905858	1,034154	0,855263	164639,982070	-0,183437	7,221190	-0,019018	0,000000	2,043237	-0,124358	-0,124360	13,965509	0,054053	4,108985	1,798283
42,600000	7,814799	7,845194	1,128413	0,162862	1,928279	-1345,626890	3396,874775	-1482,481613	7,767586	954,418746	30,398544	29,436910	30,683150	29,670218	29,843307	-2,905546	1,034400	0,855608	164673,463435	-0,184047	7,221633	-0,019042	0,000000	2,043831	-0,124366	-0,124361	13,966632	0,054145	4,104934	1,798439
42,800000	7,814712	7,844972	1,131159	0,162311	1,929628	-1331,319020	3396,808764	-1463,084886	7,765553	954,540611	30,392950	29,435587	30,692016	29,663914	29,843696	-2,905353	1,035624	0,856098	164678,948723	-0,183842	7,222147	-0,018996	0,000000	2,043743	-0,124367	-0,124360	13,967643	0,054156	4,099969	1,798570
43,000000	7,814845	7,844853	1,131368	0,161702	1,934876	-1305,770855	3396,759229	-1436,248793	7,763474	954,534992	30,389549	29,432154	30,694101	29,659354	29,844433	-2,905377	1,035688	0,856255	164607,924103	-0,183605	7,222663	-0,019141	0,000000	2,042529	-0,124360	-0,124361	13,967797	0,053956	4,099880	1,798564
43,200000	7,814837	7,844829	1,131624	0,161561	1,937018	-1262,405669	3396,931284	-1398,385917	7,761704	954,473375	30,393234	29,431786	30,692848	29,660266	29,845013	-2,905378	1,034924	0,856141	164579,438034	-0,183286	7,223496	-0,019313	0,000000	2,041760	-0,124356	-0,124360	13,967656	0,053579	4,099837	1,798498
43,400000	7,814719	7,844876	1,130381	0,161780	1,935727	-1232,035601	3397,106709	-1371,600532	7,760217	954,453656	30,398414	29,434309	30,690869	29,665784	29,845075	-2,905479	1,033858	0,855948	164625,184031	-0,183019	7,224273	-0,019364	0,000000	2,042289	-0,124356	-0,124360	13,967573	0,053496	4,102632	1,798476
43,600000	7,814538	7,844766	1,125692	0,162424	1,934565	-1224,159142	3397,092227	-1360,338090	7,758590	954,483858	30,400575	29,435335	30,683010	29,670010	29,842721	-2,905685	1,034164	0,855881	164650,831690	-0,182969	7,224496	-0,019201	0,000000	2,043074	-0,124357	-0,124364	13,967571	0,053753	4,111642	1,798509
43,800000	7,814245	7,844532	1,124735	0,162633	1,932746	-1216,762712	3396,943785	-1353,366516	7,756656	954,506169	30,398789	29,435167	30,681395	29,669775	29,843295	-2,905575	1,035198	0,855814	164654,375472	-0,183128	7,224640	-0,018861	0,000000	2,043249	-0,124362	-0,124366	13,967586	0,053925	4,113447	1,798533
44,000000	7,813987	7,844255	1,126765	0,162131	1,930165	-1220,743127	3396,836046	-1356,299820	7,754538	954,498979	30,394427	29,435825	30,687536	29,666904	29,848513	-2,905253	1,034441	0,855739	164657,912986	-0,183464	7,225095	-0,018660	0,000000	2,043017	-0,124363	-0,124364	13,967592	0,053858	4,109723	1,798525
44,200000	7,813670	7,843954	1,127340	0,161671	1,929717	-1241,791134	3396,756554	-1367,606081	7,752520	954,486585	30,392000	29,434744	30,691443	29,664942	29,850955	-2,905218	1,033509	0,855884	164644,986580	-0,183463	7,225725	-0,018746	0,000000	2,042761	-0,124359	-0,124361	13,967591	0,053755	4,108899	1,798512
44,400000	7,813423	7,843593	1,126472	0,161525	1,932874	-1250,262521	3396,680557	-1372,085501	7,750809	954,486881	30,395474	29,432842	30,691874	29,664467	29,848559	-2,905405	1,034594	0,856051	164622,315674	-0,183347	7,226485	-0,019039	0,000000	2,042889	-0,124359	-0,124358	13,967590	0,053759	4,110874	1,798512
44,600000	7,813308	7,843243	1,124968	0,161413	1,934007	-1235,236341	3396,840825	-1364,631379	7,749012	955,394446	30,401889	29,436278	30,688384	29,664740	29,844373	-2,905449	1,035949	0,856143	164610,994557	-0,183011	7,227253	-0,019172	0,000000	2,043306	-0,124363	-0,124357	13,975007	0,053959	4,113963	1,799489
44,800000	7,813186	7,843312	1,126140	0,161065	1,932367	-1209,914039	3397,025615	-1349,260292	7,746960	956,623420	30,404111	29,441423	30,685230	29,666002	29,842321	-2,905362	1,035693	0,856264	164617,849370	-0,181934	7,228016	-0,019145	0,000000	2,043283	-0,124364	-0,124361	13,985165	0,054110	4,112046	1,800811
45,000000	7,813263	7,843916	1,130387	0,160930	1,932957	-1181,599697	3397,024739	-1323,684972	7,744951	955,969667	30,399309	29,440708	30,688223	29,666790	29,844762	-2,905338	1,035096	0,856378	164631,112221	-0,182187	7,228618	-0,019280	0,000000	2,043058	-0,124361	-0,124364	13,980049	0,053742	4,104517	1,800108
45,200000	7,813472	7,844412	1,131696	0,161771	1,935819	-1159,206637	3396,904784	-1293,978888	7,743100	954,579082	30,392336	29,435718	30,691952	29,665200	29,850249	-2,905329	1,034075	0,856408	164636,230386	-0,184078	7,228841	-0,019526	0,000000	2,042919	-0,124360	-0,124361	13,968752	0,053370	4,102472	1,798611
45,400000	7,813536	7,844233	1,129517	0,162481	1,936872	-1157,694846	3396,748592	-1282,572974	7,741258	953,348204	30,391070	29,432012	30,691035	29,664494	29,853175	-2,905318	1,033331	0,856457	164641,692920	-0,185217	7,228953	-0,019428	0,000000	2,042661	-0,124358	-0,124359	13,958162	0,053626	4,106692	1,797286
45,600000	7,813480	7,843641	1,128951	0,162016	1,936055	-1177,540708	3396,758681	-1296,712985	7,739436	951,441574	30,394858	29,431731	30,689298	29,667964	29,849426	-2,905371	1,032807	0,856698	164644,767469	-0,185071	7,229194	-0,018850	0,000000	2,042550	-0,124358	-0,124358	13,941626	0,054142	4,107625	1,795231
45,800000	7,813212	7,843209	1,128698	0,162012	1,937759	-1198,713912	3396,843041	-1315,872100	7,737830	950,126592	30,398522	29,432864	30,687695	29,671749	29,843454	-2,905355	1,032469	0,856638	164642,312183	-0,183809	7,229622	-0,018552	0,000000	2,042675	-0,124363	-0,124359	13,930173	0,054539	4,108120	1,793813
46,000000	7,812607	7,843175	1,128923	0,162756	1,939825	-1205,764074	3396,950389	-1324,989843	7,736063	950,005426	30,400153	29,434045	30,686472	29,670022	29,840903	-2,905187	1,034083	0,856513	164642,204783	-0,182553	7,230306	-0,018917	0,000000	2,043051	-0,124370	-0,124359	13,929178	0,054514	4,108025	1,793682
46,200000	7,812116	7,843288	1,129395	0,162980	1,939348	-1211,562467	3397,012397	-1332,078619	7,734003	950,174713	30,397694	29,435093	30,687881	29,663711	29,843972	-2,905135	1,035559	0,856458	164644,705596	-0,182661	7,230979	-0,019356	0,000000	2,043245	-0,124370	-0,124356	13,931053	0,054063	4,107553	1,793865
46,400000	7,812064	7,843225	1,130872	0,162627	1,939241	-1218,710229	3396,922574	-1341,972240	7,732145	950,247033	30,393255	29,435394	30,690358	29,660403	29,849984	-2,905342	1,036016	0,855989	164621,957609	-0,183738	7,231348	-0,019435	0,000000	2,042494	-0,124365	-0,124354	13,931941	0,053783	4,104913	1,793943
46,600000	7,812074	7,843114	1,135205	0,162074	1,941822	-1217,588921	3396,830545	-1342,879990	7,730483	950,248162	30,392350	29,434591	30,690424	29,662751	29,852063	-2,905607	1,036155	0,855929	164588,063886	-0,184503	7,231931	-0,019239	0,000000	2,041754	-0,124358	-0,124355	13,931902	0,053832	4,096869	1,793944
46,800000	7,812041	7,843175	1,138055	0,161568	1,943927	-1209,282544	3396,741110	-1326,679740	7,728670	951,110333	30,394621	29,433077	30,688252	29,668640	29,848575	-2,905781	1,035731	0,856461	164609,771801	-0,184444	7,232860	-0,019058	0,000000	2,042325	-0,124356	-0,124361	13,939131	0,053853	4,091951	1,794874
47,000000	7,812017	7,843174	1,135558	0,161663	1,942835	-1204,035472	3396,714949	-1318,130924	7,726739	952,320665	30,396535	29,432936	30,684889	29,673726	29,844360	-2,905818	1,034767	0,856663	164651,290137	-0,184157	7,233233	-0,018925	0,000000	2,043510	-0,124362	-0,124366	13,949227	0,053929	4,096906	1,796179
47,200000	7,811778	7,843004	1,132609	0,162351	1,943434	-1214,447444	3396,776353	-1332,678107	7,724945	951,721668	30,396311	29,433839	30,683849	29,671010	29,842906	-2,905671	1,034630	0,856491	164652,095204	-0,184270	7,232966	-0,018697	0,000000	2,043971	-0,124365	-0,124365	13,944125	0,053997	4,102315	1,795533
47,400000	7,811500	7,842838	1,135573	0,162358	1,946340	-1226,282626	3396,876426	-1341,016303	7,723181	950,345678	30,395118	29,433766	30,690493	29,663075	29,844581	-2,905461	1,035755	0,856469	164632,777998	-0,184338	7,232931	-0,018592	0,000000	2,043652	-0,124363	-0,124361	13,932845	0,053708	4,096614	1,794049
47,600000	7,811491	7,842535	1,134491	0,161515	1,947059	-1221,887702	3396,968291	-1341,014324	7,721230	950,812539	30,394534	29,433284	30,697153	29,659668	29,847914	-2,905446	1,035334	0,856407	164613,488726	-0,183685	7,233561	-0,018675	0,000000	2,043081	-0,124363	-0,124354	13,937094	0,053386	4,099005	1,794553
47,800000	7,811496	7,842180	1,129005	0,161128	1,944918	-1213,193996	3396,944863	-1349,829722	7,719304	952,142982	30,395170	29,433539	30,695289	29,663074	29,849515	-2,905539	1,033140	0,856223	164581,436006	-0,183164	7,234543	-0,018713	0,000000	2,042189	-0,124359	-0,124352	13,948289	0,053373	4,109937	1,795987
48,000000	7,811264	7,842017	1,128497	0,161446	1,943773	-1225,999033	3396,957293	-1362,293728	7,717463	951,683784	30,397498	29,435048	30,690644	29,668705	29,848850	-2,905456	1,031289	0,856361	164587,305334	-0,183176	7,235431	-0,018784	0,000000	2,042116	-0,124355	-0,124359	13,944177	0,053626	4,111261	1,795492
48,200000	7,810940	7,841882	1,130753	0,161895	1,944294	-1247,138855	3396,985443	-1375,942845	7,715609	950,396444	30,397547	29,437536	30,689706	29,671896	29,848613	-2,905289	1,031891	0,856346	164668,176730	-0,183525	7,235935	-0,019027	0,000000	2,043576	-0,124358	-0,124363	13,933048	0,053932	4,107082	1,794104
48,400000	7,810775	7,841647	1,136688	0,162056	1,942249	-1241,381338	3396,868890	-1371,723540	7,713766	950,002939	30,393967	29,438244	30,688387	29,669642	29,848820	-2,905285	1,033139	0,855880	164707,572637	-0,184182	7,236003	-0,019150	0,000000	2,044343	-0,124359	-0,124361	13,929741	0,053930	4,095569	1,793679
48,600000	7,810921	7,841418	1,146456	0,161616	1,940942	-1211,026840	3396,712703	-1328,895228	7,711812	950,105053	30,391546	29,436392	30,687463	29,665093	29,849320	-2,905391	1,032941	0,856021	164660,868639	-0,184778	7,236281	-0,019147	0,000000	2,043559	-0,124359	-0,124356	13,930698	0,053832	4,076985	1,793789
48,800000	7,811020	7,841334	1,152758	0,161123	1,943381	-1182,893177	3396,648518	-1279,488708	7,709858	950,245377	30,392008	29,434386	30,692055	29,664109	29,852107	-2,905509	1,033206	0,856839	164634,475765	-0,185169	7,237013	-0,019278	0,000000	2,042762	-0,124360	-0,124352	13,931700	0,054011	4,065505	1,793941
49,000000	7,810819	7,841443	1,147047	0,161275	1,947238	-1182,078988	3396,716293	-1271,751752	7,707992	950,286256	30,394251	29,433099	30,694066	29,665737	29,852897	-2,905700	1,033008	0,857237	164649,486722	-0,184866	7,237593	-0,019386	0,000000	2,042607	-0,124361	-0,124353	13,931882	0,054172	4,076748	1,793985
49,200000	7,810526	7,841516	1,133574	0,162005	1,949437	-1195,246785	3396,832489	-1300,563836	7,706203	950,263187	30,398958	29,433851	30,691565	29,666628	29,847029	-2,905751	1,030750	0,856975	164653,768142	-0,184392	7,237842	-0,019336	0,000000	2,042803	-0,124358	-0,124359	13,931754	0,054107	4,102637	1,793960
49,400000	7,810355	7,841243	1,126639	0,162424	1,949169	-1194,920987	3396,965761	-1331,376544	7,704511	950,237136	30,401488	29,437652	30,692781	29,667116	29,842260	-2,905588	1,026339	0,856570	164650,941786	-0,184564	7,238006	-0,019284	0,000000	2,043193	-0,124354	-0,124364	13,931670	0,053971	4,115953	1,793932
49,600000	7,810415	7,840909	1,126925	0,162115	1,949940	-1199,603615	3396,968151	-1355,214359	7,702683	950,229829	30,396724	29,439894	30,697414	29,667027	29,845627	-2,905571	1,022788	0,856280	164639,353195	-0,185045	7,238302	-0,019249	0,000000	2,043635	-0,124357	-0,124363	13,931665	0,053915	4,115443	1,793924
49,800000	7,810472	7,840818	1,130367	0,162131	1,950968	-1229,393379	3396,762803	-1374,740719	7,700713	949,365448	30,391246	29,436594	30,698755	29,665241	29,852063	-2,905678	1,024283	0,856242	164617,921268	-0,185319	7,238848	-0,019084	0,000000	2,043796	-0,124363	-0,124359	13,924262	0,054047	4,109122	1,792991
50,000000	7,810299	7,840678	1,137457	0,162325	1,949489	-1268,478906	3396,649810	-1391,601217	7,698910	948,201822	30,391764	29,432707	30,694885	29,664599	29,855102	-2,905610	1,029945	0,856323	164620,358833	-0,185406	7,239520	-0,018928	0,000000	2,043643	-0,124364	-0,124359	13,914110	0,054406	4,095799	1,791735
50,200000	7,810018	7,840550	1,143087	0,161775	1,947906	-1302,812550	3396,703663	-1406,727103	7,697312	948,849155	30,396555	29,432129	30,690142	29,666761	29,853428	-2,905411	1,035175	0,856153	164640,844799	-0,185481	7,240037	-0,018795	0,000000	2,043432	-0,124363	-0,124361	13,919225	0,054739	4,085210	1,792434
50,400000	7,809684	7,840459	1,144874	0,160837	1,949832	-1322,319015	3396,872535	-1413,294060	7,695501	950,204955	30,400699	29,433434	30,689179	29,668691	29,848391	-2,905320	1,035603	0,856080	164642,880735	-0,185178	7,240460	-0,018644	0,000000	2,043093	-0,124364	-0,124360	13,930521	0,054850	4,081972	1,793897
50,600000	7,809414	7,840279	1,142019	0,160838	1,952332	-1314,305710	3397,037565	-1412,033252	7,693539	949,672128	30,401063	29,435255	30,692908	29,667831	29,844619	-2,905337	1,031792	0,856023	164630,407218	-0,184336	7,240890	-0,018744	0,000000	2,042731	-0,124364	-0,124362	13,926276	0,054613	4,087598	1,793322
50,800000	7,809548	7,840381	1,136979	0,161919	1,951265	-1272,915837	3397,025702	-1399,276665	7,691589	948,275530	30,397283	29,436109	30,696930	29,663929	29,848104	-2,905282	1,027727	0,855704	164624,878628	-0,183689	7,241194	-0,019069	0,000000	2,042764	-0,124363	-0,124365	13,915078	0,054058	4,097506	1,791815
51,000000	7,809662	7,840726	1,135791	0,161857	1,949947	-1217,775032	3396,892639	-1371,126093	7,689381	948,740561	30,393508	29,435285	30,697685	29,660657	29,855567	-2,905235	1,027064	0,855511	164618,577204	-0,183686	7,241371	-0,019101	0,000000	2,042799	-0,124363	-0,124360	13,919189	0,053861	4,100069	1,792317
51,200000	7,809549	7,840763	1,137422	0,160789	1,949233	-1196,086179	3396,764291	-1350,238905	7,687413	950,094040	30,393857	29,434683	30,696512	29,662977	29,857753	-2,905375	1,029621	0,855358	164599,801897	-0,183013	7,241487	-0,018969	0,000000	2,042629	-0,124361	-0,124358	13,930318	0,054120	4,097015	1,793778
51,400000	7,809610	7,840529	1,139616	0,160958	1,948042	-1215,728972	3396,783128	-1352,175893	7,685936	950,520814	30,396476	29,435563	30,696177	29,669924	29,853613	-2,905504	1,032132	0,855400	164608,664352	-0,181882	7,241580	-0,019112	0,000000	2,042988	-0,124354	-0,124359	13,933625	0,054401	4,092738	1,794238
51,600000	7,809386	7,840353	1,139778	0,162191	1,947573	-1238,395959	3396,837489	-1360,758390	7,684390	950,436360	30,398951	29,435499	30,695960	29,674091	29,848595	-2,905398	1,033251	0,855823	164671,315202	-0,182017	7,241959	-0,019330	0,000000	2,043926	-0,124352	-0,124357	13,932668	0,054648	4,092558	1,794147
51,800000	7,808708	7,840144	1,137555	0,162714	1,949785	-1247,712915	3396,816110	-1368,242538	7,682635	950,327472	30,400601	29,433300	30,694854	29,670925	29,846717	-2,905274	1,033607	0,856239	164720,318319	-0,182961	7,242816	-0,019410	0,000000	2,044333	-0,124360	-0,124355	13,931667	0,054734	4,097221	1,794029
52,000000	7,808282	7,839947	1,137369	0,162498	1,953528	-1250,259313	3396,834154	-1375,013872	7,680832	950,275567	30,399998	29,432241	30,696570	29,663748	29,849129	-2,905303	1,034851	0,856353	164736,392619	-0,183203	7,243577	-0,019213	0,000000	2,043534	-0,124365	-0,124356	13,931484	0,054480	4,097954	1,793973
52,200000	7,808454	7,839832	1,140187	0,162234	1,953164	-1252,578356	3396,879381	-1376,873476	7,678944	950,244175	30,396827	29,434166	30,703092	29,658322	29,854230	-2,905362	1,034964	0,855948	164768,933102	-0,182886	7,243934	-0,019031	0,000000	2,042637	-0,124364	-0,124353	13,931613	0,054087	4,092765	1,793940
52,400000	7,808784	7,839755	1,139286	0,161510	1,951571	-1261,097649	3396,932987	-1384,462016	7,676910	950,250053	30,394901	29,435760	30,707109	29,659812	29,856210	-2,905490	1,032961	0,855509	164805,752097	-0,183034	7,244178	-0,019067	0,000000	2,042677	-0,124361	-0,124349	13,931696	0,054054	4,094624	1,793946
52,600000	7,808890	7,839646	1,136460	0,161110	1,952284	-1263,639055	3396,966963	-1390,924204	7,674877	949,403315	30,396996	29,436052	30,702412	29,666954	29,852433	-2,905657	1,032531	0,855143	164815,142383	-0,183417	7,244345	-0,019031	0,000000	2,043185	-0,124357	-0,124349	13,924284	0,054343	4,100020	1,793032
52,800000	7,808814	7,839346	1,138021	0,161914	1,952643	-1250,059895	3396,998152	-1381,568317	7,672741	947,330367	30,399838	29,435493	30,697619	29,671494	29,849153	-2,905626	1,033591	0,854969	164828,963395	-0,183794	7,244634	-0,018938	0,000000	2,043646	-0,124356	-0,124355	13,906695	0,054483	4,096991	1,790794
53,000000	7,808436	7,839025	1,138003	0,162735	1,950004	-1242,086271	3397,003349	-1374,277611	7,670678	946,725936	30,398530	29,433925	30,701336	29,668580	29,850276	-2,905485	1,034578	0,855224	164875,709088	-0,184132	7,245308	-0,018891	0,000000	2,044091	-0,124362	-0,124358	13,901646	0,054441	4,097331	1,790141
53,200000	7,808043	7,838950	1,135190	0,162411	1,947011	-1246,775920	3396,821351	-1383,006944	7,669024	948,675589	30,394817	29,431964	30,705053	29,662533	29,851998	-2,905406	1,034218	0,855512	164868,666090	-0,184258	7,246133	-0,018869	0,000000	2,043670	-0,124366	-0,124355	13,918060	0,054444	4,103241	1,792247
53,400000	7,808156	7,838817	1,132861	0,161619	1,947065	-1242,538301	3396,649042	-1394,507490	7,667344	950,402623	30,394181	29,429712	30,701755	29,660038	29,852442	-2,905324	1,033367	0,856083	164789,087533	-0,184594	7,246699	-0,018986	0,000000	2,042184	-0,124362	-0,124356	13,932531	0,054502	4,107969	1,794110
53,600000	7,808403	7,838428	1,131702	0,161479	1,947014	-1238,710036	3396,699265	-1399,584515	7,665468	949,773838	30,397326	29,430108	30,699771	29,662107	29,852568	-2,905275	1,032590	0,856535	164764,587392	-0,184646	7,246926	-0,019228	0,000000	2,041693	-0,124356	-0,124363	13,927247	0,054497	4,110120	1,793432
53,800000	7,807987	7,838147	1,133443	0,161915	1,947573	-1272,880398	3396,886734	-1411,281301	7,663653	948,324433	30,400932	29,433141	30,698211	29,666560	29,852868	-2,905419	1,030563	0,856467	164802,841620	-0,183866	7,247225	-0,019305	0,000000	2,042621	-0,124355	-0,124366	13,915043	0,054504	4,106739	1,791868
54,000000	7,807048	7,837842	1,138565	0,162410	1,950530	-1318,943057	3397,004165	-1423,562638	7,661841	948,801096	30,401392	29,434878	30,692178	29,669532	29,852953	-2,905534	1,030073	0,856324	164829,157317	-0,183972	7,247720	-0,019222	0,000000	2,043634	-0,124358	-0,124364	13,918986	0,054574	4,096930	1,792382
54,200000	7,806698	7,837487	1,143371	0,162835	1,953928	-1317,370444	3396,960695	-1416,361555	7,660005	950,138232	30,399069	29,435790	30,691271	29,668200	29,854082	-2,905334	1,031135	0,856078	164835,032462	-0,185008	7,248242	-0,019104	0,000000	2,044325	-0,124361	-0,124360	13,930249	0,054560	4,087843	1,793825
54,400000	7,807053	7,837589	1,143953	0,162542	1,954496	-1292,320217	3396,930987	-1403,681400	7,658159	950,555800	30,395545	29,436834	30,698247	29,664741	29,857827	-2,905126	1,032461	0,856090	164829,589857	-0,184980	7,249015	-0,019031	0,000000	2,044715	-0,124360	-0,124355	13,933640	0,054681	4,087296	1,794276
54,600000	7,807262	7,837800	1,139891	0,161553	1,951644	-1283,252486	3396,886582	-1402,158513	7,656350	950,475946	30,393812	29,435050	30,704829	29,662935	29,859376	-2,905243	1,033782	0,856302	164821,771796	-0,184324	7,249883	-0,019128	0,000000	2,044387	-0,124356	-0,124353	13,932687	0,054962	4,095761	1,794190
54,800000	7,807229	7,837588	1,132899	0,161179	1,950039	-1274,339751	3396,855993	-1408,264267	7,654597	950,363997	30,398747	29,432413	30,703644	29,663245	29,855487	-2,905491	1,033825	0,856219	164819,620900	-0,184300	7,250279	-0,019259	0,000000	2,043498	-0,124356	-0,124356	13,931671	0,055037	4,109341	1,794069
55,000000	7,807327	7,837292	1,128517	0,161777	1,949391	-1262,636945	3396,948289	-1416,543679	7,652705	950,346293	30,405374	29,434184	30,697043	29,664115	29,848971	-2,905562	1,033013	0,856341	164814,553715	-0,184238	7,250272	-0,019344	0,000000	2,043233	-0,124358	-0,124361	13,931482	0,055077	4,117548	1,794050
55,200000	7,807324	7,837203	1,129868	0,162712	1,946828	-1266,277823	3397,015949	-1420,974949	7,650768	950,363006	30,404984	29,437449	30,695235	29,664964	29,846156	-2,905491	1,032265	0,856813	164806,813686	-0,183357	7,250360	-0,019244	0,000000	2,043507	-0,124361	-0,124361	13,931611	0,055088	4,114875	1,794068
55,400000	7,807090	7,837213	1,132561	0,163218	1,943441	-1273,788612	3396,925973	-1416,031589	7,649051	951,220512	30,399245	29,437027	30,699788	29,664833	29,850181	-2,905483	1,031528	0,856948	164806,158454	-0,182662	7,250836	-0,018961	0,000000	2,043573	-0,124362	-0,124358	13,939113	0,054796	4,110018	1,794993
55,600000	7,807070	7,837194	1,132741	0,163078	1,943125	-1273,559937	3396,736255	-1409,090141	7,647457	953,272776	30,395083	29,434145	30,703988	29,663867	29,857119	-2,905477	1,030393	0,856785	164805,394925	-0,182670	7,251567	-0,018976	0,000000	2,043521	-0,124357	-0,124359	13,956695	0,054460	4,110172	1,797204
55,800000	7,807209	7,837027	1,132842	0,162648	1,944926	-1278,944143	3396,733651	-1410,591186	7,645574	954,753899	30,395430	29,432429	30,704808	29,665600	29,860631	-2,905351	1,031653	0,856747	164820,395492	-0,182478	7,252157	-0,019319	0,000000	2,043314	-0,124352	-0,124355	13,969140	0,054450	4,110269	1,798800
56,000000	7,807147	7,836693	1,131504	0,162531	1,943496	-1273,945241	3396,860474	-1407,056901	7,643482	954,912023	30,398449	29,432627	30,702652	29,670347	29,856642	-2,905312	1,034650	0,856678	164846,328416	-0,182645	7,252320	-0,019514	0,000000	2,043064	-0,124356	-0,124352	13,970296	0,054621	4,112757	1,798970
56,200000	7,807019	7,836527	1,128434	0,162953	1,940470	-1242,335232	3396,879528	-1389,129416	7,641622	954,672663	30,401693	29,433954	30,698054	29,671625	29,849482	-2,905436	1,036316	0,856740	164849,933663	-0,183911	7,252447	-0,019444	0,000000	2,043252	-0,124360	-0,124359	13,968286	0,054622	4,118605	1,798712
56,400000	7,806808	7,836753	1,129041	0,163004	1,939134	-1223,631414	3396,885786	-1377,844185	7,639864	954,530872	30,402734	29,434550	30,694825	29,667226	29,846152	-2,905456	1,036168	0,856769	164850,695496	-0,184679	7,253100	-0,019353	0,000000	2,043677	-0,124363	-0,124363	13,967317	0,054401	4,117854	1,798559
56,600000	7,806287	7,836945	1,132065	0,162464	1,940758	-1247,927661	3396,917930	-1388,612725	7,637970	954,488278	30,400209	29,433223	30,696596	29,663063	29,849280	-2,905400	1,033669	0,856456	164837,141585	-0,184582	7,253803	-0,019240	0,000000	2,043478	-0,124363	-0,124360	13,967353	0,054008	4,112541	1,798514
56,800000	7,806021	7,836797	1,135141	0,162214	1,944070	-1287,626796	3396,922097	-1406,693233	7,636053	953,592401	30,397141	29,432212	30,702543	29,662725	29,855472	-2,905408	1,031208	0,856184	164786,526772	-0,184480	7,253904	-0,018947	0,000000	2,042383	-0,124356	-0,124359	13,960138	0,053700	4,106697	1,797549
57,000000	7,806094	7,836611	1,134587	0,162546	1,948181	-1298,946214	3396,846488	-1410,332762	7,634198	952,398011	30,396382	29,432742	30,706491	29,664469	29,858726	-2,905469	1,031169	0,856066	164763,841987	-0,184362	7,253769	-0,018753	0,000000	2,041748	-0,124351	-0,124360	13,950048	0,053758	4,107645	1,796262
57,200000	7,805978	7,836391	1,126355	0,162690	1,951554	-1264,688122	3396,812004	-1397,382509	7,632242	953,048993	30,397917	29,433088	30,705144	29,668194	29,856537	-2,905571	1,032750	0,856077	164795,846994	-0,184189	7,253998	-0,018787	0,000000	2,042561	-0,124349	-0,124364	13,955149	0,054125	4,123562	1,796963
57,400000	7,805838	7,835901	1,122303	0,162650	1,949230	-1212,282308	3396,903891	-1373,559844	7,630298	954,440220	30,400493	29,432915	30,701119	29,672103	29,851891	-2,905626	1,032219	0,856073	164826,208859	-0,184071	7,254467	-0,018794	0,000000	2,043707	-0,124353	-0,124367	13,966428	0,054529	4,131424	1,798462
57,600000	7,805736	7,835521	1,130471	0,162903	1,943021	-1197,038133	3396,910873	-1351,282165	7,628565	954,837024	30,400621	29,433326	30,699199	29,670362	29,850137	-2,905484	1,028530	0,856070	164824,422838	-0,184677	7,255026	-0,018958	0,000000	2,044090	-0,124363	-0,124367	13,969596	0,054691	4,115683	1,798889
57,800000	7,805554	7,835637	1,137879	0,163022	1,940023	-1232,248115	3396,874977	-1348,543296	7,626794	954,710550	30,398558	29,433875	30,703102	29,664130	29,852150	-2,905221	1,024543	0,856322	164814,177593	-0,185325	7,255851	-0,019110	0,000000	2,043796	-0,124371	-0,124362	13,968559	0,054667	4,101979	1,798753
58,000000	7,805372	7,835890	1,135666	0,162468	1,943274	-1259,254465	3396,912338	-1362,408989	7,624894	954,595958	30,398112	29,433441	30,706295	29,661282	29,855297	-2,905300	1,023419	0,856740	164800,532655	-0,185284	7,256647	-0,019081	0,000000	2,043233	-0,124369	-0,124358	13,967555	0,054709	4,106850	1,798630
58,200000	7,805163	7,836059	1,128433	0,161520	1,947044	-1238,028426	3396,937172	-1374,092775	7,623082	954,584772	30,400663	29,432499	30,701577	29,665255	29,856844	-2,905502	1,024570	0,857029	164793,697408	-0,185435	7,256998	-0,019231	0,000000	2,042685	-0,124358	-0,124359	13,967387	0,054783	4,121041	1,798618
58,400000	7,804913	7,836080	1,120954	0,161480	1,946635	-1206,192457	3396,943356	-1371,408327	7,621350	954,576285	30,403551	29,433248	30,695506	29,671241	29,856454	-2,905500	1,024167	0,856804	164881,139644	-0,185410	7,257045	-0,019435	0,000000	2,042960	-0,124353	-0,124360	13,967522	0,054577	4,135524	1,798608
58,600000	7,804604	7,835852	1,119403	0,162297	1,946099	-1208,452831	3396,896786	-1371,076892	7,619490	954,551553	30,403042	29,434889	30,697118	29,673060	29,856225	-2,905599	1,025293	0,856352	165027,163848	-0,185398	7,257082	-0,019481	0,000000	2,043959	-0,124356	-0,124363	13,967604	0,054287	4,138465	1,798582
58,800000	7,804335	7,835798	1,125617	0,162572	1,946172	-1249,967801	3396,848316	-1389,201732	7,617610	954,544800	30,399767	29,434792	30,703533	29,669238	29,856759	-2,905639	1,028820	0,855971	165071,494577	-0,185213	7,257217	-0,019306	0,000000	2,044026	-0,124360	-0,124366	13,967608	0,054226	4,126501	1,798574
59,000000	7,804382	7,835816	1,134687	0,161938	1,944735	-1296,612274	3396,843956	-1401,938742	7,615854	954,523200	30,395811	29,433754	30,709265	29,663659	29,858508	-2,905411	1,031862	0,855688	165022,330893	-0,184382	7,257527	-0,019145	0,000000	2,043198	-0,124362	-0,124363	13,967594	0,054060	4,109235	1,798551
59,200000	7,804658	7,835415	1,137235	0,161554	1,943020	-1304,836746	3396,791953	-1402,579034	7,614009	955,366188	30,394810	29,433109	30,710362	29,661358	29,861072	-2,905256	1,033834	0,855998	164987,402773	-0,184357	7,258046	-0,019204	0,000000	2,042688	-0,124361	-0,124357	13,975005	0,053724	4,104464	1,799459
59,400000	7,804580	7,834916	1,130033	0,161849	1,944099	-1284,621878	3396,735704	-1405,940518	7,612024	957,455138	30,399061	29,432732	30,705400	29,662978	29,858724	-2,905502	1,033102	0,856351	164983,569456	-0,184499	7,258610	-0,019240	0,000000	2,042746	-0,124356	-0,124359	13,992581	0,053668	4,118373	1,801706
59,600000	7,804293	7,834833	1,128253	0,161984	1,946347	-1261,897567	3396,845624	-1397,775875	7,610128	958,075451	30,404722	29,434015	30,701296	29,666463	29,851219	-2,905729	1,032236	0,856107	164991,525563	-0,184355	7,259219	-0,019182	0,000000	2,043073	-0,124355	-0,124360	13,997624	0,053823	4,122052	1,802373
59,800000	7,804118	7,835032	1,131464	0,161847	1,944724	-1240,891744	3397,037398	-1375,070367	7,608193	957,010258	30,404721	29,436650	30,703131	29,668333	29,848402	-2,905536	1,032704	0,855996	165005,938231	-0,184652	7,259803	-0,019255	0,000000	2,043120	-0,124359	-0,124362	13,988629	0,053889	4,116252	1,801228
60,000000	7,803822	7,835035	1,129882	0,161369	1,941370	-1239,786645	3396,946761	-1369,302685	7,606165	957,396751	30,397614	29,435540	30,708216	29,666186	29,853780	-2,905381	1,032954	0,856090	165011,675328	-0,184702	7,260048	-0,019427	0,000000	2,042961	-0,124359	-0,124366	13,991735	0,054024	4,119536	1,801643
60,200000	7,803634	7,834734	1,130063	0,160835	1,940455	-1281,944316	3396,683366	-1399,431522	7,604456	958,650925	30,392254	29,430734	30,711189	29,663442	29,860588	-2,905577	1,032907	0,855706	165011,852372	-0,184572	7,260208	-0,019399	0,000000	2,043013	-0,124356	-0,124365	14,002061	0,054209	4,119244	1,802991
60,400000	7,803785	7,834411	1,132422	0,161048	1,942600	-1354,219668	3396,634535	-1446,413852	7,602905	958,148725	30,394333	29,428878	30,709437	29,663530	29,862354	-2,905784	1,033874	0,855344	165019,064799	-0,184807	7,260636	-0,019288	0,000000	2,043149	-0,124358	-0,124362	13,997852	0,054210	4,114777	1,802452
60,600000	7,804098	7,834146	1,129556	0,161861	1,943821	-1413,275771	3396,798156	-1495,949717	7,601054	956,826352	30,399908	29,431365	30,704030	29,665722	29,858505	-2,905830	1,035779	0,855804	165018,605000	-0,184975	7,261012	-0,019261	0,000000	2,043208	-0,124362	-0,124362	13,986857	0,054120	4,120300	1,801030
60,800000	7,804168	7,833916	1,123142	0,162469	1,943710	-1436,775708	3396,930657	-1547,873499	7,598987	957,341422	30,403491	29,434099	30,699505	29,667628	29,851157	-2,905852	1,035392	0,856311	164984,621167	-0,184813	7,261155	-0,019200	0,000000	2,043166	-0,124361	-0,124364	13,991035	0,054260	4,132627	1,801584
61,000000	7,803732	7,833980	1,122173	0,162529	1,944483	-1428,963493	3396,870403	-1575,280356	7,597021	958,693348	30,402635	29,433735	30,699406	29,665431	29,846450	-2,905793	1,033814	0,856225	164904,901582	-0,184589	7,261455	-0,019175	0,000000	2,042966	-0,124361	-0,124366	14,002150	0,054476	4,134721	1,803037
61,200000	7,803344	7,834131	1,128119	0,162278	1,943220	-1402,928529	3396,775928	-1555,718499	7,595061	959,062843	30,399248	29,431976	30,701604	29,660183	29,851624	-2,905637	1,032773	0,855912	164835,213529	-0,184487	7,261908	-0,019265	0,000000	2,042892	-0,124364	-0,124362	14,005438	0,054282	4,123544	1,803434
61,400000	7,803479	7,833877	1,134575	0,161860	1,939381	-1379,051614	3396,732819	-1510,301645	7,593079	957,998527	30,396922	29,432513	30,704118	29,658618	29,861611	-2,905472	1,031319	0,855839	164812,351594	-0,184621	7,262132	-0,019347	0,000000	2,043039	-0,124363	-0,124357	13,997060	0,053743	4,111100	1,802290
61,600000	7,803716	7,833359	1,135984	0,161428	1,937111	-1374,867974	3396,726741	-1485,559428	7,591366	955,743523	30,396353	29,434459	30,706842	29,661899	29,865391	-2,905344	1,028551	0,855921	164783,078538	-0,184686	7,262311	-0,019305	0,000000	2,042971	-0,124357	-0,124355	13,978486	0,053409	4,108256	1,799865
61,800000	7,803604	7,833035	1,133259	0,161467	1,939298	-1380,295103	3396,814384	-1491,620631	7,589633	955,168098	30,397680	29,435664	30,707359	29,666454	29,860980	-2,905327	1,025181	0,855707	164790,899462	-0,184527	7,262821	-0,019177	0,000000	2,043107	-0,124353	-0,124357	13,973262	0,053804	4,113635	1,799245
62,000000	7,803241	7,833248	1,129549	0,161895	1,940878	-1366,906762	3396,881036	-1491,279390	7,587691	956,324443	30,399837	29,435491	30,703623	29,670197	29,855765	-2,905396	1,025406	0,855795	164869,287007	-0,184266	7,263490	-0,019118	0,000000	2,043911	-0,124355	-0,124362	13,982387	0,054380	4,121236	1,800490
62,200000	7,802842	7,833627	1,122629	0,161947	1,938508	-1336,575700	3396,895801	-1479,029959	7,585904	955,950335	30,400717	29,435030	30,699670	29,669959	29,855134	-2,905450	1,026726	0,856370	164894,107977	-0,183976	7,263822	-0,018984	0,000000	2,044010	-0,124361	-0,124365	13,979364	0,054265	4,134999	1,800087
62,400000	7,802481	7,833458	1,119314	0,162070	1,937595	-1329,361889	3396,896744	-1484,149209	7,584227	954,667848	30,400220	29,435949	30,703386	29,663712	29,856990	-2,905424	1,026256	0,856683	164838,720955	-0,183881	7,263729	-0,018705	0,000000	2,042938	-0,124365	-0,124363	13,969043	0,053825	4,141377	1,798707
62,600000	7,802440	7,832838	1,125938	0,162216	1,939382	-1361,651304	3396,917820	-1500,850474	7,582349	955,149174	30,398096	29,436745	30,712734	29,657794	29,859720	-2,905330	1,026941	0,856745	164793,220513	-0,184208	7,263712	-0,018663	0,000000	2,042226	-0,124365	-0,124358	13,973238	0,053669	4,128281	1,799225
62,800000	7,802623	7,832318	1,130602	0,162183	1,939374	-1384,171150	3396,952014	-1504,056264	7,580405	957,362393	30,396855	29,435832	30,714890	29,660356	29,862540	-2,905493	1,029143	0,856613	164780,302469	-0,184081	7,264035	-0,018930	0,000000	2,042470	-0,124365	-0,124356	13,991644	0,053827	4,119223	1,801606
63,000000	7,802762	7,832030	1,126797	0,162689	1,937041	-1363,820016	3396,889668	-1494,715905	7,578587	958,100260	30,399808	29,434594	30,708003	29,667852	29,861948	-2,905825	1,029779	0,855910	164743,500723	-0,183630	7,264579	-0,019215	0,000000	2,043090	-0,124361	-0,124358	13,997624	0,054032	4,126693	1,802400
63,200000	7,802941	7,831933	1,121920	0,162881	1,937231	-1335,390363	3396,813401	-1486,795159	7,576784	956,165847	30,403112	29,434563	30,703947	29,671181	29,858604	-2,905746	1,026728	0,855440	164686,134638	-0,184413	7,265290	-0,019129	0,000000	2,043639	-0,124360	-0,124361	13,981395	0,054042	4,136488	1,800319
63,400000	7,802861	7,832054	1,121423	0,162339	1,938614	-1331,969935	3396,801858	-1483,383170	7,575036	955,289399	30,400936	29,435478	30,710388	29,667811	29,857319	-2,905555	1,025082	0,855978	164670,524000	-0,184879	7,265897	-0,018892	0,000000	2,043855	-0,124365	-0,124361	13,974227	0,053857	4,137934	1,799376
63,600000	7,802567	7,832113	1,125764	0,161857	1,936629	-1345,358141	3396,795610	-1478,519958	7,573432	957,095976	30,395095	29,434878	30,717989	29,661331	29,858518	-2,905567	1,026295	0,856368	164644,204900	-0,184114	7,266207	-0,018948	0,000000	2,043335	-0,124366	-0,124357	13,989591	0,053646	4,129796	1,801320
63,800000	7,802539	7,831839	1,130459	0,161644	1,934259	-1351,140721	3396,794805	-1471,060033	7,571688	957,940272	30,393688	29,432586	30,715197	29,657364	29,859212	-2,905453	1,025990	0,856436	164590,914461	-0,183856	7,266454	-0,018966	0,000000	2,042486	-0,124363	-0,124353	13,996672	0,053643	4,120696	1,802228
64,000000	7,802451	7,831471	1,131284	0,161248	1,934914	-1340,175838	3396,904309	-1460,002471	7,569625	956,138608	30,398560	29,432650	30,710671	29,659086	29,858629	-2,905307	1,025404	0,856545	164595,152014	-0,184083	7,266760	-0,019011	0,000000	2,042166	-0,124358	-0,124354	13,981445	0,053763	4,119040	1,800290
64,200000	7,801886	7,831397	1,128782	0,161124	1,937933	-1312,082810	3397,037512	-1440,107486	7,567613	954,403582	30,402587	29,434196	30,706699	29,664113	29,858537	-2,905506	1,028736	0,856109	164647,125859	-0,183668	7,266972	-0,019289	0,000000	2,042596	-0,124352	-0,124358	13,967015	0,053634	4,123892	1,798422
64,400000	7,801331	7,831512	1,124699	0,161723	1,937999	-1270,738491	3396,962929	-1413,556624	7,565923	954,082493	30,402296	29,433810	30,698267	29,667234	29,857914	-2,905677	1,031547	0,855590	164718,322784	-0,183321	7,267093	-0,019300	0,000000	2,043386	-0,124356	-0,124359	13,964664	0,053290	4,131836	1,798077
64,600000	7,801180	7,831775	1,120098	0,162072	1,935393	-1239,124600	3396,856212	-1396,282673	7,564246	953,390781	30,399574	29,433086	30,698988	29,667082	29,859064	-2,905487	1,027290	0,855837	164789,801472	-0,183797	7,267411	-0,019060	0,000000	2,043874	-0,124366	-0,124359	13,959204	0,052942	4,141132	1,797332
64,800000	7,801202	7,832088	1,119810	0,162167	1,934449	-1232,582954	3396,847541	-1389,258796	7,562379	952,314716	30,394421	29,433079	30,709487	29,665933	29,864236	-2,905408	1,020209	0,856514	164824,575351	-0,184284	7,267817	-0,019081	0,000000	2,043855	-0,124368	-0,124357	13,950229	0,052877	4,142218	1,796172
65,000000	7,801454	7,831931	1,128309	0,162311	1,934019	-1245,179092	3396,766493	-1378,313106	7,560536	952,972373	30,391004	29,432081	30,713716	29,664455	29,865203	-2,905498	1,016943	0,856407	164831,665625	-0,184460	7,267788	-0,019232	0,000000	2,043426	-0,124366	-0,124355	13,955399	0,053232	4,125648	1,796881
65,200000	7,801576	7,831405	1,134492	0,162063	1,932905	-1261,754516	3396,736889	-1369,508548	7,558786	954,330485	30,395920	29,430512	30,709645	29,663591	29,860105	-2,905575	1,020244	0,855909	164826,907935	-0,184257	7,267533	-0,019294	0,000000	2,042937	-0,124365	-0,124356	13,966484	0,053551	4,113268	1,798344
65,400000	7,801035	7,831200	1,132054	0,161720	1,933219	-1257,567334	3396,883421	-1368,167377	7,556846	954,729430	30,403061	29,432608	30,705056	29,663578	29,855006	-2,905646	1,026761	0,856155	164819,910383	-0,183978	7,267663	-0,019179	0,000000	2,042879	-0,124361	-0,124358	13,969568	0,053816	4,117859	1,798773
65,600000	7,800539	7,831368	1,128296	0,161715	1,937110	-1229,254319	3397,033568	-1360,869793	7,554738	954,633499	30,402503	29,437751	30,706014	29,663205	29,854053	-2,905709	1,031821	0,856612	164814,451476	-0,184269	7,268140	-0,018906	0,000000	2,043037	-0,124355	-0,124359	13,968537	0,054042	4,125426	1,798670
65,800000	7,800704	7,831306	1,127047	0,161856	1,940033	-1198,430253	3396,981937	-1338,532136	7,552971	953,608756	30,396568	29,439337	30,710526	29,663264	29,858937	-2,905712	1,033736	0,856307	164813,224336	-0,184813	7,268632	-0,018821	0,000000	2,043191	-0,124353	-0,124359	13,960135	0,053841	4,128139	1,797566
66,000000	7,800938	7,831104	1,130327	0,161812	1,939732	-1182,449290	3396,812989	-1316,480932	7,551408	952,335239	30,393280	29,437026	30,712137	29,663312	29,865882	-2,905555	1,032093	0,855778	164818,441541	-0,184627	7,268987	-0,018860	0,000000	2,043359	-0,124354	-0,124355	13,949815	0,053464	4,121940	1,796194
66,200000	7,800791	7,831062	1,134063	0,161593	1,940433	-1195,208410	3396,802284	-1314,383938	7,549475	952,961327	30,394403	29,435888	30,710667	29,664559	29,867918	-2,905417	1,030623	0,856055	164812,481698	-0,184375	7,269314	-0,018863	0,000000	2,043240	-0,124355	-0,124353	13,955064	0,053474	4,114881	1,796869
66,400000	7,800650	7,830931	1,130366	0,161895	1,943739	-1227,511123	3396,848002	-1332,682534	7,547622	954,356475	30,397696	29,436053	30,707896	29,667964	29,861728	-2,905452	1,031179	0,856441	164802,607599	-0,184853	7,269720	-0,018958	0,000000	2,043025	-0,124356	-0,124356	13,966442	0,053812	4,122155	1,798372
66,600000	7,800541	7,830638	1,125049	0,162881	1,946583	-1243,060656	3396,877802	-1356,679631	7,546114	954,747524	30,400345	29,436213	30,705367	29,668539	29,853509	-2,905499	1,032433	0,856058	164815,792742	-0,185033	7,270131	-0,019055	0,000000	2,043224	-0,124358	-0,124360	13,969618	0,053918	4,132535	1,798793
66,800000	7,800224	7,830402	1,126089	0,163284	1,945235	-1229,819612	3396,942555	-1364,641878	7,544182	955,485994	30,400299	29,436292	30,706278	29,664882	29,851700	-2,905451	1,032607	0,855609	164841,622083	-0,184431	7,270487	-0,018903	0,000000	2,043869	-0,124360	-0,124360	13,975981	0,053752	4,130614	1,799588
67,000000	7,799917	7,830135	1,131011	0,162735	1,943035	-1211,935505	3396,930490	-1351,921600	7,542106	956,581531	30,398876	29,435079	30,708592	29,661217	29,857330	-2,905467	1,032226	0,855707	164818,748540	-0,183962	7,270705	-0,018772	0,000000	2,043754	-0,124361	-0,124357	13,985128	0,053795	4,121116	1,800766
67,200000	7,799945	7,829748	1,139191	0,161996	1,942661	-1216,867977	3396,820069	-1336,416382	7,540479	955,972466	30,397435	29,433572	30,710781	29,661096	29,863570	-2,905570	1,033901	0,855785	164751,957765	-0,184084	7,270938	-0,019040	0,000000	2,042585	-0,124360	-0,124356	13,979845	0,053970	4,105350	1,800111
67,400000	7,800139	7,829584	1,141351	0,161516	1,942190	-1246,904814	3396,734986	-1339,930380	7,538810	954,671815	30,395840	29,433065	30,714200	29,664270	29,865037	-2,905643	1,034933	0,856119	164749,377927	-0,184406	7,271518	-0,019393	0,000000	2,042370	-0,124362	-0,124357	13,968684	0,054217	4,101511	1,798711
67,600000	7,800032	7,829620	1,130947	0,161437	1,942847	-1268,577374	3396,778673	-1363,193898	7,536903	953,498463	30,394749	29,433922	30,714009	29,668563	29,861646	-2,905659	1,034290	0,856901	164807,693986	-0,184602	7,272176	-0,019472	0,000000	2,043290	-0,124366	-0,124359	13,958177	0,054873	4,121922	1,797448
67,800000	7,799806	7,829662	1,124129	0,161711	1,945060	-1262,926621	3396,822989	-1390,269474	7,535029	952,477533	30,395336	29,435607	30,709198	29,670600	29,856721	-2,905611	1,033728	0,857097	164843,395993	-0,183734	7,272493	-0,019451	0,000000	2,043765	-0,124367	-0,124363	13,949063	0,055411	4,135270	1,796348
68,000000	7,799654	7,829787	1,129895	0,162170	1,946628	-1253,143594	3396,868751	-1398,273170	7,533146	953,175765	30,396618	29,436680	30,707357	29,666323	29,855641	-2,905529	1,033070	0,856888	164841,018736	-0,182760	7,272617	-0,019369	0,000000	2,043780	-0,124368	-0,124363	13,955169	0,055170	4,124159	1,797100
68,200000	7,799598	7,829876	1,138484	0,162137	1,945734	-1253,085229	3396,934650	-1378,976805	7,531222	953,578209	30,395893	29,435777	30,709815	29,658647	29,857491	-2,905529	1,031188	0,856756	164825,466368	-0,182862	7,272681	-0,019038	0,000000	2,043723	-0,124369	-0,124355	13,959211	0,054509	4,107709	1,797534
68,400000	7,799710	7,829588	1,142056	0,161790	1,945140	-1266,989014	3396,898589	-1370,356088	7,529357	951,786360	30,394408	29,432601	30,712418	29,655917	29,858777	-2,905605	1,028023	0,856532	164797,389557	-0,183689	7,272715	-0,018857	0,000000	2,043120	-0,124366	-0,124353	13,944674	0,053992	4,100820	1,795603
68,600000	7,799660	7,828948	1,137645	0,161913	1,947705	-1297,475172	3396,879710	-1391,286294	7,527553	951,041679	30,396655	29,432194	30,712323	29,661272	29,859927	-2,905610	1,026114	0,856461	164771,126645	-0,185160	7,272991	-0,019011	0,000000	2,042458	-0,124359	-0,124359	13,938510	0,053896	4,109148	1,794800
68,800000	7,799347	7,828551	1,130471	0,162411	1,951095	-1301,108299	3396,940218	-1408,166583	7,525749	952,913531	30,400591	29,436487	30,709933	29,668319	29,860990	-2,905573	1,025575	0,856152	164836,132226	-0,185241	7,273536	-0,019213	0,000000	2,043077	-0,124358	-0,124361	13,953914	0,054223	4,123024	1,796817
69,000000	7,799115	7,828663	1,131223	0,162566	1,950674	-1263,259133	3396,942440	-1401,544003	7,523864	953,763015	30,400242	29,438331	30,708523	29,669795	29,860705	-2,905575	1,026364	0,855637	164969,906814	-0,184021	7,274031	-0,019371	0,000000	2,044161	-0,124362	-0,124360	13,960813	0,054458	4,121855	1,797733
69,200000	7,799135	7,828918	1,136107	0,162048	1,948504	-1247,399341	3396,815052	-1387,124839	7,521986	951,901669	30,394943	29,435718	30,709773	29,665682	29,860014	-2,905563	1,028303	0,855665	165041,225162	-0,183654	7,274404	-0,019383	0,000000	2,043931	-0,124365	-0,124362	13,945512	0,054123	4,112809	1,795727
69,400000	7,799205	7,828941	1,138774	0,161634	1,949251	-1271,199218	3396,693771	-1385,267225	7,520207	950,134362	30,390563	29,432795	30,713035	29,660775	29,860950	-2,905362	1,030876	0,856083	165029,748472	-0,183285	7,274807	-0,019257	0,000000	2,042931	-0,124364	-0,124363	13,931089	0,053688	4,108002	1,793821
69,600000	7,799120	7,828655	1,139467	0,161669	1,949490	-1290,569123	3396,734052	-1396,411598	7,518381	950,738223	30,392026	29,432287	30,715251	29,658947	29,862112	-2,905324	1,032837	0,856541	165003,280352	-0,182986	7,275120	-0,019180	0,000000	2,042384	-0,124360	-0,124361	13,936173	0,053682	4,106750	1,794472
69,800000	7,798684	7,828319	1,135347	0,161672	1,948462	-1284,002046	3396,824840	-1403,213760	7,516499	952,194175	30,396962	29,434524	30,712816	29,660300	29,858275	-2,905753	1,031991	0,856384	164990,594946	-0,183599	7,275329	-0,019264	0,000000	2,042364	-0,124355	-0,124360	13,948293	0,053800	4,114577	1,796042
70,000000	7,798120	7,828265	1,129657	0,161746	1,948055	-1253,998741	3396,902925	-1397,116217	7,514648	951,718260	30,401308	29,436486	30,706835	29,662935	29,851096	-2,905890	1,030554	0,856062	164984,645560	-0,184411	7,275681	-0,019338	0,000000	2,042482	-0,124349	-0,124362	13,944359	0,053734	4,125641	1,795529
70,200000	7,797922	7,828364	1,133344	0,162021	1,947784	-1227,835580	3396,999395	-1380,855341	7,512789	950,355511	30,400410	29,436919	30,706895	29,664481	29,850343	-2,905559	1,030770	0,856240	164994,396634	-0,184957	7,276103	-0,019330	0,000000	2,042674	-0,124349	-0,124364	13,933115	0,053522	4,118787	1,794060
70,400000	7,797922	7,828216	1,143628	0,162053	1,947150	-1237,057543	3397,018185	-1361,906698	7,510963	950,820845	30,393690	29,435799	30,715513	29,663299	29,857361	-2,905371	1,030157	0,856264	165010,891739	-0,184658	7,276394	-0,019262	0,000000	2,043046	-0,124358	-0,124361	13,937147	0,053402	4,099243	1,794562
70,600000	7,798007	7,827856	1,144541	0,162008	1,946496	-1257,774396	3396,925548	-1359,452964	7,509239	953,045519	30,388854	29,432591	30,721991	29,661116	29,863848	-2,905450	1,026797	0,856427	165011,523386	-0,184002	7,276690	-0,019125	0,000000	2,043353	-0,124366	-0,124355	13,955674	0,053572	4,097629	1,796960
70,800000	7,798225	7,827714	1,138645	0,161942	1,949984	-1260,187989	3396,822457	-1373,967700	7,507579	953,807178	30,391124	29,430101	30,719351	29,660480	29,863917	-2,905557	1,025513	0,856936	165005,300441	-0,184085	7,277145	-0,019101	0,000000	2,043327	-0,124369	-0,124354	13,961730	0,053912	4,109120	1,797780
71,000000	7,798271	7,827763	1,136097	0,161350	1,955477	-1260,828922	3396,906702	-1387,262625	7,505777	951,908128	30,397400	29,431850	30,711808	29,662661	29,858189	-2,905609	1,028995	0,856926	165000,294763	-0,183838	7,277551	-0,019085	0,000000	2,043043	-0,124365	-0,124356	13,945506	0,054183	4,114150	1,795734
71,200000	7,798099	7,827605	1,139924	0,161077	1,956895	-1267,840651	3397,017309	-1391,525374	7,503873	950,179584	30,401406	29,434926	30,710064	29,666535	29,851256	-2,905618	1,032270	0,856066	165007,177980	-0,182969	7,277940	-0,018983	0,000000	2,042815	-0,124357	-0,124356	13,930907	0,054250	4,106868	1,793870
71,400000	7,797787	7,827466	1,145444	0,161763	1,956157	-1274,291011	3396,910082	-1388,677676	7,502110	950,783812	30,400934	29,435168	30,714322	29,665970	29,850218	-2,905482	1,033351	0,855535	165025,974371	-0,183383	7,278441	-0,019048	0,000000	2,042731	-0,124355	-0,124358	13,936107	0,054131	4,096568	1,794522
71,600000	7,797525	7,827525	1,143853	0,162129	1,957236	-1275,393293	3396,795890	-1388,067228	7,500331	953,093961	30,397482	29,434971	30,716766	29,660216	29,857223	-2,905388	1,033926	0,855964	165023,443746	-0,184649	7,278853	-0,019010	0,000000	2,042620	-0,124361	-0,124356	13,955722	0,053931	4,099904	1,797012
71,800000	7,797584	7,827293	1,139875	0,161615	1,959081	-1268,660578	3396,763988	-1390,953330	7,498434	953,802890	30,394533	29,435299	30,717005	29,657480	29,864634	-2,905448	1,034544	0,856310	165006,832056	-0,184951	7,278995	-0,018838	0,000000	2,042452	-0,124364	-0,124353	13,961952	0,053655	4,107502	1,797776
72,000000	7,797678	7,826850	1,135778	0,161322	1,956786	-1259,806174	3396,786937	-1395,603889	7,496532	952,725148	30,394695	29,435044	30,716269	29,661334	29,865683	-2,905382	1,034489	0,856290	164985,042650	-0,184634	7,279103	-0,019004	0,000000	2,042452	-0,124361	-0,124356	13,952996	0,053559	4,115232	1,796614
72,200000	7,797566	7,826714	1,133492	0,161739	1,953569	-1256,620324	3396,850467	-1401,773812	7,494662	953,114616	30,396660	29,435381	30,714767	29,667273	29,860552	-2,905179	1,034225	0,856127	165002,234223	-0,184179	7,279618	-0,019462	0,000000	2,043057	-0,124359	-0,124357	13,955883	0,053942	4,119847	1,797034
72,400000	7,797343	7,826818	1,139863	0,161954	1,953940	-1271,929112	3396,934251	-1404,363424	7,492911	954,386328	30,398885	29,436562	30,713149	29,669468	29,854732	-2,905195	1,035139	0,855994	165067,811493	-0,183758	7,280447	-0,019868	0,000000	2,043929	-0,124360	-0,124352	13,966122	0,054383	4,108053	1,798404
72,600000	7,797015	7,826922	1,146620	0,161873	1,954654	-1288,688618	3396,991089	-1400,244600	7,491159	954,777743	30,400119	29,437279	30,711388	29,666236	29,853188	-2,905385	1,035157	0,855761	165062,352929	-0,183839	7,281004	-0,019802	0,000000	2,043876	-0,124361	-0,124351	13,969339	0,054451	4,095441	1,798825
72,800000	7,796748	7,826931	1,145324	0,162180	1,953086	-1277,926330	3396,943046	-1391,484667	7,489337	954,646367	30,399097	29,436727	30,715135	29,660258	29,856389	-2,905433	1,033469	0,855430	164993,168959	-0,184334	7,281187	-0,019361	0,000000	2,043149	-0,124361	-0,124351	13,968524	0,054164	4,098082	1,798684
73,000000	7,796554	7,826825	1,141554	0,162022	1,951886	-1254,267569	3396,890058	-1383,138423	7,487499	954,510370	30,396239	29,435776	30,722923	29,658352	29,861990	-2,905379	1,030776	0,856022	164959,410577	-0,184911	7,281559	-0,019205	0,000000	2,042655	-0,124362	-0,124350	13,967592	0,053954	4,105581	1,798537
73,200000	7,796206	7,826690	1,139186	0,161179	1,954896	-1244,274479	3396,832541	-1379,513209	7,485598	954,516955	30,395193	29,435265	30,721609	29,663807	29,864249	-2,905525	1,029421	0,856806	164982,753023	-0,184479	7,281977	-0,019328	0,000000	2,042607	-0,124362	-0,124352	13,967408	0,054193	4,110290	1,798544
73,400000	7,795824	7,826457	1,140431	0,161114	1,958419	-1250,281180	3396,784317	-1380,620899	7,483692	954,553205	30,398683	29,435296	30,713097	29,669248	29,861527	-2,905748	1,030737	0,856280	165017,924891	-0,183084	7,282134	-0,019448	0,000000	2,043098	-0,124360	-0,124360	13,967522	0,054383	4,107761	1,798584
73,600000	7,795849	7,826171	1,143832	0,161822	1,959445	-1263,853018	3396,815160	-1385,263911	7,481789	954,526406	30,401012	29,435566	30,709682	29,668848	29,859767	-2,905606	1,031812	0,855439	165040,743853	-0,182761	7,282328	-0,019500	0,000000	2,043896	-0,124357	-0,124365	13,967600	0,054080	4,101167	1,798555
73,800000	7,796283	7,826112	1,142046	0,161968	1,959748	-1280,350755	3396,873021	-1398,321933	7,479915	955,352401	30,397575	29,435037	30,715089	29,664138	29,861397	-2,905385	1,032480	0,855582	165059,335312	-0,184047	7,282686	-0,019307	0,000000	2,044091	-0,124360	-0,124362	13,975024	0,053588	4,104843	1,799444
74,000000	7,796571	7,826090	1,139605	0,161176	1,960335	-1294,839911	3396,840479	-1417,290704	7,478157	957,405844	30,393332	29,433604	30,722756	29,658674	29,862674	-2,905428	1,032575	0,856193	165015,690157	-0,185770	7,283191	-0,019069	0,000000	2,043020	-0,124366	-0,124358	13,992587	0,053248	4,109927	1,801653
74,200000	7,796373	7,825906	1,143188	0,160255	1,959406	-1297,465043	3396,704005	-1423,529689	7,476428	958,002641	30,394298	29,432813	30,724937	29,655685	29,861719	-2,905506	1,030716	0,856692	164956,657834	-0,186408	7,283666	-0,019106	0,000000	2,041952	-0,124364	-0,124358	13,997623	0,053215	4,103275	1,802295
74,400000	7,795821	7,825766	1,145631	0,160268	1,955615	-1291,331496	3396,743285	-1413,286949	7,474525	956,969406	30,400059	29,433002	30,722001	29,658000	29,861395	-2,905563	1,027840	0,857064	164979,634119	-0,185240	7,284008	-0,019340	0,000000	2,042276	-0,124357	-0,124361	13,988627	0,053549	4,098685	1,801184
74,600000	7,795357	7,825809	1,141768	0,161111	1,954976	-1297,267149	3396,901912	-1416,025945	7,472549	957,391094	30,404206	29,433587	30,717308	29,664417	29,862777	-2,905712	1,027770	0,856889	165024,598999	-0,184020	7,284282	-0,019408	0,000000	2,043257	-0,124355	-0,124362	13,991734	0,053977	4,106186	1,801637
74,800000	7,795267	7,825776	1,136785	0,161637	1,957427	-1308,230769	3396,881172	-1436,439538	7,470698	958,640502	30,402738	29,434496	30,713697	29,667705	29,863047	-2,905730	1,029875	0,856199	165034,314653	-0,184201	7,284540	-0,019191	0,000000	2,043534	-0,124359	-0,124359	14,002061	0,054121	4,115835	1,802980
75,000000	7,795559	7,825500	1,137407	0,161456	1,956751	-1302,781187	3396,780834	-1442,168554	7,468873	958,997092	30,398064	29,435380	30,712635	29,665336	29,863549	-2,905504	1,031087	0,855849	165024,004278	-0,184528	7,284968	-0,018994	0,000000	2,043391	-0,124364	-0,124356	14,005269	0,053901	4,114722	1,803363
75,200000	7,795849	7,825253	1,139907	0,160912	1,953514	-1296,473398	3396,723768	-1435,120832	7,467098	958,869599	30,394260	29,434605	30,713842	29,662936	29,865525	-2,905453	1,032632	0,856128	165019,132863	-0,184333	7,285534	-0,019067	0,000000	2,043316	-0,124364	-0,124357	14,004432	0,053670	4,110143	1,803226
75,400000	7,795894	7,825013	1,135685	0,160416	1,952045	-1304,742561	3396,703303	-1442,826875	7,465432	958,781521	30,394706	29,431663	30,714152	29,663037	29,865224	-2,905585	1,031640	0,856289	165022,577114	-0,184688	7,285966	-0,019384	0,000000	2,042949	-0,124360	-0,124362	14,003495	0,053869	4,118450	1,803132
75,600000	7,795841	7,824759	1,130611	0,160624	1,953213	-1312,610592	3396,763610	-1463,615097	7,463772	958,815254	30,399739	29,430852	30,711348	29,662601	29,861730	-2,905628	1,026747	0,856352	165010,783295	-0,185219	7,286340	-0,019573	0,000000	2,042647	-0,124358	-0,124364	14,003312	0,054335	4,128330	1,803168
75,800000	7,795384	7,824721	1,131106	0,161748	1,952686	-1307,176457	3396,909938	-1471,768329	7,462013	958,853619	30,404120	29,434574	30,711392	29,661351	29,857399	-2,905711	1,021905	0,856851	165028,626411	-0,184764	7,286726	-0,019431	0,000000	2,042646	-0,124357	-0,124365	14,003428	0,054540	4,127521	1,803209
76,000000	7,794607	7,824647	1,131923	0,162365	1,951538	-1289,220820	3396,965118	-1451,443642	7,460084	958,835213	30,402488	29,437338	30,717522	29,661327	29,856488	-2,905770	1,022252	0,857243	165110,752471	-0,184200	7,287000	-0,019349	0,000000	2,042643	-0,124359	-0,124365	14,003507	0,054307	4,126104	1,803190
76,200000	7,794249	7,824450	1,133418	0,161964	1,951502	-1265,238020	3396,828605	-1417,609292	7,458085	958,787983	30,396207	29,435497	30,723025	29,661887	29,861682	-2,905615	1,028238	0,856855	165175,806372	-0,184632	7,287274	-0,019522	0,000000	2,042613	-0,124360	-0,124362	14,003513	0,053905	4,123375	1,803139
76,400000	7,794333	7,824430	1,136333	0,161816	1,951402	-1249,216759	3396,728819	-1392,483248	7,456118	958,783935	30,390735	29,433760	30,722915	29,661328	29,868970	-2,905365	1,030945	0,856124	165187,356613	-0,185578	7,287723	-0,019656	0,000000	2,042669	-0,124359	-0,124357	14,003500	0,053884	4,118012	1,803134
76,600000	7,794373	7,824396	1,135306	0,161517	1,949554	-1242,786304	3396,782560	-1379,482509	7,454222	957,974869	30,391135	29,434625	30,719340	29,662002	29,869647	-2,905280	1,026549	0,856021	165189,740033	-0,185940	7,288161	-0,019510	0,000000	2,042806	-0,124358	-0,124357	13,996077	0,054528	4,120165	1,802265
76,800000	7,794196	7,824318	1,131476	0,161277	1,946714	-1231,082667	3396,899730	-1375,888133	7,452451	955,962052	30,397479	29,434816	30,717029	29,665906	29,862444	-2,905414	1,021057	0,856484	165202,244283	-0,184900	7,288371	-0,019289	0,000000	2,043029	-0,124360	-0,124364	13,978502	0,055226	4,127619	1,800100
77,000000	7,794007	7,824259	1,131777	0,161789	1,947852	-1217,944607	3396,954447	-1370,468490	7,450733	955,384230	30,402157	29,433329	30,717530	29,667149	29,856865	-2,905512	1,020910	0,856576	165215,375672	-0,183844	7,288535	-0,019292	0,000000	2,043528	-0,124364	-0,124367	13,973461	0,055419	4,127129	1,799478
77,200000	7,793896	7,824066	1,137067	0,161898	1,951116	-1206,639490	3396,877355	-1347,465475	7,448863	957,335259	30,400954	29,432378	30,718707	29,662653	29,857467	-2,905492	1,024889	0,856193	165228,847031	-0,183933	7,288772	-0,019359	0,000000	2,043877	-0,124366	-0,124361	13,989874	0,055369	4,116980	1,801577
77,400000	7,793688	7,823919	1,136310	0,161650	1,951507	-1186,627086	3396,799511	-1324,047518	7,447050	959,053242	30,397432	29,433294	30,718572	29,657212	29,862632	-2,905515	1,028342	0,856325	165207,350284	-0,184029	7,289111	-0,019306	0,000000	2,042906	-0,124365	-0,124357	14,004344	0,055297	4,118549	1,803424
77,600000	7,793456	7,823761	1,127658	0,161673	1,949803	-1170,422528	3396,789624	-1321,970225	7,445373	960,171691	30,394409	29,434602	30,718374	29,656683	29,868794	-2,905509	1,031032	0,856597	165144,047469	-0,184253	7,289619	-0,019278	0,000000	2,041569	-0,124365	-0,124357	14,013894	0,055114	4,135499	1,804625
77,800000	7,793331	7,823683	1,126006	0,161734	1,949875	-1179,904406	3396,813536	-1329,516909	7,443531	961,103795	30,393695	29,434506	30,719938	29,662432	29,870602	-2,905408	1,033241	0,856338	165148,696692	-0,184510	7,290152	-0,019269	0,000000	2,042154	-0,124366	-0,124356	14,022007	0,054804	4,139003	1,805626
78,000000	7,793330	7,823735	1,135947	0,161692	1,948823	-1213,571769	3396,809770	-1334,526903	7,441699	960,327534	30,395912	29,433659	30,717925	29,669301	29,866484	-2,905355	1,034164	0,856301	165208,975410	-0,184519	7,290492	-0,019164	0,000000	2,043652	-0,124366	-0,124356	14,015717	0,054595	4,119928	1,804793
78,200000	7,793330	7,823344	1,142673	0,161950	1,944074	-1249,449278	3396,792941	-1345,107938	7,439998	959,882523	30,397868	29,433302	30,713694	29,669352	29,860734	-2,905395	1,033509	0,856290	165220,802205	-0,185057	7,290564	-0,019066	0,000000	2,043917	-0,124363	-0,124360	14,011805	0,054781	4,106796	1,804315
78,400000	7,793061	7,822782	1,138610	0,162208	1,943614	-1280,695456	3396,827453	-1371,842196	7,438198	961,666982	30,397908	29,433058	30,715900	29,661840	29,859851	-2,905435	1,033950	0,855879	165196,373113	-0,185268	7,290667	-0,019148	0,000000	2,043217	-0,124362	-0,124359	14,026425	0,055098	4,114431	1,806231
78,600000	7,792686	7,822724	1,132398	0,161732	1,948252	-1311,716075	3396,813723	-1410,596550	7,436234	962,386051	30,395894	29,432807	30,718439	29,655478	29,863225	-2,905407	1,036029	0,855753	165178,478226	-0,184377	7,291188	-0,019384	0,000000	2,042648	-0,124363	-0,124356	14,032594	0,054945	4,126729	1,807002
78,800000	7,792525	7,822956	1,130856	0,161362	1,950517	-1321,604212	3396,753141	-1438,524014	7,434323	960,496311	30,394594	29,431811	30,717255	29,655812	29,865564	-2,905492	1,036357	0,856248	165143,436319	-0,183828	7,291946	-0,019612	0,000000	2,042255	-0,124362	-0,124357	14,017176	0,054550	4,130253	1,804974
79,000000	7,792477	7,822971	1,134188	0,161505	1,948681	-1308,603440	3396,743658	-1440,003612	7,432547	959,664725	30,397957	29,430811	30,717426	29,661939	29,865586	-2,905709	1,034812	0,856640	165125,747299	-0,184523	7,292406	-0,019776	0,000000	2,042186	-0,124359	-0,124361	14,010271	0,054492	4,124084	1,804081
79,200000	7,792449	7,822790	1,137711	0,161518	1,946805	-1304,679372	3396,805684	-1432,451040	7,430834	961,521752	30,401320	29,432223	30,717297	29,667710	29,864639	-2,905764	1,033393	0,856507	165181,439843	-0,185656	7,292475	-0,019807	0,000000	2,043339	-0,124361	-0,124362	14,025572	0,054736	4,117217	1,806075
79,400000	7,792479	7,822801	1,140008	0,161551	1,946515	-1320,047993	3396,850999	-1433,791155	7,429040	963,285690	30,400486	29,434397	30,714722	29,668388	29,864157	-2,905637	1,033697	0,856162	165221,096777	-0,186413	7,292420	-0,019611	0,000000	2,044495	-0,124364	-0,124362	14,039996	0,055066	4,112704	1,807967
79,600000	7,792633	7,822938	1,141661	0,161756	1,945837	-1345,294897	3396,752911	-1445,509150	7,427114	963,565359	30,396622	29,435266	30,716374	29,665411	29,864773	-2,905510	1,033941	0,855970	165204,175078	-0,186111	7,292468	-0,019408	0,000000	2,043866	-0,124366	-0,124361	14,042330	0,055071	4,109628	1,808267
79,800000	7,792970	7,822836	1,140623	0,161701	1,947893	-1359,079490	3396,652287	-1459,151192	7,425250	963,275966	30,392863	29,434474	30,725117	29,661631	29,867817	-2,905466	1,034020	0,856280	165154,939941	-0,184986	7,292686	-0,019404	0,000000	2,042596	-0,124367	-0,124360	14,040368	0,054613	4,111829	1,807957
80,000000	7,793374	7,822500	1,135051	0,161173	1,951997	-1335,421518	3396,731323	-1460,305063	7,423425	963,088426	30,392916	29,433859	30,729505	29,660004	29,871000	-2,905596	1,034814	0,856531	165070,326637	-0,184085	7,292852	-0,019358	0,000000	2,042143	-0,124364	-0,124358	14,039186	0,054227	4,122571	1,807756
80,200000	7,793547	7,822046	1,125610	0,160656	1,952283	-1289,463366	3396,906105	-1451,037138	7,421599	963,069984	30,396703	29,434816	30,722198	29,660956	29,867939	-2,905783	1,033952	0,856355	165001,401626	-0,183666	7,293019	-0,019259	0,000000	2,042460	-0,124363	-0,124357	14,039133	0,054126	4,140658	1,807736
80,400000	7,793236	7,821705	1,124316	0,160845	1,946532	-1267,155375	3396,989697	-1443,907265	7,419795	963,111224	30,401492	29,435904	30,712760	29,662648	29,861374	-2,905796	1,032991	0,856113	164992,172027	-0,183717	7,293347	-0,019327	0,000000	2,043011	-0,124364	-0,124356	14,039345	0,054258	4,143065	1,807780
80,600000	7,792604	7,821831	1,134740	0,161382	1,940201	-1292,810443	3396,923020	-1442,035209	7,417910	963,151136	30,401989	29,436634	30,713828	29,664044	29,860901	-2,905651	1,033730	0,855507	165002,684648	-0,184156	7,293735	-0,019430	0,000000	2,043351	-0,124364	-0,124355	14,039434	0,054504	4,123105	1,807823
80,800000	7,792051	7,822040	1,142577	0,161525	1,939443	-1340,831701	3396,800727	-1447,196455	7,415916	963,154247	30,395497	29,436396	30,721658	29,664233	29,866580	-2,905545	1,036131	0,854966	164999,634157	-0,184339	7,294173	-0,019447	0,000000	2,043431	-0,124363	-0,124357	14,039425	0,054538	4,108470	1,807826
81,000000	7,791967	7,821838	1,141001	0,161423	1,941655	-1366,318732	3396,673634	-1460,584569	7,413952	963,142495	30,389239	29,433545	30,726394	29,662649	29,870425	-2,905556	1,038290	0,855369	165004,821453	-0,184230	7,294427	-0,019400	0,000000	2,043208	-0,124363	-0,124358	14,039405	0,054461	4,111648	1,807814
81,200000	7,792208	7,821635	1,134840	0,161349	1,943924	-1353,934145	3396,680558	-1470,819828	7,412141	963,157878	30,391325	29,430112	30,724841	29,661937	29,869404	-2,905567	1,037159	0,856185	165016,081950	-0,184254	7,294311	-0,019401	0,000000	2,042924	-0,124362	-0,124357	14,039399	0,054595	4,123387	1,807830
81,400000	7,792149	7,821585	1,129416	0,160895	1,946555	-1320,308887	3396,870790	-1467,624129	7,410427	963,184029	30,398471	29,430764	30,719413	29,664433	29,865682	-2,905704	1,033051	0,856635	165014,698410	-0,184353	7,294201	-0,019501	0,000000	2,042882	-0,124357	-0,124356	14,039401	0,054812	4,133726	1,807858
81,600000	7,791802	7,821450	1,126798	0,160558	1,949096	-1297,403297	3397,007611	-1458,704423	7,408712	962,295860	30,401851	29,433680	30,717808	29,666822	29,860549	-2,905945	1,027399	0,856632	165006,527851	-0,184416	7,294367	-0,019521	0,000000	2,042963	-0,124355	-0,124358	14,031985	0,054799	4,138785	1,806906
81,800000	7,791563	7,821279	1,128126	0,161470	1,947900	-1298,260926	3397,007193	-1452,151396	7,406883	961,041225	30,398883	29,434556	30,719681	29,664516	29,859333	-2,905939	1,023100	0,856079	165008,142298	-0,184695	7,294448	-0,019324	0,000000	2,042941	-0,124356	-0,124361	14,021827	0,054459	4,136179	1,805559
82,000000	7,791401	7,821064	1,130831	0,162128	1,943204	-1306,964133	3396,923876	-1448,409076	7,404995	961,607752	30,394869	29,434008	30,720758	29,660104	29,865603	-2,905703	1,022960	0,855773	165011,590510	-0,185033	7,294429	-0,019169	0,000000	2,042636	-0,124359	-0,124360	14,026943	0,054085	4,130836	1,806167
82,200000	7,791259	7,820912	1,131327	0,161523	1,940754	-1313,716263	3396,873174	-1448,797928	7,403125	962,972435	30,395431	29,434799	30,721604	29,660449	29,871502	-2,905572	1,025831	0,856160	164997,451830	-0,184918	7,294729	-0,019261	0,000000	2,042260	-0,124362	-0,124357	14,038240	0,054203	4,129974	1,807631
82,400000	7,791412	7,820739	1,131956	0,161402	1,940284	-1309,267094	3396,900423	-1441,870559	7,401229	962,525049	30,397918	29,436491	30,722061	29,665791	29,870809	-2,905521	1,024812	0,856555	164967,630196	-0,184641	7,295131	-0,019189	0,000000	2,042155	-0,124360	-0,124358	14,033995	0,054706	4,128885	1,807151
82,600000	7,791690	7,820544	1,134830	0,161847	1,937592	-1279,063933	3396,893074	-1416,837854	7,399438	960,354095	30,398111	29,435463	30,722621	29,669555	29,865945	-2,905422	1,020953	0,857096	164986,831134	-0,184346	7,295495	-0,018953	0,000000	2,042763	-0,124358	-0,124363	14,015380	0,055155	4,123459	1,804821
82,800000	7,791657	7,820670	1,134525	0,161777	1,933599	-1249,369480	3396,842164	-1392,283730	7,397748	958,774587	30,398529	29,432814	30,723273	29,667857	29,861848	-2,905429	1,024333	0,857331	165056,406332	-0,184404	7,295881	-0,018996	0,000000	2,043695	-0,124360	-0,124367	14,001915	0,055391	4,124372	1,803124
83,000000	7,791380	7,821025	1,128925	0,161670	1,934180	-1251,165717	3396,793660	-1386,961460	7,396036	959,482292	30,399480	29,432229	30,720478	29,662731	29,860922	-2,905494	1,030729	0,856694	165055,724633	-0,185292	7,296011	-0,019122	0,000000	2,043593	-0,124364	-0,124365	14,008002	0,055232	4,135436	1,803885
83,200000	7,791047	7,821092	1,126084	0,161789	1,937846	-1256,358107	3396,784625	-1392,981835	7,394298	961,778285	30,398940	29,432679	30,720419	29,657833	29,863704	-2,905476	1,033480	0,856054	164999,517991	-0,185724	7,296002	-0,019094	0,000000	2,042766	-0,124363	-0,124359	14,027722	0,054732	4,140985	1,806350
83,400000	7,790922	7,820730	1,128596	0,161742	1,937777	-1243,170741	3396,795918	-1389,901379	7,392459	963,321177	30,398834	29,432663	30,726920	29,657879	29,867741	-2,905446	1,034042	0,856047	164977,958862	-0,184822	7,296101	-0,019045	0,000000	2,042339	-0,124359	-0,124356	14,041235	0,054124	4,136071	1,808005
83,600000	7,790964	7,820579	1,133184	0,161873	1,936557	-1234,659443	3396,847097	-1373,528910	7,390536	963,418918	30,399589	29,432845	30,726319	29,663729	29,868641	-2,905525	1,034608	0,856196	164985,639807	-0,183856	7,296124	-0,019038	0,000000	2,042479	-0,124353	-0,124358	14,042367	0,053810	4,127101	1,808110
83,800000	7,790655	7,820823	1,138764	0,162346	1,938405	-1243,004793	3396,953568	-1359,896674	7,388652	962,309184	30,400098	29,433524	30,720017	29,668959	29,868003	-2,905607	1,036527	0,856126	165006,825011	-0,183913	7,296029	-0,019075	0,000000	2,042958	-0,124348	-0,124364	14,032722	0,054174	4,116293	1,806920
84,000000	7,790353	7,820994	1,139414	0,162526	1,942315	-1260,108132	3396,976621	-1359,403625	7,386868	960,147016	30,398112	29,435806	30,719582	29,668261	29,867568	-2,905548	1,038019	0,856167	165053,710356	-0,184569	7,295990	-0,019010	0,000000	2,043591	-0,124354	-0,124368	14,014101	0,054699	4,115062	1,804599
84,200000	7,790700	7,820892	1,133693	0,161683	1,943959	-1265,130144	3396,852037	-1369,271972	7,385205	959,563985	30,393402	29,436151	30,723573	29,662693	29,866003	-2,905443	1,038200	0,856303	165073,474196	-0,184828	7,295938	-0,018751	0,000000	2,043620	-0,124366	-0,124366	14,009109	0,054809	4,126074	1,803973
84,400000	7,791073	7,820521	1,129374	0,160675	1,944356	-1233,883776	3396,715824	-1370,639325	7,383469	960,651280	30,391646	29,431726	30,727163	29,657781	29,865486	-2,905344	1,037617	0,856375	165004,044091	-0,184366	7,295838	-0,018570	0,000000	2,042815	-0,124366	-0,124360	14,018328	0,054695	4,134327	1,805140
84,600000	7,790702	7,820168	1,130920	0,160576	1,945179	-1180,683135	3396,751442	-1344,599709	7,381542	960,279926	30,395713	29,429460	30,728584	29,657571	29,867164	-2,905272	1,038395	0,856554	164938,807165	-0,183943	7,296046	-0,018810	0,000000	2,042553	-0,124360	-0,124356	14,015295	0,054619	4,131331	1,804742
84,800000	7,789966	7,819859	1,133925	0,160886	1,943123	-1156,971989	3396,916880	-1313,375987	7,379614	959,049025	30,402105	29,432597	30,724958	29,661761	29,867566	-2,905359	1,038295	0,856749	164955,835772	-0,184257	7,296404	-0,019210	0,000000	2,043053	-0,124361	-0,124354	14,004952	0,054654	4,125474	1,803419
85,000000	7,789651	7,819488	1,134675	0,161440	1,940730	-1181,280709	3397,034813	-1310,670927	7,377766	958,648128	30,404341	29,436557	30,718190	29,666840	29,865692	-2,905628	1,035717	0,856685	164996,745876	-0,184645	7,296407	-0,019303	0,000000	2,043560	-0,124366	-0,124353	14,001723	0,054523	4,123704	1,802988
85,200000	7,789569	7,819410	1,136519	0,161930	1,941233	-1221,113120	3397,025298	-1328,356825	7,375966	958,693946	30,401821	29,436836	30,718115	29,667726	29,865603	-2,905687	1,035037	0,856506	165007,904140	-0,184310	7,296398	-0,019239	0,000000	2,043834	-0,124369	-0,124354	14,002556	0,054074	4,120097	1,803038
85,400000	7,789404	7,819787	1,137315	0,161946	1,944109	-1243,937369	3396,911512	-1344,758600	7,374164	958,758897	30,397929	29,434520	30,723302	29,664215	29,869599	-2,905424	1,036118	0,856580	164994,308439	-0,183270	7,296741	-0,019171	0,000000	2,043635	-0,124370	-0,124356	14,003496	0,053679	4,119034	1,803108
85,600000	7,789448	7,819946	1,138068	0,161749	1,945567	-1241,842822	3396,779613	-1350,415693	7,372479	958,780977	30,393236	29,432071	30,726351	29,661365	29,873231	-2,905293	1,036017	0,856826	164984,806434	-0,182226	7,297110	-0,019062	0,000000	2,043145	-0,124368	-0,124357	14,003680	0,053680	4,117940	1,803131
85,800000	7,789685	7,819358	1,139395	0,161871	1,945900	-1226,245493	3396,694730	-1348,907411	7,370909	959,705676	30,393161	29,430567	30,724758	29,660662	29,871857	-2,905480	1,034983	0,856750	164994,439303	-0,182603	7,297014	-0,019152	0,000000	2,042879	-0,124363	-0,124358	14,010981	0,054124	4,115054	1,804125
86,000000	7,789622	7,818780	1,134992	0,162294	1,949679	-1219,007044	3396,756100	-1349,101634	7,369066	960,976108	30,400000	29,432257	30,719419	29,660802	29,866157	-2,905768	1,034327	0,856610	165006,192933	-0,184178	7,296691	-0,019385	0,000000	2,042776	-0,124357	-0,124361	14,021061	0,054681	4,122997	1,805489
86,200000	7,789065	7,818703	1,130753	0,162437	1,952926	-1225,928971	3396,988289	-1353,481987	7,366921	960,386895	30,404940	29,436301	30,716934	29,661972	29,861622	-2,905844	1,032252	0,856781	165015,828547	-0,184740	7,296774	-0,019350	0,000000	2,042597	-0,124356	-0,124364	14,015938	0,054871	4,131123	1,804856
86,400000	7,788631	7,818810	1,134183	0,162429	1,950048	-1223,032123	3397,080340	-1352,318867	7,364939	959,015818	30,402380	29,438862	30,720538	29,663034	29,863504	-2,905681	1,029737	0,856697	165066,831047	-0,184228	7,297288	-0,019158	0,000000	2,042635	-0,124359	-0,124368	14,004654	0,054673	4,124835	1,803384
86,600000	7,788674	7,818993	1,141672	0,162490	1,944543	-1214,582408	3396,912804	-1340,848282	7,363260	959,501189	30,395853	29,436703	30,726376	29,662569	29,869437	-2,905530	1,030742	0,856341	165148,442545	-0,184345	7,297891	-0,019096	0,000000	2,043047	-0,124360	-0,124371	14,008905	0,054488	4,110938	1,803905
86,800000	7,788964	7,818996	1,141541	0,162151	1,943483	-1231,643382	3396,776554	-1341,544611	7,361427	961,722880	30,392553	29,432817	30,729127	29,661860	29,874382	-2,905426	1,035062	0,856340	165206,790193	-0,184635	7,298199	-0,019156	0,000000	2,043276	-0,124360	-0,124365	14,027520	0,054471	4,111454	1,806291
87,000000	7,789112	7,818763	1,134260	0,161161	1,945918	-1259,741594	3396,794845	-1365,039351	7,359499	963,353198	30,395274	29,432663	30,726507	29,664113	29,872965	-2,905384	1,038505	0,856751	165226,683841	-0,184262	7,298119	-0,019103	0,000000	2,042989	-0,124360	-0,124361	14,040983	0,054644	4,125301	1,808040
87,200000	7,788743	7,818479	1,132625	0,161061	1,945304	-1260,930531	3396,859468	-1385,444748	7,357814	963,553928	30,399620	29,434354	30,721792	29,667359	29,863631	-2,905484	1,036884	0,856739	165215,335649	-0,184231	7,297956	-0,018871	0,000000	2,042895	-0,124357	-0,124367	14,042313	0,054992	4,128152	1,808255
87,400000	7,788131	7,818225	1,137323	0,161977	1,942543	-1233,881694	3396,896142	-1378,704789	7,356077	962,425861	30,401626	29,434829	30,720940	29,666337	29,857056	-2,905501	1,032735	0,856210	165201,954951	-0,184416	7,298003	-0,018853	0,000000	2,043158	-0,124357	-0,124371	14,032751	0,055121	4,118962	1,807045
87,600000	7,787781	7,818059	1,142339	0,162160	1,942728	-1214,723889	3396,948762	-1356,989658	7,354152	960,180653	30,399587	29,435505	30,723199	29,662524	29,861053	-2,905411	1,031090	0,855981	165202,889149	-0,183777	7,298098	-0,019101	0,000000	2,043111	-0,124365	-0,124365	14,014123	0,054960	4,109311	1,804635
87,800000	7,787865	7,817811	1,140276	0,161590	1,945160	-1223,050110	3396,935245	-1349,975334	7,352268	959,579558	30,395566	29,435867	30,725460	29,659630	29,868688	-2,905376	1,031074	0,856468	165168,646880	-0,183649	7,298170	-0,019324	0,000000	2,042524	-0,124368	-0,124357	14,009112	0,054937	4,113225	1,803989
88,000000	7,788271	7,817652	1,135099	0,161012	1,945496	-1236,935926	3396,838824	-1360,811012	7,350521	961,575736	30,394693	29,435185	30,728848	29,659458	29,872511	-2,905282	1,029946	0,857284	165112,933156	-0,184579	7,298425	-0,019471	0,000000	2,042130	-0,124362	-0,124354	14,025742	0,055018	4,123329	1,806133
88,200000	7,788518	7,817612	1,136645	0,161063	1,946182	-1240,998400	3396,796707	-1369,221003	7,348814	962,420757	30,396309	29,434586	30,731249	29,662046	29,871988	-2,905244	1,027469	0,857296	165146,025282	-0,184746	7,298727	-0,019594	0,000000	2,042649	-0,124357	-0,124355	14,032869	0,054961	4,120537	1,807040
88,400000	7,788221	7,817426	1,142019	0,161797	1,948361	-1246,750062	3396,777703	-1363,857109	7,346947	960,563706	30,397494	29,433957	30,724913	29,665672	29,868541	-2,905436	1,024280	0,856691	165217,080938	-0,184021	7,298758	-0,019704	0,000000	2,043209	-0,124355	-0,124360	14,017411	0,054878	4,110046	1,805046
88,600000	7,787664	7,817473	1,146664	0,162447	1,948894	-1257,991909	3396,830326	-1355,549463	7,345030	959,695297	30,398184	29,434046	30,714520	29,666037	29,864713	-2,905598	1,023090	0,856476	165219,233310	-0,183587	7,298668	-0,019522	0,000000	2,043189	-0,124358	-0,124369	14,010304	0,054715	4,100976	1,804114
88,800000	7,787439	7,817767	1,148248	0,162681	1,949592	-1261,148056	3396,888028	-1355,047336	7,343390	961,482029	30,397932	29,433931	30,716128	29,660545	29,863738	-2,905579	1,026624	0,856698	165188,445176	-0,183489	7,298803	-0,019079	0,000000	2,043010	-0,124367	-0,124370	14,025539	0,054437	4,098186	1,806032
89,000000	7,787528	7,817742	1,145210	0,162309	1,952504	-1246,174669	3396,827975	-1356,937550	7,341686	962,303562	30,397110	29,432373	30,726207	29,655300	29,865523	-2,905615	1,029924	0,857150	165169,958826	-0,183447	7,298915	-0,018903	0,000000	2,042792	-0,124371	-0,124362	14,032560	0,054289	4,104203	1,806914
89,200000	7,787555	7,817430	1,139342	0,161378	1,955522	-1215,203223	3396,833993	-1351,996369	7,339570	960,476934	30,398529	29,432442	30,730232	29,656584	29,867293	-2,905648	1,030062	0,857200	165140,289207	-0,183959	7,298742	-0,019033	0,000000	2,042346	-0,124366	-0,124355	14,017337	0,054226	4,115278	1,804953
89,400000	7,787548	7,817169	1,134334	0,161291	1,952834	-1181,149365	3396,968444	-1339,535906	7,337543	958,741485	30,402303	29,435404	30,725982	29,662620	29,868544	-2,905475	1,031351	0,856985	165137,346688	-0,184960	7,298639	-0,019247	0,000000	2,042296	-0,124361	-0,124355	14,002919	0,054109	4,124660	1,803089
89,600000	7,787536	7,817163	1,134187	0,162410	1,947591	-1170,543654	3397,074508	-1332,756339	7,335938	958,458027	30,403766	29,438492	30,721404	29,667874	29,868723	-2,905313	1,033645	0,856807	165203,517087	-0,185136	7,298765	-0,019369	0,000000	2,043312	-0,124363	-0,124362	14,000573	0,054081	4,124906	1,802784
89,800000	7,787404	7,817418	1,137538	0,163109	1,946000	-1207,421885	3396,982092	-1344,826264	7,334406	958,715757	30,401326	29,438503	30,720649	29,668543	29,867702	-2,905375	1,035427	0,856323	165238,148231	-0,184318	7,298971	-0,019217	0,000000	2,043961	-0,124366	-0,124370	14,002529	0,054285	4,118662	1,803061
90,000000	7,787204	7,817372	1,139398	0,162405	1,946851	-1271,620555	3396,827783	-1375,637814	7,332634	958,869244	30,396915	29,435516	30,725389	29,664835	29,868496	-2,905468	1,036591	0,856114	165207,944907	-0,184020	7,299243	-0,018980	0,000000	2,043397	-0,124364	-0,124371	14,003711	0,054388	4,115317	1,803226
90,200000	7,787207	7,816717	1,140753	0,161378	1,947719	-1301,454615	3396,804585	-1400,026258	7,330689	958,848888	30,394192	29,433289	30,731904	29,661279	29,871228	-2,905445	1,036545	0,856271	165182,475877	-0,184662	7,299454	-0,019061	0,000000	2,042843	-0,124363	-0,124364	14,003765	0,054164	4,112642	1,803204
90,400000	7,787337	7,816018	1,141994	0,160946	1,947842	-1277,288566	3396,819690	-1398,440047	7,328718	958,801348	30,395601	29,433161	30,731261	29,661064	29,870994	-2,905617	1,035542	0,856624	165179,969055	-0,185182	7,299580	-0,019358	0,000000	2,042813	-0,124359	-0,124358	14,003553	0,053977	4,109996	1,803153
90,600000	7,787054	7,815634	1,140043	0,160810	1,949570	-1246,649576	3396,854945	-1386,247611	7,327006	958,797215	30,400073	29,433746	30,726445	29,662722	29,866562	-2,905919	1,035827	0,856888	165179,196607	-0,185271	7,299811	-0,019348	0,000000	2,042813	-0,124355	-0,124360	14,003465	0,054031	4,113621	1,803149
90,800000	7,786406	7,815745	1,136628	0,161377	1,951066	-1240,541170	3396,940247	-1382,576840	7,325396	958,812329	30,403481	29,436480	30,722096	29,663814	29,862804	-2,905896	1,036865	0,856593	165180,781812	-0,185137	7,300156	-0,019134	0,000000	2,042783	-0,124357	-0,124363	14,003473	0,054149	4,120351	1,803165
91,000000	7,785929	7,816284	1,134448	0,162469	1,949686	-1261,478102	3397,035179	-1394,954890	7,323443	958,823448	30,400681	29,439255	30,722856	29,664768	29,863392	-2,905675	1,035051	0,856015	165187,480730	-0,184746	7,300342	-0,019259	0,000000	2,042900	-0,124360	-0,124365	14,003494	0,054222	4,124891	1,803177
91,200000	7,785947	7,816526	1,134785	0,162735	1,948393	-1289,422443	3396,973027	-1415,911759	7,321573	958,825866	30,394359	29,436539	30,728661	29,664735	29,867720	-2,905614	1,033506	0,855444	165195,342319	-0,184355	7,300306	-0,019514	0,000000	2,042912	-0,124363	-0,124365	14,003500	0,054236	4,124448	1,803179
91,400000	7,786223	7,816108	1,139886	0,161741	1,949132	-1293,340493	3396,789330	-1422,206110	7,319934	958,829941	30,391772	29,432317	30,729339	29,662592	29,871782	-2,905593	1,034051	0,855416	165211,206255	-0,184119	7,300289	-0,019491	0,000000	2,042689	-0,124365	-0,124363	14,003498	0,054272	4,114475	1,803184
91,600000	7,786358	7,815354	1,141735	0,160847	1,949366	-1283,647906	3396,724270	-1411,634359	7,318139	959,761514	30,395427	29,431462	30,724329	29,661783	29,872064	-2,905458	1,034543	0,855923	165211,714327	-0,184179	7,300271	-0,019315	0,000000	2,042622	-0,124365	-0,124359	14,010913	0,054660	4,110501	1,804185
91,800000	7,786244	7,814942	1,137915	0,160856	1,947193	-1268,715046	3396,753223	-1398,133244	7,316338	961,940924	30,401858	29,432662	30,721973	29,663669	29,868034	-2,905419	1,035172	0,856473	165190,960850	-0,184447	7,300299	-0,019184	0,000000	2,042859	-0,124364	-0,124357	14,028488	0,055327	4,117625	1,806525
92,000000	7,785922	7,815145	1,136456	0,161299	1,946492	-1231,618533	3396,877728	-1376,582033	7,314647	962,562033	30,404831	29,434883	30,724217	29,665375	29,862336	-2,905523	1,036011	0,856443	165177,695474	-0,184488	7,300635	-0,019116	0,000000	2,042923	-0,124364	-0,124359	14,033531	0,055480	4,120722	1,807191
92,200000	7,785756	7,815382	1,133580	0,162053	1,946207	-1185,774021	3397,023023	-1348,729150	7,312735	960,516725	30,401145	29,436388	30,726299	29,662895	29,862673	-2,905590	1,036355	0,855769	165175,909082	-0,184776	7,300996	-0,019100	0,000000	2,042727	-0,124363	-0,124359	14,017118	0,054778	4,126602	1,804996
92,400000	7,785743	7,815211	1,134631	0,162089	1,943326	-1184,013960	3397,045200	-1338,523707	7,310628	959,587923	30,396486	29,436782	30,726334	29,658582	29,870097	-2,905550	1,035841	0,855866	165170,058086	-0,185401	7,301043	-0,019271	0,000000	2,042739	-0,124363	-0,124360	14,010066	0,054053	4,124511	1,803998
92,600000	7,785538	7,814966	1,142095	0,161219	1,942030	-1246,112331	3397,000569	-1356,641370	7,308705	961,440530	30,396549	29,436794	30,725868	29,659344	29,874952	-2,905583	1,036043	0,856678	165154,009382	-0,185034	7,300861	-0,019388	0,000000	2,042853	-0,124366	-0,124360	14,025508	0,054120	4,109908	1,805988
92,800000	7,785246	7,814926	1,140986	0,161119	1,945111	-1304,797593	3396,871696	-1386,943214	7,306998	963,239824	30,398770	29,435141	30,725827	29,664786	29,873799	-2,905724	1,035899	0,856992	165150,047935	-0,183938	7,300629	-0,019229	0,000000	2,042851	-0,124368	-0,124359	14,040013	0,054667	4,111910	1,807918
93,000000	7,785129	7,814999	1,133330	0,161986	1,948738	-1304,416636	3396,742017	-1413,913122	7,305308	962,672809	30,399903	29,432483	30,725575	29,668607	29,868984	-2,905702	1,034464	0,856620	165206,982882	-0,183991	7,300608	-0,019136	0,000000	2,043236	-0,124366	-0,124361	14,034931	0,055006	4,126731	1,807310
93,200000	7,785172	7,814992	1,129914	0,162216	1,946841	-1280,953077	3396,713819	-1430,756631	7,303518	960,350662	30,398927	29,431080	30,723539	29,667656	29,864483	-2,905610	1,033128	0,856171	165273,656442	-0,185001	7,300712	-0,019199	0,000000	2,043563	-0,124362	-0,124363	14,015379	0,055127	4,133401	1,804818
93,400000	7,785164	7,814760	1,132011	0,161945	1,942799	-1278,716367	3396,732522	-1435,067860	7,301668	958,718107	30,396365	29,431206	30,722452	29,662863	29,864981	-2,905637	1,032401	0,855995	165246,731881	-0,185426	7,300573	-0,019140	0,000000	2,042871	-0,124360	-0,124363	14,001732	0,055101	4,129130	1,803064
93,600000	7,785047	7,814520	1,136014	0,162350	1,941137	-1298,213098	3396,768248	-1430,381322	7,299831	958,526836	30,395059	29,432775	30,728660	29,656993	29,869120	-2,905629	1,033545	0,855961	165178,993763	-0,185271	7,300491	-0,019093	0,000000	2,042161	-0,124362	-0,124359	14,000517	0,054713	4,121292	1,802858
93,800000	7,784920	7,814327	1,137547	0,162503	1,940293	-1311,969039	3396,799893	-1424,179731	7,298001	958,733667	30,396530	29,434246	30,735042	29,656732	29,872938	-2,905600	1,035481	0,856317	165183,655124	-0,184619	7,300819	-0,019112	0,000000	2,042207	-0,124364	-0,124356	14,002741	0,054222	4,118494	1,803080
94,000000	7,784829	7,814053	1,135187	0,162189	1,939068	-1301,552916	3396,828749	-1424,028998	7,296187	958,837064	30,399165	29,434887	30,730528	29,663161	29,873549	-2,905710	1,036066	0,856585	165265,419844	-0,184040	7,301080	-0,019009	0,000000	2,042411	-0,124362	-0,124361	14,003800	0,054029	4,122999	1,803192
94,200000	7,784729	7,813819	1,131619	0,162272	1,939416	-1286,253199	3396,804841	-1425,414651	7,294471	958,852073	30,401896	29,435337	30,724961	29,667961	29,870824	-2,905758	1,035381	0,856332	165355,732315	-0,184918	7,301075	-0,019012	0,000000	2,042910	-0,124358	-0,124368	14,003756	0,054199	4,129709	1,803208
94,400000	7,784544	7,813674	1,127911	0,162504	1,941782	-1288,407233	3396,770738	-1430,358175	7,292796	957,984330	30,401846	29,434992	30,726672	29,666850	29,868141	-2,905632	1,035911	0,856285	165430,367886	-0,186072	7,301171	-0,019192	0,000000	2,043866	-0,124360	-0,124368	13,996115	0,054569	4,136923	1,802275
94,600000	7,784290	7,813644	1,123833	0,162259	1,942256	-1292,528695	3396,742712	-1442,628921	7,291005	956,799625	30,397485	29,433919	30,729975	29,662187	29,868226	-2,905534	1,036198	0,856727	165436,210165	-0,186401	7,301348	-0,019317	0,000000	2,043851	-0,124362	-0,124363	13,985883	0,054869	4,145018	1,801001
94,800000	7,784238	7,813682	1,126516	0,161664	1,942052	-1275,598533	3396,671422	-1441,381437	7,289176	957,424020	30,394661	29,431579	30,730373	29,658356	29,869766	-2,905477	1,033485	0,857055	165347,382998	-0,186235	7,301295	-0,019216	0,000000	2,042384	-0,124360	-0,124359	13,991016	0,054972	4,139812	1,801673
95,000000	7,784441	7,813622	1,131349	0,161436	1,943736	-1256,087900	3396,734608	-1417,707020	7,287349	958,761347	30,397384	29,430629	30,729600	29,658313	29,870565	-2,905421	1,032091	0,856944	165302,759469	-0,185418	7,301151	-0,019107	0,000000	2,041747	-0,124360	-0,124355	14,002333	0,054862	4,130312	1,803110
95,200000	7,784499	7,813420	1,128190	0,161796	1,944616	-1237,237694	3396,906058	-1389,801185	7,285423	959,117673	30,402456	29,433776	30,728957	29,661699	29,870167	-2,905548	1,033528	0,856707	165338,277685	-0,184606	7,301050	-0,019148	0,000000	2,042565	-0,124362	-0,124355	14,005510	0,054670	4,136241	1,803493
95,400000	7,784053	7,813206	1,124072	0,162294	1,941328	-1211,276768	3396,975039	-1372,782277	7,283630	958,977418	30,404345	29,436284	30,725912	29,665573	29,868754	-2,905782	1,035048	0,856463	165367,046901	-0,184619	7,300985	-0,019124	0,000000	2,043365	-0,124364	-0,124360	14,004468	0,054537	4,144049	1,803342
95,600000	7,783495	7,813122	1,122001	0,162333	1,937027	-1207,589895	3396,927448	-1365,686054	7,282067	957,958025	30,401488	29,435957	30,725334	29,666033	29,868787	-2,905750	1,034673	0,856288	165379,328301	-0,185098	7,301152	-0,019089	0,000000	2,043422	-0,124364	-0,124365	13,996044	0,054420	4,148149	1,802247
95,800000	7,783417	7,813155	1,122968	0,162052	1,936036	-1218,204637	3396,885978	-1361,786062	7,280208	955,833117	30,396571	29,436634	30,730182	29,662848	29,871984	-2,905504	1,033326	0,856537	165383,791637	-0,184982	7,301408	-0,019104	0,000000	2,042965	-0,124363	-0,124363	13,978300	0,054346	4,146476	1,799961
96,000000	7,783548	7,813002	1,127515	0,161866	1,935725	-1214,636471	3396,818685	-1356,575387	7,278079	955,268198	30,394443	29,436555	30,732798	29,660295	29,874650	-2,905322	1,031946	0,856875	165377,548853	-0,184846	7,301420	-0,019181	0,000000	2,042843	-0,124362	-0,124359	13,973393	0,054513	4,137581	1,799353
96,200000	7,783459	7,812591	1,124515	0,161812	1,933458	-1204,067122	3396,718005	-1349,638353	7,276250	957,274788	30,397887	29,434041	30,729555	29,661452	29,872092	-2,905325	1,031422	0,857125	165367,834151	-0,185254	7,301200	-0,019426	0,000000	2,042882	-0,124360	-0,124358	13,989889	0,054848	4,143098	1,801512
96,400000	7,783203	7,812297	1,121694	0,161548	1,931667	-1195,003981	3396,807151	-1344,346676	7,274554	958,147044	30,403736	29,433380	30,725206	29,664373	29,867093	-2,905504	1,033212	0,857512	165317,931929	-0,185399	7,301250	-0,019600	0,000000	2,042638	-0,124359	-0,124359	13,996945	0,055103	4,148449	1,802450
96,600000	7,782968	7,812311	1,125986	0,161331	1,933481	-1200,689776	3396,949037	-1339,340312	7,272738	956,309919	30,406737	29,435976	30,723958	29,665247	29,865352	-2,905651	1,035909	0,857353	165222,526869	-0,185528	7,301624	-0,019527	0,000000	2,042714	-0,124361	-0,124361	13,981488	0,055157	4,140236	1,800474
96,800000	7,783039	7,812631	1,125109	0,161554	1,936180	-1219,003953	3396,948449	-1338,345579	7,270928	954,568308	30,404039	29,438408	30,727927	29,663541	29,866949	-2,905630	1,038307	0,856700	165187,386633	-0,185765	7,301715	-0,019302	0,000000	2,043085	-0,124363	-0,124363	13,966977	0,055055	4,142168	1,798600
97,000000	7,783493	7,812821	1,123085	0,161721	1,936347	-1245,139044	3396,858674	-1360,635335	7,269073	954,287903	30,398065	29,436606	30,733870	29,661549	29,871675	-2,905519	1,036136	0,856514	165254,690243	-0,185669	7,301533	-0,019070	0,000000	2,043292	-0,124365	-0,124364	13,964642	0,055036	4,146212	1,798298
97,200000	7,783759	7,812510	1,126916	0,161376	1,937166	-1292,731033	3396,773677	-1401,481873	7,267043	953,646424	30,394666	29,433337	30,734015	29,660691	29,876177	-2,905451	1,031523	0,856790	165341,902101	-0,185426	7,301410	-0,019116	0,000000	2,043424	-0,124366	-0,124361	13,959203	0,055089	4,138571	1,797607
97,400000	7,783535	7,812049	1,132727	0,160996	1,939585	-1336,015430	3396,821189	-1428,877715	7,265187	952,580716	30,396689	29,433227	30,728342	29,662677	29,873875	-2,905598	1,031028	0,856778	165380,001920	-0,185134	7,301327	-0,019368	0,000000	2,043529	-0,124365	-0,124358	13,950233	0,055108	4,126950	1,796459
97,600000	7,783116	7,811741	1,134625	0,161885	1,940652	-1350,952209	3396,902302	-1436,409048	7,263688	953,207814	30,400288	29,435545	30,722997	29,665487	29,867429	-2,905804	1,033811	0,856391	165386,414473	-0,184262	7,301337	-0,019530	0,000000	2,043619	-0,124366	-0,124360	13,955401	0,055208	4,123033	1,797135
97,800000	7,782759	7,811425	1,130487	0,163207	1,939973	-1351,320274	3396,921729	-1443,543046	7,261932	954,528670	30,401411	29,436664	30,722619	29,664620	29,864692	-2,905744	1,036868	0,856383	165405,090425	-0,183766	7,301522	-0,019531	0,000000	2,043780	-0,124368	-0,124363	13,966484	0,055215	4,130981	1,798557
98,000000	7,782478	7,811257	1,123993	0,163357	1,940070	-1346,182938	3396,892757	-1461,558911	7,259859	954,865617	30,400228	29,435102	30,727864	29,660732	29,867885	-2,905594	1,038286	0,856694	165421,606644	-0,184671	7,301674	-0,019267	0,000000	2,043621	-0,124366	-0,124364	13,969568	0,054960	4,143720	1,798920
98,200000	7,782418	7,811333	1,123395	0,162749	1,939463	-1340,151697	3396,802313	-1477,484149	7,257882	954,714119	30,398164	29,433042	30,734584	29,657594	29,873188	-2,905588	1,039051	0,856602	165371,308805	-0,185754	7,301748	-0,018933	0,000000	2,042475	-0,124363	-0,124363	13,968537	0,054719	4,145086	1,798757
98,400000	7,782710	7,811222	1,130003	0,162105	1,934494	-1348,976313	3396,746893	-1481,037700	7,256081	954,576508	30,396678	29,432118	30,737601	29,658008	29,876716	-2,905670	1,038217	0,856483	165299,160646	-0,186187	7,301784	-0,018943	0,000000	2,041332	-0,124361	-0,124359	13,967552	0,054549	4,132242	1,798609
98,600000	7,782955	7,811071	1,128892	0,161719	1,929775	-1374,077524	3396,759581	-1489,526729	7,254466	954,547832	30,396271	29,432950	30,737406	29,661831	29,875534	-2,905806	1,037033	0,856673	165319,388675	-0,185855	7,301748	-0,019177	0,000000	2,041837	-0,124360	-0,124362	13,967390	0,054470	4,134294	1,798578
98,800000	7,782778	7,811161	1,122407	0,161908	1,929821	-1397,600287	3396,825006	-1513,329849	7,252852	954,588309	30,397214	29,433584	30,733277	29,666930	29,870010	-2,905832	1,037956	0,856365	165351,437309	-0,185284	7,301601	-0,019346	0,000000	2,043214	-0,124357	-0,124371	13,967523	0,054677	4,146826	1,798621
99,000000	7,782471	7,811249	1,123336	0,162780	1,932301	-1412,965796	3396,871883	-1533,705320	7,251100	954,611837	30,398788	29,432172	30,725488	29,667459	29,866245	-2,905608	1,038208	0,855866	165288,684896	-0,185662	7,301373	-0,019352	0,000000	2,043791	-0,124358	-0,124371	13,967604	0,054793	4,144838	1,798647
99,200000	7,782327	7,811205	1,124678	0,163115	1,931624	-1415,911853	3396,828726	-1539,062683	7,249315	954,572292	30,399664	29,430735	30,724083	29,660655	29,867932	-2,905403	1,038325	0,855959	165207,251960	-0,186019	7,301317	-0,019255	0,000000	2,043654	-0,124365	-0,124366	13,967608	0,054458	4,142167	1,798604
99,400000	7,782141	7,811012	1,123177	0,162349	1,929644	-1405,674542	3396,798897	-1536,734004	7,247564	954,524430	30,400001	29,431060	30,727813	29,654705	29,871856	-2,905469	1,038067	0,856334	165172,551137	-0,184998	7,301401	-0,019259	0,000000	2,043346	-0,124368	-0,124362	13,967594	0,054070	4,145098	1,798553
99,600000	7,781812	7,810657	1,122111	0,161705	1,930878	-1397,405079	3396,799136	-1535,286781	7,245687	954,514759	30,401518	29,431781	30,728088	29,656400	29,873401	-2,905650	1,035215	0,856658	165144,710866	-0,184272	7,301362	-0,019416	0,000000	2,042481	-0,124363	-0,124360	13,967587	0,053995	4,146986	1,798542
99,800000	7,781475	7,810376	1,120078	0,161954	1,931520	-1399,218955	3396,854625	-1539,847423	7,243590	954,529223	30,404175	29,433487	30,725025	29,662756	29,873060	-2,905668	1,030544	0,856735	165139,595695	-0,184701	7,301224	-0,019608	0,000000	2,042078	-0,124360	-0,124360	13,967588	0,054116	4,150688	1,798558
100,000000	7,781334	7,810315	1,118707	0,162645	1,929215	-1395,507622	3396,949936	-1541,942611	7,241598	954,545007	30,403925	29,436534	30,723026	29,666704	29,872854	-2,905583	1,028005	0,856692	165189,926355	-0,185027	7,301334	-0,019546	0,000000	2,043202	-0,124363	-0,124362	13,967589	0,054247	4,153339	1,798575
100,200000	7,781416	7,810269	1,121050	0,162779	1,927729	-1373,204843	3396,950403	-1527,332344	7,239862	954,539874	30,399812	29,437407	30,722934	29,664477	29,872656	-2,905583	1,030423	0,856707	165212,777455	-0,185392	7,301680	-0,019239	0,000000	2,043935	-0,124364	-0,124369	13,967590	0,054204	4,148911	1,798569
100,400000	7,781633	7,810333	1,125824	0,162122	1,929876	-1348,014804	3396,848303	-1496,575885	7,238158	953,637121	30,394790	29,435887	30,726798	29,660421	29,872980	-2,905597	1,033235	0,856588	165140,577489	-0,186126	7,301914	-0,019196	0,000000	2,043458	-0,124365	-0,124370	13,960172	0,054042	4,139824	1,797597
100,600000	7,781623	7,810616	1,128531	0,161714	1,930955	-1337,059116	3396,718767	-1465,675830	7,236427	951,528078	30,393196	29,433996	30,735248	29,659618	29,874475	-2,905594	1,032145	0,856320	165031,479385	-0,186537	7,301959	-0,019464	0,000000	2,042869	-0,124365	-0,124363	13,942597	0,053898	4,134856	1,795324
100,800000	7,781234	7,810688	1,126194	0,162090	1,930108	-1335,768183	3396,703972	-1453,350414	7,234689	950,900438	30,396215	29,432281	30,736090	29,660685	29,873713	-2,905707	1,029081	0,856015	164987,440906	-0,186457	7,301718	-0,019502	0,000000	2,042438	-0,124363	-0,124358	13,937555	0,053664	4,139337	1,794647
101,000000	7,780898	7,810404	1,118760	0,162360	1,931664	-1333,713106	3396,834285	-1461,161780	7,233015	952,827193	30,401084	29,432368	30,727890	29,661556	29,868725	-2,905833	1,029155	0,855574	165002,668534	-0,185940	7,301189	-0,019304	0,000000	2,042517	-0,124365	-0,124356	13,953968	0,053444	4,153320	1,796724
101,200000	7,780407	7,810090	1,111569	0,162302	1,933083	-1318,682813	3396,998347	-1470,421806	7,231319	954,559298	30,403824	29,435102	30,722041	29,662024	29,865121	-2,905769	1,032358	0,855380	165010,514449	-0,185149	7,300700	-0,019261	0,000000	2,042804	-0,124367	-0,124357	13,968437	0,053519	4,166926	1,798590
101,400000	7,779835	7,809949	1,110948	0,162518	1,929993	-1292,534419	3397,000540	-1464,980854	7,229400	953,962076	30,399544	29,436950	30,725079	29,661276	29,867480	-2,905603	1,035617	0,855939	164999,204821	-0,185196	7,300634	-0,019430	0,000000	2,042779	-0,124364	-0,124360	13,963153	0,053790	4,168064	1,797947
101,600000	7,780126	7,809933	1,116138	0,163017	1,923618	-1276,199699	3396,781632	-1442,000988	7,227505	951,645304	30,392312	29,435624	30,731984	29,661009	29,873810	-2,905529	1,037428	0,856682	164987,915564	-0,185896	7,300982	-0,019570	0,000000	2,042797	-0,124362	-0,124360	13,943532	0,053948	4,158138	1,795451
101,800000	7,780938	7,809932	1,123485	0,162889	1,920751	-1277,327125	3396,635023	-1415,493707	7,225734	950,028228	30,390320	29,433177	30,732485	29,662102	29,878001	-2,905499	1,034691	0,856971	165002,697953	-0,185189	7,301332	-0,019391	0,000000	2,042741	-0,124366	-0,124361	13,929900	0,053984	4,143983	1,793707
102,000000	7,781067	7,809683	1,128749	0,161823	1,922724	-1290,933807	3396,683325	-1403,271139	7,223971	950,766551	30,394152	29,431637	30,727331	29,662198	29,876613	-2,905530	1,028946	0,857065	165026,792870	-0,184267	7,301393	-0,019188	0,000000	2,042336	-0,124368	-0,124365	13,936121	0,053972	4,133598	1,794503
102,200000	7,780453	7,809286	1,129920	0,161098	1,924881	-1302,952765	3396,855755	-1402,269696	7,222212	953,117233	30,398648	29,432519	30,723546	29,662228	29,871045	-2,905723	1,025953	0,856879	165018,926316	-0,184783	7,301317	-0,019189	0,000000	2,042099	-0,124365	-0,124369	13,955924	0,053924	4,131031	1,797037
102,400000	7,779902	7,809263	1,125817	0,161428	1,927105	-1296,796557	3397,032428	-1404,496049	7,220481	953,836635	30,399307	29,435004	30,724391	29,660871	29,865435	-2,905764	1,029372	0,856511	164998,986859	-0,184807	7,301430	-0,019185	0,000000	2,042460	-0,124366	-0,124368	13,962024	0,053866	4,139039	1,797812
102,600000	7,779767	7,809549	1,120860	0,162071	1,930251	-1271,038922	3397,028279	-1401,366932	7,218708	951,861490	30,395464	29,435964	30,729041	29,655726	29,866679	-2,905558	1,035991	0,856547	164995,550528	-0,184506	7,301734	-0,019134	0,000000	2,042876	-0,124366	-0,124361	13,945565	0,053732	4,149077	1,795684
102,800000	7,779936	7,809601	1,121484	0,161957	1,932531	-1240,863371	3396,897138	-1384,574980	7,216698	950,102346	30,391830	29,434614	30,734085	29,652496	29,874469	-2,905448	1,039828	0,856845	164992,394618	-0,185206	7,301857	-0,019139	0,000000	2,042998	-0,124361	-0,124356	13,930872	0,053635	4,148037	1,793787
103,000000	7,780085	7,809246	1,124052	0,161316	1,931095	-1225,862543	3396,780581	-1363,156228	7,214635	950,728020	30,393739	29,433400	30,734829	29,656181	29,879443	-2,905586	1,039183	0,856930	164971,854763	-0,186058	7,301624	-0,019187	0,000000	2,042927	-0,124357	-0,124358	13,936082	0,053687	4,142747	1,794461
103,200000	7,779868	7,808813	1,124868	0,161107	1,930567	-1242,221262	3396,777458	-1363,670346	7,212860	953,085945	30,397909	29,433901	30,732029	29,662817	29,877720	-2,905795	1,035460	0,856867	164968,948592	-0,186383	7,301437	-0,019087	0,000000	2,042797	-0,124357	-0,124363	13,955719	0,053866	4,140801	1,797003
103,400000	7,779345	7,808479	1,124517	0,161414	1,933857	-1285,157894	3396,881980	-1392,567360	7,211208	953,864061	30,399302	29,434736	30,731355	29,666355	29,873298	-2,905787	1,033595	0,857009	165027,414498	-0,186520	7,301491	-0,019061	0,000000	2,043364	-0,124362	-0,124365	13,961956	0,054164	4,141338	1,797841
103,600000	7,778932	7,808248	1,125745	0,161582	1,935366	-1291,354273	3396,958399	-1402,906916	7,209324	951,916207	30,397778	29,434785	30,730003	29,664982	29,870600	-2,905529	1,033448	0,857060	165069,783678	-0,186059	7,301561	-0,019273	0,000000	2,043950	-0,124367	-0,124359	13,945580	0,054177	4,138855	1,795743
103,800000	7,779054	7,808228	1,126730	0,161338	1,933467	-1217,734796	3397,022054	-1364,243583	7,207476	951,000805	30,395536	29,433963	30,726315	29,660433	29,871189	-2,905305	1,032419	0,857044	165023,980280	-0,184849	7,301810	-0,019350	0,000000	2,043153	-0,124368	-0,124355	13,938308	0,053755	4,137031	1,794756
104,000000	7,779361	7,808466	1,127372	0,160937	1,930856	-1133,539317	3397,021857	-1300,907680	7,205816	952,784838	30,393971	29,432774	30,728401	29,656117	29,874264	-2,905242	1,032314	0,857000	164969,055662	-0,184400	7,302273	-0,019250	0,000000	2,042192	-0,124366	-0,124359	13,953662	0,053394	4,136199	1,796679
104,200000	7,779305	7,808516	1,130009	0,160485	1,929777	-1123,185993	3396,885716	-1259,051752	7,204046	954,511655	30,393667	29,432292	30,733026	29,656891	29,877763	-2,905447	1,033419	0,857116	164972,812813	-0,184633	7,302497	-0,019227	0,000000	2,042088	-0,124363	-0,124364	13,968177	0,053380	4,131296	1,798539
104,400000	7,778932	7,808155	1,130104	0,160404	1,928660	-1169,246670	3396,793238	-1268,431457	7,202226	954,813174	30,395886	29,433363	30,730403	29,663112	29,878016	-2,905883	1,034093	0,857361	165036,594479	-0,184962	7,302293	-0,019339	0,000000	2,042542	-0,124358	-0,124363	13,970534	0,053554	4,130778	1,798863
104,600000	7,778703	7,807880	1,125654	0,160741	1,929266	-1212,616400	3396,817934	-1309,540459	7,200427	954,602232	30,397835	29,435078	30,726412	29,667761	29,875098	-2,905937	1,032218	0,857026	165140,431176	-0,185628	7,302107	-0,019402	0,000000	2,043454	-0,124356	-0,124361	13,968563	0,053754	4,139115	1,798636
104,800000	7,778801	7,807789	1,122922	0,161070	1,933598	-1236,490444	3396,869165	-1345,385369	7,198571	954,484501	30,395973	29,435963	30,730374	29,665603	29,874035	-2,905599	1,029588	0,856745	165243,399995	-0,185777	7,302188	-0,019387	0,000000	2,044180	-0,124362	-0,124365	13,967373	0,053956	4,144490	1,798510
105,000000	7,778820	7,807596	1,123404	0,161429	1,937989	-1240,502584	3396,776466	-1363,009867	7,196787	954,500123	30,392871	29,433707	30,736559	29,658532	29,876077	-2,905392	1,029826	0,856806	165258,544443	-0,185207	7,302173	-0,019397	0,000000	2,043756	-0,124365	-0,124365	13,967319	0,054141	4,143566	1,798526
105,200000	7,778754	7,807373	1,123007	0,161560	1,938549	-1228,708688	3396,642841	-1370,374217	7,195121	954,540189	30,392419	29,429853	30,737213	29,653991	29,877960	-2,905449	1,032484	0,856889	165166,189024	-0,184987	7,302165	-0,019315	0,000000	2,042452	-0,124361	-0,124359	13,967532	0,054264	4,144294	1,798570
105,400000	7,778848	7,807459	1,124977	0,161299	1,936833	-1223,870084	3396,735542	-1373,723401	7,193308	953,666894	30,396697	29,430235	30,736977	29,656243	29,877125	-2,905620	1,035043	0,857190	165120,068608	-0,185705	7,302302	-0,019295	0,000000	2,041824	-0,124362	-0,124357	13,960204	0,054260	4,140560	1,797629
105,600000	7,778755	7,807667	1,127027	0,161505	1,938134	-1234,754822	3396,971126	-1376,294703	7,191333	952,447307	30,402216	29,434528	30,734608	29,660868	29,874705	-2,905743	1,036683	0,857063	165163,899712	-0,186147	7,302223	-0,019390	0,000000	2,042255	-0,124364	-0,124362	13,950037	0,054183	4,136528	1,796315
105,800000	7,778313	7,807610	1,128991	0,162255	1,940299	-1239,297507	3397,128772	-1368,290678	7,189456	953,037501	30,401960	29,437702	30,726869	29,663131	29,873897	-2,905783	1,037569	0,856604	165194,234365	-0,185269	7,301915	-0,019373	0,000000	2,042877	-0,124364	-0,124367	13,955132	0,054046	4,132358	1,796951
106,000000	7,777857	7,807419	1,134354	0,162504	1,939944	-1228,752977	3397,039181	-1343,726022	7,187701	953,444211	30,397626	29,436234	30,725596	29,662772	29,876029	-2,905623	1,036952	0,856528	165187,126310	-0,184527	7,301748	-0,019293	0,000000	2,043075	-0,124365	-0,124367	13,959006	0,053588	4,121789	1,797389
106,200000	7,777608	7,807135	1,138559	0,162063	1,939267	-1217,328423	3396,898136	-1320,647521	7,185842	951,661409	30,393827	29,432950	30,733535	29,660288	29,878859	-2,905430	1,035956	0,856560	165173,466400	-0,184814	7,301839	-0,019218	0,000000	2,042717	-0,124370	-0,124365	13,944605	0,053010	4,113751	1,795468
106,400000	7,777856	7,806743	1,138988	0,161588	1,939583	-1204,708633	3396,811351	-1303,583793	7,184001	950,933415	30,392872	29,431836	30,738367	29,657636	29,878667	-2,905460	1,036316	0,856545	165168,800509	-0,184907	7,302056	-0,019161	0,000000	2,042290	-0,124373	-0,124363	13,938525	0,052971	4,112947	1,794683
106,600000	7,778017	7,806372	1,132975	0,161680	1,939583	-1179,110563	3396,722156	-1290,177509	7,182446	952,810494	30,396819	29,432703	30,734541	29,657029	29,875906	-2,905553	1,037298	0,856361	165174,462597	-0,184439	7,302359	-0,019195	0,000000	2,042300	-0,124370	-0,124361	13,953933	0,053338	4,124480	1,796706
106,800000	7,777390	7,806096	1,124965	0,162142	1,938166	-1157,593843	3396,853790	-1290,231739	7,180852	954,553461	30,401650	29,435655	30,728602	29,657372	29,873268	-2,905592	1,036219	0,855992	165175,194305	-0,184546	7,302687	-0,019207	0,000000	2,042533	-0,124364	-0,124361	13,968234	0,053673	4,139969	1,798584
107,000000	7,776577	7,806023	1,125309	0,162185	1,938884	-1169,729227	3397,050743	-1306,009203	7,178902	954,855730	30,401752	29,439241	30,727766	29,657751	29,873064	-2,905663	1,034610	0,855795	165171,732294	-0,185461	7,302867	-0,019277	0,000000	2,042799	-0,124357	-0,124362	13,970502	0,053942	4,139305	1,798909
107,200000	7,776332	7,806161	1,132867	0,161944	1,941126	-1206,403161	3396,976900	-1326,104024	7,176881	954,631525	30,397041	29,438620	30,730939	29,658910	29,875823	-2,905718	1,036175	0,856249	165175,217067	-0,186040	7,302987	-0,019636	0,000000	2,043077	-0,124357	-0,124362	13,968540	0,054023	4,124812	1,798668
107,400000	7,776691	7,806383	1,135410	0,162064	1,940356	-1236,957869	3396,711022	-1339,705456	7,175093	954,468446	30,392531	29,434055	30,733286	29,659218	29,879330	-2,905620	1,037532	0,856750	165176,957208	-0,185726	7,303228	-0,019926	0,000000	2,043163	-0,124364	-0,124363	13,967370	0,053823	4,120232	1,798492
107,600000	7,777126	7,806394	1,132114	0,161815	1,937952	-1244,097162	3396,572052	-1351,695415	7,173293	954,456306	30,392300	29,431541	30,733383	29,659497	29,880844	-2,905490	1,035923	0,856303	165181,724932	-0,185385	7,303248	-0,019862	0,000000	2,043262	-0,124371	-0,124364	13,967323	0,053769	4,126660	1,798479
107,800000	7,777234	7,806055	1,134253	0,160866	1,938355	-1235,229916	3396,650048	-1355,826318	7,171530	954,519581	30,395456	29,431794	30,732446	29,662239	29,877478	-2,905503	1,034325	0,855698	165188,773624	-0,185367	7,302765	-0,019582	0,000000	2,043524	-0,124369	-0,124367	13,967534	0,054089	4,122073	1,798547
108,000000	7,776755	7,805698	1,139596	0,161078	1,942055	-1215,987149	3396,771207	-1336,736286	7,169976	954,555303	30,398877	29,432137	30,730187	29,663633	29,871088	-2,905621	1,035963	0,855736	165191,724174	-0,185135	7,302175	-0,019331	0,000000	2,043608	-0,124365	-0,124373	13,967621	0,054302	4,111240	1,798586
108,200000	7,776057	7,805548	1,137626	0,162131	1,942376	-1194,881893	3396,875019	-1314,625646	7,168071	954,553227	30,398728	29,432537	30,727973	29,661873	29,868120	-2,905727	1,038060	0,856082	165190,981214	-0,185014	7,301998	-0,019373	0,000000	2,043521	-0,124366	-0,124370	13,967612	0,054293	4,114824	1,798584
108,400000	7,775872	7,805515	1,130540	0,162016	1,940446	-1198,164379	3396,938891	-1323,701314	7,165943	954,544661	30,395898	29,434286	30,728487	29,658680	29,871531	-2,905706	1,036601	0,856313	165176,113578	-0,185091	7,302268	-0,019402	0,000000	2,043184	-0,124368	-0,124361	13,967592	0,054242	4,128637	1,798574
108,600000	7,775977	7,805524	1,131078	0,161321	1,942469	-1223,412790	3396,892606	-1352,886169	7,164143	954,522299	30,394551	29,434593	30,730953	29,656106	29,876870	-2,905615	1,034688	0,856493	165140,405468	-0,185007	7,302686	-0,019175	0,000000	2,042245	-0,124367	-0,124358	13,967586	0,054060	4,127864	1,798550
108,800000	7,775997	7,805586	1,140456	0,161221	1,945758	-1245,239516	3396,725015	-1359,156730	7,162445	954,518397	30,395256	29,432043	30,733434	29,657449	29,879297	-2,905627	1,034664	0,856723	165119,647162	-0,185082	7,303041	-0,019109	0,000000	2,041840	-0,124366	-0,124363	13,967588	0,054025	4,110065	1,798546
109,000000	7,776064	7,805588	1,145679	0,161339	1,946207	-1259,843437	3396,643560	-1348,353293	7,160645	954,551191	30,396669	29,431524	30,734995	29,662160	29,878702	-2,905695	1,035787	0,856943	165149,343023	-0,185450	7,303117	-0,019252	0,000000	2,042837	-0,124362	-0,124368	13,967590	0,054299	4,100128	1,798581
109,200000	7,776193	7,805552	1,139755	0,161406	1,946604	-1266,182369	3396,750044	-1351,495826	7,158777	954,559932	30,398098	29,433685	30,733402	29,665630	29,875812	-2,905769	1,036344	0,856788	165189,538323	-0,185819	7,302642	-0,019273	0,000000	2,043653	-0,124358	-0,124369	13,967590	0,054372	4,111150	1,798591
109,400000	7,776214	7,805450	1,131595	0,161947	1,948772	-1229,051435	3396,839230	-1355,296947	7,156800	954,517071	30,398915	29,434951	30,731658	29,663825	29,872961	-2,905768	1,036449	0,856182	165201,602537	-0,186087	7,301994	-0,019228	0,000000	2,043463	-0,124360	-0,124369	13,967590	0,054012	4,126441	1,798545
109,600000	7,776062	7,805069	1,130791	0,162296	1,947768	-1177,537225	3396,865117	-1344,424694	7,154829	954,478179	30,397450	29,433741	30,735624	29,658147	29,873355	-2,905656	1,036417	0,856081	165192,315183	-0,186186	7,301974	-0,019272	0,000000	2,043107	-0,124363	-0,124363	13,967590	0,053686	4,127880	1,798503
109,800000	7,775837	7,804856	1,135146	0,162082	1,944891	-1180,330911	3396,837655	-1337,237295	7,153138	955,362207	30,394874	29,432025	30,739881	29,654288	29,875580	-2,905683	1,035077	0,856565	165170,996971	-0,185671	7,302561	-0,019347	0,000000	2,042659	-0,124364	-0,124358	13,975007	0,053688	4,119770	1,799454
110,000000	7,775813	7,804984	1,136986	0,161878	1,945759	-1206,817468	3396,778768	-1342,314707	7,151606	956,601372	30,396120	29,430926	30,736783	29,656951	29,876618	-2,905824	1,034320	0,856783	165149,238644	-0,185157	7,303153	-0,019410	0,000000	2,042058	-0,124360	-0,124362	13,985165	0,053925	4,116586	1,800788
110,200000	7,775785	7,804947	1,131766	0,161806	1,948877	-1213,299635	3396,852967	-1350,307568	7,149848	956,035880	30,400125	29,431846	30,729129	29,662634	29,876883	-2,905863	1,034084	0,856475	165170,554497	-0,185551	7,303252	-0,019565	0,000000	2,042474	-0,124357	-0,124366	13,980049	0,054298	4,126593	1,800179
110,400000	7,775379	7,804728	1,128082	0,162097	1,948109	-1206,765806	3396,996711	-1351,991451	7,147910	955,600587	30,401561	29,436489	30,725721	29,664444	29,876440	-2,905723	1,034491	0,856133	165227,779770	-0,186014	7,303032	-0,019609	0,000000	2,043956	-0,124360	-0,124366	13,976169	0,054526	4,133403	1,799711
110,600000	7,775008	7,804719	1,132707	0,161931	1,942716	-1211,048880	3396,999034	-1348,905026	7,146060	957,301884	30,400141	29,438559	30,727477	29,662103	29,875048	-2,905545	1,035634	0,856148	165232,674912	-0,185845	7,303005	-0,019304	0,000000	2,044454	-0,124365	-0,124366	13,990572	0,054391	4,124410	1,801541
110,800000	7,774843	7,804916	1,140821	0,161002	1,940511	-1232,526996	3396,877327	-1346,671462	7,144301	958,010045	30,397108	29,435420	30,732681	29,658734	29,874568	-2,905430	1,035401	0,856121	165217,610609	-0,185947	7,303073	-0,019066	0,000000	2,043676	-0,124366	-0,124364	13,996654	0,054246	4,109013	1,802303
111,000000	7,774812	7,804763	1,143319	0,161162	1,942904	-1248,827009	3396,801038	-1344,323090	7,142595	956,197269	30,396319	29,432697	30,738251	29,657814	29,876536	-2,905448	1,035359	0,856234	165273,413931	-0,186654	7,303018	-0,019142	0,000000	2,043106	-0,124366	-0,124359	13,981247	0,054454	4,104232	1,800353
111,200000	7,775012	7,804335	1,135334	0,162392	1,943800	-1246,021371	3396,795112	-1355,660972	7,140772	954,528223	30,399934	29,432224	30,735361	29,659680	29,875814	-2,905662	1,036625	0,856454	165336,681903	-0,186674	7,302885	-0,019354	0,000000	2,042971	-0,124363	-0,124359	13,966945	0,054751	4,119281	1,798557
111,400000	7,775125	7,804084	1,128903	0,162617	1,942002	-1228,058658	3396,775487	-1372,744169	7,138862	955,136105	30,404388	29,433083	30,728755	29,661280	29,870593	-2,905741	1,037515	0,856406	165306,142581	-0,185743	7,302958	-0,019593	0,000000	2,042831	-0,124362	-0,124364	13,972094	0,054703	4,131551	1,799211
111,600000	7,774973	7,803896	1,133600	0,161829	1,942057	-1229,510145	3396,861112	-1376,009494	7,137166	956,561837	30,404457	29,435623	30,728886	29,661287	29,869797	-2,905615	1,036721	0,856549	165213,683568	-0,184841	7,303226	-0,019680	0,000000	2,042716	-0,124362	-0,124368	13,984215	0,054543	4,122482	1,800745
111,800000	7,774703	7,803769	1,137825	0,161460	1,944362	-1262,993812	3396,928590	-1379,394075	7,135480	956,103370	30,397239	29,436861	30,733855	29,660336	29,875350	-2,905562	1,035737	0,856672	165159,919448	-0,184416	7,303362	-0,019610	0,000000	2,042729	-0,124363	-0,124368	13,980268	0,054645	4,114397	1,800252
112,000000	7,774691	7,803640	1,134154	0,161708	1,944201	-1279,579097	3396,783431	-1391,622726	7,133705	954,767395	30,390026	29,433767	30,736004	29,659455	29,881527	-2,905548	1,035553	0,856456	165161,921590	-0,184463	7,303377	-0,019541	0,000000	2,042700	-0,124369	-0,124366	13,969019	0,054684	4,121499	1,798814
112,200000	7,774926	7,803496	1,129755	0,161940	1,943203	-1267,308433	3396,688041	-1401,582550	7,131877	954,373052	30,390445	29,431354	30,732616	29,659812	29,883079	-2,905393	1,035521	0,856286	165188,563911	-0,184727	7,303385	-0,019510	0,000000	2,042748	-0,124370	-0,124363	13,965635	0,054758	4,129939	1,798390
112,400000	7,774637	7,803512	1,127857	0,161850	1,943078	-1265,587510	3396,740072	-1410,539226	7,129965	954,520835	30,397076	29,432804	30,727548	29,660920	29,879219	-2,905261	1,036364	0,856434	165208,544316	-0,184734	7,303368	-0,019463	0,000000	2,042990	-0,124363	-0,124362	13,966587	0,055046	4,133534	1,798549
112,600000	7,774028	7,803567	1,129712	0,161813	1,942875	-1292,442664	3396,867424	-1427,290607	7,128152	954,637789	30,403244	29,434425	30,727018	29,662285	29,872936	-2,905390	1,036299	0,856736	165195,353509	-0,184563	7,303261	-0,019392	0,000000	2,043069	-0,124356	-0,124365	13,967602	0,055013	4,129867	1,798675
112,800000	7,773740	7,803622	1,131527	0,162218	1,941690	-1336,414011	3396,994065	-1451,108124	7,126523	954,607439	30,403455	29,434951	30,730742	29,661300	29,869092	-2,905616	1,034993	0,856852	165187,317661	-0,185001	7,303134	-0,019408	0,000000	2,042899	-0,124356	-0,124366	13,967790	0,054570	4,126346	1,798642
113,000000	7,773559	7,803420	1,128462	0,162563	1,941007	-1362,893398	3397,048893	-1479,383314	7,124687	954,535955	30,399313	29,435378	30,732361	29,656289	29,873052	-2,905654	1,034012	0,856598	165200,414502	-0,185504	7,302902	-0,019417	0,000000	2,042611	-0,124359	-0,124362	13,967661	0,054099	4,132081	1,798565
113,200000	7,773687	7,803020	1,128205	0,162297	1,941808	-1342,989596	3396,983013	-1485,426635	7,122508	954,506999	30,395803	29,434060	30,733986	29,653832	29,880316	-2,905559	1,033856	0,856304	165196,031535	-0,185740	7,302797	-0,019359	0,000000	2,042304	-0,124362	-0,124359	13,967577	0,053941	4,132375	1,798534
113,400000	7,773983	7,802851	1,134360	0,161716	1,940388	-1298,173898	3396,800982	-1450,183491	7,120658	954,541531	30,395753	29,431541	30,737819	29,658111	29,883042	-2,905580	1,033449	0,856639	165161,104694	-0,186242	7,303201	-0,019257	0,000000	2,042293	-0,124360	-0,124362	13,967571	0,054236	4,120687	1,798571
113,600000	7,773929	7,802754	1,137522	0,161568	1,938420	-1274,089262	3396,755210	-1412,551702	7,119216	954,610248	30,397619	29,432080	30,739346	29,664670	29,880073	-2,905628	1,032697	0,857069	165154,725496	-0,186148	7,303634	-0,019223	0,000000	2,042812	-0,124357	-0,124361	13,967585	0,054799	4,114799	1,798645
113,800000	7,773598	7,802553	1,134134	0,161793	1,939027	-1269,257937	3396,829067	-1397,504472	7,117696	954,629201	30,398143	29,434054	30,736926	29,667222	29,875909	-2,905583	1,033981	0,856790	165224,037767	-0,185242	7,303614	-0,019472	0,000000	2,043686	-0,124360	-0,124358	13,967592	0,054952	4,121168	1,798665
114,000000	7,773018	7,802316	1,130479	0,161700	1,941219	-1247,345508	3396,864296	-1381,337288	7,115866	953,669756	30,397104	29,434080	30,732470	29,663887	29,875065	-2,905621	1,035533	0,856326	165266,662785	-0,184224	7,303340	-0,019797	0,000000	2,043968	-0,124365	-0,124361	13,960174	0,054314	4,127916	1,797632
114,200000	7,772773	7,802385	1,126064	0,161653	1,940870	-1222,590668	3396,896792	-1367,496531	7,113809	951,500371	30,396563	29,433475	30,732136	29,656873	29,877177	-2,905626	1,035926	0,856201	165218,029136	-0,183511	7,303245	-0,019788	0,000000	2,043188	-0,124373	-0,124365	13,942597	0,053665	4,136474	1,795294
114,400000	7,773083	7,802591	1,120394	0,161630	1,938873	-1241,623566	3396,884067	-1387,820353	7,111838	950,904415	30,397004	29,432802	30,738478	29,651830	29,880752	-2,905534	1,034953	0,856741	165166,701374	-0,183735	7,303552	-0,019486	0,000000	2,042311	-0,124377	-0,124361	13,937555	0,053698	4,147911	1,794652
114,600000	7,773395	7,802332	1,119392	0,161297	1,939816	-1287,807274	3396,809119	-1429,007392	7,109984	952,927285	30,397268	29,432097	30,742369	29,654906	29,883111	-2,905689	1,033920	0,857340	165164,137998	-0,184651	7,303784	-0,019307	0,000000	2,042137	-0,124370	-0,124356	13,953967	0,054285	4,149945	1,796832
114,800000	7,773455	7,801807	1,124257	0,161488	1,939469	-1303,893309	3396,787374	-1444,192982	7,108193	953,838116	30,398068	29,432322	30,736286	29,661587	29,882093	-2,905927	1,034672	0,857026	165176,210574	-0,185222	7,303575	-0,019329	0,000000	2,042571	-0,124361	-0,124357	13,961020	0,054882	4,139983	1,797813
115,000000	7,773079	7,801471	1,130712	0,162126	1,935332	-1295,813353	3396,935994	-1428,113241	7,106514	952,004206	30,399326	29,434961	30,730284	29,663851	29,879152	-2,905801	1,035048	0,856559	165190,876606	-0,185155	7,303557	-0,019380	0,000000	2,043154	-0,124359	-0,124359	13,945578	0,054919	4,127146	1,795837
115,200000	7,772524	7,801330	1,130619	0,162343	1,932886	-1304,937861	3397,051162	-1420,122124	7,104783	950,215463	30,398002	29,437820	30,737161	29,661414	29,876334	-2,905503	1,033690	0,856467	165234,005615	-0,184955	7,303858	-0,019457	0,000000	2,043563	-0,124367	-0,124356	13,931073	0,054386	4,127485	1,793909
115,400000	7,772236	7,801196	1,124716	0,162137	1,935345	-1300,260696	3396,879403	-1426,954319	7,102934	950,754926	30,394347	29,435540	30,747008	29,656008	29,875638	-2,905410	1,030185	0,856395	165233,365331	-0,185279	7,304094	-0,019489	0,000000	2,043141	-0,124372	-0,124353	13,936154	0,053841	4,139197	1,794490
115,600000	7,772179	7,801079	1,123456	0,162047	1,938220	-1245,811051	3396,651727	-1407,680937	7,101167	952,174444	30,393779	29,430146	30,744860	29,651357	29,877986	-2,905528	1,027353	0,856305	165154,925375	-0,186223	7,304307	-0,019461	0,000000	2,042168	-0,124369	-0,124356	13,948289	0,053638	4,141765	1,796021
115,800000	7,772128	7,800868	1,127649	0,161904	1,936693	-1185,476893	3396,692079	-1353,369439	7,099485	951,705057	30,398136	29,428303	30,737476	29,653055	29,880392	-2,905659	1,028440	0,856305	165126,886855	-0,186752	7,304295	-0,019524	0,000000	2,042111	-0,124365	-0,124360	13,944361	0,053621	4,133417	1,795515
116,000000	7,772004	7,800483	1,128816	0,161824	1,934588	-1147,961039	3396,924789	-1299,548635	7,097710	951,271795	30,402141	29,431161	30,730910	29,659595	29,880639	-2,905756	1,032309	0,856234	165167,243859	-0,185972	7,303940	-0,019611	0,000000	2,042897	-0,124363	-0,124363	13,940534	0,053807	4,130639	1,795048
116,200000	7,771896	7,800280	1,123297	0,162267	1,935105	-1126,534010	3397,018068	-1275,849027	7,095823	952,991527	30,401806	29,434654	30,725338	29,663422	29,879659	-2,905719	1,036129	0,856138	165203,487680	-0,185016	7,303762	-0,019589	0,000000	2,043373	-0,124361	-0,124367	13,954723	0,054069	4,141059	1,796901
116,400000	7,771753	7,800376	1,120613	0,162308	1,936370	-1139,540301	3396,912766	-1281,589905	7,094031	954,576624	30,397645	29,436026	30,729457	29,661395	29,880306	-2,905521	1,037463	0,856418	165254,445159	-0,184717	7,304037	-0,019515	0,000000	2,043407	-0,124360	-0,124367	13,968133	0,053969	4,146543	1,798609
116,600000	7,771466	7,800561	1,125712	0,161670	1,937442	-1193,407852	3396,743336	-1305,107648	7,092317	953,934312	30,392619	29,434312	30,739274	29,657642	29,883999	-2,905559	1,036716	0,857145	165329,852272	-0,184683	7,304367	-0,019557	0,000000	2,043511	-0,124363	-0,124361	13,962893	0,053817	4,137023	1,797917
116,800000	7,771350	7,800804	1,127393	0,161347	1,940901	-1243,317285	3396,572069	-1339,931144	7,090570	951,650352	30,392288	29,430406	30,741601	29,655974	29,885110	-2,905714	1,035751	0,857749	165350,789480	-0,185146	7,304350	-0,019791	0,000000	2,043532	-0,124365	-0,124356	13,943496	0,054027	4,133943	1,795456
117,000000	7,771453	7,800868	1,118047	0,161542	1,944658	-1242,878444	3396,681612	-1368,049058	7,088795	950,070603	30,398240	29,430241	30,737329	29,655864	29,881010	-2,905708	1,036391	0,857416	165276,896560	-0,185769	7,303995	-0,019942	0,000000	2,043312	-0,124363	-0,124357	13,929937	0,054303	4,151966	1,793752
117,200000	7,771213	7,800551	1,108400	0,161794	1,942471	-1212,592035	3396,978946	-1379,724273	7,086926	950,834349	30,403030	29,434525	30,733969	29,657055	29,876517	-2,905746	1,036709	0,856424	165187,529112	-0,185541	7,303622	-0,019804	0,000000	2,043087	-0,124359	-0,124358	13,936142	0,054521	4,170505	1,794576
117,400000	7,770663	7,800293	1,116030	0,162168	1,937301	-1215,330079	3397,015268	-1382,326042	7,085034	952,318140	30,402198	29,437625	30,733521	29,658521	29,875874	-2,905803	1,035306	0,855693	165157,543489	-0,184797	7,303480	-0,019529	0,000000	2,042873	-0,124359	-0,124357	13,948507	0,054627	4,155205	1,796176
117,600000	7,770476	7,800425	1,131604	0,162874	1,934676	-1261,776916	3396,809195	-1380,282495	7,083297	951,815641	30,398110	29,438094	30,736379	29,657999	29,879173	-2,905723	1,033532	0,855971	165170,528716	-0,184915	7,303636	-0,019345	0,000000	2,042762	-0,124363	-0,124357	13,944444	0,054468	4,125012	1,795634
117,800000	7,770822	7,800620	1,133020	0,162962	1,935428	-1290,328568	3396,629893	-1379,612902	7,081659	950,439527	30,393752	29,436649	30,739248	29,656316	29,883755	-2,905592	1,032450	0,856604	165212,182853	-0,185803	7,303883	-0,019346	0,000000	2,043025	-0,124367	-0,124359	13,933104	0,054239	4,122561	1,794150
118,000000	7,770874	7,800508	1,125342	0,161564	1,935583	-1269,627543	3396,634146	-1377,747147	7,079838	950,926668	30,392730	29,434386	30,738623	29,657642	29,885046	-2,905582	1,032921	0,856535	165291,680951	-0,186247	7,303847	-0,019472	0,000000	2,043488	-0,124364	-0,124361	13,937127	0,054313	4,137415	1,794676
118,200000	7,770251	7,800229	1,122612	0,160519	1,934588	-1233,028993	3396,689474	-1366,881479	7,078048	953,171058	30,395442	29,433098	30,739285	29,661630	29,879723	-2,905666	1,033096	0,856488	165360,994783	-0,186462	7,303483	-0,019634	0,000000	2,043495	-0,124356	-0,124364	13,955668	0,054632	4,142427	1,797095
118,400000	7,769921	7,799943	1,124613	0,161427	1,935985	-1219,095709	3396,742757	-1355,490215	7,076371	953,898530	30,398675	29,432817	30,741487	29,661928	29,872952	-2,905698	1,033671	0,856845	165392,598885	-0,186864	7,303128	-0,019496	0,000000	2,043059	-0,124353	-0,124369	13,961732	0,054677	4,138222	1,797879
118,600000	7,770157	7,799665	1,125514	0,162175	1,938368	-1240,279035	3396,861758	-1360,118628	7,074426	951,959048	30,398706	29,433149	30,740774	29,658133	29,871991	-2,905640	1,033785	0,857085	165410,919516	-0,186780	7,303126	-0,019138	0,000000	2,043126	-0,124361	-0,124369	13,945508	0,054610	4,136320	1,795789
118,800000	7,770016	7,799512	1,125885	0,161309	1,939266	-1276,399221	3396,918862	-1384,293261	7,072432	950,239735	30,395973	29,433963	30,738311	29,654594	29,877690	-2,905594	1,031782	0,856713	165366,496475	-0,185739	7,303306	-0,019107	0,000000	2,043247	-0,124367	-0,124363	13,930908	0,054755	4,135583	1,793935
119,000000	7,769532	7,799490	1,125606	0,160613	1,939267	-1308,764676	3396,898070	-1417,327267	7,070597	950,853206	30,394583	29,435275	30,737107	29,653233	29,884143	-2,905621	1,028546	0,856162	165232,801591	-0,184512	7,303331	-0,019316	0,000000	2,042341	-0,124364	-0,124359	13,936107	0,054715	4,136095	1,794596
119,200000	7,769521	7,799311	1,124199	0,161146	1,940909	-1330,518127	3396,870071	-1444,605881	7,068826	953,160029	30,394429	29,436465	30,739071	29,654837	29,885428	-2,905679	1,026264	0,856034	165142,678346	-0,184390	7,303190	-0,019477	0,000000	2,041826	-0,124358	-0,124358	13,955721	0,054486	4,138682	1,797083
119,400000	7,769705	7,798895	1,124721	0,161576	1,940647	-1343,086635	3396,832990	-1458,153768	7,067157	954,779627	30,393979	29,434996	30,741009	29,660283	29,881550	-2,905633	1,027958	0,856064	165157,810503	-0,184834	7,303151	-0,019500	0,000000	2,042737	-0,124355	-0,124362	13,969369	0,054437	4,137495	1,798827
119,600000	7,769547	7,798614	1,127335	0,161563	1,935594	-1358,142632	3396,809421	-1465,923119	7,065402	954,041303	30,394523	29,432369	30,737631	29,664082	29,876260	-2,905533	1,030139	0,856226	165190,110005	-0,184495	7,303244	-0,019488	0,000000	2,043627	-0,124358	-0,124370	13,963154	0,054454	4,132317	1,798032
119,800000	7,769326	7,798581	1,128066	0,162149	1,932598	-1385,013018	3396,791002	-1481,849898	7,063497	951,682488	30,395864	29,431462	30,733139	29,660150	29,874294	-2,905449	1,031368	0,856571	165201,285797	-0,183960	7,303334	-0,019531	0,000000	2,043595	-0,124363	-0,124372	13,943350	0,054443	4,130883	1,795491
120,000000	7,769254	7,798732	1,125024	0,162715	1,934203	-1417,103947	3396,743575	-1512,913743	7,061619	950,984356	30,395825	29,431494	30,734177	29,654043	29,876749	-2,905438	1,033693	0,857038	165200,187978	-0,184453	7,303504	-0,019397	0,000000	2,043146	-0,124368	-0,124362	13,937249	0,054675	4,136981	1,794738
120,200000	7,769225	7,798874	1,122502	0,162392	1,935522	-1433,135577	3396,754733	-1545,139579	7,059629	952,094418	30,395152	29,431915	30,737335	29,651716	29,879434	-2,905661	1,036310	0,857165	165157,170682	-0,185492	7,303535	-0,019203	0,000000	2,042745	-0,124365	-0,124355	13,946290	0,054965	4,142022	1,795935
120,400000	7,769278	7,798749	1,120397	0,161959	1,933212	-1423,361058	3396,858130	-1557,072925	7,057591	951,745620	30,397316	29,433242	30,734597	29,654547	29,879943	-2,905753	1,037415	0,856918	165073,578572	-0,186202	7,303289	-0,019278	0,000000	2,042399	-0,124359	-0,124358	13,943408	0,054915	4,145882	1,795559
120,600000	7,769201	7,798516	1,119444	0,162038	1,931006	-1398,700296	3396,916744	-1545,331151	7,055925	950,518152	30,401394	29,435616	30,729150	29,660248	29,880437	-2,905623	1,036132	0,856781	165032,891535	-0,186281	7,302994	-0,019531	0,000000	2,042922	-0,124356	-0,124362	13,933156	0,054849	4,147361	1,794235
120,800000	7,768863	7,798332	1,122094	0,162129	1,931442	-1388,116295	3396,871839	-1532,088815	7,054480	951,004273	30,400804	29,436186	30,730299	29,662166	29,881000	-2,905646	1,034739	0,856816	165057,776893	-0,185887	7,302897	-0,019526	0,000000	2,044348	-0,124356	-0,124365	13,937349	0,054743	4,142045	1,794759
121,000000	7,768691	7,798260	1,125846	0,162093	1,931891	-1402,033267	3396,726705	-1530,025883	7,052795	953,133984	30,395084	29,433610	30,733850	29,659013	29,880407	-2,905633	1,032956	0,856654	165061,642834	-0,185734	7,302851	-0,019224	0,000000	2,044653	-0,124365	-0,124366	13,955740	0,054248	4,134756	1,797055
121,200000	7,768802	7,798327	1,127032	0,162155	1,933127	-1412,247501	3396,635874	-1525,584423	7,050815	954,702913	30,391065	29,431521	30,737400	29,654511	29,881525	-2,905473	1,030877	0,856471	165014,131329	-0,186415	7,302705	-0,019116	0,000000	2,043663	-0,124375	-0,124365	13,969133	0,054029	4,132475	1,798745
121,400000	7,768843	7,798306	1,122391	0,161885	1,935547	-1391,199622	3396,754872	-1515,094361	7,048816	954,026378	30,391030	29,431426	30,743926	29,652677	29,885208	-2,905527	1,031454	0,856790	164978,772792	-0,186611	7,302721	-0,019309	0,000000	2,042814	-0,124374	-0,124363	13,963063	0,054420	4,141606	1,798016
121,600000	7,768662	7,798092	1,115118	0,161200	1,936336	-1351,745372	3396,869704	-1507,042613	7,046992	952,598854	30,393614	29,431532	30,743414	29,654978	29,883591	-2,905737	1,034467	0,857090	164978,987849	-0,185202	7,302806	-0,019463	0,000000	2,042441	-0,124368	-0,124364	13,950780	0,054713	4,155795	1,796478
121,800000	7,768563	7,797749	1,115224	0,161040	1,931990	-1330,993643	3396,891485	-1498,961837	7,045279	953,067412	30,398646	29,433121	30,733961	29,657262	29,875875	-2,905759	1,036502	0,856932	164996,370592	-0,184366	7,302722	-0,019420	0,000000	2,042612	-0,124364	-0,124366	13,954847	0,054582	4,155223	1,796983
122,000000	7,768448	7,797416	1,121987	0,161511	1,926501	-1345,767466	3396,927364	-1487,862546	7,043455	954,373429	30,401135	29,436295	30,730497	29,657040	29,873568	-2,905701	1,035490	0,856322	165014,176416	-0,185122	7,302654	-0,019343	0,000000	2,042948	-0,124361	-0,124364	13,966172	0,054224	4,141686	1,798390
122,200000	7,768118	7,797418	1,123575	0,161555	1,925612	-1373,305194	3396,833886	-1486,996812	7,041504	953,862732	30,396054	29,436019	30,737362	29,656784	29,879535	-2,905780	1,035016	0,855909	165012,810237	-0,186000	7,302711	-0,019273	0,000000	2,042953	-0,124360	-0,124361	13,962144	0,053965	4,138717	1,797840
122,400000	7,768061	7,797717	1,120831	0,161132	1,927159	-1384,588077	3396,626397	-1498,262249	7,039832	952,544494	30,390047	29,432148	30,745267	29,657494	29,886593	-2,905835	1,035311	0,856149	165003,696712	-0,186628	7,302766	-0,019122	0,000000	2,042804	-0,124362	-0,124361	13,951020	0,054016	4,144410	1,796420
122,600000	7,768120	7,797917	1,120736	0,160863	1,928056	-1383,298461	3396,586458	-1507,638510	7,038395	953,064353	30,391553	29,430235	30,745376	29,658032	29,888453	-2,905744	1,034153	0,856460	165002,937898	-0,186813	7,302740	-0,018981	0,000000	2,042599	-0,124365	-0,124360	13,955116	0,054288	4,144705	1,796980
122,800000	7,767926	7,797849	1,121759	0,161038	1,929206	-1379,360211	3396,805922	-1505,432655	7,036694	954,427142	30,398135	29,431955	30,739182	29,658815	29,883541	-2,905620	1,031992	0,856892	165008,667873	-0,185877	7,302468	-0,019032	0,000000	2,042540	-0,124366	-0,124358	13,966225	0,054622	4,142410	1,798448
123,000000	7,767786	7,797547	1,121584	0,161313	1,932098	-1359,848824	3396,990231	-1487,598947	7,034851	953,978523	30,402392	29,433815	30,735168	29,660465	29,876258	-2,905569	1,029186	0,857142	165012,157779	-0,184529	7,302170	-0,019344	0,000000	2,042857	-0,124366	-0,124359	13,962111	0,054970	4,142358	1,797965
123,200000	7,767792	7,797196	1,121022	0,161444	1,932447	-1324,448636	3396,916352	-1463,044731	7,033132	951,784653	30,401631	29,433843	30,736619	29,658717	29,874115	-2,905598	1,027835	0,856605	165011,050479	-0,183950	7,302137	-0,019579	0,000000	2,043049	-0,124366	-0,124362	13,943580	0,055071	4,143291	1,795601
123,400000	7,767894	7,796997	1,121253	0,161653	1,928775	-1306,534056	3396,780864	-1446,738305	7,031297	951,035929	30,397241	29,433151	30,740846	29,652805	29,880310	-2,905586	1,028035	0,856377	165008,252349	-0,184382	7,302233	-0,019394	0,000000	2,042706	-0,124363	-0,124363	13,937539	0,054819	4,142869	1,794793
123,600000	7,768023	7,796905	1,122631	0,161555	1,926315	-1297,472857	3396,707161	-1431,548585	7,029351	952,942951	30,392719	29,432744	30,741842	29,650817	29,887923	-2,905523	1,028990	0,856815	164994,865072	-0,185057	7,302328	-0,019057	0,000000	2,042410	-0,124360	-0,124363	13,953769	0,054615	4,140208	1,796849
123,800000	7,768023	7,796713	1,124533	0,161406	1,926878	-1268,004078	3396,742290	-1404,500013	7,027638	954,670547	30,392348	29,433452	30,739878	29,655694	29,888935	-2,905531	1,030315	0,856912	164964,599364	-0,185652	7,302351	-0,019028	0,000000	2,042575	-0,124360	-0,124364	13,968367	0,054523	4,136383	1,798710
124,000000	7,767931	7,796545	1,125303	0,161598	1,928106	-1241,249414	3396,813426	-1377,228416	7,026068	955,809599	30,395011	29,434224	30,738546	29,661999	29,883829	-2,905570	1,030774	0,856925	164976,735140	-0,186443	7,302487	-0,019260	0,000000	2,043086	-0,124357	-0,124366	13,978000	0,054448	4,134855	1,799936
124,200000	7,767816	7,796653	1,125968	0,161685	1,927729	-1228,136947	3396,834293	-1353,797003	7,024283	957,660419	30,396708	29,434278	30,735701	29,664021	29,878065	-2,905515	1,029991	0,857286	165059,313376	-0,187096	7,302774	-0,019421	0,000000	2,043871	-0,124357	-0,124368	13,993536	0,054433	4,133733	1,801927
124,400000	7,767448	7,796682	1,125397	0,161470	1,928810	-1205,855190	3396,867420	-1331,137581	7,022455	959,012372	30,397191	29,434319	30,732796	29,660119	29,876603	-2,905496	1,029880	0,857445	165089,483707	-0,187114	7,302733	-0,019343	0,000000	2,044110	-0,124361	-0,124364	14,004808	0,054490	4,134794	1,803380
124,600000	7,766753	7,796399	1,124193	0,161294	1,932232	-1189,274851	3396,850876	-1320,403053	7,020748	958,280029	30,396818	29,434004	30,736774	29,653054	29,880510	-2,905626	1,031928	0,857438	165024,407181	-0,186494	7,302418	-0,019178	0,000000	2,043421	-0,124362	-0,124355	13,998514	0,054648	4,136887	1,802593
124,800000	7,766263	7,796293	1,122818	0,161177	1,934137	-1205,636295	3396,849247	-1329,302630	7,018982	956,870909	30,395743	29,433562	30,745146	29,650250	29,886454	-2,905708	1,033399	0,857673	164984,455985	-0,186305	7,302407	-0,019270	0,000000	2,042917	-0,124361	-0,124350	13,986564	0,054786	4,139633	1,801078
125,000000	7,766349	7,796511	1,122731	0,160866	1,935099	-1230,812461	3396,881069	-1352,809868	7,017223	957,384592	30,395723	29,433551	30,746748	29,656676	29,889769	-2,905718	1,033890	0,857642	165005,085990	-0,186365	7,302664	-0,019561	0,000000	2,042919	-0,124359	-0,124356	13,990797	0,054860	4,140072	1,801630
125,200000	7,766603	7,796492	1,125603	0,160846	1,937220	-1248,716698	3396,871043	-1371,939929	7,015422	958,740080	30,398268	29,433766	30,740862	29,664896	29,888349	-2,905742	1,034964	0,857289	165017,293173	-0,186080	7,302576	-0,019663	0,000000	2,042863	-0,124359	-0,124366	14,002119	0,054898	4,134333	1,803087
125,400000	7,766592	7,796147	1,127702	0,161449	1,939548	-1261,971270	3396,869159	-1375,181939	7,013542	959,124027	30,400029	29,434404	30,737303	29,666439	29,885149	-2,905652	1,036232	0,857167	165026,650295	-0,186108	7,302219	-0,019440	0,000000	2,043073	-0,124363	-0,124368	14,005474	0,054760	4,129831	1,803500
125,600000	7,766332	7,795890	1,130827	0,162060	1,937903	-1261,587212	3396,808490	-1367,445510	7,011706	958,979962	30,396489	29,434466	30,740072	29,661429	29,884598	-2,905555	1,036820	0,857118	165045,612699	-0,185740	7,302135	-0,019261	0,000000	2,043568	-0,124368	-0,124363	14,004496	0,054530	4,123640	1,803345
125,800000	7,765958	7,795615	1,134446	0,162041	1,935770	-1259,872198	3396,691211	-1363,956230	7,009816	958,841796	30,390860	29,432833	30,744791	29,654115	29,886423	-2,905554	1,036225	0,857157	165023,001742	-0,185037	7,302089	-0,019335	0,000000	2,043259	-0,124367	-0,124358	14,003478	0,054391	4,116576	1,803197
126,000000	7,765795	7,795238	1,135013	0,161533	1,938239	-1271,549020	3396,647215	-1371,068396	7,007892	958,818486	30,390132	29,431577	30,745942	29,650826	29,887591	-2,905534	1,036111	0,857235	164979,700324	-0,185056	7,302005	-0,019383	0,000000	2,042326	-0,124361	-0,124356	14,003294	0,054380	4,115291	1,803172
126,200000	7,765863	7,795152	1,131243	0,161199	1,941562	-1286,659775	3396,761095	-1384,816779	7,006194	958,837158	30,395411	29,433166	30,742519	29,653291	29,887333	-2,905581	1,035667	0,856990	164984,226782	-0,185703	7,302148	-0,019369	0,000000	2,042259	-0,124358	-0,124358	14,003425	0,054406	4,122545	1,803192
126,400000	7,765851	7,795324	1,128278	0,161611	1,941755	-1282,483206	3396,947717	-1397,104657	7,004629	957,954527	30,399630	29,436225	30,738817	29,657167	29,885735	-2,905767	1,033811	0,856773	165022,264995	-0,186258	7,302277	-0,019259	0,000000	2,043253	-0,124358	-0,124361	13,996092	0,054342	4,128353	1,802243
126,600000	7,765716	7,795282	1,132061	0,162245	1,939853	-1256,283542	3396,999136	-1388,676575	7,002879	956,745195	30,397820	29,437364	30,736992	29,659083	29,883714	-2,905760	1,031642	0,856582	165032,619094	-0,186199	7,302054	-0,019079	0,000000	2,044039	-0,124359	-0,124363	13,985939	0,054356	4,120837	1,800942
126,800000	7,765549	7,795098	1,136738	0,162359	1,940020	-1237,136824	3396,961001	-1365,929771	7,000909	956,473179	30,392829	29,437268	30,738921	29,658580	29,885027	-2,905431	1,030908	0,856254	165025,955879	-0,185544	7,301783	-0,019121	0,000000	2,043797	-0,124362	-0,124363	13,983624	0,054391	4,111602	1,800650
127,000000	7,765504	7,795015	1,132352	0,162316	1,941144	-1249,069335	3396,834370	-1365,112939	6,998900	955,709537	30,389607	29,435568	30,743498	29,657769	29,888474	-2,905340	1,032066	0,856568	165027,902372	-0,184631	7,301992	-0,019143	0,000000	2,042993	-0,124365	-0,124361	13,977339	0,054270	4,120228	1,799828
127,200000	7,765727	7,794821	1,122867	0,162396	1,940676	-1267,912939	3396,683439	-1391,100801	6,997087	953,707433	30,390982	29,431346	30,744501	29,658043	29,888241	-2,905656	1,031829	0,857346	165017,667098	-0,184273	7,302342	-0,018910	0,000000	2,042458	-0,124367	-0,124358	13,960635	0,054169	4,138827	1,797673
127,400000	7,765657	7,794397	1,122895	0,162341	1,940305	-1261,221991	3396,796008	-1406,481016	6,995420	952,254155	30,395919	29,430746	30,741639	29,658026	29,884514	-2,905928	1,031087	0,857381	164995,260417	-0,184638	7,302337	-0,018867	0,000000	2,042534	-0,124365	-0,124361	13,948276	0,054321	4,138540	1,796107
127,600000	7,764758	7,794116	1,131402	0,161959	1,940969	-1255,950880	3397,048592	-1401,291561	6,993558	953,004301	30,398855	29,435595	30,739183	29,657009	29,880868	-2,905902	1,031828	0,856702	164982,640495	-0,185188	7,302172	-0,019231	0,000000	2,042798	-0,124363	-0,124365	13,954397	0,054502	4,121687	1,796915
127,800000	7,764116	7,794325	1,138060	0,161430	1,941751	-1271,549216	3397,107996	-1390,333374	6,991581	954,439918	30,395807	29,438260	30,739624	29,656358	29,880619	-2,905747	1,033211	0,856235	164994,425474	-0,185426	7,302241	-0,019438	0,000000	2,042961	-0,124363	-0,124366	13,966497	0,054458	4,108950	1,798462
128,000000	7,764710	7,794687	1,139167	0,161593	1,941982	-1269,374849	3396,921971	-1371,641395	6,989789	954,826437	30,390476	29,436145	30,743037	29,656874	29,885222	-2,905652	1,034682	0,856500	165013,851356	-0,185429	7,302592	-0,019330	0,000000	2,043029	-0,124362	-0,124363	13,969769	0,054430	4,107265	1,798878
128,200000	7,765398	7,794747	1,135296	0,162275	1,944466	-1235,727388	3396,733938	-1349,020135	6,988085	954,681401	30,387480	29,433586	30,746374	29,656263	29,891153	-2,905543	1,034517	0,857069	165013,221110	-0,185481	7,302759	-0,019154	0,000000	2,043036	-0,124361	-0,124357	13,968609	0,054372	4,114919	1,798722
128,400000	7,765128	7,794428	1,134027	0,162125	1,947963	-1200,792710	3396,686451	-1329,493528	6,986349	954,548133	30,388732	29,431603	30,745857	29,656835	29,891056	-2,905507	1,033275	0,857345	165000,888365	-0,185698	7,302414	-0,018912	0,000000	2,043263	-0,124360	-0,124354	13,967540	0,054323	4,117044	1,798578
128,600000	7,764473	7,793997	1,134910	0,161638	1,947105	-1184,491366	3396,739123	-1319,285515	6,984788	954,544628	30,393612	29,430759	30,742669	29,661664	29,884071	-2,905573	1,033365	0,857201	164996,603312	-0,186033	7,302053	-0,018948	0,000000	2,043517	-0,124361	-0,124358	13,967371	0,054462	4,114902	1,798574
128,800000	7,764134	7,793716	1,132479	0,162126	1,943693	-1196,947616	3396,873654	-1327,722749	6,983299	954,559475	30,396453	29,432515	30,741060	29,663352	29,878736	-2,905585	1,034384	0,856966	164999,671792	-0,186231	7,302026	-0,019289	0,000000	2,043576	-0,124363	-0,124363	13,967519	0,054439	4,119403	1,798590
129,000000	7,764096	7,793662	1,131344	0,162684	1,943120	-1232,585607	3396,923699	-1350,493316	6,981511	954,548608	30,394572	29,434555	30,741420	29,657990	29,878724	-2,905498	1,035011	0,857155	165011,978063	-0,186103	7,302145	-0,019434	0,000000	2,043542	-0,124363	-0,124365	13,967606	0,054261	4,121615	1,798579
129,200000	7,764128	7,793855	1,134740	0,162088	1,945165	-1256,571980	3396,904446	-1369,603660	6,979577	954,539393	30,391505	29,434801	30,741712	29,652556	29,882455	-2,905454	1,035979	0,857326	164996,571279	-0,185506	7,302443	-0,019270	0,000000	2,042751	-0,124361	-0,124364	13,967610	0,054180	4,115314	1,798569
129,400000	7,764295	7,793809	1,138833	0,161468	1,945222	-1244,846196	3396,905042	-1366,113184	6,977653	954,534738	30,389888	29,434687	30,742464	29,653381	29,887746	-2,905529	1,036676	0,857232	164943,255497	-0,184556	7,302718	-0,019114	0,000000	2,041622	-0,124359	-0,124358	13,967594	0,054157	4,107578	1,798564
129,600000	7,764211	7,793420	1,141367	0,161651	1,945022	-1213,230520	3396,795266	-1338,899467	6,975796	954,542834	30,389918	29,434641	30,745489	29,658465	29,889812	-2,905668	1,036510	0,857100	164942,240633	-0,183947	7,302669	-0,019232	0,000000	2,042012	-0,124360	-0,124355	13,967587	0,054231	4,102548	1,798572
129,800000	7,763713	7,793211	1,142723	0,161635	1,947263	-1199,286479	3396,664165	-1312,292450	6,974172	954,554579	30,391100	29,433396	30,745655	29,662909	29,887012	-2,905703	1,037341	0,856517	164995,174780	-0,184437	7,302500	-0,019430	0,000000	2,043296	-0,124363	-0,124360	13,967588	0,054329	4,099776	1,798585
130,000000	7,763539	7,793167	1,140632	0,161879	1,949788	-1204,044377	3396,717096	-1308,944219	6,972621	954,549723	30,392445	29,432744	30,740203	29,662577	29,884371	-2,905540	1,038842	0,855955	165026,286610	-0,185081	7,302451	-0,019352	0,000000	2,043680	-0,124367	-0,124367	13,967589	0,054287	4,103670	1,798580
130,200000	7,763558	7,793197	1,137763	0,162714	1,950185	-1198,021406	3396,901116	-1314,435009	6,970838	955,456836	30,392251	29,433443	30,738656	29,656035	29,884605	-2,905381	1,039435	0,856008	165023,418677	-0,184993	7,302454	-0,019122	0,000000	2,043361	-0,124369	-0,124363	13,975007	0,054482	4,109167	1,799556
130,400000	7,763389	7,793195	1,138331	0,162459	1,949909	-1193,813064	3396,938917	-1316,454580	6,968923	957,628939	30,389331	29,433327	30,742013	29,649360	29,885380	-2,905380	1,038320	0,856361	165007,231142	-0,184617	7,302378	-0,019048	0,000000	2,042943	-0,124367	-0,124357	13,992582	0,055123	4,108078	1,801893
130,600000	7,763412	7,792946	1,139380	0,161363	1,951814	-1220,587568	3396,834000	-1333,984074	6,967219	959,144238	30,386973	29,432939	30,742294	29,648852	29,886470	-2,905534	1,037673	0,857040	164966,192836	-0,184613	7,302416	-0,019088	0,000000	2,042127	-0,124363	-0,124358	14,005042	0,055361	4,105975	1,803522
130,800000	7,763500	7,792794	1,139469	0,160983	1,953492	-1264,764003	3396,818958	-1366,989662	6,965506	959,213983	30,389943	29,434053	30,738493	29,654211	29,887455	-2,905673	1,037223	0,857532	164939,356813	-0,185573	7,302628	-0,019067	0,000000	2,041591	-0,124364	-0,124362	14,006204	0,054783	4,105786	1,803597
131,000000	7,763319	7,792779	1,140538	0,161448	1,954187	-1290,446583	3396,920418	-1395,887534	6,963453	958,013679	30,394296	29,436907	30,735589	29,659625	29,886545	-2,905655	1,034231	0,857251	164987,652961	-0,186461	7,302746	-0,019138	0,000000	2,042581	-0,124365	-0,124362	13,996777	0,054153	4,103715	1,802307
131,200000	7,763084	7,792604	1,140833	0,162373	1,955320	-1286,593161	3396,995661	-1411,013217	6,961403	955,782764	30,393542	29,439283	30,735054	29,660317	29,885387	-2,905607	1,030549	0,856726	165044,087387	-0,186030	7,302681	-0,019378	0,000000	2,043903	-0,124362	-0,124362	13,978231	0,053992	4,102990	1,799907
131,400000	7,762888	7,792583	1,140790	0,162883	1,956519	-1268,143376	3396,922907	-1405,447284	6,959579	955,195309	30,388693	29,438847	30,738079	29,656786	29,885996	-2,905671	1,026249	0,856327	165042,914768	-0,185122	7,302658	-0,019485	0,000000	2,043926	-0,124361	-0,124360	13,973224	0,054071	4,103098	1,799275
131,600000	7,762805	7,792701	1,143500	0,162420	1,955693	-1253,696456	3396,807732	-1386,388371	6,957848	957,180022	30,385743	29,436416	30,744307	29,653448	29,887632	-2,905586	1,024177	0,856507	165006,106489	-0,184728	7,303016	-0,019321	0,000000	2,043242	-0,124363	-0,124356	13,989840	0,054102	4,098280	1,801410
131,800000	7,762867	7,792567	1,145402	0,162112	1,952996	-1254,972565	3396,767474	-1374,647822	6,956129	958,025643	30,388139	29,433941	30,745405	29,653181	29,887746	-2,905454	1,026692	0,857033	164986,125133	-0,184705	7,303405	-0,019169	0,000000	2,042739	-0,124361	-0,124356	13,996960	0,054070	4,094849	1,802319
132,000000	7,762836	7,792057	1,144040	0,162421	1,953295	-1259,097678	3396,843897	-1374,051131	6,954400	956,172784	30,393262	29,433485	30,742063	29,654867	29,883882	-2,905627	1,029529	0,856939	164993,776713	-0,185172	7,303415	-0,019288	0,000000	2,042408	-0,124357	-0,124360	13,981503	0,053992	4,097181	1,800327
132,200000	7,762626	7,791610	1,142618	0,162404	1,954747	-1252,186095	3396,956658	-1378,987672	6,952672	955,306183	30,397324	29,435444	30,738539	29,657105	29,879832	-2,905779	1,031621	0,856432	165012,280449	-0,185876	7,303280	-0,019456	0,000000	2,042395	-0,124358	-0,124363	13,974397	0,053828	4,099544	1,799394
132,400000	7,762240	7,791728	1,142442	0,162206	1,953366	-1248,133666	3396,917533	-1379,654456	6,950853	957,088324	30,396635	29,436582	30,737144	29,657473	29,881790	-2,905735	1,033442	0,856110	165027,300017	-0,185937	7,303192	-0,019319	0,000000	2,042757	-0,124361	-0,124364	13,989632	0,053541	4,099851	1,801312
132,600000	7,761840	7,792080	1,141473	0,162381	1,951411	-1246,149761	3396,747286	-1373,111360	6,949002	958,770406	30,391004	29,434513	30,742249	29,655827	29,888166	-2,905622	1,035574	0,856298	165014,876946	-0,185611	7,303360	-0,018823	0,000000	2,043047	-0,124360	-0,124364	14,004071	0,053200	4,102063	1,803120
132,800000	7,761874	7,792163	1,136939	0,162562	1,952228	-1236,713055	3396,588592	-1372,155286	6,947243	959,054997	30,386214	29,431435	30,747994	29,655426	29,893509	-2,905491	1,037141	0,856835	164998,534711	-0,185923	7,303732	-0,018642	0,000000	2,043175	-0,124358	-0,124364	14,006423	0,053232	4,111142	1,803426
133,000000	7,762333	7,791691	1,136671	0,162575	1,954482	-1229,883194	3396,608686	-1374,165675	6,945560	959,786901	30,387654	29,431107	30,746436	29,656078	29,893821	-2,905396	1,037667	0,857390	165000,899539	-0,186219	7,303876	-0,019066	0,000000	2,043212	-0,124359	-0,124364	14,011882	0,053903	4,111501	1,804212
133,200000	7,762483	7,791062	1,141300	0,162435	1,953180	-1234,461600	3396,801487	-1373,088542	6,943826	961,824973	30,392896	29,433411	30,739260	29,656416	29,888508	-2,905316	1,038090	0,857428	164999,903756	-0,185093	7,303772	-0,019417	0,000000	2,043053	-0,124362	-0,124367	14,028274	0,054572	4,102126	1,806400
133,400000	7,762073	7,790915	1,140306	0,162385	1,950303	-1245,636046	3396,902576	-1374,719251	6,941996	962,430187	30,396061	29,434133	30,735650	29,657054	29,880973	-2,905328	1,037797	0,856995	164986,662062	-0,183833	7,303988	-0,019598	0,000000	2,042891	-0,124365	-0,124366	14,033262	0,054647	4,104024	1,807050
133,600000	7,761568	7,791129	1,135609	0,162708	1,950118	-1254,472063	3396,870021	-1388,456141	6,940204	960,461598	30,395203	29,433077	30,740364	29,656091	29,878598	-2,905390	1,036962	0,856944	164981,598743	-0,183836	7,304602	-0,019650	0,000000	2,042868	-0,124367	-0,124363	14,017061	0,054374	4,113581	1,804937
133,800000	7,761337	7,791195	1,132847	0,162468	1,951888	-1270,130067	3396,795554	-1413,863320	6,938360	958,717654	30,391345	29,432674	30,745026	29,653299	29,885594	-2,905435	1,034262	0,857122	164986,251608	-0,184695	7,304962	-0,019385	0,000000	2,042875	-0,124366	-0,124360	14,002680	0,054149	4,119215	1,803063
134,000000	7,761485	7,790913	1,135208	0,161795	1,951839	-1287,753837	3396,729877	-1427,572681	6,936414	957,582767	30,388682	29,433539	30,745206	29,653400	29,893132	-2,905534	1,032701	0,857224	164975,537129	-0,185654	7,304874	-0,019221	0,000000	2,042891	-0,124360	-0,124361	13,993121	0,054197	4,114466	1,801843
134,200000	7,761706	7,790527	1,138262	0,161880	1,950805	-1291,564887	3396,736079	-1422,324071	6,934612	955,765918	30,390242	29,435739	30,744481	29,657907	29,893271	-2,905581	1,034871	0,857546	164943,316052	-0,185987	7,304727	-0,019464	0,000000	2,042712	-0,124357	-0,124364	13,977570	0,054512	4,108281	1,799889
134,400000	7,761481	7,790368	1,137232	0,162105	1,951014	-1288,302783	3396,781659	-1418,424352	6,932945	954,442355	30,393349	29,436767	30,742675	29,662903	29,887693	-2,905508	1,037402	0,857681	164961,637495	-0,185698	7,304783	-0,019695	0,000000	2,042903	-0,124359	-0,124365	13,966278	0,054697	4,110181	1,798464
134,600000	7,760903	7,790503	1,135266	0,161835	1,948894	-1268,309691	3396,842254	-1410,507297	6,931149	955,173816	30,394503	29,434717	30,739132	29,662566	29,881262	-2,905361	1,036317	0,857246	165039,061833	-0,184758	7,304984	-0,019730	0,000000	2,043652	-0,124365	-0,124361	13,972568	0,054546	4,114125	1,799252
134,800000	7,760659	7,790539	1,134001	0,161375	1,944580	-1219,387229	3396,831886	-1378,325876	6,929372	956,567958	30,393626	29,431598	30,737129	29,656619	29,880503	-2,905270	1,032109	0,857039	165057,866177	-0,184190	7,305176	-0,019832	0,000000	2,043528	-0,124369	-0,124358	13,984521	0,054289	4,116707	1,800752
135,000000	7,760973	7,790319	1,133182	0,160935	1,941776	-1173,511502	3396,783654	-1339,562080	6,927710	956,032583	30,391832	29,430252	30,742276	29,650055	29,886177	-2,905383	1,030396	0,857010	165016,869886	-0,184883	7,305405	-0,019877	0,000000	2,042758	-0,124369	-0,124361	13,980288	0,054031	4,118402	1,800176
135,200000	7,760977	7,790128	1,132040	0,160687	1,941788	-1164,260447	3396,818826	-1317,931902	6,925981	954,652637	30,391784	29,431595	30,749291	29,648105	29,891256	-2,905641	1,031240	0,856913	164989,996744	-0,185797	7,305665	-0,019838	0,000000	2,042571	-0,124367	-0,124362	13,968967	0,053773	4,120744	1,798691
135,400000	7,760509	7,789960	1,131902	0,160737	1,941550	-1173,761238	3396,824784	-1313,397061	6,924136	954,252346	30,394283	29,433509	30,748329	29,653353	29,891443	-2,905842	1,033281	0,857119	164989,788992	-0,185735	7,305694	-0,019838	0,000000	2,042878	-0,124367	-0,124360	13,965612	0,053768	4,120908	1,798260
135,600000	7,760309	7,789851	1,130769	0,161332	1,940410	-1185,829541	3396,793670	-1326,678913	6,922101	954,400593	30,395558	29,434218	30,744741	29,660339	29,888905	-2,905787	1,035994	0,857086	164998,557924	-0,184742	7,305615	-0,019769	0,000000	2,043231	-0,124368	-0,124362	13,966589	0,054035	4,122945	1,798419
135,800000	7,760145	7,790046	1,130329	0,162250	1,943127	-1212,627182	3396,801165	-1348,408481	6,920072	954,515354	30,393655	29,435187	30,744018	29,662963	29,886836	-2,905574	1,037345	0,856737	165037,464717	-0,184366	7,305692	-0,019633	0,000000	2,043925	-0,124369	-0,124365	13,967607	0,053980	4,123910	1,798543
136,000000	7,759860	7,790176	1,133846	0,162591	1,947022	-1249,436636	3396,845805	-1368,230512	6,918305	954,487936	30,389751	29,435642	30,747451	29,658970	29,885674	-2,905466	1,036579	0,856731	165072,896319	-0,184715	7,305978	-0,019519	0,000000	2,044218	-0,124368	-0,124363	13,967792	0,053565	4,117371	1,798513
136,200000	7,759811	7,789926	1,137184	0,161979	1,947157	-1276,008973	3396,858456	-1385,509439	6,916721	954,450507	30,386469	29,433886	30,752432	29,652643	29,884869	-2,905395	1,033805	0,857028	165018,027528	-0,184789	7,306139	-0,019401	0,000000	2,042863	-0,124365	-0,124356	13,967661	0,053382	4,111002	1,798473
136,400000	7,760023	7,789500	1,138798	0,161121	1,946514	-1285,526074	3396,801748	-1393,715440	6,915084	955,341212	30,386974	29,432645	30,751783	29,651426	29,885168	-2,905239	1,031860	0,857529	164953,463211	-0,185456	7,306208	-0,019427	0,000000	2,041720	-0,124362	-0,124351	13,974994	0,053525	4,107747	1,799432
136,600000	7,760170	7,789085	1,136220	0,161017	1,948966	-1298,760201	3396,855115	-1409,601368	6,913282	957,461412	30,392110	29,433651	30,745084	29,654210	29,886187	-2,905237	1,031946	0,857991	164960,650124	-0,186126	7,306395	-0,019627	0,000000	2,042301	-0,124361	-0,124355	13,992563	0,053737	4,112511	1,801713
136,800000	7,759927	7,788958	1,132536	0,161601	1,952014	-1320,518297	3396,989114	-1435,701172	6,911404	958,959004	30,396629	29,436117	30,736739	29,657595	29,886030	-2,905539	1,031796	0,857607	164989,171578	-0,184853	7,306433	-0,019550	0,000000	2,043253	-0,124361	-0,124362	14,005037	0,053814	4,119434	1,803323
137,000000	7,759569	7,789101	1,130379	0,162025	1,950696	-1316,125324	3397,009912	-1444,185058	6,909608	959,089809	30,396119	29,437641	30,735431	29,659348	29,886439	-2,905739	1,029420	0,856813	165001,487432	-0,183685	7,306892	-0,019305	0,000000	2,043446	-0,124361	-0,124364	14,006206	0,053741	4,123895	1,803463
137,200000	7,759515	7,789175	1,129489	0,161784	1,946605	-1282,786011	3396,874079	-1431,838931	6,907797	959,733118	30,392998	29,436076	30,742325	29,658156	29,890731	-2,905650	1,027509	0,856761	164999,903308	-0,184351	7,307691	-0,019288	0,000000	2,043227	-0,124362	-0,124362	14,011613	0,053722	4,126220	1,804154
137,400000	7,759675	7,788950	1,133582	0,161304	1,942503	-1258,891187	3396,707938	-1408,777545	6,905828	960,844780	30,390495	29,433568	30,749044	29,656619	29,894257	-2,905645	1,029933	0,857427	164998,614858	-0,184968	7,307871	-0,019393	0,000000	2,042931	-0,124364	-0,124360	14,020799	0,053843	4,118422	1,805348
137,600000	7,759972	7,788501	1,135530	0,161289	1,938908	-1254,845226	3396,706921	-1391,215262	6,903988	960,256230	30,391333	29,432721	30,749735	29,656227	29,891282	-2,905714	1,033455	0,857939	165000,447804	-0,184973	7,307908	-0,019457	0,000000	2,042510	-0,124362	-0,124361	14,015718	0,053998	4,114495	1,804716
137,800000	7,760103	7,788327	1,133162	0,161382	1,935998	-1268,433972	3396,857546	-1393,689533	6,902400	958,947303	30,394958	29,434963	30,743765	29,655546	29,885784	-2,905639	1,034254	0,857937	164998,303153	-0,184919	7,308160	-0,019510	0,000000	2,042482	-0,124361	-0,124365	14,004624	0,054129	4,119013	1,803310
138,000000	7,759528	7,788712	1,131846	0,161359	1,935881	-1300,141937	3397,030037	-1413,590343	6,900829	958,579761	30,397929	29,438117	30,738789	29,654795	29,883178	-2,905553	1,032566	0,857490	164999,337941	-0,184800	7,308357	-0,019492	0,000000	2,042803	-0,124362	-0,124367	14,001520	0,054154	4,121737	1,802915
138,200000	7,758751	7,789118	1,129292	0,161421	1,939226	-1321,551583	3397,067092	-1435,972133	6,899055	958,695386	30,397360	29,438222	30,741456	29,655498	29,884560	-2,905538	1,032512	0,856907	165013,414204	-0,184873	7,308973	-0,019413	0,000000	2,042805	-0,124364	-0,124364	14,002545	0,054098	4,127258	1,803039
138,400000	7,758670	7,788997	1,126796	0,161643	1,941563	-1316,248049	3396,907571	-1450,080342	6,897199	958,834863	30,392126	29,435811	30,745720	29,655722	29,889786	-2,905457	1,034078	0,856894	165028,969293	-0,185041	7,309596	-0,019496	0,000000	2,042621	-0,124368	-0,124358	14,003532	0,054280	4,132492	1,803189
138,600000	7,758974	7,788531	1,127478	0,161565	1,941891	-1308,180142	3396,700956	-1455,591357	6,895357	958,903045	30,387336	29,433321	30,746073	29,653882	29,895460	-2,905393	1,032422	0,857112	165025,412757	-0,185296	7,309610	-0,019524	0,000000	2,042673	-0,124369	-0,124357	14,003695	0,054687	4,130993	1,803262
138,800000	7,758906	7,788047	1,129445	0,161090	1,942662	-1313,494882	3396,552129	-1456,115900	6,893553	958,927097	30,388662	29,431259	30,746454	29,654767	29,894524	-2,905499	1,031566	0,857400	165019,495098	-0,185422	7,309485	-0,019353	0,000000	2,042811	-0,124363	-0,124361	14,003563	0,055021	4,126911	1,803288
139,000000	7,758507	7,787808	1,130536	0,161388	1,945021	-1321,183968	3396,575370	-1456,868061	6,891940	958,940986	30,393616	29,430781	30,748268	29,659249	29,886952	-2,905597	1,034472	0,857717	165030,111610	-0,185196	7,309285	-0,019321	0,000000	2,042993	-0,124359	-0,124370	14,003482	0,055219	4,124603	1,803303
139,200000	7,758068	7,787810	1,131555	0,161921	1,945378	-1324,388092	3396,728164	-1453,489374	6,890459	958,016988	30,396197	29,432260	30,747310	29,659943	29,881857	-2,905634	1,036424	0,857373	165044,336257	-0,185790	7,309351	-0,019498	0,000000	2,043331	-0,124360	-0,124373	13,996060	0,054897	4,122635	1,802310
139,400000	7,757832	7,787886	1,132775	0,162045	1,942766	-1325,237123	3396,809854	-1447,842976	6,889682	955,814953	30,394675	29,433344	30,744767	29,654575	29,884854	-2,905706	1,036143	0,856927	165055,012010	-0,186270	7,309794	-0,019668	0,000000	2,043573	-0,124363	-0,124366	13,978499	0,053994	4,120510	1,799942
139,600000	7,758039	7,788153	1,132828	0,162426	1,941856	-1315,148338	3396,803258	-1441,852353	6,890581	955,152141	30,392159	29,434125	30,746268	29,648742	29,890899	-2,905651	1,036584	0,856760	165014,094990	-0,184615	7,309309	-0,019757	0,000000	2,042960	-0,124367	-0,124361	13,973463	0,053469	4,120270	1,799228
139,800000	7,758308	7,788364	1,130449	0,162778	1,942132	-1290,805374	3396,722022	-1430,078446	6,893155	957,122019	30,391214	29,434416	30,749710	29,648505	29,893841	-2,905494	1,036303	0,856828	164949,709093	-0,183195	7,308379	-0,019831	0,000000	2,041895	-0,124365	-0,124361	13,989876	0,053580	4,124491	1,801348
140,000000	7,758225	7,788191	1,129050	0,162827	1,940472	-1267,374035	3396,708537	-1414,026742	6,896671	957,982478	30,392106	29,434729	30,751857	29,654186	29,893552	-2,905508	1,034888	0,857219	164969,350673	-0,183751	7,308705	-0,019865	0,000000	2,042089	-0,124358	-0,124361	13,996926	0,053742	4,127331	1,802273
140,200000	7,757918	7,787895	1,131719	0,162384	1,938296	-1263,321766	3396,772858	-1398,889445	6,900436	956,159497	30,394301	29,436095	30,748914	29,660925	29,891265	-2,905640	1,033957	0,857334	165028,592947	-0,184531	7,309664	-0,019751	0,000000	2,043256	-0,124355	-0,124364	13,981484	0,053900	4,122502	1,800312
140,400000	7,757606	7,787616	1,132517	0,161915	1,939637	-1284,822923	3396,795592	-1400,331694	6,904146	954,433483	30,395254	29,435689	30,741657	29,661080	29,889478	-2,905655	1,031910	0,857093	165044,973308	-0,185131	7,310189	-0,019517	0,000000	2,043822	-0,124357	-0,124367	13,966979	0,053921	4,121031	1,798455
140,600000	7,757280	7,787295	1,129006	0,162153	1,942601	-1309,142823	3396,786966	-1420,619245	6,907876	954,118129	30,394498	29,433268	30,741007	29,653241	29,888982	-2,905433	1,032062	0,856792	165018,121364	-0,185245	7,310518	-0,019401	0,000000	2,043441	-0,124362	-0,124364	13,964643	0,053610	4,127891	1,798115
140,800000	7,756897	7,787127	1,126931	0,162241	1,942613	-1310,814377	3396,728091	-1438,190420	6,911585	953,446374	30,393314	29,430872	30,745530	29,647113	29,889458	-2,905239	1,033634	0,857026	164994,966120	-0,184677	7,311247	-0,019407	0,000000	2,042671	-0,124368	-0,124360	13,959203	0,053409	4,132348	1,797392
141,000000	7,756801	7,787154	1,124753	0,161830	1,941350	-1294,861480	3396,712186	-1440,187090	6,915281	952,384307	30,393272	29,429295	30,746399	29,648025	29,891015	-2,905369	1,034144	0,857697	164972,902733	-0,184748	7,312364	-0,019467	0,000000	2,041946	-0,124369	-0,124360	13,950233	0,053458	4,137265	1,796247
141,200000	7,757024	7,787135	1,122357	0,161797	1,940109	-1272,187521	3396,787934	-1428,453544	6,918948	952,996887	30,396492	29,431251	30,743885	29,653083	29,891468	-2,905515	1,036005	0,857766	164956,466096	-0,185176	7,312384	-0,019607	0,000000	2,042075	-0,124367	-0,124359	13,955401	0,053436	4,141879	1,796907
141,400000	7,757052	7,786984	1,125540	0,162240	1,937044	-1261,385305	3396,942048	-1413,494214	6,922407	954,311505	30,398448	29,436382	30,742704	29,658142	29,890311	-2,905535	1,036899	0,857381	165003,187208	-0,184873	7,311294	-0,019621	0,000000	2,043370	-0,124369	-0,124358	13,966484	0,053392	4,134898	1,798323
141,600000	7,756830	7,786705	1,130949	0,162272	1,932682	-1273,740024	3397,047291	-1403,317537	6,925799	954,678713	30,394590	29,437981	30,742775	29,659921	29,889667	-2,905608	1,035918	0,857198	165046,952518	-0,184569	7,310712	-0,019450	0,000000	2,044192	-0,124369	-0,124361	13,969568	0,053391	4,123914	1,798719
141,800000	7,756567	7,786458	1,132277	0,161942	1,932913	-1277,021167	3396,937048	-1395,229305	6,929373	955,440091	30,389696	29,434136	30,746764	29,656639	29,891114	-2,905700	1,035162	0,857055	165035,096146	-0,185094	7,311218	-0,019254	0,000000	2,043738	-0,124368	-0,124366	13,975954	0,053394	4,121621	1,799538
142,000000	7,756299	7,786365	1,129319	0,161778	1,936616	-1252,964255	3396,772636	-1382,415699	6,933111	956,518719	30,389487	29,430842	30,753985	29,651137	29,894039	-2,905765	1,035762	0,856949	165008,443146	-0,185568	7,312477	-0,019223	0,000000	2,042856	-0,124365	-0,124363	13,985128	0,053269	4,128162	1,800699
142,200000	7,756061	7,786269	1,130095	0,161254	1,936561	-1216,606406	3396,700177	-1355,900587	6,936888	955,857005	30,391870	29,431331	30,754433	29,649927	29,895333	-2,905833	1,035918	0,857312	165001,193090	-0,185305	7,312369	-0,019258	0,000000	2,042337	-0,124362	-0,124356	13,979850	0,052996	4,126551	1,799987
142,400000	7,755869	7,786090	1,134744	0,160533	1,934405	-1183,062993	3396,734996	-1321,393723	6,940688	954,520099	30,394674	29,432478	30,749911	29,652681	29,891820	-2,905868	1,034231	0,857588	165011,459107	-0,184861	7,310691	-0,019063	0,000000	2,042427	-0,124360	-0,124356	13,968686	0,052942	4,116452	1,798548
142,600000	7,755794	7,786151	1,133561	0,160375	1,934834	-1169,763094	3396,863172	-1301,835550	6,944523	953,294420	30,397635	29,432846	30,746230	29,654308	29,886957	-2,905719	1,033204	0,857348	165005,428873	-0,184889	7,310383	-0,018789	0,000000	2,042782	-0,124359	-0,124360	13,958177	0,053159	4,118535	1,797228
142,800000	7,755834	7,786528	1,127130	0,161006	1,938212	-1178,760255	3396,934524	-1307,572617	6,948288	951,350850	30,396452	29,434388	30,748185	29,654093	29,887275	-2,905465	1,033900	0,857152	164998,838838	-0,185092	7,311901	-0,018800	0,000000	2,043177	-0,124360	-0,124365	13,941645	0,053361	4,132035	1,795133
143,000000	7,755941	7,786560	1,124753	0,161733	1,940423	-1200,829957	3396,856398	-1329,952919	6,951870	949,983731	30,391386	29,435030	30,753483	29,653953	29,892900	-2,905372	1,034595	0,857296	165013,408209	-0,184586	7,312914	-0,019052	0,000000	2,043604	-0,124366	-0,124367	13,930176	0,053333	4,137311	1,793659
143,200000	7,756025	7,786144	1,128012	0,161530	1,941342	-1230,103758	3396,699898	-1352,288597	6,955397	948,940794	30,388495	29,432568	30,751863	29,654246	29,898683	-2,905503	1,033831	0,857463	165030,152218	-0,183874	7,312704	-0,019356	0,000000	2,043629	-0,124369	-0,124362	13,921759	0,052977	4,130669	1,792533
143,400000	7,755970	7,785695	1,130576	0,161468	1,942956	-1246,598271	3396,724545	-1361,916733	6,958964	947,898483	30,391313	29,431958	30,746374	29,654729	29,898704	-2,905621	1,032959	0,857432	165031,413390	-0,184619	7,312523	-0,019575	0,000000	2,043061	-0,124363	-0,124360	13,913476	0,052486	4,125317	1,791408
143,600000	7,755813	7,785523	1,129385	0,161857	1,943699	-1242,905408	3396,924327	-1365,868820	6,962502	948,613984	30,396578	29,434072	30,744594	29,657063	29,893558	-2,905564	1,031442	0,857152	165013,238858	-0,186085	7,312869	-0,019610	0,000000	2,042645	-0,124355	-0,124362	13,919481	0,052503	4,127687	1,792180
143,800000	7,755494	7,785605	1,127235	0,161601	1,941998	-1239,330403	3396,982841	-1369,757767	6,966066	950,019502	30,397879	29,433416	30,746462	29,658560	29,888913	-2,905576	1,028708	0,856698	165004,306077	-0,186113	7,313310	-0,019546	0,000000	2,042772	-0,124355	-0,124366	13,930739	0,053071	4,132181	1,793697
144,000000	7,755309	7,785580	1,130091	0,161827	1,939684	-1245,755006	3396,919242	-1369,847230	6,969621	950,412847	30,395069	29,431963	30,748388	29,654011	29,888273	-2,905737	1,027303	0,856561	165007,330347	-0,185097	7,313620	-0,019439	0,000000	2,042967	-0,124358	-0,124366	13,933724	0,053395	4,126848	1,794121
144,200000	7,755422	7,785497	1,134518	0,162359	1,940506	-1260,809424	3396,830237	-1375,897536	6,973062	950,275100	30,391859	29,433183	30,748451	29,648030	29,892382	-2,905831	1,028557	0,856744	165004,103866	-0,184371	7,313691	-0,019368	0,000000	2,042721	-0,124365	-0,124359	13,932622	0,053338	4,118270	1,793973
144,400000	7,755390	7,785276	1,133653	0,161690	1,942108	-1280,444071	3396,770509	-1387,776259	6,976493	950,163273	30,389979	29,434275	30,747435	29,648318	29,897008	-2,905787	1,030965	0,856759	165029,389215	-0,184394	7,313639	-0,019390	0,000000	2,042509	-0,124366	-0,124356	13,931631	0,053389	4,119778	1,793852
144,600000	7,755084	7,784768	1,129481	0,160817	1,942401	-1285,423023	3396,765488	-1395,779736	6,980074	950,167222	30,390621	29,434333	30,746854	29,654373	29,897102	-2,905647	1,032652	0,856948	165095,945582	-0,184584	7,313912	-0,019401	0,000000	2,042660	-0,124361	-0,124361	13,931480	0,053573	4,127758	1,793857
144,800000	7,754734	7,784417	1,126255	0,161002	1,942817	-1272,308992	3396,787057	-1406,072658	6,983581	951,079946	30,392824	29,434852	30,747825	29,659556	29,892339	-2,905569	1,034267	0,857501	165190,785306	-0,184320	7,314311	-0,019407	0,000000	2,043298	-0,124361	-0,124366	13,939036	0,053692	4,134092	1,794841
145,000000	7,754692	7,784362	1,130164	0,161205	1,942850	-1254,057092	3396,885996	-1398,194943	6,986874	953,188281	30,394590	29,435472	30,748189	29,659864	29,887629	-2,905613	1,034664	0,857747	165263,154337	-0,184272	7,314603	-0,019413	0,000000	2,044086	-0,124365	-0,124365	13,956692	0,053753	4,126636	1,797113
145,200000	7,754813	7,784322	1,138389	0,161048	1,941447	-1226,581104	3396,949626	-1356,788306	6,990308	954,655075	30,394650	29,435486	30,746512	29,656163	29,888945	-2,905585	1,033503	0,857443	165242,483999	-0,185051	7,315051	-0,019349	0,000000	2,043620	-0,124370	-0,124363	13,969154	0,053607	4,110964	1,798693
145,400000	7,754576	7,784336	1,137856	0,161453	1,939127	-1212,551008	3396,946199	-1330,520381	6,993837	953,870983	30,392915	29,434971	30,748225	29,650351	29,894132	-2,905464	1,032270	0,857157	165184,889017	-0,185686	7,315468	-0,019329	0,000000	2,042719	-0,124370	-0,124358	13,962884	0,053293	4,112263	1,797849
145,600000	7,754427	7,784264	1,129166	0,161534	1,941025	-1232,879413	3396,941498	-1347,778906	6,997319	952,420889	30,392242	29,435500	30,754734	29,648319	29,896777	-2,905504	1,032580	0,857310	165164,507179	-0,185070	7,315515	-0,019433	0,000000	2,042451	-0,124366	-0,124353	13,950710	0,053288	4,129129	1,796287
145,800000	7,754762	7,783912	1,125934	0,161067	1,944803	-1251,902838	3396,946431	-1378,236421	7,000857	952,955790	30,393209	29,437105	30,754594	29,653645	29,895339	-2,905727	1,035221	0,857279	165165,574284	-0,184592	7,315399	-0,019464	0,000000	2,042529	-0,124362	-0,124358	13,954856	0,053636	4,135154	1,796863
146,000000	7,754835	7,783729	1,130589	0,161378	1,942955	-1256,812488	3396,941663	-1390,740126	7,004352	954,350277	30,395702	29,437503	30,747780	29,659955	29,892294	-2,905760	1,035082	0,856952	165168,911981	-0,184954	7,315530	-0,019366	0,000000	2,042945	-0,124362	-0,124365	13,966190	0,054012	4,126003	1,798365
146,200000	7,754422	7,783842	1,132215	0,162333	1,939397	-1270,378905	3396,877214	-1394,150000	7,007812	953,892708	30,397489	29,436644	30,747290	29,659999	29,889871	-2,905599	1,032069	0,856674	165216,043322	-0,184670	7,315903	-0,019368	0,000000	2,043758	-0,124364	-0,124362	13,962148	0,054212	4,123125	1,797872
146,400000	7,754039	7,783960	1,131299	0,162498	1,940828	-1289,583386	3396,765859	-1405,139141	7,011314	951,657081	30,394065	29,434203	30,752068	29,653828	29,889325	-2,905568	1,031341	0,856403	165257,423009	-0,183672	7,316178	-0,019344	0,000000	2,044045	-0,124365	-0,124358	13,943601	0,053978	4,125206	1,795463
146,600000	7,754024	7,783818	1,131258	0,161733	1,945368	-1289,622359	3396,674475	-1408,437809	7,014723	949,998993	30,389600	29,431424	30,753532	29,649008	29,890573	-2,905550	1,032100	0,856345	165192,445172	-0,183423	7,316203	-0,019136	0,000000	2,042756	-0,124360	-0,124360	13,930122	0,053516	4,125293	1,793675
146,800000	7,754326	7,783304	1,130775	0,161153	1,945242	-1255,891060	3396,784385	-1391,119163	7,018000	950,696586	30,390580	29,432146	30,752050	29,650378	29,892002	-2,905427	1,031606	0,856468	165137,364858	-0,184693	7,316259	-0,019157	0,000000	2,041782	-0,124357	-0,124362	13,936190	0,053315	4,125988	1,794428
147,000000	7,754186	7,782944	1,131217	0,161072	1,942144	-1218,748896	3396,936123	-1366,807666	7,021399	952,156575	30,396785	29,433848	30,747653	29,654539	29,892171	-2,905502	1,030421	0,856604	165172,113505	-0,185537	7,316452	-0,019485	0,000000	2,042583	-0,124360	-0,124359	13,948489	0,053288	4,124986	1,796002
147,200000	7,753537	7,783114	1,132460	0,161232	1,942080	-1206,302237	3396,902737	-1349,310888	7,024834	951,666109	30,400852	29,433746	30,742610	29,657712	29,890579	-2,905758	1,030110	0,856559	165202,239302	-0,185095	7,316692	-0,019719	0,000000	2,043536	-0,124361	-0,124359	13,944428	0,053227	4,122730	1,795473
147,400000	7,753306	7,783465	1,133398	0,161129	1,943956	-1193,998697	3396,875441	-1330,287916	7,028065	951,192634	30,397578	29,434632	30,745751	29,658250	29,890534	-2,905730	1,030475	0,856297	165195,793525	-0,185169	7,317054	-0,019669	0,000000	2,043574	-0,124362	-0,124361	13,940519	0,053156	4,121315	1,794962
147,600000	7,753301	7,783567	1,132528	0,160593	1,944309	-1173,841614	3396,883620	-1310,740013	7,031198	952,879792	30,390172	29,436321	30,751607	29,656134	29,895324	-2,905487	1,031252	0,856244	165182,489596	-0,185625	7,317276	-0,019358	0,000000	2,043275	-0,124367	-0,124360	13,954704	0,053149	4,123226	1,796781
147,800000	7,753155	7,783373	1,134348	0,160590	1,942738	-1172,449643	3396,810054	-1303,777263	7,034380	953,634365	30,384989	29,434954	30,751382	29,653156	29,899771	-2,905503	1,031548	0,856527	165188,249270	-0,185731	7,317162	-0,019091	0,000000	2,042878	-0,124370	-0,124361	13,960712	0,053479	4,119568	1,797594
148,000000	7,753320	7,783090	1,138898	0,160996	1,943776	-1193,836331	3396,734248	-1307,110755	7,037738	951,882370	30,387997	29,432183	30,747621	29,651480	29,897630	-2,905650	1,032463	0,856740	165205,117378	-0,185984	7,317008	-0,019059	0,000000	2,042516	-0,124366	-0,124362	13,945319	0,054153	4,110569	1,795706
148,200000	7,753515	7,783047	1,139007	0,161019	1,947188	-1210,599833	3396,852351	-1313,533639	7,041287	950,244234	30,395624	29,433446	30,744226	29,652786	29,892313	-2,905628	1,034760	0,856678	165205,000050	-0,186118	7,317061	-0,019303	0,000000	2,042598	-0,124360	-0,124362	13,931038	0,054663	4,110306	1,793940
148,400000	7,753145	7,783048	1,132454	0,161381	1,949281	-1206,840648	3397,061841	-1323,400503	7,044729	950,853507	30,398864	29,437039	30,743468	29,655788	29,890785	-2,905625	1,034988	0,856474	165198,587898	-0,185317	7,317152	-0,019668	0,000000	2,042970	-0,124358	-0,124362	13,936192	0,054632	4,122935	1,794597
148,600000	7,752639	7,782730	1,127702	0,161822	1,950208	-1204,933711	3397,000901	-1335,724126	7,047991	952,229428	30,395489	29,437613	30,746833	29,655689	29,892680	-2,905727	1,032558	0,856235	165192,895626	-0,184317	7,317125	-0,019739	0,000000	2,043065	-0,124361	-0,124361	13,948310	0,054079	4,132021	1,796080
148,800000	7,752666	7,782442	1,130900	0,161986	1,951221	-1224,501754	3396,755551	-1351,815395	7,051168	951,693971	30,389802	29,435260	30,753601	29,652316	29,895252	-2,905693	1,029915	0,856433	165189,126086	-0,184537	7,317134	-0,019580	0,000000	2,042562	-0,124365	-0,124360	13,944362	0,053528	4,125811	1,795503
149,000000	7,752943	7,782467	1,136184	0,161883	1,950980	-1254,301401	3396,683089	-1368,859778	7,054224	950,352507	30,387933	29,433807	30,757379	29,651270	29,899119	-2,905522	1,029249	0,857089	165194,614558	-0,185604	7,317411	-0,019483	0,000000	2,042341	-0,124367	-0,124358	13,933112	0,053499	4,115839	1,794056
149,200000	7,752854	7,782449	1,138058	0,161179	1,948405	-1275,181220	3396,825527	-1380,961518	7,057430	950,895176	30,391434	29,434256	30,752935	29,654712	29,899652	-2,905423	1,029766	0,857191	165190,325385	-0,186105	7,317751	-0,019522	0,000000	2,042929	-0,124364	-0,124360	13,937146	0,054029	4,112344	1,794642
149,400000	7,752432	7,782239	1,135398	0,161126	1,947539	-1277,265832	3396,916455	-1392,236874	7,060624	953,152810	30,396154	29,434144	30,746721	29,658844	29,893695	-2,905501	1,030178	0,856662	165186,534425	-0,186081	7,317771	-0,019504	0,000000	2,043586	-0,124357	-0,124366	13,955674	0,054473	4,117300	1,797075
149,600000	7,752012	7,782045	1,133621	0,161912	1,947544	-1265,269319	3396,881413	-1394,624685	7,063596	953,849006	30,397705	29,433476	30,745485	29,658224	29,888593	-2,905661	1,031830	0,856361	165198,078187	-0,186304	7,317675	-0,019234	0,000000	2,043990	-0,124356	-0,124368	13,961730	0,054263	4,120579	1,797825
149,800000	7,751860	7,781907	1,135963	0,162230	1,945079	-1257,894031	3396,891302	-1383,761833	7,066742	951,859888	30,396401	29,434107	30,747785	29,653294	29,890005	-2,905716	1,033763	0,856276	165196,637283	-0,185704	7,317716	-0,019043	0,000000	2,043963	-0,124360	-0,124364	13,945506	0,053778	4,116038	1,795682
150,000000	7,752088	7,781886	1,133222	0,162063	1,941717	-1254,493673	3396,883658	-1377,166057	7,070028	950,983177	30,393661	29,434440	30,750147	29,650210	29,895844	-2,905686	1,033921	0,856279	165151,120701	-0,184510	7,317752	-0,019203	0,000000	2,042913	-0,124362	-0,124358	13,938325	0,053590	4,121369	1,794737
150,200000	7,752327	7,781899	1,123462	0,161929	1,940003	-1242,085614	3396,818744	-1386,461162	7,073207	952,824831	30,390521	29,433016	30,749432	29,651333	29,900428	-2,905623	1,032080	0,856395	165109,121403	-0,185005	7,317744	-0,019451	0,000000	2,041775	-0,124363	-0,124360	13,953682	0,053709	4,140333	1,796722
150,400000	7,752294	7,781863	1,124482	0,161549	1,940878	-1238,894959	3396,800469	-1396,869190	7,076183	954,563922	30,390660	29,432413	30,750226	29,655584	29,899762	-2,905575	1,031443	0,856297	165143,172112	-0,186016	7,317802	-0,019484	0,000000	2,042399	-0,124364	-0,124366	13,968181	0,053814	4,138380	1,798595
150,600000	7,752144	7,781737	1,136723	0,161074	1,940312	-1256,208202	3396,825289	-1389,178746	7,079141	954,868117	30,394139	29,433299	30,752238	29,660409	29,895309	-2,905698	1,032634	0,856249	165194,432508	-0,185686	7,317776	-0,019357	0,000000	2,043760	-0,124364	-0,124367	13,970531	0,054017	4,114601	1,798923
150,800000	7,752107	7,781343	1,141402	0,161307	1,939532	-1266,116519	3396,884087	-1373,570469	7,082268	955,530632	30,395031	29,433601	30,750613	29,659919	29,892128	-2,905713	1,033145	0,856331	165195,789576	-0,185484	7,317696	-0,019329	0,000000	2,043981	-0,124363	-0,124367	13,975978	0,054130	4,105348	1,799636
151,000000	7,752022	7,780988	1,136167	0,161683	1,942712	-1249,653821	3396,885605	-1363,431541	7,085327	957,451859	30,392847	29,433080	30,751709	29,653383	29,892969	-2,905430	1,034013	0,856334	165175,362774	-0,186093	7,317906	-0,019400	0,000000	2,043497	-0,124366	-0,124366	13,992365	0,053856	4,115388	1,801702
151,200000	7,751649	7,781045	1,127743	0,160904	1,946153	-1220,997444	3396,798610	-1356,145340	7,088295	958,908441	30,392170	29,431306	30,755928	29,648075	29,895130	-2,905327	1,034645	0,856469	165163,331644	-0,185919	7,318196	-0,019439	0,000000	2,043007	-0,124369	-0,124360	14,004771	0,053656	4,131964	1,803268
151,400000	7,751422	7,781116	1,125561	0,159855	1,945035	-1205,331826	3396,722550	-1356,202970	7,091254	958,215795	30,393369	29,429060	30,755326	29,649942	29,896349	-2,905506	1,034657	0,856832	165135,666162	-0,184969	7,318236	-0,019415	0,000000	2,042240	-0,124362	-0,124354	13,998730	0,053894	4,136288	1,802524
151,600000	7,751474	7,780857	1,130817	0,160537	1,942955	-1222,709249	3396,780604	-1368,948168	7,094247	955,944420	30,395563	29,430533	30,749897	29,656634	29,896943	-2,905628	1,035364	0,857334	165137,049313	-0,184664	7,318238	-0,019297	0,000000	2,042035	-0,124356	-0,124357	13,979233	0,054346	4,125864	1,800081
151,800000	7,751518	7,780644	1,134276	0,162372	1,944705	-1256,282819	3396,934121	-1381,054417	7,097456	954,348593	30,395949	29,435576	30,747940	29,660127	29,896503	-2,905563	1,036740	0,857300	165217,509733	-0,185526	7,318085	-0,019079	0,000000	2,043357	-0,124359	-0,124360	13,965795	0,054393	4,118890	1,798363
152,000000	7,751441	7,780726	1,132720	0,162860	1,946090	-1265,420374	3396,866473	-1383,797936	7,100730	955,050357	30,392937	29,437502	30,749898	29,657742	29,895733	-2,905559	1,037871	0,856476	165262,336450	-0,186917	7,317755	-0,018930	0,000000	2,044167	-0,124363	-0,124365	13,972064	0,054014	4,121749	1,799119
152,200000	7,751081	7,780743	1,129197	0,161803	1,943776	-1248,747199	3396,680784	-1380,333980	7,103844	956,504401	30,389732	29,435442	30,752394	29,654098	29,896748	-2,905655	1,036972	0,855790	165218,008197	-0,187000	7,317808	-0,019070	0,000000	2,043307	-0,124365	-0,124368	13,984429	0,053848	4,128675	1,800683
152,400000	7,750693	7,780595	1,128548	0,161062	1,940726	-1231,775315	3396,611416	-1371,958788	7,106854	956,029233	30,389323	29,433492	30,754981	29,652614	29,899131	-2,905637	1,034873	0,855923	165164,658711	-0,185487	7,318052	-0,019357	0,000000	2,042535	-0,124367	-0,124363	13,980353	0,053938	4,130064	1,800172
152,600000	7,750402	7,780561	1,129874	0,161166	1,940398	-1229,394062	3396,644681	-1370,279757	7,109848	955,560426	30,391525	29,432425	30,752901	29,652431	29,898914	-2,905699	1,034280	0,856729	165150,363017	-0,184629	7,318143	-0,019470	0,000000	2,042586	-0,124366	-0,124356	13,976426	0,053932	4,127512	1,799668
152,800000	7,750160	7,780467	1,129174	0,161669	1,941146	-1239,386613	3396,800915	-1374,615754	7,113116	957,249250	30,395940	29,432920	30,747594	29,652818	29,893580	-2,905777	1,035630	0,857091	165168,787535	-0,185247	7,318067	-0,019399	0,000000	2,042863	-0,124362	-0,124356	13,990607	0,053915	4,128703	1,801485
153,000000	7,750110	7,780212	1,126287	0,161664	1,939501	-1244,499719	3396,932284	-1373,620874	7,116521	958,833087	30,398721	29,435616	30,746305	29,654666	29,888464	-2,905622	1,035768	0,856524	165191,285585	-0,185194	7,317733	-0,019363	0,000000	2,042995	-0,124359	-0,124360	14,004034	0,053762	4,133949	1,803187
153,200000	7,749850	7,780182	1,122655	0,161003	1,938593	-1245,767897	3396,904405	-1382,186159	7,119398	959,037164	30,394664	29,436488	30,750028	29,657118	29,891270	-2,905435	1,033732	0,856101	165188,385113	-0,184129	7,317483	-0,019395	0,000000	2,043104	-0,124360	-0,124361	14,006219	0,053287	4,140908	1,803407
153,400000	7,749610	7,780231	1,123392	0,160967	1,939173	-1255,922432	3396,750018	-1397,997332	7,122010	958,784567	30,388423	29,432975	30,754379	29,657318	29,898853	-2,905422	1,032970	0,856334	165178,626602	-0,184157	7,317441	-0,019213	0,000000	2,043138	-0,124361	-0,124360	14,004397	0,052993	4,139579	1,803135
153,600000	7,749804	7,780030	1,128369	0,161685	1,938086	-1268,687901	3396,669945	-1397,856731	7,125044	958,676696	30,386968	29,430330	30,757369	29,654960	29,902299	-2,905484	1,034137	0,856467	165190,349645	-0,185169	7,317399	-0,018897	0,000000	2,042823	-0,124362	-0,124360	14,003296	0,053190	4,129852	1,803019
153,800000	7,749720	7,779803	1,129648	0,162207	1,936587	-1269,966599	3396,702528	-1391,311238	7,128265	957,851572	30,391902	29,431376	30,755675	29,654475	29,900209	-2,905507	1,034830	0,856355	165207,086157	-0,185467	7,317241	-0,018917	0,000000	2,042460	-0,124364	-0,124359	13,995828	0,053743	4,127137	1,802132
154,000000	7,749268	7,779727	1,126502	0,161976	1,937366	-1261,037251	3396,710089	-1391,859147	7,131350	956,714512	30,397970	29,433596	30,749929	29,657362	29,895262	-2,905542	1,033736	0,856593	165204,191409	-0,185121	7,317046	-0,019091	0,000000	2,042542	-0,124363	-0,124356	13,985867	0,054171	4,132991	1,800909
154,200000	7,749117	7,779853	1,124576	0,161893	1,939280	-1253,915054	3396,763034	-1395,399636	7,134406	957,303698	30,398420	29,434954	30,748811	29,658138	29,890028	-2,905562	1,033443	0,856779	165183,032840	-0,184949	7,317052	-0,019087	0,000000	2,042904	-0,124360	-0,124357	13,991066	0,053913	4,136768	1,801543
154,400000	7,749246	7,779967	1,126735	0,162585	1,938238	-1252,904904	3396,797008	-1392,311687	7,137156	958,577136	30,393960	29,434730	30,752833	29,653183	29,890661	-2,905589	1,034382	0,856919	165169,212721	-0,185376	7,317072	-0,019175	0,000000	2,042909	-0,124361	-0,124362	14,002355	0,053297	4,132690	1,802912
154,600000	7,749286	7,779741	1,125807	0,162607	1,935892	-1257,110123	3396,768443	-1389,341267	7,139712	958,042132	30,390467	29,433959	30,756219	29,648308	29,898995	-2,905649	1,033895	0,857244	165163,824000	-0,186311	7,316756	-0,019243	0,000000	2,042566	-0,124363	-0,124363	13,998091	0,053077	4,134266	1,802337
154,800000	7,749201	7,779231	1,122441	0,161767	1,935620	-1263,697123	3396,733129	-1396,321728	7,142691	955,848907	30,391091	29,433116	30,757805	29,649277	29,905507	-2,905618	1,033668	0,857397	165167,584394	-0,186495	7,316304	-0,019092	0,000000	2,042476	-0,124366	-0,124360	13,979470	0,053308	4,140365	1,799978
155,000000	7,749218	7,778823	1,123816	0,161382	1,936848	-1272,952166	3396,680491	-1404,890420	7,145877	954,302932	30,393904	29,432929	30,757948	29,653573	29,902429	-2,905501	1,032479	0,857305	165230,303163	-0,185411	7,316087	-0,018961	0,000000	2,042824	-0,124368	-0,124360	13,966007	0,053797	4,137371	1,798314
155,200000	7,749339	7,778813	1,126896	0,162227	1,936235	-1281,336124	3396,742754	-1408,084880	7,148855	954,211785	30,396030	29,433767	30,755738	29,656961	29,895126	-2,905407	1,030308	0,856760	165365,352611	-0,184839	7,316105	-0,018950	0,000000	2,043533	-0,124366	-0,124362	13,964678	0,054361	4,131340	1,798216
155,400000	7,749223	7,778965	1,128948	0,163252	1,935054	-1279,724660	3396,868326	-1401,194545	7,151787	955,382335	30,396006	29,433979	30,751826	29,656955	29,892385	-2,905429	1,030696	0,856008	165451,283263	-0,185699	7,316248	-0,019025	0,000000	2,044069	-0,124362	-0,124363	13,974241	0,054623	4,127451	1,799476
155,600000	7,748852	7,779106	1,128024	0,163047	1,937617	-1272,975331	3396,898320	-1396,379543	7,154823	957,570637	30,394728	29,433287	30,747784	29,652903	29,894870	-2,905501	1,032943	0,855637	165409,749245	-0,186044	7,316303	-0,019094	0,000000	2,043522	-0,124361	-0,124361	13,992869	0,054347	4,129296	1,801830
155,800000	7,748520	7,779270	1,124329	0,162318	1,940220	-1268,660395	3396,832769	-1399,256226	7,157791	958,102813	30,393233	29,432363	30,749383	29,647574	29,898590	-2,905554	1,035154	0,855915	165350,299154	-0,185137	7,315984	-0,019178	0,000000	2,042306	-0,124363	-0,124361	13,997880	0,053797	4,136414	1,802402
156,000000	7,748530	7,779208	1,123099	0,161746	1,938870	-1245,173445	3396,802132	-1389,994830	7,160669	956,102063	30,392293	29,432279	30,756447	29,647851	29,900265	-2,905630	1,035874	0,856544	165350,775853	-0,184093	7,315449	-0,019304	0,000000	2,041790	-0,124364	-0,124361	13,981250	0,053652	4,138579	1,800251
156,200000	7,748925	7,778788	1,125090	0,161563	1,935431	-1216,791807	3396,926061	-1371,014313	7,163399	955,274199	30,393003	29,434874	30,757132	29,655104	29,899766	-2,905651	1,035593	0,856822	165368,720450	-0,184180	7,315070	-0,019428	0,000000	2,042313	-0,124363	-0,124361	13,974123	0,053833	4,134259	1,799360
156,400000	7,749063	7,778473	1,125640	0,161994	1,933854	-1235,594516	3397,017957	-1368,121256	7,166053	957,111405	30,395395	29,438848	30,752876	29,660590	29,898413	-2,905551	1,036073	0,856685	165375,482213	-0,185368	7,314885	-0,019478	0,000000	2,042999	-0,124361	-0,124365	13,989581	0,053786	4,132822	1,801336
156,600000	7,748595	7,778436	1,125051	0,162483	1,932956	-1279,545469	3396,979439	-1388,220421	7,169052	958,824738	30,395360	29,440525	30,755606	29,658499	29,897070	-2,905413	1,037703	0,856615	165395,581067	-0,186120	7,314763	-0,019480	0,000000	2,043515	-0,124364	-0,124368	14,004106	0,053621	4,133897	1,803178
156,800000	7,748010	7,778379	1,122195	0,162381	1,930804	-1300,708411	3396,841119	-1417,351014	7,172154	958,216405	30,389701	29,437171	30,762224	29,652150	29,896287	-2,905371	1,037919	0,856713	165382,167078	-0,186110	7,314632	-0,019429	0,000000	2,043528	-0,124369	-0,124365	13,999029	0,053600	4,139498	1,802524
157,000000	7,747914	7,778225	1,119118	0,161716	1,931777	-1293,010914	3396,703617	-1435,718448	7,174997	956,778868	30,385940	29,431443	30,762827	29,648467	29,896131	-2,905400	1,037118	0,856620	165304,309480	-0,185999	7,314511	-0,019266	0,000000	2,042505	-0,124371	-0,124358	13,986891	0,053687	4,145459	1,800979
157,200000	7,748193	7,778090	1,124874	0,161374	1,935064	-1284,729267	3396,757879	-1431,005999	7,177632	957,244303	30,390601	29,430225	30,760753	29,649506	29,896270	-2,905395	1,038249	0,856440	165279,444978	-0,186066	7,314404	-0,019302	0,000000	2,042011	-0,124368	-0,124353	13,990818	0,053663	4,134088	1,801479
157,400000	7,748063	7,778107	1,131132	0,161676	1,936256	-1311,163989	3396,932620	-1423,544987	7,180384	958,560560	30,398089	29,433798	30,757791	29,652882	29,895282	-2,905494	1,038767	0,856365	165331,731155	-0,185737	7,314123	-0,019449	0,000000	2,042809	-0,124361	-0,124355	14,002062	0,053450	4,121702	1,802894
157,600000	7,747544	7,778080	1,127599	0,161997	1,934880	-1349,847515	3397,066824	-1439,098749	7,183459	958,935692	30,399114	29,436711	30,751628	29,656152	29,894183	-2,905668	1,036900	0,856265	165373,003311	-0,184863	7,313600	-0,019388	0,000000	2,043503	-0,124359	-0,124361	14,005449	0,053207	4,128117	1,803297
157,800000	7,747332	7,777939	1,123106	0,162116	1,934892	-1359,854905	3397,005508	-1459,759360	7,186409	958,800360	30,393074	29,436156	30,751488	29,655992	29,896675	-2,905602	1,034128	0,856261	165353,764873	-0,184670	7,313236	-0,019366	0,000000	2,043652	-0,124362	-0,124365	14,004498	0,053024	4,136591	1,803152
158,000000	7,747574	7,777828	1,124784	0,162116	1,936816	-1342,200928	3396,819673	-1459,046171	7,189047	958,673876	30,387197	29,433871	30,759140	29,653001	29,901142	-2,905468	1,032452	0,856396	165277,603553	-0,185224	7,313236	-0,019452	0,000000	2,043477	-0,124365	-0,124362	14,003484	0,052978	4,133406	1,803016
158,200000	7,747972	7,777711	1,126704	0,162139	1,935245	-1325,306691	3396,676427	-1451,642033	7,191660	958,666115	30,386366	29,431143	30,762953	29,650959	29,902140	-2,905545	1,031738	0,856698	165206,150383	-0,185085	7,313180	-0,019423	0,000000	2,042941	-0,124367	-0,124357	14,003295	0,053102	4,129677	1,803008
158,400000	7,747972	7,777337	1,124285	0,162238	1,932171	-1326,267715	3396,649560	-1459,443457	7,194599	958,712478	30,390871	29,430739	30,757908	29,651359	29,900064	-2,905651	1,031013	0,856845	165177,789308	-0,184573	7,312937	-0,019478	0,000000	2,042422	-0,124368	-0,124354	14,003424	0,053362	4,134004	1,803058
158,600000	7,747463	7,777034	1,122289	0,162378	1,931997	-1331,889743	3396,817065	-1468,872037	7,197755	959,628137	30,395739	29,434694	30,751438	29,653172	29,896737	-2,905688	1,032153	0,856675	165170,319918	-0,184628	7,312862	-0,019631	0,000000	2,042358	-0,124369	-0,124354	14,010926	0,053530	4,137566	1,804041
158,800000	7,747025	7,777394	1,124396	0,162849	1,934701	-1324,160847	3396,981506	-1458,539829	7,200620	960,820266	30,396859	29,438358	30,751716	29,654751	29,893161	-2,905767	1,034250	0,856541	165177,020834	-0,184976	7,312930	-0,019358	0,000000	2,042472	-0,124371	-0,124357	14,021090	0,053347	4,133622	1,805322
159,000000	7,747003	7,777771	1,123972	0,167463	1,935874	-1298,027961	3396,989042	-1434,681915	7,203327	960,178318	30,393972	29,438297	30,757320	29,655143	29,893969	-2,905782	1,035771	0,856483	165193,862286	-0,185199	7,312822	-0,018892	0,000000	2,042526	-0,124369	-0,124359	14,015960	0,053103	4,134641	1,804632
159,200000	7,747147	7,777649	1,118817	0,174081	1,934418	-1269,381505	3396,839429	-1418,518973	7,205955	958,829911	30,388599	29,436174	30,761533	29,654476	29,900316	-2,905557	1,036769	0,856413	165188,953030	-0,184864	7,312401	-0,018866	0,000000	2,042690	-0,124368	-0,124359	14,004657	0,053113	4,144496	1,803184
159,400000	7,747221	7,777226	1,117064	0,176595	1,933845	-1263,749737	3396,678034	-1418,904351	7,208361	958,465234	30,386636	29,434616	30,761218	29,656327	29,904075	-2,905392	1,037010	0,856289	165170,394252	-0,184951	7,311838	-0,019114	0,000000	2,043050	-0,124366	-0,124355	14,001484	0,053230	4,147429	1,802792
159,600000	7,747416	7,776669	1,120556	0,178063	1,932919	-1283,955359	3396,735948	-1428,243271	7,211091	958,609655	30,390428	29,434505	30,758900	29,662085	29,899437	-2,905585	1,035733	0,856174	165168,400520	-0,185742	7,311469	-0,019317	0,000000	2,043313	-0,124363	-0,124355	14,002525	0,053399	4,140093	1,802947
159,800000	7,747326	7,776521	1,124452	0,178930	1,931195	-1307,563470	3396,840350	-1433,579610	7,214265	958,755567	30,395235	29,434580	30,757987	29,666243	29,892407	-2,905774	1,034106	0,856157	165188,324960	-0,185758	7,311496	-0,019412	0,000000	2,043239	-0,124364	-0,124360	14,003531	0,053615	4,132428	1,803104
160,000000	7,746669	7,776791	1,125761	0,177322	1,930413	-1312,923230	3396,921094	-1427,148565	7,217087	958,781084	30,396357	29,434412	30,758431	29,664756	29,889563	-2,905687	1,035301	0,856264	165211,409577	-0,185099	7,311781	-0,019421	0,000000	2,043354	-0,124368	-0,124363	14,003699	0,053661	4,130179	1,803131
160,200000	7,746167	7,776790	1,125490	0,174208	1,932123	-1298,083580	3397,065656	-1415,518633	7,219344	958,752845	30,393461	29,435124	30,759329	29,659549	29,891875	-2,905556	1,037650	0,856186	165206,288473	-0,184646	7,311967	-0,019390	0,000000	2,043337	-0,124370	-0,124359	14,003564	0,053560	4,130813	1,803101
160,400000	7,746100	7,776466	1,126349	0,170618	1,933900	-1278,529101	3397,085214	-1403,445155	7,221729	958,745240	30,389851	29,435268	30,761546	29,655167	29,897115	-2,905486	1,038397	0,855852	165156,553561	-0,185399	7,311856	-0,019384	0,000000	2,042187	-0,124367	-0,124355	14,003481	0,053579	4,128954	1,803093
160,600000	7,746146	7,776183	1,128697	0,169071	1,933035	-1268,756915	3396,926749	-1390,495371	7,224624	958,762352	30,388177	29,434612	30,761988	29,655298	29,900348	-2,905476	1,037832	0,855800	165117,079781	-0,186602	7,311625	-0,019502	0,000000	2,041265	-0,124364	-0,124354	14,003477	0,053726	4,124150	1,803111
160,800000	7,746120	7,775970	1,130504	0,168783	1,933542	-1267,913851	3396,779672	-1383,303210	7,227739	958,782372	30,388993	29,435001	30,760453	29,658891	29,899743	-2,905547	1,037468	0,856319	165142,503577	-0,185949	7,311561	-0,019524	0,000000	2,042009	-0,124361	-0,124358	14,003492	0,053879	4,120487	1,803133
161,000000	7,745982	7,775771	1,128752	0,166478	1,935864	-1264,385437	3396,820343	-1380,801463	7,230627	957,899426	30,391308	29,435584	30,757486	29,660171	29,897702	-2,905585	1,037103	0,856898	165178,507746	-0,184065	7,311608	-0,019364	0,000000	2,043210	-0,124362	-0,124366	13,996081	0,053891	4,123765	1,802184
161,200000	7,745814	7,775632	1,124041	0,163595	1,936705	-1256,297209	3396,919624	-1378,283530	7,233106	955,777382	30,391913	29,434926	30,752357	29,655658	29,896644	-2,905517	1,036454	0,856946	165188,702588	-0,183269	7,311575	-0,019357	0,000000	2,043395	-0,124367	-0,124372	13,978505	0,053673	4,132771	1,799901
161,400000	7,745733	7,775673	1,120253	0,162355	1,934708	-1245,078195	3396,888031	-1378,637842	7,235613	955,161042	30,390313	29,433300	30,753482	29,649624	29,897395	-2,905359	1,037403	0,856736	165189,653723	-0,183916	7,311450	-0,019365	0,000000	2,042619	-0,124371	-0,124369	13,973461	0,053545	4,140145	1,799238
161,600000	7,745648	7,775866	1,118519	0,161745	1,932811	-1231,602735	3396,803032	-1381,659419	7,238447	957,130539	30,389464	29,431439	30,759677	29,647378	29,898002	-2,905336	1,038046	0,856878	165173,131187	-0,185208	7,311504	-0,019338	0,000000	2,041980	-0,124369	-0,124359	13,989874	0,053653	4,143769	1,801357
161,800000	7,745538	7,775832	1,122500	0,161452	1,933059	-1237,060535	3396,731492	-1385,354901	7,241320	957,976009	30,390317	29,430629	30,759067	29,650081	29,897405	-2,905545	1,037145	0,857252	165134,101053	-0,186223	7,311475	-0,019507	0,000000	2,041717	-0,124362	-0,124355	13,996926	0,053688	4,135963	1,802266
162,000000	7,745425	7,775497	1,129132	0,161838	1,932025	-1269,290389	3396,762126	-1394,230134	7,244194	956,125159	30,392581	29,432316	30,752218	29,656308	29,897807	-2,905666	1,035943	0,857108	165145,269534	-0,185811	7,311042	-0,019664	0,000000	2,042172	-0,124358	-0,124357	13,981484	0,053612	4,122554	1,800275
162,200000	7,745146	7,775277	1,129577	0,162470	1,930458	-1292,149044	3396,844528	-1403,143256	7,246868	955,286090	30,393282	29,433800	30,749276	29,660075	29,898534	-2,905704	1,035255	0,856744	165231,445340	-0,185255	7,310725	-0,019611	0,000000	2,043575	-0,124362	-0,124358	13,974397	0,053659	4,121349	1,799372
162,400000	7,745013	7,775277	1,127830	0,162865	1,931103	-1275,993402	3396,846171	-1396,611609	7,249262	957,119189	30,389780	29,432648	30,751170	29,657560	29,897945	-2,905794	1,035661	0,856686	165265,872881	-0,185759	7,310594	-0,019465	0,000000	2,044200	-0,124366	-0,124361	13,989636	0,053796	4,124702	1,801345
162,600000	7,745200	7,775255	1,126825	0,162865	1,933824	-1235,419633	3396,827022	-1374,295029	7,251818	958,845459	30,384634	29,431280	30,755366	29,652973	29,898822	-2,905567	1,035962	0,856675	165217,540504	-0,185615	7,310491	-0,019442	0,000000	2,043383	-0,124368	-0,124365	14,004072	0,053827	4,126660	1,803201
162,800000	7,745218	7,775085	1,126454	0,162274	1,935202	-1201,707101	3396,821137	-1345,476730	7,254528	959,126187	30,382539	29,432393	30,760070	29,651010	29,902180	-2,905236	1,036370	0,856771	165175,462587	-0,184323	7,310596	-0,019497	0,000000	2,042374	-0,124369	-0,124363	14,006423	0,053829	4,127409	1,803502
163,000000	7,744991	7,774770	1,130002	0,161697	1,935749	-1200,560213	3396,898593	-1327,021074	7,257247	958,015850	30,385167	29,435445	30,759897	29,651950	29,901884	-2,905425	1,035769	0,857015	165168,815150	-0,183872	7,310712	-0,019612	0,000000	2,041972	-0,124363	-0,124357	13,997047	0,053901	4,120401	1,802309
163,200000	7,744655	7,774404	1,130333	0,161379	1,938582	-1221,204207	3396,951931	-1330,699628	7,259926	956,648864	30,390351	29,437262	30,756991	29,653766	29,895507	-2,905688	1,033664	0,857117	165181,355862	-0,185370	7,310504	-0,019729	0,000000	2,042100	-0,124357	-0,124355	13,985705	0,053783	4,119408	1,800839
163,400000	7,744282	7,774284	1,125187	0,161194	1,940625	-1214,328017	3396,933667	-1338,396939	7,262589	957,216454	30,392103	29,437868	30,755346	29,654347	29,891416	-2,905638	1,032260	0,856779	165226,252789	-0,186417	7,310230	-0,019612	0,000000	2,042794	-0,124360	-0,124357	13,990767	0,053480	4,129146	1,801449
163,600000	7,744079	7,774426	1,126157	0,161537	1,939286	-1176,858214	3396,887180	-1324,839965	7,265282	958,571793	30,387329	29,437277	30,756362	29,653539	29,894251	-2,905528	1,032471	0,856347	165306,775105	-0,185499	7,310368	-0,019333	0,000000	2,043566	-0,124368	-0,124358	14,002276	0,053331	4,127428	1,802906
163,800000	7,744159	7,774386	1,133666	0,162140	1,936982	-1159,413693	3396,741815	-1296,119740	7,267878	959,851170	30,382692	29,434511	30,759210	29,653314	29,899791	-2,905471	1,034156	0,856389	165369,759378	-0,184182	7,310782	-0,019142	0,000000	2,043674	-0,124371	-0,124359	14,012955	0,053369	4,113185	1,804281
164,000000	7,744444	7,774106	1,134819	0,162188	1,937846	-1181,212509	3396,733304	-1284,622603	7,270451	961,863852	30,383421	29,432266	30,759302	29,654116	29,902567	-2,905373	1,036523	0,856561	165387,862305	-0,183220	7,311011	-0,019061	0,000000	2,043164	-0,124371	-0,124358	14,029482	0,053689	4,110992	1,806442
164,200000	7,744538	7,773939	1,126588	0,161635	1,938910	-1212,770508	3396,867202	-1308,407117	7,273085	962,397081	30,387985	29,432425	30,755690	29,655002	29,901167	-2,905252	1,038180	0,856446	165387,490575	-0,183286	7,310785	-0,019043	0,000000	2,042452	-0,124371	-0,124358	14,033498	0,054133	4,126656	1,807014
164,400000	7,744314	7,773899	1,120101	0,161087	1,936380	-1223,237029	3397,000335	-1346,379864	7,275553	960,434015	30,392158	29,434060	30,754159	29,656363	29,897054	-2,905407	1,037831	0,856431	165388,918644	-0,184892	7,310241	-0,019245	0,000000	2,042214	-0,124366	-0,124359	14,016911	0,054292	4,138917	1,804907
164,600000	7,744037	7,773723	1,124006	0,161252	1,934739	-1215,958065	3397,086816	-1363,507466	7,278108	959,598467	30,391235	29,434879	30,758456	29,655585	29,894225	-2,905707	1,037464	0,856496	165379,266981	-0,186113	7,309834	-0,019567	0,000000	2,042437	-0,124360	-0,124363	14,009996	0,054212	4,131039	1,804010
164,800000	7,743939	7,773566	1,132005	0,162219	1,936008	-1217,929672	3397,049358	-1354,931370	7,280726	961,418713	30,386049	29,434375	30,762615	29,649952	29,897569	-2,905719	1,037935	0,856291	165353,768486	-0,186096	7,309850	-0,019745	0,000000	2,042651	-0,124363	-0,124362	14,025523	0,053923	4,115530	1,805964
165,000000	7,743803	7,773642	1,132718	0,162420	1,937156	-1230,330095	3396,999721	-1342,726413	7,283134	963,114215	30,382882	29,433879	30,762916	29,645448	29,902480	-2,905465	1,037997	0,855995	165334,987612	-0,185604	7,310196	-0,019814	0,000000	2,042734	-0,124368	-0,124356	14,040032	0,053597	4,114393	1,807783
165,200000	7,743694	7,773673	1,129721	0,161481	1,935676	-1231,797399	3396,930343	-1342,827882	7,285790	963,392563	30,384102	29,434197	30,762971	29,648205	29,903182	-2,905295	1,037815	0,856064	165320,567308	-0,184732	7,310392	-0,019820	0,000000	2,042693	-0,124367	-0,124358	14,042353	0,053603	4,120308	1,808082
165,400000	7,743741	7,773458	1,130501	0,160983	1,934279	-1216,311230	3396,838330	-1341,556596	7,288535	963,182380	30,386669	29,434550	30,763073	29,655211	29,899926	-2,905382	1,037005	0,856578	165323,505124	-0,185000	7,310122	-0,019738	0,000000	2,042884	-0,124361	-0,124363	14,040369	0,053829	4,118541	1,807857
165,600000	7,743447	7,773294	1,127927	0,161116	1,934801	-1195,972546	3396,777325	-1329,629558	7,291167	963,069642	30,388019	29,433458	30,760539	29,659374	29,895181	-2,905616	1,036796	0,856706	165384,658192	-0,186428	7,309742	-0,019654	0,000000	2,043567	-0,124358	-0,124363	14,039182	0,054074	4,123217	1,807736
165,800000	7,743092	7,773238	1,123820	0,160950	1,934199	-1180,580049	3396,748209	-1316,915889	7,293881	963,967152	30,387750	29,432140	30,757141	29,658412	29,894461	-2,905765	1,037144	0,856342	165439,455292	-0,186531	7,309609	-0,019623	0,000000	2,043938	-0,124360	-0,124361	14,046549	0,054211	4,131064	1,808698
166,000000	7,742961	7,773129	1,127260	0,161468	1,933312	-1173,843893	3396,839111	-1306,528919	7,296581	965,194945	30,385802	29,432748	30,758203	29,653554	29,899355	-2,905653	1,037373	0,856427	165412,623789	-0,185195	7,309630	-0,019556	0,000000	2,043221	-0,124365	-0,124361	14,056921	0,054099	4,124347	1,810014
166,200000	7,742930	7,773191	1,131307	0,162380	1,934149	-1178,901707	3396,941529	-1300,509397	7,299185	964,570265	30,383811	29,434492	30,763387	29,648290	29,904789	-2,905411	1,037971	0,856966	165357,634610	-0,184369	7,309661	-0,019550	0,000000	2,042283	-0,124366	-0,124359	14,051894	0,053907	4,116604	1,809345
166,400000	7,742984	7,773324	1,132448	0,161644	1,936250	-1187,912977	3396,942011	-1301,812829	7,301643	963,203484	30,384340	29,435228	30,765253	29,649519	29,906539	-2,905452	1,037169	0,857132	165340,522848	-0,184964	7,309436	-0,019697	0,000000	2,042110	-0,124360	-0,124356	14,040588	0,053787	4,114351	1,807879
166,600000	7,742878	7,773326	1,130446	0,160800	1,936258	-1209,731059	3396,941212	-1320,422737	7,304042	962,826004	30,386374	29,435998	30,760936	29,656247	29,904226	-2,905772	1,035520	0,856721	165351,353491	-0,186110	7,308831	-0,019823	0,000000	2,042634	-0,124354	-0,124357	14,037394	0,053824	4,117810	1,807474
166,800000	7,742634	7,773233	1,127155	0,161333	1,935568	-1240,387132	3396,970169	-1351,379319	7,306578	962,960046	30,387845	29,437890	30,757333	29,659214	29,900006	-2,905895	1,034631	0,856367	165370,857391	-0,186319	7,308446	-0,019792	0,000000	2,043434	-0,124354	-0,124365	14,038428	0,053911	4,123848	1,807618
167,000000	7,742416	7,773105	1,128149	0,161941	1,937668	-1248,892425	3396,909037	-1368,989511	7,309347	963,085586	30,386490	29,437929	30,760075	29,654583	29,898225	-2,905767	1,034629	0,856544	165404,717533	-0,185487	7,308446	-0,019674	0,000000	2,043839	-0,124360	-0,124371	14,039436	0,053954	4,121897	1,807753
167,200000	7,742286	7,773048	1,128612	0,161785	1,938680	-1240,306635	3396,712910	-1370,321276	7,312044	963,109654	30,382436	29,434235	30,765083	29,647527	29,899885	-2,905602	1,034246	0,856813	165391,756189	-0,185156	7,308360	-0,019655	0,000000	2,043243	-0,124367	-0,124370	14,039605	0,053985	4,121044	1,807779
167,400000	7,742357	7,773061	1,127269	0,161530	1,936414	-1237,784014	3396,613710	-1368,911240	7,314583	963,077596	30,381848	29,430514	30,766617	29,644665	29,901829	-2,905529	1,034133	0,856916	165321,271292	-0,185746	7,308276	-0,019738	0,000000	2,042106	-0,124370	-0,124364	14,039471	0,053852	4,123679	1,807744
167,600000	7,742496	7,772991	1,127777	0,161668	1,934431	-1244,690154	3396,714469	-1371,829898	7,317286	963,042509	30,386031	29,430850	30,766007	29,648026	29,903227	-2,905615	1,036690	0,856913	165303,073722	-0,185914	7,308145	-0,019945	0,000000	2,042019	-0,124371	-0,124362	14,039388	0,053641	4,122573	1,807707
167,800000	7,742365	7,772745	1,125888	0,161621	1,934696	-1251,004530	3396,895109	-1381,387455	7,319878	963,030462	30,389459	29,433229	30,761823	29,653998	29,902888	-2,905729	1,040011	0,856523	165358,454793	-0,185134	7,307727	-0,020092	0,000000	2,043069	-0,124371	-0,124365	14,039384	0,053545	4,125797	1,807694
168,000000	7,742024	7,772595	1,121846	0,161182	1,933896	-1247,630295	3396,946129	-1388,840644	7,322310	963,039874	30,389521	29,433611	30,754649	29,656524	29,900299	-2,905748	1,040952	0,856323	165409,857250	-0,184621	7,307370	-0,019868	0,000000	2,043620	-0,124371	-0,124367	14,039398	0,053609	4,133285	1,807704
168,200000	7,741981	7,772523	1,124925	0,160847	1,932390	-1229,361648	3396,825627	-1377,574727	7,324877	963,043219	30,385569	29,433315	30,753973	29,655188	29,901020	-2,905602	1,039792	0,856494	165405,321868	-0,184928	7,307221	-0,019675	0,000000	2,043444	-0,124370	-0,124365	14,039405	0,053631	4,127169	1,807707
168,400000	7,742205	7,772266	1,129986	0,161040	1,934219	-1207,235534	3396,768837	-1349,915156	7,327282	963,030916	30,378492	29,434208	30,760557	29,653346	29,905583	-2,905476	1,039350	0,856337	165372,670575	-0,184969	7,307187	-0,019752	0,000000	2,043308	-0,124370	-0,124361	14,039404	0,053528	4,117295	1,807694
168,600000	7,742190	7,771872	1,127019	0,161410	1,937181	-1193,678969	3396,732481	-1332,385229	7,329623	963,031164	30,375401	29,433141	30,764197	29,651394	29,906919	-2,905602	1,038356	0,856127	165356,944419	-0,184557	7,307074	-0,019787	0,000000	2,043082	-0,124366	-0,124360	14,039403	0,053532	4,122857	1,807694
168,800000	7,741955	7,771446	1,122633	0,161498	1,936793	-1189,776675	3396,788752	-1333,567896	7,332264	963,052081	30,381311	29,432552	30,758604	29,650176	29,903744	-2,905691	1,036350	0,856220	165361,551190	-0,185042	7,306662	-0,019801	0,000000	2,042572	-0,124359	-0,124362	14,039402	0,053707	4,130878	1,807717
169,000000	7,741760	7,771180	1,122823	0,161342	1,934578	-1199,144495	3396,969075	-1337,443774	7,335088	963,077413	30,389879	29,435536	30,752094	29,651958	29,899941	-2,905609	1,035542	0,856356	165367,742813	-0,186382	7,306291	-0,019857	0,000000	2,042509	-0,124357	-0,124362	14,039402	0,053919	4,130042	1,807744
169,200000	7,741491	7,771208	1,121959	0,160738	1,935554	-1216,382274	3396,965510	-1345,294034	7,337803	963,069316	30,392357	29,437221	30,753477	29,654730	29,898600	-2,905636	1,036076	0,856384	165356,125033	-0,186706	7,306177	-0,019831	0,000000	2,042942	-0,124359	-0,124361	14,039402	0,053851	4,131668	1,807735
169,400000	7,741097	7,771408	1,121511	0,160424	1,937927	-1223,963326	3396,843274	-1352,907246	7,340205	963,022572	30,387001	29,436173	30,759279	29,654818	29,900692	-2,905706	1,037977	0,856290	165305,828181	-0,185563	7,306188	-0,019693	0,000000	2,043003	-0,124359	-0,124360	14,039402	0,053460	4,132737	1,807685
169,600000	7,741111	7,771576	1,124617	0,161199	1,937146	-1205,959035	3396,771293	-1341,345015	7,342583	963,880951	30,380336	29,434717	30,762750	29,652241	29,905076	-2,905547	1,038387	0,856119	165224,463369	-0,184631	7,305996	-0,019532	0,000000	2,042967	-0,124362	-0,124361	14,046820	0,053220	4,126730	1,808606
169,800000	7,741567	7,771526	1,124862	0,161565	1,935356	-1178,472574	3396,780196	-1320,171028	7,345079	965,117634	30,379671	29,433718	30,761670	29,650520	29,906483	-2,905340	1,038013	0,855976	165180,136248	-0,185269	7,305437	-0,019454	0,000000	2,043203	-0,124369	-0,124359	14,056978	0,053396	4,125913	1,809931
170,000000	7,741669	7,771177	1,123334	0,160667	1,935695	-1185,663373	3396,811362	-1320,193611	7,347667	964,545411	30,384065	29,433467	30,759478	29,652348	29,901218	-2,905370	1,039252	0,856023	165180,196795	-0,186298	7,304892	-0,019532	0,000000	2,043250	-0,124372	-0,124360	14,051862	0,053731	4,128384	1,809318
170,200000	7,741121	7,770755	1,121744	0,160550	1,937147	-1231,737933	3396,850807	-1347,982529	7,350387	963,216112	30,387530	29,434683	30,759576	29,653990	29,895888	-2,905592	1,039118	0,856247	165188,767907	-0,186263	7,304485	-0,019686	0,000000	2,043110	-0,124368	-0,124365	14,040565	0,053916	4,131036	1,807893
170,400000	7,740552	7,770637	1,119126	0,161628	1,935705	-1256,769694	3396,984180	-1374,486436	7,352793	962,822678	30,387041	29,436420	30,761834	29,651780	29,896049	-2,905773	1,036876	0,856376	165247,525526	-0,185589	7,304102	-0,019740	0,000000	2,043123	-0,124364	-0,124366	14,037392	0,053799	4,135876	1,807471
170,600000	7,740665	7,770806	1,117581	0,162031	1,933373	-1234,031293	3397,014283	-1376,605327	7,355138	962,904043	30,384675	29,436530	30,763228	29,648660	29,899423	-2,905751	1,035128	0,856348	165335,178340	-0,185037	7,303943	-0,019585	0,000000	2,042971	-0,124367	-0,124360	14,038432	0,053439	4,138903	1,807558
170,800000	7,741185	7,770855	1,116877	0,162025	1,931696	-1203,045480	3396,870878	-1363,414536	7,357952	962,991007	30,383546	29,435030	30,763116	29,647998	29,903153	-2,905648	1,035339	0,856246	165355,763111	-0,185173	7,303899	-0,019320	0,000000	2,042142	-0,124369	-0,124355	14,039437	0,053161	4,140298	1,807651
171,000000	7,741294	7,770600	1,118010	0,162099	1,928032	-1199,808504	3396,802857	-1355,399460	7,360799	963,902193	30,383430	29,434247	30,763855	29,650247	29,905270	-2,905622	1,036169	0,856339	165346,274975	-0,185808	7,303575	-0,019239	0,000000	2,041810	-0,124368	-0,124357	14,047023	0,053194	4,137799	1,808628
171,200000	7,740983	7,770360	1,119971	0,161530	1,924807	-1235,206652	3396,872549	-1367,093634	7,363367	966,002777	30,383423	29,435221	30,762446	29,656122	29,903817	-2,905703	1,036693	0,856583	165363,898284	-0,186271	7,303075	-0,019348	0,000000	2,042922	-0,124365	-0,124362	14,064463	0,053304	4,133539	1,810880
171,400000	7,740710	7,770239	1,119828	0,161231	1,925484	-1288,004320	3396,958804	-1400,943326	7,365880	967,484112	30,385274	29,435606	30,758196	29,660496	29,899806	-2,905804	1,036342	0,856566	165340,670483	-0,186149	7,302623	-0,019439	0,000000	2,043894	-0,124360	-0,124366	14,076840	0,053294	4,133441	1,812466
171,600000	7,740344	7,769938	1,119819	0,161936	1,929002	-1324,727733	3396,960384	-1430,803425	7,368588	966,730201	30,386172	29,434752	30,757201	29,656921	29,898489	-2,905720	1,036680	0,856483	165252,634742	-0,185982	7,302388	-0,019389	0,000000	2,043735	-0,124359	-0,124366	14,070581	0,053260	4,133183	1,811659
171,800000	7,739848	7,769526	1,119169	0,162029	1,929292	-1330,228392	3396,885330	-1438,590063	7,371416	965,275528	30,382891	29,433814	30,761265	29,649453	29,901381	-2,905542	1,038390	0,856864	165194,930183	-0,185908	7,302421	-0,019252	0,000000	2,043310	-0,124362	-0,124361	14,058427	0,053266	4,134345	1,810101
172,000000	7,739687	7,769282	1,118771	0,161244	1,926920	-1321,876125	3396,839505	-1440,637515	7,374130	965,795405	30,379697	29,433351	30,765234	29,645059	29,904574	-2,905591	1,038785	0,857533	165179,883222	-0,185266	7,302524	-0,019107	0,000000	2,042927	-0,124363	-0,124355	14,062579	0,053456	4,135125	1,810658
172,200000	7,739868	7,769273	1,121922	0,160865	1,926379	-1331,671734	3396,897043	-1449,788496	7,376638	966,290104	30,381843	29,433768	30,762542	29,646604	29,906005	-2,905807	1,038479	0,857500	165153,132611	-0,184977	7,302535	-0,019051	0,000000	2,042295	-0,124358	-0,124354	14,066493	0,053673	4,128940	1,811187
172,400000	7,739905	7,769440	1,123397	0,161101	1,926382	-1350,388175	3396,989863	-1459,642612	7,378986	964,581936	30,388562	29,435797	30,757471	29,651232	29,905424	-2,905853	1,037684	0,856886	165158,776452	-0,185265	7,302293	-0,019232	0,000000	2,042389	-0,124354	-0,124357	14,052292	0,053606	4,125915	1,809357
172,600000	7,739770	7,769714	1,120984	0,161624	1,924436	-1350,671387	3397,003979	-1462,207340	7,381351	962,967158	30,391149	29,437416	30,758816	29,653848	29,903431	-2,905660	1,036790	0,856615	165203,703987	-0,184975	7,301813	-0,019417	0,000000	2,043514	-0,124358	-0,124364	14,038861	0,053538	4,130465	1,807626
172,800000	7,739857	7,769854	1,120108	0,162014	1,923416	-1334,880006	3396,937838	-1458,630360	7,383787	961,815298	30,386683	29,435347	30,762462	29,652036	29,902030	-2,905423	1,036615	0,856315	165217,573733	-0,184206	7,301183	-0,019325	0,000000	2,044030	-0,124364	-0,124367	14,029261	0,053503	4,131961	1,806390
173,000000	7,740057	7,769467	1,120485	0,162196	1,925263	-1320,528045	3396,869882	-1455,246759	7,386345	960,786812	30,381919	29,433684	30,764059	29,648627	29,903293	-2,905218	1,037693	0,855994	165192,613129	-0,184336	7,300619	-0,019158	0,000000	2,043438	-0,124368	-0,124365	14,020926	0,053231	4,130768	1,805286
173,200000	7,740047	7,768860	1,121809	0,162213	1,925398	-1327,384067	3396,909282	-1457,222536	7,389007	961,493988	30,380602	29,434807	30,765762	29,649190	29,906251	-2,905342	1,039588	0,856355	165171,364334	-0,185518	7,300339	-0,019108	0,000000	2,042567	-0,124370	-0,124361	14,027144	0,052932	4,127753	1,806045
173,400000	7,739789	7,768632	1,124007	0,161985	1,924308	-1368,170894	3396,952227	-1473,641580	7,391534	962,851706	30,382414	29,433694	30,764186	29,651810	29,905384	-2,905779	1,039775	0,857000	165132,409583	-0,185898	7,300054	-0,019199	0,000000	2,042171	-0,124370	-0,124360	14,038490	0,052943	4,123205	1,807502
173,600000	7,739540	7,768746	1,122129	0,164135	1,925854	-1418,506007	3396,922873	-1509,081058	7,394009	963,242228	30,386858	29,432704	30,759759	29,653664	29,900156	-2,905822	1,039103	0,857204	165048,784287	-0,185358	7,299778	-0,019481	0,000000	2,042354	-0,124369	-0,124366	14,041466	0,053233	4,126706	1,807921
173,800000	7,739306	7,768835	1,118039	0,180336	1,928619	-1442,545592	3397,015870	-1548,432725	7,396463	962,246824	30,390168	29,436871	30,760000	29,657485	29,898056	-2,905488	1,039705	0,857036	164988,809974	-0,184910	7,299598	-0,019546	0,000000	2,042609	-0,124368	-0,124371	14,032926	0,053448	4,134565	1,806853
174,000000	7,739008	7,768751	1,116896	0,217618	1,928668	-1440,749997	3397,025177	-1570,058012	7,398940	960,030511	30,386887	29,439080	30,763288	29,662535	29,901756	-2,905331	1,040904	0,856764	164981,891630	-0,184568	7,299248	-0,019308	0,000000	2,042924	-0,124366	-0,124369	14,014353	0,053472	4,136574	1,804474
174,200000	7,739132	7,768629	1,117683	0,254163	1,926576	-1424,938469	3396,797249	-1565,401066	7,401651	959,401224	30,381396	29,433996	30,764315	29,665111	29,907188	-2,905365	1,039369	0,856341	164997,523173	-0,185188	7,298860	-0,019266	0,000000	2,043213	-0,124364	-0,124366	14,009162	0,053393	4,134845	1,803798
174,400000	7,739190	7,768452	1,116903	0,259085	1,926010	-1406,111470	3396,633213	-1550,552460	7,404420	961,394707	30,382187	29,428979	30,764033	29,664719	29,909382	-2,905429	1,036550	0,856102	165022,123519	-0,186461	7,298543	-0,019435	0,000000	2,043178	-0,124361	-0,124366	14,025716	0,053529	4,136172	1,805938
174,600000	7,738514	7,768260	1,116101	0,230336	1,924614	-1392,759844	3396,668032	-1539,009808	7,407119	962,293325	30,387686	29,429448	30,761259	29,664526	29,907018	-2,905518	1,035973	0,856514	165029,846483	-0,186726	7,298160	-0,019681	0,000000	2,042934	-0,124358	-0,124365	14,032849	0,053914	4,137389	1,806903
174,800000	7,737816	7,768102	1,117790	0,191207	1,920294	-1373,316534	3396,855052	-1519,686690	7,409631	960,468958	30,390793	29,433518	30,756838	29,663919	29,901713	-2,905541	1,036031	0,856984	165015,117390	-0,185727	7,297631	-0,019718	0,000000	2,042740	-0,124359	-0,124361	14,017409	0,054087	4,133595	1,804945
175,000000	7,737922	7,768139	1,119130	0,164824	1,917196	-1340,272685	3397,001600	-1486,687325	7,412148	958,697544	30,388347	29,437273	30,758149	29,656520	29,898188	-2,905466	1,035819	0,856823	165004,583751	-0,184461	7,297079	-0,019474	0,000000	2,042881	-0,124362	-0,124360	14,002889	0,053771	4,130650	1,803042
175,200000	7,738535	7,768462	1,114293	0,157776	1,917205	-1306,124831	3397,042372	-1458,631537	7,414734	958,359868	30,382700	29,438183	30,763273	29,645818	29,903087	-2,905406	1,035796	0,856767	165007,813883	-0,184877	7,296736	-0,019210	0,000000	2,043036	-0,124363	-0,124360	14,000547	0,053284	4,140121	1,802679
175,400000	7,738796	7,768493	1,107310	0,160052	1,916623	-1282,268523	3396,966860	-1448,618087	7,417123	957,687376	30,380500	29,436871	30,765224	29,642611	29,910789	-2,905420	1,036155	0,856959	165002,294094	-0,186017	7,296401	-0,019080	0,000000	2,042826	-0,124361	-0,124362	13,995108	0,053087	4,153717	1,801956
175,600000	7,738593	7,767911	1,110494	0,162211	1,913199	-1272,908622	3396,804991	-1439,289130	7,419717	955,739206	30,383754	29,435142	30,766197	29,646601	29,912217	-2,905397	1,036590	0,856769	164967,087386	-0,185650	7,295942	-0,019226	0,000000	2,042593	-0,124359	-0,124365	13,978722	0,053136	4,146949	1,799860
175,800000	7,738049	7,767384	1,121349	0,162870	1,912305	-1285,970522	3396,759800	-1419,441735	7,422488	954,305240	30,387068	29,434263	30,766048	29,652379	29,907881	-2,905335	1,038323	0,856568	164947,408615	-0,185275	7,295665	-0,019351	0,000000	2,042883	-0,124363	-0,124366	13,966315	0,053509	4,125321	1,798317
176,000000	7,737441	7,767255	1,126647	0,162881	1,915422	-1315,450113	3396,739398	-1405,526909	7,425021	955,068740	30,387675	29,433456	30,762390	29,656038	29,901407	-2,905398	1,040744	0,856680	164951,142425	-0,185771	7,295538	-0,019290	0,000000	2,043610	-0,124369	-0,124365	13,972356	0,053876	4,114867	1,799139
176,200000	7,737273	7,767084	1,121658	0,162584	1,918398	-1318,563773	3396,697525	-1403,804980	7,427580	956,485687	30,386941	29,433024	30,759184	29,653570	29,898915	-2,905463	1,040800	0,856932	164895,638230	-0,186411	7,295320	-0,019170	0,000000	2,043673	-0,124371	-0,124361	13,984435	0,053684	4,124307	1,800663
176,400000	7,737589	7,766907	1,111769	0,162319	1,919204	-1269,253129	3396,716691	-1397,887485	7,430241	955,955322	30,387212	29,433773	30,760350	29,646142	29,902634	-2,905444	1,040845	0,857089	164807,438130	-0,186910	7,295123	-0,019142	0,000000	2,042903	-0,124367	-0,124359	13,980298	0,053373	4,143440	1,800093
176,600000	7,737950	7,766854	1,105165	0,164321	1,918952	-1208,009980	3396,778884	-1380,440687	7,432829	954,613409	30,387396	29,434537	30,764926	29,643822	29,907043	-2,905472	1,041858	0,856992	164775,472859	-0,187025	7,295170	-0,019393	0,000000	2,042325	-0,124364	-0,124361	13,968987	0,053423	4,156500	1,798648
176,800000	7,737840	7,766832	1,106556	0,168472	1,918020	-1186,911046	3396,858321	-1364,733958	7,435342	955,129655	30,385629	29,434516	30,766292	29,651994	29,908412	-2,905671	1,041224	0,857032	164805,451330	-0,186715	7,295223	-0,019647	0,000000	2,042119	-0,124364	-0,124361	13,973035	0,053709	4,153792	1,799204
177,000000	7,737394	7,766884	1,111992	0,169742	1,914411	-1212,405827	3396,881171	-1360,955757	7,437855	956,491370	30,385251	29,434975	30,762244	29,659916	29,906423	-2,905808	1,038849	0,857324	164843,301244	-0,186150	7,294933	-0,019604	0,000000	2,042347	-0,124363	-0,124362	13,984163	0,054005	4,142893	1,800669
177,200000	7,737022	7,767038	1,115162	0,166717	1,911383	-1244,318556	3396,939347	-1363,813062	7,440411	956,009850	30,386602	29,437644	30,758660	29,659774	29,903715	-2,905627	1,037869	0,857225	164857,245743	-0,185906	7,294473	-0,019445	0,000000	2,043247	-0,124361	-0,124366	13,980065	0,054064	4,136406	1,800151
177,400000	7,736639	7,767198	1,115848	0,164076	1,911428	-1242,550999	3396,912701	-1361,183425	7,442897	954,653748	30,384917	29,438244	30,761056	29,654962	29,904057	-2,905445	1,039346	0,856792	164860,363243	-0,185669	7,293985	-0,019376	0,000000	2,043764	-0,124363	-0,124364	13,968954	0,053795	4,134888	1,798692
177,600000	7,736602	7,767029	1,117376	0,166001	1,913316	-1217,626061	3396,713274	-1342,808425	7,445401	954,216424	30,381458	29,433994	30,766626	29,650158	29,905248	-2,905345	1,039655	0,856425	164815,710272	-0,185400	7,293411	-0,019231	0,000000	2,042819	-0,124364	-0,124358	13,965651	0,053427	4,131632	1,798221
177,800000	7,737202	7,766585	1,120761	0,170449	1,914035	-1206,694800	3396,594589	-1320,705318	7,448046	954,313045	30,382174	29,429942	30,768375	29,649771	29,904982	-2,905317	1,038649	0,856318	164753,855875	-0,185688	7,292901	-0,019169	0,000000	2,041416	-0,124366	-0,124356	13,966606	0,053283	4,124617	1,798325
178,000000	7,737585	7,766239	1,123061	0,173841	1,915226	-1219,565838	3396,655989	-1319,959434	7,450697	954,438375	30,386816	29,429944	30,768369	29,655083	29,904869	-2,905480	1,038578	0,856517	164762,320918	-0,186055	7,292654	-0,019432	0,000000	2,041398	-0,124367	-0,124359	13,967606	0,053336	4,119843	1,798460
178,200000	7,737316	7,765971	1,122288	0,182329	1,920485	-1234,110548	3396,890863	-1333,087519	7,453232	954,476122	30,390160	29,433021	30,767599	29,662776	29,904801	-2,905705	1,039347	0,856728	164815,027245	-0,186005	7,292531	-0,019740	0,000000	2,042659	-0,124363	-0,124362	13,967788	0,053470	4,121096	1,798501
178,400000	7,736807	7,765828	1,119141	0,203543	1,925040	-1224,574036	3397,010003	-1334,516791	7,455664	953,608980	30,389309	29,434877	30,762226	29,668229	29,904458	-2,905699	1,038603	0,856448	164849,222596	-0,186075	7,292322	-0,019684	0,000000	2,043525	-0,124361	-0,124364	13,960243	0,053735	4,126934	1,797567
178,600000	7,736681	7,765966	1,118972	0,216231	1,925261	-1191,350497	3396,946911	-1320,466109	7,458163	951,511603	30,384794	29,434185	30,758988	29,667994	29,906474	-2,905443	1,036614	0,855877	164842,357751	-0,186360	7,292154	-0,019351	0,000000	2,043630	-0,124363	-0,124365	13,942584	0,053773	4,127200	1,795306
178,800000	7,736875	7,766023	1,122586	0,197611	1,924667	-1169,686333	3396,908050	-1303,896231	7,460712	950,895851	30,379745	29,433321	30,764229	29,661958	29,910545	-2,905395	1,035344	0,855817	164854,424517	-0,186189	7,291938	-0,019259	0,000000	2,043477	-0,124365	-0,124363	13,937536	0,053644	4,120156	1,794642
179,000000	7,736682	7,765848	1,125482	0,171882	1,927509	-1172,264499	3396,775091	-1292,267038	7,463264	951,984183	30,379422	29,431701	30,767994	29,655327	29,910953	-2,905542	1,035832	0,856109	164930,215401	-0,185848	7,291509	-0,019305	0,000000	2,043016	-0,124363	-0,124358	13,946546	0,053782	4,114289	1,795816
179,200000	7,736172	7,765717	1,124672	0,162591	1,930266	-1173,915873	3396,708816	-1285,053166	7,465949	951,653734	30,385221	29,431149	30,762987	29,653386	29,907367	-2,905635	1,038866	0,856601	164995,614128	-0,185461	7,291058	-0,019320	0,000000	2,042571	-0,124361	-0,124357	13,943447	0,054105	4,115482	1,795460
179,400000	7,735756	7,765641	1,119959	0,162105	1,929446	-1158,057540	3396,852123	-1280,387703	7,468627	950,462316	30,390075	29,433878	30,757785	29,654199	29,903835	-2,905639	1,040144	0,856854	164968,300050	-0,185122	7,290604	-0,019495	0,000000	2,042564	-0,124361	-0,124360	13,933120	0,054415	4,124234	1,794175
179,600000	7,735703	7,765502	1,119487	0,162375	1,928280	-1132,859052	3396,938054	-1269,159158	7,471296	950,094066	30,387940	29,435375	30,759632	29,653750	29,903020	-2,905517	1,038611	0,856463	164870,474244	-0,184818	7,290240	-0,019623	0,000000	2,042911	-0,124364	-0,124362	13,929911	0,054527	4,124886	1,793778
179,800000	7,735960	7,765377	1,126600	0,162641	1,927486	-1134,573076	3396,854948	-1260,620696	7,473995	951,054147	30,383090	29,434547	30,765257	29,651783	29,906226	-2,905415	1,037900	0,856306	164803,241667	-0,184545	7,290082	-0,019528	0,000000	2,043082	-0,124366	-0,124363	13,938164	0,054347	4,111022	1,794813
180,000000	7,736011	7,765371	1,129801	0,163437	1,926628	-1178,905133	3396,735855	-1276,107376	7,476516	952,333138	30,381892	29,434051	30,768124	29,650847	29,911844	-2,905356	1,037892	0,856431	164799,088977	-0,185013	7,289941	-0,019437	0,000000	2,042805	-0,124364	-0,124362	13,949260	0,054001	4,104802	1,796192
180,200000	7,735827	7,765244	1,124300	0,163707	1,928100	-1227,505009	3396,708390	-1315,926586	7,478970	951,737642	30,384259	29,433885	30,767150	29,654219	29,914525	-2,905367	1,037610	0,856603	164811,172043	-0,185716	7,289659	-0,019418	0,000000	2,042571	-0,124360	-0,124361	13,944326	0,053930	4,115209	1,795550
180,400000	7,735586	7,764852	1,119157	0,163163	1,932262	-1245,184772	3396,800469	-1355,685599	7,481645	950,430435	30,387297	29,434905	30,764970	29,659221	29,909347	-2,905566	1,037741	0,856726	164814,929165	-0,185667	7,289307	-0,019298	0,000000	2,042743	-0,124358	-0,124363	13,932913	0,054353	4,124775	1,794140
180,600000	7,735252	7,764499	1,120425	0,163244	1,934496	-1233,078879	3396,962718	-1364,151417	7,484394	950,096248	30,388043	29,435862	30,763161	29,659718	29,901526	-2,905772	1,038180	0,856489	164819,969374	-0,185169	7,288948	-0,019136	0,000000	2,043018	-0,124360	-0,124365	13,929662	0,054794	4,121899	1,793780
180,800000	7,735123	7,764535	1,124711	0,165188	1,932385	-1219,909851	3397,021398	-1350,445346	7,486864	950,213246	30,385662	29,434774	30,763043	29,656216	29,899671	-2,905736	1,036873	0,856373	164832,287558	-0,185100	7,288580	-0,019218	0,000000	2,043175	-0,124367	-0,124364	13,930695	0,054745	4,113402	1,793906
181,000000	7,735396	7,764843	1,127097	0,176080	1,930457	-1229,112090	3396,954670	-1344,392764	7,489161	949,375858	30,383127	29,434033	30,764371	29,651389	29,905407	-2,905494	1,035252	0,856578	164811,543654	-0,185521	7,288298	-0,019470	0,000000	2,042736	-0,124371	-0,124361	13,924297	0,054099	4,108799	1,793003
181,200000	7,735698	7,765039	1,128315	0,190195	1,931917	-1241,279881	3396,883933	-1348,417840	7,491733	947,242927	30,383228	29,434551	30,764503	29,648264	29,912523	-2,905264	1,035608	0,857040	164763,488474	-0,186005	7,288048	-0,019680	0,000000	2,041787	-0,124367	-0,124360	13,906895	0,053546	4,106393	1,790700
181,400000	7,735491	7,764824	1,130332	0,185322	1,934123	-1225,076732	3396,855727	-1342,840190	7,494472	945,770559	30,384463	29,435692	30,764036	29,650289	29,913226	-2,905300	1,036569	0,857309	164809,668071	-0,186014	7,287585	-0,019866	0,000000	2,042095	-0,124362	-0,124361	13,894301	0,053737	4,102119	1,789109
181,600000	7,734939	7,764198	1,133209	0,167869	1,932765	-1188,185105	3396,908446	-1315,514813	7,496989	945,687071	30,385109	29,436888	30,764476	29,655107	29,908781	-2,905514	1,037528	0,856832	164946,388930	-0,185787	7,286806	-0,019902	0,000000	2,043456	-0,124359	-0,124361	13,893054	0,054280	4,095841	1,789018
181,800000	7,734419	7,763708	1,133163	0,159612	1,932071	-1165,815372	3396,949826	-1286,145235	7,499518	945,973442	30,387154	29,436224	30,762985	29,656420	29,906375	-2,905594	1,038134	0,856072	165005,565080	-0,186433	7,286141	-0,019785	0,000000	2,043893	-0,124358	-0,124362	13,895060	0,054688	4,095316	1,789328
182,000000	7,734039	7,763751	1,129644	0,160851	1,936069	-1173,720722	3396,908098	-1283,303524	7,502086	946,088915	30,388936	29,433529	30,763099	29,651072	29,907948	-2,905450	1,038742	0,855748	164934,779745	-0,187042	7,286127	-0,019819	0,000000	2,043372	-0,124361	-0,124364	13,896045	0,054676	4,102137	1,789453
182,200000	7,734037	7,764189	1,127431	0,163071	1,939348	-1188,415255	3396,888629	-1300,447557	7,504607	946,920299	30,386816	29,431703	30,767579	29,644708	29,908862	-2,905282	1,037915	0,856149	164847,728776	-0,186138	7,286440	-0,019930	0,000000	2,042976	-0,124369	-0,124363	13,903434	0,054291	4,106875	1,790351
182,400000	7,734371	7,764441	1,128504	0,163063	1,939976	-1192,421956	3396,881445	-1312,507676	7,507271	948,950604	30,383954	29,432427	30,769523	29,644114	29,908209	-2,905341	1,034493	0,856641	164798,210543	-0,184948	7,286160	-0,019815	0,000000	2,042675	-0,124370	-0,124360	13,920805	0,054012	4,104780	1,792544
182,600000	7,734659	7,764205	1,130378	0,162285	1,941325	-1206,482314	3396,863308	-1320,910951	7,510059	950,412245	30,384936	29,433424	30,766878	29,648284	29,908137	-2,905481	1,032366	0,856748	164780,931137	-0,185304	7,285239	-0,019805	0,000000	2,042519	-0,124360	-0,124358	13,933195	0,053918	4,100489	1,794121
182,800000	7,734484	7,763929	1,132788	0,162226	1,943618	-1223,701940	3396,906167	-1331,129155	7,512819	950,550329	30,387374	29,434460	30,763588	29,652300	29,907937	-2,905558	1,034189	0,856787	164855,311338	-0,186477	7,284474	-0,019970	0,000000	2,043435	-0,124355	-0,124355	13,934372	0,053903	4,095235	1,794270
183,000000	7,733955	7,763881	1,137752	0,162904	1,942882	-1221,260772	3396,954633	-1329,302428	7,515264	950,340391	30,386392	29,435784	30,761432	29,653484	29,907811	-2,905572	1,036582	0,856764	164976,730443	-0,186268	7,284088	-0,019803	0,000000	2,044468	-0,124358	-0,124358	13,932381	0,054129	4,085434	1,794043
183,200000	7,733810	7,763904	1,138512	0,163409	1,940807	-1214,938518	3396,866057	-1321,431829	7,517758	950,250561	30,382135	29,435050	30,763096	29,651377	29,908221	-2,905501	1,035246	0,856587	165024,253174	-0,185498	7,283886	-0,019389	0,000000	2,044197	-0,124362	-0,124362	13,931414	0,054340	4,083910	1,793946
183,400000	7,734183	7,763705	1,132617	0,162843	1,941593	-1223,445745	3396,696828	-1331,837856	7,520667	950,252804	30,378796	29,433454	30,769171	29,647416	29,909406	-2,905371	1,033339	0,856437	164998,460542	-0,186075	7,283826	-0,019229	0,000000	2,043175	-0,124364	-0,124364	13,931447	0,054326	4,095183	1,793949
183,600000	7,734340	7,763218	1,128571	0,162200	1,943360	-1237,070187	3396,681416	-1355,155974	7,523504	949,405508	30,379891	29,432826	30,772616	29,645611	29,911735	-2,905420	1,033193	0,856729	164980,078236	-0,186200	7,283739	-0,019417	0,000000	2,042473	-0,124362	-0,124360	13,924231	0,054414	4,102750	1,793035
183,800000	7,734053	7,762799	1,132992	0,161956	1,942459	-1224,043930	3396,807223	-1356,824197	7,526148	948,225184	30,384288	29,433881	30,767892	29,646809	29,910611	-2,905782	1,033093	0,857224	164976,906261	-0,185591	7,283542	-0,019538	0,000000	2,042670	-0,124361	-0,124355	13,914141	0,054571	4,093857	1,791760
184,000000	7,733789	7,762598	1,138697	0,161696	1,940198	-1190,152365	3396,974604	-1329,634418	7,528632	948,829422	30,387860	29,437806	30,761991	29,648631	29,904919	-2,905919	1,033822	0,857322	164928,937796	-0,186401	7,283298	-0,019424	0,000000	2,043300	-0,124361	-0,124356	13,919243	0,054555	4,082566	1,792413
184,200000	7,733566	7,762459	1,136611	0,161934	1,941036	-1179,761565	3397,050842	-1310,614839	7,530975	950,136231	30,387775	29,440511	30,764064	29,649168	29,902783	-2,905638	1,035642	0,857026	164850,787462	-0,187089	7,282986	-0,019373	0,000000	2,043548	-0,124365	-0,124361	13,930521	0,054271	4,086304	1,793823
184,400000	7,733372	7,762513	1,131648	0,162343	1,943109	-1193,504868	3396,883722	-1316,343467	7,533343	949,584170	30,383610	29,437410	30,770127	29,647833	29,906739	-2,905390	1,036649	0,856442	164804,899125	-0,186109	7,282782	-0,019478	0,000000	2,043435	-0,124370	-0,124364	13,926273	0,053876	4,095858	1,793227
184,600000	7,733499	7,762728	1,129476	0,162623	1,942579	-1191,778639	3396,640577	-1322,387997	7,535861	948,237807	30,379085	29,431148	30,772705	29,647147	29,911738	-2,905397	1,035163	0,856175	164802,529234	-0,185139	7,282644	-0,019484	0,000000	2,043281	-0,124370	-0,124361	13,915077	0,053742	4,100184	1,791774
184,800000	7,733621	7,762856	1,133238	0,163083	1,941343	-1179,295643	3396,575238	-1318,538587	7,538704	948,766796	30,379868	29,427948	30,768790	29,648738	29,913259	-2,905523	1,033461	0,856390	164836,836916	-0,185081	7,282191	-0,019361	0,000000	2,043163	-0,124364	-0,124356	13,919189	0,054082	4,092746	1,792345
185,000000	7,733470	7,762841	1,136211	0,163263	1,941937	-1193,035023	3396,753600	-1323,042512	7,541496	950,160085	30,385567	29,430370	30,763643	29,651264	29,909663	-2,905640	1,033515	0,856599	164903,574220	-0,185338	7,281384	-0,019365	0,000000	2,043239	-0,124358	-0,124356	13,930318	0,054675	4,086484	1,793849
185,200000	7,733268	7,762571	1,131441	0,163805	1,943076	-1217,877836	3396,938396	-1341,949801	7,544043	950,574422	30,389683	29,434222	30,764862	29,654008	29,903499	-2,905632	1,032674	0,856737	164970,861814	-0,185553	7,280583	-0,019582	0,000000	2,043410	-0,124356	-0,124357	13,933625	0,054852	4,095020	1,794296
185,400000	7,732795	7,762393	1,128426	0,166942	1,942057	-1227,352955	3396,956300	-1358,169512	7,546639	951,284941	30,387713	29,435717	30,768487	29,654740	29,901909	-2,905481	1,030418	0,856491	165004,605481	-0,185635	7,280077	-0,019789	0,000000	2,043186	-0,124361	-0,124359	13,940085	0,054366	4,100485	1,795062
185,600000	7,732332	7,762619	1,129778	0,172954	1,941060	-1233,071667	3396,893006	-1366,825693	7,549312	952,307329	30,382948	29,435272	30,769615	29,653045	29,908666	-2,905412	1,030487	0,856274	165003,257755	-0,185535	7,279794	-0,019755	0,000000	2,042701	-0,124367	-0,124361	13,949242	0,053802	4,097848	1,796164
185,800000	7,732538	7,762681	1,131932	0,180808	1,941354	-1242,358087	3396,785042	-1371,012550	7,552043	951,654932	30,380998	29,433771	30,768979	29,653703	29,916462	-2,905451	1,033055	0,856665	164963,326605	-0,185862	7,279448	-0,019448	0,000000	2,042565	-0,124366	-0,124361	13,943944	0,053618	4,093551	1,795461
186,000000	7,732899	7,762393	1,136433	0,185682	1,940625	-1246,262506	3396,733004	-1364,034261	7,554788	950,339465	30,382270	29,431995	30,767152	29,658267	29,917656	-2,905527	1,034211	0,856958	164870,092773	-0,186632	7,278885	-0,019217	0,000000	2,042607	-0,124364	-0,124361	13,932775	0,053726	4,084471	1,794042
186,200000	7,732794	7,762181	1,137063	0,182750	1,939630	-1243,344939	3396,738806	-1355,963871	7,557437	950,868620	30,383494	29,431008	30,765955	29,662393	29,912570	-2,905632	1,033642	0,856984	164827,828463	-0,186763	7,278233	-0,019443	0,000000	2,042961	-0,124364	-0,124361	13,937103	0,053848	4,082800	1,794613
186,400000	7,732390	7,761865	1,130239	0,177144	1,939930	-1235,894696	3396,770489	-1359,922229	7,559955	953,072575	30,383235	29,431499	30,764154	29,661829	29,906472	-2,905702	1,032642	0,856856	164882,961771	-0,186620	7,277604	-0,019877	0,000000	2,043812	-0,124364	-0,124362	13,955724	0,053749	4,095353	1,796989
186,600000	7,732151	7,761371	1,126792	0,174177	1,939542	-1220,898688	3396,858832	-1361,658914	7,562489	954,645746	30,383226	29,432665	30,760654	29,657745	29,904953	-2,905695	1,032311	0,856388	164879,735411	-0,186567	7,277123	-0,019884	0,000000	2,043715	-0,124365	-0,124363	13,969175	0,053507	4,101427	1,798683
186,800000	7,731993	7,761311	1,129823	0,173195	1,935625	-1208,693846	3396,872951	-1355,852906	7,564985	953,907980	30,383092	29,433666	30,762898	29,652877	29,909240	-2,905595	1,032961	0,856347	164835,489454	-0,186014	7,277052	-0,019571	0,000000	2,042690	-0,124365	-0,124360	13,963082	0,053407	4,095537	1,797889
187,000000	7,731714	7,761513	1,131435	0,173047	1,933349	-1214,656510	3396,821848	-1355,411185	7,567247	952,483843	30,382346	29,435093	30,769241	29,650672	29,914589	-2,905487	1,033936	0,856936	164885,702997	-0,185292	7,277134	-0,019599	0,000000	2,042240	-0,124360	-0,124356	13,950779	0,053748	4,092643	1,796354
187,200000	7,731664	7,761399	1,129738	0,172165	1,936443	-1234,876049	3396,783338	-1362,960749	7,569634	953,044822	30,383311	29,435503	30,769062	29,655063	29,915514	-2,905521	1,035868	0,856970	164980,187858	-0,184384	7,276704	-0,019809	0,000000	2,042359	-0,124357	-0,124359	13,954843	0,054397	4,095602	1,796959
187,400000	7,731846	7,761224	1,122479	0,169456	1,939399	-1248,159697	3396,783978	-1379,580997	7,572349	954,424408	30,386810	29,433986	30,765124	29,661195	29,912779	-2,905538	1,036701	0,856508	165022,605230	-0,184018	7,275850	-0,019939	0,000000	2,042715	-0,124359	-0,124364	13,966171	0,054653	4,109021	1,798445
187,600000	7,731752	7,761477	1,118327	0,166604	1,936855	-1238,922722	3396,857799	-1390,691678	7,575004	953,902855	30,388645	29,435070	30,764955	29,661223	29,908874	-2,905349	1,035642	0,856453	165040,732626	-0,184903	7,275123	-0,019808	0,000000	2,043336	-0,124366	-0,124367	13,962144	0,054301	4,116770	1,797883
187,800000	7,731352	7,761810	1,126123	0,165374	1,932161	-1229,290954	3396,863551	-1381,161496	7,577468	952,541373	30,385045	29,437716	30,769813	29,655820	29,906110	-2,905251	1,034081	0,856352	165046,831306	-0,185999	7,274482	-0,019325	0,000000	2,043525	-0,124369	-0,124365	13,951021	0,053990	4,101489	1,796416
188,000000	7,731341	7,761406	1,130728	0,165084	1,931419	-1252,161673	3396,711026	-1377,056263	7,579868	953,030983	30,380514	29,434798	30,773476	29,651355	29,906879	-2,905369	1,032661	0,856102	164989,607517	-0,186524	7,273691	-0,019046	0,000000	2,042910	-0,124365	-0,124360	13,955116	0,054007	4,092077	1,796944
188,200000	7,731668	7,760636	1,126571	0,168608	1,933188	-1283,708570	3396,609760	-1398,101866	7,582242	954,353573	30,380900	29,430885	30,771203	29,649818	29,909547	-2,905473	1,031839	0,856378	164942,900750	-0,186054	7,272903	-0,019189	0,000000	2,042489	-0,124361	-0,124358	13,966225	0,054005	4,099298	1,798369
188,400000	7,731525	7,760313	1,120950	0,172935	1,934821	-1278,725281	3396,748617	-1417,301561	7,584649	954,729373	30,386089	29,432122	30,766848	29,649640	29,910797	-2,905509	1,031296	0,856703	164966,537255	-0,185378	7,272355	-0,019333	0,000000	2,042769	-0,124359	-0,124360	13,969528	0,053856	4,109630	1,798773
188,600000	7,731165	7,760436	1,119235	0,169173	1,936082	-1243,698087	3396,936172	-1406,088932	7,587155	954,596042	30,390283	29,434372	30,761514	29,650353	29,909893	-2,905647	1,030715	0,856463	164996,842845	-0,185124	7,271913	-0,019208	0,000000	2,043404	-0,124357	-0,124363	13,968573	0,053692	4,112662	1,798630
188,800000	7,731199	7,760594	1,124787	0,163115	1,936464	-1216,435826	3396,950617	-1374,811809	7,589734	954,460662	30,388246	29,435045	30,758240	29,649899	29,908460	-2,905752	1,030039	0,855882	165012,730412	-0,185180	7,271281	-0,019174	0,000000	2,043917	-0,124358	-0,124360	13,967573	0,053555	4,101574	1,798484
189,000000	7,731218	7,760523	1,129014	0,161608	1,934837	-1216,415155	3396,897340	-1352,564277	7,592078	955,307297	30,382997	29,435190	30,761805	29,648411	29,910704	-2,905646	1,031539	0,855593	165019,111367	-0,185606	7,270555	-0,019388	0,000000	2,043911	-0,124361	-0,124358	13,974808	0,053426	4,093031	1,799395
189,200000	7,730986	7,760327	1,125753	0,162041	1,931748	-1235,276581	3396,808672	-1354,820876	7,594186	956,541357	30,379143	29,434394	30,769409	29,647688	29,916265	-2,905653	1,033509	0,856168	165005,940723	-0,185860	7,270066	-0,019572	0,000000	2,043513	-0,124362	-0,124359	13,985095	0,053492	4,099060	1,800723
189,400000	7,730951	7,759970	1,119053	0,162497	1,931590	-1252,880262	3396,714891	-1373,845023	7,596560	955,982817	30,379296	29,432208	30,773793	29,647053	29,916912	-2,905760	1,034210	0,857041	164992,302704	-0,186198	7,269791	-0,019737	0,000000	2,043055	-0,124362	-0,124362	13,980062	0,053840	4,111794	1,800122
189,600000	7,731114	7,759686	1,118331	0,162543	1,932659	-1249,903105	3396,760022	-1385,661067	7,599107	954,672228	30,384576	29,431398	30,770788	29,646366	29,911335	-2,905739	1,035409	0,857192	164989,077389	-0,186379	7,269357	-0,019841	0,000000	2,042945	-0,124365	-0,124363	13,968771	0,054134	4,112787	1,798712
189,800000	7,730922	7,759895	1,124184	0,162534	1,929735	-1234,068375	3396,879374	-1377,019687	7,601539	954,281002	30,390098	29,433410	30,766096	29,646468	29,905536	-2,905660	1,035750	0,856789	164999,041514	-0,185727	7,268683	-0,019801	0,000000	2,043169	-0,124370	-0,124365	13,965584	0,054037	4,101074	1,798290
190,000000	7,730492	7,760442	1,124964	0,162402	1,925864	-1230,501528	3396,903940	-1365,032845	7,603897	955,231267	30,389625	29,434921	30,765923	29,646899	29,904068	-2,905597	1,035908	0,856747	165015,916395	-0,184967	7,267940	-0,019831	0,000000	2,043205	-0,124371	-0,124365	13,974034	0,053562	4,099382	1,799313
190,200000	7,730238	7,760737	1,119472	0,162303	1,925577	-1236,559167	3396,773340	-1370,702762	7,606387	957,389147	30,383592	29,433963	30,769006	29,647277	29,908653	-2,905540	1,036226	0,857069	165009,048800	-0,184348	7,267025	-0,019917	0,000000	2,042978	-0,124368	-0,124366	13,992616	0,053079	4,109688	1,801635
190,400000	7,729969	7,760433	1,116746	0,162326	1,927644	-1238,874205	3396,705515	-1383,675812	7,608981	957,996235	30,379411	29,433047	30,771816	29,647500	29,915616	-2,905482	1,035534	0,857442	164993,576505	-0,183762	7,265911	-0,019743	0,000000	2,042681	-0,124368	-0,124369	13,997827	0,052957	4,114260	1,802288
190,600000	7,729945	7,759913	1,120474	0,161779	1,927723	-1242,521169	3396,751856	-1386,028839	7,611446	956,079499	30,381104	29,432833	30,771519	29,648771	29,916902	-2,905496	1,034039	0,857678	164998,446925	-0,184592	7,264940	-0,019299	0,000000	2,042620	-0,124367	-0,124369	13,981280	0,053433	4,106227	1,800226
190,800000	7,730169	7,759575	1,122166	0,161364	1,927166	-1256,623072	3396,766966	-1389,409220	7,614179	954,441847	30,384729	29,432338	30,769892	29,650895	29,910878	-2,905615	1,033093	0,857270	165008,790207	-0,186729	7,264401	-0,019165	0,000000	2,043052	-0,124361	-0,124365	13,966728	0,054243	4,102474	1,798464
191,000000	7,730051	7,759584	1,121362	0,161865	1,929059	-1278,637651	3396,852273	-1397,283337	7,617056	955,100108	30,386657	29,432975	30,770214	29,649906	29,904729	-2,905681	1,033916	0,856854	165010,460313	-0,187585	7,264018	-0,019442	0,000000	2,043493	-0,124360	-0,124363	13,972008	0,054488	4,103813	1,799172
191,200000	7,729947	7,759711	1,124298	0,162253	1,930726	-1281,765228	3396,943963	-1390,653661	7,619575	957,380672	30,386328	29,434645	30,770899	29,645936	29,904699	-2,905602	1,034743	0,856890	165024,554690	-0,186110	7,263363	-0,019406	0,000000	2,043578	-0,124366	-0,124362	13,991643	0,053981	4,097815	1,801626
191,400000	7,729983	7,759579	1,124361	0,162073	1,928389	-1259,923965	3396,909148	-1380,343519	7,622156	958,950260	30,384666	29,435523	30,770226	29,642519	29,910463	-2,905542	1,034354	0,856958	165017,941465	-0,184035	7,262524	-0,019053	0,000000	2,042863	-0,124368	-0,124359	14,005282	0,053496	4,097137	1,803313
191,600000	7,729761	7,759571	1,121705	0,161901	1,925848	-1247,367518	3396,833255	-1378,540780	7,624895	959,974854	30,383706	29,435156	30,769043	29,642881	29,915325	-2,905559	1,033996	0,857188	164962,822488	-0,184106	7,261595	-0,019030	0,000000	2,041732	-0,124364	-0,124356	14,013894	0,053465	4,101729	1,804414
191,800000	7,729705	7,759739	1,122356	0,161463	1,927137	-1237,396253	3396,875910	-1370,471460	7,627479	960,943220	30,383587	29,435319	30,769473	29,647963	29,915029	-2,905532	1,034810	0,857228	164959,489580	-0,186039	7,260608	-0,019321	0,000000	2,041869	-0,124359	-0,124354	14,021823	0,053643	4,099994	1,805454
192,000000	7,729946	7,759573	1,121026	0,160791	1,926333	-1216,182388	3396,974901	-1357,175415	7,629869	960,227564	30,383337	29,436415	30,769027	29,653813	29,911466	-2,905531	1,035464	0,857009	165011,151506	-0,186900	7,259699	-0,019540	0,000000	2,043037	-0,124359	-0,124356	14,015650	0,053826	4,101955	1,804685
192,200000	7,729982	7,759226	1,115007	0,160934	1,922040	-1213,352864	3396,882768	-1356,483327	7,632315	958,888014	30,383983	29,435574	30,765604	29,653932	29,908071	-2,905630	1,035172	0,856888	165028,828753	-0,186333	7,258903	-0,019648	0,000000	2,043653	-0,124363	-0,124363	14,004398	0,053858	4,112985	1,803246
192,400000	7,729799	7,759059	1,112757	0,161860	1,920709	-1236,193475	3396,736164	-1373,608671	7,635129	958,522576	30,384611	29,432380	30,767051	29,647022	29,907497	-2,905599	1,034948	0,856895	164975,634264	-0,185676	7,258146	-0,019763	0,000000	2,043443	-0,124367	-0,124366	14,001450	0,053745	4,116924	1,802854
192,600000	7,729521	7,758991	1,117891	0,162281	1,923166	-1254,737200	3396,719054	-1390,172879	7,637761	958,654317	30,382327	29,430744	30,772564	29,640414	29,909908	-2,905552	1,034665	0,857171	164867,454642	-0,185402	7,257207	-0,019832	0,000000	2,043129	-0,124367	-0,124362	14,002563	0,053735	4,106473	1,802995
192,800000	7,729299	7,758802	1,122846	0,161619	1,923811	-1258,295607	3396,791972	-1385,970641	7,640109	959,679464	30,380689	29,432219	30,773266	29,640436	29,912433	-2,905698	1,033934	0,857380	164763,951501	-0,186091	7,256136	-0,019866	0,000000	2,042606	-0,124363	-0,124359	14,010969	0,053916	4,096178	1,804097
193,000000	7,729343	7,758653	1,122135	0,161133	1,921826	-1263,781414	3396,892852	-1374,019087	7,642702	960,947306	30,383592	29,434581	30,770134	29,646768	29,912728	-2,905766	1,032292	0,857128	164735,462660	-0,187577	7,255137	-0,019947	0,000000	2,042233	-0,124358	-0,124362	14,021275	0,054226	4,096842	1,805458
193,200000	7,729274	7,758616	1,116552	0,161766	1,922370	-1262,041117	3396,941577	-1375,780615	7,645468	960,341263	30,386294	29,436514	30,768275	29,652738	29,912218	-2,905725	1,031492	0,856624	164802,690251	-0,188039	7,254194	-0,019926	0,000000	2,043105	-0,124358	-0,124367	14,016020	0,054408	4,107051	1,804807
193,400000	7,728953	7,758495	1,110093	0,162575	1,924072	-1239,429567	3396,948692	-1381,393297	7,648219	958,985975	30,384317	29,437275	30,768245	29,652836	29,912619	-2,905616	1,032775	0,856276	164858,134356	-0,186339	7,253203	-0,019732	0,000000	2,043941	-0,124364	-0,124370	14,004642	0,054435	4,119001	1,803352
193,600000	7,728884	7,758313	1,109415	0,162672	1,921719	-1210,182343	3396,874547	-1373,543791	7,650822	959,493499	30,379011	29,435712	30,770824	29,649079	29,914225	-2,905424	1,034199	0,856049	164843,326425	-0,184077	7,252200	-0,019571	0,000000	2,043383	-0,124367	-0,124369	14,008885	0,054444	4,119726	1,803897
193,800000	7,729071	7,758298	1,115357	0,162517	1,917135	-1196,124302	3396,753931	-1353,601811	7,653474	961,714914	30,376127	29,433789	30,776206	29,645317	29,916325	-2,905453	1,035945	0,855887	164810,248514	-0,183516	7,251360	-0,019641	0,000000	2,042407	-0,124365	-0,124365	14,027515	0,054410	4,107763	1,806282
194,000000	7,728969	7,758454	1,119158	0,162577	1,916034	-1216,457505	3396,754469	-1343,002559	7,656224	962,425702	30,378819	29,434022	30,777934	29,644895	29,915413	-2,905727	1,037154	0,855977	164797,867851	-0,184401	7,250556	-0,019752	0,000000	2,042015	-0,124361	-0,124363	14,033568	0,054303	4,100031	1,807045
194,200000	7,728563	7,758364	1,117674	0,162224	1,917723	-1250,100685	3396,849302	-1354,467373	7,658789	960,468599	30,384369	29,435018	30,773385	29,647473	29,910327	-2,905891	1,035573	0,856265	164810,364833	-0,185464	7,249494	-0,019838	0,000000	2,042258	-0,124359	-0,124365	14,017323	0,054171	4,102187	1,804944
194,400000	7,728037	7,758272	1,115649	0,161908	1,917207	-1250,206825	3396,945745	-1367,368292	7,661398	959,603659	30,387726	29,436392	30,768180	29,649393	29,905432	-2,905863	1,032696	0,856635	164826,051154	-0,186251	7,248219	-0,020011	0,000000	2,042754	-0,124359	-0,124368	14,010134	0,054117	4,105260	1,804015
194,600000	7,727551	7,758557	1,113010	0,162359	1,916270	-1219,739118	3396,998429	-1362,164391	7,663863	960,548605	30,384910	29,437858	30,768408	29,649698	29,905609	-2,905705	1,032854	0,856746	164822,403436	-0,186185	7,246912	-0,019967	0,000000	2,042950	-0,124362	-0,124368	14,018076	0,054087	4,109766	1,805030
194,800000	7,727398	7,758552	1,112063	0,162677	1,916543	-1199,266325	3396,945561	-1346,796955	7,666161	961,049665	30,379362	29,436865	30,772100	29,649094	29,911209	-2,905426	1,036146	0,856798	164839,595778	-0,185833	7,245593	-0,019695	0,000000	2,042829	-0,124365	-0,124365	14,022418	0,053939	4,110924	1,805568
195,000000	7,727550	7,758107	1,113777	0,162296	1,915731	-1208,155088	3396,797673	-1343,482855	7,668816	961,914647	30,377704	29,433148	30,772406	29,648077	29,916674	-2,905295	1,038121	0,856945	164918,300020	-0,186071	7,244290	-0,019504	0,000000	2,042786	-0,124366	-0,124360	14,029885	0,053710	4,106697	1,806496
195,200000	7,727702	7,757892	1,115159	0,162014	1,914101	-1236,207472	3396,724191	-1355,173344	7,671470	962,149556	30,380854	29,430866	30,768808	29,648166	29,917505	-2,905414	1,038174	0,856898	164991,145085	-0,186144	7,243348	-0,019484	0,000000	2,042922	-0,124361	-0,124359	14,031794	0,053767	4,103358	1,806749
195,400000	7,727560	7,757875	1,116487	0,162084	1,916200	-1261,167151	3396,800418	-1370,311022	7,673758	960,358952	30,384857	29,432667	30,766420	29,650205	29,913817	-2,905572	1,037558	0,857175	165008,688470	-0,185643	7,242799	-0,019601	0,000000	2,043075	-0,124357	-0,124360	14,016203	0,054373	4,100406	1,804826
195,600000	7,727362	7,757770	1,115440	0,162050	1,921097	-1266,484969	3396,862593	-1382,135466	7,675926	959,686549	30,386732	29,434828	30,768911	29,650311	29,908286	-2,905649	1,037717	0,857569	165007,581482	-0,185078	7,241932	-0,019702	0,000000	2,042924	-0,124357	-0,124357	14,010068	0,054877	4,101901	1,804104
195,800000	7,727226	7,757686	1,114313	0,162174	1,921917	-1248,299514	3396,835296	-1378,067605	7,678370	961,508368	30,384687	29,434156	30,774420	29,645600	29,907322	-2,905485	1,037865	0,857456	165007,221121	-0,184861	7,240655	-0,019692	0,000000	2,042572	-0,124360	-0,124355	14,025688	0,054508	4,103411	1,806060
196,000000	7,727152	7,757670	1,115154	0,162106	1,919156	-1217,681594	3396,731966	-1356,330252	7,680992	962,251076	30,379850	29,432884	30,777751	29,640744	29,913421	-2,905217	1,036464	0,857234	164995,077432	-0,185327	7,239560	-0,019695	0,000000	2,042410	-0,124363	-0,124358	14,032662	0,053748	4,101212	1,806858
196,200000	7,727322	7,757470	1,115628	0,161800	1,917000	-1189,283497	3396,736149	-1327,719236	7,683686	960,378607	30,377148	29,434191	30,776465	29,641373	29,919246	-2,905184	1,036298	0,857276	164970,500250	-0,186244	7,238740	-0,019680	0,000000	2,042560	-0,124362	-0,124361	14,017345	0,053395	4,099699	1,804848
196,400000	7,727479	7,757096	1,114752	0,161717	1,917188	-1169,674657	3396,874019	-1304,364380	7,686466	958,671566	30,378720	29,435850	30,772690	29,646911	29,918483	-2,905364	1,037769	0,857318	164906,535623	-0,186726	7,237916	-0,019618	0,000000	2,042641	-0,124359	-0,124364	14,002903	0,053540	4,100681	1,803014
196,600000	7,727215	7,756835	1,113229	0,161869	1,916615	-1164,325574	3396,867993	-1295,709244	7,688880	958,435549	30,381893	29,435159	30,769980	29,652101	29,913047	-2,905641	1,038606	0,857231	164850,317905	-0,186571	7,236875	-0,019623	0,000000	2,042946	-0,124360	-0,124363	14,000565	0,053901	4,102899	1,802760
196,800000	7,726755	7,756674	1,111539	0,162275	1,915032	-1181,703884	3396,772347	-1307,839707	7,691031	958,713385	30,382652	29,433897	30,768700	29,653199	29,908949	-2,905787	1,038033	0,857175	164901,115740	-0,186081	7,235794	-0,019576	0,000000	2,043588	-0,124363	-0,124362	14,002529	0,054264	4,105495	1,803059
197,000000	7,726637	7,756592	1,110223	0,162303	1,915709	-1208,722578	3396,743857	-1332,151666	7,693360	958,884555	30,381193	29,433304	30,766809	29,649875	29,909512	-2,905697	1,038677	0,857490	164977,678279	-0,185532	7,234800	-0,019503	0,000000	2,043289	-0,124365	-0,124364	14,003713	0,054515	4,107436	1,803243
197,200000	7,726671	7,756592	1,112434	0,161921	1,917295	-1217,218106	3396,805456	-1346,708918	7,695783	958,888552	30,379781	29,433104	30,769317	29,643622	29,912783	-2,905568	1,040537	0,857926	164992,298115	-0,185415	7,233884	-0,019534	0,000000	2,042397	-0,124366	-0,124364	14,003765	0,054495	4,102653	1,803247
197,400000	7,726538	7,756496	1,114307	0,161553	1,917410	-1219,605399	3396,887249	-1350,829487	7,698121	958,852582	30,378403	29,432858	30,774526	29,641956	29,915598	-2,905564	1,039961	0,857595	164988,459182	-0,185587	7,233031	-0,019609	0,000000	2,042140	-0,124366	-0,124360	14,003553	0,054406	4,098562	1,803208
197,600000	7,726353	7,756303	1,115153	0,161460	1,916852	-1232,492253	3396,919193	-1353,953575	7,700325	958,841750	30,377381	29,433230	30,772878	29,648064	29,916820	-2,905610	1,037864	0,856810	164992,476132	-0,185873	7,231874	-0,019681	0,000000	2,042486	-0,124365	-0,124357	14,003464	0,054404	4,096148	1,803197
197,800000	7,726278	7,756180	1,117314	0,162192	1,918553	-1234,809455	3396,978215	-1351,613002	7,702563	958,840259	30,378785	29,434696	30,769927	29,652972	29,915238	-2,905384	1,037015	0,856597	165004,838227	-0,186373	7,230627	-0,019734	0,000000	2,042960	-0,124365	-0,124361	14,003473	0,054383	4,091140	1,803195
198,000000	7,726188	7,756189	1,117092	0,162885	1,919578	-1221,881272	3397,054463	-1341,327970	7,704941	958,838112	30,380337	29,436509	30,772586	29,652247	29,911229	-2,905116	1,037291	0,857100	165046,283587	-0,186606	7,229587	-0,019662	0,000000	2,043621	-0,124368	-0,124366	14,003494	0,054345	4,090999	1,803193
198,200000	7,726065	7,756266	1,115450	0,162428	1,917122	-1211,796330	3397,015414	-1334,557099	7,707332	957,952540	30,377171	29,436291	30,776303	29,648115	29,909113	-2,905218	1,035716	0,857529	165057,634760	-0,186361	7,228548	-0,019493	0,000000	2,043707	-0,124371	-0,124362	13,996082	0,054335	4,093677	1,802241
198,400000	7,726106	7,756126	1,117358	0,161820	1,915595	-1206,069726	3396,829213	-1327,113341	7,709754	956,757890	30,373427	29,432959	30,776392	29,643426	29,910692	-2,905476	1,033708	0,857422	164977,787219	-0,185887	7,227619	-0,019424	0,000000	2,042431	-0,124367	-0,124357	13,985922	0,054480	4,089441	1,800956
198,600000	7,726111	7,755861	1,120646	0,161949	1,917122	-1199,910999	3396,778430	-1308,291491	7,712021	957,383531	30,375566	29,431610	30,777522	29,642628	29,913212	-2,905596	1,034050	0,857264	164928,579668	-0,185869	7,226625	-0,019548	0,000000	2,041580	-0,124361	-0,124359	13,991037	0,054611	4,082445	1,801629
198,800000	7,725885	7,755682	1,119429	0,162250	1,918574	-1184,515863	3396,939671	-1292,192893	7,714219	957,829558	30,381968	29,433793	30,777237	29,646189	29,913009	-2,905684	1,033120	0,857414	164977,150284	-0,186342	7,225437	-0,019648	0,000000	2,042181	-0,124357	-0,124362	13,994916	0,054471	4,084001	1,802109
199,000000	7,725635	7,755571	1,116025	0,162428	1,917571	-1160,000535	3396,984445	-1288,274975	7,716738	956,095201	30,386104	29,435434	30,768844	29,648931	29,910145	-2,905823	1,030387	0,857603	165027,142725	-0,186174	7,224278	-0,019473	0,000000	2,043191	-0,124355	-0,124362	13,980513	0,054331	4,089731	1,800243
199,200000	7,725521	7,755546	1,115106	0,162390	1,918310	-1156,316730	3396,906129	-1292,389044	7,719260	955,377795	30,384216	29,436465	30,764575	29,648853	29,909481	-2,905615	1,030604	0,857457	165037,927919	-0,185611	7,223089	-0,019264	0,000000	2,043583	-0,124359	-0,124360	13,974432	0,054394	4,090751	1,799471
199,400000	7,725310	7,755674	1,116929	0,162029	1,921570	-1189,630780	3396,839399	-1311,527836	7,721424	957,248300	30,378652	29,436646	30,770796	29,647809	29,913825	-2,905251	1,034434	0,856967	165031,774220	-0,185531	7,221915	-0,019256	0,000000	2,043322	-0,124365	-0,124360	13,989839	0,054675	4,086705	1,801484
199,600000	7,725136	7,755833	1,116107	0,161781	1,922349	-1250,661193	3396,786569	-1354,951374	7,723447	959,000064	30,375163	29,433612	30,776828	29,646225	29,918634	-2,905274	1,037411	0,856672	165012,043375	-0,185619	7,220997	-0,019501	0,000000	2,043123	-0,124365	-0,124360	14,004141	0,055054	4,087971	1,803367
199,800000	7,725404	7,755621	1,111192	0,161789	1,922327	-1305,663804	3396,801624	-1406,978868	7,725729	958,404208	30,376959	29,430514	30,774897	29,645232	29,917966	-2,905476	1,038114	0,856985	165005,745609	-0,185600	7,220258	-0,019805	0,000000	2,043007	-0,124362	-0,124356	13,998991	0,055212	4,096992	1,802726
200,000000	7,725537	7,755233	1,111405	0,162053	1,923501	-1314,135497	3396,909680	-1434,727985	7,728284	956,085396	30,381503	29,432117	30,769030	29,645102	29,912243	-2,905626	1,038959	0,857370	165014,606614	-0,186331	7,219242	-0,019722	0,000000	2,042896	-0,124359	-0,124356	13,979453	0,055309	4,095718	1,800233
200,200000	7,725056	7,754869	1,117607	0,162438	1,922720	-1290,595692	3397,029352	-1426,609044	7,730663	954,457409	30,384854	29,436250	30,767640	29,644972	29,907752	-2,905766	1,040192	0,857172	165001,738250	-0,187466	7,217974	-0,019367	0,000000	2,042995	-0,124358	-0,124357	13,965825	0,055277	4,082753	1,798480
200,400000	7,724613	7,754614	1,121249	0,162574	1,918589	-1275,898722	3396,956970	-1402,678272	7,732890	955,165071	30,382976	29,437146	30,771278	29,645532	29,909696	-2,905796	1,039992	0,856642	164985,763147	-0,187121	7,216987	-0,019117	0,000000	2,043107	-0,124362	-0,124358	13,972032	0,055009	4,075099	1,799242
200,600000	7,724802	7,754642	1,121879	0,162689	1,916827	-1277,209379	3396,777404	-1386,680352	7,735357	956,625187	30,376635	29,434110	30,775653	29,645578	29,916160	-2,905623	1,038783	0,856484	164987,886885	-0,185890	7,216414	-0,019057	0,000000	2,042991	-0,124365	-0,124359	13,984411	0,054878	4,073677	1,800813
200,800000	7,725281	7,754663	1,121434	0,162203	1,918750	-1271,237820	3396,767648	-1377,779893	7,737794	956,134742	30,372788	29,433666	30,778647	29,645139	29,921161	-2,905404	1,039309	0,856856	164995,028587	-0,185771	7,215878	-0,019270	0,000000	2,042839	-0,124365	-0,124356	13,980353	0,054823	4,074287	1,800286
201,000000	7,725244	7,754474	1,119929	0,161216	1,918851	-1239,520842	3396,814284	-1359,522908	7,740036	954,791812	30,375371	29,436162	30,778864	29,648508	29,918920	-2,905365	1,040143	0,857261	164997,370525	-0,186162	7,215016	-0,019604	0,000000	2,042860	-0,124363	-0,124355	13,969012	0,054896	4,076576	1,798840
201,200000	7,724740	7,754231	1,117180	0,161653	1,916881	-1202,940178	3396,857424	-1338,238288	7,742380	953,515492	30,380789	29,435572	30,775498	29,652762	29,910340	-2,905451	1,040037	0,857342	164999,334505	-0,185596	7,213917	-0,019747	0,000000	2,042922	-0,124363	-0,124360	13,958199	0,054994	4,081099	1,797466
201,400000	7,724463	7,754159	1,115918	0,162923	1,916939	-1197,649366	3396,967947	-1332,504047	7,744800	951,515471	30,383052	29,434012	30,771755	29,650829	29,904640	-2,905509	1,039569	0,857139	165008,198444	-0,184971	7,212963	-0,019696	0,000000	2,043283	-0,124366	-0,124363	13,941589	0,054800	4,082931	1,795311
201,600000	7,724578	7,754137	1,119869	0,163129	1,920875	-1226,557886	3396,997855	-1343,129105	7,747197	950,133083	30,381442	29,435075	30,769929	29,644806	29,907227	-2,905563	1,037347	0,856942	165015,520516	-0,185332	7,212140	-0,019605	0,000000	2,043801	-0,124367	-0,124361	13,930152	0,054614	4,074802	1,793820
201,800000	7,724604	7,754026	1,122390	0,162143	1,924190	-1254,727294	3396,894252	-1356,904065	7,749461	950,026733	30,378740	29,436673	30,771238	29,640683	29,913468	-2,905615	1,032130	0,856910	164986,210855	-0,186308	7,211187	-0,019582	0,000000	2,043109	-0,124362	-0,124355	13,929177	0,054694	4,069365	1,793705
202,000000	7,724314	7,753919	1,117526	0,161244	1,925485	-1237,309266	3396,806929	-1358,336685	7,751783	950,280799	30,377485	29,436901	30,774689	29,642170	29,917662	-2,905625	1,025994	0,857033	164944,870419	-0,186857	7,210229	-0,019680	0,000000	2,041705	-0,124360	-0,124349	13,931057	0,054951	4,078170	1,793979
202,200000	7,724138	7,753806	1,112852	0,161211	1,926449	-1188,546129	3396,796677	-1343,558687	7,754406	950,417805	30,379050	29,436239	30,775714	29,647394	29,918087	-2,905549	1,025490	0,857270	164966,748398	-0,185828	7,209377	-0,019859	0,000000	2,041799	-0,124363	-0,124351	13,931943	0,055218	4,086685	1,794127
202,400000	7,724156	7,753706	1,113626	0,161544	1,926009	-1174,125246	3396,762536	-1331,463571	7,756797	949,551071	30,381446	29,435078	30,773789	29,650855	29,915318	-2,905511	1,030699	0,857429	165013,107541	-0,184168	7,208445	-0,019843	0,000000	2,043017	-0,124365	-0,124360	13,924484	0,055386	4,084602	1,793192
202,600000	7,724451	7,753650	1,114937	0,162282	1,923693	-1207,835026	3396,761061	-1343,653675	7,759018	947,413537	30,381138	29,433609	30,773311	29,649194	29,912850	-2,905588	1,036231	0,857422	165020,574407	-0,183983	7,207426	-0,019571	0,000000	2,043721	-0,124366	-0,124367	13,906720	0,055158	4,081480	1,790884
202,800000	7,724808	7,753520	1,118680	0,162621	1,921748	-1253,711117	3396,835137	-1367,174421	7,761397	945,858308	30,379997	29,432297	30,775712	29,643699	29,912731	-2,905601	1,037979	0,857526	165005,823655	-0,184856	7,206570	-0,019405	0,000000	2,043547	-0,124369	-0,124366	13,894199	0,054578	4,073770	1,789203
203,000000	7,724603	7,753351	1,119323	0,161957	1,924231	-1283,654451	3396,873392	-1384,697643	7,763788	946,556772	30,380396	29,431565	30,776706	29,640271	29,913324	-2,905548	1,035524	0,857677	164993,405361	-0,185375	7,205858	-0,019676	0,000000	2,042823	-0,124372	-0,124361	13,900468	0,054194	4,072076	1,789958
203,200000	7,724409	7,753213	1,112596	0,161257	1,927687	-1272,985591	3396,860646	-1393,957168	7,766260	948,872355	30,380891	29,432033	30,774575	29,642554	29,914300	-2,905455	1,031880	0,857830	164956,196180	-0,185883	7,205074	-0,020098	0,000000	2,041963	-0,124368	-0,124365	13,920071	0,054088	4,084505	1,792459
203,400000	7,724414	7,753030	1,111986	0,161310	1,926570	-1230,098164	3396,892763	-1384,964985	7,768548	950,454423	30,382322	29,434544	30,772169	29,647986	29,915534	-2,905349	1,029317	0,857987	164941,387040	-0,186340	7,204129	-0,020219	0,000000	2,041933	-0,124364	-0,124369	13,933505	0,053964	4,084998	1,794166
203,600000	7,724117	7,753023	1,116692	0,162409	1,923859	-1213,696986	3396,997167	-1363,297841	7,770691	949,687317	30,383530	29,437231	30,771477	29,651185	29,915938	-2,905434	1,031693	0,857618	165009,052190	-0,186367	7,203104	-0,020020	0,000000	2,043166	-0,124365	-0,124364	13,927213	0,053803	4,075280	1,793339
203,800000	7,724033	7,753096	1,118290	0,163393	1,923837	-1229,733382	3397,006002	-1349,911514	7,773063	947,351585	30,380637	29,436591	30,770915	29,650121	29,916087	-2,905680	1,036227	0,856996	165055,596306	-0,186115	7,202226	-0,019459	0,000000	2,043900	-0,124365	-0,124358	13,907423	0,053934	4,071744	1,790817
204,000000	7,724324	7,752955	1,115591	0,163067	1,924712	-1224,415269	3396,899540	-1344,335080	7,775417	946,671292	30,375430	29,434087	30,772191	29,646652	29,916991	-2,905728	1,036819	0,856616	165030,767050	-0,186024	7,201468	-0,019061	0,000000	2,043305	-0,124366	-0,124358	13,901342	0,054285	4,076498	1,790082
204,200000	7,724352	7,752963	1,115271	0,162369	1,923486	-1198,799658	3396,813827	-1332,811497	7,777560	948,659673	30,374659	29,432703	30,776358	29,644170	29,918907	-2,905484	1,034067	0,856677	164994,299056	-0,187031	7,200658	-0,019262	0,000000	2,042524	-0,124368	-0,124359	13,917805	0,054565	4,076735	1,792230
204,400000	7,724186	7,753227	1,122012	0,162457	1,924023	-1203,769204	3396,805054	-1324,623531	7,779637	950,438241	30,379040	29,432639	30,777343	29,644167	29,917817	-2,905352	1,032583	0,857153	164985,290830	-0,187971	7,199605	-0,019573	0,000000	2,042313	-0,124367	-0,124359	13,932496	0,054836	4,063320	1,794149
204,600000	7,724113	7,753376	1,120144	0,162714	1,926648	-1238,958877	3396,871832	-1337,255751	7,781966	951,612086	30,383909	29,433154	30,773453	29,645067	29,911942	-2,905552	1,034061	0,857337	164990,253059	-0,187294	7,198274	-0,019703	0,000000	2,042757	-0,124363	-0,124358	13,942118	0,055083	4,066159	1,795415
204,800000	7,723713	7,753234	1,108181	0,163041	1,926259	-1246,014350	3396,928653	-1366,542659	7,784622	951,699112	30,385499	29,435075	30,771527	29,646431	29,908848	-2,905655	1,034390	0,857113	164991,729450	-0,185968	7,197056	-0,019576	0,000000	2,043332	-0,124360	-0,124362	13,942797	0,055135	4,088435	1,795509
205,000000	7,723027	7,752905	1,109929	0,163650	1,922706	-1226,035799	3396,949329	-1380,285441	7,787023	948,838204	30,381208	29,437198	30,775968	29,647520	29,911991	-2,905405	1,033271	0,857108	164996,527931	-0,184963	7,196176	-0,019428	0,000000	2,043570	-0,124364	-0,124367	13,918912	0,054960	4,084423	1,792422
205,200000	7,722898	7,752799	1,122432	0,163344	1,921215	-1221,512930	3396,888284	-1359,882855	7,789140	946,887234	30,375064	29,436005	30,780333	29,646145	29,918049	-2,905154	1,032114	0,857311	165008,034520	-0,184812	7,195482	-0,019470	0,000000	2,043478	-0,124366	-0,124370	13,902536	0,054910	4,059985	1,790315
205,400000	7,723560	7,752812	1,123337	0,162564	1,923663	-1230,138633	3396,741696	-1341,153348	7,791213	947,635351	30,373836	29,432819	30,779580	29,643315	29,922461	-2,905153	1,031705	0,857259	165023,691925	-0,185765	7,194754	-0,019458	0,000000	2,043147	-0,124364	-0,124370	13,908579	0,055168	4,057881	1,791124
205,600000	7,724028	7,752544	1,115426	0,162360	1,924220	-1245,390328	3396,735314	-1351,977411	7,793316	947,413893	30,377743	29,431887	30,774433	29,642704	29,920793	-2,905360	1,032849	0,856944	165024,952334	-0,186904	7,193896	-0,019525	0,000000	2,042786	-0,124360	-0,124367	13,906601	0,055280	4,072399	1,790884
205,800000	7,723663	7,752298	1,111806	0,162207	1,923169	-1259,375239	3396,869751	-1378,860589	7,795774	946,289123	30,382877	29,433388	30,769134	29,645869	29,914789	-2,905710	1,033824	0,856955	165012,004817	-0,186840	7,193030	-0,019730	0,000000	2,042700	-0,124357	-0,124364	13,897270	0,055137	4,078684	1,789669
206,000000	7,723096	7,752336	1,113517	0,162280	1,924246	-1272,722958	3396,925543	-1403,993303	7,798454	946,797336	30,384376	29,433836	30,771525	29,648200	29,909985	-2,905905	1,034486	0,857201	165003,975800	-0,185803	7,192204	-0,019683	0,000000	2,042795	-0,124357	-0,124362	13,901626	0,055063	4,074957	1,790218
206,200000	7,722815	7,752504	1,117645	0,162668	1,926552	-1305,296044	3396,873680	-1421,975669	7,800946	948,973869	30,380287	29,433886	30,777564	29,645090	29,911405	-2,905657	1,033047	0,857304	165000,743492	-0,185533	7,191422	-0,019462	0,000000	2,042833	-0,124361	-0,124363	13,919898	0,055116	4,066725	1,792569
206,400000	7,722639	7,752605	1,123443	0,162311	1,927255	-1342,334175	3396,786788	-1436,330643	7,802882	950,562734	30,375464	29,434712	30,779409	29,641225	29,918480	-2,905268	1,030609	0,857248	164952,679198	-0,185614	7,190565	-0,019466	0,000000	2,042919	-0,124362	-0,124362	13,933214	0,055165	4,055191	1,794283
206,600000	7,722584	7,752445	1,124311	0,161596	1,926682	-1358,037700	3396,743216	-1452,173886	7,804633	949,840650	30,373667	29,435518	30,779443	29,641202	29,923319	-2,905247	1,031308	0,857215	164845,669310	-0,185849	7,189439	-0,019703	0,000000	2,043082	-0,124360	-0,124358	13,927139	0,055167	4,052814	1,793504
206,800000	7,722641	7,752010	1,114908	0,161481	1,928653	-1350,280397	3396,763803	-1464,954856	7,806879	948,394587	30,374563	29,436496	30,780520	29,644058	29,920772	-2,905502	1,034019	0,857750	164775,127602	-0,186968	7,188453	-0,019810	0,000000	2,043542	-0,124359	-0,124358	13,914870	0,055268	4,070083	1,791943
207,000000	7,722547	7,751705	1,107818	0,162169	1,929734	-1328,454674	3396,826584	-1468,844932	7,809486	948,902690	30,377977	29,435645	30,780717	29,647439	29,913500	-2,905610	1,036281	0,857857	164812,708146	-0,187362	7,187730	-0,019714	0,000000	2,044367	-0,124359	-0,124357	13,918943	0,055472	4,083243	1,792492
207,200000	7,722416	7,751683	1,113730	0,163214	1,925915	-1318,875067	3396,923902	-1465,369193	7,811956	950,240911	30,381772	29,433960	30,776973	29,647850	29,908264	-2,905578	1,035956	0,857170	164874,930946	-0,186373	7,187030	-0,019736	0,000000	2,044526	-0,124361	-0,124358	13,930268	0,055405	4,071381	1,793936
207,400000	7,722346	7,751599	1,121289	0,163310	1,922083	-1336,428104	3397,002535	-1456,259232	7,813860	950,594603	30,382115	29,434642	30,772426	29,644378	29,909918	-2,905420	1,033964	0,856774	164853,020209	-0,185026	7,186438	-0,019854	0,000000	2,043440	-0,124365	-0,124361	13,933655	0,054992	4,056423	1,794318
207,600000	7,722133	7,751452	1,120715	0,162336	1,922199	-1353,724274	3396,905849	-1452,151619	7,815746	950,448811	30,378884	29,434409	30,774507	29,639285	29,916110	-2,905243	1,030469	0,856748	164798,248157	-0,184939	7,185868	-0,019976	0,000000	2,042324	-0,124367	-0,124363	13,932689	0,054732	4,057162	1,794160
207,800000	7,721915	7,751368	1,116649	0,161252	1,922218	-1345,559375	3396,715934	-1457,921271	7,818272	950,335376	30,376338	29,432343	30,780946	29,638712	29,919853	-2,905518	1,027509	0,857282	164798,367199	-0,186554	7,185314	-0,020049	0,000000	2,042142	-0,124365	-0,124361	13,931669	0,054798	4,064723	1,794038
208,000000	7,721825	7,751266	1,112316	0,161013	1,919241	-1324,719095	3396,745216	-1463,972679	7,820788	950,321935	30,377803	29,432684	30,780118	29,646644	29,919349	-2,905857	1,028255	0,858171	164830,403528	-0,187063	7,184762	-0,019945	0,000000	2,042586	-0,124360	-0,124363	13,931481	0,054873	4,072688	1,794023
208,200000	7,721622	7,751005	1,110183	0,161794	1,918981	-1312,181076	3396,827814	-1464,590063	7,822986	951,222434	30,381188	29,435189	30,771988	29,653772	29,916853	-2,905658	1,028820	0,858384	164848,502300	-0,185916	7,183940	-0,019716	0,000000	2,043350	-0,124355	-0,124364	13,939029	0,054897	4,076075	1,794995
208,400000	7,721428	7,750781	1,113367	0,162796	1,922054	-1315,433802	3396,830768	-1459,150746	7,825107	953,339726	30,379983	29,437978	30,770687	29,650553	29,914403	-2,905434	1,027949	0,857874	164874,315678	-0,185313	7,183085	-0,019534	0,000000	2,044206	-0,124356	-0,124359	13,956689	0,055028	4,069286	1,797277
208,600000	7,721530	7,750708	1,118587	0,162993	1,923120	-1324,432690	3396,834493	-1449,243897	7,827213	953,947359	30,374392	29,437653	30,778217	29,641723	29,914068	-2,905509	1,027238	0,857499	164866,792276	-0,185618	7,182567	-0,019572	0,000000	2,043949	-0,124363	-0,124355	13,961737	0,055082	4,059033	1,797931
208,800000	7,721793	7,750416	1,119009	0,162019	1,922012	-1329,607854	3396,746386	-1444,125117	7,829461	952,847900	30,372180	29,432278	30,783050	29,636581	29,915006	-2,905603	1,027507	0,857530	164757,100483	-0,186836	7,181980	-0,019576	0,000000	2,042281	-0,124369	-0,124357	13,952727	0,054859	4,057897	1,796747
209,000000	7,721725	7,750197	1,111982	0,160878	1,922323	-1327,150970	3396,747958	-1453,097209	7,831661	953,190749	30,375292	29,428245	30,783133	29,638095	29,915959	-2,905593	1,028809	0,857604	164638,194828	-0,187632	7,181142	-0,019532	0,000000	2,041374	-0,124366	-0,124363	13,955826	0,054639	4,070885	1,797116
209,200000	7,721221	7,750285	1,105986	0,160809	1,923321	-1306,532056	3396,826431	-1459,977789	7,833798	954,430120	30,379659	29,430006	30,778515	29,643579	29,916334	-2,905587	1,030326	0,857468	164617,850078	-0,185800	7,180407	-0,019595	0,000000	2,042302	-0,124359	-0,124366	13,966153	0,054719	4,082017	1,798451
209,400000	7,720747	7,750480	1,108506	0,161720	1,919531	-1286,572490	3396,846906	-1445,679538	7,836093	954,858770	30,380957	29,433622	30,769008	29,648482	29,915631	-2,905671	1,030351	0,857268	164653,046264	-0,183961	7,179747	-0,019487	0,000000	2,043418	-0,124357	-0,124366	13,969362	0,055108	4,076675	1,798913
209,600000	7,720554	7,750713	1,113925	0,162402	1,914552	-1289,362819	3396,894233	-1424,490309	7,838304	954,791173	30,378878	29,435293	30,766043	29,649997	29,916642	-2,905633	1,028195	0,857291	164660,278260	-0,184732	7,178937	-0,019298	0,000000	2,043345	-0,124359	-0,124363	13,968526	0,055377	4,065805	1,798840
209,800000	7,720592	7,750716	1,113913	0,162533	1,914768	-1299,286591	3396,875123	-1417,178727	7,840406	955,536691	30,375490	29,434843	30,773987	29,647843	29,921387	-2,905499	1,024158	0,857548	164642,662668	-0,186505	7,178084	-0,019303	0,000000	2,042824	-0,124361	-0,124358	13,975006	0,055153	4,065459	1,799642
210,000000	7,720761	7,750347	1,110011	0,162661	1,917806	-1290,363234	3396,766861	-1417,944536	7,842707	956,686529	30,372800	29,432778	30,782235	29,644016	29,924219	-2,905600	1,018145	0,857843	164630,989660	-0,187776	7,177350	-0,019339	0,000000	2,042663	-0,124364	-0,124354	13,984981	0,054823	4,072533	1,800879
210,200000	7,720694	7,749778	1,108607	0,162735	1,917534	-1254,514115	3396,662554	-1404,111069	7,845208	956,098312	30,374483	29,431041	30,783530	29,642752	29,920802	-2,905743	1,013464	0,857787	164641,125081	-0,187080	7,176772	-0,019384	0,000000	2,042714	-0,124366	-0,124353	13,979981	0,054889	4,074694	1,800247
210,400000	7,720335	7,749623	1,111116	0,162412	1,914373	-1214,032071	3396,718387	-1369,414270	7,847554	954,809881	30,379079	29,432832	30,778856	29,644317	29,915274	-2,905545	1,012494	0,857575	164655,362956	-0,185333	7,176468	-0,019700	0,000000	2,042998	-0,124365	-0,124356	13,968763	0,055297	4,069517	1,798860
210,600000	7,720265	7,749823	1,114481	0,161875	1,913267	-1195,904892	3396,876561	-1335,259802	7,849562	955,331151	30,381337	29,436463	30,774398	29,645315	29,912857	-2,905312	1,014823	0,857949	164641,512486	-0,185086	7,176165	-0,019878	0,000000	2,043066	-0,124362	-0,124362	13,973014	0,055420	4,062848	1,799421
210,800000	7,720308	7,749748	1,115527	0,161809	1,913800	-1198,612872	3396,883382	-1318,387554	7,851674	956,624317	30,378571	29,436336	30,776151	29,644993	29,914954	-2,905370	1,018641	0,858240	164630,238004	-0,186240	7,175476	-0,019714	0,000000	2,042739	-0,124359	-0,124364	13,984199	0,055083	4,060437	1,800812
211,000000	7,720254	7,749641	1,113242	0,162293	1,914050	-1202,862227	3396,808017	-1317,722180	7,854087	956,094583	30,372837	29,432849	30,779790	29,644084	29,920585	-2,905452	1,022809	0,857920	164635,080595	-0,187360	7,174489	-0,019648	0,000000	2,042562	-0,124360	-0,124361	13,980082	0,054757	4,064320	1,800243
211,200000	7,720512	7,749699	1,108849	0,162317	1,914804	-1202,591846	3396,766834	-1327,526768	7,856380	955,632771	30,370433	29,431637	30,779484	29,644670	29,925805	-2,905468	1,025823	0,858018	164650,614445	-0,187329	7,173544	-0,019756	0,000000	2,042617	-0,124363	-0,124357	13,976371	0,054594	4,072294	1,799746
211,400000	7,720548	7,749526	1,110349	0,161957	1,917242	-1199,785635	3396,802098	-1331,765111	7,858595	957,346744	30,372954	29,432969	30,777243	29,647874	29,922793	-2,905583	1,026813	0,858227	164706,677380	-0,186381	7,172846	-0,019849	0,000000	2,042844	-0,124362	-0,124357	13,990640	0,054700	4,068872	1,801589
211,600000	7,720088	7,749015	1,115948	0,162528	1,917934	-1199,035168	3396,853675	-1324,884264	7,860937	958,087287	30,376257	29,433497	30,774811	29,649969	29,913252	-2,905700	1,028963	0,857885	164788,411481	-0,185999	7,172316	-0,019740	0,000000	2,043022	-0,124357	-0,124365	13,996640	0,054907	4,057521	1,802386
211,800000	7,719922	7,748728	1,116480	0,163500	1,915671	-1202,481179	3396,842427	-1320,192568	7,863258	957,120393	30,377932	29,433011	30,773019	29,647564	29,908875	-2,905716	1,031337	0,857525	164834,092195	-0,186666	7,171939	-0,019563	0,000000	2,043339	-0,124358	-0,124371	13,988645	0,054797	4,056139	1,801346
212,000000	7,720043	7,748963	1,119497	0,163549	1,916682	-1209,097150	3396,902214	-1316,653699	7,865459	957,465961	30,377507	29,433794	30,775026	29,641722	29,912696	-2,905589	1,031063	0,857364	164825,051199	-0,186756	7,171573	-0,019411	0,000000	2,043470	-0,124363	-0,124368	13,991934	0,054405	4,050278	1,801718
212,200000	7,719958	7,749153	1,124539	0,163133	1,921852	-1221,222573	3396,943371	-1312,842429	7,867647	958,642443	30,374962	29,435454	30,779874	29,638369	29,918390	-2,905372	1,027381	0,857370	164783,685738	-0,185613	7,170914	-0,019245	0,000000	2,042427	-0,124362	-0,124365	14,002131	0,054068	4,040422	1,802982
212,400000	7,719591	7,748991	1,120330	0,163182	1,926110	-1227,436129	3396,878992	-1318,642491	7,870006	959,910418	30,372694	29,435105	30,781126	29,642105	29,921404	-2,905316	1,020958	0,857513	164759,797153	-0,184725	7,170107	-0,019266	0,000000	2,041591	-0,124361	-0,124363	14,012673	0,054147	4,047936	1,804345
212,600000	7,719136	7,748854	1,110788	0,163129	1,926054	-1212,731022	3396,822227	-1329,241373	7,872309	961,964139	30,374020	29,433592	30,779885	29,648806	29,920050	-2,905358	1,019397	0,857609	164792,213846	-0,184875	7,169491	-0,019533	0,000000	2,042519	-0,124362	-0,124361	14,029406	0,054603	4,065837	1,806550
212,800000	7,719063	7,748863	1,107685	0,162643	1,924156	-1183,639320	3396,812128	-1329,300615	7,874454	962,506160	30,377192	29,432719	30,780059	29,651817	29,915750	-2,905300	1,025735	0,857292	164841,975278	-0,185349	7,168829	-0,019743	0,000000	2,043835	-0,124360	-0,124362	14,033525	0,055018	4,071469	1,807131
213,000000	7,719440	7,748783	1,112560	0,162668	1,922516	-1167,445748	3396,854101	-1318,088926	7,876548	960,520241	30,377009	29,432795	30,779537	29,648472	29,913516	-2,905304	1,031950	0,856936	164858,107115	-0,186152	7,168047	-0,019669	0,000000	2,044123	-0,124360	-0,124365	14,016936	0,054989	4,061580	1,805000
213,200000	7,719782	7,748749	1,116675	0,162850	1,919375	-1183,040434	3396,817110	-1316,130315	7,878534	958,762679	30,374797	29,432615	30,780577	29,641420	29,914820	-2,905446	1,032990	0,857002	164842,798148	-0,186728	7,167359	-0,019518	0,000000	2,043729	-0,124366	-0,124363	14,002582	0,054624	4,053291	1,803112
213,400000	7,719515	7,748662	1,116940	0,162514	1,918165	-1221,115249	3396,776090	-1336,272324	7,880594	958,511677	30,373785	29,432669	30,782086	29,637368	29,916870	-2,905523	1,032486	0,857348	164818,763204	-0,185971	7,166730	-0,019466	0,000000	2,043034	-0,124367	-0,124359	14,000527	0,054577	4,052406	1,802842
213,600000	7,718757	7,748111	1,115674	0,162094	1,920374	-1245,415481	3396,828653	-1358,440041	7,882652	958,774996	30,374083	29,434261	30,776572	29,640200	29,917654	-2,905466	1,033746	0,858087	164779,501082	-0,184781	7,166197	-0,019499	0,000000	2,042272	-0,124364	-0,124360	14,002578	0,054732	4,054180	1,803125
213,800000	7,718111	7,747543	1,115213	0,162327	1,923382	-1227,819801	3396,931773	-1353,970236	7,884902	958,893813	30,376927	29,436366	30,768489	29,645993	29,918063	-2,905482	1,034606	0,858545	164783,356582	-0,184391	7,165704	-0,019697	0,000000	2,042630	-0,124362	-0,124360	14,003738	0,054567	4,054384	1,803252
214,000000	7,717763	7,747517	1,115270	0,163190	1,924220	-1195,402876	3397,011524	-1334,538449	7,887412	958,892700	30,378653	29,438202	30,769141	29,648211	29,918980	-2,905603	1,033951	0,858100	164856,791162	-0,185136	7,165346	-0,019966	0,000000	2,044097	-0,124361	-0,124362	14,003765	0,054530	4,054043	1,803251
214,200000	7,717966	7,747765	1,116672	0,163471	1,924733	-1191,270536	3396,901252	-1324,550208	7,889758	958,900126	30,374820	29,437020	30,773850	29,646572	29,919847	-2,905571	1,033231	0,857503	164880,952940	-0,186054	7,165105	-0,019953	0,000000	2,044454	-0,124363	-0,124365	14,003548	0,054810	4,051415	1,803259
214,400000	7,718668	7,747855	1,119045	0,162934	1,928865	-1219,008748	3396,755657	-1328,932599	7,891980	958,009051	30,370092	29,432344	30,776914	29,643995	29,920736	-2,905350	1,034799	0,857431	164835,283407	-0,186439	7,164584	-0,019738	0,000000	2,043313	-0,124368	-0,124365	13,996045	0,054846	4,046727	1,802302
214,600000	7,719187	7,747664	1,119235	0,162371	1,931837	-1243,794944	3396,726368	-1342,107718	7,894133	955,880830	30,370512	29,430121	30,781892	29,642003	29,921466	-2,905336	1,036436	0,857944	164799,896751	-0,186082	7,163890	-0,019587	0,000000	2,042336	-0,124369	-0,124362	13,978481	0,054565	4,045982	1,800013
214,800000	7,719092	7,747252	1,118739	0,162151	1,930799	-1238,009654	3396,803342	-1347,488047	7,896283	955,272376	30,373468	29,432593	30,782470	29,641565	29,920687	-2,905592	1,034829	0,858541	164798,857410	-0,185027	7,163316	-0,019555	0,000000	2,042262	-0,124364	-0,124359	13,973459	0,054482	4,046388	1,799358
215,000000	7,718448	7,746830	1,115602	0,162297	1,928661	-1210,730874	3396,894973	-1340,447123	7,898393	957,261589	30,377204	29,434853	30,775436	29,642451	29,917865	-2,905669	1,032965	0,858337	164811,474352	-0,185165	7,162762	-0,019739	0,000000	2,042704	-0,124357	-0,124359	13,989878	0,054748	4,051756	1,801498
215,200000	7,717754	7,746792	1,113981	0,162801	1,926401	-1176,588424	3396,895600	-1324,043853	7,900524	958,124238	30,381208	29,436695	30,772245	29,643890	29,915694	-2,905485	1,032661	0,857298	164818,069615	-0,186604	7,162200	-0,019923	0,000000	2,043107	-0,124358	-0,124360	13,996928	0,054928	4,054461	1,802425
215,400000	7,717645	7,747269	1,119615	0,163149	1,922622	-1156,316530	3396,899616	-1304,129850	7,902762	957,165259	30,378819	29,438476	30,778570	29,644896	29,916670	-2,905338	1,033251	0,856434	164814,737492	-0,187127	7,161604	-0,019864	0,000000	2,043296	-0,124366	-0,124363	13,988901	0,054917	4,043622	1,801394
215,600000	7,718197	7,747624	1,123432	0,162752	1,919236	-1166,688319	3396,799479	-1291,874043	7,904860	957,512887	30,371365	29,434975	30,785659	29,645389	29,921119	-2,905363	1,032686	0,856673	164808,538600	-0,186418	7,160879	-0,019757	0,000000	2,043417	-0,124369	-0,124365	13,991972	0,054761	4,036247	1,801768
215,800000	7,718642	7,747428	1,124786	0,162216	1,920456	-1190,560283	3396,636681	-1293,265575	7,906877	958,702307	30,368957	29,428839	30,786198	29,645969	29,925448	-2,905352	1,030600	0,857606	164814,681899	-0,185835	7,160079	-0,019735	0,000000	2,043263	-0,124365	-0,124363	14,002095	0,054605	4,033224	1,803047
216,000000	7,718549	7,747142	1,126578	0,161890	1,924187	-1205,415633	3396,714329	-1299,515193	7,909028	958,241144	30,374764	29,428404	30,782389	29,647099	29,923749	-2,905348	1,030712	0,858217	164825,012636	-0,186360	7,159240	-0,019680	0,000000	2,042751	-0,124361	-0,124361	13,997818	0,055018	4,029175	1,802551
216,200000	7,718092	7,747009	1,123480	0,161575	1,926634	-1212,709352	3396,929040	-1311,239895	7,911241	956,141410	30,380557	29,433200	30,779050	29,648388	29,917108	-2,905508	1,033978	0,858198	164828,406675	-0,186953	7,158496	-0,019543	0,000000	2,042632	-0,124358	-0,124363	13,979420	0,055812	4,034465	1,800293
216,400000	7,717494	7,746979	1,119930	0,161930	1,928377	-1243,180794	3397,003878	-1350,254707	7,913665	954,561048	30,379672	29,435824	30,777793	29,646724	29,913144	-2,905591	1,036080	0,857403	164832,393341	-0,186003	7,158053	-0,019504	0,000000	2,042898	-0,124359	-0,124367	13,966042	0,055929	4,040908	1,798592
216,600000	7,717178	7,746914	1,121275	0,162670	1,932575	-1297,620301	3396,899394	-1398,447874	7,915963	954,320591	30,374706	29,433924	30,780468	29,640567	29,917236	-2,905547	1,034677	0,856614	164824,226725	-0,184922	7,157652	-0,019817	0,000000	2,043006	-0,124364	-0,124364	13,964701	0,055251	4,038149	1,798333
216,800000	7,717275	7,746606	1,122979	0,162761	1,937184	-1324,781669	3396,820188	-1425,269687	7,917715	954,520700	30,370830	29,432594	30,786170	29,635875	29,925317	-2,905507	1,033610	0,856952	164795,876900	-0,185402	7,156932	-0,020187	0,000000	2,042980	-0,124369	-0,124358	13,966825	0,054807	4,034452	1,798549
217,000000	7,717494	7,746223	1,123607	0,162472	1,936421	-1318,686976	3396,813216	-1433,249808	7,919626	954,659082	30,370884	29,433694	30,786560	29,638796	29,929047	-2,905511	1,032601	0,857499	164764,329252	-0,186235	7,156215	-0,020027	0,000000	2,042895	-0,124366	-0,124359	13,967873	0,054921	4,032668	1,798698
217,200000	7,717212	7,745976	1,125362	0,162357	1,932539	-1306,796780	3396,843985	-1425,440786	7,921936	954,689419	30,372753	29,434566	30,781073	29,644981	29,924835	-2,905566	1,030952	0,857376	164769,588041	-0,186533	7,155902	-0,019663	0,000000	2,043003	-0,124359	-0,124365	13,967844	0,055205	4,028961	1,798730
217,400000	7,716458	7,745802	1,126458	0,162499	1,930467	-1289,840817	3396,946598	-1409,721138	7,924218	954,694393	30,373872	29,435036	30,777258	29,647203	29,917027	-2,905579	1,031964	0,857105	164836,867110	-0,186534	7,155687	-0,019654	0,000000	2,043587	-0,124361	-0,124365	13,967628	0,055462	4,026625	1,798736
217,600000	7,716370	7,745729	1,127538	0,162455	1,930756	-1271,967939	3396,924122	-1393,132472	7,926197	955,559383	30,375310	29,434972	30,776931	29,645087	29,914216	-2,905558	1,034018	0,857033	164884,335741	-0,186231	7,155269	-0,019719	0,000000	2,043925	-0,124368	-0,124361	13,974971	0,055378	4,024308	1,799667
217,800000	7,716931	7,745770	1,126801	0,162420	1,930412	-1261,813005	3396,811033	-1381,712522	7,928168	956,717469	30,376606	29,433459	30,779739	29,640040	29,917096	-2,905522	1,034676	0,857172	164823,086888	-0,186128	7,154812	-0,019641	0,000000	2,043190	-0,124369	-0,124360	13,985144	0,054919	4,025523	1,800913
218,000000	7,717084	7,745825	1,122165	0,162584	1,930190	-1261,237872	3396,820232	-1386,343902	7,930276	956,073095	30,377132	29,432907	30,784967	29,635415	29,921297	-2,905478	1,033730	0,857199	164698,633587	-0,186704	7,154430	-0,019582	0,000000	2,042394	-0,124362	-0,124360	13,980048	0,054611	4,034210	1,800219
218,200000	7,716747	7,745755	1,118617	0,162345	1,932115	-1275,832384	3396,916306	-1404,982355	7,932333	954,738202	30,377522	29,434487	30,788086	29,637137	29,924528	-2,905616	1,033471	0,857111	164613,021708	-0,187084	7,153997	-0,019681	0,000000	2,042487	-0,124356	-0,124364	13,968756	0,054702	4,040712	1,798783
218,400000	7,716287	7,745397	1,117971	0,162384	1,933420	-1304,873128	3396,941900	-1433,790692	7,934602	954,377528	30,377215	29,435294	30,784676	29,643341	29,924005	-2,905804	1,035083	0,857193	164599,442152	-0,186546	7,153321	-0,019846	0,000000	2,042918	-0,124356	-0,124369	13,965581	0,054850	4,041341	1,798394
218,600000	7,715930	7,744941	1,119187	0,163232	1,932916	-1337,490329	3396,839856	-1465,940910	7,936652	954,486948	30,377297	29,434995	30,780428	29,645999	29,920397	-2,905689	1,036743	0,857508	164626,349699	-0,185856	7,152605	-0,019888	0,000000	2,043373	-0,124361	-0,124367	13,966619	0,054730	4,038353	1,798512
218,800000	7,716047	7,744734	1,122632	0,163708	1,932594	-1356,963196	3396,775464	-1482,942876	7,938405	954,588137	30,376557	29,435009	30,783642	29,642949	29,918594	-2,905470	1,037857	0,857830	164664,964910	-0,185704	7,152274	-0,019845	0,000000	2,043765	-0,124366	-0,124365	13,967624	0,054574	4,031555	1,798621
219,000000	7,716393	7,745054	1,127042	0,163230	1,933929	-1347,967513	3396,714633	-1472,377791	7,940480	954,616920	30,373354	29,433171	30,789717	29,639102	29,919925	-2,905469	1,039480	0,857752	164654,960706	-0,186287	7,152197	-0,019711	0,000000	2,043366	-0,124368	-0,124367	13,967792	0,054648	4,023403	1,798652
219,200000	7,716300	7,745389	1,129360	0,162576	1,933243	-1315,443219	3396,659797	-1441,571104	7,942696	954,610396	30,372723	29,429835	30,790306	29,638052	29,922615	-2,905495	1,040957	0,857622	164596,648084	-0,186605	7,151781	-0,019631	0,000000	2,042364	-0,124366	-0,124366	13,967658	0,054728	4,018994	1,798645
219,400000	7,715918	7,745131	1,128297	0,162119	1,930660	-1272,100184	3396,754835	-1403,926258	7,944926	954,588495	30,376995	29,429798	30,786469	29,640087	29,923744	-2,905457	1,038366	0,857707	164592,370022	-0,185570	7,150960	-0,019702	0,000000	2,042184	-0,124364	-0,124363	13,967575	0,054626	4,020370	1,798622
219,600000	7,715697	7,744887	1,124544	0,161868	1,930693	-1236,671423	3396,861331	-1373,936746	7,947150	954,568238	30,381325	29,433204	30,780625	29,644247	29,920920	-2,905614	1,035446	0,857524	164633,957733	-0,184213	7,150123	-0,019650	0,000000	2,042866	-0,124361	-0,124362	13,967571	0,054461	4,026769	1,798600
219,800000	7,715667	7,744943	1,120375	0,161974	1,931792	-1236,939997	3396,924825	-1371,668573	7,949300	954,579910	30,380753	29,435920	30,774649	29,646594	29,917628	-2,905637	1,034161	0,857153	164625,474150	-0,184181	7,149377	-0,019476	0,000000	2,043215	-0,124359	-0,124364	13,967586	0,054544	4,034179	1,798612
220,000000	7,715717	7,744928	1,117704	0,162254	1,930749	-1264,854528	3396,964347	-1396,211776	7,951470	954,615867	30,376028	29,435607	30,776471	29,644863	29,919338	-2,905234	1,026777	0,857052	164545,507529	-0,185613	7,148761	-0,019343	0,000000	2,043099	-0,124362	-0,124368	13,967592	0,054840	4,038943	1,798651
220,200000	7,715762	7,744817	1,115286	0,162207	1,928113	-1280,572810	3396,973220	-1418,751150	7,953578	954,622777	30,370280	29,434001	30,785343	29,642122	29,924582	-2,905023	1,020525	0,857379	164469,294483	-0,186649	7,148413	-0,019436	0,000000	2,042800	-0,124366	-0,124370	13,967591	0,054898	4,043454	1,798658
220,400000	7,715617	7,744594	1,114378	0,162126	1,926914	-1279,437027	3396,856723	-1426,470890	7,955764	954,612940	30,368225	29,431922	30,788649	29,640935	29,926781	-2,905242	1,021320	0,857618	164483,854659	-0,186183	7,148110	-0,019695	0,000000	2,042486	-0,124368	-0,124367	13,967590	0,054817	4,044991	1,798648
220,600000	7,715207	7,744332	1,117518	0,162568	1,926832	-1290,979660	3396,730489	-1433,780293	7,958043	953,729754	30,375028	29,430707	30,782639	29,640836	29,924371	-2,905489	1,018443	0,857031	164568,861089	-0,185344	7,147665	-0,019830	0,000000	2,042428	-0,124368	-0,124365	13,960172	0,054820	4,038552	1,797697
220,800000	7,714968	7,744258	1,121752	0,162994	1,925960	-1316,894670	3396,921109	-1442,234341	7,960221	952,525100	30,382443	29,434004	30,779314	29,641676	29,920781	-2,905553	1,015826	0,856632	164626,154193	-0,185032	7,147177	-0,019865	0,000000	2,042439	-0,124363	-0,124367	13,950014	0,054860	4,030091	1,796399
221,000000	7,715075	7,744276	1,123503	0,162941	1,925349	-1322,658937	3397,104685	-1438,758410	7,962536	953,125119	30,381844	29,438483	30,782233	29,643070	29,919802	-2,905592	1,018863	0,856911	164638,388653	-0,185738	7,146618	-0,019844	0,000000	2,042471	-0,124359	-0,124369	13,955130	0,054784	4,026437	1,797045
221,200000	7,714998	7,744216	1,122481	0,163043	1,925925	-1294,036502	3396,989163	-1418,810464	7,965050	954,434010	30,376368	29,438697	30,783945	29,642730	29,922562	-2,905653	1,019962	0,857091	164654,298737	-0,187172	7,146160	-0,019716	0,000000	2,042688	-0,124362	-0,124366	13,966427	0,054478	4,028111	1,798455
221,400000	7,714874	7,744155	1,122088	0,163396	1,925973	-1258,737194	3396,784925	-1387,587380	7,967401	953,904663	30,371062	29,435266	30,784323	29,640656	29,927852	-2,905520	1,021665	0,857448	164668,148804	-0,187365	7,145946	-0,019503	0,000000	2,043214	-0,124364	-0,124361	13,962183	0,054278	4,028759	1,797885
221,600000	7,715002	7,744043	1,122540	0,162722	1,923273	-1238,318829	3396,643061	-1363,180801	7,969323	952,588484	30,370509	29,431518	30,784298	29,642354	29,930481	-2,905355	1,026994	0,857708	164654,270724	-0,186141	7,145759	-0,019364	0,000000	2,043649	-0,124361	-0,124362	13,950985	0,054422	4,027796	1,796467
221,800000	7,714866	7,743879	1,121037	0,161664	1,923391	-1235,039314	3396,681597	-1360,865165	7,971202	953,129630	30,376005	29,430278	30,782476	29,648129	29,926172	-2,905446	1,031482	0,857662	164631,594165	-0,185428	7,145389	-0,019373	0,000000	2,043536	-0,124361	-0,124366	13,955095	0,054857	4,030359	1,797050
222,000000	7,714314	7,743757	1,119724	0,162154	1,928351	-1243,082201	3396,857704	-1371,556730	7,973535	954,509076	30,382541	29,431981	30,780145	29,649704	29,920113	-2,905612	1,034252	0,857539	164636,501760	-0,185842	7,144868	-0,019534	0,000000	2,043293	-0,124364	-0,124367	13,966224	0,055311	4,032453	1,798536
222,200000	7,713926	7,743617	1,116954	0,163090	1,929916	-1235,982088	3396,993871	-1375,409910	7,975690	954,911562	30,382689	29,434078	30,779834	29,645534	29,917736	-2,905650	1,035209	0,857391	164669,990403	-0,186858	7,144359	-0,019787	0,000000	2,043321	-0,124370	-0,124365	13,969532	0,055381	4,037347	1,798969
222,400000	7,714047	7,743501	1,115710	0,162930	1,926163	-1203,878141	3396,992788	-1363,182981	7,977444	953,881115	30,377888	29,435281	30,780792	29,641154	29,921437	-2,905645	1,035754	0,857382	164673,193297	-0,187578	7,143902	-0,019832	0,000000	2,043021	-0,124370	-0,124360	13,961157	0,055106	4,039405	1,797860
222,600000	7,714035	7,743488	1,122736	0,162383	1,923988	-1192,844912	3396,905571	-1343,750919	7,979440	951,655820	30,374460	29,435489	30,783049	29,640235	29,927592	-2,905568	1,036846	0,857532	164617,040756	-0,187426	7,143537	-0,019697	0,000000	2,042071	-0,124361	-0,124352	13,942581	0,054988	4,025843	1,795462
222,800000	7,713711	7,743622	1,127061	0,162287	1,927010	-1234,099550	3396,834965	-1340,955060	7,981734	951,057472	30,374173	29,434227	30,785939	29,642551	29,928930	-2,905433	1,037245	0,858032	164586,613197	-0,186670	7,143395	-0,019709	0,000000	2,041753	-0,124356	-0,124349	13,937356	0,055183	4,017690	1,794817
223,000000	7,713633	7,743684	1,123970	0,162423	1,930673	-1280,745529	3396,776014	-1362,750210	7,984076	953,042806	30,376410	29,432622	30,785936	29,646535	29,925539	-2,905439	1,035728	0,858168	164623,516140	-0,185960	7,143057	-0,019839	0,000000	2,042651	-0,124361	-0,124354	13,953897	0,055325	4,023402	1,796957
223,200000	7,713807	7,743420	1,122823	0,162626	1,933199	-1280,695070	3396,797241	-1381,630392	7,986142	953,900308	30,378508	29,431741	30,783679	29,648909	29,921633	-2,905585	1,033357	0,857458	164664,004440	-0,185986	7,142084	-0,019827	0,000000	2,043766	-0,124366	-0,124360	13,961033	0,055391	4,024889	1,797880
223,400000	7,714090	7,743126	1,121441	0,163071	1,935674	-1235,675274	3396,882132	-1376,036611	7,988034	952,069738	30,378429	29,431652	30,782676	29,645015	29,920060	-2,905521	1,034532	0,856698	164669,673314	-0,186302	7,141109	-0,019662	0,000000	2,044059	-0,124367	-0,124363	13,945596	0,055451	4,026813	1,795908
223,600000	7,714305	7,743164	1,119585	0,162959	1,935786	-1180,915873	3396,906318	-1346,390086	7,990134	950,352081	30,377685	29,432454	30,784965	29,638206	29,921250	-2,905240	1,037580	0,856443	164645,480236	-0,186134	7,140894	-0,019544	0,000000	2,043491	-0,124369	-0,124363	13,931077	0,055530	4,030257	1,794056
223,800000	7,714267	7,743210	1,122661	0,162033	1,931687	-1147,455799	3396,860909	-1303,125226	7,992187	950,095498	30,377807	29,433130	30,787387	29,636291	29,924156	-2,905282	1,038457	0,856939	164611,700011	-0,186023	7,141054	-0,019474	0,000000	2,042642	-0,124367	-0,124361	13,928735	0,055715	4,024548	1,793779
224,000000	7,714079	7,742827	1,126166	0,161650	1,926723	-1140,767534	3396,774213	-1271,548019	7,994053	950,339656	30,378745	29,433292	30,785674	29,640160	29,926237	-2,905571	1,037615	0,857869	164590,621292	-0,186090	7,140783	-0,019367	0,000000	2,041942	-0,124360	-0,124360	13,930712	0,055791	4,017557	1,794043
224,200000	7,713876	7,742363	1,123777	0,162453	1,926345	-1162,860779	3396,778416	-1274,676926	7,995992	950,466207	30,380609	29,434748	30,781587	29,645254	29,926386	-2,905692	1,036918	0,858295	164626,091689	-0,185637	7,140254	-0,019389	0,000000	2,042397	-0,124358	-0,124359	13,931902	0,055666	4,021492	1,794179
224,400000	7,713557	7,742341	1,121208	0,163256	1,929300	-1189,396523	3396,854180	-1298,109294	7,998026	950,447074	30,380320	29,436745	30,779933	29,647667	29,925755	-2,905662	1,036200	0,857927	164693,881257	-0,185364	7,139835	-0,019508	0,000000	2,043774	-0,124361	-0,124358	13,931954	0,055453	4,026070	1,794158
224,600000	7,713259	7,742624	1,123245	0,163108	1,930445	-1180,640340	3396,843305	-1306,835702	8,000283	950,390799	30,375187	29,436915	30,781487	29,646004	29,924765	-2,905558	1,033098	0,857323	164691,388328	-0,185768	7,139578	-0,019539	0,000000	2,044011	-0,124364	-0,124359	13,931740	0,055193	4,022209	1,794098
224,800000	7,713328	7,742838	1,124875	0,162405	1,929912	-1160,863748	3396,782187	-1299,216300	8,002499	950,361078	30,370495	29,435634	30,785547	29,642027	29,924503	-2,905284	1,029738	0,857316	164639,893395	-0,185849	7,139512	-0,019572	0,000000	2,042916	-0,124364	-0,124359	13,931651	0,055032	4,019254	1,794066
225,000000	7,713456	7,742869	1,128869	0,162074	1,931838	-1166,793575	3396,768109	-1291,336700	8,004483	950,376527	30,372044	29,434353	30,789847	29,640129	29,925176	-2,905107	1,028886	0,857953	164621,065336	-0,185317	7,139303	-0,019549	0,000000	2,042357	-0,124362	-0,124358	13,931660	0,055153	4,011682	1,794082
225,200000	7,713179	7,742572	1,129537	0,162282	1,936129	-1195,041940	3396,862375	-1301,425162	8,006498	951,311814	30,377165	29,432949	30,786509	29,642314	29,924087	-2,905251	1,030080	0,858224	164635,654920	-0,185424	7,138760	-0,019526	0,000000	2,042754	-0,124362	-0,124360	13,939098	0,055579	4,009956	1,795091
225,400000	7,712838	7,742152	1,124714	0,162615	1,938872	-1223,659628	3396,928124	-1328,946281	8,008404	952,552049	30,381296	29,432230	30,777105	29,645206	29,920089	-2,905407	1,031324	0,857650	164649,536988	-0,186373	7,138066	-0,019543	0,000000	2,043147	-0,124362	-0,124362	13,949262	0,055838	4,018363	1,796428
225,600000	7,712743	7,742063	1,125643	0,163041	1,940654	-1228,605022	3396,979089	-1340,662698	8,010401	951,890119	30,381569	29,435464	30,774112	29,646257	29,917140	-2,905507	1,030268	0,857037	164643,429257	-0,186374	7,137464	-0,019475	0,000000	2,043215	-0,124360	-0,124361	13,944144	0,055394	4,016142	1,795714
225,800000	7,712639	7,742172	1,126329	0,163066	1,941851	-1225,360285	3397,018340	-1342,288765	8,012594	950,477032	30,375735	29,439213	30,780101	29,646386	29,919760	-2,905507	1,028815	0,856857	164639,255337	-0,185140	7,137081	-0,019456	0,000000	2,043158	-0,124361	-0,124360	13,932846	0,054813	4,014710	1,794191
226,000000	7,712645	7,742166	1,126114	0,162610	1,940517	-1238,837780	3396,870779	-1352,689139	8,014787	950,959164	30,368763	29,437548	30,785592	29,645710	29,926640	-2,905404	1,028282	0,856767	164648,814133	-0,184492	7,136855	-0,019407	0,000000	2,043100	-0,124367	-0,124360	13,937090	0,054623	4,015082	1,794711
226,200000	7,712848	7,742109	1,127874	0,162534	1,936985	-1250,394174	3396,785758	-1358,693103	8,017114	952,266808	30,369092	29,434534	30,785110	29,645331	29,930930	-2,905383	1,028425	0,856823	164656,919666	-0,185582	7,136628	-0,019257	0,000000	2,042947	-0,124368	-0,124361	13,948288	0,054415	4,011639	1,796121
226,400000	7,712892	7,742100	1,127686	0,162700	1,934159	-1241,088300	3396,859710	-1360,269613	8,019203	951,769766	30,376932	29,433943	30,781376	29,646409	29,928276	-2,905471	1,030092	0,856917	164654,927015	-0,186599	7,136283	-0,019295	0,000000	2,042755	-0,124366	-0,124363	13,944178	0,054349	4,011755	1,795585
226,600000	7,712639	7,742017	1,128122	0,162430	1,933793	-1232,354628	3396,936330	-1361,589548	8,020975	951,376775	30,382528	29,433696	30,776716	29,646739	29,920677	-2,905608	1,032618	0,856825	164637,933231	-0,186543	7,135733	-0,019554	0,000000	2,042635	-0,124364	-0,124365	13,940466	0,054757	4,010526	1,795161
226,800000	7,712201	7,741849	1,128952	0,162525	1,932481	-1228,954964	3396,949675	-1355,594147	8,023001	952,223432	30,379776	29,434272	30,777153	29,643555	29,916453	-2,905668	1,034307	0,856789	164631,245607	-0,186642	7,135088	-0,019630	0,000000	2,042608	-0,124363	-0,124364	13,947317	0,055022	4,008521	1,796074
227,000000	7,711905	7,741779	1,127450	0,163472	1,931498	-1211,936347	3396,883882	-1340,813854	8,025097	951,707137	30,374654	29,435284	30,783531	29,638612	29,921397	-2,905603	1,033874	0,856806	164643,168240	-0,186250	7,134707	-0,019494	0,000000	2,042565	-0,124359	-0,124362	13,943158	0,054843	4,011177	1,795517
227,200000	7,711957	7,741758	1,127579	0,163937	1,934481	-1188,337014	3396,813234	-1324,948270	8,027168	950,448441	30,373172	29,434551	30,786122	29,637308	29,928219	-2,905386	1,032200	0,856932	164636,072955	-0,185363	7,134544	-0,019520	0,000000	2,042426	-0,124357	-0,124361	13,932862	0,054556	4,010876	1,794160
227,400000	7,712092	7,741606	1,134089	0,163709	1,939322	-1182,050512	3396,749640	-1307,249215	8,029516	950,065306	30,374784	29,434021	30,786386	29,640752	29,930212	-2,905169	1,030514	0,857211	164597,342779	-0,185742	7,134263	-0,019631	0,000000	2,042385	-0,124357	-0,124359	13,929872	0,054324	3,998417	1,793747
227,600000	7,712057	7,741486	1,137896	0,163399	1,941400	-1195,764352	3396,744136	-1293,943372	8,031899	949,303605	30,376489	29,434767	30,789198	29,645883	29,927254	-2,905205	1,029576	0,857300	164591,482802	-0,186919	7,133908	-0,019597	0,000000	2,042798	-0,124358	-0,124358	13,923366	0,054422	3,991066	1,792925
227,800000	7,711856	7,741334	1,130288	0,163088	1,941561	-1217,947178	3396,773200	-1314,356153	8,034001	948,241623	30,376118	29,435461	30,788647	29,648115	29,920872	-2,905376	1,029648	0,857281	164659,648835	-0,186220	7,133647	-0,019628	0,000000	2,043643	-0,124361	-0,124362	13,914130	0,054721	4,005095	1,791778
228,000000	7,711733	7,741037	1,118586	0,163305	1,944500	-1246,544083	3396,763778	-1367,252549	8,035921	948,865084	30,375212	29,434408	30,783232	29,644789	29,917528	-2,905465	1,029719	0,857411	164702,669034	-0,184616	7,133373	-0,019689	0,000000	2,043883	-0,124365	-0,124364	13,919408	0,054690	4,026880	1,792451
228,200000	7,711733	7,740746	1,116997	0,163935	1,946287	-1266,803452	3396,764117	-1410,719683	8,037967	950,151623	30,374626	29,432350	30,783106	29,639091	29,921330	-2,905425	1,029111	0,857658	164670,342028	-0,185209	7,132972	-0,019558	0,000000	2,042968	-0,124368	-0,124361	13,930584	0,054337	4,029570	1,793840
228,400000	7,711719	7,740660	1,125727	0,163791	1,943546	-1279,451764	3396,779599	-1425,567644	8,040081	950,493499	30,373516	29,432050	30,788905	29,636307	29,927562	-2,905368	1,028607	0,857812	164634,973971	-0,186808	7,132570	-0,019528	0,000000	2,041974	-0,124369	-0,124354	13,933681	0,054116	4,012828	1,794208
228,600000	7,711626	7,740826	1,131577	0,162964	1,940753	-1301,797911	3396,805791	-1427,313214	8,042248	950,394972	30,373745	29,432528	30,788980	29,639899	29,929761	-2,905543	1,029571	0,857731	164627,112965	-0,186291	7,132319	-0,019685	0,000000	2,042042	-0,124364	-0,124354	13,932637	0,054332	4,001738	1,794102
228,800000	7,711292	7,740689	1,132222	0,162930	1,940487	-1306,708211	3396,827841	-1417,061874	8,044594	950,326337	30,376287	29,433130	30,784496	29,645465	29,927049	-2,905750	1,031827	0,857590	164638,059657	-0,184906	7,132054	-0,019726	0,000000	2,042813	-0,124360	-0,124359	13,931644	0,054747	4,000248	1,794028
229,000000	7,710996	7,740367	1,130127	0,163448	1,939486	-1267,614269	3396,863558	-1388,859034	8,046674	950,337746	30,378494	29,434926	30,783767	29,646389	29,923581	-2,905597	1,034436	0,857362	164666,290088	-0,185392	7,131706	-0,019576	0,000000	2,043494	-0,124365	-0,124361	13,931482	0,055005	4,003806	1,794040
229,200000	7,710869	7,740321	1,127569	0,163226	1,935414	-1221,807209	3396,864926	-1363,367232	8,048570	950,358111	30,376098	29,435630	30,788964	29,643407	29,922509	-2,905437	1,035318	0,856982	164688,205322	-0,186161	7,131367	-0,019443	0,000000	2,043691	-0,124370	-0,124363	13,931617	0,055042	4,008472	1,794062
229,400000	7,710973	7,740329	1,128286	0,162839	1,933043	-1208,355744	3396,718405	-1351,225655	8,050601	950,354422	30,370684	29,432504	30,794269	29,638457	29,923073	-2,905543	1,034592	0,856857	164650,239755	-0,185835	7,130963	-0,019236	0,000000	2,042891	-0,124368	-0,124363	13,931698	0,054930	4,007010	1,794058
229,600000	7,711187	7,740318	1,129502	0,162912	1,934032	-1207,916455	3396,602165	-1340,278666	8,052614	950,332444	30,370861	29,428355	30,791892	29,635430	29,923939	-2,905636	1,034351	0,857437	164586,684670	-0,185762	7,130656	-0,019058	0,000000	2,042121	-0,124367	-0,124361	13,931702	0,054741	4,004568	1,794035
229,800000	7,710833	7,740250	1,125565	0,162688	1,935966	-1201,798736	3396,731070	-1338,461696	8,054839	950,303302	30,378438	29,427966	30,785794	29,638338	29,924227	-2,905639	1,032788	0,858001	164597,771305	-0,186635	7,130259	-0,019283	0,000000	2,042625	-0,124365	-0,124360	13,931687	0,054510	4,011658	1,794003
230,000000	7,710318	7,740086	1,118191	0,162215	1,937398	-1206,473973	3396,967008	-1353,662017	8,057194	950,294258	30,384565	29,431294	30,779926	29,643429	29,924107	-2,905765	1,030053	0,857748	164649,320774	-0,187482	7,129486	-0,019507	0,000000	2,043487	-0,124360	-0,124362	13,931681	0,054440	4,024996	1,793994
230,200000	7,710259	7,739962	1,118375	0,162138	1,938727	-1219,853839	3397,019602	-1366,876933	8,059399	950,330236	30,383048	29,434464	30,774863	29,645362	29,924724	-2,905770	1,027922	0,857281	164666,039809	-0,187654	7,128872	-0,019599	0,000000	2,043839	-0,124361	-0,124364	13,931682	0,054742	4,024132	1,794032
230,400000	7,710330	7,739995	1,125086	0,162651	1,940761	-1230,784047	3396,903877	-1369,131895	8,061440	950,363173	30,376774	29,434715	30,776687	29,642959	29,926660	-2,905416	1,027538	0,857555	164656,961940	-0,186883	7,128909	-0,019645	0,000000	2,043800	-0,124367	-0,124362	13,931683	0,055018	4,011473	1,794068
230,600000	7,710268	7,739999	1,129661	0,162900	1,940564	-1242,990507	3396,763639	-1367,105205	8,063294	950,351181	30,371113	29,431969	30,784382	29,639165	29,929167	-2,905294	1,028889	0,858106	164641,649901	-0,185759	7,128983	-0,019472	0,000000	2,043258	-0,124371	-0,124357	13,931683	0,054917	4,003034	1,794055
230,800000	7,710341	7,739582	1,129105	0,162255	1,939121	-1247,815345	3396,592769	-1369,327918	8,065317	950,330446	30,371110	29,429474	30,788152	29,637622	29,928469	-2,905480	1,029423	0,858032	164635,985295	-0,185554	7,128344	-0,019389	0,000000	2,042450	-0,124364	-0,124354	13,931683	0,054742	4,003614	1,794033
231,000000	7,710474	7,738896	1,126961	0,161839	1,940492	-1245,490731	3396,562170	-1374,690909	8,067485	950,330240	30,377361	29,430874	30,786700	29,638983	29,924593	-2,905512	1,029262	0,857789	164635,302249	-0,186376	7,127645	-0,019491	0,000000	2,042265	-0,124358	-0,124354	13,931683	0,054741	4,006906	1,794032
231,200000	7,710266	7,738590	1,127808	0,162126	1,943648	-1243,214810	3396,770455	-1372,010189	8,069354	950,318069	30,382305	29,435082	30,786074	29,641843	29,921876	-2,905503	1,029497	0,857579	164628,864364	-0,186870	7,127447	-0,019614	0,000000	2,042728	-0,124361	-0,124359	13,931683	0,054639	4,004992	1,794019
231,400000	7,710071	7,738840	1,126432	0,162655	1,942981	-1244,943921	3396,997609	-1370,488846	8,071166	951,144006	30,380633	29,437702	30,786267	29,643022	29,921327	-2,905618	1,030392	0,857371	164624,968963	-0,185807	7,127423	-0,019726	0,000000	2,043102	-0,124365	-0,124363	13,939100	0,054166	4,007654	1,794910
231,600000	7,710211	7,739255	1,124104	0,163426	1,938587	-1258,111296	3397,025576	-1382,393811	8,073176	953,188788	30,375803	29,437113	30,787253	29,640988	29,923088	-2,905654	1,029948	0,857514	164625,011760	-0,185000	7,127264	-0,019638	0,000000	2,043138	-0,124361	-0,124362	13,956676	0,053773	4,012171	1,797114
231,800000	7,710404	7,739585	1,123181	0,163774	1,936473	-1265,557191	3396,875285	-1395,385184	8,075323	954,674166	30,373081	29,435357	30,789117	29,639132	29,928413	-2,905495	1,026622	0,857808	164637,224058	-0,185351	7,126817	-0,019557	0,000000	2,043000	-0,124358	-0,124358	13,969135	0,053785	4,013866	1,798714
232,000000	7,710248	7,739561	1,123728	0,162839	1,935599	-1259,998755	3396,820920	-1394,257465	8,077421	953,974399	30,374037	29,433737	30,787810	29,641490	29,931649	-2,905320	1,023988	0,858033	164653,492000	-0,185462	7,126265	-0,019639	0,000000	2,042969	-0,124364	-0,124356	13,962881	0,054166	4,012514	1,797960
232,200000	7,709755	7,739184	1,127611	0,162011	1,932595	-1269,367611	3396,852257	-1393,669673	8,079357	951,712189	30,377659	29,433093	30,784841	29,645796	29,927308	-2,905234	1,025839	0,858528	164658,176487	-0,185851	7,125751	-0,019514	0,000000	2,043306	-0,124365	-0,124360	13,943295	0,054748	4,004692	1,795523
232,400000	7,709334	7,738979	1,126906	0,162895	1,929920	-1305,135527	3396,841082	-1412,681134	8,081449	951,025755	30,380519	29,433644	30,784452	29,646460	29,921755	-2,905360	1,030439	0,858466	164663,576359	-0,186924	7,125251	-0,019374	0,000000	2,043732	-0,124362	-0,124365	13,937282	0,054990	4,005633	1,794783
232,600000	7,709293	7,739135	1,121792	0,163883	1,931036	-1337,836568	3396,884159	-1445,404291	8,083385	952,967691	30,380026	29,434509	30,786546	29,643874	29,920814	-2,905715	1,032891	0,857724	164675,638904	-0,187088	7,124883	-0,019510	0,000000	2,043989	-0,124364	-0,124364	13,953730	0,054861	4,015174	1,796876
232,800000	7,709467	7,739188	1,121343	0,163318	1,933957	-1349,338030	3396,922101	-1474,305468	8,084978	953,804640	30,377956	29,435234	30,787456	29,640024	29,925183	-2,905851	1,033082	0,857800	164662,722463	-0,185888	7,124600	-0,019757	0,000000	2,043606	-0,124365	-0,124358	13,960986	0,054635	4,015891	1,797777
233,000000	7,709382	7,738885	1,123348	0,162741	1,934588	-1348,972991	3396,899852	-1480,732910	8,086932	951,953059	30,375955	29,435329	30,786449	29,636831	29,932206	-2,905635	1,032121	0,857975	164612,740012	-0,185044	7,124126	-0,019907	0,000000	2,042275	-0,124360	-0,124352	13,945611	0,054456	4,011676	1,795782
233,200000	7,709219	7,738718	1,124929	0,162956	1,935005	-1346,293625	3396,837181	-1471,138681	8,089152	951,127737	30,374005	29,435064	30,787729	29,638388	29,934210	-2,905460	1,030566	0,857792	164600,797454	-0,185669	7,123610	-0,019908	0,000000	2,041681	-0,124356	-0,124352	13,938509	0,054620	4,008343	1,794893
233,400000	7,709165	7,738767	1,124361	0,162867	1,936838	-1348,913503	3396,743418	-1468,451650	8,091265	952,981464	30,373374	29,434586	30,788867	29,644186	29,929139	-2,905458	1,030651	0,857862	164636,485840	-0,186300	7,123290	-0,019818	0,000000	2,042703	-0,124357	-0,124362	13,953730	0,054977	4,009281	1,796891
233,600000	7,708935	7,738643	1,118470	0,163138	1,937626	-1342,238150	3396,714448	-1472,118133	8,093288	955,596727	30,374800	29,434010	30,786845	29,647668	29,923917	-2,905554	1,030814	0,857433	164649,465494	-0,186035	7,122898	-0,019682	0,000000	2,043709	-0,124359	-0,124374	13,975580	0,055083	4,020137	1,799707
233,800000	7,708818	7,738351	1,117118	0,163923	1,934876	-1311,269252	3396,800361	-1460,396078	8,095263	957,948935	30,376758	29,434359	30,786310	29,643959	29,922974	-2,905609	1,030005	0,857138	164638,157247	-0,186594	7,122362	-0,019621	0,000000	2,043670	-0,124359	-0,124373	13,995508	0,054879	4,022256	1,802237
234,000000	7,709022	7,738036	1,123639	0,163750	1,931234	-1284,273270	3396,869452	-1435,247574	8,097369	958,280239	30,377041	29,434880	30,787501	29,637402	29,925262	-2,905504	1,029773	0,858082	164624,533640	-0,187716	7,121993	-0,019507	0,000000	2,043163	-0,124360	-0,124359	13,998593	0,054571	4,009555	1,802593
234,200000	7,709112	7,737662	1,124458	0,162965	1,930700	-1292,448055	3396,809738	-1426,385151	8,099521	956,159267	30,375847	29,434615	30,787862	29,634905	29,927822	-2,905425	1,031240	0,858754	164611,271030	-0,187936	7,121836	-0,019384	0,000000	2,042538	-0,124356	-0,124351	13,980997	0,054385	4,007756	1,800312
234,400000	7,709116	7,737244	1,118093	0,162576	1,930928	-1309,312974	3396,786411	-1437,072021	8,101663	955,309929	30,376652	29,434297	30,787408	29,638663	29,927894	-2,905498	1,032066	0,858555	164616,856621	-0,187534	7,121689	-0,019554	0,000000	2,042129	-0,124350	-0,124357	13,973890	0,054366	4,019530	1,799398
234,600000	7,708950	7,737108	1,114959	0,162504	1,929516	-1296,816342	3396,829965	-1440,149389	8,103764	957,188496	30,379472	29,434848	30,785407	29,645719	29,926998	-2,905567	1,030286	0,858533	164653,630599	-0,186709	7,121576	-0,019756	0,000000	2,042934	-0,124355	-0,124363	13,989544	0,054469	4,025329	1,801419
234,800000	7,708448	7,737178	1,120605	0,162613	1,927676	-1275,775197	3396,772585	-1423,025198	8,105900	958,070442	30,379585	29,436231	30,781275	29,648832	29,927528	-2,905504	1,029824	0,858363	164680,537939	-0,185605	7,121503	-0,019630	0,000000	2,044122	-0,124362	-0,124362	13,996720	0,054685	4,014523	1,802368
235,000000	7,708350	7,737113	1,127709	0,162857	1,928981	-1281,334693	3396,678538	-1405,619658	8,108261	956,269097	30,375418	29,436758	30,780943	29,645492	29,928481	-2,905460	1,029952	0,858213	164664,827259	-0,185013	7,121230	-0,019363	0,000000	2,043988	-0,124364	-0,124357	13,981472	0,054830	4,000917	1,800430
235,200000	7,708731	7,737026	1,125369	0,162928	1,932242	-1297,607487	3396,644644	-1406,287441	8,110380	954,554670	30,370844	29,435542	30,788730	29,641196	29,929133	-2,905321	1,028245	0,858309	164641,198796	-0,185789	7,120749	-0,019317	0,000000	2,043115	-0,124363	-0,124356	13,967015	0,054902	4,005133	1,798585
235,400000	7,708861	7,737019	1,119521	0,162720	1,933473	-1284,983613	3396,710581	-1410,336139	8,112179	955,169853	30,370381	29,434268	30,796002	29,639645	29,929537	-2,905078	1,026763	0,858108	164643,784951	-0,186327	7,120350	-0,019391	0,000000	2,042682	-0,124362	-0,124358	13,972076	0,055005	4,016076	1,799247
235,600000	7,708646	7,736864	1,118669	0,162608	1,934386	-1247,801225	3396,866915	-1398,850250	8,114112	957,502235	30,374451	29,434174	30,794950	29,639693	29,926358	-2,905206	1,027234	0,858165	164646,958750	-0,185694	7,120136	-0,019318	0,000000	2,042780	-0,124363	-0,124360	13,991612	0,055031	4,017488	1,801757
235,800000	7,708286	7,736656	1,117655	0,162954	1,934657	-1225,907030	3397,000355	-1379,704813	8,116160	958,237587	30,379238	29,435246	30,787838	29,640809	29,920320	-2,905553	1,029196	0,858430	164634,582493	-0,185385	7,119914	-0,019229	0,000000	2,043203	-0,124365	-0,124362	13,997840	0,054967	4,019081	1,802547
236,000000	7,707929	7,736871	1,117019	0,163149	1,931428	-1228,314237	3397,070557	-1368,680292	8,118220	956,265179	30,379400	29,437267	30,784805	29,641790	29,919310	-2,905668	1,030726	0,858266	164621,385834	-0,185586	7,119697	-0,019285	0,000000	2,043410	-0,124368	-0,124364	13,981481	0,054789	4,020198	1,800426
236,200000	7,707906	7,737179	1,121289	0,162698	1,926865	-1233,864975	3397,025890	-1365,177741	8,120062	955,384495	30,373455	29,437260	30,789865	29,641383	29,925400	-2,905529	1,030211	0,857961	164616,128264	-0,185502	7,119468	-0,019531	0,000000	2,043359	-0,124368	-0,124366	13,974217	0,054665	4,012181	1,799478
236,400000	7,708152	7,737036	1,126781	0,162398	1,925871	-1235,095849	3396,880519	-1358,073958	8,121901	957,215012	30,367902	29,433856	30,793586	29,640799	29,931673	-2,905423	1,028451	0,857809	164626,373646	-0,185228	7,118935	-0,019795	0,000000	2,043403	-0,124365	-0,124366	13,989570	0,054665	4,001545	1,801448
236,600000	7,707994	7,736651	1,128371	0,162446	1,928489	-1239,213050	3396,823658	-1350,816051	8,124186	958,935409	30,368792	29,432090	30,791267	29,640802	29,931803	-2,905468	1,028740	0,857934	164639,737073	-0,185647	7,118212	-0,019700	0,000000	2,043215	-0,124361	-0,124363	14,004083	0,054570	3,997965	1,803297
236,800000	7,707472	7,736434	1,122897	0,162533	1,929866	-1242,111165	3396,931042	-1354,037798	8,126505	959,212064	30,374258	29,434582	30,785819	29,641543	29,927126	-2,905526	1,030008	0,858027	164636,286693	-0,185854	7,117699	-0,019435	0,000000	2,043018	-0,124362	-0,124360	14,006440	0,054531	4,007785	1,803594
237,000000	7,707255	7,736444	1,116838	0,162840	1,929658	-1226,057532	3397,034066	-1356,453518	8,128623	959,002112	30,378454	29,437560	30,782376	29,642908	29,921758	-2,905556	1,030927	0,857905	164624,643040	-0,186026	7,117538	-0,019456	0,000000	2,043033	-0,124365	-0,124360	14,004469	0,054743	4,019090	1,803369
237,200000	7,707270	7,736575	1,118657	0,163503	1,929525	-1201,085091	3397,002468	-1346,332810	8,130637	958,870627	30,377777	29,437621	30,784910	29,641911	29,920704	-2,905459	1,031612	0,857530	164623,024745	-0,186698	7,117527	-0,019614	0,000000	2,042912	-0,124364	-0,124361	14,003279	0,054832	4,015724	1,803228
237,400000	7,707128	7,736882	1,124890	0,163653	1,929515	-1194,018404	3396,898683	-1329,595410	8,132415	958,855705	30,373328	29,435377	30,789124	29,638727	29,927173	-2,905304	1,031043	0,857226	164628,989743	-0,186298	7,117259	-0,019555	0,000000	2,042788	-0,124363	-0,124360	14,003225	0,054760	4,004014	1,803212
237,600000	7,706926	7,736853	1,125184	0,163026	1,928400	-1192,993562	3396,762804	-1316,832011	8,134279	959,803151	30,369638	29,433696	30,789791	29,638171	29,934509	-2,905395	1,030706	0,857631	164624,601506	-0,185504	7,116621	-0,019410	0,000000	2,042936	-0,124365	-0,124358	14,010856	0,055066	4,003120	1,804229
237,800000	7,706946	7,736248	1,121544	0,162895	1,928231	-1190,823361	3396,709082	-1316,449911	8,136471	961,076950	30,370629	29,433952	30,787764	29,640913	29,935051	-2,905654	1,030685	0,858214	164599,713231	-0,185854	7,115949	-0,019515	0,000000	2,042828	-0,124365	-0,124361	14,021103	0,055483	4,009304	1,805597
238,000000	7,707008	7,735858	1,122164	0,163299	1,931438	-1207,941802	3396,786476	-1329,734130	8,138593	960,478849	30,374267	29,434859	30,786989	29,645225	29,929716	-2,905659	1,031856	0,858406	164614,499517	-0,186391	7,115526	-0,019698	0,000000	2,042768	-0,124365	-0,124364	14,015978	0,055601	4,007693	1,804955
238,200000	7,706889	7,735691	1,124314	0,163426	1,933184	-1229,348707	3396,827702	-1342,732203	8,140359	959,116357	30,376315	29,434124	30,786475	29,646944	29,924220	-2,905553	1,032869	0,858141	164677,476408	-0,185737	7,115335	-0,019659	0,000000	2,043451	-0,124367	-0,124362	14,004661	0,055508	4,003453	1,803492
238,400000	7,706651	7,735481	1,124770	0,163067	1,932378	-1225,278998	3396,867289	-1344,290697	8,142062	958,701140	30,376299	29,433066	30,783105	29,642002	29,922712	-2,905576	1,031158	0,857786	164678,780873	-0,184770	7,115262	-0,019556	0,000000	2,043555	-0,124366	-0,124360	14,001482	0,055209	4,002425	1,803045
238,600000	7,706364	7,735444	1,121794	0,162466	1,932574	-1203,348074	3396,913514	-1338,511343	8,144225	959,663325	30,375603	29,433138	30,784235	29,634328	29,925238	-2,905444	1,030042	0,858001	164627,406176	-0,184413	7,115143	-0,019591	0,000000	2,042746	-0,124360	-0,124359	14,009941	0,054810	4,007972	1,804079
238,800000	7,706154	7,735544	1,120601	0,161770	1,933891	-1181,028627	3396,855665	-1324,233379	8,146390	961,839640	30,375683	29,432712	30,791427	29,632838	29,929645	-2,905328	1,030963	0,858443	164611,460461	-0,184578	7,114771	-0,019697	0,000000	2,042273	-0,124357	-0,124360	14,028524	0,054444	4,010166	1,806416
239,000000	7,705985	7,735674	1,124502	0,161425	1,933069	-1179,317857	3396,805132	-1312,934706	8,148101	963,326755	30,376920	29,432924	30,792747	29,639300	29,932617	-2,905568	1,032313	0,858359	164631,200122	-0,185374	7,114168	-0,019739	0,000000	2,042490	-0,124357	-0,124360	14,041151	0,054255	4,002534	1,808011
239,200000	7,705972	7,735496	1,124712	0,162291	1,930548	-1209,760046	3396,849994	-1323,937737	8,149884	962,583866	30,378168	29,434557	30,788121	29,645515	29,931139	-2,905767	1,032785	0,857922	164642,808110	-0,186772	7,113597	-0,019832	0,000000	2,042956	-0,124356	-0,124362	14,034762	0,054432	4,001651	1,807215
239,400000	7,706183	7,735168	1,122851	0,163767	1,931278	-1236,716201	3396,950132	-1344,114449	8,151922	960,262730	30,377585	29,436139	30,786585	29,646305	29,927508	-2,905569	1,033792	0,857668	164654,817232	-0,187748	7,113285	-0,019928	0,000000	2,043745	-0,124360	-0,124362	14,015093	0,054677	4,004793	1,804723
239,600000	7,706388	7,735245	1,123216	0,163912	1,933059	-1230,749066	3396,962299	-1349,343906	8,154033	958,656673	30,373662	29,435997	30,789471	29,642520	29,927223	-2,905417	1,035603	0,857799	164673,211842	-0,187037	7,113154	-0,019711	0,000000	2,044202	-0,124367	-0,124358	14,001659	0,054659	4,004106	1,802998
239,800000	7,706381	7,735448	1,125560	0,162633	1,931564	-1210,890540	3396,818395	-1338,605884	8,155905	959,390012	30,368645	29,433556	30,792327	29,636555	29,928999	-2,905550	1,035823	0,858055	164644,299983	-0,185469	7,112805	-0,019305	0,000000	2,043259	-0,124365	-0,124357	14,007964	0,054498	3,999656	1,803786
240,000000	7,706201	7,735285	1,129439	0,161875	1,929811	-1203,881778	3396,687172	-1326,157622	8,157621	961,718407	30,368294	29,431930	30,791760	29,633567	29,929319	-2,905652	1,034984	0,858269	164598,958204	-0,184529	7,112296	-0,019028	0,000000	2,042136	-0,124360	-0,124362	14,027758	0,054195	3,992020	1,806286
240,200000	7,706007	7,735011	1,127403	0,162089	1,932142	-1201,864776	3396,761062	-1323,718689	8,159750	962,422749	30,374473	29,432711	30,788438	29,637378	29,929079	-2,905657	1,033832	0,858313	164596,328692	-0,184709	7,112030	-0,019176	0,000000	2,042242	-0,124361	-0,124366	14,033839	0,054007	3,995514	1,807042
240,400000	7,705679	7,735126	1,121426	0,162509	1,936091	-1187,135690	3396,973065	-1322,964085	8,161991	960,493083	30,379405	29,433402	30,784546	29,643641	29,928424	-2,905740	1,032830	0,857873	164617,036634	-0,185113	7,111772	-0,019573	0,000000	2,043266	-0,124364	-0,124363	14,017375	0,054324	4,006623	1,804970
240,600000	7,705399	7,735331	1,119487	0,162849	1,936121	-1170,825413	3397,008185	-1313,884149	8,163848	959,680498	30,377500	29,433097	30,782331	29,645099	29,927607	-2,905740	1,032642	0,857248	164635,987415	-0,185078	7,111249	-0,019648	0,000000	2,043744	-0,124367	-0,124360	14,010100	0,054794	4,010065	1,804098
240,800000	7,705494	7,735148	1,121060	0,162839	1,933513	-1167,790688	3396,907660	-1309,841381	8,165478	961,501675	30,372602	29,433528	30,785250	29,641425	29,929578	-2,905461	1,034055	0,856938	164669,327299	-0,184710	7,110722	-0,019515	0,000000	2,043354	-0,124368	-0,124360	14,025471	0,054670	4,006741	1,806053
241,000000	7,705622	7,734798	1,124800	0,162697	1,931968	-1175,274354	3396,798349	-1310,776365	8,167326	963,172383	30,368877	29,433731	30,792042	29,638855	29,933775	-2,905398	1,035293	0,857112	164739,801380	-0,184351	7,110401	-0,019522	0,000000	2,043103	-0,124370	-0,124358	14,039992	0,054123	3,999430	1,807846
241,200000	7,705559	7,734460	1,128799	0,162685	1,932691	-1181,314222	3396,716352	-1304,718060	8,169788	962,570494	30,368846	29,432242	30,792493	29,638926	29,934631	-2,905630	1,033051	0,857688	164805,533378	-0,185022	7,110221	-0,019566	0,000000	2,043051	-0,124368	-0,124356	14,034931	0,054151	3,991683	1,807200
241,400000	7,705375	7,734115	1,126480	0,162510	1,933517	-1185,446534	3396,864297	-1304,645279	8,172244	960,312525	30,372741	29,433016	30,785666	29,638116	29,930680	-2,905699	1,030610	0,858034	164781,401466	-0,185817	7,110086	-0,019540	0,000000	2,042979	-0,124364	-0,124357	14,015383	0,054804	3,995703	1,804777
241,600000	7,704866	7,734080	1,122122	0,162482	1,934883	-1195,522957	3397,059167	-1317,500637	8,174247	958,739576	30,377423	29,436751	30,783337	29,638380	29,925817	-2,905709	1,031286	0,857847	164679,406054	-0,186464	7,109840	-0,019490	0,000000	2,043067	-0,124361	-0,124359	14,001733	0,055280	4,003679	1,803087
241,800000	7,704321	7,734354	1,124835	0,162584	1,938358	-1217,531141	3397,026759	-1333,380265	8,176155	958,580168	30,376981	29,438459	30,786979	29,640339	29,924982	-2,905745	1,033225	0,857563	164640,541215	-0,187059	7,109520	-0,019396	0,000000	2,043139	-0,124362	-0,124360	14,000517	0,055160	3,998533	1,802915
242,000000	7,704317	7,734282	1,127253	0,162571	1,939776	-1237,618955	3396,836916	-1344,373544	8,178008	958,778402	30,370439	29,437369	30,790207	29,639973	29,929876	-2,905618	1,033367	0,857355	164713,111424	-0,186315	7,109402	-0,019381	0,000000	2,042909	-0,124363	-0,124363	14,002740	0,054598	3,993944	1,803128
242,200000	7,704751	7,733805	1,127921	0,162636	1,938444	-1231,351339	3396,685231	-1343,471976	8,179899	958,837722	30,365603	29,435444	30,792003	29,637934	29,935359	-2,905378	1,030683	0,857307	164799,595868	-0,185267	7,109207	-0,019483	0,000000	2,042712	-0,124360	-0,124363	14,003800	0,054035	3,992412	1,803192
242,400000	7,705127	7,733547	1,130824	0,162467	1,939059	-1225,427038	3396,725966	-1340,904776	8,181693	958,826553	30,366996	29,433410	30,792855	29,639788	29,934270	-2,905254	1,028571	0,857303	164833,682821	-0,185628	7,108764	-0,019535	0,000000	2,042788	-0,124357	-0,124360	14,003756	0,053985	3,986642	1,803180
242,600000	7,705008	7,733586	1,131588	0,162184	1,943948	-1244,976104	3396,859627	-1354,125573	8,183442	958,857919	30,371347	29,432260	30,793004	29,644707	29,927011	-2,905287	1,028288	0,857184	164827,745519	-0,186829	7,108431	-0,019644	0,000000	2,043082	-0,124362	-0,124360	14,003533	0,054472	3,985061	1,803214
242,800000	7,704496	7,733707	1,128212	0,162356	1,947712	-1256,955902	3396,887043	-1371,541161	8,185701	959,761706	30,374816	29,432365	30,791870	29,644494	29,921794	-2,905354	1,028934	0,857271	164791,426599	-0,186439	7,108280	-0,019733	0,000000	2,043689	-0,124370	-0,124361	14,010876	0,054699	3,991339	1,804185
243,000000	7,704242	7,733896	1,121600	0,162805	1,946246	-1224,049719	3396,872731	-1365,352631	8,187994	960,923469	30,375303	29,434066	30,790110	29,639381	29,923231	-2,905458	1,029528	0,857437	164733,736723	-0,184744	7,108123	-0,019596	0,000000	2,044162	-0,124372	-0,124361	14,021050	0,054251	4,003739	1,805433
243,200000	7,704377	7,733922	1,118127	0,162512	1,943073	-1165,250249	3396,962059	-1340,116294	8,189815	960,263030	30,372840	29,436411	30,791137	29,635754	29,928654	-2,905555	1,030508	0,857401	164666,085888	-0,184192	7,107862	-0,019382	0,000000	2,043307	-0,124367	-0,124361	14,015955	0,053817	4,010153	1,804723
243,400000	7,704366	7,733697	1,125065	0,161780	1,939687	-1157,204692	3396,968415	-1322,795311	8,191707	958,914092	30,370464	29,436202	30,793363	29,635556	29,934069	-2,905552	1,032595	0,857366	164638,670722	-0,184768	7,107463	-0,019246	0,000000	2,041634	-0,124358	-0,124360	14,004663	0,053812	3,996758	1,803274
243,600000	7,704113	7,733551	1,137305	0,161989	1,935776	-1227,814993	3396,812591	-1332,753154	8,193728	958,549673	30,369039	29,434426	30,793987	29,638664	29,936735	-2,905529	1,034352	0,857394	164723,537540	-0,185728	7,107041	-0,019350	0,000000	2,041487	-0,124349	-0,124362	14,001487	0,053934	3,973586	1,802883
243,800000	7,704000	7,733593	1,138416	0,162489	1,933944	-1305,758336	3396,751549	-1368,822787	8,195712	957,809170	30,368216	29,434065	30,792024	29,643671	29,934928	-2,905496	1,036115	0,857185	164833,628393	-0,186000	7,106677	-0,019661	0,000000	2,042832	-0,124348	-0,124368	13,995108	0,054108	3,971316	1,802087
244,000000	7,703968	7,733531	1,126164	0,162907	1,937590	-1322,419712	3396,810038	-1406,763684	8,197805	956,724207	30,368475	29,434027	30,788509	29,644816	29,930604	-2,905516	1,037056	0,856749	164867,677267	-0,184704	7,106214	-0,019863	0,000000	2,043724	-0,124354	-0,124371	13,985955	0,054165	3,993878	1,800920
244,200000	7,703837	7,733267	1,118981	0,163418	1,941831	-1280,689490	3396,889435	-1419,984610	8,199873	957,320605	30,369366	29,433167	30,788603	29,639300	29,928331	-2,905553	1,036627	0,856917	164835,293925	-0,184228	7,105897	-0,019842	0,000000	2,043711	-0,124362	-0,124365	13,991239	0,053881	4,007137	1,801561
244,400000	7,703648	7,733105	1,123340	0,162960	1,939041	-1236,276962	3396,927427	-1401,013590	8,201680	958,600804	30,370182	29,432129	30,792480	29,633322	29,928908	-2,905526	1,035239	0,857767	164752,097712	-0,185920	7,105961	-0,019722	0,000000	2,043261	-0,124365	-0,124356	14,002402	0,053448	3,998933	1,802938
244,600000	7,703601	7,733043	1,130060	0,161991	1,934366	-1249,661058	3396,902354	-1388,890299	8,203273	958,932461	30,371112	29,432035	30,794678	29,633133	29,930998	-2,905602	1,033715	0,858252	164629,351197	-0,185955	7,106004	-0,019617	0,000000	2,042309	-0,124362	-0,124353	14,005492	0,053137	3,986336	1,803294
244,800000	7,703596	7,732856	1,134148	0,161641	1,934456	-1309,625660	3396,949911	-1409,473172	8,205031	958,810150	30,372110	29,433418	30,791573	29,638586	29,933697	-2,905660	1,032814	0,857851	164576,175865	-0,183999	7,105830	-0,019534	0,000000	2,041628	-0,124359	-0,124353	14,004448	0,053156	3,978453	1,803163
245,000000	7,703215	7,732763	1,135079	0,161877	1,937523	-1345,436623	3397,007523	-1428,435168	8,207039	958,722080	30,372083	29,435118	30,787607	29,643685	29,935621	-2,905627	1,031570	0,857123	164643,594084	-0,184409	7,105595	-0,019610	0,000000	2,042604	-0,124358	-0,124354	14,003457	0,053409	3,976470	1,803068
245,200000	7,703020	7,732772	1,130993	0,162337	1,938616	-1337,286610	3396,957834	-1434,500781	8,208983	958,721109	30,370634	29,435701	30,785631	29,643851	29,936715	-2,905608	1,031291	0,856764	164684,026345	-0,185860	7,105338	-0,019755	0,000000	2,043947	-0,124357	-0,124361	14,003295	0,053563	3,983924	1,803067
245,400000	7,703332	7,732618	1,124608	0,162583	1,938760	-1320,486520	3396,893224	-1446,216244	8,210754	958,733423	30,367395	29,435222	30,788961	29,641072	29,935586	-2,905513	1,032876	0,856616	164649,807917	-0,185426	7,105209	-0,019658	0,000000	2,043694	-0,124359	-0,124367	14,003429	0,053532	3,995812	1,803080
245,600000	7,703561	7,732447	1,125195	0,162373	1,939733	-1317,444047	3396,845462	-1456,687263	8,212357	958,737831	30,365322	29,434754	30,798021	29,638599	29,933638	-2,905380	1,035120	0,856469	164612,533922	-0,185108	7,105119	-0,019599	0,000000	2,042658	-0,124363	-0,124364	14,003511	0,053487	3,994702	1,803085
245,800000	7,703426	7,732388	1,130828	0,162333	1,938645	-1326,330414	3396,810036	-1456,764589	8,213968	959,629251	30,367463	29,434554	30,801123	29,637771	29,933795	-2,905502	1,035844	0,856710	164579,647536	-0,186257	7,104774	-0,019752	0,000000	2,042297	-0,124361	-0,124357	14,010932	0,053533	3,983961	1,804043
246,000000	7,702968	7,732304	1,130503	0,162902	1,936053	-1330,116797	3396,884340	-1452,727319	8,215891	960,854915	30,371909	29,435380	30,796065	29,638128	29,932333	-2,905759	1,034608	0,857191	164520,495141	-0,187247	7,104359	-0,019864	0,000000	2,042568	-0,124354	-0,124356	14,021075	0,053652	3,984219	1,805359
246,200000	7,702636	7,732233	1,121567	0,163215	1,934418	-1318,681090	3397,021962	-1453,344431	8,217927	960,241334	30,373400	29,436387	30,790286	29,638494	29,928864	-2,905628	1,034608	0,857166	164468,607599	-0,186366	7,104141	-0,019828	0,000000	2,042848	-0,124352	-0,124360	14,015953	0,053637	4,000765	1,804700
246,400000	7,702654	7,732463	1,112132	0,162951	1,934478	-1300,575774	3397,030218	-1463,990819	8,219766	958,868795	30,369413	29,435692	30,789239	29,638596	29,928782	-2,905265	1,036888	0,856869	164453,998610	-0,184699	7,104008	-0,019716	0,000000	2,043132	-0,124358	-0,124361	14,004657	0,053438	4,018673	1,803226
246,600000	7,702738	7,732765	1,114334	0,162487	1,932214	-1300,538642	3396,923305	-1475,238909	8,221576	958,465921	30,364662	29,434288	30,791222	29,638655	29,933067	-2,905172	1,037391	0,856835	164440,962677	-0,185010	7,103605	-0,019550	0,000000	2,043362	-0,124363	-0,124360	14,001486	0,053234	4,014443	1,802793
246,800000	7,702845	7,732625	1,125096	0,162169	1,927561	-1323,735069	3396,813273	-1469,911959	8,223467	958,570400	30,362733	29,432960	30,792498	29,638386	29,936533	-2,905277	1,034465	0,856897	164442,170622	-0,186095	7,103058	-0,019311	0,000000	2,043102	-0,124364	-0,124362	14,002526	0,053069	3,993763	1,802905
247,000000	7,702832	7,732079	1,131030	0,162222	1,925979	-1333,798519	3396,789279	-1448,284170	8,225329	958,717841	30,365699	29,432454	30,791514	29,638270	29,935105	-2,905315	1,033084	0,857145	164463,779812	-0,185766	7,102813	-0,019323	0,000000	2,042530	-0,124362	-0,124365	14,003531	0,053299	3,982244	1,803063
247,200000	7,702536	7,731501	1,129436	0,162210	1,926420	-1317,608811	3396,902375	-1428,879205	8,227010	958,804403	30,372313	29,433817	30,786507	29,640631	29,930537	-2,905349	1,034637	0,857643	164464,923924	-0,185800	7,102858	-0,019704	0,000000	2,042154	-0,124360	-0,124365	14,003699	0,053857	3,984902	1,803156
247,400000	7,702302	7,731120	1,123750	0,162377	1,925798	-1300,396419	3397,000156	-1425,410404	8,228634	958,808977	30,375149	29,435875	30,785866	29,643791	29,925850	-2,905464	1,036924	0,857796	164449,657143	-0,186219	7,102934	-0,019992	0,000000	2,042192	-0,124357	-0,124364	14,003564	0,054030	3,995410	1,803161
247,600000	7,702251	7,730982	1,117262	0,162827	1,925708	-1297,224079	3396,992037	-1437,165706	8,230441	957,885276	30,371409	29,437380	30,793510	29,640388	29,926493	-2,905569	1,038167	0,857557	164441,383652	-0,185636	7,102932	-0,019936	0,000000	2,042544	-0,124357	-0,124363	13,996064	0,053790	4,007676	1,802168
247,800000	7,702155	7,731102	1,115481	0,162409	1,928699	-1299,261787	3396,885957	-1450,871096	8,232189	956,646612	30,366163	29,437224	30,795636	29,632282	29,934159	-2,905628	1,038386	0,857281	164450,062863	-0,185274	7,103017	-0,019870	0,000000	2,042772	-0,124357	-0,124361	13,985902	0,053567	4,011185	1,800836
248,000000	7,702120	7,731364	1,119227	0,161539	1,932033	-1297,871228	3396,781493	-1450,639661	8,233970	957,274861	30,365055	29,435185	30,791696	29,630949	29,939545	-2,905610	1,038762	0,857220	164453,105461	-0,186238	7,103153	-0,019824	0,000000	2,042789	-0,124356	-0,124357	13,991032	0,053704	4,004264	1,801512
248,200000	7,702402	7,731263	1,122019	0,161841	1,931453	-1290,284725	3396,874402	-1435,231303	8,235993	957,827725	30,368045	29,434676	30,792549	29,637250	29,937320	-2,905495	1,036979	0,857605	164438,838444	-0,186981	7,102964	-0,019622	0,000000	2,042631	-0,124355	-0,124357	13,994918	0,054453	3,998858	1,802107
248,400000	7,702699	7,730771	1,121870	0,162890	1,928763	-1269,674952	3397,039606	-1410,982460	8,237905	956,199001	30,370889	29,437145	30,793491	29,643060	29,932035	-2,905427	1,034577	0,857783	164516,708176	-0,185546	7,102534	-0,019421	0,000000	2,042936	-0,124359	-0,124359	13,980515	0,055200	3,998649	1,800355
248,600000	7,702376	7,730584	1,122810	0,163336	1,927290	-1244,195022	3397,142776	-1380,800470	8,239623	954,579148	30,371418	29,438901	30,791766	29,643641	29,928115	-2,905423	1,033908	0,857325	164667,206739	-0,184603	7,102305	-0,019353	0,000000	2,043833	-0,124363	-0,124359	13,967015	0,055109	3,996616	1,798611
248,800000	7,701635	7,730671	1,124945	0,163286	1,926035	-1232,812874	3397,099531	-1358,048164	8,241367	954,256634	30,370672	29,436837	30,790770	29,639272	29,927136	-2,905360	1,032169	0,856852	164695,348366	-0,185678	7,102311	-0,019465	0,000000	2,043827	-0,124363	-0,124356	13,964846	0,054570	3,992657	1,798264
249,000000	7,701201	7,730668	1,122384	0,163015	1,923697	-1235,774207	3396,893914	-1358,501246	8,243248	954,432872	30,369852	29,432890	30,793611	29,633475	29,930727	-2,905295	1,030089	0,856816	164624,721015	-0,186060	7,102415	-0,019644	0,000000	2,042970	-0,124363	-0,124355	13,966688	0,054207	3,997626	1,798454
249,200000	7,701370	7,730475	1,117045	0,162282	1,924488	-1226,836150	3396,814349	-1361,952099	8,245232	954,557789	30,369528	29,431418	30,799591	29,632251	29,936065	-2,905322	1,030212	0,857321	164605,157197	-0,185697	7,102385	-0,019599	0,000000	2,042402	-0,124364	-0,124360	13,967794	0,054150	4,007706	1,798588
249,400000	7,701678	7,730309	1,116219	0,161883	1,927599	-1195,235788	3396,824400	-1343,664535	8,247157	954,587512	30,369841	29,432678	30,797937	29,638496	29,937855	-2,905489	1,029252	0,857752	164634,475717	-0,185953	7,102143	-0,019494	0,000000	2,042581	-0,124361	-0,124368	13,967842	0,054352	4,009019	1,798620
249,600000	7,701518	7,730449	1,122815	0,162608	1,927208	-1169,102929	3396,787703	-1315,317723	8,249027	954,601953	30,371741	29,434833	30,792855	29,645437	29,936513	-2,905614	1,026228	0,857398	164641,492329	-0,186228	7,101944	-0,019657	0,000000	2,043311	-0,124360	-0,124370	13,967643	0,054672	3,996411	1,798636
249,800000	7,701227	7,730631	1,131425	0,163699	1,924430	-1176,947990	3396,823247	-1297,310714	8,250895	953,745793	30,372838	29,437343	30,795408	29,645151	29,933944	-2,905443	1,025551	0,856784	164653,357920	-0,185260	7,101684	-0,019791	0,000000	2,044083	-0,124364	-0,124362	13,960143	0,054984	3,980196	1,797714
250,000000	7,701177	7,730689	1,129617	0,163818	1,925765	-1210,968084	3396,862322	-1306,463596	8,252706	951,652188	30,369758	29,435856	30,800419	29,638444	29,931944	-2,905246	1,024744	0,856609	164672,279579	-0,184326	7,101238	-0,019717	0,000000	2,043889	-0,124365	-0,124354	13,942576	0,054963	3,983439	1,795458
250,200000	7,701269	7,730528	1,121115	0,162791	1,932488	-1227,373688	3396,801487	-1335,757045	8,254509	951,014794	30,366660	29,430482	30,801715	29,632119	29,932995	-2,905326	1,022739	0,856757	164638,710629	-0,185216	7,100838	-0,019547	0,000000	2,042523	-0,124363	-0,124354	13,937553	0,054628	3,999206	1,794771
250,400000	7,701316	7,730167	1,118277	0,161987	1,935540	-1201,644490	3396,725308	-1345,547355	8,256300	952,933471	30,368488	29,428769	30,801045	29,631504	29,935901	-2,905480	1,023511	0,856899	164609,682233	-0,185886	7,100711	-0,019391	0,000000	2,041735	-0,124358	-0,124359	13,953971	0,054333	4,004343	1,796839
250,600000	7,701028	7,730038	1,122996	0,162317	1,934044	-1166,230419	3396,834025	-1318,926543	8,258042	953,741258	30,373171	29,431150	30,797160	29,635853	29,937536	-2,905555	1,025514	0,857085	164622,706259	-0,185768	7,100831	-0,019448	0,000000	2,042134	-0,124355	-0,124363	13,961022	0,054067	3,995363	1,797709
250,800000	7,700566	7,730145	1,129351	0,163263	1,935028	-1165,423907	3397,059252	-1291,678838	8,259866	951,882946	30,375030	29,433891	30,789395	29,640191	29,936647	-2,905645	1,027549	0,857256	164643,909529	-0,185815	7,100897	-0,019540	0,000000	2,043083	-0,124358	-0,124362	13,945577	0,053900	3,983378	1,795707
251,000000	7,700400	7,730076	1,126286	0,163655	1,936923	-1184,769439	3397,088493	-1292,230568	8,261697	950,167742	30,373355	29,435318	30,787487	29,641767	29,934844	-2,905548	1,028830	0,857327	164657,109793	-0,185680	7,100634	-0,019450	0,000000	2,043581	-0,124363	-0,124362	13,931073	0,053985	3,988900	1,793857
251,200000	7,700473	7,729961	1,120598	0,163184	1,934766	-1177,066653	3396,903921	-1298,194977	8,263345	950,770654	30,368786	29,434742	30,793794	29,640471	29,935669	-2,905294	1,030021	0,857145	164657,163410	-0,185957	7,100301	-0,019515	0,000000	2,043183	-0,124363	-0,124364	13,936154	0,053973	3,999456	1,794507
251,400000	7,700376	7,729908	1,122734	0,162827	1,930188	-1160,192027	3396,708334	-1296,524369	8,265032	953,063386	30,364528	29,431820	30,798660	29,637446	29,937894	-2,905330	1,031384	0,857210	164653,012543	-0,186039	7,100303	-0,019799	0,000000	2,042628	-0,124360	-0,124363	13,955707	0,053689	3,995511	1,796979
251,600000	7,700295	7,729650	1,122737	0,162728	1,929202	-1164,174478	3396,729598	-1296,306595	8,266971	953,779917	30,367042	29,430106	30,797267	29,635499	29,937596	-2,905564	1,030561	0,857988	164643,344082	-0,186237	7,100411	-0,019964	0,000000	2,042462	-0,124360	-0,124362	13,961937	0,053476	3,995451	1,797751
251,800000	7,700389	7,729265	1,120093	0,162494	1,929961	-1160,878290	3396,935081	-1297,023110	8,268977	951,845525	30,373249	29,433440	30,793896	29,635954	29,935397	-2,905624	1,029783	0,858334	164632,277361	-0,186810	7,100365	-0,020018	0,000000	2,042683	-0,124361	-0,124361	13,945576	0,053587	4,000144	1,795666
252,000000	7,700252	7,729072	1,121173	0,162588	1,927628	-1153,878248	3397,080298	-1299,718775	8,270884	951,005937	30,376126	29,437307	30,793519	29,637152	29,934092	-2,905512	1,030601	0,857930	164634,513338	-0,186259	7,100282	-0,020089	0,000000	2,042880	-0,124363	-0,124356	13,938310	0,053796	3,997914	1,794761
252,200000	7,699958	7,729133	1,127776	0,162940	1,926995	-1170,131696	3397,012816	-1297,523009	8,272696	952,809643	30,373349	29,437644	30,796343	29,637112	29,935145	-2,905426	1,031566	0,857556	164651,863221	-0,185537	7,100217	-0,020033	0,000000	2,042989	-0,124366	-0,124354	13,953663	0,053601	3,985526	1,796706
252,400000	7,699941	7,729210	1,133544	0,163054	1,932159	-1195,564946	3396,810763	-1292,396695	8,274480	954,489502	30,367673	29,436365	30,800377	29,635995	29,938316	-2,905351	1,031681	0,857428	164662,312865	-0,186637	7,100195	-0,019809	0,000000	2,043184	-0,124365	-0,124357	13,968177	0,053194	3,974838	1,798515
252,600000	7,700160	7,729159	1,129459	0,162806	1,937088	-1197,805738	3396,767689	-1291,754569	8,276175	954,756007	30,365583	29,435302	30,800811	29,635789	29,941819	-2,905276	1,032493	0,857358	164649,191208	-0,187660	7,100103	-0,019708	0,000000	2,043296	-0,124364	-0,124359	13,970534	0,053074	3,982411	1,798802
252,800000	7,700096	7,729039	1,122402	0,162051	1,936439	-1170,601369	3396,844626	-1290,467759	8,277771	954,539042	30,369434	29,434438	30,796572	29,638056	29,940814	-2,905375	1,034446	0,856988	164667,920040	-0,186186	7,099848	-0,019588	0,000000	2,043018	-0,124362	-0,124359	13,968562	0,053224	3,995417	1,798568
253,000000	7,699630	7,728881	1,120772	0,161790	1,934084	-1157,081436	3396,834201	-1298,331562	8,279669	955,289521	30,373385	29,433336	30,792722	29,641060	29,933535	-2,905590	1,035416	0,856524	164756,454376	-0,185251	7,099555	-0,019346	0,000000	2,042806	-0,124360	-0,124363	13,974790	0,053295	3,998217	1,799376
253,200000	7,699155	7,728755	1,122875	0,162558	1,933661	-1185,037703	3396,803069	-1324,079356	8,281777	957,367678	30,373586	29,432392	30,790696	29,641255	29,927678	-2,905638	1,034773	0,856481	164830,658641	-0,185621	7,099232	-0,019265	0,000000	2,043237	-0,124360	-0,124366	13,992312	0,053203	3,993999	1,801612
253,400000	7,699004	7,728717	1,124325	0,162673	1,933819	-1229,809181	3396,873648	-1353,161464	8,283533	957,988809	30,371295	29,433631	30,790936	29,637584	29,930159	-2,905447	1,033472	0,856721	164809,154246	-0,184139	7,098971	-0,019198	0,000000	2,043480	-0,124365	-0,124363	13,997567	0,053155	3,991095	1,802280
253,600000	7,699163	7,728708	1,125504	0,161940	1,933223	-1253,584538	3396,962735	-1368,177480	8,285197	956,029925	30,366972	29,436152	30,794188	29,633272	29,936718	-2,905282	1,033954	0,857120	164686,681250	-0,182963	7,098918	-0,019046	0,000000	2,042520	-0,124365	-0,124362	13,981243	0,053053	3,988855	1,800173
253,800000	7,699289	7,728676	1,127592	0,161956	1,933373	-1243,416881	3396,913413	-1362,121509	8,287104	955,174334	30,363878	29,436816	30,795915	29,632925	29,940385	-2,905351	1,035684	0,857723	164572,480060	-0,184830	7,099027	-0,019019	0,000000	2,041540	-0,124358	-0,124363	13,974182	0,052936	3,984999	1,799252
254,000000	7,699256	7,728583	1,131720	0,162098	1,934692	-1216,305698	3396,856340	-1337,423918	8,288910	957,045638	30,364219	29,435998	30,797278	29,637474	29,939705	-2,905523	1,037159	0,858249	164583,112429	-0,186573	7,099113	-0,019212	0,000000	2,042319	-0,124355	-0,124362	13,989604	0,053211	3,977313	1,801266
254,200000	7,699176	7,728391	1,134428	0,161773	1,934312	-1198,342771	3396,851556	-1314,559199	8,290525	958,847984	30,365746	29,434921	30,798642	29,642376	29,936081	-2,905521	1,036002	0,857973	164643,396628	-0,186145	7,098830	-0,019329	0,000000	2,043659	-0,124357	-0,124361	14,004103	0,053818	3,972049	1,803203
254,400000	7,699037	7,728166	1,131350	0,162149	1,934323	-1195,144582	3396,839291	-1305,975936	8,292150	958,280815	30,367151	29,434104	30,795395	29,641726	29,933070	-2,905280	1,031720	0,857202	164659,594084	-0,186001	7,098406	-0,019193	0,000000	2,043795	-0,124359	-0,124364	13,999023	0,054146	3,977416	1,802594
254,600000	7,698862	7,728160	1,129386	0,162977	1,937902	-1186,088791	3396,900875	-1301,249683	8,293774	955,920603	30,367414	29,433800	30,794122	29,635131	29,933517	-2,905103	1,029849	0,857182	164642,094798	-0,186318	7,098391	-0,019104	0,000000	2,043118	-0,124362	-0,124361	13,979473	0,053907	3,981063	1,800055
254,800000	7,698647	7,728224	1,129675	0,163201	1,942002	-1178,333544	3396,948517	-1299,484857	8,295507	955,123608	30,365481	29,433301	30,795699	29,629228	29,936799	-2,905191	1,031019	0,857611	164618,318994	-0,185815	7,098528	-0,019053	0,000000	2,042649	-0,124364	-0,124352	13,973243	0,053450	3,980657	1,799198
255,000000	7,698349	7,728107	1,126777	0,162714	1,940719	-1184,604604	3396,951847	-1308,058821	8,297558	957,076988	30,365217	29,432730	30,792826	29,630695	29,939990	-2,905371	1,030147	0,857725	164584,526895	-0,185155	7,098506	-0,019062	0,000000	2,042507	-0,124358	-0,124352	13,989604	0,053474	3,985988	1,801299
255,200000	7,698195	7,727872	1,126407	0,162419	1,935795	-1194,833325	3397,008117	-1325,435597	8,299714	957,989419	30,370223	29,433753	30,789010	29,637287	29,940446	-2,905512	1,025713	0,857459	164579,362657	-0,184496	7,098337	-0,019419	0,000000	2,042773	-0,124355	-0,124356	13,996869	0,053858	3,986415	1,802280
255,400000	7,698097	7,727571	1,130363	0,162813	1,935021	-1213,093809	3397,079332	-1342,403660	8,301589	956,158550	30,373588	29,436363	30,790947	29,642555	29,939350	-2,905579	1,024567	0,857585	164643,097218	-0,185068	7,098087	-0,019775	0,000000	2,043919	-0,124359	-0,124358	13,981516	0,053860	3,978720	1,800311
255,600000	7,698064	7,727469	1,134315	0,163135	1,937323	-1227,037702	3397,069660	-1343,541236	8,303205	954,402171	30,368537	29,437615	30,792770	29,643222	29,938376	-2,905547	1,030302	0,858090	164682,891736	-0,185552	7,097881	-0,019697	0,000000	2,044614	-0,124364	-0,124360	13,967002	0,053635	3,971195	1,798421
255,800000	7,698293	7,727543	1,136013	0,162945	1,938256	-1214,355358	3396,934753	-1326,952237	8,304892	954,088181	30,361185	29,436639	30,793967	29,639301	29,938481	-2,905465	1,035182	0,858222	164648,869885	-0,185397	7,097791	-0,019419	0,000000	2,043731	-0,124366	-0,124362	13,964646	0,053356	3,968049	1,798083
256,000000	7,698551	7,727444	1,133116	0,162731	1,938500	-1195,120057	3396,821616	-1316,773795	8,306695	955,166400	30,360043	29,435139	30,800231	29,634682	29,940656	-2,905316	1,035487	0,858137	164610,353256	-0,186570	7,097871	-0,019265	0,000000	2,042504	-0,124363	-0,124364	13,974034	0,053018	3,973543	1,799244
256,200000	7,698497	7,727196	1,130680	0,162422	1,940376	-1198,783983	3396,782554	-1322,363323	8,308557	956,538496	30,363104	29,434070	30,801565	29,633981	29,940296	-2,905279	1,034476	0,857789	164616,178555	-0,186946	7,097870	-0,019249	0,000000	2,042319	-0,124358	-0,124362	13,985382	0,053180	3,978007	1,800720
256,400000	7,697956	7,727064	1,129518	0,161861	1,942920	-1225,103221	3396,807406	-1343,007726	8,310725	955,996795	30,367210	29,434338	30,793776	29,636859	29,935435	-2,905441	1,034745	0,857527	164639,543378	-0,186384	7,097516	-0,019305	0,000000	2,043089	-0,124357	-0,124356	13,980320	0,053699	3,979814	1,800137
256,600000	7,697243	7,727055	1,125682	0,161956	1,942513	-1263,850152	3396,980971	-1383,895402	8,312975	954,626968	30,370100	29,436728	30,788591	29,637989	29,932032	-2,905483	1,035930	0,857500	164641,413554	-0,185854	7,097028	-0,019392	0,000000	2,043786	-0,124360	-0,124352	13,968810	0,053715	3,986621	1,798663
256,800000	7,696863	7,727042	1,123685	0,162782	1,941817	-1287,859119	3397,086613	-1419,264694	8,314816	954,201988	30,367400	29,438353	30,794430	29,635974	29,933212	-2,905388	1,035369	0,857471	164622,626898	-0,185090	7,096895	-0,019407	0,000000	2,043997	-0,124364	-0,124355	13,965548	0,053409	3,990347	1,798205
257,000000	7,697093	7,726936	1,128028	0,163491	1,942269	-1281,849757	3396,963251	-1419,234703	8,316404	954,323197	30,361697	29,436140	30,802567	29,634943	29,938410	-2,905334	1,033039	0,857604	164604,903882	-0,185659	7,096934	-0,019334	0,000000	2,043841	-0,124368	-0,124358	13,966596	0,053378	3,982308	1,798336
257,200000	7,697611	7,726702	1,134427	0,163695	1,940513	-1269,935647	3396,776132	-1395,063686	8,318147	954,453679	30,358726	29,431769	30,803417	29,636250	29,942798	-2,905404	1,031220	0,857779	164611,947710	-0,186790	7,096666	-0,019236	0,000000	2,043408	-0,124369	-0,124358	13,967622	0,053448	3,970176	1,798476
257,400000	7,697768	7,726579	1,134073	0,163530	1,936990	-1257,823779	3396,769354	-1376,654699	8,320010	954,494285	30,362315	29,430501	30,799837	29,637683	29,941243	-2,905590	1,031827	0,857971	164631,707371	-0,186680	7,096319	-0,019174	0,000000	2,042954	-0,124365	-0,124358	13,967796	0,053614	3,970553	1,798520
257,600000	7,697429	7,726496	1,125705	0,163088	1,936007	-1237,713485	3396,931038	-1375,564629	8,321790	955,386623	30,368694	29,432710	30,793810	29,639002	29,936031	-2,905740	1,033731	0,857746	164642,476573	-0,185531	7,095940	-0,019115	0,000000	2,042667	-0,124360	-0,124360	13,975077	0,053823	3,985833	1,799481
257,800000	7,697042	7,726304	1,120559	0,162751	1,938019	-1216,106977	3396,990598	-1374,837064	8,323815	957,452492	30,369103	29,433843	30,790549	29,638827	29,932629	-2,905723	1,034819	0,857270	164648,624687	-0,184555	7,095609	-0,019205	0,000000	2,042764	-0,124358	-0,124359	13,992568	0,053658	3,995179	1,801703
258,000000	7,696956	7,726439	1,124574	0,163092	1,937250	-1199,895542	3396,963275	-1359,016280	8,326011	958,893675	30,364147	29,434809	30,793595	29,634839	29,935457	-2,905546	1,034637	0,857321	164651,656999	-0,185385	7,095656	-0,019624	0,000000	2,043122	-0,124361	-0,124356	14,005023	0,053281	3,987739	1,803252
258,200000	7,697044	7,726630	1,126566	0,163162	1,934432	-1195,645521	3396,950811	-1343,504725	8,327952	959,016111	30,359877	29,435440	30,796800	29,631709	29,941949	-2,905451	1,032972	0,857337	164638,453530	-0,186178	7,095560	-0,019765	0,000000	2,043034	-0,124366	-0,124354	14,006200	0,053129	3,984069	1,803384
258,400000	7,697286	7,726288	1,125723	0,162657	1,934986	-1203,890874	3396,968688	-1343,913620	8,329893	958,800076	30,359078	29,435310	30,798189	29,634277	29,945493	-2,905498	1,028807	0,857289	164599,111663	-0,185953	7,094943	-0,019466	0,000000	2,042616	-0,124365	-0,124356	14,004196	0,053323	3,985167	1,803152
258,600000	7,697366	7,725800	1,129830	0,162597	1,938589	-1223,610467	3396,964547	-1354,499691	8,331946	958,734793	30,362439	29,436463	30,799150	29,640591	29,943334	-2,905482	1,024993	0,857379	164573,220469	-0,185890	7,094495	-0,019399	0,000000	2,042598	-0,124364	-0,124358	14,003225	0,053747	3,977000	1,803082
258,800000	7,696974	7,725585	1,128323	0,163072	1,939804	-1244,052953	3396,964921	-1366,465271	8,333896	958,792060	30,366489	29,437042	30,796344	29,644861	29,937326	-2,905414	1,026473	0,857170	164623,783596	-0,185829	7,094587	-0,019500	0,000000	2,043251	-0,124364	-0,124360	14,003259	0,054194	3,979727	1,803143
259,000000	7,696620	7,725559	1,120354	0,163492	1,938318	-1236,216653	3397,039156	-1371,625751	8,335695	957,956304	30,366332	29,436427	30,792291	29,642717	29,933253	-2,905341	1,030537	0,856904	164686,100759	-0,185835	7,094747	-0,019439	0,000000	2,043722	-0,124362	-0,124363	13,996044	0,054405	3,994727	1,802245
259,200000	7,696407	7,725494	1,123043	0,163493	1,938352	-1216,696443	3397,016252	-1364,959637	8,337529	956,747721	30,362842	29,435496	30,791718	29,635938	29,935507	-2,905229	1,034161	0,856738	164660,075363	-0,185544	7,094706	-0,019402	0,000000	2,043230	-0,124358	-0,124366	13,985954	0,054363	3,989616	1,800945
259,400000	7,696181	7,725333	1,131806	0,163170	1,937976	-1227,147591	3396,907049	-1356,508173	8,339556	957,336377	30,360361	29,433459	30,794499	29,629527	29,941643	-2,905175	1,035850	0,856964	164608,215351	-0,185971	7,094582	-0,019616	0,000000	2,042626	-0,124354	-0,124364	13,991056	0,054197	3,973127	1,801578
259,600000	7,696114	7,725078	1,131514	0,162503	1,935505	-1253,918617	3396,850913	-1359,954645	8,341489	958,638435	30,360444	29,432061	30,799536	29,630140	29,944769	-2,905276	1,035107	0,857554	164607,525726	-0,186766	7,094327	-0,019883	0,000000	2,042563	-0,124352	-0,124360	14,002334	0,053831	3,973499	1,802978
259,800000	7,696062	7,724797	1,127289	0,162312	1,934496	-1264,983710	3396,898033	-1372,877401	8,343166	959,851152	30,361694	29,433597	30,800418	29,638733	29,942733	-2,905444	1,034864	0,857754	164625,360149	-0,185704	7,093803	-0,019935	0,000000	2,042965	-0,124355	-0,124358	14,012920	0,053404	3,980963	1,804281
260,000000	7,695845	7,724826	1,126336	0,163190	1,936631	-1258,394747	3396,966647	-1385,015069	8,344976	961,804825	30,363564	29,436413	30,795667	29,644973	29,939478	-2,905507	1,034611	0,857740	164632,400529	-0,184781	7,093381	-0,019757	0,000000	2,043434	-0,124359	-0,124359	14,029458	0,053219	3,982424	1,806379
260,200000	7,695460	7,725231	1,125874	0,163632	1,937483	-1251,322224	3396,922298	-1388,442159	8,346983	963,171499	30,363166	29,437915	30,795265	29,642663	29,938334	-2,905452	1,033823	0,858050	164654,980797	-0,186625	7,093322	-0,019419	0,000000	2,043787	-0,124363	-0,124363	14,040913	0,053195	3,983416	1,807845
260,400000	7,695162	7,725399	1,123898	0,162895	1,933948	-1245,177315	3396,800380	-1383,817188	8,349004	963,290834	30,358830	29,435345	30,802312	29,635952	29,938922	-2,905413	1,033358	0,858321	164651,519601	-0,188793	7,093239	-0,019208	0,000000	2,043533	-0,124363	-0,124366	14,041908	0,053198	3,987283	1,807973
260,600000	7,695302	7,724980	1,120076	0,162315	1,931301	-1239,307958	3396,675161	-1384,483990	8,351019	963,071399	30,355708	29,429813	30,804628	29,630770	29,940102	-2,905425	1,033605	0,858007	164586,875272	-0,187955	7,092802	-0,019233	0,000000	2,042530	-0,124361	-0,124360	14,040032	0,053238	3,994142	1,807738
260,800000	7,695577	7,724491	1,119359	0,162648	1,932057	-1254,927208	3396,706538	-1400,470076	8,352841	962,982019	30,358605	29,427663	30,802481	29,630628	29,941252	-2,905384	1,034997	0,857911	164576,251626	-0,185856	7,092190	-0,019370	0,000000	2,042214	-0,124358	-0,124351	14,039145	0,053379	3,994925	1,807642
261,000000	7,695556	7,724447	1,124996	0,163241	1,931333	-1292,890887	3396,870633	-1419,032152	8,354479	963,020171	30,365238	29,430658	30,801708	29,635597	29,940441	-2,905465	1,034473	0,858041	164637,791579	-0,185096	7,091893	-0,019701	0,000000	2,042783	-0,124357	-0,124348	14,039184	0,053659	3,984084	1,807683
261,200000	7,695418	7,724545	1,129686	0,163458	1,928228	-1325,958885	3396,959554	-1426,512739	8,356272	962,176596	30,367247	29,435044	30,797279	29,641294	29,938263	-2,905695	1,032014	0,857197	164672,388264	-0,185056	7,091818	-0,019941	0,000000	2,043315	-0,124357	-0,124355	14,031955	0,053832	3,975192	1,806778
261,400000	7,695290	7,724410	1,129012	0,163392	1,928144	-1340,452292	3397,006922	-1431,632053	8,358247	960,082303	30,362107	29,437252	30,794191	29,641882	29,938704	-2,905671	1,032479	0,856403	164671,614077	-0,185515	7,091581	-0,019777	0,000000	2,043543	-0,124359	-0,124363	14,014441	0,053818	3,976186	1,804529
261,600000	7,695113	7,724264	1,125505	0,163580	1,930951	-1336,542952	3396,986530	-1440,941487	8,360015	959,501849	30,355270	29,436212	30,797120	29,638242	29,941778	-2,905498	1,035792	0,856715	164663,246910	-0,186572	7,091332	-0,019543	0,000000	2,043572	-0,124362	-0,124360	14,009385	0,054013	3,982596	1,803906
261,800000	7,694977	7,724144	1,119463	0,163917	1,931392	-1318,763295	3396,848440	-1450,874519	8,361692	961,491619	30,353110	29,431971	30,800624	29,635991	29,943618	-2,905434	1,037676	0,857519	164648,993038	-0,186465	7,091287	-0,019457	0,000000	2,043257	-0,124362	-0,124353	14,025781	0,054275	3,993978	1,806042
262,000000	7,695297	7,723984	1,113636	0,164002	1,928780	-1298,801882	3396,785084	-1453,293842	8,363640	962,327933	30,358118	29,429205	30,799528	29,636442	29,942413	-2,905406	1,038652	0,857968	164629,109150	-0,185049	7,091238	-0,019490	0,000000	2,042636	-0,124362	-0,124352	14,032829	0,054223	4,004918	1,806940
262,200000	7,695894	7,723962	1,115441	0,163904	1,925876	-1290,973874	3396,929771	-1448,749199	8,365629	960,475750	30,365064	29,433390	30,795600	29,637630	29,938343	-2,905407	1,040152	0,857915	164616,686239	-0,184607	7,090831	-0,019566	0,000000	2,042300	-0,124365	-0,124357	14,017389	0,054164	4,001150	1,804952
262,400000	7,695544	7,724044	1,121515	0,163222	1,925647	-1311,742218	3397,092386	-1452,306568	8,367531	958,744854	30,367424	29,438170	30,796712	29,638813	29,935230	-2,905488	1,039417	0,857793	164579,175735	-0,185071	7,090371	-0,019544	0,000000	2,042512	-0,124366	-0,124364	14,002886	0,054171	3,989416	1,803092
262,600000	7,694703	7,724061	1,123533	0,162405	1,925962	-1346,346616	3396,992921	-1464,261005	8,369397	957,564013	30,363127	29,437793	30,802553	29,639161	29,937681	-2,905550	1,036290	0,857627	164499,466912	-0,185791	7,090155	-0,019578	0,000000	2,042950	-0,124361	-0,124367	13,993133	0,054028	3,985592	1,801823
262,800000	7,694746	7,723979	1,119800	0,162564	1,925720	-1344,780476	3396,796343	-1468,180465	8,371309	955,689371	30,357033	29,435290	30,804846	29,637091	29,943690	-2,905452	1,033564	0,857608	164454,428721	-0,186661	7,089933	-0,019748	0,000000	2,043224	-0,124357	-0,124362	13,977534	0,053906	3,992516	1,799807
263,000000	7,695164	7,723934	1,113605	0,162912	1,926435	-1300,340579	3396,749286	-1457,451658	8,373301	954,368435	30,355028	29,433068	30,803050	29,634865	29,946622	-2,905366	1,032008	0,857522	164458,573378	-0,186376	7,089650	-0,019814	0,000000	2,043354	-0,124359	-0,124357	13,966263	0,054092	4,004050	1,798385
263,200000	7,695239	7,723837	1,112856	0,162855	1,926168	-1271,267246	3396,779361	-1443,069471	8,375242	954,274263	30,357725	29,432392	30,800674	29,637286	29,942494	-2,905464	1,030188	0,857175	164474,483813	-0,185619	7,089370	-0,019667	0,000000	2,043491	-0,124361	-0,124354	13,965152	0,054412	4,005245	1,798283
263,400000	7,694897	7,723516	1,117834	0,163135	1,924356	-1286,492086	3396,834063	-1433,945611	8,377101	955,377144	30,362170	29,433019	30,799788	29,641228	29,935006	-2,905618	1,030368	0,857205	164538,670154	-0,185916	7,089292	-0,019375	0,000000	2,043494	-0,124365	-0,124355	13,974366	0,054454	3,995614	1,799470
263,600000	7,694224	7,723269	1,120740	0,163516	1,923226	-1303,420106	3396,905460	-1427,940472	8,378887	957,549760	30,363982	29,434171	30,801251	29,640062	29,931066	-2,905654	1,033444	0,857419	164628,501116	-0,185680	7,089358	-0,019318	0,000000	2,043437	-0,124370	-0,124360	13,992823	0,054219	3,990064	1,801808
263,800000	7,693668	7,723354	1,119373	0,163372	1,924756	-1288,847690	3397,005497	-1420,938552	8,380636	958,130913	30,362790	29,435361	30,802509	29,634692	29,934398	-2,905577	1,034660	0,857382	164665,611449	-0,184392	7,089221	-0,019735	0,000000	2,043405	-0,124369	-0,124359	13,997839	0,054074	3,992601	1,802433
264,000000	7,693581	7,723466	1,117162	0,162859	1,925289	-1257,196141	3397,031672	-1402,997008	8,382434	956,165255	30,360667	29,434788	30,803252	29,631451	29,942418	-2,905472	1,033590	0,857267	164634,407785	-0,184573	7,088991	-0,019921	0,000000	2,042532	-0,124365	-0,124357	13,981244	0,054188	3,996712	1,800319
264,200000	7,693848	7,723226	1,114898	0,162731	1,922256	-1225,459696	3396,942362	-1374,336276	8,384433	954,428324	30,358970	29,433639	30,804240	29,633996	29,947641	-2,905401	1,032198	0,857189	164586,630812	-0,185700	7,088776	-0,019651	0,000000	2,041520	-0,124364	-0,124356	13,966712	0,054145	4,000789	1,798449
264,400000	7,694033	7,722852	1,114326	0,162964	1,920370	-1199,760863	3396,942012	-1349,832008	8,386462	955,023141	30,358420	29,433811	30,804975	29,639654	29,946611	-2,905435	1,031922	0,857207	164600,778029	-0,185530	7,088377	-0,019504	0,000000	2,042088	-0,124357	-0,124357	13,972009	0,053841	4,001483	1,799089
264,600000	7,693909	7,722656	1,118121	0,163019	1,920662	-1189,727921	3397,010066	-1332,751716	8,388404	956,478600	30,357954	29,434099	30,801910	29,642753	29,942092	-2,905502	1,033540	0,856901	164644,575387	-0,185433	7,087904	-0,019571	0,000000	2,043429	-0,124351	-0,124362	13,984229	0,053831	3,993909	1,800656
264,800000	7,693637	7,722554	1,119987	0,163218	1,920206	-1215,591495	3397,029824	-1333,137822	8,390498	956,032547	30,357654	29,433808	30,796406	29,638839	29,938484	-2,905398	1,034186	0,856594	164655,190592	-0,186530	7,087747	-0,019593	0,000000	2,043894	-0,124350	-0,124364	13,980290	0,054029	3,990189	1,800176
265,000000	7,693541	7,722498	1,118062	0,163084	1,919761	-1264,017224	3397,001856	-1362,648249	8,392701	954,689270	30,358637	29,433385	30,798135	29,631219	29,938192	-2,905196	1,032980	0,856859	164646,352085	-0,187524	7,087876	-0,019310	0,000000	2,043162	-0,124351	-0,124360	13,969025	0,054023	3,993891	1,798730
265,200000	7,693446	7,722434	1,117039	0,162112	1,922735	-1277,387558	3396,953063	-1392,985575	8,394680	955,159814	30,358859	29,433712	30,803573	29,628390	29,940364	-2,905225	1,032302	0,857125	164627,176949	-0,187092	7,087866	-0,019051	0,000000	2,042402	-0,124352	-0,124356	13,973050	0,053946	3,995855	1,799237
265,400000	7,693162	7,722179	1,114636	0,161551	1,926270	-1245,129548	3396,895543	-1390,767439	8,396324	957,367342	30,359174	29,433353	30,802743	29,632632	29,941979	-2,905366	1,033783	0,857247	164596,596885	-0,186245	7,087614	-0,019223	0,000000	2,042252	-0,124355	-0,124355	13,991578	0,053934	4,000134	1,801612
265,600000	7,692991	7,721876	1,113935	0,162010	1,924870	-1200,416906	3396,922485	-1358,518638	8,397890	958,105149	30,362804	29,433307	30,799267	29,639227	29,940847	-2,905372	1,035855	0,857462	164607,569577	-0,187057	7,087459	-0,019582	0,000000	2,042638	-0,124360	-0,124355	13,997637	0,054060	4,001189	1,802405
265,800000	7,692840	7,721898	1,121028	0,162700	1,921094	-1168,233473	3397,038771	-1315,247235	8,399625	956,194320	30,364522	29,435106	30,800409	29,643458	29,939623	-2,905452	1,037006	0,857759	164675,413858	-0,187118	7,087503	-0,019732	0,000000	2,043682	-0,124362	-0,124362	13,981413	0,054263	3,987825	1,800350
266,000000	7,692542	7,722115	1,126822	0,162990	1,920353	-1168,757260	3396,928110	-1288,808407	8,401545	954,465625	30,360301	29,434703	30,800357	29,641995	29,941077	-2,905475	1,036680	0,857772	164702,028814	-0,185833	7,087444	-0,019486	0,000000	2,044189	-0,124361	-0,124369	13,966814	0,054356	3,977028	1,798489
266,200000	7,692465	7,722195	1,125487	0,163016	1,923326	-1187,994004	3396,741925	-1286,061168	8,403498	955,099215	30,355562	29,433122	30,799659	29,636652	29,943401	-2,905240	1,034648	0,857392	164663,524156	-0,186066	7,087210	-0,019216	0,000000	2,043425	-0,124362	-0,124370	13,972013	0,054474	3,979444	1,799171
266,400000	7,692905	7,722140	1,121106	0,163164	1,925401	-1176,201989	3396,844933	-1281,392801	8,405431	957,447057	30,355267	29,435021	30,806533	29,633396	29,945330	-2,905186	1,032499	0,857408	164629,397467	-0,186325	7,086960	-0,019188	0,000000	2,042576	-0,124367	-0,124364	13,991628	0,054553	3,987565	1,801697
266,600000	7,693395	7,721985	1,114939	0,163153	1,926190	-1126,754834	3397,023332	-1270,318892	8,407203	959,065058	30,358536	29,438204	30,809039	29,634101	29,944752	-2,905503	1,031382	0,857809	164618,856175	-0,186317	7,086789	-0,019303	0,000000	2,042334	-0,124369	-0,124355	14,005275	0,054464	3,999022	1,803437
266,800000	7,693461	7,721615	1,114416	0,163122	1,927640	-1100,062412	3397,066004	-1265,958981	8,408859	959,190001	30,363494	29,438282	30,802484	29,635969	29,939545	-2,905619	1,033407	0,857797	164616,850763	-0,186737	7,086619	-0,019545	0,000000	2,042383	-0,124363	-0,124352	14,006477	0,054309	3,999659	1,803571
267,000000	7,693064	7,721179	1,118637	0,163443	1,927110	-1131,153968	3397,084617	-1272,607651	8,410756	958,889672	30,366277	29,438474	30,798529	29,636829	29,934762	-2,905378	1,036875	0,857496	164623,167892	-0,185900	7,086348	-0,019802	0,000000	2,042625	-0,124359	-0,124360	14,004249	0,054021	3,991278	1,803248
267,200000	7,692389	7,721197	1,117827	0,163395	1,923247	-1179,343154	3397,069628	-1290,368216	8,412782	958,724780	30,362132	29,438792	30,801087	29,638059	29,936437	-2,905273	1,037096	0,857455	164627,030139	-0,185598	7,086289	-0,019848	0,000000	2,042928	-0,124362	-0,124369	14,003191	0,053698	3,992811	1,803071
267,400000	7,692087	7,721492	1,115544	0,163193	1,920373	-1211,047972	3396,882525	-1315,696588	8,414658	958,711794	30,355454	29,434572	30,806894	29,638513	29,943549	-2,905304	1,034996	0,857355	164622,539895	-0,186536	7,086374	-0,019689	0,000000	2,042965	-0,124367	-0,124373	14,003236	0,053544	3,997438	1,803057
267,600000	7,692551	7,721456	1,119597	0,163242	1,921777	-1237,955194	3396,738332	-1340,670474	8,416406	957,868608	30,354395	29,431413	30,810046	29,637636	29,948205	-2,905281	1,032987	0,857195	164625,542326	-0,186674	7,086141	-0,019682	0,000000	2,042737	-0,124368	-0,124371	13,996042	0,053672	3,989728	1,802151
267,800000	7,692838	7,721232	1,124354	0,163069	1,922624	-1253,640783	3396,866151	-1353,528711	8,418290	955,806694	30,359649	29,433828	30,806629	29,638245	29,946214	-2,905350	1,030363	0,857855	164635,862383	-0,186944	7,085791	-0,019732	0,000000	2,042596	-0,124363	-0,124366	13,978541	0,053883	3,980412	1,799933
268,000000	7,692226	7,720993	1,122804	0,162946	1,921779	-1242,288174	3397,048252	-1350,877731	8,420459	954,335681	30,363997	29,436713	30,800858	29,639739	29,940490	-2,905456	1,028485	0,858366	164642,034814	-0,186958	7,085735	-0,019596	0,000000	2,042712	-0,124362	-0,124366	13,966065	0,054014	3,983063	1,798349
268,200000	7,691458	7,720884	1,120096	0,163208	1,924548	-1231,311862	3397,069382	-1352,295991	8,422704	955,081432	30,362619	29,435195	30,800735	29,638772	29,935556	-2,905403	1,029724	0,857719	164639,323684	-0,186520	7,085836	-0,019539	0,000000	2,042911	-0,124366	-0,124366	13,972299	0,054040	3,988179	1,799152
268,400000	7,691169	7,721127	1,118047	0,163588	1,929290	-1243,617061	3396,905012	-1367,097591	8,424597	956,518403	30,358146	29,431148	30,803976	29,634995	29,937741	-2,905337	1,031297	0,857060	164633,247356	-0,187023	7,085873	-0,019674	0,000000	2,042956	-0,124369	-0,124365	13,984463	0,053931	3,992270	1,800699
268,600000	7,691614	7,721178	1,117302	0,163225	1,930051	-1249,249589	3396,780847	-1375,942614	8,426267	956,030642	30,355483	29,430556	30,804139	29,633056	29,945915	-2,905364	1,031864	0,856934	164619,808463	-0,186987	7,085749	-0,019747	0,000000	2,042638	-0,124369	-0,124361	13,980320	0,053983	3,993639	1,800174
268,800000	7,692392	7,720735	1,117028	0,162460	1,926728	-1238,892685	3396,886484	-1376,524287	8,428199	954,695266	30,355815	29,434692	30,802929	29,635797	29,950037	-2,905304	1,032667	0,857451	164589,470454	-0,187148	7,085472	-0,019709	0,000000	2,042140	-0,124367	-0,124362	13,968990	0,054108	3,993725	1,798736
269,000000	7,692563	7,720291	1,118751	0,162475	1,925767	-1234,011305	3397,002690	-1373,659385	8,430210	955,179005	30,356573	29,438376	30,802217	29,640265	29,945354	-2,905190	1,034257	0,858070	164581,541307	-0,187367	7,085253	-0,019724	0,000000	2,042112	-0,124363	-0,124369	13,973031	0,054126	3,990089	1,799257
269,200000	7,692093	7,720257	1,123146	0,163009	1,928225	-1231,496597	3397,040241	-1358,323355	8,432151	956,527785	30,357216	29,437891	30,799770	29,641983	29,938201	-2,905255	1,037447	0,857894	164637,140735	-0,185701	7,085229	-0,019647	0,000000	2,043020	-0,124366	-0,124371	13,984161	0,054312	3,981770	1,800709
269,400000	7,691479	7,720557	1,120419	0,163049	1,928452	-1214,971997	3397,006663	-1337,166478	8,434104	956,057236	30,357486	29,434842	30,796276	29,639760	29,936253	-2,905451	1,039147	0,857612	164682,912533	-0,185052	7,085345	-0,019294	0,000000	2,043802	-0,124371	-0,124365	13,980065	0,054461	3,987092	1,800202
269,600000	7,691126	7,720674	1,114322	0,162719	1,926404	-1189,759909	3396,928317	-1326,501931	8,436020	954,710219	30,356500	29,432941	30,794327	29,635068	29,939796	-2,905548	1,037417	0,857429	164651,856531	-0,186181	7,085317	-0,019204	0,000000	2,043093	-0,124369	-0,124357	13,968955	0,054269	3,998633	1,798753
269,800000	7,691027	7,720453	1,115665	0,162509	1,925665	-1186,644474	3396,946637	-1329,007122	8,437812	954,299656	30,354543	29,434134	30,799121	29,631585	29,945342	-2,905486	1,034769	0,857233	164609,946580	-0,186594	7,085109	-0,019634	0,000000	2,041853	-0,124363	-0,124351	13,965651	0,054126	3,995922	1,798311
270,000000	7,691006	7,720232	1,121159	0,161945	1,927241	-1214,663740	3397,012147	-1338,793912	8,439573	954,418332	30,353316	29,435415	30,807201	29,633682	29,948581	-2,905501	1,033479	0,857406	164611,634526	-0,186989	7,084936	-0,020005	0,000000	2,041511	-0,124358	-0,124350	13,966606	0,054167	3,985457	1,798438
270,200000	7,691211	7,720041	1,119987	0,162001	1,928520	-1248,027173	3397,029255	-1354,738866	8,441490	953,641990	30,354715	29,434591	30,805168	29,638490	29,947525	-2,905685	1,033130	0,857487	164639,364643	-0,187491	7,084800	-0,020028	0,000000	2,042073	-0,124358	-0,124357	13,960188	0,054067	3,987482	1,797602
270,400000	7,691623	7,719826	1,117027	0,163200	1,930559	-1260,223219	3396,973296	-1370,570193	8,443313	951,553835	30,356585	29,434289	30,799662	29,639499	29,944289	-2,905566	1,032564	0,857354	164673,260196	-0,186515	7,084641	-0,019774	0,000000	2,043031	-0,124357	-0,124364	13,942795	0,053916	3,992803	1,795352
270,600000	7,691692	7,719826	1,119072	0,163574	1,933876	-1242,817090	3396,907167	-1366,241695	8,445011	950,953323	30,354926	29,434235	30,802228	29,637011	29,941371	-2,905266	1,032507	0,857237	164698,939749	-0,185872	7,084672	-0,019576	0,000000	2,043827	-0,124356	-0,124366	13,937625	0,054038	3,989001	1,794704
270,800000	7,691274	7,719930	1,120750	0,162785	1,934033	-1197,587392	3396,808998	-1337,154484	8,446933	952,910849	30,351341	29,431490	30,806305	29,634280	29,940586	-2,905228	1,031003	0,857317	164670,269822	-0,186818	7,084876	-0,019508	0,000000	2,043600	-0,124359	-0,124364	13,953955	0,054160	3,986095	1,796815
271,000000	7,690808	7,719879	1,121497	0,162338	1,930767	-1156,346746	3396,744974	-1307,840104	8,449043	953,729652	30,351142	29,428620	30,807247	29,633021	29,942039	-2,905244	1,027792	0,857626	164596,517957	-0,187424	7,084793	-0,019501	0,000000	2,042288	-0,124364	-0,124363	13,961001	0,053990	3,984671	1,797697
271,200000	7,690367	7,719748	1,119572	0,162411	1,928750	-1150,656681	3396,913810	-1292,623771	8,451050	952,774149	30,355245	29,429837	30,809332	29,634258	29,943985	-2,905280	1,027970	0,857975	164585,352816	-0,187205	7,084469	-0,019787	0,000000	2,041707	-0,124366	-0,124357	13,952990	0,053975	3,988061	1,796667
271,400000	7,690073	7,719726	1,114992	0,162617	1,929997	-1157,527312	3397,079155	-1289,080857	8,452917	952,291766	30,358901	29,433534	30,807593	29,635947	29,944278	-2,905507	1,032071	0,858149	164638,594443	-0,186419	7,084213	-0,019930	0,000000	2,042697	-0,124364	-0,124350	13,948650	0,054263	3,996476	1,796147
271,600000	7,689943	7,719834	1,110202	0,162985	1,929581	-1162,752988	3397,049851	-1305,165000	8,454933	951,439017	30,357827	29,435274	30,799220	29,636584	29,943087	-2,905734	1,034854	0,857738	164663,172815	-0,186018	7,084079	-0,019629	0,000000	2,043587	-0,124363	-0,124354	13,941198	0,054549	4,005392	1,795228
271,800000	7,690035	7,719833	1,110990	0,163280	1,926882	-1190,424371	3396,956004	-1331,601503	8,457021	950,340591	30,353479	29,434436	30,798216	29,636772	29,944225	-2,905638	1,034299	0,857371	164654,255270	-0,186179	7,083998	-0,019394	0,000000	2,043808	-0,124366	-0,124361	13,931877	0,054634	4,003847	1,794044
272,000000	7,690270	7,719719	1,119464	0,163311	1,926810	-1243,604386	3396,858641	-1354,180548	8,458789	950,972990	30,347983	29,434197	30,806694	29,636397	29,948228	-2,905411	1,033620	0,857577	164646,789072	-0,185582	7,083886	-0,019428	0,000000	2,043937	-0,124366	-0,124360	13,937309	0,054520	3,987830	1,794726
272,200000	7,690399	7,719540	1,122829	0,162886	1,929322	-1292,845488	3396,801208	-1384,064576	8,460460	952,315913	30,345197	29,434318	30,811187	29,635333	29,949783	-2,905370	1,033414	0,857721	164642,505896	-0,185881	7,083799	-0,019480	0,000000	2,043402	-0,124361	-0,124359	13,948559	0,054557	3,981432	1,796173
272,400000	7,690403	7,719123	1,120431	0,162712	1,930776	-1313,315376	3396,897846	-1407,442158	8,462359	951,832451	30,349339	29,435072	30,807056	29,633691	29,945893	-2,905396	1,032426	0,857813	164634,205811	-0,187311	7,083740	-0,019457	0,000000	2,042670	-0,124359	-0,124364	13,944235	0,054819	3,985647	1,795652
272,600000	7,689980	7,718795	1,123566	0,162968	1,930474	-1287,581248	3397,078998	-1395,647935	8,464310	951,409637	30,355810	29,437691	30,802847	29,633590	29,941123	-2,905475	1,032067	0,857907	164622,950417	-0,186637	7,083659	-0,019414	0,000000	2,042718	-0,124362	-0,124365	13,940434	0,055065	3,979474	1,795196
272,800000	7,689363	7,718936	1,126418	0,162770	1,930851	-1245,160837	3397,075564	-1367,620823	8,466162	953,104655	30,357556	29,439473	30,803302	29,635288	29,941484	-2,905567	1,032896	0,857833	164630,695397	-0,185051	7,083719	-0,019331	0,000000	2,043078	-0,124361	-0,124361	13,954711	0,055031	3,974215	1,797023
273,000000	7,689006	7,719092	1,124162	0,163020	1,932113	-1255,038305	3396,931812	-1368,577927	8,467953	954,650137	30,352939	29,438642	30,803705	29,635387	29,945347	-2,905449	1,034122	0,857808	164649,119583	-0,185458	7,083869	-0,019307	0,000000	2,043226	-0,124363	-0,124358	13,968148	0,054571	3,978609	1,798688
273,200000	7,688955	7,718841	1,124412	0,163997	1,933093	-1310,408279	3396,812077	-1402,965456	8,469744	954,849614	30,346948	29,436086	30,802686	29,634082	29,949372	-2,905235	1,034247	0,857573	164653,613825	-0,186052	7,083645	-0,019382	0,000000	2,043042	-0,124367	-0,124356	13,970318	0,054075	3,977921	1,798903
273,400000	7,689046	7,718550	1,121461	0,163767	1,933833	-1344,775323	3396,739503	-1440,898876	8,471493	953,739762	30,345591	29,434166	30,801753	29,635001	29,951484	-2,905242	1,033914	0,857109	164653,387246	-0,185455	7,083157	-0,019398	0,000000	2,042955	-0,124364	-0,124358	13,961071	0,054005	3,983063	1,797708
273,600000	7,688925	7,718488	1,114819	0,162661	1,934444	-1341,249963	3396,753911	-1466,588431	8,473430	951,569708	30,349439	29,432426	30,800279	29,638616	29,948025	-2,905414	1,032468	0,857017	164645,728942	-0,185463	7,083002	-0,019276	0,000000	2,043379	-0,124360	-0,124363	13,942395	0,054450	3,995468	1,795369
273,800000	7,688679	7,718464	1,116019	0,163071	1,933699	-1344,166990	3396,815549	-1483,714216	8,475629	951,027277	30,353791	29,431539	30,798999	29,640313	29,941177	-2,905473	1,029932	0,857342	164617,694329	-0,186839	7,083195	-0,019136	0,000000	2,043841	-0,124356	-0,124365	13,937304	0,054981	3,993295	1,794784
274,000000	7,688649	7,718533	1,120375	0,164341	1,929862	-1376,086606	3396,900467	-1499,221642	8,477471	953,028519	30,354826	29,433355	30,800132	29,636900	29,938001	-2,905479	1,031785	0,857561	164559,009199	-0,187500	7,083232	-0,019230	0,000000	2,043943	-0,124356	-0,124359	13,953915	0,055188	3,985130	1,796941
274,200000	7,688920	7,718789	1,122372	0,164149	1,927400	-1415,008862	3396,950259	-1515,548334	8,478909	953,861148	30,352772	29,435396	30,802418	29,632172	29,941919	-2,905524	1,035727	0,857509	164481,733414	-0,186214	7,082830	-0,019432	0,000000	2,043295	-0,124362	-0,124354	13,961049	0,055046	3,981271	1,797838
274,400000	7,689055	7,718747	1,122318	0,162587	1,929159	-1435,094422	3396,900903	-1534,538654	8,480384	951,959417	30,349289	29,436438	30,804756	29,630918	29,947892	-2,905519	1,031005	0,857283	164414,017812	-0,185145	7,082283	-0,019463	0,000000	2,041968	-0,124363	-0,124355	13,945599	0,054522	3,981063	1,795789
274,600000	7,688680	7,718371	1,118934	0,161735	1,930454	-1418,391087	3396,840108	-1540,754239	8,482108	951,065102	30,347945	29,435861	30,805805	29,632831	29,949679	-2,905516	1,019521	0,857115	164392,216754	-0,185876	7,082042	-0,019579	0,000000	2,041443	-0,124362	-0,124357	13,938492	0,054111	3,987138	1,794825
274,800000	7,688309	7,718270	1,116600	0,161762	1,927848	-1369,135821	3396,811635	-1516,313830	8,484034	952,022328	30,349107	29,433222	30,803350	29,636904	29,948007	-2,905518	1,017896	0,857352	164424,712379	-0,186461	7,082142	-0,019644	0,000000	2,042132	-0,124361	-0,124360	13,946309	0,054340	3,991550	1,795857
275,000000	7,688208	7,718209	1,117536	0,161939	1,924111	-1322,891270	3396,859551	-1479,518006	8,486044	951,693329	30,350281	29,431650	30,800723	29,640055	29,945007	-2,905500	1,026190	0,857600	164455,614003	-0,185291	7,082067	-0,019446	0,000000	2,043089	-0,124359	-0,124365	13,943172	0,054712	3,989701	1,795502
275,200000	7,688126	7,717848	1,119247	0,162971	1,923831	-1312,467208	3396,913477	-1459,295258	8,488175	950,495465	30,350831	29,432388	30,800906	29,637812	29,942788	-2,905438	1,032377	0,857167	164447,493170	-0,184835	7,081757	-0,019368	0,000000	2,043621	-0,124363	-0,124367	13,933065	0,054749	3,986130	1,794211
275,400000	7,687943	7,717635	1,119980	0,163504	1,925169	-1326,857550	3396,879866	-1458,499484	8,490135	950,100321	30,349903	29,433649	30,803599	29,632909	29,944025	-2,905378	1,034760	0,857036	164384,674296	-0,186206	7,081664	-0,019430	0,000000	2,043377	-0,124371	-0,124361	13,929944	0,054546	3,984620	1,793784
275,600000	7,687787	7,717572	1,116574	0,162619	1,926215	-1332,649517	3396,879585	-1463,289682	8,491725	950,152163	30,347591	29,434500	30,805917	29,630543	29,947322	-2,905449	1,032763	0,857592	164276,416186	-0,187183	7,081655	-0,019652	0,000000	2,042776	-0,124371	-0,124354	13,930770	0,054156	3,991022	1,793840
275,800000	7,687982	7,717340	1,109203	0,161880	1,928084	-1319,762382	3396,898115	-1468,313296	8,493282	950,239713	30,347111	29,433888	30,804125	29,632981	29,948855	-2,905522	1,028828	0,857488	164210,811349	-0,186859	7,081574	-0,020006	0,000000	2,042432	-0,124366	-0,124355	13,931686	0,053976	4,004809	1,793935
276,000000	7,688121	7,717179	1,105064	0,161943	1,929739	-1313,348089	3397,002679	-1478,017447	8,495077	950,305581	30,349986	29,434640	30,800521	29,637900	29,947452	-2,905486	1,028320	0,857024	164246,516249	-0,185786	7,081594	-0,020083	0,000000	2,043041	-0,124362	-0,124359	13,931863	0,054354	4,012566	1,794006
276,200000	7,687856	7,717183	1,108843	0,162640	1,927784	-1328,739297	3397,126757	-1486,696212	8,497077	950,349572	30,350923	29,437588	30,798633	29,639905	29,945135	-2,905319	1,030613	0,857038	164315,405140	-0,185731	7,081622	-0,019744	0,000000	2,044020	-0,124358	-0,124363	13,931749	0,054838	4,005325	1,794053
276,400000	7,687540	7,717172	1,115274	0,163737	1,922606	-1346,297563	3396,964539	-1482,914484	8,499211	950,350722	30,346500	29,437629	30,799530	29,637905	29,945688	-2,905254	1,032963	0,857306	164324,265700	-0,186746	7,081428	-0,019361	0,000000	2,043810	-0,124358	-0,124364	13,931672	0,054924	3,993036	1,794054
276,600000	7,687440	7,717106	1,118750	0,164596	1,919967	-1340,528474	3396,740211	-1464,841151	8,501292	949,447673	30,341422	29,434955	30,804377	29,634650	29,949147	-2,905326	1,034422	0,857701	164277,368421	-0,187281	7,081175	-0,019346	0,000000	2,042815	-0,124366	-0,124360	13,924249	0,054751	3,986410	1,793080
276,800000	7,687523	7,717021	1,119100	0,164411	1,920165	-1305,095088	3396,718590	-1434,246210	8,503115	948,236117	30,341809	29,432650	30,808345	29,632683	29,950594	-2,905449	1,032737	0,858145	164247,916810	-0,187041	7,081006	-0,019505	0,000000	2,042265	-0,124366	-0,124356	13,914104	0,054701	3,985699	1,791772
277,000000	7,687355	7,716847	1,116290	0,163608	1,919192	-1260,063874	3396,840514	-1398,054833	8,504724	948,867093	30,347893	29,431852	30,806047	29,632546	29,945895	-2,905689	1,028722	0,858146	164251,231812	-0,186324	7,080646	-0,019564	0,000000	2,042232	-0,124361	-0,124355	13,919226	0,054889	3,990693	1,792453
277,200000	7,686872	7,716536	1,114116	0,163184	1,917510	-1224,368863	3396,965466	-1366,669368	8,506463	950,231365	30,354523	29,432084	30,801240	29,633265	29,937944	-2,905702	1,027887	0,857751	164255,821141	-0,186137	7,080144	-0,019641	0,000000	2,042264	-0,124359	-0,124357	13,930522	0,055070	3,994307	1,793926
277,400000	7,686399	7,716424	1,115419	0,162885	1,917590	-1199,764850	3397,033974	-1343,431763	8,508490	950,586530	30,354885	29,433374	30,802248	29,634345	29,936684	-2,905429	1,029998	0,857407	164254,402059	-0,186554	7,079921	-0,019754	0,000000	2,042640	-0,124361	-0,124357	13,933694	0,054886	3,991664	1,794309
277,600000	7,686293	7,716601	1,117753	0,162915	1,918454	-1186,317094	3396,997152	-1325,430097	8,510369	950,408473	30,347111	29,434656	30,809431	29,634389	29,944075	-2,905227	1,032347	0,857303	164247,587642	-0,186670	7,079997	-0,019867	0,000000	2,043419	-0,124358	-0,124356	13,932653	0,054429	3,987464	1,794117
277,800000	7,686546	7,716653	1,118771	0,163429	1,918544	-1193,127280	3396,806642	-1317,517380	8,512136	950,223449	30,340643	29,433156	30,812103	29,633212	29,951285	-2,905279	1,033278	0,857715	164251,565802	-0,186298	7,079992	-0,019903	0,000000	2,043841	-0,124355	-0,124358	13,931648	0,053878	3,985622	1,793917
278,000000	7,686685	7,716412	1,115836	0,163223	1,920785	-1208,390378	3396,704540	-1329,272737	8,514043	950,158979	30,342864	29,431077	30,807069	29,633476	29,952470	-2,905419	1,032353	0,858232	164272,348724	-0,186339	7,079856	-0,019790	0,000000	2,043668	-0,124357	-0,124362	13,931480	0,053503	3,990929	1,793848
278,200000	7,686728	7,715912	1,112352	0,162532	1,925363	-1208,656248	3396,792049	-1342,956239	8,515768	949,325939	30,349129	29,432431	30,801708	29,635820	29,948953	-2,905486	1,032286	0,858091	164285,186353	-0,186584	7,079675	-0,019685	0,000000	2,043094	-0,124355	-0,124362	13,924198	0,053778	3,997093	1,792949
278,400000	7,686599	7,715531	1,115566	0,162351	1,928659	-1202,533879	3396,969441	-1338,512098	8,517408	948,203486	30,352755	29,435610	30,799241	29,637767	29,943046	-2,905545	1,033245	0,857660	164279,245861	-0,185530	7,079465	-0,019652	0,000000	2,042653	-0,124355	-0,124357	13,914122	0,054407	3,990649	1,791737
278,600000	7,686204	7,715665	1,123062	0,162545	1,928762	-1206,733307	3397,106113	-1325,681173	8,519385	948,840970	30,352552	29,436746	30,799570	29,636078	29,939153	-2,905560	1,033609	0,857476	164265,590033	-0,184758	7,079575	-0,019634	0,000000	2,042738	-0,124359	-0,124353	13,919242	0,054653	3,976663	1,792425
278,800000	7,685938	7,716011	1,125884	0,162815	1,928948	-1215,375252	3397,076104	-1315,958653	8,521377	950,158188	30,349640	29,436031	30,802308	29,631681	29,944263	-2,905551	1,033431	0,857243	164290,583320	-0,186250	7,079896	-0,019629	0,000000	2,042949	-0,124364	-0,124350	13,930525	0,054452	3,971765	1,793847
279,000000	7,685854	7,716139	1,123397	0,163077	1,932013	-1218,344601	3396,950590	-1317,304762	8,523094	950,489864	30,346157	29,434295	30,804354	29,630772	29,953894	-2,905536	1,034083	0,857062	164364,322247	-0,187198	7,079865	-0,019711	0,000000	2,042858	-0,124364	-0,124350	13,933691	0,054075	3,976512	1,794205
279,200000	7,685772	7,715996	1,121077	0,163345	1,933248	-1223,289859	3396,784267	-1328,731537	8,524908	950,356570	30,346002	29,433125	30,803737	29,635161	29,956334	-2,905489	1,034278	0,857276	164410,172271	-0,185571	7,079316	-0,019815	0,000000	2,042435	-0,124361	-0,124355	13,932652	0,053993	3,980496	1,794061
279,400000	7,685705	7,715844	1,122798	0,163525	1,931077	-1228,641023	3396,728900	-1335,208462	8,526762	950,302955	30,348210	29,434521	30,803707	29,639697	29,950806	-2,905433	1,032713	0,857279	164438,367996	-0,184737	7,078433	-0,019775	0,000000	2,042529	-0,124358	-0,124361	13,931648	0,054547	3,976683	1,794003
279,600000	7,685683	7,715763	1,126349	0,163613	1,928976	-1222,884722	3396,869368	-1329,120102	8,528548	950,356824	30,349135	29,435474	30,806383	29,639939	29,943467	-2,905376	1,031681	0,857024	164492,301507	-0,186122	7,077785	-0,019755	0,000000	2,043477	-0,124360	-0,124363	13,931480	0,055167	3,969659	1,794061
279,800000	7,685521	7,715691	1,125429	0,163356	1,928964	-1201,623243	3396,979244	-1315,253157	8,530490	950,385072	30,348870	29,434393	30,807139	29,636659	29,940337	-2,905391	1,031599	0,857425	164497,652332	-0,186714	7,077912	-0,019843	0,000000	2,043853	-0,124364	-0,124361	13,931615	0,055270	3,971443	1,794092
280,000000	7,685404	7,715605	1,125547	0,162981	1,929416	-1178,765221	3397,044657	-1302,680022	8,532479	950,366198	30,348146	29,434487	30,805850	29,632568	29,944699	-2,905402	1,031574	0,857914	164446,451215	-0,186128	7,078287	-0,019751	0,000000	2,042930	-0,124369	-0,124357	13,931698	0,055029	3,971374	1,794071
280,200000	7,685533	7,715656	1,126115	0,162676	1,929298	-1181,274455	3397,048665	-1305,601375	8,534303	950,374714	30,347958	29,435219	30,806140	29,630092	29,951270	-2,905331	1,030492	0,857858	164429,970841	-0,186461	7,078013	-0,019687	0,000000	2,042206	-0,124369	-0,124353	13,931702	0,055096	3,970176	1,794080
280,400000	7,685538	7,715875	1,121581	0,162296	1,932429	-1200,131673	3396,948647	-1326,612243	8,536113	950,419657	30,348970	29,434592	30,806587	29,632251	29,953128	-2,905528	1,028467	0,857654	164454,896119	-0,186905	7,077481	-0,019967	0,000000	2,042572	-0,124363	-0,124354	13,931687	0,055489	3,978480	1,794129
280,600000	7,685155	7,715859	1,119512	0,162770	1,937342	-1218,381841	3396,882313	-1347,730291	8,538143	950,447723	30,350607	29,434637	30,805156	29,637584	29,950540	-2,905798	1,026223	0,857525	164465,775458	-0,186235	7,077183	-0,020196	0,000000	2,043086	-0,124356	-0,124359	13,931681	0,055731	3,982173	1,794159
280,800000	7,684766	7,715731	1,121169	0,163908	1,937796	-1230,171657	3396,885763	-1355,704591	8,540149	950,446212	30,351505	29,436408	30,804063	29,640589	29,947320	-2,905589	1,026648	0,857567	164487,500723	-0,186183	7,076852	-0,020042	0,000000	2,043540	-0,124359	-0,124361	13,931682	0,055718	3,978777	1,794157
281,000000	7,684641	7,715669	1,121441	0,164001	1,935251	-1235,305587	3396,865222	-1359,117246	8,542028	951,296228	30,348530	29,436395	30,808147	29,638495	29,946474	-2,905398	1,030710	0,857548	164527,063191	-0,186944	7,076573	-0,019696	0,000000	2,043790	-0,124368	-0,124358	13,939100	0,055446	3,978136	1,795074
281,200000	7,684621	7,715351	1,122006	0,163093	1,935379	-1259,126232	3396,702276	-1376,337707	8,543842	953,339266	30,342855	29,432129	30,812923	29,633192	29,948069	-2,905470	1,033006	0,857646	164487,770478	-0,186678	7,076501	-0,019461	0,000000	2,042945	-0,124370	-0,124357	13,956676	0,055037	3,977011	1,797276
281,400000	7,684759	7,714925	1,126593	0,162805	1,937151	-1293,834942	3396,603714	-1396,647243	8,545509	955,668494	30,341800	29,428496	30,813080	29,629811	29,949449	-2,905379	1,033419	0,857914	164402,799534	-0,186210	7,076544	-0,019593	0,000000	2,041845	-0,124367	-0,124358	13,976553	0,054712	3,968307	1,799784
281,600000	7,684751	7,714685	1,128907	0,163235	1,936001	-1294,800382	3396,748528	-1398,852556	8,547395	957,902077	30,347837	29,430674	30,813635	29,631864	29,949282	-2,905280	1,033505	0,858002	164396,347688	-0,187352	7,076525	-0,020027	0,000000	2,042134	-0,124360	-0,124359	13,995291	0,054704	3,963849	1,802187
281,800000	7,684413	7,714625	1,123872	0,163533	1,934119	-1258,899183	3396,951592	-1388,030065	8,549589	959,176510	30,352898	29,434899	30,812627	29,636347	29,948142	-2,905419	1,033917	0,857789	164454,499969	-0,188061	7,076300	-0,020187	0,000000	2,043328	-0,124351	-0,124358	14,005740	0,054933	3,973028	1,803556
282,000000	7,684327	7,714736	1,120252	0,163752	1,934038	-1220,514414	3397,010162	-1369,484086	8,551608	959,214721	30,351817	29,436259	30,806786	29,638741	29,946947	-2,905467	1,035661	0,857473	164490,197572	-0,187150	7,076156	-0,019942	0,000000	2,043957	-0,124352	-0,124359	14,005932	0,055061	3,979690	1,803597
282,200000	7,684690	7,714963	1,124771	0,164122	1,933768	-1185,993636	3396,938321	-1336,206503	8,553377	958,955703	30,348224	29,436965	30,804459	29,638099	29,948315	-2,905225	1,037333	0,857220	164468,629046	-0,186796	7,076038	-0,019742	0,000000	2,043787	-0,124362	-0,124359	14,003957	0,054867	3,971219	1,803319
282,400000	7,685074	7,715052	1,129753	0,164170	1,931219	-1145,071310	3396,901872	-1291,516716	8,555128	958,848214	30,344081	29,437760	30,808258	29,635534	29,952638	-2,905109	1,037240	0,857175	164435,138555	-0,187110	7,075732	-0,019724	0,000000	2,043309	-0,124365	-0,124360	14,003189	0,054734	3,961831	1,803203
282,600000	7,685066	7,714970	1,127932	0,163358	1,929072	-1118,982226	3396,813079	-1257,474426	8,557067	958,902724	30,343455	29,436043	30,809734	29,633902	29,954369	-2,905276	1,034034	0,857378	164432,770223	-0,186938	7,075602	-0,019693	0,000000	2,043036	-0,124361	-0,124362	14,003292	0,055087	3,965157	1,803262
282,800000	7,684544	7,714921	1,127065	0,162544	1,930790	-1125,661235	3396,759139	-1251,581141	8,559021	958,975766	30,349761	29,433779	30,806798	29,635024	29,952024	-2,905480	1,031182	0,857264	164440,866193	-0,186481	7,075508	-0,019641	0,000000	2,043215	-0,124357	-0,124362	14,003481	0,055511	3,966691	1,803341
283,000000	7,684107	7,714890	1,128957	0,162614	1,933441	-1150,955526	3396,940728	-1265,532821	8,560653	958,120666	30,355345	29,434557	30,805414	29,637421	29,948516	-2,905557	1,030939	0,857318	164440,730325	-0,186761	7,075128	-0,019641	0,000000	2,043350	-0,124359	-0,124360	13,996113	0,055714	3,962907	1,802422
283,200000	7,684294	7,714916	1,128281	0,163013	1,935437	-1168,849952	3397,051090	-1278,343924	8,562366	956,013250	30,353498	29,436596	30,807602	29,637798	29,945664	-2,905570	1,030725	0,857543	164446,986097	-0,186583	7,074789	-0,019662	0,000000	2,043023	-0,124360	-0,124358	13,978519	0,055638	3,963991	1,800155
283,400000	7,684666	7,714910	1,126216	0,163589	1,938364	-1166,275253	3396,994918	-1282,488099	8,564437	955,369199	30,347492	29,436983	30,810186	29,635548	29,946829	-2,905477	1,029608	0,857399	164452,331379	-0,185606	7,074732	-0,019719	0,000000	2,042663	-0,124355	-0,124360	13,973460	0,055293	3,967836	1,799462
283,600000	7,684815	7,714648	1,123682	0,164088	1,941404	-1154,944147	3396,915907	-1286,987831	8,566438	957,289260	30,343391	29,435720	30,811056	29,633734	29,952525	-2,905222	1,027294	0,857504	164444,199677	-0,186150	7,074680	-0,019660	0,000000	2,042741	-0,124356	-0,124362	13,989871	0,054987	3,972454	1,801528
283,800000	7,684821	7,714182	1,122002	0,163609	1,941236	-1160,036832	3396,853176	-1298,290748	8,568267	959,001324	30,344481	29,433842	30,811098	29,635232	29,956003	-2,905105	1,024761	0,857724	164448,353065	-0,186667	7,074485	-0,019401	0,000000	2,042962	-0,124363	-0,124359	14,004343	0,054863	3,975304	1,803368
284,000000	7,684597	7,713753	1,124029	0,162824	1,937991	-1188,272958	3396,888649	-1314,432361	8,570284	959,251208	30,350036	29,434105	30,810378	29,638455	29,951231	-2,905205	1,025217	0,857902	164464,674374	-0,185477	7,074354	-0,019235	0,000000	2,043215	-0,124363	-0,124360	14,006477	0,054822	3,971225	1,803637
284,200000	7,684101	7,713611	1,130763	0,162766	1,936292	-1210,550506	3396,950901	-1323,615889	8,572501	959,000173	30,354565	29,435543	30,808327	29,638956	29,943980	-2,905323	1,029659	0,857911	164469,172689	-0,185246	7,074413	-0,019314	0,000000	2,043639	-0,124359	-0,124364	14,004432	0,054764	3,958589	1,803367
284,400000	7,683828	7,713788	1,133291	0,163100	1,936599	-1209,548881	3397,023004	-1320,283242	8,574471	958,834830	30,353945	29,435981	30,805987	29,636236	29,943642	-2,905371	1,033557	0,857378	164475,067982	-0,186439	7,074569	-0,019481	0,000000	2,043888	-0,124364	-0,124360	14,003258	0,054553	3,954026	1,803189
284,600000	7,684058	7,714006	1,132860	0,163076	1,936698	-1198,914427	3397,053671	-1313,379546	8,576110	958,779552	30,350161	29,436824	30,805869	29,632392	29,948705	-2,905409	1,033624	0,856839	164454,115767	-0,186200	7,074311	-0,019617	0,000000	2,043382	-0,124370	-0,124354	14,003225	0,054123	3,954769	1,803130
284,800000	7,684296	7,714010	1,136070	0,162719	1,937146	-1193,712137	3396,924094	-1306,139229	8,577881	958,778145	30,347706	29,436371	30,808202	29,630278	29,953066	-2,905458	1,032786	0,856841	164369,490530	-0,185228	7,073709	-0,019724	0,000000	2,042214	-0,124367	-0,124354	14,003442	0,053893	3,948525	1,803128
285,000000	7,684225	7,713750	1,136051	0,162462	1,940151	-1198,295442	3396,798865	-1307,251069	8,579922	958,826120	30,348210	29,434801	30,810093	29,632174	29,954078	-2,905446	1,032976	0,857461	164286,640358	-0,186107	7,073563	-0,019825	0,000000	2,041903	-0,124360	-0,124357	14,003529	0,054209	3,948406	1,803180
285,200000	7,684069	7,713289	1,132918	0,162271	1,944139	-1209,575695	3396,820389	-1324,642142	8,581836	958,876930	30,348953	29,434693	30,809245	29,637756	29,950999	-2,905400	1,033993	0,857966	164270,711552	-0,186461	7,073585	-0,019804	0,000000	2,042861	-0,124357	-0,124356	14,003519	0,054645	3,954002	1,803234
285,400000	7,683733	7,713157	1,128074	0,162894	1,944247	-1226,238270	3396,911829	-1349,403973	8,583625	958,877105	30,349348	29,434690	30,806665	29,641070	29,946845	-2,905418	1,033202	0,857834	164328,677319	-0,184975	7,073338	-0,019639	0,000000	2,043657	-0,124355	-0,124359	14,003498	0,054667	3,962775	1,803235
285,600000	7,683169	7,713353	1,125431	0,164204	1,943184	-1246,444869	3396,937512	-1371,727713	8,585425	959,735532	30,350143	29,434601	30,806514	29,636982	29,945954	-2,905364	1,030639	0,857737	164412,821269	-0,185037	7,073287	-0,019525	0,000000	2,043677	-0,124357	-0,124364	14,010910	0,054446	3,967765	1,804157
285,800000	7,682795	7,713269	1,126775	0,164197	1,943770	-1262,482405	3396,956066	-1389,353701	8,587088	961,812450	30,349410	29,434921	30,810478	29,631167	29,948552	-2,905226	1,030447	0,857995	164432,719411	-0,186422	7,073415	-0,019627	0,000000	2,043343	-0,124363	-0,124361	14,028487	0,054254	3,965337	1,806387
286,000000	7,682656	7,713099	1,128310	0,163329	1,943158	-1265,775209	3396,999509	-1395,787642	8,588781	962,391996	30,347184	29,433973	30,814117	29,630143	29,952302	-2,905354	1,032321	0,858152	164341,800868	-0,186594	7,073401	-0,019834	0,000000	2,042910	-0,124365	-0,124354	14,033531	0,054058	3,962451	1,807009
286,200000	7,682806	7,712926	1,131976	0,163293	1,939852	-1267,495402	3396,968476	-1392,707879	8,590596	960,439435	30,347260	29,432697	30,810642	29,634269	29,954715	-2,905560	1,034314	0,857881	164257,322795	-0,186060	7,073249	-0,019849	0,000000	2,042373	-0,124357	-0,124354	14,017118	0,054131	3,955442	1,804913
286,400000	7,683006	7,712736	1,137668	0,163778	1,937026	-1288,063149	3396,997089	-1395,261500	8,592318	959,646130	30,349470	29,434112	30,803474	29,639286	29,954178	-2,905410	1,034741	0,857656	164297,979057	-0,186423	7,073028	-0,019796	0,000000	2,042696	-0,124351	-0,124362	14,010066	0,054541	3,944581	1,804061
286,600000	7,682808	7,712837	1,139794	0,164082	1,939224	-1318,465515	3397,069730	-1409,839502	8,594042	961,518151	30,348928	29,436498	30,803192	29,640579	29,952459	-2,905206	1,034376	0,857749	164350,915894	-0,186825	7,072995	-0,019838	0,000000	2,043982	-0,124357	-0,124367	14,025508	0,054770	3,940652	1,806071
286,800000	7,682602	7,712923	1,132725	0,163520	1,943112	-1325,621666	3397,046923	-1430,168737	8,595933	963,244871	30,344772	29,436822	30,808622	29,637663	29,952731	-2,905186	1,034161	0,857642	164320,188628	-0,185761	7,073052	-0,019698	0,000000	2,044155	-0,124363	-0,124364	14,040013	0,054709	3,953860	1,807924
287,000000	7,682573	7,712603	1,127209	0,162605	1,943840	-1293,416627	3396,920233	-1431,747038	8,597773	963,514047	30,342400	29,435236	30,813517	29,632577	29,953928	-2,905086	1,032914	0,857567	164263,195097	-0,185091	7,072872	-0,019458	0,000000	2,043093	-0,124365	-0,124358	14,042349	0,054623	3,963955	1,808212
287,200000	7,682685	7,712244	1,129772	0,162873	1,942732	-1245,940510	3396,859886	-1401,664721	8,599380	962,364833	30,344298	29,433898	30,815838	29,630138	29,953692	-2,905075	1,032268	0,857682	164239,739273	-0,185564	7,072633	-0,019324	0,000000	2,042471	-0,124365	-0,124354	14,032954	0,054407	3,958935	1,806980
287,400000	7,682829	7,712083	1,133447	0,163608	1,941848	-1225,246031	3397,000103	-1368,736813	8,600994	960,125054	30,346964	29,434620	30,811268	29,633154	29,950615	-2,905258	1,033923	0,857360	164243,584151	-0,185923	7,072497	-0,019180	0,000000	2,042585	-0,124359	-0,124353	14,014191	0,054426	3,951891	1,804575
287,600000	7,682664	7,711827	1,135580	0,163578	1,939869	-1250,444805	3397,056816	-1367,898822	8,602920	959,581453	30,350259	29,435738	30,806282	29,637043	29,945446	-2,905373	1,036452	0,856839	164246,547378	-0,185896	7,072409	-0,019165	0,000000	2,042869	-0,124353	-0,124354	14,009097	0,054968	3,947698	1,803991
287,800000	7,682202	7,711633	1,133351	0,163693	1,937916	-1292,456315	3397,008485	-1395,990030	8,604912	961,595419	30,351540	29,436183	30,810369	29,637569	29,944844	-2,905363	1,035947	0,856665	164251,161451	-0,185850	7,072419	-0,019290	0,000000	2,042976	-0,124352	-0,124361	14,025723	0,055201	3,951790	1,806154
288,000000	7,681723	7,711797	1,126848	0,164087	1,940457	-1307,215366	3396,938823	-1424,048232	8,606644	962,402279	30,346095	29,435169	30,816505	29,636913	29,950726	-2,905338	1,031741	0,856957	164256,410882	-0,186471	7,072572	-0,019460	0,000000	2,043259	-0,124356	-0,124363	14,032865	0,054810	3,964134	1,807020
288,200000	7,681743	7,711978	1,121140	0,163711	1,943681	-1283,346434	3396,780351	-1433,406626	8,608391	961,394568	30,340293	29,432366	30,817080	29,635813	29,956001	-2,905442	1,027336	0,857334	164262,907560	-0,186350	7,072623	-0,019677	0,000000	2,043621	-0,124363	-0,124358	14,024831	0,054413	3,974963	1,805938
288,400000	7,682030	7,711742	1,119098	0,163226	1,941022	-1243,779538	3396,757698	-1422,864570	8,610228	961,767994	30,342480	29,431451	30,812019	29,633442	29,955906	-2,905491	1,025851	0,857453	164271,990034	-0,185539	7,072350	-0,019699	0,000000	2,043433	-0,124365	-0,124352	14,027881	0,054488	3,978480	1,806339
288,600000	7,681767	7,711358	1,120688	0,163123	1,934495	-1219,794474	3396,896504	-1402,690734	8,611900	963,021411	30,349609	29,433634	30,807371	29,633565	29,952191	-2,905395	1,027756	0,857718	164266,149300	-0,185765	7,072023	-0,019545	0,000000	2,043168	-0,124363	-0,124353	14,037998	0,054855	3,975046	1,807684
288,800000	7,681208	7,711324	1,127608	0,163203	1,930637	-1231,657466	3397,002116	-1387,654140	8,613655	963,416067	30,353274	29,435473	30,806710	29,636375	29,947599	-2,905287	1,030568	0,857951	164258,162497	-0,185597	7,071926	-0,019445	0,000000	2,043292	-0,124360	-0,124360	14,041140	0,055013	3,962006	1,808107
289,000000	7,681064	7,711548	1,134025	0,163728	1,931132	-1274,740775	3397,030176	-1388,962641	8,615632	962,390597	30,351793	29,435717	30,808109	29,635188	29,945888	-2,905257	1,033243	0,857359	164264,226351	-0,185282	7,071863	-0,019482	0,000000	2,043391	-0,124360	-0,124366	14,032902	0,054675	3,950168	1,807007
289,200000	7,681572	7,711747	1,131847	0,163758	1,932284	-1300,280615	3397,001651	-1396,861935	8,617498	960,994303	30,348513	29,434981	30,812744	29,629393	29,951008	-2,905311	1,035115	0,856568	164261,071997	-0,185778	7,071733	-0,019521	0,000000	2,043179	-0,124359	-0,124362	14,021826	0,054068	3,954294	1,805509
289,400000	7,682237	7,711662	1,126346	0,163209	1,933313	-1273,423129	3396,939677	-1395,225479	8,619195	961,583552	30,345398	29,434050	30,817181	29,627612	29,958995	-2,905376	1,035598	0,856647	164243,335312	-0,186191	7,071620	-0,019361	0,000000	2,042789	-0,124356	-0,124362	14,026763	0,054062	3,964498	1,806141
289,600000	7,682063	7,711229	1,122315	0,163292	1,934283	-1228,012930	3396,884043	-1382,224508	8,620869	963,016841	30,344091	29,434065	30,815487	29,632583	29,961709	-2,905431	1,035175	0,856969	164224,913310	-0,186652	7,071340	-0,019188	0,000000	2,042565	-0,124354	-0,124366	14,038174	0,054641	3,971655	1,807679
289,800000	7,681190	7,710924	1,120133	0,163742	1,933666	-1206,324736	3396,843625	-1364,211580	8,622628	962,547649	30,345417	29,433111	30,811239	29,637695	29,956372	-2,905437	1,034435	0,857026	164265,094516	-0,186581	7,071044	-0,019168	0,000000	2,042861	-0,124359	-0,124363	14,034006	0,054885	3,975396	1,807176
290,000000	7,680742	7,710841	1,122428	0,163836	1,930266	-1211,139940	3396,865742	-1355,804516	8,624399	960,307711	30,347641	29,431091	30,808542	29,638392	29,948851	-2,905476	1,034667	0,857193	164349,473633	-0,185898	7,071030	-0,019286	0,000000	2,043332	-0,124365	-0,124359	14,015397	0,054749	3,971041	1,804771
290,200000	7,680790	7,710796	1,127224	0,163928	1,927911	-1230,210401	3397,026293	-1358,712509	8,626074	959,553972	30,348666	29,432352	30,806335	29,635073	29,947084	-2,905491	1,035220	0,857234	164347,226660	-0,185504	7,071116	-0,019535	0,000000	2,043352	-0,124367	-0,124359	14,009337	0,054498	3,962065	1,803962
290,400000	7,680689	7,710764	1,128870	0,164263	1,929964	-1258,684687	3397,116042	-1369,948951	8,627769	961,448259	30,348165	29,435709	30,809350	29,629473	29,951393	-2,905379	1,036182	0,856995	164281,702854	-0,185116	7,071157	-0,019614	0,000000	2,043045	-0,124367	-0,124357	14,025576	0,054117	3,959003	1,805996
290,600000	7,680658	7,710501	1,124676	0,163738	1,931748	-1281,193262	3397,042050	-1388,365466	8,629429	962,284556	30,347687	29,436338	30,815982	29,626286	29,955945	-2,905346	1,037479	0,857080	164248,626701	-0,185149	7,071089	-0,019394	0,000000	2,042583	-0,124363	-0,124352	14,032763	0,053927	3,966742	1,806893
290,800000	7,680928	7,710220	1,119734	0,162505	1,930430	-1262,024916	3397,001133	-1393,836383	8,631055	960,467989	30,348053	29,435501	30,815742	29,630149	29,957274	-2,905530	1,037961	0,857648	164262,608996	-0,185964	7,070991	-0,019333	0,000000	2,042461	-0,124360	-0,124352	14,017405	0,054084	3,975820	1,804944
291,000000	7,681004	7,710303	1,120207	0,162316	1,929048	-1211,356352	3396,991044	-1372,402648	8,632825	958,766332	30,349335	29,435565	30,811017	29,637299	29,956177	-2,905676	1,038487	0,857906	164288,662284	-0,185956	7,071174	-0,019512	0,000000	2,042889	-0,124361	-0,124357	14,002905	0,054332	3,975010	1,803115
291,200000	7,680807	7,710420	1,122557	0,163118	1,929279	-1188,832251	3397,002138	-1343,183067	8,634667	958,504035	30,349925	29,436446	30,810063	29,640263	29,954380	-2,905584	1,038912	0,857418	164310,049679	-0,185531	7,071303	-0,019563	0,000000	2,043498	-0,124363	-0,124362	14,000554	0,054485	3,970708	1,802834
291,400000	7,680697	7,710253	1,123044	0,163702	1,928223	-1204,826108	3396,947898	-1334,340039	8,636453	957,855825	30,346678	29,435629	30,815324	29,635768	29,952594	-2,905494	1,037646	0,856887	164363,581296	-0,186424	7,070981	-0,019426	0,000000	2,043900	-0,124367	-0,124363	13,995107	0,054500	3,969621	1,802137
291,600000	7,680734	7,710034	1,122195	0,163525	1,926178	-1212,319777	3396,765923	-1339,950271	8,638177	955,899138	30,343585	29,432419	30,819892	29,628347	29,951839	-2,905466	1,034650	0,857047	164410,692898	-0,186685	7,070519	-0,019169	0,000000	2,043334	-0,124366	-0,124360	13,978720	0,054479	3,970951	1,800032
291,800000	7,680645	7,709894	1,121607	0,162867	1,927216	-1187,466260	3396,701246	-1334,655602	8,640061	954,411995	30,345823	29,430917	30,818126	29,625971	29,952639	-2,905368	1,032049	0,857552	164424,721571	-0,185372	7,070464	-0,018938	0,000000	2,042353	-0,124361	-0,124356	13,966314	0,054406	3,971955	1,798431
292,000000	7,680348	7,709769	1,121865	0,162653	1,929694	-1163,509104	3396,842798	-1316,854657	8,642165	954,246809	30,351078	29,432519	30,812149	29,629940	29,952233	-2,905284	1,029107	0,857816	164440,119229	-0,185069	7,070760	-0,018887	0,000000	2,042341	-0,124359	-0,124355	13,964939	0,054394	3,971481	1,798254
292,200000	7,680195	7,709690	1,123227	0,163159	1,930002	-1170,467325	3397,045209	-1306,008021	8,644185	955,388722	30,353394	29,435889	30,804601	29,634941	29,950601	-2,905377	1,027396	0,857841	164455,995896	-0,185653	7,070821	-0,019180	0,000000	2,043197	-0,124360	-0,124361	13,974277	0,054640	3,968787	1,799483
292,400000	7,680205	7,709696	1,126687	0,163440	1,929565	-1186,874406	3397,095368	-1303,617087	8,646082	957,607737	30,350574	29,437937	30,803540	29,636071	29,951150	-2,905389	1,030578	0,857668	164464,928574	-0,185759	7,070655	-0,019596	0,000000	2,043696	-0,124363	-0,124365	13,992832	0,054696	3,962194	1,801870
292,600000	7,680049	7,709808	1,127510	0,163272	1,931940	-1187,897972	3396,977850	-1299,586784	8,647896	958,155711	30,346970	29,436542	30,811391	29,634222	29,954668	-2,905097	1,034635	0,857456	164463,414978	-0,186774	7,070525	-0,019558	0,000000	2,043526	-0,124362	-0,124363	13,997860	0,054261	3,960761	1,802459
292,800000	7,679848	7,709772	1,128117	0,163554	1,935654	-1189,117778	3396,857152	-1296,726766	8,649637	956,136415	30,345488	29,433034	30,817668	29,632255	29,958591	-2,904964	1,036171	0,857490	164458,047866	-0,188295	7,070411	-0,019287	0,000000	2,042918	-0,124361	-0,124362	13,981250	0,053940	3,959680	1,800288
293,000000	7,679939	7,709491	1,130252	0,164102	1,935878	-1197,701012	3396,789949	-1302,126895	8,651462	955,313239	30,347103	29,430130	30,815149	29,630687	29,958302	-2,905098	1,035186	0,857879	164453,257890	-0,187552	7,070300	-0,019266	0,000000	2,042194	-0,124358	-0,124363	13,974127	0,054157	3,955524	1,799402
293,200000	7,680031	7,709325	1,124851	0,164146	1,934182	-1194,161577	3396,903489	-1317,395365	8,653448	957,205048	30,351316	29,431757	30,810693	29,630027	29,952992	-2,905217	1,033950	0,858355	164437,762644	-0,185810	7,070311	-0,019388	0,000000	2,042300	-0,124356	-0,124361	13,989582	0,054569	3,965434	1,801437
293,400000	7,679766	7,709426	1,116155	0,163884	1,933419	-1180,197065	3397,106960	-1330,136720	8,655437	958,947452	30,354420	29,436322	30,812077	29,631188	29,948684	-2,905337	1,035199	0,858314	164420,954670	-0,185875	7,070373	-0,019458	0,000000	2,043015	-0,124358	-0,124358	14,004105	0,054649	3,981776	1,803310
293,600000	7,679331	7,709609	1,114523	0,163811	1,931511	-1174,874444	3397,159213	-1336,063042	8,657238	958,292382	30,352302	29,437850	30,817851	29,632234	29,949885	-2,905444	1,036654	0,857705	164424,136497	-0,186791	7,070243	-0,019463	0,000000	2,043195	-0,124361	-0,124359	13,999028	0,054237	3,984918	1,802606
293,800000	7,679215	7,709579	1,117620	0,164155	1,926698	-1191,830738	3397,046261	-1342,967518	8,659011	955,902856	30,345715	29,436916	30,821740	29,630798	29,954911	-2,905434	1,035638	0,857285	164436,727545	-0,186622	7,069872	-0,019426	0,000000	2,042889	-0,124362	-0,124362	13,979474	0,053757	3,978928	1,800036
294,000000	7,679497	7,709326	1,121492	0,164400	1,923330	-1230,217255	3396,869552	-1358,440091	8,660906	954,262084	30,341429	29,436272	30,819334	29,630025	29,959754	-2,905368	1,032388	0,857278	164445,259289	-0,185975	7,069571	-0,019362	0,000000	2,042702	-0,124359	-0,124362	13,965825	0,053636	3,971355	1,798270
294,200000	7,679523	7,708956	1,127253	0,163899	1,924702	-1272,850913	3396,854421	-1376,343375	8,662640	955,052648	30,343656	29,436123	30,815024	29,634150	29,958719	-2,905296	1,030113	0,857509	164458,871693	-0,186612	7,069647	-0,019309	0,000000	2,042856	-0,124354	-0,124361	13,972028	0,054070	3,960413	1,799121
294,400000	7,679145	7,708618	1,130794	0,163379	1,927521	-1280,291136	3396,976228	-1371,593969	8,664324	957,481873	30,350110	29,436282	30,812119	29,639993	29,951414	-2,905212	1,030201	0,857789	164473,380924	-0,187580	7,069858	-0,019326	0,000000	2,043289	-0,124355	-0,124361	13,991827	0,054645	3,953752	1,801735
294,600000	7,678847	7,708597	1,126095	0,163493	1,928568	-1233,143659	3397,107487	-1349,545840	8,666196	958,203943	30,353432	29,436059	30,809199	29,639336	29,946258	-2,905182	1,032148	0,857746	164470,405751	-0,187153	7,069972	-0,019450	0,000000	2,043406	-0,124360	-0,124361	13,997929	0,054596	3,962514	1,802511
294,800000	7,678728	7,708784	1,120405	0,163964	1,928755	-1170,223464	3397,232719	-1326,980890	8,667829	957,075841	30,350536	29,436007	30,809092	29,632538	29,948328	-2,905208	1,034888	0,857535	164458,449858	-0,185932	7,070136	-0,019538	0,000000	2,043189	-0,124362	-0,124358	13,988889	0,054179	3,973329	1,801298
295,000000	7,678554	7,708882	1,124437	0,164193	1,930042	-1127,039391	3397,207516	-1291,330815	8,669345	957,410353	30,346260	29,436202	30,813291	29,627832	29,954545	-2,905194	1,035494	0,857227	164421,459616	-0,185259	7,070226	-0,019513	0,000000	2,042620	-0,124362	-0,124357	13,991771	0,054102	3,965932	1,801658
295,200000	7,678302	7,708772	1,131188	0,163672	1,930339	-1112,276859	3397,047969	-1254,072252	8,671276	957,781335	30,344636	29,436201	30,816916	29,628227	29,958404	-2,905198	1,034139	0,857167	164380,906381	-0,185424	7,069998	-0,019432	0,000000	2,042027	-0,124359	-0,124357	13,994606	0,054376	3,953232	1,802057
295,400000	7,678213	7,708553	1,129816	0,162927	1,930149	-1121,872650	3396,898287	-1242,848474	8,673381	956,104328	30,346533	29,435833	30,819016	29,632078	29,956527	-2,905429	1,033130	0,857619	164414,433978	-0,186249	7,069582	-0,019378	0,000000	2,042551	-0,124356	-0,124353	13,980255	0,054666	3,955480	1,800253
295,600000	7,678401	7,708424	1,125814	0,162888	1,932528	-1128,337234	3396,848491	-1246,615108	8,675197	954,544784	30,349680	29,434557	30,818237	29,638197	29,952750	-2,905625	1,033520	0,857872	164463,259572	-0,187259	7,069252	-0,019475	0,000000	2,043425	-0,124354	-0,124353	13,966980	0,054855	3,962695	1,798574
295,800000	7,678421	7,708382	1,126098	0,163786	1,935187	-1119,887270	3396,902150	-1244,349074	8,676947	954,293832	30,351176	29,433701	30,813619	29,640702	29,951185	-2,905520	1,034030	0,857934	164462,726367	-0,187399	7,069141	-0,019603	0,000000	2,043669	-0,124357	-0,124362	13,964884	0,054844	3,962033	1,798304
296,000000	7,678150	7,708442	1,125973	0,164564	1,934300	-1133,359758	3396,977615	-1249,276587	8,678895	955,352850	30,351374	29,434267	30,813506	29,634986	29,951750	-2,905260	1,034206	0,858330	164447,266412	-0,187315	7,069151	-0,019494	0,000000	2,043551	-0,124364	-0,124365	13,974127	0,054490	3,962291	1,799444
296,200000	7,678223	7,708586	1,118584	0,164139	1,931796	-1184,116238	3397,004127	-1293,265406	8,680752	956,649161	30,350292	29,434435	30,817814	29,629367	29,953908	-2,905135	1,034427	0,858943	164450,124767	-0,187600	7,069229	-0,019245	0,000000	2,043214	-0,124373	-0,124356	13,985369	0,054121	3,976283	1,800839
296,400000	7,678640	7,708378	1,114847	0,163231	1,931968	-1228,103537	3396,932617	-1352,763039	8,682400	956,037391	30,348960	29,432735	30,819678	29,629885	29,956470	-2,905345	1,033924	0,858978	164440,441564	-0,187242	7,069214	-0,019253	0,000000	2,042534	-0,124369	-0,124355	13,980297	0,054062	3,983256	1,800181
296,600000	7,678767	7,707767	1,120934	0,163090	1,932506	-1241,572069	3396,920294	-1376,848874	8,683879	954,667279	30,350553	29,432505	30,818273	29,633109	29,956953	-2,905543	1,032836	0,858087	164425,429449	-0,186362	7,068941	-0,019458	0,000000	2,042263	-0,124357	-0,124359	13,968804	0,054059	3,971370	1,798706
296,800000	7,678399	7,707474	1,124429	0,163479	1,929545	-1239,369252	3397,032485	-1374,306963	8,685418	953,375710	30,353088	29,435892	30,815325	29,636147	29,955743	-2,905484	1,031687	0,857477	164464,757352	-0,186237	7,068833	-0,019649	0,000000	2,043398	-0,124356	-0,124359	13,958133	0,053886	3,964555	1,797315
297,000000	7,677946	7,707650	1,125979	0,163434	1,926512	-1240,963071	3397,009663	-1371,816886	8,687288	951,414526	30,351598	29,436683	30,811598	29,636365	29,955213	-2,905420	1,031837	0,857588	164490,427498	-0,186814	7,069065	-0,019744	0,000000	2,044320	-0,124361	-0,124365	13,941605	0,053935	3,961813	1,795202
297,200000	7,677836	7,707734	1,128649	0,163368	1,927783	-1257,011421	3396,841228	-1373,949509	8,689295	950,959349	30,346531	29,434434	30,810676	29,633069	29,955040	-2,905399	1,032152	0,857594	164466,705528	-0,186501	7,069199	-0,019538	0,000000	2,043692	-0,124361	-0,124370	13,937588	0,054126	3,956972	1,794711
297,400000	7,677764	7,707624	1,129074	0,163560	1,931702	-1267,579515	3396,750703	-1373,985295	8,691139	952,920433	30,343437	29,434725	30,814814	29,629309	29,955208	-2,905340	1,031427	0,857785	164444,051502	-0,185908	7,069107	-0,019251	0,000000	2,042631	-0,124361	-0,124364	13,954174	0,054021	3,956131	1,796825
297,600000	7,677655	7,707491	1,126259	0,163221	1,933718	-1254,056383	3396,787472	-1367,984630	8,692644	954,613300	30,344864	29,434794	30,818110	29,628407	29,955712	-2,905503	1,030645	0,858326	164440,217625	-0,186623	7,068941	-0,019241	0,000000	2,042057	-0,124362	-0,124359	13,968507	0,053903	3,961260	1,798648
297,800000	7,677702	7,707252	1,122635	0,162858	1,934598	-1232,727646	3396,854780	-1363,606515	8,694152	953,980091	30,350206	29,433915	30,817157	29,631099	29,953962	-2,905770	1,029689	0,858192	164445,747818	-0,187331	7,068786	-0,019488	0,000000	2,042143	-0,124362	-0,124361	13,963138	0,053956	3,967830	1,797966
298,000000	7,677405	7,706980	1,125791	0,163421	1,936096	-1233,780180	3396,956817	-1363,142736	8,695956	952,528722	30,354949	29,436770	30,813575	29,633636	29,950654	-2,905676	1,028973	0,857521	164442,441802	-0,186936	7,068625	-0,019754	0,000000	2,042786	-0,124359	-0,124364	13,950931	0,053973	3,961637	1,796403
298,200000	7,676944	7,706983	1,133262	0,164239	1,936534	-1257,137126	3397,055008	-1365,900646	8,697698	952,988726	30,353439	29,439119	30,812847	29,633268	29,950514	-2,905477	1,029164	0,857315	164434,132842	-0,186256	7,068539	-0,019727	0,000000	2,043532	-0,124358	-0,124361	13,954888	0,053880	3,947666	1,796898
298,400000	7,676999	7,707070	1,133263	0,164082	1,936223	-1277,151903	3396,979325	-1375,153036	8,699353	954,320916	30,347194	29,436330	30,817771	29,632759	29,954904	-2,905377	1,029884	0,857718	164431,962693	-0,186339	7,068606	-0,019557	0,000000	2,043787	-0,124360	-0,124359	13,966158	0,053797	3,947844	1,798333
298,600000	7,677426	7,706932	1,124524	0,163080	1,937302	-1271,381274	3396,809447	-1387,456861	8,700940	953,852263	30,342864	29,432723	30,821221	29,632839	29,960381	-2,905334	1,029655	0,858238	164442,873181	-0,186896	7,068612	-0,019497	0,000000	2,043435	-0,124362	-0,124358	13,962131	0,053890	3,964125	1,797829
298,800000	7,677485	7,706751	1,116678	0,162452	1,937653	-1227,859850	3396,763546	-1383,890464	8,702456	951,673515	30,346237	29,430949	30,817988	29,633006	29,961841	-2,905506	1,029698	0,858443	164468,671893	-0,186871	7,068598	-0,019498	0,000000	2,042993	-0,124360	-0,124358	13,943601	0,054117	3,978718	1,795481
299,000000	7,677082	7,706557	1,118414	0,162615	1,931946	-1184,045687	3396,897831	-1359,878346	8,704241	950,972843	30,353019	29,431454	30,812800	29,634590	29,956926	-2,905683	1,030237	0,858156	164484,200003	-0,186897	7,068584	-0,019662	0,000000	2,042762	-0,124360	-0,124363	13,937542	0,054285	3,975284	1,794725
299,200000	7,676853	7,706395	1,127755	0,163036	1,925095	-1202,772415	3397,013082	-1346,816821	8,706299	952,904364	30,354528	29,433222	30,812875	29,635170	29,950654	-2,905657	1,029420	0,857512	164472,392201	-0,186923	7,068313	-0,019775	0,000000	2,042641	-0,124362	-0,124367	13,953766	0,054293	3,957574	1,796808
299,400000	7,676814	7,706411	1,132960	0,163399	1,925064	-1266,239760	3396,927390	-1360,464805	8,708159	953,742984	30,350736	29,433109	30,817332	29,631329	29,952404	-2,905552	1,028697	0,857019	164456,402297	-0,186608	7,068248	-0,019680	0,000000	2,042717	-0,124359	-0,124365	13,960948	0,054155	3,947942	1,797711
299,600000	7,676776	7,706469	1,127445	0,163407	1,929557	-1294,118600	3396,811382	-1384,176427	8,709729	951,898377	30,347062	29,432770	30,819269	29,626095	29,961193	-2,905529	1,028449	0,857142	164444,923984	-0,187357	7,068597	-0,019746	0,000000	2,042957	-0,124359	-0,124359	13,945590	0,054017	3,958433	1,795723
299,800000	7,676780	7,706407	1,119257	0,162705	1,932198	-1273,466271	3396,788969	-1401,393535	8,711436	951,051372	30,346835	29,434183	30,817680	29,627052	29,965057	-2,905572	1,027838	0,857504	164436,175610	-0,188429	7,068688	-0,019763	0,000000	2,043303	-0,124364	-0,124356	13,938509	0,053979	3,973718	1,794810
300,000000	7,676588	7,706218	1,117068	0,162155	1,932689	-1255,244412	3396,799566	-1407,577824	8,713312	952,859709	30,348664	29,434506	30,815658	29,633362	29,961575	-2,905522	1,027282	0,857581	164424,784080	-0,187918	7,068322	-0,019586	0,000000	2,043317	-0,124367	-0,124360	13,953734	0,053951	3,977506	1,796759
300,200000	7,676257	7,706231	1,116450	0,162373	1,935206	-1264,543893	3396,773497	-1416,443057	8,715160	954,577339	30,350813	29,433286	30,814467	29,636811	29,957181	-2,905468	1,028289	0,857720	164457,985834	-0,187442	7,067908	-0,019628	0,000000	2,043325	-0,124366	-0,124366	13,968164	0,053944	3,978442	1,798610
300,400000	7,676097	7,706265	1,118623	0,162521	1,938195	-1286,425307	3396,730389	-1424,914262	8,716806	954,863897	30,352583	29,433421	30,814391	29,635313	29,953989	-2,905473	1,030393	0,857716	164530,298474	-0,187107	7,067664	-0,019638	0,000000	2,043856	-0,124363	-0,124366	13,970515	0,053998	3,974236	1,798918
300,600000	7,676005	7,705892	1,124229	0,162757	1,937228	-1288,836374	3396,798741	-1412,560998	8,718438	955,520651	30,352019	29,434271	30,813995	29,631064	29,953274	-2,905423	1,030359	0,857339	164518,253738	-0,186009	7,067416	-0,019380	0,000000	2,043620	-0,124360	-0,124363	13,975975	0,054049	3,963415	1,799625
300,800000	7,675870	7,705519	1,121593	0,163178	1,933809	-1262,729309	3396,830548	-1396,434192	8,720264	956,603566	30,349923	29,433506	30,816585	29,626161	29,956710	-2,905379	1,030520	0,857224	164459,178979	-0,186797	7,067406	-0,019317	0,000000	2,042862	-0,124359	-0,124357	13,984950	0,054158	3,968211	1,800790
301,000000	7,675793	7,705503	1,116780	0,163136	1,931942	-1236,788048	3396,783141	-1392,140921	8,721889	956,002166	30,349624	29,433225	30,820716	29,626365	29,961215	-2,905452	1,033367	0,857616	164445,340720	-0,188332	7,067918	-0,019605	0,000000	2,042777	-0,124360	-0,124354	13,979780	0,054284	3,977577	1,800143
301,200000	7,675880	7,705583	1,117496	0,163084	1,930037	-1228,661805	3396,761394	-1383,129524	8,723436	954,686566	30,351708	29,434236	30,818015	29,634340	29,962155	-2,905650	1,035735	0,858044	164447,672259	-0,187679	7,068338	-0,019939	0,000000	2,043036	-0,124360	-0,124358	13,968695	0,054330	3,976456	1,798727
301,400000	7,675928	7,705412	1,115529	0,163555	1,925627	-1224,812967	3396,787448	-1369,710498	8,725439	954,320630	30,354257	29,434535	30,813273	29,641573	29,959467	-2,905679	1,035758	0,858126	164447,242669	-0,186359	7,068264	-0,020092	0,000000	2,043391	-0,124361	-0,124362	13,965611	0,054342	3,979969	1,798333
301,600000	7,675646	7,705267	1,112506	0,164461	1,923686	-1221,833209	3396,881484	-1364,187897	8,727534	954,431177	30,354109	29,434991	30,814362	29,640545	29,956897	-2,905365	1,034598	0,858153	164478,529315	-0,186373	7,067980	-0,019888	0,000000	2,043970	-0,124364	-0,124361	13,966642	0,054239	3,985448	1,798452
301,800000	7,675336	7,705295	1,115949	0,164893	1,926315	-1239,515697	3396,841736	-1371,957057	8,729133	954,518702	30,349590	29,434215	30,819400	29,633725	29,956164	-2,905201	1,034257	0,858176	164503,132939	-0,187943	7,067782	-0,019548	0,000000	2,043843	-0,124367	-0,124359	13,967627	0,053989	3,978938	1,798546
302,000000	7,675300	7,705155	1,120198	0,164023	1,928691	-1278,661793	3396,739456	-1390,816172	8,730616	954,535500	30,345876	29,431527	30,822457	29,627334	29,956413	-2,905329	1,034107	0,857989	164446,114803	-0,188806	7,067756	-0,019601	0,000000	2,042613	-0,124366	-0,124356	13,967789	0,053968	3,970958	1,798564
302,200000	7,675183	7,704928	1,117599	0,163086	1,929076	-1300,341226	3396,833911	-1407,563928	8,732299	954,555693	30,347978	29,431055	30,822911	29,627075	29,956746	-2,905382	1,034101	0,857778	164395,141626	-0,186845	7,067670	-0,019928	0,000000	2,042044	-0,124366	-0,124351	13,967656	0,054270	3,975692	1,798586
302,400000	7,675031	7,704783	1,115095	0,163257	1,929698	-1279,348502	3397,062601	-1411,654333	8,734006	954,555381	30,352799	29,433563	30,819158	29,631992	29,956568	-2,905497	1,033915	0,857770	164416,982571	-0,184762	7,067283	-0,020003	0,000000	2,042471	-0,124366	-0,124348	13,967575	0,054348	3,980036	1,798586
302,600000	7,674860	7,704597	1,118944	0,163781	1,930338	-1248,643277	3397,175956	-1399,658808	8,735847	955,410536	30,354826	29,436626	30,811417	29,635680	29,955359	-2,905698	1,032482	0,857872	164450,496381	-0,185127	7,066808	-0,019634	0,000000	2,042905	-0,124362	-0,124356	13,974989	0,054112	3,972306	1,799506
302,800000	7,674389	7,704291	1,121837	0,163709	1,927936	-1239,848588	3397,072267	-1379,429858	8,737712	956,615852	30,352899	29,437201	30,811117	29,635825	29,955195	-2,905525	1,029960	0,857719	164465,786362	-0,186403	7,066599	-0,019254	0,000000	2,043273	-0,124359	-0,124362	13,985161	0,054050	3,966620	1,800803
303,000000	7,674161	7,704171	1,119315	0,162927	1,924119	-1248,851467	3396,970356	-1369,411145	8,739360	956,019128	30,347944	29,435163	30,818925	29,633698	29,959657	-2,905221	1,027553	0,857705	164465,361923	-0,186778	7,066653	-0,019330	0,000000	2,043587	-0,124360	-0,124359	13,980051	0,054155	3,971447	1,800161
303,200000	7,674227	7,704176	1,118291	0,162588	1,924064	-1273,080946	3396,943488	-1383,808601	8,740963	954,672058	30,343577	29,433828	30,822789	29,631313	29,963313	-2,905194	1,029049	0,858183	164455,322460	-0,186358	7,066959	-0,019454	0,000000	2,043506	-0,124364	-0,124356	13,968754	0,054149	3,973612	1,798711
303,400000	7,674159	7,703983	1,116298	0,163264	1,927493	-1292,114965	3396,891255	-1413,563914	8,742675	954,293325	30,345242	29,433593	30,818522	29,630213	29,960336	-2,905247	1,033368	0,858271	164442,109806	-0,186246	7,067213	-0,019337	0,000000	2,043065	-0,124367	-0,124358	13,965580	0,054144	3,977358	1,798304
303,600000	7,674095	7,703758	1,110689	0,163835	1,927823	-1291,014566	3396,853218	-1434,678578	8,744492	955,323327	30,350600	29,433954	30,812470	29,631348	29,955549	-2,905354	1,036113	0,858128	164431,747642	-0,186502	7,067198	-0,019362	0,000000	2,042868	-0,124365	-0,124361	13,974036	0,054332	3,987736	1,799413
303,800000	7,673870	7,703713	1,114940	0,163891	1,924755	-1305,945962	3396,882196	-1446,343594	8,746337	957,575100	30,353730	29,434955	30,810850	29,634161	29,953918	-2,905427	1,035519	0,858257	164442,689840	-0,186746	7,067241	-0,019379	0,000000	2,042843	-0,124363	-0,124363	13,992617	0,054637	3,979684	1,801835
304,000000	7,673579	7,703878	1,126475	0,164055	1,924320	-1348,107102	3396,905217	-1452,370656	8,748096	959,093368	30,351835	29,435494	30,815128	29,634677	29,955757	-2,905375	1,032495	0,858160	164464,142797	-0,186746	7,067261	-0,019214	0,000000	2,042688	-0,124361	-0,124364	14,005245	0,054732	3,958220	1,803467
304,200000	7,673649	7,704093	1,128895	0,164428	1,926172	-1377,973315	3396,775259	-1453,949585	8,749982	958,297357	30,346773	29,435103	30,821006	29,631963	29,959582	-2,905364	1,030584	0,858158	164470,678074	-0,186102	7,067111	-0,019219	0,000000	2,042796	-0,124357	-0,124361	13,998855	0,054452	3,953815	1,802611
304,400000	7,673777	7,704115	1,118481	0,164209	1,926743	-1377,756301	3396,660845	-1469,108656	8,752016	955,911931	30,343941	29,433711	30,822467	29,631221	29,963221	-2,905373	1,030763	0,858232	164464,760689	-0,185453	7,066870	-0,019384	0,000000	2,043104	-0,124357	-0,124359	13,979187	0,054120	3,973174	1,800046
304,600000	7,673600	7,703805	1,109814	0,163461	1,927236	-1356,033916	3396,755943	-1488,905917	8,753780	955,203922	30,344832	29,432358	30,818641	29,634489	29,962302	-2,905388	1,031649	0,858047	164449,676898	-0,185987	7,066509	-0,019452	0,000000	2,043040	-0,124358	-0,124362	13,973170	0,054197	3,989126	1,799284
304,800000	7,673226	7,703448	1,112632	0,163439	1,927597	-1324,672676	3396,919310	-1481,684395	8,755445	956,322361	30,347439	29,432732	30,814427	29,637388	29,956641	-2,905439	1,032543	0,857944	164424,587935	-0,187151	7,066303	-0,019444	0,000000	2,042874	-0,124356	-0,124367	13,982215	0,054534	3,983462	1,800488
305,000000	7,673066	7,703403	1,114840	0,163863	1,923599	-1293,830313	3397,050449	-1451,943489	8,757309	955,986579	30,349440	29,433572	30,815014	29,636545	29,952317	-2,905380	1,032802	0,858028	164371,883406	-0,187605	7,066560	-0,019449	0,000000	2,043107	-0,124355	-0,124367	13,979319	0,054614	3,979421	1,800126
305,200000	7,673128	7,703467	1,115136	0,163675	1,916497	-1285,782272	3397,055353	-1433,870037	8,759255	955,618510	30,349327	29,433789	30,818056	29,633203	29,953012	-2,905299	1,033391	0,858299	164318,915683	-0,187267	7,066820	-0,019469	0,000000	2,043332	-0,124360	-0,124360	13,976477	0,054368	3,979076	1,799730
305,400000	7,672978	7,703253	1,119633	0,163302	1,915034	-1322,278957	3396,960361	-1442,658436	8,761248	957,306505	30,347522	29,434024	30,819957	29,629706	29,957912	-2,905408	1,036135	0,858425	164270,352343	-0,186830	7,066665	-0,019476	0,000000	2,042554	-0,124365	-0,124357	13,990829	0,054173	3,970467	1,801546
305,600000	7,672940	7,702929	1,120274	0,163539	1,920794	-1365,774049	3396,873929	-1463,492703	8,763193	958,010304	30,345736	29,434732	30,818888	29,628736	29,962424	-2,905543	1,038749	0,858092	164212,562714	-0,187321	7,066568	-0,019500	0,000000	2,041632	-0,124364	-0,124360	13,996689	0,054213	3,969040	1,802303
305,800000	7,673336	7,702853	1,110770	0,163980	1,925361	-1358,711262	3396,829460	-1475,282170	8,765015	956,194498	30,345462	29,435866	30,818488	29,633183	29,962583	-2,905593	1,038403	0,857867	164220,703338	-0,187895	7,066786	-0,019698	0,000000	2,042337	-0,124361	-0,124362	13,981209	0,054468	3,986988	1,800350
306,000000	7,673614	7,702897	1,101915	0,163850	1,923843	-1298,589168	3396,879674	-1464,512912	8,766825	954,534368	30,346922	29,435842	30,818919	29,639663	29,959003	-2,905581	1,036766	0,858102	164269,674359	-0,187180	7,066833	-0,019724	0,000000	2,043656	-0,124357	-0,124360	13,966924	0,054823	4,003848	1,798563
306,200000	7,673348	7,702843	1,105980	0,164062	1,919983	-1241,626063	3396,890292	-1430,405788	8,768793	955,157924	30,348652	29,434463	30,815269	29,639278	29,955866	-2,905443	1,035273	0,858012	164283,399100	-0,186952	7,066597	-0,019402	0,000000	2,044019	-0,124358	-0,124359	13,972094	0,054887	3,995928	1,799235
306,400000	7,672966	7,702660	1,115868	0,164644	1,917243	-1235,794847	3396,817473	-1394,467041	8,770965	957,466288	30,349206	29,433545	30,816122	29,631176	29,956094	-2,905307	1,034083	0,857605	164272,893466	-0,187271	7,066438	-0,019258	0,000000	2,043552	-0,124362	-0,124359	13,991636	0,054706	3,977092	1,801718
306,600000	7,672879	7,702472	1,118774	0,164129	1,914251	-1266,329792	3396,776866	-1382,388984	8,773139	959,094098	30,348120	29,433535	30,821139	29,624870	29,958304	-2,905332	1,031237	0,857695	164256,885703	-0,185919	7,066496	-0,019315	0,000000	2,043084	-0,124361	-0,124353	14,005262	0,054720	3,971648	1,803468
306,800000	7,672872	7,702353	1,113643	0,163253	1,912540	-1286,000492	3396,836597	-1394,075611	8,775070	959,260028	30,347521	29,433398	30,821629	29,626703	29,960175	-2,905452	1,027967	0,858095	164233,769175	-0,185520	7,066591	-0,019393	0,000000	2,042616	-0,124358	-0,124349	14,006471	0,054902	3,981302	1,803646
307,000000	7,672780	7,702232	1,108283	0,163342	1,914208	-1265,563373	3397,033406	-1399,911644	8,776882	959,008323	30,349639	29,435053	30,820136	29,633235	29,960973	-2,905471	1,029349	0,858411	164244,152602	-0,187098	7,066608	-0,019645	0,000000	2,042483	-0,124355	-0,124354	14,004249	0,055015	3,991342	1,803376
307,200000	7,672578	7,702166	1,109007	0,163886	1,917628	-1222,914087	3397,139078	-1379,083026	8,778755	958,898988	30,350297	29,438603	30,819288	29,637641	29,960489	-2,905338	1,033301	0,858309	164302,304529	-0,186838	7,066696	-0,019904	0,000000	2,043493	-0,124356	-0,124359	14,003192	0,055156	3,989930	1,803258
307,400000	7,672361	7,702137	1,113638	0,164035	1,918035	-1210,047584	3397,011446	-1356,347327	8,780563	958,924035	30,347358	29,438677	30,817591	29,637083	29,959897	-2,905216	1,035933	0,857738	164320,805719	-0,185771	7,066786	-0,019723	0,000000	2,043973	-0,124361	-0,124361	14,003236	0,055322	3,981198	1,803285
307,600000	7,672352	7,702041	1,116949	0,163972	1,916405	-1236,134943	3396,852847	-1354,452838	8,782323	958,929871	30,344498	29,435654	30,818593	29,632911	29,960897	-2,905179	1,036905	0,857550	164286,213346	-0,186239	7,066942	-0,019288	0,000000	2,042861	-0,124365	-0,124358	14,003460	0,055148	3,975065	1,803291
307,800000	7,672386	7,701869	1,116805	0,163741	1,918333	-1246,385087	3396,834420	-1354,284389	8,784200	959,779950	30,344145	29,434089	30,823377	29,629361	29,962328	-2,905270	1,037377	0,857928	164266,977458	-0,186528	7,067126	-0,019144	0,000000	2,041873	-0,124367	-0,124355	14,010951	0,054777	3,975444	1,804205
308,000000	7,672234	7,701716	1,114679	0,163153	1,920914	-1223,306200	3396,907686	-1341,311800	8,785998	960,973025	30,345424	29,434510	30,823609	29,629066	29,960932	-2,905480	1,037342	0,858141	164273,091101	-0,186262	7,066923	-0,019253	0,000000	2,042005	-0,124366	-0,124354	14,021092	0,054623	3,979255	1,805486
308,200000	7,672270	7,701679	1,113356	0,163024	1,919500	-1193,506425	3396,914480	-1327,440464	8,787883	960,339065	30,347700	29,434793	30,820122	29,630302	29,956097	-2,905555	1,035740	0,857916	164277,591714	-0,186727	7,066588	-0,019371	0,000000	2,042601	-0,124362	-0,124355	14,015956	0,054453	3,981494	1,804805
308,400000	7,672246	7,701782	1,114001	0,163736	1,916715	-1178,789070	3396,918533	-1317,119251	8,789998	958,951807	30,349856	29,434816	30,819517	29,630866	29,952064	-2,905405	1,033717	0,857582	164280,005021	-0,187130	7,066481	-0,019474	0,000000	2,043169	-0,124358	-0,124355	14,004655	0,054136	3,980258	1,803315
308,600000	7,671850	7,701951	1,112559	0,164195	1,917236	-1190,036352	3396,927186	-1312,821518	8,791785	958,552285	30,348082	29,434227	30,821303	29,631370	29,953642	-2,905306	1,032779	0,857499	164273,519792	-0,186782	7,066600	-0,019596	0,000000	2,043586	-0,124357	-0,124355	14,001484	0,053959	3,983152	1,802885
308,800000	7,671852	7,702023	1,109637	0,163902	1,918133	-1192,465562	3396,826578	-1317,824603	8,793394	958,688067	30,342934	29,430511	30,824155	29,633088	29,960141	-2,905355	1,033719	0,857738	164265,949784	-0,186859	7,066863	-0,019615	0,000000	2,043677	-0,124360	-0,124358	14,002526	0,054055	3,988941	1,803031
309,000000	7,672300	7,701964	1,112721	0,163505	1,915223	-1173,048507	3396,695558	-1316,968428	8,795203	958,834447	30,341024	29,426990	30,826026	29,634616	29,964696	-2,905377	1,034763	0,857908	164279,573391	-0,186892	7,066911	-0,019574	0,000000	2,043466	-0,124363	-0,124362	14,003531	0,054276	3,983186	1,803189
309,200000	7,672472	7,701893	1,115317	0,163499	1,913711	-1173,863152	3396,720727	-1309,846066	8,797096	958,876111	30,345023	29,427531	30,822376	29,635417	29,963101	-2,905394	1,034324	0,857516	164288,483164	-0,185739	7,066697	-0,019477	0,000000	2,042921	-0,124364	-0,124364	14,003699	0,054458	3,978088	1,803233
309,400000	7,672117	7,701842	1,115109	0,163442	1,915374	-1196,396768	3396,970138	-1308,918871	8,798973	959,773203	30,349691	29,430676	30,816493	29,636606	29,957827	-2,905503	1,033766	0,857180	164281,903132	-0,184927	7,066636	-0,019322	0,000000	2,042316	-0,124362	-0,124363	14,010981	0,054689	3,978301	1,804197
309,600000	7,671711	7,701700	1,118175	0,163473	1,916099	-1214,218781	3397,151845	-1314,804377	8,800830	960,980140	30,350231	29,434515	30,815100	29,636370	29,952852	-2,905553	1,034891	0,857398	164275,262851	-0,185787	7,066826	-0,019394	0,000000	2,042249	-0,124355	-0,124362	14,021057	0,054719	3,972511	1,805493
309,800000	7,671633	7,701389	1,120176	0,164048	1,915807	-1212,630040	3397,121133	-1315,408044	8,802782	960,335143	30,346969	29,436944	30,816593	29,632215	29,954206	-2,905456	1,036585	0,858013	164277,262243	-0,186997	7,066916	-0,019471	0,000000	2,042679	-0,124353	-0,124364	14,015937	0,054439	3,968656	1,804801
310,000000	7,671448	7,700934	1,117091	0,163920	1,918455	-1183,688361	3396,988540	-1301,140308	8,804720	958,947909	30,343725	29,436228	30,818149	29,627686	29,963559	-2,905358	1,036954	0,858302	164275,679856	-0,186839	7,066850	-0,019453	0,000000	2,042985	-0,124361	-0,124363	14,004654	0,054104	3,974227	1,803311
310,200000	7,671195	7,700661	1,112561	0,163235	1,923242	-1143,601833	3396,834385	-1283,075431	8,806520	957,646833	30,343787	29,433268	30,819664	29,628473	29,970293	-2,905344	1,037288	0,857433	164235,784128	-0,186137	7,066870	-0,019495	0,000000	2,042833	-0,124369	-0,124360	13,994071	0,053784	3,982700	1,801912
310,400000	7,671334	7,700670	1,113594	0,163058	1,923582	-1128,391334	3396,761499	-1273,677722	8,808347	956,576992	30,346767	29,430959	30,820334	29,634023	29,966695	-2,905404	1,034405	0,856760	164198,222189	-0,186940	7,067089	-0,019488	0,000000	2,042564	-0,124367	-0,124362	13,984952	0,053934	3,980920	1,800762
310,600000	7,671523	7,700684	1,116398	0,163238	1,921766	-1154,342255	3396,842307	-1282,254405	8,810243	956,472009	30,347981	29,431332	30,819031	29,638596	29,958755	-2,905477	1,028082	0,857222	164251,880775	-0,187844	7,067355	-0,019468	0,000000	2,042984	-0,124361	-0,124364	13,983654	0,054350	3,975776	1,800649
310,800000	7,671318	7,700598	1,115709	0,163472	1,923376	-1195,477614	3397,011989	-1306,164734	8,812043	956,641447	30,346015	29,433339	30,816681	29,638296	29,954930	-2,905435	1,027444	0,857770	164341,668238	-0,186908	7,067400	-0,019353	0,000000	2,043736	-0,124359	-0,124362	13,984961	0,054465	3,976999	1,800831
311,000000	7,670755	7,700517	1,113801	0,163833	1,927038	-1215,532963	3397,044491	-1330,436312	8,813896	957,613755	30,345042	29,434379	30,815185	29,633272	29,956488	-2,905313	1,032244	0,857686	164335,243020	-0,186725	7,067278	-0,019274	0,000000	2,043386	-0,124359	-0,124358	13,993115	0,054463	3,980452	1,801877
311,200000	7,670390	7,700572	1,116230	0,164183	1,926639	-1204,816584	3396,988524	-1334,294577	8,815974	957,929164	30,344781	29,434028	30,818562	29,626532	29,960427	-2,905219	1,034512	0,857505	164267,192883	-0,187511	7,067264	-0,019493	0,000000	2,042484	-0,124359	-0,124353	13,995872	0,054350	3,975946	1,802216
311,400000	7,670652	7,700420	1,123172	0,163841	1,922696	-1192,094899	3396,928510	-1316,947515	8,818047	956,969888	30,343322	29,433295	30,826050	29,625751	29,963334	-2,905248	1,034506	0,857816	164242,039668	-0,187559	7,067350	-0,019739	0,000000	2,042338	-0,124357	-0,124353	13,987877	0,054303	3,963026	1,801184
311,600000	7,670968	7,699981	1,127863	0,163353	1,922360	-1198,743713	3396,864760	-1302,040830	8,819923	957,469396	30,343491	29,433358	30,825161	29,632669	29,963304	-2,905406	1,036982	0,858196	164253,189096	-0,187643	7,067381	-0,019788	0,000000	2,042743	-0,124353	-0,124358	13,991800	0,054568	3,954089	1,801721
311,800000	7,670876	7,699872	1,129329	0,163424	1,925673	-1214,977101	3396,930132	-1301,240817	8,821655	958,734694	30,346379	29,435470	30,819000	29,637230	29,960780	-2,905446	1,040037	0,858341	164266,773621	-0,186456	7,067452	-0,019741	0,000000	2,043411	-0,124356	-0,124361	14,002232	0,054739	3,951246	1,803081
312,000000	7,670661	7,700258	1,123215	0,163618	1,928882	-1226,469989	3397,008981	-1316,471381	8,823569	958,214774	30,346641	29,438142	30,820358	29,635024	29,958875	-2,905342	1,039976	0,858190	164299,863807	-0,184993	7,067665	-0,019459	0,000000	2,044238	-0,124364	-0,124360	13,997902	0,054713	3,962908	1,802523
312,200000	7,670569	7,700492	1,113283	0,163273	1,930695	-1205,226083	3396,885177	-1330,027806	8,825700	956,016843	30,342096	29,435904	30,825723	29,629955	29,960194	-2,905375	1,039291	0,858051	164298,045271	-0,185307	7,067815	-0,019020	0,000000	2,044058	-0,124368	-0,124358	13,979425	0,054762	3,981837	1,800159
312,400000	7,670432	7,700107	1,111617	0,162812	1,930807	-1153,756712	3396,636935	-1324,846154	8,827707	954,422712	30,339260	29,430302	30,827505	29,625214	29,962286	-2,905508	1,039210	0,858125	164219,162393	-0,185736	7,067693	-0,018948	0,000000	2,042416	-0,124364	-0,124358	13,966027	0,054783	3,984834	1,798443
312,600000	7,670078	7,699670	1,117795	0,162771	1,927257	-1139,665285	3396,592523	-1309,229414	8,829634	954,248666	30,341841	29,430212	30,825181	29,625244	29,962830	-2,905513	1,038344	0,858117	164185,574404	-0,186559	7,067693	-0,019285	0,000000	2,041482	-0,124356	-0,124363	13,964695	0,054654	3,972973	1,798256
312,800000	7,669694	7,699615	1,122517	0,162819	1,922150	-1198,539724	3396,822962	-1315,816229	8,831460	954,495352	30,345510	29,434241	30,820409	29,630620	29,962351	-2,905540	1,035755	0,857972	164230,436218	-0,187740	7,067916	-0,019655	0,000000	2,042282	-0,124353	-0,124367	13,966826	0,054594	3,964112	1,798521
313,000000	7,669505	7,699557	1,121193	0,162998	1,922089	-1271,132902	3397,010473	-1353,632801	8,833151	954,625447	30,346720	29,436071	30,812656	29,634402	29,960964	-2,905661	1,033028	0,857528	164262,567888	-0,187030	7,068075	-0,019709	0,000000	2,043351	-0,124357	-0,124367	13,967874	0,054637	3,966524	1,798661
313,200000	7,669577	7,699303	1,119922	0,163518	1,924450	-1279,375460	3396,986215	-1374,167768	8,834992	954,604541	30,345322	29,434535	30,810934	29,634131	29,961137	-2,905540	1,033560	0,857212	164270,452507	-0,185545	7,068204	-0,019458	0,000000	2,043591	-0,124363	-0,124363	13,967844	0,054492	3,968858	1,798639
313,400000	7,669831	7,699154	1,119764	0,163886	1,923639	-1235,038838	3396,843035	-1361,636150	8,836816	953,653091	30,339870	29,431405	30,820128	29,632230	29,965445	-2,905281	1,035448	0,857387	164275,478547	-0,186404	7,068222	-0,019243	0,000000	2,043341	-0,124366	-0,124364	13,960211	0,054137	3,969260	1,797614
313,600000	7,670141	7,699290	1,121605	0,163581	1,922388	-1205,872638	3396,647979	-1343,430553	8,838542	951,524671	30,335242	29,429043	30,825934	29,629662	29,968483	-2,905294	1,035093	0,857415	164270,662232	-0,187818	7,068250	-0,019201	0,000000	2,043153	-0,124364	-0,124366	13,942561	0,053905	3,965998	1,795320
313,800000	7,670221	7,699328	1,124066	0,163391	1,924860	-1207,487894	3396,564862	-1334,501426	8,840425	950,041194	30,340008	29,428808	30,822588	29,628617	29,965250	-2,905485	1,033726	0,857483	164270,202217	-0,187022	7,068474	-0,019348	0,000000	2,042950	-0,124359	-0,124363	13,930117	0,053876	3,961504	1,793721
314,000000	7,669810	7,699190	1,121822	0,163702	1,929894	-1208,728596	3396,770962	-1327,807593	8,842276	949,910619	30,348580	29,431943	30,818708	29,631010	29,959147	-2,905574	1,033774	0,857834	164276,773815	-0,186479	7,068651	-0,019674	0,000000	2,042833	-0,124357	-0,124362	13,928974	0,053920	3,965639	1,793580
314,200000	7,669187	7,699197	1,121110	0,163810	1,932411	-1185,552805	3397,053476	-1308,857043	8,843968	951,028178	30,350010	29,435809	30,819622	29,634462	29,956263	-2,905559	1,033037	0,857769	164283,825437	-0,186505	7,068522	-0,019899	0,000000	2,042993	-0,124358	-0,124361	13,938406	0,053887	3,966862	1,794785
314,400000	7,668825	7,699272	1,124508	0,163709	1,931552	-1150,640126	3397,078062	-1280,232811	8,845703	953,202190	30,344312	29,436656	30,823720	29,634507	29,958931	-2,905451	1,029602	0,857428	164293,768088	-0,186008	7,068358	-0,019889	0,000000	2,043199	-0,124360	-0,124357	13,956950	0,053612	3,960498	1,797128
314,600000	7,668836	7,699056	1,126413	0,163451	1,931535	-1139,481571	3396,884984	-1260,610123	8,847509	954,646695	30,338696	29,434606	30,825698	29,631817	29,964962	-2,905276	1,025451	0,857460	164283,251917	-0,186790	7,068396	-0,019812	0,000000	2,042993	-0,124360	-0,124357	13,969372	0,053318	3,956924	1,798684
314,800000	7,668858	7,698572	1,121940	0,162650	1,934289	-1155,505369	3396,712620	-1269,384478	8,849217	954,779681	30,338234	29,431668	30,825748	29,631935	29,969485	-2,905265	1,025245	0,857923	164273,525713	-0,188246	7,068480	-0,019747	0,000000	2,042729	-0,124361	-0,124359	13,970332	0,053474	3,965137	1,798827
315,000000	7,668652	7,698173	1,114021	0,162059	1,934849	-1160,977272	3396,658685	-1292,130303	8,851033	954,604330	30,341457	29,430660	30,824362	29,635750	29,967230	-2,905396	1,030042	0,858484	164281,368576	-0,188350	7,068645	-0,019674	0,000000	2,042629	-0,124361	-0,124363	13,968254	0,054081	3,979903	1,798639
315,200000	7,668410	7,698084	1,113898	0,162821	1,932258	-1142,070940	3396,778706	-1294,448612	8,852978	954,543095	30,344714	29,432609	30,820376	29,637678	29,959666	-2,905434	1,033650	0,858659	164291,810931	-0,187815	7,068925	-0,019544	0,000000	2,042479	-0,124360	-0,124367	13,967298	0,054522	3,980173	1,798573
315,400000	7,668280	7,698326	1,118921	0,163808	1,930056	-1133,859730	3396,940197	-1280,645237	8,854629	953,669659	30,346104	29,435084	30,819254	29,634863	29,955360	-2,905374	1,034963	0,858169	164343,192227	-0,187954	7,069118	-0,019426	0,000000	2,042926	-0,124363	-0,124366	13,959935	0,054553	3,970903	1,797632
315,600000	7,668220	7,698481	1,117420	0,163649	1,928155	-1162,272475	3397,002150	-1292,788218	8,856222	952,454820	30,344790	29,436054	30,821033	29,629412	29,959503	-2,905318	1,035693	0,857524	164419,306244	-0,187638	7,068987	-0,019348	0,000000	2,043563	-0,124367	-0,124357	13,949983	0,054300	3,973728	1,796323
315,800000	7,668276	7,698285	1,114934	0,163157	1,927234	-1216,303564	3396,997312	-1339,966704	8,858147	953,025160	30,341970	29,435797	30,822615	29,625945	29,966172	-2,905291	1,034310	0,857350	164425,927534	-0,186376	7,068591	-0,019247	0,000000	2,042905	-0,124365	-0,124353	13,955165	0,053909	3,978113	1,796938
316,000000	7,668322	7,697978	1,118075	0,163041	1,928232	-1263,425683	3396,906540	-1376,413082	8,860134	954,364432	30,339730	29,434614	30,824923	29,627838	29,968574	-2,905280	1,032603	0,857880	164396,371140	-0,186292	7,068443	-0,019325	0,000000	2,041697	-0,124357	-0,124360	13,966446	0,053875	3,972032	1,798380
316,200000	7,668214	7,697764	1,123626	0,162825	1,930331	-1262,951488	3396,846165	-1371,686809	8,861891	954,786979	30,338968	29,434245	30,827379	29,632973	29,967027	-2,905304	1,031938	0,858539	164415,427804	-0,187842	7,068738	-0,019646	0,000000	2,042012	-0,124353	-0,124367	13,969600	0,054268	3,961748	1,798835
316,400000	7,668082	7,697737	1,129535	0,162666	1,930036	-1227,132434	3396,889460	-1340,276477	8,863682	953,809728	30,339699	29,435481	30,826030	29,636509	29,964207	-2,905351	1,029621	0,858024	164445,804953	-0,188762	7,068974	-0,019797	0,000000	2,043248	-0,124356	-0,124369	13,961139	0,054524	3,950836	1,797783
316,600000	7,667940	7,697897	1,130348	0,163449	1,927833	-1204,393888	3396,923929	-1313,977243	8,865740	951,572323	30,341296	29,434445	30,820670	29,634776	29,962442	-2,905357	1,025578	0,857174	164450,253959	-0,187845	7,068998	-0,019767	0,000000	2,043772	-0,124364	-0,124369	13,942561	0,054306	3,949356	1,795372
316,800000	7,667892	7,697891	1,123913	0,164545	1,929198	-1205,602401	3396,855010	-1317,118750	8,867734	950,904786	30,343057	29,431647	30,821039	29,629410	29,961957	-2,905359	1,021154	0,857551	164453,664354	-0,187376	7,069002	-0,019865	0,000000	2,043755	-0,124368	-0,124364	13,937352	0,053903	3,961372	1,794652
317,000000	7,667947	7,697730	1,118610	0,164236	1,932534	-1229,037995	3396,780583	-1350,400679	8,869420	952,860243	30,343179	29,431515	30,824830	29,627152	29,963186	-2,905425	1,018668	0,858313	164449,590809	-0,188202	7,068831	-0,019897	0,000000	2,043142	-0,124365	-0,124358	13,953900	0,053789	3,971173	1,796760
317,200000	7,667717	7,697726	1,119449	0,163177	1,932734	-1267,892231	3396,810407	-1392,619381	8,871058	954,612801	30,342522	29,432714	30,820247	29,630745	29,965671	-2,905453	1,020072	0,858336	164414,242496	-0,187679	7,068553	-0,019618	0,000000	2,042066	-0,124360	-0,124358	13,968452	0,053954	3,969366	1,798648
317,400000	7,667059	7,697519	1,119967	0,163295	1,931704	-1303,163990	3396,875293	-1423,250041	8,872839	954,875601	30,344541	29,434119	30,813508	29,635499	29,966914	-2,905439	1,019785	0,857723	164418,904832	-0,186310	7,068508	-0,019253	0,000000	2,042230	-0,124358	-0,124363	13,970589	0,054022	3,968168	1,798931
317,600000	7,666671	7,696983	1,121407	0,163939	1,933665	-1313,750834	3396,947800	-1435,030107	8,874630	954,640055	30,345991	29,436726	30,815075	29,637693	29,966425	-2,905435	1,016597	0,857453	164487,384959	-0,186424	7,068648	-0,019159	0,000000	2,043723	-0,124361	-0,124366	13,968529	0,054105	3,965292	1,798677
317,800000	7,666927	7,696699	1,128419	0,163899	1,935384	-1311,373769	3396,932974	-1428,188892	8,876403	953,645325	30,341741	29,437580	30,818831	29,635723	29,965875	-2,905334	1,016548	0,857713	164513,009723	-0,187381	7,068758	-0,019430	0,000000	2,044269	-0,124364	-0,124364	13,959932	0,054351	3,952192	1,797606
318,000000	7,667164	7,696846	1,134552	0,163683	1,933141	-1326,070373	3396,792072	-1420,573926	8,878159	952,430571	30,335963	29,434057	30,821780	29,630137	29,967453	-2,905177	1,021979	0,857837	164478,460845	-0,187872	7,068939	-0,019798	0,000000	2,043252	-0,124365	-0,124357	13,949741	0,054338	3,941084	1,796297
318,200000	7,667122	7,697007	1,134128	0,163704	1,931754	-1337,322743	3396,703617	-1423,951709	8,879850	953,039455	30,336779	29,429757	30,827039	29,626378	29,969449	-2,905208	1,030842	0,858191	164446,255749	-0,187415	7,069186	-0,019941	0,000000	2,042205	-0,124366	-0,124352	13,955076	0,054118	3,942203	1,796953
318,400000	7,667149	7,697047	1,127483	0,163667	1,934510	-1322,758906	3396,794344	-1431,803346	8,881674	954,375918	30,342425	29,429852	30,827653	29,626682	29,966221	-2,905414	1,036375	0,858644	164395,717941	-0,186256	7,069105	-0,019862	0,000000	2,042051	-0,124367	-0,124350	13,966461	0,053957	3,954503	1,798393
318,600000	7,667135	7,696957	1,119519	0,163546	1,937869	-1302,255650	3396,989386	-1439,435102	8,883793	955,615230	30,346531	29,433054	30,822282	29,629675	29,959764	-2,905446	1,034170	0,858588	164308,035052	-0,186233	7,068716	-0,019802	0,000000	2,042429	-0,124365	-0,124356	13,977040	0,053778	3,968998	1,799727
318,800000	7,666685	7,696715	1,113310	0,163846	1,936311	-1288,122675	3397,112223	-1442,409070	8,885880	956,675911	30,346246	29,436238	30,820608	29,633341	29,957972	-2,905305	1,027619	0,858145	164257,685718	-0,187279	7,068429	-0,019736	0,000000	2,042757	-0,124361	-0,124364	13,986137	0,053577	3,980328	1,800868
319,000000	7,665997	7,696784	1,112380	0,164525	1,931060	-1281,108267	3397,040786	-1442,903122	8,887603	955,921845	30,341572	29,437226	30,825541	29,633809	29,961238	-2,905298	1,023514	0,857703	164257,662945	-0,187243	7,068340	-0,019422	0,000000	2,043080	-0,124359	-0,124367	13,980010	0,053380	3,982113	1,800057
319,200000	7,665822	7,697026	1,116650	0,164710	1,926944	-1299,631737	3396,836304	-1451,865175	8,889327	954,527910	30,337282	29,434514	30,828967	29,632340	29,965974	-2,905421	1,025809	0,858028	164261,796410	-0,187406	7,068378	-0,019229	0,000000	2,043476	-0,124360	-0,124364	13,968547	0,053146	3,974291	1,798556
319,400000	7,666306	7,696848	1,121177	0,164345	1,923419	-1342,785242	3396,749491	-1470,425339	8,891244	954,160595	30,337340	29,431828	30,827982	29,632651	29,970048	-2,905478	1,030182	0,858542	164268,808135	-0,188170	7,068399	-0,019328	0,000000	2,043537	-0,124364	-0,124358	13,965511	0,053098	3,965757	1,798161
319,600000	7,666673	7,696565	1,123004	0,163974	1,920051	-1371,730162	3396,876732	-1485,034565	8,893072	955,215384	30,341170	29,431932	30,823174	29,633090	29,969766	-2,905421	1,031772	0,858467	164275,602555	-0,187456	7,068159	-0,019296	0,000000	2,043081	-0,124364	-0,124356	13,974051	0,053411	3,962013	1,799296
319,800000	7,666373	7,696540	1,119581	0,163512	1,920057	-1363,568245	3397,007118	-1486,044630	8,894837	956,581062	30,345220	29,433135	30,817902	29,632779	29,964069	-2,905388	1,030014	0,858330	164279,097674	-0,186176	7,067838	-0,019213	0,000000	2,042663	-0,124357	-0,124361	13,985219	0,053701	3,968139	1,800766
320,000000	7,665731	7,696608	1,114078	0,163352	1,923105	-1324,364698	3397,030330	-1468,554182	8,896685	955,976920	30,346131	29,433615	30,820766	29,631608	29,960262	-2,905424	1,025925	0,858314	164279,974412	-0,185745	7,067712	-0,019307	0,000000	2,042725	-0,124354	-0,124367	13,980256	0,053596	3,978466	1,800116
320,200000	7,665406	7,696584	1,113132	0,163977	1,923648	-1278,617344	3397,028508	-1442,205650	8,898312	955,452122	30,342443	29,433999	30,826178	29,627745	29,964774	-2,905425	1,022946	0,858273	164265,746273	-0,186004	7,067639	-0,019487	0,000000	2,042773	-0,124356	-0,124364	13,976235	0,053214	3,980262	1,799551
320,400000	7,665514	7,696425	1,118512	0,164271	1,922622	-1268,518641	3397,004860	-1427,026173	8,899805	956,252417	30,337395	29,435574	30,826900	29,624584	29,972381	-2,905390	1,023734	0,858325	164243,048220	-0,186467	7,067733	-0,019489	0,000000	2,042640	-0,124360	-0,124354	13,983139	0,053024	3,970116	1,800412
320,600000	7,665767	7,696088	1,124307	0,163695	1,925331	-1295,048286	3396,963078	-1422,549704	8,901713	956,674007	30,336835	29,436647	30,827324	29,626715	29,974290	-2,905356	1,027541	0,858753	164216,415909	-0,186861	7,067910	-0,019409	0,000000	2,042572	-0,124360	-0,124351	13,986477	0,053222	3,959216	1,800866
320,800000	7,665893	7,695545	1,123045	0,163469	1,930079	-1300,778149	3396,886441	-1414,853136	8,903746	956,705546	30,339710	29,435939	30,827973	29,633501	29,970576	-2,905393	1,030621	0,858978	164219,328890	-0,187542	7,067933	-0,019502	0,000000	2,042813	-0,124355	-0,124359	13,986359	0,053605	3,961354	1,800900
321,000000	7,665634	7,695243	1,116810	0,163986	1,930216	-1265,376231	3396,899109	-1398,333403	8,905526	955,775356	30,341778	29,435633	30,825062	29,638411	29,966202	-2,905444	1,030905	0,858574	164289,025512	-0,188119	7,068198	-0,019662	0,000000	2,043716	-0,124359	-0,124363	13,978244	0,053917	3,973005	1,799899
321,200000	7,665235	7,695344	1,115712	0,164489	1,925242	-1233,208957	3397,023214	-1378,893004	8,907205	955,411522	30,342265	29,435804	30,820428	29,635810	29,962614	-2,905329	1,031316	0,858244	164326,563359	-0,187287	7,068688	-0,019807	0,000000	2,044180	-0,124366	-0,124362	13,975269	0,053840	3,975328	1,799507
321,400000	7,665116	7,695379	1,120422	0,164539	1,922230	-1227,753729	3397,007305	-1365,093725	8,908882	957,176197	30,341614	29,433960	30,820412	29,629081	29,962531	-2,905280	1,034087	0,858333	164273,637348	-0,186517	7,068850	-0,019804	0,000000	2,043310	-0,124367	-0,124362	13,990593	0,053317	3,966624	1,801406
321,600000	7,665143	7,695259	1,121067	0,164013	1,922352	-1236,987330	3396,921241	-1362,560512	8,910481	957,878095	30,339909	29,432325	30,827224	29,624713	29,967542	-2,905401	1,036593	0,858398	164226,559109	-0,187646	7,068640	-0,019632	0,000000	2,042405	-0,124364	-0,124358	13,996838	0,052956	3,965355	1,802161
321,800000	7,665388	7,695103	1,118956	0,163252	1,922283	-1244,410037	3396,889851	-1367,729565	8,912076	956,058522	30,338858	29,433877	30,832382	29,628234	29,970914	-2,905553	1,037218	0,858161	164242,293136	-0,187890	7,068409	-0,019516	0,000000	2,042377	-0,124362	-0,124349	13,981311	0,053226	3,969154	1,800204
322,000000	7,665706	7,694969	1,119456	0,163451	1,922798	-1235,127696	3396,950015	-1366,135664	8,913736	955,300305	30,339163	29,436352	30,828376	29,636550	29,968883	-2,905526	1,036759	0,857847	164276,239724	-0,185526	7,068332	-0,019525	0,000000	2,042646	-0,124358	-0,124352	13,974350	0,053826	3,968027	1,799388
322,200000	7,665593	7,694987	1,119332	0,164286	1,925345	-1207,992225	3397,059084	-1348,815804	8,915407	957,165783	30,338899	29,437561	30,821889	29,639955	29,965990	-2,905246	1,036164	0,857663	164293,452673	-0,184132	7,068339	-0,019593	0,000000	2,043032	-0,124355	-0,124364	13,989653	0,054170	3,968170	1,801395
322,400000	7,665277	7,695049	1,118953	0,164342	1,927327	-1185,690896	3397,026968	-1324,746735	8,917277	958,862975	30,337250	29,436926	30,822594	29,636114	29,964866	-2,905174	1,035798	0,858085	164318,350150	-0,185304	7,068254	-0,019576	0,000000	2,043682	-0,124359	-0,124367	14,004088	0,053959	3,968878	1,803219
322,600000	7,665088	7,695038	1,121025	0,163917	1,925313	-1188,472806	3396,885488	-1312,710487	8,919322	959,088442	30,335492	29,434071	30,829315	29,629185	29,964810	-2,905377	1,034124	0,858870	164301,165278	-0,186139	7,068153	-0,019507	0,000000	2,043500	-0,124364	-0,124363	14,006425	0,053510	3,965062	1,803462
322,800000	7,665019	7,694878	1,121953	0,163623	1,924044	-1193,932228	3396,843064	-1315,640765	8,921235	958,818923	30,336463	29,431321	30,834208	29,626380	29,965984	-2,905448	1,033595	0,859062	164235,961650	-0,186197	7,068211	-0,019615	0,000000	2,042471	-0,124366	-0,124358	14,004463	0,053215	3,963390	1,803172
323,000000	7,664880	7,694421	1,121166	0,163531	1,926632	-1179,507805	3396,986692	-1311,782071	8,922889	958,674487	30,340537	29,430767	30,836232	29,629960	29,967408	-2,905378	1,034689	0,858804	164228,867247	-0,186839	7,068212	-0,019732	0,000000	2,042292	-0,124364	-0,124356	14,003280	0,053188	3,964686	1,803017
323,200000	7,664637	7,694023	1,122984	0,163757	1,928355	-1152,326771	3397,113902	-1287,906644	8,924536	958,688167	30,344371	29,431996	30,833699	29,634601	29,966754	-2,905575	1,035543	0,858376	164273,148455	-0,186576	7,068035	-0,019632	0,000000	2,043031	-0,124363	-0,124355	14,003227	0,053355	3,960958	1,803031
323,400000	7,664433	7,694122	1,125023	0,164353	1,926950	-1134,429342	3397,104789	-1261,668628	8,926340	959,599433	30,344360	29,434108	30,825988	29,636059	29,964503	-2,905765	1,038837	0,857943	164297,550869	-0,186189	7,068046	-0,019537	0,000000	2,043614	-0,124365	-0,124355	14,010856	0,053359	3,957078	1,804011
323,600000	7,664206	7,694406	1,126208	0,164660	1,926353	-1141,992707	3397,014846	-1253,055747	8,928046	960,782702	30,340965	29,435290	30,824054	29,635020	29,964915	-2,905469	1,041337	0,857669	164282,594268	-0,187831	7,068265	-0,019598	0,000000	2,043625	-0,124363	-0,124360	14,021103	0,053020	3,955082	1,805281
323,800000	7,664082	7,694378	1,124507	0,164068	1,928199	-1163,017167	3396,856926	-1267,740614	8,929593	960,129105	30,336592	29,433594	30,829091	29,634082	29,968765	-2,905172	1,040011	0,857725	164264,204738	-0,188895	7,068343	-0,019793	0,000000	2,043345	-0,124360	-0,124365	14,015978	0,052673	3,958371	1,804580
324,000000	7,664358	7,694092	1,118428	0,163339	1,927845	-1183,207056	3396,764731	-1299,949985	8,931243	958,781798	30,334682	29,430235	30,830419	29,632494	29,970593	-2,905195	1,037073	0,858411	164266,162640	-0,187912	7,068236	-0,019988	0,000000	2,043024	-0,124361	-0,124363	14,004661	0,052706	3,969607	1,803132
324,200000	7,664467	7,693867	1,117818	0,163183	1,926174	-1199,431728	3396,849789	-1327,172706	8,933105	958,452152	30,338670	29,430607	30,827941	29,630820	29,968352	-2,905268	1,034975	0,858927	164261,694551	-0,187279	7,068109	-0,019887	0,000000	2,042734	-0,124359	-0,124362	14,001482	0,053122	3,970540	1,802778
324,400000	7,663942	7,693771	1,122936	0,163323	1,927463	-1207,125686	3397,044170	-1332,383788	8,934870	958,622036	30,344109	29,435485	30,826354	29,631473	29,964237	-2,905253	1,035290	0,858749	164248,288430	-0,187264	7,068115	-0,019650	0,000000	2,042639	-0,124355	-0,124364	14,002524	0,053504	3,960836	1,802960
324,600000	7,663435	7,693776	1,125294	0,163221	1,929695	-1203,297690	3397,169225	-1325,983358	8,936489	958,730404	30,344507	29,439170	30,826591	29,632460	29,961199	-2,905324	1,035201	0,858383	164248,333497	-0,186729	7,068164	-0,019548	0,000000	2,042688	-0,124353	-0,124361	14,003531	0,053405	3,956421	1,803077
324,800000	7,663429	7,693799	1,126082	0,163111	1,928851	-1196,980618	3397,093332	-1318,894191	8,938237	958,710621	30,339914	29,439699	30,830932	29,631346	29,962696	-2,905379	1,034415	0,858158	164291,118304	-0,187344	7,068190	-0,019473	0,000000	2,042916	-0,124355	-0,124359	14,003699	0,053071	3,955029	1,803056
325,000000	7,663653	7,693780	1,124223	0,163425	1,927042	-1199,592774	3396,943139	-1316,639969	8,939999	958,693159	30,335319	29,437345	30,835027	29,628804	29,969415	-2,905241	1,034585	0,857975	164379,616036	-0,188430	7,068151	-0,019591	0,000000	2,043314	-0,124359	-0,124358	14,003564	0,053060	3,958548	1,803037
325,200000	7,663694	7,693698	1,121762	0,163456	1,928641	-1205,483252	3396,924550	-1326,621784	8,941675	958,743478	30,334462	29,433797	30,832407	29,629126	29,974624	-2,905259	1,035430	0,857965	164447,130637	-0,187619	7,068007	-0,019839	0,000000	2,043505	-0,124363	-0,124351	14,003481	0,053564	3,963036	1,803091
325,400000	7,663397	7,693404	1,124230	0,163358	1,931401	-1203,311191	3397,024863	-1334,449427	8,943448	958,821272	30,337422	29,433248	30,827904	29,634454	29,970844	-2,905453	1,035810	0,858237	164454,629060	-0,186990	7,067958	-0,019888	0,000000	2,043418	-0,124363	-0,124351	14,003477	0,054220	3,958216	1,803175
325,600000	7,662916	7,693127	1,126640	0,163681	1,932002	-1195,663708	3397,058330	-1326,595732	8,945235	958,857058	30,340976	29,434960	30,828464	29,637978	29,963808	-2,905561	1,034146	0,858535	164449,590934	-0,187333	7,068117	-0,019881	0,000000	2,043452	-0,124360	-0,124359	14,003492	0,054505	3,953675	1,803213
325,800000	7,662605	7,693259	1,123062	0,163612	1,932608	-1198,540374	3396,959013	-1323,390999	8,946881	958,862169	30,341481	29,435329	30,829504	29,635087	29,962598	-2,905623	1,031734	0,858778	164472,668030	-0,187778	7,068406	-0,019918	0,000000	2,043956	-0,124363	-0,124361	14,003498	0,054542	3,960573	1,803218
326,000000	7,662698	7,693573	1,118578	0,163191	1,935368	-1213,159996	3396,872523	-1337,308819	8,948543	958,847804	30,339962	29,434907	30,827623	29,628939	29,967505	-2,905643	1,031455	0,858599	164484,233764	-0,187982	7,068566	-0,019794	0,000000	2,043972	-0,124366	-0,124360	14,003498	0,054422	3,969173	1,803203
326,200000	7,662996	7,693640	1,122244	0,162981	1,937387	-1219,691281	3396,834825	-1343,789237	8,950202	958,820836	30,338521	29,434420	30,829931	29,624822	29,973208	-2,905551	1,033726	0,858319	164434,873843	-0,186976	7,068426	-0,019478	0,000000	2,042670	-0,124361	-0,124358	14,003496	0,054197	3,962302	1,803174
326,400000	7,663124	7,693394	1,124509	0,163103	1,934781	-1212,110575	3396,840533	-1336,276831	8,951883	959,718321	30,337485	29,433792	30,835910	29,627012	29,974680	-2,905379	1,034395	0,858440	164392,246719	-0,186692	7,068254	-0,019379	0,000000	2,041871	-0,124353	-0,124355	14,010913	0,054298	3,957954	1,804138
326,600000	7,663191	7,692958	1,119131	0,163161	1,930600	-1200,363027	3396,912988	-1332,323914	8,953587	961,867173	30,337065	29,434829	30,838403	29,633987	29,971422	-2,905276	1,032710	0,858394	164426,287854	-0,187506	7,068173	-0,019594	0,000000	2,042731	-0,124349	-0,124355	14,028489	0,054710	3,967779	1,806446
326,800000	7,663014	7,692766	1,118948	0,162975	1,928566	-1197,373867	3396,969882	-1335,052004	8,955141	963,380943	30,337537	29,435503	30,834568	29,637439	29,967343	-2,905351	1,033233	0,857930	164482,068848	-0,186675	7,068132	-0,019802	0,000000	2,043772	-0,124352	-0,124361	14,040948	0,054911	3,967951	1,808070
327,000000	7,662360	7,692958	1,124550	0,163335	1,927234	-1210,696824	3396,995419	-1339,671883	8,956849	963,483095	30,337998	29,433499	30,829379	29,632385	29,966818	-2,905355	1,035149	0,857715	164494,692908	-0,186326	7,068241	-0,020037	0,000000	2,043839	-0,124362	-0,124364	14,042111	0,054602	3,957590	1,808179
327,200000	7,661945	7,693017	1,123400	0,163768	1,925998	-1224,928003	3396,996362	-1344,465299	8,958898	963,187036	30,337777	29,431804	30,829600	29,624714	29,968821	-2,905260	1,035321	0,857936	164463,828759	-0,187169	7,068498	-0,020239	0,000000	2,043353	-0,124371	-0,124355	14,040101	0,054137	3,959932	1,807862
327,400000	7,662128	7,692914	1,116166	0,163210	1,928259	-1212,969757	3396,976794	-1346,933756	8,960881	963,042345	30,337974	29,431416	30,830877	29,622663	29,970521	-2,905399	1,033850	0,858284	164418,533512	-0,186315	7,068811	-0,020012	0,000000	2,042884	-0,124368	-0,124349	14,039130	0,053898	3,973626	1,807706
327,600000	7,662443	7,692905	1,116562	0,162619	1,931775	-1179,479420	3396,909117	-1335,735955	8,962594	962,159950	30,340097	29,431587	30,829086	29,628046	29,970501	-2,905543	1,032566	0,858845	164396,062770	-0,186177	7,069004	-0,019582	0,000000	2,042490	-0,124360	-0,124356	14,031748	0,053900	3,972961	1,806760
327,800000	7,662408	7,693029	1,124362	0,163118	1,929628	-1162,728811	3396,892696	-1311,391201	8,964158	960,994036	30,343421	29,434566	30,827995	29,634469	29,967903	-2,905508	1,031616	0,858846	164447,019666	-0,187215	7,068927	-0,019674	0,000000	2,042995	-0,124360	-0,124362	14,021793	0,054099	3,958325	1,805508
328,000000	7,662112	7,693120	1,126104	0,163762	1,925593	-1182,114119	3397,050831	-1299,475905	8,965598	961,652849	30,342459	29,439316	30,827546	29,635057	29,965171	-2,905488	1,029953	0,858140	164526,757024	-0,186830	7,068597	-0,020072	0,000000	2,044007	-0,124366	-0,124365	14,026977	0,054428	3,954867	1,806216
328,200000	7,662116	7,693056	1,124367	0,163712	1,927683	-1216,374168	3397,093403	-1313,303784	8,967174	963,024141	30,335956	29,439706	30,826993	29,631192	29,965708	-2,905494	1,028862	0,857668	164525,583643	-0,186469	7,068251	-0,020059	0,000000	2,043745	-0,124368	-0,124368	14,038259	0,054617	3,957867	1,807687
328,400000	7,662356	7,692893	1,122469	0,163513	1,934389	-1232,115353	3396,925760	-1338,510473	8,968978	962,500359	30,331589	29,435886	30,830335	29,627560	29,969550	-2,905404	1,029555	0,857645	164464,078516	-0,187045	7,068217	-0,019841	0,000000	2,042842	-0,124368	-0,124364	14,033996	0,054499	3,961410	1,807125
328,600000	7,662392	7,692514	1,118688	0,163743	1,936580	-1218,087570	3396,807753	-1351,715038	8,970670	960,254991	30,333737	29,434191	30,835285	29,626736	29,972840	-2,905409	1,030433	0,858155	164429,861138	-0,186978	7,068477	-0,019831	0,000000	2,042613	-0,124366	-0,124356	14,015377	0,054328	3,968543	1,804715
328,800000	7,662200	7,692083	1,120413	0,163881	1,933472	-1202,763898	3396,814970	-1348,610172	8,972334	959,531201	30,338650	29,435038	30,834858	29,629054	29,970683	-2,905676	1,030610	0,858649	164432,698715	-0,186470	7,068844	-0,019904	0,000000	2,042928	-0,124362	-0,124353	14,009331	0,054313	3,965306	1,803937
329,000000	7,661805	7,691809	1,127948	0,163738	1,931753	-1224,543211	3396,871389	-1349,321631	8,974162	960,587771	30,341809	29,436025	30,830988	29,631862	29,964307	-2,905739	1,033330	0,858482	164443,198493	-0,186724	7,069098	-0,019861	0,000000	2,043177	-0,124360	-0,124353	14,018160	0,054331	3,951210	1,805072
329,200000	7,661435	7,691693	1,133434	0,163830	1,932608	-1272,530807	3396,907146	-1364,002701	8,975975	960,203519	30,339938	29,436943	30,831786	29,632769	29,962342	-2,905533	1,036582	0,858098	164446,180083	-0,186911	7,069169	-0,019586	0,000000	2,043041	-0,124363	-0,124360	14,015190	0,054085	3,941028	1,804659
329,400000	7,661569	7,691902	1,127502	0,163815	1,933990	-1296,445217	3396,913365	-1384,497713	8,977650	958,953575	30,333060	29,435795	30,837294	29,632881	29,968028	-2,905367	1,035986	0,857991	164436,016199	-0,186437	7,069236	-0,019221	0,000000	2,043121	-0,124364	-0,124365	14,004946	0,053860	3,952243	1,803317
329,600000	7,662038	7,692183	1,117075	0,163595	1,934443	-1283,710341	3396,829646	-1402,162309	8,979305	958,603380	30,328671	29,432781	30,840221	29,632502	29,974297	-2,905333	1,034148	0,858014	164429,408667	-0,185837	7,069215	-0,019147	0,000000	2,043486	-0,124366	-0,124358	14,001742	0,054130	3,971915	1,802940
329,800000	7,662007	7,691941	1,119131	0,163284	1,933679	-1277,148710	3396,772847	-1418,121948	8,981032	958,756217	30,331995	29,431812	30,838059	29,631491	29,975409	-2,905281	1,033626	0,857972	164439,059789	-0,185676	7,069094	-0,019479	0,000000	2,043156	-0,124369	-0,124353	14,002564	0,054588	3,967866	1,803105
330,000000	7,661331	7,691277	1,129134	0,162887	1,931296	-1314,573592	3396,892449	-1432,096107	8,982756	958,894670	30,337178	29,433317	30,833289	29,632628	29,971313	-2,905233	1,034231	0,857962	164449,802373	-0,186034	7,069032	-0,019920	0,000000	2,042455	-0,124367	-0,124358	14,003495	0,054817	3,948795	1,803253
330,200000	7,660501	7,690886	1,130633	0,162582	1,928585	-1374,382369	3397,016297	-1454,970822	8,984402	958,915258	30,337955	29,435029	30,830389	29,634677	29,964587	-2,905459	1,033350	0,857964	164437,425000	-0,186362	7,069171	-0,019943	0,000000	2,042405	-0,124361	-0,124361	14,003678	0,054806	3,945854	1,803276
330,400000	7,659976	7,690823	1,124584	0,162783	1,928837	-1397,846819	3397,024158	-1489,855574	8,986016	958,864176	30,336551	29,436117	30,831800	29,632163	29,962192	-2,905714	1,031283	0,857764	164379,737804	-0,187273	7,069613	-0,019702	0,000000	2,042684	-0,124358	-0,124360	14,003563	0,054493	3,957318	1,803221
330,600000	7,660093	7,690810	1,122349	0,163506	1,930825	-1368,850892	3396,985355	-1500,074494	8,987703	958,800939	30,334525	29,436901	30,834489	29,627019	29,968043	-2,905632	1,032287	0,857610	164295,674004	-0,188159	7,070050	-0,019720	0,000000	2,042746	-0,124360	-0,124358	14,003485	0,054042	3,961750	1,803153
330,800000	7,660495	7,690962	1,125093	0,163641	1,930835	-1324,081385	3396,947318	-1473,826159	8,989442	958,771458	30,332364	29,436342	30,834130	29,625802	29,975360	-2,905359	1,034426	0,857611	164239,704623	-0,187060	7,070200	-0,019676	0,000000	2,042660	-0,124364	-0,124359	14,003479	0,053801	3,956789	1,803121
331,000000	7,660537	7,690946	1,126180	0,163271	1,928467	-1298,118146	3396,864170	-1445,018969	8,991198	958,753588	30,333438	29,434061	30,831003	29,629232	29,977416	-2,905284	1,034161	0,857630	164216,919395	-0,185805	7,070037	-0,019449	0,000000	2,042505	-0,124361	-0,124366	14,003492	0,053638	3,954656	1,803102
331,200000	7,660468	7,690581	1,121859	0,163369	1,928259	-1292,929621	3396,834190	-1437,173828	8,992990	958,740913	30,336656	29,432948	30,830403	29,634738	29,973502	-2,905380	1,033147	0,857720	164238,754173	-0,186491	7,069774	-0,019397	0,000000	2,042845	-0,124356	-0,124370	14,003498	0,053526	3,962406	1,803088
331,400000	7,660670	7,690333	1,117229	0,163599	1,930686	-1293,420426	3396,938406	-1442,802049	8,994748	958,748601	30,337662	29,433324	30,832449	29,637074	29,966785	-2,905439	1,034408	0,857769	164301,709283	-0,187348	7,069762	-0,019431	0,000000	2,043850	-0,124361	-0,124368	14,003497	0,053591	3,970976	1,803096
331,600000	7,660606	7,690454	1,119260	0,163759	1,929900	-1300,101418	3396,960628	-1446,076855	8,996441	959,651424	30,336261	29,433669	30,833289	29,633707	29,963799	-2,905519	1,036639	0,857952	164313,015723	-0,187367	7,069949	-0,019408	0,000000	2,044058	-0,124366	-0,124365	14,010913	0,053737	3,967336	1,804066
331,800000	7,660466	7,690611	1,124921	0,164118	1,926434	-1321,809401	3396,967565	-1448,770398	8,998158	961,752437	30,334944	29,434372	30,834397	29,628855	29,967935	-2,905547	1,037973	0,858135	164272,284603	-0,186918	7,070079	-0,019475	0,000000	2,043102	-0,124362	-0,124360	14,028488	0,053750	3,956910	1,806322
332,000000	7,660546	7,690538	1,124562	0,164059	1,925278	-1347,588035	3397,051115	-1458,898291	8,999929	962,344164	30,333837	29,434884	30,837533	29,626298	29,974073	-2,905463	1,039910	0,858116	164253,166324	-0,186071	7,070129	-0,019709	0,000000	2,042333	-0,124357	-0,124357	14,033531	0,053658	3,957610	1,806957
332,200000	7,660401	7,690372	1,118940	0,163459	1,926891	-1352,249193	3397,020532	-1470,031661	9,001609	960,385389	30,333362	29,434447	30,838228	29,629029	29,975897	-2,905561	1,041409	0,858155	164252,129693	-0,185618	7,070202	-0,019913	0,000000	2,042434	-0,124354	-0,124361	14,017118	0,053679	3,968094	1,804855
332,400000	7,660267	7,690126	1,114443	0,163191	1,926501	-1332,245035	3396,962659	-1473,966202	9,003236	958,656224	30,335485	29,434549	30,834151	29,634261	29,973687	-2,905697	1,040665	0,858252	164253,414750	-0,186104	7,070215	-0,019927	0,000000	2,043055	-0,124353	-0,124368	14,002648	0,053666	3,976378	1,802997
332,600000	7,660057	7,689928	1,112839	0,163724	1,924644	-1308,933672	3396,952882	-1468,511962	9,005000	958,382833	30,337546	29,436231	30,830601	29,635850	29,969726	-2,905565	1,039410	0,858007	164279,466923	-0,186571	7,070123	-0,019832	0,000000	2,043819	-0,124359	-0,124368	14,000515	0,053508	3,979187	1,802703
332,800000	7,659670	7,689873	1,114600	0,164400	1,923941	-1299,657846	3396,913474	-1455,721122	9,006758	959,489798	30,334820	29,435899	30,831626	29,632548	29,966467	-2,905502	1,040851	0,857546	164329,098022	-0,186342	7,070169	-0,019755	0,000000	2,044209	-0,124364	-0,124364	14,009978	0,053319	3,975890	1,803893
333,000000	7,659808	7,689915	1,117939	0,164114	1,921837	-1301,297130	3396,784574	-1445,025815	9,008527	960,833208	30,330227	29,431777	30,834046	29,627101	29,967249	-2,905453	1,042699	0,857296	164314,492534	-0,186825	7,070263	-0,019666	0,000000	2,043347	-0,124364	-0,124362	14,021309	0,053236	3,969777	1,805336
333,200000	7,660213	7,689966	1,120093	0,163115	1,918780	-1304,839039	3396,706826	-1439,487411	9,010302	960,231613	30,330556	29,430056	30,834382	29,624259	29,970674	-2,905260	1,041191	0,857378	164242,661853	-0,188261	7,070120	-0,019550	0,000000	2,042095	-0,124361	-0,124359	14,016227	0,053283	3,965712	1,804690
333,400000	7,660162	7,689834	1,120259	0,162325	1,917929	-1304,339544	3396,865799	-1432,259595	9,011913	958,871951	30,337437	29,432975	30,834784	29,626184	29,972512	-2,905180	1,039303	0,857933	164233,808686	-0,188808	7,069909	-0,019656	0,000000	2,042046	-0,124360	-0,124359	14,004712	0,053410	3,965190	1,803229
333,600000	7,659682	7,689711	1,117846	0,162408	1,919487	-1290,096935	3397,112012	-1420,424475	9,013586	959,386835	30,343157	29,435695	30,833350	29,630891	29,971878	-2,905329	1,039511	0,858094	164271,534419	-0,187245	7,069711	-0,019936	0,000000	2,042868	-0,124361	-0,124362	14,008870	0,053565	3,969487	1,803782
333,800000	7,659101	7,689733	1,115520	0,163417	1,919791	-1269,372783	3397,240449	-1405,501211	9,015344	960,735793	30,340938	29,436338	30,829000	29,633807	29,970656	-2,905359	1,040713	0,857605	164292,350665	-0,185142	7,069543	-0,019970	0,000000	2,043191	-0,124362	-0,124362	14,020078	0,053652	3,973703	1,805231
334,000000	7,658872	7,689819	1,118008	0,164298	1,918215	-1258,371559	3397,124634	-1390,732200	9,016883	960,251331	30,335860	29,435330	30,828466	29,632704	29,972958	-2,904961	1,041570	0,857514	164293,785769	-0,185422	7,069584	-0,019651	0,000000	2,042979	-0,124362	-0,124364	14,015989	0,053686	3,969102	1,804711
334,200000	7,658876	7,689885	1,120255	0,164187	1,918284	-1255,677770	3396,917195	-1381,708035	9,018282	958,911920	30,331967	29,433186	30,833356	29,629371	29,977980	-2,904769	1,041593	0,857670	164292,411703	-0,187364	7,069610	-0,019300	0,000000	2,042836	-0,124363	-0,124364	14,004865	0,053591	3,965030	1,803272
334,400000	7,658959	7,689709	1,120324	0,163507	1,919844	-1252,303638	3396,881000	-1377,978368	9,019886	957,623639	30,330549	29,431176	30,836254	29,626467	29,978467	-2,905121	1,040449	0,857724	164296,718314	-0,188002	7,069406	-0,019301	0,000000	2,042654	-0,124362	-0,124362	13,994138	0,053522	3,964772	1,801887
334,600000	7,659208	7,689411	1,120538	0,163448	1,919554	-1248,140363	3397,035307	-1372,298056	9,021725	956,557695	30,334678	29,432320	30,831878	29,626788	29,973380	-2,905476	1,037425	0,857708	164281,702856	-0,187332	7,069110	-0,019521	0,000000	2,042688	-0,124360	-0,124358	13,984935	0,053788	3,963996	1,800741
334,800000	7,659317	7,689323	1,118398	0,163724	1,917994	-1237,981148	3397,178808	-1362,366171	9,023520	957,327891	30,339345	29,436209	30,826541	29,629768	29,968000	-2,905533	1,033297	0,857607	164265,472180	-0,186741	7,068977	-0,019604	0,000000	2,042811	-0,124360	-0,124357	13,991052	0,054129	3,967766	1,801569
335,000000	7,659141	7,689449	1,119159	0,163552	1,919217	-1210,010578	3397,110985	-1347,625758	9,025209	958,710623	30,337586	29,437444	30,827476	29,631289	29,966668	-2,905464	1,031327	0,857750	164273,246998	-0,186208	7,069080	-0,019495	0,000000	2,042599	-0,124362	-0,124362	14,002532	0,054238	3,966451	1,803056
335,200000	7,659089	7,689456	1,121986	0,163532	1,922263	-1184,033865	3396,996265	-1328,113227	9,026929	958,172830	30,332599	29,435680	30,832447	29,630558	29,969958	-2,905375	1,033700	0,858106	164277,012774	-0,186093	7,069175	-0,019225	0,000000	2,042374	-0,124363	-0,124363	13,998159	0,054105	3,961309	1,802478
335,400000	7,659246	7,689203	1,122035	0,163501	1,923437	-1181,165606	3396,925862	-1312,748072	9,028642	956,807321	30,329535	29,434134	30,834380	29,629926	29,975837	-2,905229	1,036943	0,858253	164272,050426	-0,186915	7,069095	-0,019028	0,000000	2,042475	-0,124363	-0,124358	13,986878	0,053939	3,961104	1,801009
335,600000	7,658925	7,688877	1,120831	0,163064	1,924014	-1175,848544	3396,836216	-1305,127748	9,030295	957,326479	30,330623	29,434081	30,832013	29,631497	29,977718	-2,905169	1,037995	0,857956	164267,531345	-0,187604	7,068985	-0,019166	0,000000	2,042704	-0,124363	-0,124355	13,990983	0,054187	3,963113	1,801568
335,800000	7,658302	7,688721	1,119505	0,163293	1,925990	-1152,864788	3396,808714	-1291,748171	9,031920	958,711334	30,335445	29,434928	30,831040	29,635041	29,971590	-2,905186	1,035805	0,857938	164255,596466	-0,187158	7,069023	-0,019466	0,000000	2,042882	-0,124363	-0,124358	14,002126	0,054650	3,965519	1,803056
336,000000	7,658032	7,688813	1,119216	0,164079	1,926783	-1130,041606	3396,870637	-1269,202394	9,033530	959,087841	30,337953	29,435650	30,832095	29,635347	29,965229	-2,905147	1,031998	0,857984	164251,095238	-0,186195	7,069076	-0,019594	0,000000	2,043268	-0,124362	-0,124362	14,005440	0,054490	3,966135	1,803461
336,200000	7,658158	7,688771	1,118657	0,164014	1,923558	-1120,826083	3396,989648	-1256,794206	9,035063	958,013694	30,335780	29,436145	30,833035	29,631026	29,965549	-2,905254	1,031406	0,857639	164287,839581	-0,185587	7,069131	-0,019569	0,000000	2,043888	-0,124361	-0,124358	13,997065	0,053865	3,967200	1,802307
336,400000	7,658463	7,688436	1,119675	0,163490	1,921360	-1136,016597	3397,047659	-1265,822005	9,036542	955,764392	30,332820	29,436286	30,833866	29,627894	29,971747	-2,905530	1,032862	0,858178	164338,175217	-0,185852	7,069215	-0,019640	0,000000	2,043609	-0,124363	-0,124354	13,978487	0,053582	3,965197	1,799887
336,600000	7,658645	7,688082	1,119478	0,163261	1,923153	-1181,724587	3396,970505	-1298,001431	9,038184	954,289213	30,331887	29,435643	30,834830	29,627971	29,978368	-2,905620	1,033993	0,858872	164364,510623	-0,186965	7,069116	-0,019703	0,000000	2,042337	-0,124365	-0,124354	13,965845	0,053844	3,965370	1,798299
336,800000	7,658365	7,687999	1,116476	0,163169	1,924169	-1232,154479	3396,869293	-1341,694773	9,039984	953,336504	30,332588	29,434526	30,837739	29,630267	29,979583	-2,905485	1,035147	0,858621	164400,491780	-0,187727	7,068988	-0,019610	0,000000	2,042085	-0,124361	-0,124357	13,957394	0,054296	3,970940	1,797273
337,000000	7,657799	7,688280	1,119163	0,163222	1,922572	-1253,604024	3396,856404	-1368,030020	9,041709	951,513085	30,333169	29,434148	30,836972	29,635993	29,975116	-2,905367	1,036391	0,858359	164442,355185	-0,187269	7,068954	-0,019536	0,000000	2,043096	-0,124357	-0,124359	13,941912	0,054457	3,966008	1,795308
337,200000	7,657696	7,688435	1,127360	0,163614	1,922412	-1256,345068	3396,925074	-1367,799336	9,043385	950,118557	30,333510	29,434453	30,829643	29,639222	29,970105	-2,905383	1,036943	0,858131	164457,892394	-0,186499	7,068647	-0,019530	0,000000	2,043750	-0,124355	-0,124363	13,930428	0,054215	3,950517	1,793804
337,400000	7,657877	7,688116	1,131069	0,164116	1,926182	-1253,106218	3396,949298	-1354,464667	9,045070	949,923474	30,334071	29,434349	30,828448	29,633380	29,969898	-2,905346	1,035646	0,857848	164457,512838	-0,186605	7,068161	-0,019515	0,000000	2,043657	-0,124358	-0,124363	13,929217	0,053786	3,943206	1,793594
337,600000	7,657845	7,687701	1,126300	0,163910	1,928863	-1233,872871	3396,950316	-1340,271704	9,046723	950,113252	30,333547	29,434389	30,834351	29,625582	29,972984	-2,905292	1,033726	0,858021	164451,900973	-0,186821	7,067954	-0,019460	0,000000	2,043449	-0,124364	-0,124359	13,931017	0,053582	3,951827	1,793798
337,800000	7,657568	7,687371	1,120469	0,163423	1,929616	-1208,878435	3396,974701	-1335,368206	9,048463	950,256314	30,332321	29,434078	30,836529	29,625117	29,975148	-2,905481	1,032262	0,858301	164421,855950	-0,186317	7,068079	-0,019569	0,000000	2,042908	-0,124366	-0,124357	13,931920	0,053882	3,962652	1,793953
338,000000	7,657211	7,687088	1,118758	0,163399	1,931117	-1201,679012	3396,913307	-1339,902054	9,050272	949,431616	30,334316	29,432728	30,833157	29,630877	29,975707	-2,905604	1,032493	0,858127	164408,426836	-0,186010	7,068326	-0,019866	0,000000	2,042345	-0,124361	-0,124361	13,924484	0,054381	3,965836	1,793063
338,200000	7,656992	7,687000	1,118943	0,163367	1,931446	-1219,519859	3396,931676	-1349,124473	9,051945	947,344892	30,338004	29,433351	30,829215	29,635766	29,973942	-2,905457	1,034078	0,857831	164454,657069	-0,185685	7,068495	-0,020016	0,000000	2,042983	-0,124360	-0,124367	13,906725	0,054576	3,965486	1,790810
338,400000	7,656817	7,687105	1,118733	0,163571	1,928848	-1248,031828	3397,037067	-1370,162495	9,053514	946,743528	30,337079	29,436419	30,828028	29,636457	29,971374	-2,905264	1,034484	0,857852	164487,360721	-0,185010	7,068444	-0,019739	0,000000	2,043973	-0,124364	-0,124369	13,901618	0,054617	3,965840	1,790160
338,600000	7,657000	7,687216	1,121259	0,164111	1,925810	-1265,686172	3397,000967	-1388,106287	9,055121	948,706251	30,332141	29,437884	30,830919	29,634087	29,971309	-2,905187	1,033548	0,858108	164473,893894	-0,185087	7,068181	-0,019286	0,000000	2,043926	-0,124368	-0,124361	13,918043	0,054718	3,961038	1,792280
338,800000	7,657402	7,687179	1,125210	0,164073	1,925939	-1269,954707	3396,938615	-1384,357489	9,056733	950,439180	30,328773	29,436859	30,837986	29,631140	29,973723	-2,905263	1,033435	0,858322	164441,122571	-0,186316	7,067988	-0,019355	0,000000	2,043179	-0,124371	-0,124353	13,932530	0,054810	3,953652	1,794150
339,000000	7,657279	7,687168	1,124958	0,163653	1,927846	-1265,772412	3396,948856	-1375,555326	9,058179	950,714115	30,329473	29,436122	30,843313	29,629729	29,975743	-2,905481	1,034207	0,858222	164419,022726	-0,187393	7,067993	-0,019811	0,000000	2,042548	-0,124367	-0,124352	13,934667	0,054985	3,954197	1,794446
339,200000	7,656859	7,687115	1,123699	0,163385	1,928651	-1253,780051	3396,933016	-1374,763890	9,059535	950,496912	30,333637	29,435851	30,840503	29,629720	29,973756	-2,905775	1,033611	0,857919	164425,155138	-0,187206	7,067985	-0,019999	0,000000	2,042623	-0,124361	-0,124355	13,932620	0,055206	3,956480	1,794212
339,400000	7,656680	7,686731	1,120564	0,163359	1,929370	-1248,615696	3396,886785	-1381,261747	9,061172	950,367770	30,337582	29,435790	30,832766	29,630299	29,969825	-2,905781	1,032485	0,857468	164438,009090	-0,186687	7,067869	-0,019851	0,000000	2,042967	-0,124356	-0,124359	13,931445	0,055295	3,961992	1,794073
339,600000	7,656628	7,686288	1,123050	0,163607	1,931303	-1252,119115	3396,982138	-1381,761113	9,062971	950,343642	30,336142	29,437065	30,831616	29,630963	29,969887	-2,905437	1,031263	0,857190	164441,488508	-0,186385	7,067814	-0,019724	0,000000	2,043061	-0,124354	-0,124362	13,931412	0,055125	3,957086	1,794047
339,800000	7,656567	7,686215	1,133912	0,163578	1,931897	-1241,268999	3397,052909	-1354,055887	9,064688	950,325787	30,330085	29,436680	30,837819	29,631519	29,974277	-2,905251	1,028165	0,857598	164435,437912	-0,186553	7,067940	-0,019716	0,000000	2,043369	-0,124358	-0,124361	13,931630	0,054757	3,937054	1,794028
340,000000	7,656553	7,686477	1,132708	0,163217	1,930879	-1198,387308	3396,901494	-1313,243839	9,066592	950,318606	30,325893	29,433024	30,841953	29,631528	29,978899	-2,905311	1,026424	0,858014	164436,209654	-0,186838	7,068085	-0,019687	0,000000	2,043593	-0,124363	-0,124358	13,931717	0,054610	3,939581	1,794020
340,200000	7,656407	7,686383	1,120232	0,162945	1,932986	-1149,406379	3396,908483	-1294,434824	9,068489	950,365736	30,327838	29,431746	30,840424	29,631630	29,979900	-2,905359	1,028517	0,858010	164455,404002	-0,186416	7,067968	-0,019664	0,000000	2,043276	-0,124365	-0,124355	13,931706	0,055017	3,962664	1,794071
340,400000	7,656070	7,685900	1,114377	0,162731	1,937010	-1130,692828	3397,100907	-1295,311239	9,069930	950,431639	30,333101	29,434156	30,835948	29,633801	29,976015	-2,905455	1,029846	0,857897	164470,090417	-0,186245	7,067537	-0,019647	0,000000	2,042943	-0,124366	-0,124353	13,931685	0,055592	3,973089	1,794142
340,600000	7,655849	7,685694	1,113957	0,162756	1,937313	-1132,326474	3397,120058	-1296,802406	9,071279	950,449253	30,336709	29,435699	30,832576	29,635763	29,969804	-2,905552	1,029482	0,857852	164460,086269	-0,186929	7,067276	-0,019755	0,000000	2,042759	-0,124367	-0,124349	13,931679	0,055745	3,973571	1,794161
340,800000	7,655908	7,685759	1,112789	0,163132	1,934098	-1140,130906	3396,978337	-1303,221049	9,072906	950,387044	30,336916	29,435426	30,832811	29,632558	29,968735	-2,905512	1,031243	0,858064	164448,957129	-0,187751	7,067589	-0,019944	0,000000	2,042552	-0,124364	-0,124350	13,931681	0,055220	3,975982	1,794094
341,000000	7,655979	7,685874	1,117796	0,163290	1,931818	-1168,438085	3396,889951	-1318,695565	9,074662	950,282945	30,333763	29,434655	30,836491	29,627032	29,976029	-2,905429	1,034727	0,858087	164446,632505	-0,187581	7,067904	-0,019910	0,000000	2,042740	-0,124362	-0,124355	13,931683	0,054343	3,966864	1,793981
341,200000	7,656086	7,685936	1,126257	0,162757	1,931224	-1217,744391	3396,845859	-1327,838063	9,076380	950,216504	30,331244	29,433916	30,839093	29,626773	29,982492	-2,905427	1,036872	0,857950	164428,744111	-0,186919	7,067796	-0,019759	0,000000	2,043231	-0,124362	-0,124359	13,931684	0,053784	3,951083	1,793910
341,400000	7,656318	7,685910	1,128558	0,162121	1,928769	-1244,246573	3396,709758	-1327,333772	9,078007	950,222129	30,333171	29,432329	30,838703	29,631503	29,981503	-2,905429	1,036541	0,857981	164400,499028	-0,187158	7,067580	-0,019610	0,000000	2,043128	-0,124361	-0,124361	13,931683	0,053832	3,946693	1,793916
341,600000	7,656181	7,685905	1,126276	0,162358	1,926585	-1234,180651	3396,693284	-1329,531250	9,079648	949,389048	30,336441	29,431218	30,838500	29,635988	29,976521	-2,905370	1,034428	0,857648	164431,100652	-0,187513	7,067300	-0,019547	0,000000	2,043192	-0,124360	-0,124362	13,924266	0,054241	3,950783	1,793017
341,800000	7,655679	7,685839	1,125252	0,163028	1,928964	-1214,010470	3396,865338	-1333,188478	9,081369	947,345401	30,336050	29,432867	30,837024	29,636018	29,971971	-2,905407	1,032628	0,857486	164503,436790	-0,187223	7,067094	-0,019584	0,000000	2,044180	-0,124363	-0,124362	13,906691	0,054614	3,952503	1,790810
342,000000	7,655304	7,685556	1,124446	0,163615	1,934638	-1196,906729	3396,990945	-1329,750180	9,083086	946,751822	30,333108	29,434452	30,834368	29,630857	29,970372	-2,905503	1,032178	0,858034	164498,612815	-0,186780	7,067050	-0,019405	0,000000	2,044192	-0,124365	-0,124359	13,901648	0,054657	3,953792	1,790169
342,200000	7,655194	7,685190	1,119743	0,164381	1,938272	-1184,222197	3397,032205	-1325,509380	9,084636	948,661020	30,332229	29,434051	30,837684	29,624330	29,972486	-2,905458	1,031912	0,858656	164436,062557	-0,186496	7,067008	-0,019266	0,000000	2,043007	-0,124366	-0,124354	13,918061	0,054319	3,962429	1,792231
342,400000	7,655337	7,684949	1,116427	0,163953	1,937570	-1176,886777	3396,978160	-1326,758019	9,085980	949,482443	30,332799	29,433115	30,841780	29,622381	29,975999	-2,905346	1,030794	0,858838	164405,450710	-0,186794	7,067093	-0,019620	0,000000	2,042460	-0,124361	-0,124351	13,925114	0,054179	3,968642	1,793118
342,600000	7,655482	7,684781	1,119192	0,162752	1,935563	-1180,498654	3396,903360	-1326,867633	9,087467	947,668189	30,333077	29,433296	30,837219	29,628354	29,977897	-2,905439	1,026980	0,858476	164418,355765	-0,187515	7,067318	-0,019878	0,000000	2,042656	-0,124358	-0,124354	13,909671	0,054352	3,963449	1,791159
342,800000	7,655221	7,684594	1,124196	0,163283	1,932720	-1190,593899	3396,943483	-1322,624726	9,089211	945,953038	30,334402	29,436048	30,830814	29,635584	29,976411	-2,905631	1,018520	0,858131	164453,397703	-0,187610	7,067473	-0,019580	0,000000	2,043044	-0,124357	-0,124358	13,895167	0,054409	3,953989	1,789306
343,000000	7,654924	7,684645	1,125864	0,164800	1,929128	-1210,411891	3397,027434	-1325,601929	9,090938	946,554436	30,334454	29,437929	30,829932	29,636622	29,973107	-2,905549	1,010633	0,858076	164503,505438	-0,186971	7,067529	-0,019243	0,000000	2,043684	-0,124357	-0,124360	13,900248	0,054395	3,950902	1,789956
343,200000	7,654898	7,685060	1,126226	0,165251	1,928057	-1247,973098	3397,002121	-1346,343071	9,092665	947,990443	30,330410	29,436064	30,834814	29,631545	29,971590	-2,905290	1,011184	0,858151	164525,426881	-0,186903	7,067593	-0,019116	0,000000	2,043884	-0,124360	-0,124362	13,912383	0,054353	3,950543	1,791507
343,400000	7,654917	7,685301	1,127381	0,164377	1,930471	-1282,995416	3396,854076	-1375,206475	9,094454	947,527855	30,327297	29,433236	30,839994	29,624192	29,971940	-2,905122	1,018225	0,858164	164467,550610	-0,187199	7,067404	-0,019223	0,000000	2,042855	-0,124364	-0,124359	13,908455	0,054386	3,948506	1,791007
343,600000	7,654970	7,685002	1,126732	0,163416	1,933324	-1292,856328	3396,814379	-1395,037903	9,096053	946,220133	30,330000	29,432639	30,840719	29,622229	29,974402	-2,905164	1,025078	0,858236	164405,838103	-0,187586	7,066925	-0,019660	0,000000	2,041846	-0,124363	-0,124356	13,897210	0,054616	3,949326	1,789594
343,800000	7,654891	7,684475	1,124156	0,163133	1,934329	-1284,112801	3396,979487	-1402,411923	9,097578	946,721428	30,335955	29,434697	30,838019	29,627639	29,976524	-2,905378	1,028296	0,858488	164413,636824	-0,188142	7,066553	-0,020027	0,000000	2,042213	-0,124359	-0,124359	13,901241	0,054808	3,953607	1,790136
344,000000	7,654600	7,684223	1,120838	0,162922	1,935585	-1273,077532	3397,140691	-1407,160288	9,099389	948,027988	30,339192	29,436291	30,833204	29,633725	29,973783	-2,905612	1,029520	0,858454	164447,930668	-0,187181	7,066453	-0,019871	0,000000	2,043270	-0,124359	-0,124366	13,912350	0,054702	3,959539	1,791548
344,200000	7,654266	7,684311	1,122070	0,162711	1,936798	-1272,277239	3397,096156	-1406,017375	9,101274	947,507580	30,337142	29,436594	30,831421	29,636080	29,971267	-2,905571	1,032093	0,857925	164469,121229	-0,185297	7,066630	-0,019462	0,000000	2,043766	-0,124361	-0,124368	13,908248	0,054422	3,957351	1,790985
344,400000	7,654106	7,684524	1,125582	0,162764	1,935773	-1282,437330	3396,927233	-1403,312355	9,102901	947,041257	30,331675	29,436328	30,835637	29,633620	29,974636	-2,905265	1,034530	0,857792	164473,258508	-0,184616	7,066877	-0,019224	0,000000	2,043788	-0,124364	-0,124362	13,904557	0,054186	3,951104	1,790482
344,600000	7,654089	7,684570	1,122544	0,162782	1,934033	-1303,653362	3396,857804	-1420,928912	9,104404	948,720374	30,326545	29,433479	30,840812	29,628859	29,978901	-2,905217	1,033712	0,858492	164464,636438	-0,185567	7,066879	-0,019237	0,000000	2,043636	-0,124363	-0,124358	13,918831	0,054049	3,956888	1,792295
344,800000	7,653995	7,684258	1,118271	0,162756	1,934327	-1334,973918	3396,849769	-1457,568002	9,106117	950,322925	30,327583	29,430205	30,841139	29,627092	29,978597	-2,905448	1,031122	0,858820	164454,994294	-0,187180	7,066605	-0,019569	0,000000	2,043105	-0,124361	-0,124356	13,932246	0,054117	3,964628	1,794024
345,000000	7,653773	7,683972	1,117669	0,162852	1,936254	-1353,465151	3396,941410	-1487,071958	9,107950	949,749986	30,333800	29,432376	30,836389	29,628657	29,975576	-2,905570	1,030958	0,858536	164443,096507	-0,187802	7,066291	-0,019880	0,000000	2,042747	-0,124360	-0,124356	13,926990	0,054553	3,965356	1,793406
345,200000	7,653744	7,683763	1,116101	0,163142	1,934453	-1345,029069	3397,096451	-1491,298955	9,109632	948,390446	30,337909	29,438158	30,832254	29,629738	29,972934	-2,905557	1,032075	0,858280	164430,687016	-0,186737	7,066271	-0,019781	0,000000	2,042810	-0,124360	-0,124355	13,915004	0,055099	3,968057	1,791939
345,400000	7,654055	7,683574	1,115025	0,163363	1,929631	-1326,125681	3397,096236	-1480,903164	9,111294	948,846326	30,336172	29,439833	30,834296	29,628202	29,972989	-2,905533	1,030972	0,858278	164431,309816	-0,185311	7,066522	-0,019494	0,000000	2,042925	-0,124361	-0,124359	13,919022	0,054919	3,970136	1,792431
345,600000	7,654155	7,683623	1,117004	0,163374	1,927232	-1318,163662	3396,970190	-1469,409440	9,112992	950,082935	30,330791	29,436040	30,839409	29,626358	29,977363	-2,905475	1,027930	0,858510	164443,924201	-0,185199	7,066784	-0,019377	0,000000	2,043230	-0,124361	-0,124363	13,930270	0,054074	3,966710	1,793766
345,800000	7,653868	7,683671	1,118333	0,163061	1,926315	-1313,024607	3396,810321	-1455,908005	9,114590	949,546183	30,327392	29,432599	30,841309	29,627361	29,984353	-2,905321	1,025877	0,858618	164451,844321	-0,186446	7,066940	-0,019503	0,000000	2,043493	-0,124361	-0,124363	13,926223	0,053606	3,964402	1,793186
346,000000	7,653669	7,683447	1,118416	0,162453	1,922786	-1293,097207	3396,780899	-1434,073414	9,116299	947,384118	30,329643	29,432334	30,840199	29,631640	29,985511	-2,905105	1,026170	0,858647	164446,207253	-0,188182	7,066768	-0,019634	0,000000	2,043252	-0,124363	-0,124362	13,907690	0,053940	3,964035	1,790852
346,200000	7,653514	7,683234	1,120518	0,162538	1,918497	-1263,509945	3396,863538	-1402,437393	9,118200	946,732197	30,335952	29,433251	30,838768	29,636525	29,976892	-2,905079	1,027059	0,858631	164450,096227	-0,188959	7,066370	-0,019572	0,000000	2,043010	-0,124362	-0,124365	13,901635	0,054505	3,959753	1,790148
346,400000	7,653042	7,683396	1,121726	0,163334	1,919084	-1236,846852	3396,934859	-1372,291223	9,119860	948,674311	30,339050	29,434322	30,837129	29,636318	29,969834	-2,905239	1,029190	0,858319	164463,155530	-0,187662	7,066261	-0,019441	0,000000	2,043280	-0,124362	-0,124367	13,917860	0,054632	3,957475	1,792245
346,600000	7,652567	7,683704	1,120202	0,163676	1,922683	-1221,796138	3397,039990	-1356,538273	9,121328	950,389653	30,335781	29,434369	30,836116	29,630485	29,971845	-2,905370	1,032145	0,857960	164469,831376	-0,186121	7,066512	-0,019412	0,000000	2,043607	-0,124364	-0,124360	13,932459	0,054464	3,960588	1,794096
346,800000	7,652562	7,683867	1,118441	0,163146	1,924832	-1222,002183	3397,096922	-1356,665455	9,122981	950,611560	30,331112	29,434086	30,837169	29,624427	29,979000	-2,905484	1,034260	0,858191	164458,362593	-0,186507	7,066567	-0,019334	0,000000	2,043072	-0,124366	-0,124353	13,934677	0,054113	3,964005	1,794336
347,000000	7,652796	7,683803	1,115997	0,162681	1,927404	-1235,017677	3397,088348	-1366,705760	9,124826	950,315221	30,328853	29,434782	30,838187	29,622282	29,984679	-2,905521	1,035647	0,858713	164422,870730	-0,187667	7,066104	-0,019267	0,000000	2,042001	-0,124364	-0,124358	13,932637	0,053660	3,968301	1,794016
347,200000	7,652888	7,683591	1,112368	0,162478	1,931216	-1246,757156	3397,049387	-1379,847117	9,126609	950,179296	30,328689	29,434631	30,840648	29,625482	29,984170	-2,905484	1,036197	0,858619	164418,662846	-0,187696	7,065508	-0,019495	0,000000	2,041984	-0,124358	-0,124367	13,931450	0,053705	3,974724	1,793870
347,400000	7,652968	7,683254	1,109261	0,162112	1,931012	-1239,196319	3397,045694	-1385,719564	9,128176	950,231668	30,329142	29,434266	30,842213	29,631763	29,979720	-2,905448	1,036242	0,858139	164447,851943	-0,186567	7,065208	-0,019647	0,000000	2,042997	-0,124359	-0,124371	13,931410	0,054185	3,980284	1,793926
347,600000	7,653018	7,682758	1,110377	0,162723	1,925230	-1225,125182	3397,082549	-1381,033611	9,129785	950,305482	30,329820	29,434448	30,838405	29,633957	29,976269	-2,905320	1,036082	0,857943	164458,225156	-0,185968	7,065353	-0,019455	0,000000	2,043564	-0,124366	-0,124370	13,931628	0,054588	3,977979	1,794006
347,800000	7,652687	7,682529	1,116400	0,163780	1,920316	-1224,529721	3397,010904	-1368,932183	9,131422	950,337825	30,330916	29,433929	30,835796	29,628770	29,975470	-2,905015	1,037053	0,858001	164460,925136	-0,186935	7,065711	-0,019332	0,000000	2,043335	-0,124372	-0,124362	13,931716	0,054772	3,966720	1,794041
348,000000	7,652219	7,682689	1,121827	0,163746	1,919193	-1226,435281	3396,912736	-1350,563746	9,132914	951,208999	30,330812	29,433320	30,836469	29,623131	29,976574	-2,904794	1,038150	0,858350	164467,233929	-0,188234	7,065889	-0,019402	0,000000	2,042872	-0,124371	-0,124352	13,939123	0,054689	3,956759	1,794980
348,200000	7,652030	7,682605	1,121724	0,163157	1,918694	-1219,557174	3396,859304	-1333,736277	9,134485	953,273908	30,330008	29,433185	30,836899	29,624099	29,979031	-2,904948	1,037260	0,858442	164428,225967	-0,188570	7,065750	-0,019357	0,000000	2,042227	-0,124366	-0,124354	13,956678	0,054486	3,956843	1,797206
348,400000	7,651949	7,682071	1,116860	0,162784	1,917494	-1201,509741	3396,934231	-1324,994544	9,136246	953,862841	30,331755	29,435001	30,835333	29,631009	29,981373	-2,905215	1,035028	0,858090	164397,164522	-0,188208	7,065473	-0,019303	0,000000	2,042019	-0,124361	-0,124363	13,961714	0,054395	3,965495	1,797840
348,600000	7,651753	7,681883	1,113362	0,163207	1,918935	-1183,881989	3397,113549	-1320,895783	9,138044	951,915883	30,333726	29,439048	30,832761	29,637032	29,981079	-2,905315	1,032276	0,858162	164452,009347	-0,187320	7,065541	-0,019495	0,000000	2,043195	-0,124362	-0,124366	13,945303	0,054451	3,971925	1,795742
348,800000	7,651549	7,682174	1,115038	0,163757	1,922322	-1182,948176	3397,117201	-1316,203390	9,139735	950,221282	30,332488	29,440647	30,830989	29,636601	29,979455	-2,905367	1,029450	0,858317	164493,789708	-0,186086	7,065842	-0,019551	0,000000	2,044385	-0,124366	-0,124366	13,930836	0,054672	3,969034	1,793915
349,000000	7,651570	7,682146	1,117144	0,163220	1,922805	-1190,021825	3396,971887	-1313,242896	9,141291	950,879694	30,328998	29,437415	30,836137	29,631522	29,980025	-2,905362	1,024290	0,858216	164470,794441	-0,185848	7,065882	-0,019378	0,000000	2,044070	-0,124369	-0,124364	13,936120	0,054924	3,965205	1,794625
349,200000	7,651770	7,681766	1,118643	0,162642	1,922803	-1197,819339	3396,814085	-1313,017334	9,142808	953,217532	30,325728	29,432926	30,847331	29,627954	29,982207	-2,905235	1,017997	0,858153	164453,716895	-0,186779	7,065696	-0,019367	0,000000	2,042852	-0,124373	-0,124362	13,955741	0,054950	3,962326	1,797145
349,400000	7,652003	7,681586	1,119876	0,162584	1,925635	-1208,343462	3396,811196	-1321,134192	9,144402	953,958458	30,325702	29,430856	30,848084	29,628025	29,981513	-2,905330	1,017019	0,858170	164460,339357	-0,186836	7,065516	-0,019465	0,000000	2,041954	-0,124370	-0,124359	13,961956	0,054956	3,959873	1,797943
349,600000	7,651914	7,681578	1,120105	0,162754	1,929432	-1220,697726	3396,933880	-1334,759805	9,146267	952,032981	30,330134	29,430904	30,839646	29,630335	29,976426	-2,905577	1,020805	0,858507	164454,328973	-0,186062	7,065396	-0,019640	0,000000	2,041919	-0,124360	-0,124356	13,945576	0,055162	3,959265	1,795868
349,800000	7,651395	7,681573	1,122083	0,163457	1,930176	-1227,419142	3396,952541	-1337,311010	9,148228	951,174765	30,335632	29,432598	30,835957	29,633423	29,971794	-2,905589	1,025039	0,858878	164455,726790	-0,186003	7,065223	-0,019815	0,000000	2,042482	-0,124356	-0,124358	13,938306	0,055219	3,955401	1,794943
350,000000	7,650989	7,681534	1,121692	0,163676	1,929326	-1216,845313	3396,956167	-1332,964842	9,149689	952,971948	30,334873	29,434878	30,839228	29,634348	29,972933	-2,905473	1,027763	0,858614	164468,939568	-0,186464	7,065219	-0,019668	0,000000	2,043137	-0,124362	-0,124363	13,953662	0,054966	3,956123	1,796880
350,200000	7,651075	7,681266	1,118909	0,163060	1,931197	-1195,818602	3396,936666	-1328,267307	9,150999	954,664075	30,327703	29,434777	30,842974	29,632426	29,979007	-2,905362	1,027813	0,858142	164457,088278	-0,187420	7,065450	-0,019370	0,000000	2,043432	-0,124366	-0,124362	13,968177	0,054659	3,961379	1,798703
350,400000	7,651427	7,681090	1,121727	0,162277	1,933261	-1186,424497	3396,826982	-1319,117733	9,152756	954,038859	30,323255	29,431747	30,842059	29,629344	29,984416	-2,905304	1,027149	0,858190	164446,180913	-0,188208	7,065494	-0,019343	0,000000	2,043170	-0,124366	-0,124355	13,963117	0,054471	3,956087	1,798030
350,600000	7,651542	7,681196	1,123294	0,161818	1,932321	-1190,637634	3396,778487	-1312,764278	9,154623	951,720307	30,326745	29,429637	30,840531	29,628159	29,984592	-2,905342	1,027818	0,858169	164448,342092	-0,188120	7,065322	-0,019480	0,000000	2,042836	-0,124362	-0,124350	13,943570	0,054541	3,953128	1,795531
350,800000	7,651341	7,681234	1,121465	0,162032	1,930643	-1195,238352	3396,904080	-1315,793884	9,156287	951,011622	30,332720	29,431761	30,842428	29,631391	29,979528	-2,905429	1,028630	0,858057	164447,330249	-0,187510	7,065181	-0,019468	0,000000	2,042915	-0,124360	-0,124354	13,937338	0,054816	3,956472	1,794767
351,000000	7,651073	7,681231	1,124633	0,162580	1,931842	-1206,098469	3397,031813	-1322,036776	9,157874	952,067889	30,334418	29,433784	30,845116	29,634187	29,973365	-2,905460	1,028036	0,858382	164443,745795	-0,186876	7,065260	-0,019362	0,000000	2,043128	-0,124362	-0,124363	13,946280	0,054752	3,950620	1,795906
351,200000	7,650855	7,681431	1,126290	0,163324	1,934114	-1228,356828	3396,965624	-1329,644521	9,159413	951,678078	30,331451	29,432646	30,845360	29,630259	29,973529	-2,905336	1,023216	0,858569	164450,291767	-0,187135	7,065351	-0,019310	0,000000	2,043259	-0,124362	-0,124369	13,943387	0,054369	3,947700	1,795486
351,400000	7,650550	7,681477	1,123180	0,163530	1,933909	-1247,644980	3396,869187	-1345,913680	9,160957	950,450251	30,326131	29,431754	30,843953	29,624780	29,981035	-2,905221	1,015694	0,858675	164462,332826	-0,188352	7,065111	-0,019343	0,000000	2,043095	-0,124360	-0,124365	13,933150	0,054283	3,953366	1,794162
351,600000	7,650579	7,681082	1,120270	0,163031	1,932621	-1250,593053	3396,826947	-1365,235753	9,162760	950,964665	30,323954	29,432492	30,843715	29,625693	29,985801	-2,905303	1,016635	0,858782	164441,025556	-0,189014	7,064775	-0,019389	0,000000	2,042920	-0,124360	-0,124359	13,937351	0,054408	3,958414	1,794717
351,800000	7,650917	7,680759	1,120436	0,162573	1,932234	-1240,367859	3396,817522	-1371,775162	9,164640	952,285047	30,326674	29,433872	30,843661	29,631695	29,984677	-2,905409	1,027285	0,858525	164407,822898	-0,188688	7,064525	-0,019454	0,000000	2,043099	-0,124359	-0,124363	13,948325	0,054532	3,957797	1,796140
352,000000	7,650758	7,680719	1,121990	0,162602	1,931650	-1244,036935	3396,893488	-1377,753716	9,166220	951,816965	30,329847	29,435521	30,841644	29,636677	29,982197	-2,905358	1,034599	0,858239	164445,065283	-0,187947	7,064490	-0,019619	0,000000	2,043615	-0,124360	-0,124370	13,944140	0,054783	3,954810	1,795636
352,200000	7,650376	7,680740	1,119122	0,163130	1,929837	-1264,398282	3396,938592	-1392,711444	9,167629	950,512108	30,331130	29,435805	30,836829	29,635824	29,979738	-2,905258	1,032344	0,858332	164521,743131	-0,187234	7,064714	-0,019769	0,000000	2,044225	-0,124367	-0,124368	13,933028	0,054926	3,960234	1,794229
352,400000	7,650086	7,680712	1,119250	0,163554	1,930314	-1257,418157	3396,966651	-1391,799527	9,169295	950,974263	30,329139	29,435116	30,832898	29,630317	29,977949	-2,905300	1,026063	0,858500	164516,589662	-0,187369	7,064756	-0,019583	0,000000	2,043825	-0,124370	-0,124363	13,937158	0,054681	3,959963	1,794727
352,600000	7,649940	7,680611	1,127883	0,163242	1,932998	-1221,161749	3396,939218	-1359,632598	9,171142	953,133473	30,325589	29,435247	30,840248	29,624584	29,978016	-2,905315	1,022595	0,858457	164449,802506	-0,187856	7,064757	-0,019257	0,000000	2,042627	-0,124367	-0,124358	13,955695	0,054289	3,943936	1,797054
352,800000	7,650244	7,680469	1,132526	0,161983	1,932624	-1192,309538	3396,822467	-1315,825894	9,172812	953,846853	30,324862	29,434466	30,851600	29,624854	29,980614	-2,905218	1,022504	0,858351	164420,980649	-0,187849	7,064976	-0,019360	0,000000	2,042094	-0,124362	-0,124356	13,961736	0,054239	3,935561	1,797823
353,000000	7,650617	7,680357	1,128460	0,161438	1,931183	-1186,356670	3396,805720	-1298,706660	9,174320	951,970440	30,327268	29,433547	30,847787	29,632292	29,984050	-2,905335	1,025296	0,858053	164433,286599	-0,187317	7,064899	-0,019683	0,000000	2,042582	-0,124359	-0,124358	13,945504	0,054709	3,942952	1,795801
353,200000	7,650603	7,680268	1,124097	0,162678	1,933238	-1199,596791	3396,866440	-1311,668425	9,175813	951,169244	30,329919	29,435237	30,838414	29,637179	29,984991	-2,905418	1,030337	0,858018	164450,209394	-0,186709	7,064475	-0,019805	0,000000	2,043112	-0,124361	-0,124359	13,938323	0,055156	3,950634	1,794937
353,400000	7,650423	7,680214	1,123660	0,163920	1,936330	-1200,938002	3396,989927	-1320,210886	9,177361	952,992888	30,328926	29,437981	30,839739	29,633841	29,981430	-2,905214	1,034020	0,858650	164486,394359	-0,186638	7,064368	-0,019707	0,000000	2,043319	-0,124362	-0,124355	13,953682	0,055121	3,951343	1,796903
353,600000	7,650213	7,680211	1,122969	0,163475	1,934501	-1181,299676	3397,062527	-1316,821339	9,178986	954,686252	30,323884	29,437873	30,845675	29,626817	29,976830	-2,905174	1,033511	0,859308	164496,304335	-0,187190	7,064668	-0,019525	0,000000	2,043090	-0,124358	-0,124351	13,968181	0,054841	3,952874	1,798727
353,800000	7,650105	7,680218	1,123003	0,162289	1,930382	-1172,718383	3396,988051	-1314,048301	9,180634	954,936374	30,320797	29,434815	30,847323	29,623289	29,976449	-2,905352	1,030394	0,859537	164428,708934	-0,187800	7,064870	-0,019411	0,000000	2,042301	-0,124356	-0,124351	13,970532	0,054590	3,952990	1,798996
354,000000	7,650186	7,680126	1,127093	0,161932	1,931175	-1187,894315	3396,961771	-1314,283255	9,182200	954,684682	30,323408	29,433189	30,846337	29,625267	29,979242	-2,905417	1,030382	0,859336	164393,798306	-0,187837	7,064930	-0,019423	0,000000	2,042337	-0,124355	-0,124351	13,968561	0,054448	3,945385	1,798725
354,200000	7,649901	7,679849	1,129944	0,162265	1,935164	-1208,785635	3397,090895	-1321,345266	9,183735	954,547455	30,328194	29,434947	30,843418	29,628764	29,980712	-2,905471	1,033378	0,859126	164430,496337	-0,188012	7,065058	-0,019596	0,000000	2,043216	-0,124355	-0,124354	13,967372	0,054485	3,939985	1,798577
354,400000	7,649265	7,679706	1,129913	0,162769	1,937807	-1222,247923	3397,218879	-1333,747752	9,185306	954,565017	30,330934	29,437592	30,837748	29,631165	29,980223	-2,905591	1,034327	0,859159	164457,203265	-0,188097	7,065182	-0,019749	0,000000	2,043612	-0,124356	-0,124360	13,967319	0,054685	3,939937	1,798596
354,600000	7,648943	7,679651	1,130181	0,162958	1,940309	-1235,428018	3397,119448	-1340,475179	9,186911	954,593120	30,329483	29,438084	30,838723	29,632006	29,980601	-2,905461	1,033369	0,859162	164456,907486	-0,186724	7,065238	-0,019794	0,000000	2,043588	-0,124360	-0,124363	13,967532	0,054708	3,939454	1,798627
354,800000	7,649049	7,679592	1,128342	0,162733	1,944625	-1235,462825	3396,951011	-1339,421406	9,188422	954,588856	30,324076	29,436460	30,847133	29,631282	29,983839	-2,905141	1,034492	0,859126	164450,439108	-0,185284	7,065194	-0,019916	0,000000	2,043559	-0,124363	-0,124356	13,967621	0,054583	3,942939	1,798622
355,000000	7,649327	7,679662	1,123974	0,162872	1,946742	-1204,389104	3396,837493	-1337,576860	9,189929	954,597863	30,320464	29,432937	30,852010	29,629615	29,988040	-2,905046	1,037763	0,859241	164451,082411	-0,184972	7,065215	-0,019937	0,000000	2,043208	-0,124360	-0,124350	13,967613	0,054668	3,951207	1,798632
355,200000	7,649417	7,679520	1,123837	0,163468	1,943630	-1186,615802	3396,774752	-1336,704968	9,191717	954,617780	30,323071	29,430624	30,848726	29,628188	29,987339	-2,905259	1,037784	0,859475	164461,972906	-0,185516	7,065366	-0,019692	0,000000	2,042903	-0,124356	-0,124354	13,967592	0,054855	3,951470	1,798653
355,400000	7,649067	7,679152	1,127604	0,163821	1,939571	-1216,044889	3396,910911	-1342,665602	9,193394	954,657830	30,328302	29,434231	30,843425	29,628837	29,981010	-2,905430	1,033257	0,859222	164464,676306	-0,187007	7,065344	-0,019448	0,000000	2,043130	-0,124356	-0,124361	13,967586	0,055198	3,944172	1,798696
355,600000	7,648648	7,678857	1,126816	0,163787	1,937048	-1243,634113	3397,092574	-1356,661822	9,194749	954,696890	30,330597	29,438513	30,843600	29,631046	29,977125	-2,905393	1,027665	0,858690	164452,202636	-0,187494	7,065332	-0,019447	0,000000	2,043119	-0,124360	-0,124363	13,967588	0,055524	3,945439	1,798738
355,800000	7,648726	7,678909	1,123897	0,163318	1,935399	-1239,421128	3397,101316	-1366,774813	9,196356	955,552353	30,327181	29,437593	30,846424	29,632234	29,980257	-2,905393	1,022951	0,858529	164449,108320	-0,186593	7,065628	-0,019627	0,000000	2,042917	-0,124364	-0,124362	13,975007	0,055283	3,951104	1,799659
356,000000	7,648970	7,679327	1,122362	0,163088	1,933605	-1229,079598	3396,937859	-1372,568410	9,198165	957,586256	30,320036	29,434645	30,847418	29,630739	29,986143	-2,905418	1,022023	0,858576	164454,154905	-0,186442	7,065997	-0,019773	0,000000	2,043016	-0,124366	-0,124360	13,992583	0,054765	3,954412	1,801847
356,200000	7,648857	7,679431	1,120136	0,163078	1,932091	-1231,494360	3396,815106	-1379,395104	9,199671	958,178152	30,316955	29,433392	30,847947	29,629350	29,989868	-2,905351	1,025341	0,858777	164455,201826	-0,186853	7,065996	-0,019736	0,000000	2,043059	-0,124362	-0,124358	13,997625	0,054684	3,958637	1,802483
356,400000	7,648608	7,679062	1,123825	0,162244	1,932311	-1251,046017	3396,924275	-1384,214841	9,201210	956,289008	30,321514	29,434144	30,847253	29,632408	29,987876	-2,905306	1,029317	0,859085	164452,170321	-0,186590	7,065644	-0,019553	0,000000	2,043158	-0,124356	-0,124355	13,981212	0,055258	3,951373	1,800452
356,600000	7,648520	7,678816	1,131152	0,162209	1,932507	-1274,559871	3397,054913	-1385,076039	9,203073	954,627704	30,327741	29,435041	30,843671	29,636071	29,981623	-2,905398	1,031342	0,859037	164449,750006	-0,185718	7,065456	-0,019434	0,000000	2,043443	-0,124357	-0,124357	13,966742	0,055789	3,937505	1,798664
356,800000	7,648333	7,678684	1,133606	0,163523	1,932568	-1276,006526	3397,045707	-1378,635601	9,204905	955,248562	30,328898	29,435463	30,841186	29,634221	29,978686	-2,905545	1,030490	0,858722	164471,563023	-0,185686	7,065733	-0,019379	0,000000	2,043788	-0,124360	-0,124362	13,972026	0,055715	3,933030	1,799332
357,000000	7,647768	7,678566	1,132977	0,164273	1,935187	-1248,735530	3396,969218	-1360,234277	9,206465	957,535673	30,325752	29,436577	30,841203	29,628680	29,980874	-2,905647	1,028126	0,858931	164500,884508	-0,187158	7,066253	-0,019360	0,000000	2,044002	-0,124360	-0,124361	13,991647	0,055277	3,934412	1,801793
357,200000	7,647362	7,678548	1,129025	0,164032	1,939374	-1215,819194	3396,853581	-1344,681094	9,207904	958,202986	30,324158	29,436843	30,840951	29,625645	29,984249	-2,905600	1,026113	0,859272	164461,987326	-0,188456	7,066503	-0,019475	0,000000	2,043167	-0,124356	-0,124357	13,997862	0,054654	3,941843	1,802510
