LabVIEW Measurement	
Writer_Version	2
Reader_Version	2
Separator	Tab
Decimal_Separator	,
Multi_Headings	No
X_Columns	One
Time_Pref	Absolute
Operator	Pos-Oscar
Date	2025/03/10
Time	11:17:54,1237699700584659684
***End_of_Header***	
	
Channels	30																														
Samples	1	1	1	1	1	1	1	1	1	1	1	1	1	1	1	1	1	1	1	1	1	1	1	1	1	1	1	1	1	1	
Date	2025/03/10	2025/03/10	2025/03/10	2025/03/10	2025/03/10	2025/03/10	2025/03/10	2025/03/10	2025/03/10	2025/03/10	2025/03/10	2025/03/10	2025/03/10	2025/03/10	2025/03/10	2025/03/10	2025/03/10	2025/03/10	2025/03/10	2025/03/10	2025/03/10	2025/03/10	2025/03/10	2025/03/10	2025/03/10	2025/03/10	2025/03/10	2025/03/10	2025/03/10	2025/03/10	
Time	14:29:35,3239570906906582336	14:29:35,3239633279907710771	14:29:35,3237824446576841096	14:29:35,3238136313910789708	14:29:35,3238448183573044757	14:29:35,323888479690925024	14:29:35,3238572929575301627	14:29:35,3238822423908121805	14:29:35,323832343524248145	14:29:35,323888479690925024	14:29:35,3238635302576430063	14:29:35,3238572929575301627	14:29:35,3238760050906993369	14:29:35,3239071918240941982	14:29:35,3239383785574890594	14:29:35,3238697675577558498	14:29:35,3237699700574584226	14:29:35,3237762073575712661	14:29:35,323888479690925024	14:29:35,3237699700574584226	14:29:35,3237762073575712661	14:29:35,3237824446576841096	14:29:35,3237824446576841096	14:29:35,3237886819577969531	14:29:35,3237949194907404403	14:29:35,3238011567908532838	14:29:35,323832343524248145	14:29:35,3238385808243609886	14:29:35,3238385808243609886	14:29:35,3238385808243609886	
Y_Unit_Label	Volts	Volts	Volts	Volts	Volts	Volts	Volts	Volts	Volts	Volts	Volts	Volts	Volts	Volts	Volts	Volts	Volts	Volts	Volts	Volts	Volts	Volts	Volts	Volts	Volts	Volts	Volts	Volts	Volts	Volts	
X_Dimension	Time	Time	Time	Time	Time	Time	Time	Time	Time	Time	Time	Time	Time	Time	Time	Time	Time	Time	Time	Time	Time	Time	Time	Time	Time	Time	Time	Time	Time	Time	
X0	0,0000000000000000E+0	0,0000000000000000E+0	0,0000000000000000E+0	0,0000000000000000E+0	0,0000000000000000E+0	0,0000000000000000E+0	0,0000000000000000E+0	0,0000000000000000E+0	0,0000000000000000E+0	0,0000000000000000E+0	0,0000000000000000E+0	0,0000000000000000E+0	0,0000000000000000E+0	0,0000000000000000E+0	0,0000000000000000E+0	0,0000000000000000E+0	0,0000000000000000E+0	0,0000000000000000E+0	0,0000000000000000E+0	0,0000000000000000E+0	0,0000000000000000E+0	0,0000000000000000E+0	0,0000000000000000E+0	0,0000000000000000E+0	0,0000000000000000E+0	0,0000000000000000E+0	0,0000000000000000E+0	0,0000000000000000E+0	0,0000000000000000E+0	0,0000000000000000E+0	
Delta_X	0,200000	0,200000	0,200000	0,200000	0,200000	0,200000	0,200000	0,200000	0,200000	0,200000	0,200000	0,200000	0,200000	0,200000	0,200000	0,200000	0,200000	0,200000	0,200000	0,200000	0,200000	0,200000	0,200000	0,200000	0,200000	0,200000	0,200000	0,200000	0,200000	0,200000	
***End_of_Header***																															
X_Value	PIT-A-0101	PIT-A-0301	PIT-M-0101	PIT-O-0301	PIT-W-0301	PDT-M-0101-40kPa	PDT-M-0101B-10kPa	PDT-M-0101C-3kPa	PIT-A-AUX	Model Pressure Drop	TIT-A-0101	TIT-A-0301	TIT-M-0101	TIT-O-0301	TIT-W-0301	LV-O-0X01	LV-W-0X01	LV-M-0X01	Densitometro	FT-A-0301	FT-A-0302	FT-A-0303	FT-A-0303 1	FT-O-0301	FT-O-0302	FT-O-0303	FT-W-0301	FT-W-0302	J Ar	J Água	Comment
0,000000	8,676494	8,707317	1,600509	0,406756	2,567276	-645,126702	920,262521	-2347,790939	9,084196	962,748554	33,104719	29,532718	30,466656	30,426059	32,200543	-2,669294	1,172615	1,073867	176886,536773	-0,180453	-0,000292	1,061542	1,964683	2,040384	-0,124431	-0,124432	14,102744	-0,012173	1,002157	1,807391
0,200000	8,676035	8,706961	1,588310	0,406133	2,565778	-676,450766	919,572753	-2335,666906	9,086677	960,658223	33,100102	29,502229	30,469431	30,419649	32,202735	-2,669114	1,172915	1,073812	176671,386199	-0,179937	-0,000394	1,073293	1,964320	2,040299	-0,124439	-0,124431	14,085198	-0,012118	1,006773	1,805148
0,400000	8,675782	8,706173	1,573228	0,405651	2,566662	-762,837084	918,371306	-2411,550956	9,088641	960,130375	33,095955	29,496574	30,474704	30,415446	32,203286	-2,669160	1,171935	1,073705	176540,599687	-0,181119	-0,000201	1,089267	1,964325	2,039788	-0,124436	-0,124426	14,081008	-0,012347	1,012635	1,804581
0,600000	8,675912	8,705431	1,583991	0,406080	2,568256	-744,704804	917,841594	-2460,809528	9,090569	962,098845	33,098341	29,500468	30,472976	30,416701	32,202964	-2,669331	1,168306	1,073741	176478,572904	-0,181482	-7,499187E-5	1,144243	1,964539	2,039216	-0,124427	-0,124423	14,097730	-0,012594	1,008428	1,806694
0,800000	8,676019	8,704847	1,596157	0,406637	2,568353	-675,070248	918,232990	-2412,363829	9,092932	963,817997	33,106338	29,504140	30,462304	30,422134	32,200282	-2,669612	1,162728	1,073702	176445,557074	-0,181013	-0,000223	1,157128	1,964843	2,038875	-0,124422	-0,124424	14,112147	-0,012634	1,003746	1,808538
1,000000	8,675451	8,704207	1,586862	0,406815	2,566498	-690,756403	918,808240	-2362,359605	9,095430	964,092331	33,112427	29,506107	30,455070	30,428058	32,196077	-2,669909	1,160816	1,073007	176399,970263	-0,180904	-0,000354	1,141810	1,965096	2,038992	-0,124422	-0,124424	14,114200	-0,012394	1,007388	1,808832
1,200000	8,674201	8,703622	1,577114	0,406233	2,565182	-749,627004	918,979146	-2383,987563	9,097780	964,776364	33,111372	29,506554	30,456280	30,431340	32,194509	-2,669977	1,166090	1,072694	176343,109088	-0,181138	-0,000248	1,097419	1,965292	2,039271	-0,124424	-0,124421	14,119553	-0,012030	1,011243	1,809566
1,400000	8,673294	8,703353	1,584227	0,405680	2,566742	-732,534984	918,809162	-2412,585845	9,100190	966,734318	33,107779	29,504642	30,460154	30,431732	32,197344	-2,669784	1,173715	1,073535	176257,674012	-0,181710	-0,000120	0,932851	1,964894	2,039265	-0,124429	-0,124420	14,135964	-0,012088	1,008245	1,811663
1,600000	8,673174	8,703158	1,595670	0,405974	2,567965	-664,117715	918,903522	-2385,090197	9,102676	968,182026	33,109096	29,503376	30,459705	30,431774	32,199239	-2,669627	1,178399	1,074021	176117,540588	-0,182162	-0,000214	0,819126	1,963063	2,039112	-0,124433	-0,124424	14,148397	-0,012439	1,002844	1,813213
1,800000	8,673073	8,702574	1,597804	0,406648	2,567285	-627,719770	919,165967	-2336,530016	9,105052	967,476271	33,115018	29,503926	30,454547	30,433308	32,195786	-2,669606	1,181204	1,073828	176050,689068	-0,182060	-0,000421	0,903512	1,960686	2,039185	-0,124432	-0,124427	14,142360	-0,012292	1,000727	1,812458
2,000000	8,672258	8,701824	1,588879	0,407365	2,568971	-642,301632	919,521014	-2319,000312	9,107218	965,196792	33,120925	29,505464	30,450685	30,436071	32,189042	-2,669604	1,183258	1,073767	176110,600942	-0,181555	-0,000444	1,005919	1,959623	2,039579	-0,124430	-0,124425	14,122861	-0,011826	1,003539	1,810016
2,200000	8,670890	8,701359	1,577901	0,408051	2,573622	-682,233335	919,846809	-2346,304145	9,109498	963,608496	33,121631	29,507316	30,452878	30,437950	32,183539	-2,669574	1,184303	1,073646	176185,758540	-0,180748	-0,000360	1,018148	1,959915	2,040047	-0,124433	-0,124427	14,109420	-0,011658	1,007919	1,808314
2,400000	8,669973	8,701131	1,584490	0,408480	2,575121	-665,855940	920,039694	-2358,617186	9,112089	963,458522	33,116397	29,508416	30,458937	30,436112	32,184988	-2,669495	1,185085	1,073610	176272,989437	-0,179748	-0,000399	1,005656	1,960474	2,040129	-0,124434	-0,124435	14,108271	-0,011764	1,005626	1,808153
2,600000	8,669816	8,700972	1,600045	0,408129	2,569747	-611,242270	920,174012	-2304,159081	9,114457	963,680348	33,110257	29,507640	30,463983	30,432287	32,192481	-2,669416	1,185974	1,073875	176395,391257	-0,179222	-0,000433	1,082814	1,961026	2,039742	-0,124430	-0,124440	14,110479	-0,012117	0,999891	1,808391
2,800000	8,669787	8,700660	1,597451	0,407450	2,566897	-621,447567	919,791144	-2254,337745	9,116529	963,751164	33,106106	29,505394	30,466651	30,429708	32,198014	-2,669351	1,185282	1,074060	176533,368904	-0,179610	-0,000344	1,181313	1,962019	2,039506	-0,124426	-0,124436	14,111520	-0,012565	1,001381	1,808467
3,000000	8,669473	8,700140	1,582834	0,407425	2,567358	-643,765818	919,428879	-2264,685534	9,118761	963,739879	33,104993	29,504720	30,469234	30,429202	32,197014	-2,669372	1,182211	1,073679	176747,729314	-0,180306	-0,000290	1,135843	1,963510	2,039705	-0,124426	-0,124431	14,111472	-0,012612	1,007774	1,808454
3,200000	8,668876	8,699596	1,579805	0,407363	2,562929	-596,556047	919,639801	-2268,164972	9,121296	963,729715	33,105881	29,505853	30,472985	30,430472	32,192300	-2,669385	1,180552	1,073680	176996,692001	-0,180602	-0,000342	1,087535	1,964743	2,040279	-0,124429	-0,124431	14,111250	-0,012475	1,009543	1,808444
3,400000	8,668325	8,699028	1,589347	0,406844	2,554076	-548,936454	919,685288	-2235,887383	9,123720	963,694434	33,104452	29,506530	30,476159	30,429653	32,190753	-2,669189	1,181771	1,073968	177088,667732	-0,180464	-0,000301	1,119701	1,965093	2,040661	-0,124430	-0,124427	14,111178	-0,012698	1,005949	1,808406
3,600000	8,668174	8,698430	1,597046	0,406664	2,552790	-554,801883	919,312378	-2226,353684	9,125949	962,754366	33,101278	29,505653	30,475328	30,423541	32,195522	-2,669003	1,184005	1,073803	176993,395177	-0,180153	-0,000136	1,097339	1,964781	2,040085	-0,124433	-0,124418	14,103777	-0,013158	1,002744	1,807397
3,800000	8,668046	8,697867	1,596411	0,406377	2,561347	-565,366910	919,142801	-2242,419692	9,128297	960,597521	33,099867	29,504914	30,474619	30,416018	32,204155	-2,668932	1,185626	1,074252	176843,775800	-0,180208	-7,512402E-5	1,026503	1,964454	2,039158	-0,124437	-0,124417	14,086222	-0,013650	1,002764	1,805083
4,000000	8,667559	8,697255	1,591525	0,405643	2,571137	-574,788193	919,339956	-2253,630817	9,130663	959,084608	33,099925	29,505203	30,474746	30,415630	32,209672	-2,668954	1,185992	1,074228	176672,613598	-0,180572	-0,000304	0,999683	1,964305	2,038695	-0,124436	-0,124422	14,073767	-0,013864	1,004516	1,803458
4,200000	8,667133	8,696520	1,593214	0,405613	2,579086	-596,734708	919,460236	-2261,178495	9,132956	958,988813	33,102041	29,504851	30,467678	30,423865	32,207843	-2,669192	1,184551	1,073672	176514,154172	-0,180536	-0,000592	1,038394	1,964133	2,039016	-0,124431	-0,124427	14,072602	-0,013501	1,003674	1,803355
4,400000	8,666983	8,695849	1,600065	0,406492	2,585262	-579,898814	919,638076	-2253,571627	9,135116	959,288729	33,106859	29,504874	30,460300	30,431391	32,203786	-2,669258	1,182457	1,073955	176397,440059	-0,180769	-0,000481	1,075866	1,964111	2,039797	-0,124427	-0,124430	14,074610	-0,012997	1,000923	1,803677
4,600000	8,666633	8,695358	1,598220	0,407169	2,588638	-528,686215	920,045761	-2219,787197	9,137266	959,471636	33,110609	29,506222	30,460697	30,432264	32,201104	-2,669081	1,183712	1,074164	176281,493329	-0,181416	-0,000209	1,049474	1,964602	2,040347	-0,124433	-0,124428	14,075581	-0,012436	1,001830	1,803873
4,800000	8,666014	8,694923	1,595561	0,406978	2,585828	-479,453144	919,900611	-2175,113043	9,139569	959,560289	33,111496	29,491014	30,463760	30,429000	32,198775	-2,669152	1,186295	1,074177	176107,553858	-0,181366	-0,000192	0,955227	1,965691	2,039854	-0,124436	-0,124426	14,075546	-0,011658	1,003430	1,803969
5,000000	8,665475	8,694589	1,597636	0,406591	2,579403	-438,475445	919,362995	-2130,886775	9,141862	959,582621	33,113108	29,450586	30,466374	30,426530	32,197638	-2,669199	1,185158	1,074523	175816,172300	-0,181348	-7,961040E-5	0,888257	1,966714	2,038496	-0,124428	-0,124422	14,075343	-0,011269	1,003261	1,803993
5,200000	8,664895	8,694236	1,592266	0,406864	2,571907	-457,695158	919,522145	-2114,331699	9,144167	959,543437	33,117466	29,397528	30,467931	30,428803	32,195966	-2,669066	1,181385	1,074900	175583,671951	-0,181664	0,000243	0,976537	1,966891	2,038308	-0,124423	-0,124420	14,075275	-0,011529	1,005580	1,803950
5,400000	8,664107	8,693714	1,584547	0,407633	2,563718	-507,854656	920,249884	-2151,746246	9,146411	959,503548	33,121629	29,337462	30,465990	30,435070	32,191570	-2,669298	1,178769	1,074529	175675,436722	-0,181173	0,000185	1,173783	1,966612	2,039602	-0,124426	-0,124424	14,075290	-0,011877	1,008587	1,803908
5,600000	8,663092	8,693271	1,588144	0,408108	2,554777	-446,296895	921,121824	-2164,554183	9,148540	959,510908	33,122264	29,294478	30,461682	30,439567	32,189147	-2,669553	1,179138	1,073680	175996,804811	-0,180562	-0,000192	1,325799	1,966108	2,040680	-0,124426	-0,124432	14,075308	-0,011834	1,007012	1,803916
5,800000	8,662300	8,693140	1,599465	0,408265	2,552234	-346,468189	921,758332	-2093,320138	9,150784	959,537620	33,119023	29,283877	30,463643	30,439251	32,191593	-2,669055	1,181943	1,073287	176263,805096	-0,180465	-0,000295	1,365916	1,964797	2,040953	-0,124425	-0,124437	14,075312	-0,011615	1,001984	1,803944
6,000000	8,662077	8,693195	1,600710	0,408197	2,560440	-388,705865	921,575468	-2044,861659	9,153024	958,637736	33,112397	29,286835	30,472724	30,435924	32,196038	-2,668452	1,185524	1,073482	176449,988355	-0,180303	-0,000270	1,263611	1,962987	2,040777	-0,124427	-0,124438	14,067893	-0,011733	1,000607	1,802977
6,200000	8,661958	8,692838	1,587667	0,407638	2,571746	-498,220490	920,729854	-2092,116263	9,155109	956,488714	33,106727	29,288793	30,476571	30,431733	32,198156	-2,668639	1,186888	1,073739	176598,134929	-0,180579	-0,000300	1,094350	1,961706	2,040426	-0,124429	-0,124433	14,050316	-0,012171	1,004967	1,800667
6,400000	8,661575	8,692055	1,582386	0,407530	2,578861	-509,789161	920,255050	-2149,711738	9,157272	955,864759	33,107677	29,288881	30,472113	30,428491	32,196447	-2,669065	1,185742	1,073795	176650,222976	-0,181188	-0,000209	1,051732	1,961286	2,040138	-0,124432	-0,124426	14,045274	-0,012362	1,006711	1,799995
6,600000	8,660947	8,691486	1,592488	0,408079	2,580903	-446,138207	920,583028	-2144,944409	9,159573	957,844592	33,112012	29,291211	30,468749	30,427446	32,194023	-2,669000	1,185827	1,074042	176625,586326	-0,180930	-0,000133	1,066359	1,961396	2,039916	-0,124434	-0,124421	14,061687	-0,012174	1,002763	1,802125
6,800000	8,660260	8,691046	1,600230	0,407862	2,578901	-439,385061	920,933453	-2124,042606	9,161711	959,596682	33,111782	29,294344	30,472516	30,426852	32,193897	-2,668710	1,187471	1,074062	176604,038995	-0,180170	-0,000123	1,054292	1,961260	2,039747	-0,124433	-0,124420	14,076156	-0,011964	0,999663	1,804008
7,000000	8,659698	8,690418	1,594427	0,406631	2,573466	-507,178054	920,588231	-2147,397423	9,163736	958,977614	33,103798	29,293578	30,479141	30,423779	32,197986	-2,668679	1,188208	1,073778	176606,965009	-0,180302	-9,961720E-5	1,130355	1,960043	2,039838	-0,124432	-0,124424	14,070872	-0,011865	1,001238	1,803343
7,200000	8,659226	8,689649	1,585754	0,405830	2,568779	-564,135909	919,560109	-2207,128768	9,165878	956,608649	33,094898	29,290454	30,480549	30,420486	32,205706	-2,668797	1,187840	1,073497	176634,187305	-0,180866	-0,000134	1,198790	1,958462	2,039903	-0,124433	-0,124427	14,051252	-0,012101	1,003725	1,800796
7,400000	8,658825	8,688857	1,584128	0,405523	2,565580	-570,622452	918,756584	-2258,092550	9,167908	954,921351	33,093446	29,289139	30,478184	30,421201	32,211270	-2,668780	1,188212	1,073155	176788,464655	-0,180277	-0,000190	1,152683	1,958329	2,039566	-0,124432	-0,124429	14,037619	-0,012623	1,004202	1,798980
7,600000	8,658375	8,688199	1,588747	0,405095	2,561738	-560,839506	918,757840	-2270,799919	9,169982	953,879798	33,097694	29,289120	30,475923	30,425200	32,209235	-2,668751	1,189440	1,073320	177060,965368	-0,179607	-0,000206	1,132142	1,959993	2,039330	-0,124430	-0,124429	14,029006	-0,012754	1,003186	1,797858
7,800000	8,657763	8,687686	1,596492	0,405517	2,560272	-575,778889	919,210639	-2262,007891	9,172380	952,096976	33,102604	29,289206	30,473033	30,428057	32,202099	-2,668881	1,189590	1,073833	177277,256896	-0,180312	-0,000143	1,196210	1,962064	2,039415	-0,124429	-0,124428	14,013658	-0,012382	1,001185	1,795937
8,000000	8,657116	8,687333	1,595610	0,406414	2,568161	-616,586123	919,829907	-2271,057556	9,174636	951,658953	33,106708	29,289705	30,469687	30,426885	32,197184	-2,669031	1,188493	1,073801	177439,843802	-0,181219	-1,853089E-5	1,229979	1,963626	2,039480	-0,124429	-0,124427	14,009673	-0,012078	1,002273	1,795465
8,200000	8,656498	8,687121	1,588026	0,406392	2,581010	-635,703946	920,012742	-2301,000936	9,176584	952,721850	33,108708	29,289306	30,465854	30,424088	32,198986	-2,669167	1,187830	1,073391	177591,065863	-0,181592	-4,362744E-5	1,189491	1,964660	2,039444	-0,124430	-0,124428	14,018623	-0,012097	1,005708	1,796611
8,400000	8,655910	8,686747	1,584060	0,406033	2,587768	-617,464314	919,704791	-2316,092482	9,178666	953,204849	33,107871	29,288090	30,464018	30,424212	32,203590	-2,669257	1,186900	1,073156	177749,817647	-0,181948	-0,000114	1,171306	1,965259	2,039145	-0,124429	-0,124426	14,022711	-0,012127	1,007519	1,797131
8,600000	8,655609	8,686061	1,583066	0,406526	2,585006	-580,881501	919,821167	-2300,921859	9,181203	954,082221	33,107252	29,288618	30,463890	30,428302	32,204006	-2,669187	1,184036	1,073199	177988,419799	-0,181636	-1,943350E-5	1,173460	1,965324	2,038930	-0,124426	-0,124427	14,029886	-0,011935	1,007866	1,798076
8,800000	8,655423	8,685324	1,584174	0,407342	2,578430	-516,147855	920,416637	-2256,988562	9,183998	955,235876	33,109914	29,290240	30,463340	30,434903	32,199641	-2,669085	1,182789	1,073621	178234,227932	-0,180655	2,308825E-5	1,133999	1,964447	2,039413	-0,124425	-0,124431	14,039154	-0,011520	1,006900	1,799318
9,000000	8,654715	8,684761	1,591264	0,407885	2,568710	-439,347783	920,926564	-2179,745361	9,186742	956,415488	33,113550	29,290407	30,462451	30,440249	32,193689	-2,669070	1,185322	1,073516	178427,537816	-0,180371	-7,662410E-5	1,101327	1,962961	2,040156	-0,124427	-0,124435	14,048591	-0,011061	1,003322	1,800588
9,200000	8,653685	8,684382	1,596461	0,408518	2,557480	-452,181882	921,266865	-2124,612763	9,189290	957,510347	33,113782	29,290651	30,462337	30,439544	32,188708	-2,669084	1,187571	1,072788	178565,594164	-0,180853	-0,000177	1,073079	1,961817	2,040563	-0,124432	-0,124437	14,057681	-0,010970	1,000688	1,801765
9,400000	8,653016	8,684076	1,597432	0,408428	2,554417	-544,252629	921,080024	-2153,552364	9,191401	957,657305	33,112204	29,305536	30,467383	30,432936	32,186492	-2,669062	1,187527	1,072841	178525,915343	-0,181534	-0,000326	1,067399	1,961394	2,040589	-0,124435	-0,124433	14,059192	-0,011249	1,000033	1,801923
9,600000	8,652749	8,683604	1,598022	0,407443	2,562449	-615,440064	920,457368	-2222,357498	9,193259	958,342142	33,110349	29,342031	30,474131	30,426430	32,187868	-2,669113	1,186024	1,072911	178300,165708	-0,181463	-0,000399	1,141881	1,961219	2,040230	-0,124435	-0,124427	14,065388	-0,011705	0,999566	1,802660
9,800000	8,652364	8,682977	1,590214	0,406966	2,574535	-679,937365	920,191415	-2288,555697	9,195351	958,527153	33,107046	29,373531	30,475396	30,425609	32,190850	-2,669275	1,182992	1,072679	178079,116655	-0,180614	-0,000289	1,219918	1,961316	2,039748	-0,124431	-0,124424	14,067381	-0,012148	1,002463	1,802858
10,000000	8,651677	8,682516	1,585876	0,407323	2,580929	-668,066528	920,378415	-2333,095464	9,197610	957,572070	33,104923	29,382666	30,473804	30,429572	32,193014	-2,669316	1,180808	1,073216	177935,117507	-0,180448	-0,000229	1,192330	1,962460	2,039808	-0,124431	-0,124425	14,059488	-0,012259	1,004647	1,801832
10,200000	8,650845	8,682329	1,592054	0,407812	2,581945	-551,577637	920,582614	-2304,006388	9,199753	958,083418	33,102852	29,380919	30,474369	30,431455	32,195351	-2,669115	1,182013	1,073611	177828,107230	-0,180532	-0,000212	1,191826	1,964121	2,040580	-0,124435	-0,124429	14,063597	-0,012083	1,003088	1,802381
10,400000	8,650460	8,682077	1,595119	0,408030	2,580072	-469,903862	920,471364	-2215,179032	9,201956	959,352692	33,096468	29,378405	30,475722	30,426850	32,199155	-2,668924	1,185944	1,073281	177642,941033	-0,180262	-0,000271	1,351519	1,965130	2,041033	-0,124441	-0,124433	14,074079	-0,011930	1,002404	1,803746
10,600000	8,650709	8,681390	1,597065	0,407779	2,576761	-459,592535	920,174069	-2151,257523	9,204363	958,825783	33,089912	29,377539	30,478671	30,420514	32,203305	-2,668821	1,188948	1,073192	177351,000114	-0,180700	-0,000525	1,458237	1,965523	2,040600	-0,124443	-0,124435	14,069730	-0,011995	1,001794	1,803179
10,800000	8,650684	8,680440	1,596623	0,407026	2,573516	-492,032573	919,648984	-2149,888492	9,206680	956,600569	33,089412	29,376646	30,483341	30,417818	32,205948	-2,668701	1,187770	1,073464	177191,885489	-0,181534	-0,000577	1,327707	1,965315	2,039780	-0,124440	-0,124432	14,051236	-0,012153	1,001779	1,800787
11,000000	8,650121	8,679542	1,593578	0,406477	2,574846	-539,352929	919,168593	-2184,604660	9,208681	955,040060	33,092441	29,375797	30,480812	30,418749	32,204483	-2,668843	1,186149	1,073583	177240,948163	-0,181438	-0,000355	1,132835	1,964375	2,039154	-0,124438	-0,124427	14,037837	-0,011845	1,002378	1,799108
11,200000	8,649336	8,678848	1,598316	0,406520	2,577897	-564,477471	919,273196	-2216,245508	9,210764	954,938763	33,098021	29,376665	30,471226	30,421680	32,198889	-2,669271	1,186802	1,073666	177329,178661	-0,180637	-0,000262	1,107955	1,963582	2,039264	-0,124432	-0,124423	14,036507	-0,011365	1,000038	1,798999
11,400000	8,648381	8,678487	1,602628	0,406387	2,577059	-600,890770	919,777204	-2241,515694	9,213041	954,307668	33,103287	29,377888	30,467501	30,425120	32,194588	-2,669520	1,185725	1,073436	177420,174002	-0,180333	-0,000275	1,206004	1,963948	2,039865	-0,124428	-0,124421	14,031222	-0,011377	0,998512	1,798319
11,600000	8,647450	8,678311	1,598290	0,406012	2,576940	-676,950470	919,770967	-2284,421263	9,214982	952,302230	33,099940	29,376590	30,470684	30,427993	32,195776	-2,669489	1,182643	1,073155	177544,297549	-0,180376	-0,000278	1,208663	1,965073	2,039977	-0,124431	-0,124424	14,014695	-0,011694	1,000750	1,796159
11,800000	8,646808	8,678052	1,595593	0,406257	2,580693	-728,723213	918,930665	-2337,769191	9,216872	951,667716	33,094009	29,372793	30,472348	30,429934	32,200728	-2,669433	1,182426	1,073431	177598,672401	-0,180497	-0,000299	1,037826	1,965007	2,039333	-0,124435	-0,124425	14,009622	-0,011954	1,001748	1,795475
12,000000	8,646425	8,677513	1,596395	0,406771	2,584834	-716,715694	918,385378	-2370,007983	9,219203	953,637690	33,096261	29,371106	30,468754	30,432743	32,203075	-2,669450	1,184638	1,073315	177517,353067	-0,181076	-0,000341	0,914717	1,963058	2,038861	-0,124432	-0,124423	14,025819	-0,011600	1,000383	1,797598
12,200000	8,646158	8,676924	1,594916	0,406844	2,583446	-680,276350	918,892285	-2365,839346	9,221684	955,446865	33,105299	29,372618	30,459704	30,436900	32,197875	-2,669475	1,184932	1,073573	177394,984433	-0,181608	-0,000297	0,944621	1,961019	2,039149	-0,124423	-0,124425	14,040214	-0,010809	0,999818	1,799546
12,400000	8,645734	8,676656	1,598803	0,407106	2,578088	-634,791775	919,942017	-2333,253397	9,224156	955,761716	33,113722	29,375281	30,454853	30,439392	32,188432	-2,669463	1,183821	1,074190	177327,823664	-0,181813	-0,000115	0,979077	1,960481	2,039482	-0,124420	-0,124431	14,042362	-0,010316	0,997995	1,799884
12,600000	8,644949	8,676521	1,608412	0,407729	2,573043	-603,593214	920,716677	-2291,548626	9,226572	955,515327	33,114878	29,378260	30,460069	30,437502	32,183875	-2,669401	1,182745	1,073765	177313,829531	-0,181543	-6,532578E-6	1,034499	1,961232	2,039460	-0,124425	-0,124430	14,040337	-0,010358	0,994690	1,799619
12,800000	8,644095	8,676292	1,610208	0,407840	2,571040	-618,185710	920,636145	-2266,253837	9,228550	955,314548	33,108601	29,379013	30,467097	30,431884	32,187731	-2,669298	1,181717	1,073764	177320,235727	-0,180910	-4,847895E-5	1,099612	1,962162	2,039602	-0,124426	-0,124425	14,039168	-0,010873	0,994474	1,799403
13,000000	8,643440	8,675741	1,601421	0,407049	2,572119	-664,721128	919,897574	-2285,227475	9,230249	955,250082	33,100300	29,377243	30,469304	30,428430	32,192995	-2,669384	1,182666	1,073333	177324,024253	-0,180606	-0,000154	1,060963	1,962773	2,039993	-0,124427	-0,124427	14,039133	-0,011379	0,998102	1,799334
13,200000	8,643088	8,674871	1,591943	0,406460	2,574847	-694,862320	919,547407	-2330,025987	9,232460	955,282428	33,095821	29,376608	30,469368	30,430713	32,192160	-2,669646	1,184443	1,072354	177303,808862	-0,180510	-0,000203	0,977884	1,963276	2,040024	-0,124431	-0,124431	14,039349	-0,011323	1,001923	1,799369
13,400000	8,642945	8,674146	1,588383	0,407014	2,574252	-689,019288	919,854168	-2347,469929	9,235023	955,343379	33,096493	29,378106	30,470496	30,435043	32,186236	-2,669733	1,185297	1,072980	177246,443479	-0,180572	-0,000116	0,913035	1,963688	2,039761	-0,124435	-0,124431	14,039435	-0,010898	1,003436	1,799434
13,600000	8,642672	8,673682	1,593071	0,407890	2,568773	-667,113520	920,000347	-2340,679909	9,237304	956,228490	33,096622	29,380587	30,473538	30,434579	32,181627	-2,669583	1,185563	1,073286	177166,579588	-0,181219	-2,988661E-5	0,870397	1,963719	2,040056	-0,124441	-0,124432	14,046842	-0,010880	1,001590	1,800387
13,800000	8,642115	8,673198	1,595280	0,408044	2,564685	-674,952369	919,815764	-2342,025762	9,239506	957,366810	33,092497	29,381529	30,478645	30,427180	32,183282	-2,669376	1,184865	1,073074	177128,212023	-0,182013	-7,158258E-5	0,883958	1,963274	2,040460	-0,124443	-0,124435	14,056980	-0,011472	1,000474	1,801611
14,000000	8,641491	8,672517	1,585164	0,407045	2,568276	-775,989323	919,221384	-2398,135429	9,241636	956,680910	33,087340	29,377982	30,481217	30,418962	32,190363	-2,669329	1,183985	1,073437	177187,312713	-0,182075	-0,000132	0,938951	1,962648	2,039924	-0,124438	-0,124431	14,051858	-0,012101	1,004021	1,800873
14,200000	8,641173	8,671633	1,582440	0,405402	2,574484	-862,402473	918,446368	-2495,875144	9,243533	955,311201	33,084615	29,373597	30,481517	30,415681	32,196951	-2,669353	1,183804	1,073346	177294,267087	-0,181452	-0,000188	0,977253	1,962113	2,038870	-0,124430	-0,124425	14,040563	-0,012296	1,004731	1,799400
14,400000	8,641009	8,670877	1,591102	0,404440	2,574217	-831,857924	918,389559	-2531,385422	9,245618	954,955356	33,084670	29,373188	30,480254	30,419260	32,199857	-2,669460	1,184358	1,073286	177379,216915	-0,181261	-0,000268	0,966478	1,961657	2,038351	-0,124424	-0,124424	14,037392	-0,012112	1,001056	1,799016
14,600000	8,640578	8,670346	1,596524	0,405235	2,572198	-787,444667	918,912753	-2503,715928	9,248065	955,096738	33,086935	29,376437	30,474960	30,426340	32,200571	-2,669714	1,184856	1,073582	177443,012077	-0,182414	-0,000322	0,964863	1,961174	2,038737	-0,124423	-0,124426	14,038432	-0,011965	0,998634	1,799169
14,800000	8,639869	8,669731	1,603677	0,406756	2,577301	-763,721741	919,204652	-2477,205043	9,250527	955,212864	33,088834	29,379503	30,470858	30,429942	32,200432	-2,669701	1,186114	1,073269	177522,444800	-0,183482	-0,000311	0,986493	1,960761	2,039428	-0,124427	-0,124425	14,039438	-0,011996	0,995592	1,799294
15,000000	8,639131	8,669217	1,607388	0,406930	2,586410	-725,703166	918,804766	-2443,597377	9,252664	955,243617	33,088985	29,377878	30,470075	30,428866	32,199630	-2,669431	1,188647	1,072964	177650,241965	-0,182630	-0,000219	0,951317	1,960226	2,039651	-0,124433	-0,124421	14,039605	-0,011906	0,993853	1,799327
15,200000	8,638806	8,668762	1,602221	0,406089	2,590498	-693,720255	918,261030	-2403,927600	9,254716	955,261374	33,090853	29,372962	30,469078	30,426742	32,197656	-2,669324	1,190155	1,073821	177744,172763	-0,181298	-0,000145	0,932488	1,959512	2,039274	-0,124436	-0,124422	14,039471	-0,011622	0,995431	1,799346
15,400000	8,638892	8,668184	1,603574	0,406124	2,590748	-678,333209	918,502392	-2369,105660	9,257307	955,298760	33,096505	29,370421	30,469377	30,426190	32,195922	-2,669438	1,189953	1,074182	177749,438272	-0,181505	-0,000130	1,025621	1,958842	2,038735	-0,124434	-0,124422	14,039388	-0,011225	0,994523	1,799386
15,600000	8,638411	8,667744	1,608700	0,406738	2,588012	-724,022116	919,338965	-2354,728845	9,260072	955,326859	33,103288	29,372771	30,470561	30,428909	32,195398	-2,669615	1,190426	1,073797	177745,580638	-0,182151	-0,000125	1,099616	1,958484	2,038568	-0,124426	-0,124421	14,039384	-0,010985	0,992337	1,799416
15,800000	8,637278	8,667411	1,599640	0,406854	2,582065	-852,408255	919,953676	-2417,244340	9,262195	955,309968	33,106544	29,377170	30,466653	30,434253	32,192555	-2,669891	1,191633	1,073760	177669,541240	-0,181586	-0,000119	1,106325	1,959151	2,039247	-0,124418	-0,124425	14,039398	-0,011142	0,996075	1,799398
16,000000	8,636311	8,667093	1,589860	0,407085	2,574157	-912,682188	920,135396	-2521,041805	9,264035	955,285534	33,104033	29,379535	30,461542	30,438857	32,187829	-2,670056	1,190712	1,073491	177405,763291	-0,180791	-8,834465E-5	1,172891	1,960755	2,040372	-0,124418	-0,124431	14,039405	-0,011353	1,000599	1,799372
16,200000	8,635816	8,666903	1,600720	0,407859	2,568897	-825,693501	920,071798	-2539,173791	9,266160	955,276996	33,099081	29,379124	30,464466	30,439069	32,187516	-2,669817	1,188981	1,073248	177106,946415	-0,180650	-2,631373E-5	1,230269	1,962239	2,040738	-0,124425	-0,124433	14,039404	-0,011424	0,997163	1,799363
16,400000	8,635577	8,666672	1,610726	0,408254	2,569066	-773,724237	919,788635	-2475,531210	9,268512	955,254903	33,095893	29,377856	30,473004	30,435230	32,191112	-2,669576	1,187957	1,073153	176831,883495	-0,180458	-2,302592E-5	1,161445	1,962775	2,040350	-0,124431	-0,124433	14,039403	-0,011608	0,993619	1,799339
16,600000	8,635183	8,666196	1,600744	0,407422	2,572599	-775,030806	919,319593	-2432,349116	9,271039	955,225342	33,095500	29,376393	30,477986	30,431200	32,192165	-2,669535	1,186845	1,072923	176504,669312	-0,180447	-7,059755E-5	1,094680	1,962647	2,040060	-0,124429	-0,124434	14,039402	-0,011856	0,997343	1,799307
16,800000	8,634716	8,665683	1,590799	0,406326	2,575735	-691,680890	919,457312	-2403,358725	9,273392	955,235236	33,098219	29,376661	30,476132	30,429000	32,190553	-2,669461	1,186506	1,072990	176296,081013	-0,181039	-9,058234E-5	1,157303	1,963129	2,040181	-0,124425	-0,124433	14,039402	-0,011773	1,001359	1,799318
17,000000	8,634173	8,665354	1,595131	0,405999	2,576765	-585,292002	920,395278	-2345,065299	9,275478	955,256115	33,099888	29,379706	30,474724	30,428198	32,189679	-2,669343	1,187409	1,073494	176271,901404	-0,181338	-0,000111	1,201543	1,964712	2,040515	-0,124425	-0,124427	14,039402	-0,011598	1,000444	1,799340
17,200000	8,633645	8,665039	1,603507	0,406164	2,578299	-521,213922	920,843097	-2271,529648	9,277619	955,211300	33,094968	29,379850	30,478664	30,427459	32,191681	-2,669117	1,188523	1,073334	176311,847835	-0,180829	-0,000170	1,092131	1,966301	2,040456	-0,124428	-0,124422	14,039402	-0,011974	0,998009	1,799292
17,400000	8,633524	8,664495	1,599952	0,406549	2,579708	-486,437626	920,412113	-2207,681920	9,279858	955,110798	33,087390	29,375815	30,481871	30,426061	32,197370	-2,668841	1,188002	1,073132	176440,866119	-0,180655	-0,000150	1,010762	1,966798	2,040192	-0,124430	-0,124422	14,039402	-0,012817	0,999595	1,799184
17,600000	8,633769	8,664063	1,586474	0,407026	2,580479	-468,523510	920,003734	-2166,256491	9,282181	955,922600	33,083863	29,373578	30,481335	30,423379	32,205227	-2,668753	1,186248	1,073755	176655,257003	-0,181107	-9,504923E-5	1,046035	1,966177	2,040108	-0,124432	-0,124424	14,046820	-0,013423	1,004451	1,800057
17,800000	8,633879	8,664040	1,581898	0,406975	2,574344	-441,848422	919,936259	-2139,353061	9,284495	958,024916	33,086881	29,374150	30,480442	30,421638	32,210166	-2,668695	1,185111	1,073554	176827,567779	-0,181056	-0,000123	1,051471	1,965118	2,039773	-0,124430	-0,124424	14,064395	-0,013371	1,005683	1,802319
18,000000	8,633468	8,663761	1,589180	0,406467	2,560973	-433,869211	920,133888	-2121,868230	9,286696	957,790049	33,093240	29,374444	30,477565	30,422660	32,207686	-2,668586	1,184678	1,073281	176954,923839	-0,181108	-1,334364E-5	0,993097	1,964416	2,039396	-0,124425	-0,124424	14,062020	-0,012964	1,002455	1,802066
18,200000	8,632777	8,662910	1,596894	0,406360	2,551419	-486,590781	920,335820	-2136,238373	9,288673	954,666927	33,095882	29,374221	30,471594	30,423227	32,202509	-2,668683	1,184570	1,073773	177070,955496	-0,181814	4,539698E-5	0,940105	1,964247	2,039546	-0,124425	-0,124426	14,035449	-0,012589	0,999282	1,798706
18,400000	8,632408	8,662034	1,597645	0,406517	2,556730	-564,667524	920,252591	-2182,882194	9,290587	953,549264	33,095512	29,374117	30,465458	30,421646	32,201137	-2,668933	1,184809	1,073618	177215,538157	-0,182269	-0,000176	0,998522	1,964031	2,040064	-0,124430	-0,124425	14,026095	-0,012619	0,998772	1,797502
18,600000	8,632215	8,661292	1,590184	0,406457	2,571110	-623,813167	919,973974	-2234,357667	9,292516	954,592180	33,095179	29,374687	30,465423	30,419381	32,204421	-2,669093	1,185843	1,073852	177387,850027	-0,182301	-0,000280	1,145081	1,963086	2,039859	-0,124432	-0,124423	14,035259	-0,013027	1,001090	1,798625
18,800000	8,631466	8,660722	1,588090	0,406282	2,579674	-643,110157	919,793149	-2278,734717	9,294248	955,207362	33,095365	29,376369	30,471235	30,420002	32,208107	-2,669150	1,187038	1,074259	177466,245581	-0,182126	-5,158512E-5	1,209095	1,961105	2,038891	-0,124426	-0,124423	14,040477	-0,013082	1,000844	1,799288
19,000000	8,630448	8,660532	1,597243	0,406504	2,581933	-606,822107	919,902918	-2284,897413	9,296235	955,288964	33,098582	29,376867	30,471295	30,426245	32,206886	-2,669141	1,187747	1,073720	177473,069430	-0,181709	0,000248	1,185173	1,958296	2,038706	-0,124419	-0,124425	14,040611	-0,012531	0,995865	1,799376
19,200000	8,629789	8,660332	1,600608	0,406877	2,584330	-561,924984	920,130326	-2250,146520	9,298862	955,277559	33,102041	29,376112	30,463223	30,435295	32,201069	-2,669083	1,187377	1,073794	177497,055410	-0,181360	0,000272	1,119366	1,955905	2,039535	-0,124418	-0,124431	14,039639	-0,011654	0,993316	1,799363
19,400000	8,629198	8,659692	1,595246	0,407227	2,584879	-570,886225	920,434815	-2240,278903	9,301528	955,309528	33,102444	29,376904	30,456895	30,439645	32,194484	-2,669150	1,184484	1,074016	177582,046203	-0,181649	3,083720E-5	1,033471	1,955086	2,040437	-0,124421	-0,124434	14,039253	-0,011000	0,994863	1,799398
19,600000	8,628229	8,659070	1,592870	0,407723	2,579125	-613,056057	920,526440	-2267,401325	9,303478	955,326079	33,100793	29,377605	30,460579	30,435609	32,190315	-2,669270	1,181037	1,073212	177711,102254	-0,181920	-0,000225	1,008906	1,955765	2,040819	-0,124427	-0,124431	14,039301	-0,010909	0,996067	1,799416
19,800000	8,627312	8,658754	1,593926	0,407591	2,572003	-651,496081	920,202415	-2305,347212	9,305246	956,199150	33,097783	29,376660	30,469786	30,429217	32,188152	-2,669261	1,181032	1,072786	177727,011457	-0,181520	-0,000269	1,038897	1,957508	2,040806	-0,124432	-0,124429	14,046811	-0,011095	0,996550	1,800355
20,000000	8,626916	8,658283	1,591313	0,406841	2,567938	-715,429007	919,793191	-2363,907772	9,307523	958,265839	33,095549	29,375431	30,475241	30,427583	32,186800	-2,669363	1,184499	1,072860	177541,800561	-0,181477	-0,000150	1,071162	1,959484	2,040362	-0,124433	-0,124429	14,064412	-0,011369	0,998536	1,802578
20,200000	8,626585	8,657630	1,590470	0,406208	2,566222	-765,166543	919,645846	-2425,945380	9,309595	958,823452	33,094807	29,375089	30,473367	30,430267	32,186534	-2,669579	1,188207	1,072622	177349,004792	-0,181764	-0,000151	1,088977	1,960720	2,039779	-0,124429	-0,124431	14,069445	-0,011730	0,999418	1,803177
20,400000	8,625923	8,657217	1,595058	0,406322	2,566303	-748,636666	919,997847	-2450,652593	9,311493	956,828372	33,092990	29,376979	30,470509	30,431830	32,187118	-2,669570	1,190848	1,073021	177414,772686	-0,181664	-8,110786E-5	1,084795	1,961273	2,040006	-0,124427	-0,124432	14,053024	-0,012031	0,997873	1,801032
20,600000	8,625136	8,657066	1,595225	0,406906	2,571005	-733,233944	920,394113	-2442,341568	9,313750	955,956927	33,087374	29,379258	30,471843	30,430485	32,188763	-2,669388	1,191989	1,073628	177665,176950	-0,181858	0,000108	1,060834	1,962105	2,040546	-0,124432	-0,124434	14,045970	-0,012286	0,998213	1,800094
20,800000	8,624673	8,656800	1,593240	0,406953	2,577083	-722,620922	919,982141	-2425,745396	9,315984	957,745799	33,079872	29,379196	30,474556	30,426325	32,191074	-2,669278	1,191589	1,073374	177823,279075	-0,182247	5,732139E-5	1,062255	1,963826	2,040638	-0,124439	-0,124433	14,061414	-0,012729	0,999835	1,802019
21,000000	8,624892	8,656076	1,594261	0,406479	2,578255	-698,857191	919,145993	-2402,297604	9,318180	959,411130	33,075672	29,377378	30,480850	30,419671	32,195356	-2,669069	1,190786	1,073202	177827,980083	-0,182233	-4,932238E-5	1,086809	1,965850	2,040236	-0,124438	-0,124429	14,075919	-0,013281	1,000424	1,803808
21,200000	8,625126	8,655086	1,595596	0,405984	2,575236	-718,232460	918,697064	-2391,994338	9,320281	958,770009	33,075965	29,376098	30,483860	30,415826	32,200902	-2,668984	1,190055	1,073643	177794,505170	-0,181903	2,144570E-5	1,028807	1,967080	2,039516	-0,124435	-0,124421	14,070838	-0,013570	1,000446	1,803119
21,400000	8,624655	8,654130	1,599095	0,405822	2,575369	-714,599012	918,560187	-2388,434799	9,322171	957,374044	33,080585	29,375898	30,476825	30,417046	32,202081	-2,669301	1,189946	1,073742	177781,617993	-0,181426	3,996156E-5	0,981442	1,967227	2,039198	-0,124432	-0,124415	14,058703	-0,013134	0,999051	1,801619
21,600000	8,623905	8,653345	1,600513	0,405917	2,576519	-625,372355	919,006084	-2331,824760	9,324239	957,919338	33,087095	29,377334	30,471717	30,420112	32,200986	-2,669375	1,190702	1,073446	177771,310902	-0,181244	-0,000144	1,084239	1,966614	2,039421	-0,124429	-0,124418	14,062631	-0,012491	0,998092	1,802205
21,800000	8,623178	8,653065	1,591989	0,405803	2,573650	-604,221988	919,756124	-2275,586180	9,326416	959,267323	33,088432	29,379379	30,473371	30,421987	32,203025	-2,669117	1,191712	1,072943	177759,904791	-0,181260	-0,000355	1,222536	1,965532	2,039733	-0,124424	-0,124422	14,073876	-0,012442	1,000794	1,803654
22,000000	8,622431	8,653071	1,587130	0,405656	2,570400	-691,462353	919,502234	-2315,810640	9,328467	959,684383	33,083481	29,378221	30,474753	30,422431	32,206206	-2,669060	1,191347	1,072494	177726,661362	-0,181170	-0,000385	1,266670	1,964413	2,039944	-0,124424	-0,124423	14,077262	-0,012335	1,002114	1,804102
22,200000	8,621686	8,652552	1,593858	0,405782	2,570374	-749,450183	918,786483	-2395,178374	9,330661	958,746086	33,080758	29,374426	30,473067	30,423369	32,207960	-2,669272	1,189679	1,073316	177672,572748	-0,181418	-0,000188	1,217339	1,963736	2,039705	-0,124427	-0,124426	14,068894	-0,011827	0,999122	1,803094
22,400000	8,621147	8,651580	1,594533	0,406113	2,572536	-743,626088	918,867854	-2425,094754	9,333111	956,565982	33,086317	29,371980	30,467044	30,425834	32,206802	-2,669525	1,188800	1,073754	177645,388101	-0,182155	0,000102	1,088559	1,963325	2,039051	-0,124426	-0,124428	14,050304	-0,011511	0,998540	1,800750
22,600000	8,620969	8,650764	1,589547	0,406276	2,570041	-676,074332	919,804673	-2389,465840	9,335594	955,071858	33,095671	29,373737	30,458942	30,430259	32,200677	-2,669621	1,189496	1,073031	177633,021707	-0,182529	0,000229	0,911920	1,962614	2,038844	-0,124424	-0,124428	14,037656	-0,011398	0,999984	1,799142
22,800000	8,620516	8,650332	1,585669	0,406366	2,565725	-624,898871	920,537338	-2331,034667	9,337966	955,857500	33,100156	29,376789	30,456623	30,434467	32,191143	-2,669540	1,190288	1,073596	177628,048997	-0,182240	0,000184	0,826981	1,961819	2,039164	-0,124425	-0,124429	14,044040	-0,011189	1,001017	1,799987
23,000000	8,619524	8,650186	1,579149	0,407152	2,564731	-688,428967	920,280445	-2337,568801	9,340230	957,320887	33,096194	29,377398	30,460495	30,434191	32,185488	-2,669442	1,190783	1,074006	177639,248032	-0,181855	0,000105	0,918085	1,961483	2,039408	-0,124427	-0,124431	14,056292	-0,011170	1,003372	1,801562
23,200000	8,618843	8,649913	1,584277	0,407898	2,564983	-743,653519	919,791449	-2398,857443	9,342490	956,790068	33,090530	29,376223	30,462270	30,430264	32,188331	-2,669484	1,192683	1,073057	177643,487748	-0,181541	4,139908E-5	1,056003	1,961547	2,039604	-0,124428	-0,124432	14,052153	-0,011481	1,001394	1,800991
23,400000	8,618573	8,649539	1,597266	0,407775	2,563503	-714,838991	919,612435	-2416,405020	9,344692	955,407432	33,089314	29,374859	30,461839	30,428856	32,195309	-2,669509	1,193933	1,072747	177629,189872	-0,181350	4,097443E-5	1,108116	1,961943	2,039790	-0,124428	-0,124431	14,040807	-0,011732	0,996548	1,799503
23,600000	8,618092	8,649285	1,600686	0,407846	2,566973	-689,584566	919,459469	-2387,695369	9,346901	955,017163	33,089037	29,374119	30,464474	30,431939	32,198542	-2,669415	1,193156	1,072682	177598,050185	-0,181156	-2,089785E-5	1,152285	1,963099	2,039838	-0,124429	-0,124430	14,037425	-0,011625	0,995808	1,799083
23,800000	8,617604	8,648701	1,598468	0,408646	2,575280	-684,329280	919,382459	-2358,535372	9,349225	955,174286	33,087058	29,374100	30,469592	30,435467	32,194586	-2,669349	1,192608	1,072246	177596,018769	-0,181073	-0,000145	1,196938	1,964832	2,040304	-0,124432	-0,124433	14,038397	-0,011279	0,997495	1,799252
24,000000	8,617368	8,647833	1,592247	0,409132	2,579681	-653,995841	919,762543	-2332,911133	9,351466	955,306972	33,085938	29,375525	30,474907	30,435261	32,188379	-2,669339	1,192201	1,072438	177602,207499	-0,180790	-0,000183	1,125746	1,965581	2,041003	-0,124434	-0,124435	14,039418	-0,011187	1,000195	1,799395
24,200000	8,617025	8,647462	1,582657	0,408739	2,578782	-589,398657	920,289361	-2295,513108	9,353616	955,277899	33,085551	29,377761	30,476740	30,428930	32,188567	-2,669221	1,190408	1,072825	177541,851180	-0,179771	-0,000185	1,016370	1,964801	2,040810	-0,124433	-0,124433	14,039605	-0,011618	1,003472	1,799364
24,400000	8,616692	8,647419	1,580067	0,407976	2,572790	-503,439845	920,442278	-2232,050976	9,355648	955,177699	33,083456	29,378829	30,478235	30,419029	32,198121	-2,668902	1,188796	1,072958	177499,274092	-0,179436	-0,000157	1,018428	1,963299	2,040058	-0,124435	-0,124430	14,039474	-0,012328	1,003709	1,799256
24,600000	8,616755	8,646952	1,586944	0,407036	2,562646	-441,685198	920,207100	-2169,257707	9,357660	954,244092	33,081748	29,377933	30,483092	30,414909	32,208849	-2,668657	1,190034	1,073368	177550,416155	-0,180460	-0,000122	1,044352	1,960713	2,039490	-0,124437	-0,124428	14,031972	-0,012662	0,999692	1,798251
24,800000	8,616615	8,646066	1,591080	0,405997	2,552211	-488,971747	919,866942	-2165,056402	9,359990	953,075982	33,081409	29,376085	30,481984	30,419418	32,212004	-2,668824	1,191045	1,073335	177597,985210	-0,181386	-0,000195	1,047367	1,957666	2,039228	-0,124432	-0,124429	14,021808	-0,012307	0,996454	1,796992
25,000000	8,615911	8,645434	1,591440	0,405679	2,549933	-516,492513	919,868971	-2189,888110	9,362484	953,738056	33,082488	29,375803	30,475407	30,423600	32,210480	-2,669014	1,189999	1,072654	177562,260572	-0,181900	-0,000320	1,134796	1,956694	2,039520	-0,124429	-0,124430	14,026939	-0,011877	0,995735	1,797706
25,200000	8,615315	8,645239	1,588744	0,406194	2,555892	-437,835602	920,360464	-2155,831685	9,364882	955,064026	33,084318	29,377507	30,474494	30,422610	32,210429	-2,668738	1,190251	1,072998	177521,407502	-0,182199	-0,000313	1,188906	1,957955	2,040119	-0,124433	-0,124428	14,038242	-0,012049	0,997386	1,799133
25,400000	8,614824	8,645061	1,581083	0,406564	2,563672	-436,248138	920,451171	-2116,627866	9,367136	954,519622	33,083036	29,377563	30,476043	30,419515	32,210894	-2,668574	1,192316	1,073894	177476,938897	-0,181980	-0,000214	1,113728	1,959562	2,040001	-0,124438	-0,124423	14,033997	-0,012374	1,001156	1,798547
25,600000	8,614173	8,644577	1,582100	0,406551	2,570058	-509,098313	919,792123	-2152,583464	9,369380	952,328865	33,081472	29,374889	30,473123	30,418662	32,210482	-2,668853	1,193965	1,073643	177355,279673	-0,181665	-0,000207	1,044051	1,960761	2,039129	-0,124438	-0,124418	14,015380	-0,012156	1,001323	1,796187
25,800000	8,613858	8,643843	1,591266	0,406770	2,577294	-536,256937	919,467598	-2206,981003	9,371827	950,777483	33,086618	29,372880	30,469606	30,422644	32,209886	-2,669006	1,193434	1,073621	177272,825230	-0,181658	-0,000176	1,061714	1,961396	2,038652	-0,124431	-0,124419	14,001915	-0,011730	0,998020	1,794515
26,000000	8,613719	8,643316	1,592557	0,407629	2,582115	-531,275321	919,844748	-2222,348562	9,374108	951,531094	33,097912	29,373437	30,464485	30,428984	32,206840	-2,668889	1,192357	1,074281	177292,951247	-0,181738	-1,806369E-5	1,078542	1,961706	2,038808	-0,124420	-0,124425	14,008002	-0,011481	0,997607	1,795327
26,200000	8,613053	8,642924	1,586530	0,408121	2,579013	-549,231204	920,376094	-2224,228346	9,376057	953,891500	33,106443	29,375436	30,454641	30,433782	32,201961	-2,668941	1,192641	1,073933	177332,854312	-0,181769	-0,000122	1,035176	1,962126	2,039250	-0,124416	-0,124431	14,027722	-0,011372	1,000067	1,797871
26,400000	8,611967	8,642596	1,586166	0,407896	2,571162	-564,759253	920,704794	-2229,889087	9,378345	954,631867	33,106312	29,376934	30,451416	30,435770	32,199427	-2,669122	1,192794	1,072925	177353,408723	-0,181839	-0,000505	1,019054	1,962092	2,039765	-0,124423	-0,124432	14,033818	-0,011252	1,000141	1,798668
26,600000	8,611076	8,642599	1,592569	0,407769	2,565323	-527,612142	920,802350	-2208,111668	9,381017	952,695328	33,099445	29,377679	30,461129	30,434390	32,200755	-2,669006	1,191894	1,072804	177350,011343	-0,181682	-0,000567	1,047713	1,961146	2,040188	-0,124429	-0,124431	14,017374	-0,011070	0,997218	1,796582
26,800000	8,610618	8,642340	1,595937	0,407695	2,561738	-493,384984	920,809972	-2167,612246	9,383383	950,955905	33,092774	29,377777	30,470068	30,430707	32,202993	-2,668848	1,191907	1,073071	177336,043157	-0,181028	-0,000315	1,058647	1,960132	2,040395	-0,124427	-0,124430	14,002687	-0,011002	0,995411	1,794707
27,000000	8,610356	8,641400	1,588056	0,407832	2,557824	-553,496599	920,703170	-2178,218994	9,385331	951,589742	33,093169	29,378419	30,469025	30,428400	32,200941	-2,669031	1,191825	1,073059	177327,734161	-0,180587	-0,000110	1,101985	1,959785	2,040379	-0,124425	-0,124434	14,007897	-0,010883	0,998164	1,795391
27,200000	8,609802	8,640603	1,574006	0,407728	2,557599	-659,038560	920,496363	-2274,044732	9,387048	953,973195	33,096944	29,379676	30,465687	30,429147	32,194799	-2,669371	1,188754	1,072927	177330,800026	-0,181099	1,848072E-5	1,177169	1,959863	2,040518	-0,124424	-0,124438	14,027532	-0,010496	1,003558	1,797959
27,400000	8,609033	8,640440	1,571736	0,407455	2,559905	-634,024153	920,543862	-2340,932680	9,388968	954,751555	33,097267	29,378871	30,466521	30,430058	32,191483	-2,669534	1,186682	1,072442	177340,235885	-0,181401	8,129224E-5	1,225360	1,959772	2,040683	-0,124427	-0,124436	14,033768	-0,010198	1,004386	1,798797
27,600000	8,608755	8,640359	1,585608	0,407990	2,557952	-486,780309	920,829833	-2272,230706	9,391597	952,769384	33,092124	29,377272	30,471997	30,427398	32,194771	-2,669284	1,187321	1,072348	177340,851851	-0,181275	5,654307E-5	1,291184	1,959450	2,040372	-0,124432	-0,124430	14,017393	-0,010467	0,998845	1,796662
27,800000	8,608844	8,639963	1,600172	0,408647	2,554450	-376,942192	920,690981	-2148,017852	9,394394	950,943983	33,083701	29,376468	30,479494	30,421955	32,203250	-2,668749	1,186685	1,072544	177336,301677	-0,181831	-5,571190E-5	1,267365	1,960102	2,039820	-0,124435	-0,124425	14,002704	-0,011119	0,993563	1,794694
28,000000	8,608665	8,639474	1,594896	0,408389	2,559011	-364,683718	920,338071	-2075,829384	9,396611	951,512341	33,079042	29,375765	30,484988	30,417791	32,212881	-2,668391	1,184513	1,072802	177336,861209	-0,182374	-0,000162	1,124988	1,962304	2,039697	-0,124433	-0,124424	14,007899	-0,011536	0,996673	1,795307
28,200000	8,608239	8,638932	1,578508	0,407457	2,567281	-398,020386	920,223128	-2077,946492	9,398601	952,956856	33,080149	29,375519	30,486986	30,418017	32,215835	-2,668359	1,182423	1,073509	177335,055419	-0,182375	-0,000313	1,015251	1,964509	2,039953	-0,124426	-0,124422	14,020113	-0,011612	1,004090	1,796864
28,400000	8,607787	8,638141	1,578978	0,407349	2,569112	-397,556797	920,325092	-2095,601118	9,400919	952,494894	33,083716	29,376281	30,484224	30,420859	32,210817	-2,668413	1,180628	1,073955	177335,462335	-0,182253	-0,000525	0,929087	1,965471	2,039696	-0,124423	-0,124423	14,016191	-0,011572	1,004304	1,796366
28,600000	8,607223	8,637309	1,593011	0,408160	2,564740	-377,228086	920,650483	-2078,574405	9,403363	951,158460	33,086551	29,376499	30,480784	30,421409	32,206928	-2,668411	1,181138	1,074087	177345,009984	-0,182133	-0,000481	0,929165	1,965308	2,039296	-0,124430	-0,124427	14,004933	-0,011545	0,998684	1,794926
28,800000	8,606744	8,636701	1,597454	0,408134	2,564554	-396,990025	920,787463	-2061,028644	9,405591	950,724733	33,086255	29,374773	30,477954	30,418591	32,210314	-2,668502	1,185420	1,074306	177368,443505	-0,181820	-0,000308	1,057257	1,964110	2,039508	-0,124437	-0,124425	14,001541	-0,011800	0,996300	1,794458
29,000000	8,606438	8,636185	1,589129	0,407296	2,568969	-459,241559	920,499167	-2088,491186	9,407575	950,770452	33,084453	29,373936	30,472797	30,416521	32,216076	-2,668761	1,190105	1,074306	177394,290347	-0,181452	-0,000315	1,198485	1,962695	2,039353	-0,124433	-0,124420	14,002492	-0,012366	0,998718	1,794507
29,200000	8,605845	8,635569	1,584778	0,406592	2,571551	-546,262516	919,989912	-2156,969388	9,409522	949,974560	33,083101	29,374599	30,468675	30,420502	32,218215	-2,668875	1,193176	1,074008	177414,853849	-0,181365	-0,000228	1,231505	1,962268	2,038751	-0,124426	-0,124421	13,996091	-0,012658	1,000102	1,793649
29,400000	8,604858	8,634969	1,586061	0,405873	2,572908	-636,583023	919,677343	-2236,836000	9,411510	947,953769	33,083433	29,374984	30,466628	30,428249	32,215585	-2,668952	1,194423	1,073806	177456,089591	-0,181682	-2,008328E-5	1,142609	1,962386	2,038929	-0,124424	-0,124422	13,978704	-0,012277	0,999595	1,791467
29,600000	8,604136	8,634383	1,587360	0,405901	2,574333	-661,855729	919,826256	-2294,691702	9,413447	946,545930	33,087062	29,374932	30,462292	30,434114	32,208575	-2,669209	1,193664	1,073482	177490,615164	-0,182412	-2,882557E-5	1,164172	1,962056	2,039737	-0,124423	-0,124424	13,966116	-0,011545	0,998850	1,789947
29,800000	8,603812	8,633961	1,590626	0,407601	2,573426	-593,318222	920,378155	-2284,227620	9,415491	946,462603	33,090692	29,375216	30,456432	30,435650	32,202354	-2,669247	1,192403	1,073032	177461,399768	-0,182957	-0,000164	1,252837	1,961178	2,040229	-0,124424	-0,124428	13,964869	-0,011000	0,997080	1,789857
30,000000	8,603187	8,633796	1,591046	0,408903	2,568381	-525,560942	920,990717	-2223,439229	9,417804	945,829905	33,091221	29,376801	30,457700	30,431834	32,200924	-2,669041	1,192121	1,073348	177379,601267	-0,182511	-0,000187	1,143893	1,960250	2,040220	-0,124429	-0,124430	13,959455	-0,010918	0,996428	1,789173
30,200000	8,602435	8,633455	1,592103	0,408255	2,565120	-546,077985	921,337119	-2197,457445	9,420085	944,708585	33,089672	29,378303	30,462503	30,427729	32,201502	-2,669029	1,193351	1,073802	177311,873888	-0,181395	-0,000107	1,047857	1,959834	2,039963	-0,124429	-0,124426	13,950282	-0,011196	0,995785	1,787960
30,400000	8,601987	8,632854	1,600339	0,407403	2,566222	-588,199360	921,294824	-2223,808535	9,422044	945,277150	33,089535	29,377917	30,461383	30,429064	32,200726	-2,669273	1,193760	1,073648	177274,942452	-0,181083	-8,354949E-5	1,174128	1,960026	2,039472	-0,124426	-0,124425	13,955370	-0,011490	0,992662	1,788575
30,600000	8,601348	8,632317	1,603774	0,407818	2,571662	-578,476409	921,229621	-2233,287904	9,424111	946,573714	33,092776	29,376902	30,460361	30,432764	32,199949	-2,669364	1,192698	1,073284	177281,378307	-0,181318	-0,000232	1,236549	1,960505	2,039170	-0,124428	-0,124433	13,966463	-0,011658	0,991539	1,789977
30,800000	8,600415	8,632021	1,596778	0,408716	2,578834	-575,790874	921,285298	-2230,418579	9,426496	946,930938	33,092522	29,378463	30,465162	30,434207	32,199794	-2,669170	1,191550	1,072778	177335,615917	-0,181140	-0,000372	1,142273	1,961215	2,039915	-0,124432	-0,124439	13,969566	-0,011752	0,994552	1,790363
31,000000	8,599837	8,631640	1,590241	0,408647	2,585151	-594,462238	920,738266	-2263,966524	9,428904	946,815074	33,084938	29,380481	30,470562	30,431604	32,199493	-2,668883	1,190599	1,072614	177360,543666	-0,180761	-0,000324	1,110003	1,962301	2,040941	-0,124435	-0,124438	13,968541	-0,011702	0,997587	1,790237
31,200000	8,599662	8,630860	1,584656	0,407912	2,586952	-613,974751	919,660423	-2315,426072	9,431134	947,583464	33,074374	29,378762	30,477009	30,424787	32,202026	-2,668764	1,189556	1,073180	177351,332482	-0,180883	-0,000122	1,082935	1,963246	2,040786	-0,124438	-0,124436	13,974971	-0,011662	1,000172	1,791067
31,400000	8,599466	8,629946	1,577689	0,407280	2,580761	-671,625261	918,853252	-2382,534605	9,433110	949,627454	33,066591	29,375744	30,486153	30,418650	32,206067	-2,668985	1,185587	1,073652	177350,834646	-0,182066	8,417387E-5	1,003174	1,963781	2,039719	-0,124439	-0,124433	13,992383	-0,011870	1,003095	1,793274
31,600000	8,599208	8,629105	1,575935	0,406622	2,568782	-720,668468	918,593656	-2438,232390	9,435118	950,193728	33,065485	29,374823	30,488802	30,416909	32,206860	-2,669330	1,180765	1,073590	177351,876736	-0,183219	1,272679E-5	1,029431	1,964521	2,038856	-0,124435	-0,124431	13,997558	-0,012282	1,004081	1,793885
31,800000	8,599080	8,628523	1,580104	0,406410	2,556708	-691,378054	918,831819	-2421,307697	9,437271	948,215455	33,069860	29,374949	30,482041	30,418412	32,205579	-2,669479	1,180561	1,073390	177340,632123	-0,183211	-0,000246	1,139124	1,965419	2,038708	-0,124429	-0,124432	13,981226	-0,012596	1,002832	1,791750
32,000000	8,598791	8,628329	1,583593	0,406725	2,547277	-670,691662	919,318116	-2360,585897	9,439429	946,489199	33,073923	29,375417	30,474666	30,420532	32,206190	-2,669323	1,182798	1,072950	177323,202675	-0,182383	-0,000353	1,151362	1,964729	2,038733	-0,124429	-0,124431	13,966760	-0,012667	1,001079	1,789885
32,200000	8,598121	8,628054	1,581688	0,406580	2,542028	-723,114953	919,300129	-2341,470136	9,441472	946,231445	33,072138	29,375983	30,472219	30,420990	32,209354	-2,669078	1,183993	1,072892	177323,824647	-0,181843	-0,000252	1,054660	1,962124	2,038640	-0,124431	-0,124427	13,964613	-0,012692	1,000451	1,789607
32,400000	8,597713	8,627525	1,582531	0,406038	2,545469	-726,674927	918,696868	-2355,621674	9,443551	946,455963	33,068105	29,375056	30,472622	30,421904	32,214130	-2,668981	1,184860	1,073321	177337,569652	-0,182363	-8,045158E-5	1,000925	1,959456	2,038922	-0,124430	-0,124423	13,966652	-0,012839	0,998714	1,789849
32,600000	8,597833	8,627123	1,591368	0,406030	2,557792	-637,332664	918,519363	-2320,325025	9,446002	946,581428	33,069485	29,373611	30,471310	30,424269	32,217288	-2,668967	1,185855	1,073660	177341,720718	-0,182899	4,776584E-5	1,009385	1,957251	2,039112	-0,124429	-0,124422	13,967826	-0,012956	0,994144	1,789985
32,800000	8,597693	8,626808	1,596249	0,406597	2,572592	-548,714609	919,143240	-2245,644538	9,448490	946,622128	33,078186	29,373603	30,465753	30,426178	32,214750	-2,668974	1,186684	1,074185	177327,111629	-0,182414	-2,752887E-5	0,928326	1,956005	2,038651	-0,124428	-0,124419	13,967861	-0,012648	0,991592	1,790029
33,000000	8,596730	8,626339	1,589011	0,406823	2,582620	-506,487022	920,106910	-2192,666974	9,450721	947,560208	33,087907	29,374495	30,459007	30,429486	32,208036	-2,669079	1,187083	1,074550	177276,717289	-0,181643	-0,000217	0,828764	1,956859	2,038376	-0,124425	-0,124420	13,975061	-0,011947	0,994726	1,791042
33,200000	8,595520	8,625797	1,576338	0,406432	2,585598	-517,797908	920,595482	-2179,003828	9,452946	948,815144	33,091261	29,375051	30,456144	30,432996	32,202213	-2,669191	1,186854	1,074413	177207,212348	-0,180907	-0,000135	0,861194	1,959042	2,038797	-0,124424	-0,124424	13,985132	-0,011454	1,000670	1,792397
33,400000	8,594798	8,625375	1,575034	0,406142	2,580175	-534,233406	920,515447	-2197,372399	9,454948	948,165220	33,089015	29,376277	30,460414	30,431186	32,202123	-2,669191	1,186537	1,074023	177198,568764	-0,180663	8,871009E-5	0,934921	1,960578	2,039489	-0,124424	-0,124424	13,980026	-0,011819	1,001928	1,791696
33,600000	8,594474	8,625035	1,582201	0,406183	2,568307	-539,443846	920,411918	-2221,493252	9,456770	946,743461	33,085635	29,377917	30,465516	30,426922	32,206254	-2,669151	1,185546	1,073281	177262,444667	-0,181074	5,844678E-5	0,946173	1,960992	2,039855	-0,124424	-0,124425	13,968750	-0,012515	0,999332	1,790160
33,800000	8,594327	8,624636	1,586231	0,406587	2,556216	-570,941670	920,335139	-2239,492661	9,459029	947,226923	33,084064	29,377832	30,463872	30,428191	32,208621	-2,669198	1,184224	1,072934	177291,232799	-0,180760	-0,000123	0,948780	1,960737	2,039751	-0,124427	-0,124432	13,973000	-0,012693	0,997598	1,790682
34,000000	8,594019	8,624275	1,587865	0,407244	2,553128	-620,800839	920,404487	-2266,166384	9,461574	949,459413	33,083957	29,376839	30,462845	30,433799	32,205249	-2,669375	1,184802	1,073411	177250,867011	-0,180635	-0,000205	1,070810	1,960594	2,039884	-0,124429	-0,124439	13,991614	-0,012515	0,996857	1,793093
34,200000	8,593019	8,624018	1,587820	0,407728	2,558414	-646,094459	920,720538	-2294,065280	9,463986	950,213769	33,083080	29,376456	30,467667	30,436249	32,197488	-2,669445	1,186529	1,073527	177242,181534	-0,181406	-0,000212	1,238280	1,961325	2,040587	-0,124428	-0,124438	13,997659	-0,012215	0,997237	1,793907
34,400000	8,591920	8,623501	1,589422	0,407679	2,564789	-631,568362	920,742649	-2295,092338	9,466322	948,305092	33,081633	29,376595	30,470475	30,433141	32,193811	-2,669287	1,187830	1,073277	177270,172116	-0,181546	-0,000113	1,286411	1,962272	2,041157	-0,124427	-0,124434	13,981414	-0,012029	0,997056	1,791847
34,600000	8,591339	8,622657	1,589634	0,407191	2,569246	-632,807446	920,326293	-2291,312353	9,468610	947,430934	33,079291	29,376930	30,470879	30,425472	32,197860	-2,669084	1,188106	1,073149	177240,853924	-0,181486	3,940378E-5	1,260134	1,963000	2,040826	-0,124430	-0,124431	13,974227	-0,012202	0,997257	1,790903
34,800000	8,590967	8,621925	1,587824	0,406728	2,572813	-664,152661	920,088163	-2312,446347	9,470611	949,207965	33,075187	29,377654	30,476292	30,416841	32,204937	-2,668978	1,187540	1,073245	177185,189594	-0,182022	-1,827790E-5	1,233688	1,963547	2,040007	-0,124432	-0,124426	13,989587	-0,012604	0,998171	1,792821
35,000000	8,590552	8,621359	1,584961	0,406121	2,573083	-723,710082	919,861462	-2359,312353	9,472457	950,003947	33,070499	29,378415	30,480078	30,415253	32,210946	-2,669202	1,187373	1,073080	177174,934844	-0,182286	-0,000209	1,214743	1,963918	2,039532	-0,124431	-0,124420	13,996670	-0,012991	0,999418	1,793680
35,200000	8,590314	8,620860	1,582136	0,406004	2,566843	-754,182058	919,350987	-2402,377208	9,474671	948,155980	33,068566	29,378084	30,473676	30,420744	32,214265	-2,669502	1,187970	1,072737	177195,628058	-0,182247	-0,000267	1,139724	1,964445	2,039491	-0,124430	-0,124419	13,981446	-0,013316	1,000708	1,791686
35,400000	8,590292	8,620530	1,586195	0,406784	2,559121	-698,498055	919,170807	-2389,514208	9,477064	947,303466	33,070415	29,376547	30,467025	30,424607	32,215100	-2,669381	1,188631	1,072803	177216,088681	-0,183015	-0,000311	1,077830	1,964837	2,039808	-0,124432	-0,124423	13,974433	-0,013481	0,999285	1,790765
35,600000	8,589862	8,620295	1,590325	0,407008	2,556092	-675,296594	919,485532	-2362,918215	9,479139	949,118690	33,070212	29,375676	30,471171	30,423095	32,215124	-2,669093	1,188631	1,072694	177235,662636	-0,183511	-0,000400	1,182728	1,964027	2,040077	-0,124434	-0,124424	13,989657	-0,013425	0,997271	1,792725
35,800000	8,589102	8,619812	1,586212	0,406226	2,558867	-702,667123	919,257948	-2369,952261	9,481149	950,866427	33,067238	29,375241	30,477964	30,419172	32,215438	-2,668940	1,188924	1,072925	177221,992987	-0,182760	-0,000350	1,267241	1,961639	2,039574	-0,124436	-0,124422	14,004073	-0,013140	0,997618	1,794611
36,000000	8,588775	8,619105	1,581229	0,405289	2,562345	-709,057490	918,696542	-2385,564417	9,483350	951,196321	33,067482	29,373545	30,475514	30,417866	32,215057	-2,668931	1,188873	1,073424	177163,361556	-0,182232	-0,000187	1,245051	1,959495	2,038728	-0,124435	-0,124419	14,006419	-0,012713	0,998377	1,794966
36,200000	8,588638	8,618418	1,583093	0,405035	2,565519	-704,292584	919,097500	-2393,873939	9,485722	950,112345	33,073288	29,373427	30,466972	30,421622	32,214108	-2,669155	1,187568	1,073698	177144,064953	-0,182159	-1,687265E-5	1,211667	1,959153	2,038600	-0,124429	-0,124420	13,997046	-0,012454	0,997383	1,793797
36,400000	8,587996	8,617791	1,589665	0,406226	2,568837	-653,502525	920,068573	-2369,758924	9,488082	948,787094	33,081978	29,376122	30,460245	30,427676	32,213835	-2,669461	1,186257	1,073828	177207,236478	-0,181776	4,531051E-5	1,141287	1,959718	2,039094	-0,124421	-0,124424	13,985706	-0,012264	0,995040	1,792367
36,600000	8,587428	8,617432	1,594129	0,407758	2,569765	-556,981341	920,800322	-2299,759029	9,490254	949,422989	33,087422	29,378211	30,457978	30,432181	32,212205	-2,669467	1,184501	1,073701	177299,527389	-0,181849	-1,890974E-5	1,055476	1,960257	2,039538	-0,124419	-0,124429	13,990768	-0,011975	0,993548	1,793053
36,800000	8,587305	8,617349	1,591178	0,407912	2,568620	-464,185046	921,140587	-2212,810894	9,492677	950,818833	33,086991	29,378606	30,461028	30,433711	32,211380	-2,669061	1,182979	1,073913	177346,303785	-0,182183	-4,725798E-5	0,964005	1,960435	2,039759	-0,124424	-0,124433	14,002276	-0,011744	0,994771	1,794559
37,000000	8,586950	8,617256	1,585351	0,407348	2,570097	-390,622556	921,078836	-2138,442273	9,495167	951,212265	33,083388	29,378185	30,466442	30,432598	32,213999	-2,668586	1,183762	1,074085	177342,899916	-0,181607	4,522276E-5	0,898950	1,959777	2,039776	-0,124427	-0,124436	14,005538	-0,011697	0,996689	1,794984
37,200000	8,586327	8,616969	1,586783	0,407230	2,572470	-361,727525	921,091818	-2082,247036	9,497219	951,077548	33,081963	29,376951	30,467778	30,431132	32,214133	-2,668463	1,186009	1,073749	177330,916685	-0,181271	0,000121	0,980993	1,958802	2,039679	-0,124428	-0,124438	14,004489	-0,011781	0,995621	1,794838
37,400000	8,585547	8,616463	1,593327	0,407488	2,571578	-411,329812	921,305113	-2066,920852	9,499277	951,856197	33,085582	29,375904	30,465140	30,430642	32,209206	-2,668638	1,187404	1,073618	177324,227880	-0,181638	7,661496E-5	1,153971	1,958630	2,039808	-0,124429	-0,124435	14,010881	-0,011628	0,992962	1,795678
37,600000	8,584718	8,616032	1,595887	0,407720	2,570495	-490,063382	921,442309	-2101,847332	9,501681	953,087285	33,089254	29,376083	30,463630	30,429945	32,203086	-2,668802	1,186901	1,073947	177322,430627	-0,181591	8,783373E-5	1,165190	1,959954	2,040104	-0,124431	-0,124430	14,020865	-0,011268	0,992602	1,797005
37,800000	8,584089	8,615742	1,591423	0,408457	2,573052	-530,508027	921,390896	-2146,769284	9,504090	952,486921	33,086792	29,376852	30,466837	30,428971	32,200986	-2,668848	1,184999	1,074134	177334,258999	-0,181240	0,000199	1,011037	1,961997	2,040283	-0,124432	-0,124431	14,015886	-0,011333	0,995328	1,796358
38,000000	8,583537	8,615343	1,587503	0,409465	2,575198	-554,469638	921,012759	-2186,770171	9,506127	951,102434	33,078127	29,376790	30,472186	30,428170	32,206097	-2,668777	1,184524	1,073709	177353,976245	-0,181145	0,000167	0,905415	1,962973	2,040318	-0,124429	-0,124433	14,004673	-0,011756	0,997309	1,794865
38,200000	8,583246	8,614774	1,590299	0,409117	2,573785	-571,890419	920,389199	-2223,898817	9,507953	951,574969	33,068514	29,375990	30,473301	30,425881	32,215105	-2,668624	1,184935	1,073114	177345,135007	-0,181645	8,021795E-5	0,891440	1,962865	2,040114	-0,124428	-0,124432	14,008922	-0,012033	0,996124	1,795375
38,400000	8,583251	8,614102	1,594405	0,407805	2,571364	-569,360099	919,925338	-2246,798285	9,509939	952,893969	33,065090	29,375709	30,472750	30,423579	32,220847	-2,668482	1,182783	1,073324	177291,534804	-0,182624	8,979428E-5	0,921578	1,962257	2,039893	-0,124434	-0,124431	14,020105	-0,012133	0,994168	1,796796
38,600000	8,582920	8,613388	1,597182	0,407163	2,571434	-535,515104	919,912353	-2239,736032	9,512338	952,403800	33,069393	29,375297	30,474425	30,423511	32,219435	-2,668485	1,179954	1,073884	177222,678447	-0,183276	-9,068276E-5	0,981286	1,960804	2,039681	-0,124434	-0,124430	14,015988	-0,012134	0,992302	1,796268
38,800000	8,582081	8,612812	1,600878	0,407263	2,572999	-487,652544	920,328162	-2200,699256	9,514818	951,081715	33,073564	29,374922	30,477458	30,421888	32,214493	-2,668573	1,180143	1,073431	177175,053369	-0,183525	-0,000400	1,030923	1,959173	2,039477	-0,124430	-0,124428	14,004860	-0,012117	0,990019	1,794843
39,000000	8,581382	8,612408	1,596735	0,407374	2,574157	-532,227127	920,640405	-2183,787960	9,516637	950,678486	33,072260	29,375681	30,480013	30,417336	32,212882	-2,668613	1,184251	1,072760	177137,909839	-0,183647	-0,000484	1,015620	1,959041	2,039576	-0,124429	-0,124425	14,001554	-0,012201	0,991496	1,794408
39,200000	8,581110	8,611733	1,582355	0,406948	2,576293	-669,647859	920,145110	-2252,697591	9,518069	951,627957	33,067929	29,375906	30,478256	30,413450	32,215776	-2,668790	1,187482	1,072739	177079,987721	-0,183397	-0,000409	0,948794	1,960393	2,039299	-0,124431	-0,124423	14,009928	-0,012594	0,997633	1,795432
39,400000	8,580949	8,610870	1,578995	0,406074	2,575030	-716,491732	919,304809	-2351,529665	9,520092	953,769804	33,065457	29,374861	30,474337	30,413493	32,219721	-2,669130	1,187219	1,072910	177042,338731	-0,182749	-0,000365	0,926161	1,961975	2,038434	-0,124430	-0,124421	14,028505	-0,013177	0,999640	1,797740
39,600000	8,580697	8,610225	1,587881	0,405615	2,569496	-668,766608	919,040547	-2379,744611	9,522773	955,266371	33,067205	29,374109	30,472271	30,418935	32,222728	-2,669243	1,187590	1,073509	177089,589734	-0,182467	-0,000237	0,986661	1,963728	2,038168	-0,124427	-0,124421	14,041147	-0,013256	0,997024	1,799351
39,800000	8,580385	8,609955	1,588493	0,405480	2,564448	-665,196556	919,442980	-2365,237666	9,525119	955,463927	33,071261	29,373986	30,469381	30,428541	32,220506	-2,669013	1,188173	1,073842	177176,060362	-0,183090	2,026673E-5	1,092157	1,965066	2,039108	-0,124424	-0,124426	14,042181	-0,012633	0,997430	1,799564
40,000000	8,580012	8,610098	1,579408	0,405732	2,563786	-672,291997	920,124649	-2353,918106	9,526909	955,307666	33,075944	29,374817	30,465692	30,435882	32,213417	-2,668828	1,186238	1,073455	177220,479936	-0,183635	6,199245E-5	1,133153	1,965241	2,040030	-0,124426	-0,124433	14,040088	-0,011850	1,001034	1,799396
40,200000	8,579271	8,609891	1,569502	0,406602	2,561849	-641,769828	920,475697	-2334,586480	9,528943	955,246561	33,078470	29,375440	30,463954	30,434867	32,208311	-2,668926	1,182609	1,073061	177220,635936	-0,183398	-5,755089E-5	1,067600	1,965181	2,039878	-0,124429	-0,124432	14,039111	-0,011387	1,004836	1,799330
40,400000	8,578309	8,609103	1,571098	0,406994	2,553552	-615,535858	920,165799	-2316,754778	9,531169	955,262734	33,077909	29,374910	30,464846	30,429454	32,205148	-2,669037	1,179551	1,073098	177211,085594	-0,182503	-7,915599E-5	1,004028	1,965732	2,039445	-0,124427	-0,124426	14,039161	-0,011301	1,004415	1,799347
40,600000	8,577536	8,608477	1,588295	0,406848	2,546221	-597,962455	919,938727	-2293,112033	9,533213	955,262624	33,078536	29,375093	30,467598	30,427603	32,203070	-2,669074	1,179687	1,073176	177183,633638	-0,181626	-0,000119	1,021707	1,966571	2,039345	-0,124423	-0,124423	14,039370	-0,011511	0,998107	1,799347
40,800000	8,576957	8,608140	1,599857	0,406969	2,550484	-571,634102	920,293128	-2245,794516	9,535419	955,254781	33,082481	29,376568	30,467893	30,431251	32,204094	-2,669094	1,182409	1,073212	177152,845703	-0,181324	-0,000156	1,097171	1,966149	2,039341	-0,124422	-0,124427	14,039438	-0,011644	0,993413	1,799339
41,000000	8,576481	8,607726	1,592807	0,407667	2,564570	-572,687565	920,944768	-2214,754002	9,537793	955,276552	33,086364	29,379029	30,466500	30,434983	32,205091	-2,669036	1,184301	1,073638	177180,386758	-0,181170	-0,000112	1,189429	1,963696	2,039872	-0,124425	-0,124430	14,039422	-0,011446	0,994817	1,799362
41,200000	8,575797	8,607115	1,588199	0,408600	2,576748	-579,250415	921,461320	-2219,588966	9,539864	955,266070	33,084468	29,381231	30,468135	30,434106	32,204119	-2,669028	1,185118	1,073654	177232,451256	-0,181231	-0,000131	1,327623	1,961016	2,041053	-0,124429	-0,124430	14,039403	-0,011515	0,995164	1,799351
41,400000	8,575262	8,606665	1,595781	0,409056	2,583009	-525,036003	921,525559	-2198,743176	9,541778	955,212198	33,076758	29,380960	30,472669	30,429885	32,205277	-2,669015	1,187209	1,073139	177261,290354	-0,181656	-0,000230	1,402617	1,959755	2,041474	-0,124434	-0,124428	14,039399	-0,011963	0,991586	1,799293
41,600000	8,575261	8,606600	1,591974	0,408687	2,586879	-457,112748	921,343028	-2147,587065	9,543969	956,071078	33,068974	29,378564	30,478253	30,425015	32,209889	-2,668792	1,189010	1,072790	177293,869040	-0,181877	-0,000181	1,264798	1,959762	2,040685	-0,124436	-0,124426	14,046818	-0,012176	0,993067	1,800217
41,800000	8,575117	8,606478	1,578159	0,407996	2,584934	-436,247229	921,317192	-2124,909260	9,545771	958,157975	33,065132	29,375604	30,481855	30,420953	32,215985	-2,668583	1,188892	1,073183	177319,227546	-0,181630	-3,834501E-5	1,048650	1,960803	2,039640	-0,124433	-0,124427	14,064395	-0,012256	0,998931	1,802462
42,000000	8,574536	8,605811	1,578315	0,407529	2,573724	-461,691281	921,282468	-2138,988171	9,545210	958,744168	33,065836	29,373369	30,480822	30,418723	32,218773	-2,668593	1,188838	1,073903	177320,044754	-0,181800	-4,795152E-5	1,010487	1,962416	2,039231	-0,124430	-0,124429	14,069438	-0,012386	0,999627	1,803092
42,200000	8,573915	8,604787	1,588972	0,407367	2,561559	-495,860833	920,986621	-2168,769327	9,541542	957,673128	33,068658	29,374133	30,476892	30,418367	32,215511	-2,668652	1,188399	1,073897	177315,515947	-0,183004	-0,000236	1,145114	1,963598	2,039555	-0,124428	-0,124424	14,060442	-0,012366	0,995988	1,801940
42,400000	8,573473	8,603992	1,592848	0,407362	2,557074	-517,570227	920,797234	-2192,726639	9,536725	958,028414	33,068500	29,377454	30,476118	30,419269	32,214030	-2,668664	1,188194	1,073523	177285,757729	-0,183503	-0,000408	1,213171	1,964523	2,039728	-0,124427	-0,124420	14,063547	-0,012494	0,994870	1,802322
42,600000	8,573222	8,603514	1,592111	0,406945	2,560794	-542,690189	920,519785	-2207,850641	9,532606	959,236247	33,063184	29,378623	30,480136	30,420535	32,219548	-2,668661	1,189005	1,073793	177224,528657	-0,182524	-0,000375	1,143970	1,965978	2,039592	-0,124429	-0,124421	14,073874	-0,012700	0,995849	1,803620
42,800000	8,573103	8,603000	1,593751	0,406982	2,569076	-569,998654	919,740214	-2223,373216	9,529147	959,647875	33,058658	29,376142	30,481499	30,420637	32,225926	-2,668637	1,187886	1,073955	177197,090720	-0,182475	-0,000344	1,132593	1,967595	2,039599	-0,124431	-0,124422	14,077082	-0,012460	0,995997	1,804063
43,000000	8,572852	8,602256	1,594228	0,407627	2,579665	-597,924420	919,243188	-2244,906405	9,525726	959,613133	33,061623	29,373661	30,475940	30,420429	32,225812	-2,668561	1,184726	1,073148	177214,215682	-0,183322	-0,000353	1,213926	1,968679	2,039572	-0,124432	-0,124424	14,076245	-0,011915	0,996276	1,804025
43,200000	8,572344	8,601632	1,596540	0,407375	2,586655	-587,004252	919,618630	-2254,986835	9,522251	960,469183	33,070157	29,373706	30,469055	30,422182	32,220297	-2,668623	1,181439	1,072794	177230,408771	-0,183105	-0,000213	1,130613	1,969092	2,039219	-0,124433	-0,124427	14,082725	-0,011227	0,995509	1,804945
43,400000	8,571584	8,601356	1,600001	0,407134	2,586669	-496,343730	920,388944	-2206,714161	9,519200	961,728542	33,077431	29,375100	30,466483	30,425712	32,214415	-2,668779	1,179983	1,073116	177227,548224	-0,182268	-7,501056E-5	0,925779	1,968314	2,038561	-0,124433	-0,124430	14,092700	-0,010662	0,993748	1,806297
43,600000	8,570799	8,601188	1,596109	0,407941	2,581256	-414,308858	920,914288	-2120,461034	9,516695	961,119053	33,080208	29,376113	30,467276	30,426817	32,212198	-2,668740	1,181745	1,073288	177200,708843	-0,181878	-6,586683E-6	0,893833	1,965431	2,038266	-0,124429	-0,124433	14,087701	-0,010763	0,993763	1,805643
43,800000	8,570466	8,600937	1,592574	0,408459	2,575603	-424,623419	920,975835	-2089,527906	9,513817	959,725204	33,078599	29,376219	30,468410	30,424474	32,215804	-2,668683	1,185605	1,073827	177186,877864	-0,181920	-5,345792E-6	1,093348	1,961524	2,038910	-0,124426	-0,124436	14,076482	-0,011214	0,993118	1,804146
44,000000	8,570252	8,600477	1,598902	0,408275	2,569928	-472,346681	920,765795	-2128,275038	9,510329	959,313471	33,076377	29,375228	30,469583	30,424716	32,220015	-2,668736	1,188220	1,074125	177189,829781	-0,182017	-9,915607E-5	1,262388	1,958916	2,039561	-0,124427	-0,124432	14,073316	-0,011496	0,989341	1,803703
44,200000	8,569637	8,600109	1,603370	0,408517	2,566193	-504,159261	920,757419	-2166,050074	9,507180	960,321616	33,077045	29,375932	30,469952	30,430151	32,218736	-2,668761	1,188119	1,073979	177175,452510	-0,182115	-0,000129	1,147308	1,958057	2,039436	-0,124426	-0,124426	14,081760	-0,011497	0,987169	1,804786
44,400000	8,568871	8,599869	1,593139	0,409132	2,570282	-536,312931	920,982441	-2187,188234	9,504226	962,597368	33,077272	29,378522	30,469297	30,436168	32,211919	-2,668810	1,188259	1,073681	177167,678233	-0,182392	-0,000134	0,938026	1,958165	2,039731	-0,124423	-0,124428	14,100335	-0,011028	0,991086	1,807229
44,600000	8,568181	8,599518	1,578425	0,409076	2,576750	-571,089201	920,901192	-2218,874687	9,500964	964,163490	33,074481	29,378551	30,469999	30,436828	32,204688	-2,668995	1,189436	1,072828	177157,755970	-0,182524	-0,000223	0,938503	1,958587	2,041015	-0,124423	-0,124430	14,112962	-0,010562	0,996926	1,808909
44,800000	8,567673	8,599206	1,580337	0,408472	2,574567	-567,072716	920,804621	-2241,790733	9,497788	964,279515	33,070995	29,376926	30,472579	30,432437	32,203140	-2,669189	1,191121	1,072236	177118,753072	-0,181909	-0,000229	1,084804	1,959302	2,041524	-0,124426	-0,124430	14,113991	-0,010621	0,996532	1,809033
45,000000	8,567254	8,598829	1,594014	0,407691	2,564951	-540,756721	920,821935	-2231,325896	9,494739	964,875335	33,067817	29,376401	30,479421	30,425591	32,206545	-2,669113	1,193181	1,072371	177077,434259	-0,181607	-0,000141	1,143211	1,960526	2,040592	-0,124432	-0,124426	14,119316	-0,010967	0,991879	1,809672
45,200000	8,566944	8,598314	1,594911	0,406825	2,561690	-566,883464	920,460391	-2225,480341	9,491541	966,822227	33,064320	29,376645	30,488101	30,419610	32,210475	-2,668978	1,193872	1,072765	177049,384896	-0,181912	-7,272637E-5	1,119500	1,961617	2,039639	-0,124438	-0,124423	14,135917	-0,011307	0,992062	1,811757
45,400000	8,566888	8,597915	1,584359	0,406502	2,567039	-601,098028	920,058580	-2244,554144	9,488469	967,416334	33,062075	29,376677	30,490541	30,419635	32,213750	-2,669077	1,192355	1,072752	177068,237865	-0,181698	1,343432E-5	1,111317	1,962478	2,039492	-0,124440	-0,124425	14,141009	-0,011440	0,996519	1,812393
45,600000	8,566618	8,597535	1,581199	0,406880	2,569385	-555,521954	920,232648	-2236,897238	9,485860	965,472186	33,061776	29,376555	30,485906	30,422178	32,216606	-2,669054	1,190137	1,072783	177144,404114	-0,182107	1,223222E-5	1,094608	1,963684	2,039946	-0,124440	-0,124428	14,124805	-0,011469	0,998298	1,810311
45,800000	8,566041	8,597080	1,588342	0,407586	2,563686	-488,893167	920,483847	-2198,365475	9,483381	963,726002	33,061767	29,377017	30,481447	30,422010	32,218529	-2,668715	1,188051	1,072993	177223,758704	-0,183360	-0,000111	1,074706	1,964145	2,040346	-0,124438	-0,124429	14,110403	-0,011659	0,995712	1,808440
46,000000	8,565517	8,596664	1,593024	0,407673	2,560489	-497,787612	919,991231	-2180,683288	9,480927	963,430809	33,059882	29,375131	30,482816	30,419151	32,219344	-2,668355	1,186739	1,072996	177255,931898	-0,183520	-0,000166	1,092049	1,962713	2,040181	-0,124438	-0,124424	14,108254	-0,011978	0,993155	1,808123
46,200000	8,565247	8,596107	1,588159	0,406693	2,564023	-567,594264	919,268034	-2202,804218	9,478473	964,513010	33,055959	29,371349	30,484469	30,414798	32,219804	-2,668335	1,187161	1,073572	177220,074818	-0,183037	-8,137243E-5	1,073895	1,960728	2,039564	-0,124438	-0,124420	14,117697	-0,012375	0,993978	1,809283
46,400000	8,565098	8,595280	1,580654	0,405835	2,567383	-631,889074	919,177969	-2253,329478	9,475584	965,852643	33,055789	29,370553	30,482417	30,414007	32,220497	-2,668740	1,188417	1,074052	177175,563296	-0,183042	3,089493E-5	0,991222	1,959393	2,038676	-0,124436	-0,124422	14,129025	-0,012511	0,996101	1,810719
46,600000	8,564473	8,594312	1,581017	0,405771	2,567562	-643,588368	919,228263	-2306,322663	9,472496	965,296042	33,062300	29,372652	30,475735	30,419515	32,219880	-2,669166	1,189829	1,073845	177175,247102	-0,182988	-1,363495E-5	0,994617	1,958068	2,038247	-0,124433	-0,124423	14,123944	-0,012080	0,995158	1,810123
46,800000	8,563406	8,593583	1,595847	0,406082	2,568641	-577,044247	919,443594	-2308,424652	9,469728	963,980704	33,069714	29,375256	30,466395	30,426222	32,217963	-2,669340	1,190614	1,073638	177197,080868	-0,182866	-0,000114	1,094650	1,956758	2,039006	-0,124431	-0,124422	14,112432	-0,011559	0,988692	1,808713
47,000000	8,562764	8,593198	1,603506	0,406458	2,571676	-513,596360	920,220912	-2245,855519	9,467263	963,619697	33,073495	29,376691	30,465912	30,430290	32,217220	-2,669210	1,191323	1,073322	177203,409581	-0,183163	-0,000176	1,165472	1,956428	2,040040	-0,124429	-0,124422	14,109172	-0,011317	0,985569	1,808326
47,200000	8,562605	8,593073	1,587107	0,407161	2,573177	-531,921729	920,564574	-2207,264966	9,464649	963,729756	33,073030	29,377089	30,472312	30,431076	32,217407	-2,668901	1,191630	1,072882	177189,078407	-0,183606	-0,000263	1,142387	1,957103	2,040257	-0,124425	-0,124426	14,110222	-0,011447	0,992170	1,808444
47,400000	8,562159	8,592981	1,574228	0,408077	2,569635	-558,024032	920,209772	-2225,716650	9,461708	962,941860	33,070538	29,376768	30,476099	30,429764	32,216114	-2,668831	1,190256	1,072864	177184,553080	-0,183482	-0,000135	1,034182	1,957942	2,039766	-0,124423	-0,124428	14,103831	-0,011643	0,997568	1,807599
47,600000	8,561501	8,592243	1,581455	0,408305	2,563632	-563,700722	919,978698	-2246,749426	9,458874	961,762610	33,070497	29,374561	30,474579	30,429728	32,212369	-2,669005	1,189933	1,072932	177189,171597	-0,182725	8,720129E-5	0,962337	1,958563	2,039315	-0,124426	-0,124427	14,093846	-0,011523	0,995015	1,806333
47,800000	8,560523	8,591107	1,585618	0,408060	2,559399	-643,170213	920,233563	-2280,166916	9,456240	962,361947	33,073874	29,373267	30,467724	30,430682	32,206928	-2,669241	1,191487	1,072683	177201,197172	-0,181975	1,489258E-5	1,002752	1,958632	2,039457	-0,124428	-0,124428	14,098826	-0,011488	0,993311	1,806976
48,000000	8,559110	8,590579	1,574690	0,407808	2,556084	-743,290892	920,700461	-2356,155894	9,453476	962,800708	33,075819	29,375467	30,465287	30,430838	32,201942	-2,669431	1,192506	1,072476	177252,957028	-0,181710	-0,000171	1,072491	1,958064	2,039968	-0,124428	-0,124431	14,102621	-0,011614	0,997170	1,807447
48,200000	8,558423	8,590649	1,572333	0,407291	2,552350	-696,436488	920,975290	-2391,313854	9,450712	961,078995	33,072269	29,377871	30,471885	30,429704	32,201647	-2,669396	1,192572	1,072190	177316,638878	-0,181877	-0,000162	1,088562	1,957650	2,040381	-0,124426	-0,124435	14,088214	-0,011611	0,997894	1,805600
48,400000	8,558844	8,590555	1,588385	0,407204	2,548672	-592,062311	921,078434	-2314,542107	9,448220	960,340434	33,065666	29,378569	30,479863	30,427086	32,207436	-2,669110	1,191892	1,072598	177334,697331	-0,181889	2,429404E-5	1,141319	1,957837	2,040502	-0,124424	-0,124440	14,082147	-0,011726	0,991810	1,804807
48,600000	8,559341	8,590042	1,597599	0,407584	2,550560	-637,302463	920,825203	-2257,390398	9,445812	962,136278	33,059488	29,377447	30,483533	30,425189	32,214298	-2,668842	1,190696	1,073726	177328,792761	-0,181770	0,000129	1,267812	1,958484	2,040462	-0,124424	-0,124439	14,097560	-0,012111	0,988579	1,806734
48,800000	8,558927	8,589274	1,587154	0,407290	2,559712	-760,428711	919,947141	-2329,046822	9,443150	962,927499	33,055302	29,374899	30,483587	30,425554	32,215120	-2,668984	1,189595	1,073734	177336,949813	-0,182007	7,098053E-6	1,268176	1,959687	2,040395	-0,124426	-0,124432	14,104444	-0,012377	0,993112	1,807583
49,000000	8,557700	8,588593	1,572540	0,406738	2,570644	-761,541664	919,103031	-2415,751953	9,440248	961,106840	33,053903	29,373217	30,484479	30,426296	32,210123	-2,669270	1,189518	1,072776	177350,889211	-0,182317	-0,000173	1,154056	1,961703	2,040311	-0,124430	-0,124428	14,089135	-0,012299	0,999722	1,805629
49,200000	8,556675	8,588278	1,569145	0,406730	2,571370	-653,492078	919,155609	-2395,487526	9,437479	959,401401	33,054688	29,372635	30,485926	30,423282	32,207901	-2,669232	1,190506	1,072182	177355,725640	-0,182053	-0,000319	1,091665	1,963772	2,040263	-0,124431	-0,124427	14,074713	-0,012156	1,002074	1,803798
49,400000	8,556393	8,587979	1,578838	0,406845	2,560497	-570,209285	919,682980	-2313,651148	9,435022	959,119722	33,056230	29,373439	30,483856	30,416003	32,212169	-2,669004	1,191043	1,072018	177360,284609	-0,181884	-0,000428	1,016909	1,964703	2,040186	-0,124432	-0,124427	14,072381	-0,012184	0,998738	1,803495
49,600000	8,556531	8,587386	1,590353	0,406696	2,550003	-535,820900	919,748028	-2254,003741	9,432719	959,317871	33,056721	29,376084	30,481781	30,410386	32,219553	-2,668837	1,190599	1,072375	177338,807955	-0,182537	-0,000389	0,969954	1,964614	2,039549	-0,124432	-0,124426	14,074344	-0,012486	0,994172	1,803708
49,800000	8,556724	8,586702	1,592405	0,406385	2,550868	-513,196236	919,623444	-2217,386844	9,430498	958,527047	33,057265	29,377162	30,482039	30,411642	32,225461	-2,668809	1,190725	1,073484	177279,032106	-0,182606	-0,000236	1,010394	1,964188	2,038546	-0,124425	-0,124425	14,068108	-0,012876	0,993095	1,802858
50,000000	8,556693	8,586071	1,588254	0,406142	2,559661	-506,839651	919,703805	-2197,390340	9,428252	957,305973	33,060066	29,375861	30,480949	30,418043	32,226690	-2,668928	1,191116	1,074223	177236,086805	-0,182173	-6,991864E-5	0,992666	1,963665	2,038375	-0,124418	-0,124426	14,058002	-0,013005	0,994359	1,801546
50,200000	8,556225	8,585590	1,586251	0,406334	2,565909	-504,478338	919,900492	-2190,011768	9,425772	957,920080	33,063623	29,374719	30,473478	30,424154	32,224307	-2,669064	1,189857	1,074011	177207,572610	-0,182502	2,073097E-5	0,922038	1,963259	2,038981	-0,124423	-0,124425	14,062906	-0,012761	0,994854	1,802206
50,400000	8,555274	8,585099	1,586520	0,407258	2,568902	-509,655651	920,095612	-2186,086505	9,423122	959,314113	33,066727	29,373771	30,463154	30,427012	32,220351	-2,669068	1,188995	1,073626	177181,826685	-0,182807	-2,160947E-5	0,969632	1,963236	2,039628	-0,124430	-0,124426	14,074115	-0,012289	0,994657	1,803704
50,600000	8,554234	8,584466	1,588236	0,407982	2,572354	-529,649173	920,042144	-2196,825801	9,420502	959,737071	33,069174	29,373640	30,465522	30,426331	32,217136	-2,669027	1,189690	1,073603	177177,209182	-0,183057	-0,000105	1,133407	1,963352	2,039939	-0,124433	-0,124428	14,077296	-0,011928	0,993998	1,804158
50,800000	8,553643	8,584106	1,588378	0,407875	2,575575	-536,650413	919,799304	-2217,669504	9,417963	958,768131	33,069003	29,374960	30,476094	30,425209	32,215775	-2,669151	1,190451	1,073666	177200,470973	-0,183229	-0,000215	1,209599	1,963185	2,039841	-0,124432	-0,124425	14,068860	-0,011608	0,993852	1,803117
51,000000	8,553205	8,583972	1,586817	0,407913	2,572588	-531,912261	919,708892	-2228,759080	9,415441	956,585723	33,069091	29,375803	30,477843	30,427666	32,213196	-2,669384	1,190619	1,073613	177236,027867	-0,182390	-0,000355	1,159603	1,963359	2,039480	-0,124428	-0,124424	14,050285	-0,011326	0,994529	1,800771
51,200000	8,552396	8,583450	1,589158	0,408205	2,565940	-515,971884	920,003036	-2215,871146	9,412905	955,072827	33,072262	29,376129	30,472339	30,433670	32,209498	-2,669481	1,190397	1,073897	177286,038078	-0,181605	-0,000326	1,090807	1,964326	2,039235	-0,124423	-0,124426	14,037656	-0,011389	0,994045	1,799143
51,400000	8,551416	8,582888	1,593960	0,408553	2,561734	-483,683536	920,751512	-2180,383632	9,410428	954,042866	33,073787	29,378234	30,469594	30,437656	32,207766	-2,669373	1,191062	1,073751	177357,673324	-0,181865	-5,134618E-5	1,017877	1,965225	2,039904	-0,124421	-0,124429	14,029209	-0,011588	0,992584	1,798034
51,600000	8,550853	8,582930	1,591501	0,408668	2,562021	-464,715076	921,422112	-2143,690193	9,408043	952,211686	33,071146	29,380347	30,471969	30,435547	32,207817	-2,669144	1,192243	1,073274	177377,844036	-0,182409	0,000155	0,965719	1,965055	2,040803	-0,124424	-0,124432	14,013726	-0,011486	0,993445	1,796061
51,800000	8,550786	8,582931	1,581763	0,408314	2,565112	-503,544971	921,351740	-2151,691472	9,405714	950,860883	33,064570	29,379781	30,480369	30,429991	32,209303	-2,669012	1,192464	1,073009	177336,476958	-0,182897	5,835732E-5	0,980322	1,963624	2,040910	-0,124428	-0,124431	14,002241	-0,011355	0,996498	1,794605
52,000000	8,550773	8,582528	1,584487	0,408047	2,569494	-563,334915	920,801035	-2202,685519	9,403367	951,551961	33,057708	29,378532	30,490762	30,424241	32,213038	-2,669022	1,192185	1,072866	177304,181635	-0,183161	-0,000119	1,042177	1,962092	2,040325	-0,124428	-0,124427	14,008446	-0,011751	0,994667	1,795350
52,200000	8,550379	8,582039	1,598519	0,407494	2,573230	-629,033710	920,175841	-2256,760122	9,400954	953,790748	33,054608	29,377895	30,492149	30,420353	32,215562	-2,669139	1,192458	1,073257	177320,158055	-0,182595	-0,000174	1,031311	1,961466	2,039411	-0,124432	-0,124424	14,027823	-0,012319	0,988933	1,797762
52,400000	8,549672	8,581298	1,601293	0,406626	2,575510	-717,666424	919,532620	-2314,542818	9,398504	955,362174	33,054061	29,377124	30,486470	30,418646	32,213213	-2,669411	1,191921	1,073125	177356,520129	-0,181984	-9,074838E-5	0,942810	1,961361	2,039054	-0,124437	-0,124425	14,041185	-0,012491	0,987732	1,799454
52,600000	8,549061	8,580384	1,587744	0,406303	2,577056	-786,200068	919,315309	-2382,207621	9,395939	955,492230	33,053606	29,377168	30,483272	30,417995	32,209950	-2,669639	1,189879	1,072627	177363,061182	-0,182057	4,186693E-5	0,988306	1,960820	2,039362	-0,124436	-0,124430	14,042329	-0,012543	0,992527	1,799594
52,800000	8,548672	8,579638	1,574249	0,406218	2,576538	-799,842937	919,201068	-2440,026069	9,393215	955,177090	33,049136	29,377183	30,484075	30,417459	32,212119	-2,669668	1,186896	1,072801	177351,718409	-0,182301	-5,075504E-5	1,142990	1,959602	2,039726	-0,124438	-0,124432	14,040135	-0,012993	0,997039	1,799255
53,000000	8,548409	8,578974	1,581406	0,405673	2,569351	-746,328657	918,417131	-2448,185027	9,390594	954,098300	33,042541	29,374795	30,483968	30,416305	32,219268	-2,669453	1,184178	1,073132	177346,039659	-0,183218	-0,000244	1,172503	1,959043	2,040039	-0,124440	-0,124425	14,031683	-0,013596	0,993928	1,798094
53,200000	8,548103	8,578237	1,595356	0,405001	2,558003	-676,568470	917,677444	-2400,272136	9,388246	952,015029	33,041120	29,371993	30,482731	30,416244	32,225881	-2,669122	1,181841	1,072868	177352,314176	-0,184096	-0,000337	1,105949	1,959874	2,039920	-0,124435	-0,124418	14,014155	-0,013567	0,988930	1,795849
53,400000	8,547593	8,577521	1,587183	0,404694	2,552577	-641,243172	917,914105	-2351,883709	9,385973	951,509696	33,046385	29,372321	30,480661	30,417452	32,227411	-2,669064	1,177527	1,072674	177362,230778	-0,183816	-0,000397	1,082063	1,960847	2,039298	-0,124430	-0,124418	14,009333	-0,012992	0,992467	1,795304
53,600000	8,547036	8,576925	1,577880	0,405173	2,555600	-601,570662	918,873214	-2325,563875	9,383706	953,531645	33,054219	29,375289	30,477120	30,419776	32,222303	-2,669329	1,173719	1,073279	177354,617259	-0,183584	-0,000300	1,078672	1,961080	2,038937	-0,124430	-0,124420	14,025817	-0,012489	0,996085	1,797483
53,800000	8,546580	8,576598	1,590936	0,406752	2,561721	-525,035244	919,768966	-2272,865195	9,381653	955,305641	33,058778	29,376859	30,475694	30,424569	32,215759	-2,669436	1,172654	1,073656	177342,171908	-0,183589	-0,000160	1,140184	1,961187	2,039216	-0,124428	-0,124419	14,040271	-0,012050	0,991073	1,799394
54,000000	8,546035	8,576438	1,599157	0,408155	2,566817	-462,165868	920,242515	-2189,165570	9,379584	955,565726	33,057969	29,375902	30,474979	30,426610	32,215920	-2,669165	1,173584	1,073693	177339,856036	-0,183306	-0,000173	1,282969	1,961810	2,039648	-0,124425	-0,124418	14,042383	-0,011981	0,988234	1,799673
54,200000	8,545474	8,576105	1,591599	0,408058	2,572228	-441,235457	920,377395	-2130,309167	9,377024	955,254695	33,056877	29,374386	30,472704	30,424374	32,221553	-2,668879	1,175046	1,073621	177339,024802	-0,183027	-0,000193	1,350066	1,962460	2,039793	-0,124424	-0,124421	14,040334	-0,012541	0,991409	1,799339
54,400000	8,545271	8,575761	1,591075	0,407578	2,574058	-423,851580	920,319326	-2102,175569	9,374373	955,081097	33,060000	29,373543	30,470006	30,425900	32,224280	-2,668896	1,175971	1,073293	177327,642784	-0,182789	-0,000174	1,318963	1,962673	2,039758	-0,124425	-0,124428	14,039163	-0,012827	0,991676	1,799152
54,600000	8,545097	8,575515	1,596391	0,407882	2,572024	-437,473509	920,364278	-2082,793864	9,372164	954,247167	33,063936	29,374662	30,468037	30,431949	32,220027	-2,669047	1,177994	1,073328	177307,179566	-0,182769	-6,485655E-5	1,242742	1,962892	2,039561	-0,124427	-0,124436	14,031714	-0,012378	0,989719	1,798254
54,800000	8,544047	8,575133	1,593436	0,408574	2,570423	-511,198988	920,656696	-2113,491027	9,369977	952,237826	33,064609	29,376940	30,466877	30,436494	32,210586	-2,669133	1,179498	1,073711	177343,579431	-0,182930	8,742938E-5	1,127148	1,963056	2,039825	-0,124428	-0,124437	14,014357	-0,011897	0,990879	1,796089
55,000000	8,542808	8,574623	1,587496	0,409405	2,572375	-569,656360	920,827632	-2186,406809	9,367435	950,781654	33,063041	29,378507	30,466612	30,436718	32,203206	-2,669314	1,179803	1,073765	177412,080710	-0,182666	7,743211E-5	1,038849	1,962141	2,040643	-0,124426	-0,124432	14,001984	-0,011764	0,992633	1,794519
55,200000	8,542652	8,574009	1,585875	0,409907	2,573617	-575,419278	920,647318	-2227,905682	9,364932	950,619674	33,060339	29,379118	30,470105	30,432331	32,202567	-2,669535	1,179941	1,073293	177390,343939	-0,182402	-0,000100	0,962281	1,960443	2,040588	-0,124426	-0,124429	14,000810	-0,011952	0,992342	1,794345
55,400000	8,542853	8,573290	1,584523	0,408994	2,569824	-581,094906	920,353885	-2239,273733	9,362748	951,678896	33,056466	29,378802	30,481339	30,425351	32,206394	-2,669548	1,179007	1,072796	177326,031985	-0,182556	-0,000237	0,904104	1,959434	2,039731	-0,124429	-0,124430	14,010217	-0,012454	0,992314	1,795487
55,600000	8,542617	8,572728	1,584004	0,407341	2,564917	-603,259619	920,033814	-2258,651784	9,360610	953,830066	33,052402	29,377573	30,492441	30,421672	32,211533	-2,669433	1,176409	1,072677	177314,021907	-0,182526	-0,000149	0,955964	1,959539	2,039315	-0,124430	-0,124431	14,028757	-0,012923	0,992549	1,797805
55,800000	8,542001	8,572447	1,591024	0,407070	2,563214	-592,428422	919,805611	-2265,721776	9,358249	955,271714	33,050248	29,376407	30,491113	30,424080	32,214731	-2,669375	1,172120	1,072864	177332,251063	-0,182224	6,269744E-6	1,112051	1,960314	2,039390	-0,124427	-0,124431	14,041184	-0,013248	0,990220	1,799357
56,000000	8,541196	8,572035	1,597985	0,407963	2,565346	-564,669553	920,053968	-2239,395920	9,355735	954,467580	33,049772	29,376870	30,484522	30,426570	32,216815	-2,669268	1,169885	1,072881	177346,628917	-0,182109	3,731834E-5	1,291970	1,960927	2,039580	-0,124427	-0,124432	14,034728	-0,013541	0,987808	1,798491
56,200000	8,540726	8,571468	1,595888	0,408127	2,568350	-567,199888	920,384335	-2218,387893	9,353432	952,125991	33,047119	29,378033	30,483392	30,424329	32,218823	-2,668979	1,171861	1,072515	177371,756411	-0,182726	-7,230906E-5	1,275880	1,961006	2,039849	-0,124432	-0,124433	14,015074	-0,013554	0,988580	1,795969
56,400000	8,540521	8,571010	1,588215	0,407269	2,571688	-600,924225	920,092262	-2235,965632	9,351315	951,432148	33,041297	29,376878	30,486303	30,418213	32,219198	-2,668843	1,175303	1,072278	177371,057001	-0,183383	-0,000196	1,053964	1,960501	2,039623	-0,124435	-0,124428	14,009076	-0,013387	0,991223	1,795221
56,600000	8,540273	8,570563	1,587158	0,406534	2,574291	-639,437070	919,166115	-2287,273981	9,349060	953,392616	33,037181	29,373364	30,489074	30,412401	32,220190	-2,669042	1,178845	1,072235	177305,476068	-0,183417	-0,000206	0,962595	1,960032	2,038828	-0,124434	-0,124421	14,025543	-0,013382	0,991365	1,797334
56,800000	8,540109	8,570173	1,596410	0,406390	2,574935	-664,662785	918,447712	-2329,500212	9,346684	954,256156	33,039642	29,371048	30,489340	30,411588	32,221921	-2,669203	1,182419	1,072637	177273,467922	-0,183586	-7,020380E-5	1,080960	1,961004	2,038451	-0,124431	-0,124415	14,032802	-0,013390	0,988289	1,798264
57,000000	8,539784	8,569770	1,597779	0,406275	2,572811	-702,167530	918,526754	-2341,765570	9,344338	952,437981	33,045914	29,371839	30,482738	30,416125	32,220409	-2,669190	1,184331	1,073219	177312,134316	-0,183732	5,678210E-5	1,193049	1,962562	2,038786	-0,124426	-0,124414	14,017426	-0,013284	0,988486	1,796305
57,200000	8,538816	8,569210	1,584520	0,405889	2,570882	-755,346492	918,685107	-2374,527603	9,342078	950,729741	33,048558	29,374053	30,471550	30,423157	32,215618	-2,669374	1,184434	1,072990	177343,618480	-0,183510	-3,351574E-5	1,189874	1,963007	2,039545	-0,124422	-0,124423	14,002905	-0,013121	0,993683	1,794463
57,400000	8,537710	8,568548	1,573037	0,405602	2,569739	-795,422059	918,355898	-2445,408921	9,339855	951,365526	33,047072	29,375971	30,468567	30,427349	32,212905	-2,669686	1,185729	1,072450	177343,084723	-0,183301	-0,000206	1,058319	1,962662	2,039859	-0,124422	-0,124434	14,007967	-0,012838	0,997860	1,795149
57,600000	8,537408	8,567882	1,575368	0,405929	2,564855	-784,812680	918,229566	-2490,125558	9,337587	953,743387	33,044896	29,377054	30,473984	30,426570	32,214596	-2,669619	1,186063	1,072611	177337,555040	-0,183317	-0,000260	0,925133	1,962101	2,039425	-0,124427	-0,124434	14,027516	-0,012409	0,996616	1,797711
57,800000	8,537581	8,567166	1,585773	0,406615	2,558164	-727,400397	918,637659	-2468,534184	9,335464	955,414650	33,045624	29,375753	30,478966	30,426239	32,216608	-2,669423	1,184138	1,072871	177337,417497	-0,183455	-0,000237	0,993589	1,960995	2,039229	-0,124428	-0,124428	14,041165	-0,012031	0,991990	1,799511
58,000000	8,537225	8,566513	1,588774	0,407249	2,558475	-677,583069	919,285185	-2409,125761	9,333527	956,455862	33,053314	29,373733	30,478503	30,427980	32,213692	-2,669488	1,182472	1,073206	177333,878854	-0,183505	-0,000184	1,189696	1,959001	2,039382	-0,124423	-0,124427	14,049799	-0,011929	0,989769	1,800631
58,200000	8,536173	8,566301	1,584181	0,407599	2,563628	-667,500519	920,198080	-2360,574642	9,331226	957,415662	33,061970	29,376751	30,471954	30,429290	32,206403	-2,669635	1,179493	1,073873	177335,807995	-0,183386	-9,946679E-5	1,273449	1,956984	2,039474	-0,124423	-0,124431	14,057733	-0,011816	0,990455	1,801664
58,400000	8,535004	8,566414	1,579632	0,407593	2,567083	-689,097284	920,842175	-2352,987728	9,328640	956,692263	33,063340	29,381665	30,469141	30,430139	32,201573	-2,669798	1,176005	1,073685	177347,698101	-0,182935	-8,379764E-5	1,165437	1,956384	2,039639	-0,124428	-0,124433	14,051558	-0,011706	0,991885	1,800886
58,600000	8,534322	8,566323	1,576672	0,407532	2,568238	-678,996174	920,569729	-2361,319234	9,326462	955,310000	33,057657	29,380725	30,474653	30,429357	32,202647	-2,669856	1,174706	1,073132	177347,522228	-0,182406	-5,970931E-5	1,048165	1,956965	2,039943	-0,124429	-0,124433	14,040305	-0,012048	0,993332	1,799398
58,800000	8,534181	8,565841	1,578995	0,407528	2,566496	-599,737290	919,935321	-2330,220508	9,324649	955,792696	33,049524	29,376939	30,480921	30,427870	32,209222	-2,669571	1,176076	1,072784	177340,579894	-0,182013	-1,749913E-5	1,091312	1,957355	2,040245	-0,124432	-0,124433	14,044773	-0,012466	0,992617	1,799918
59,000000	8,534121	8,565205	1,586676	0,407347	2,560800	-530,983720	919,677753	-2268,516175	9,322496	958,011856	33,045223	29,375821	30,484564	30,427669	32,217281	-2,669233	1,177497	1,072441	177342,971609	-0,181859	-0,000189	1,237919	1,957089	2,040586	-0,124435	-0,124430	14,063462	-0,012547	0,989483	1,802305
59,200000	8,534022	8,564572	1,590409	0,406846	2,555821	-567,158182	919,597837	-2239,994101	9,319985	959,617325	33,045487	29,376862	30,487377	30,427055	32,218172	-2,669221	1,177475	1,072640	177344,588080	-0,182414	-0,000382	1,372162	1,956618	2,040887	-0,124433	-0,124428	14,076911	-0,012545	0,987759	1,804030
59,400000	8,533606	8,563983	1,585369	0,407009	2,558701	-632,242269	919,466729	-2262,869008	9,317744	958,865695	33,045559	29,377746	30,490317	30,425183	32,211942	-2,669403	1,178324	1,072893	177352,684369	-0,183277	-0,000368	1,421919	1,956403	2,040855	-0,124429	-0,124430	14,070803	-0,012734	0,989522	1,803222
59,600000	8,532689	8,563495	1,576632	0,407768	2,566318	-600,911712	919,376854	-2280,850704	9,315603	956,478838	33,043515	29,376530	30,491719	30,421635	32,210401	-2,669441	1,179961	1,072813	177361,588486	-0,183331	-0,000328	1,462209	1,956655	2,040884	-0,124431	-0,124431	14,051078	-0,013016	0,992966	1,800656
59,800000	8,532344	8,563233	1,575714	0,407489	2,569893	-529,091894	919,598198	-2248,793504	9,313323	955,744722	33,040931	29,375580	30,491588	30,416208	32,217067	-2,669262	1,180612	1,072720	177344,509278	-0,182923	-0,000270	1,460944	1,957189	2,040876	-0,124436	-0,124430	14,044986	-0,013081	0,993566	1,799866
60,000000	8,532493	8,563038	1,586330	0,406563	2,565341	-476,019280	919,909561	-2188,105818	9,311221	957,725746	33,039038	29,377028	30,492192	30,413031	32,224792	-2,669023	1,180376	1,072730	177299,382554	-0,183020	-0,000177	1,282030	1,957392	2,039896	-0,124435	-0,124423	14,061431	-0,012914	0,989565	1,801997
60,200000	8,532096	8,562461	1,590911	0,405908	2,562439	-442,274723	919,697430	-2140,524902	9,309341	959,483822	33,039267	29,377582	30,493848	30,413781	32,228879	-2,668784	1,182154	1,073495	177275,555367	-0,183699	-6,319377E-5	1,122664	1,957187	2,038700	-0,124425	-0,124418	14,076118	-0,012871	0,987654	1,803886
60,400000	8,531613	8,561782	1,587379	0,405447	2,565665	-441,477199	919,375888	-2120,127653	9,307301	959,748258	33,042219	29,377255	30,493211	30,417394	32,227918	-2,668716	1,186979	1,074407	177306,101349	-0,184134	0,000137	1,148912	1,957089	2,038860	-0,124418	-0,124419	14,078325	-0,012864	0,988883	1,804171
60,600000	8,531182	8,561337	1,583668	0,405537	2,569301	-470,807998	919,397579	-2125,082192	9,304917	958,632290	33,045172	29,377626	30,485724	30,422670	32,224539	-2,668916	1,190841	1,074395	177339,165774	-0,183659	0,000212	1,281209	1,957257	2,039891	-0,124422	-0,124422	14,068848	-0,012734	0,990317	1,802971
60,800000	8,530547	8,560733	1,584646	0,406695	2,569441	-499,192138	919,256202	-2151,553518	9,302502	957,252033	33,046613	29,377005	30,479240	30,423638	32,221988	-2,669037	1,190057	1,073952	177347,577607	-0,183312	0,000160	1,412269	1,957290	2,040410	-0,124430	-0,124424	14,057496	-0,012950	0,989877	1,801488
61,000000	8,530024	8,560141	1,590785	0,407874	2,568671	-509,394548	919,147055	-2170,174892	9,300291	957,804474	33,047783	29,374711	30,481703	30,420241	32,220309	-2,669023	1,186821	1,073518	177341,978412	-0,183670	0,000138	1,356347	1,957417	2,040103	-0,124431	-0,124424	14,062574	-0,013398	0,987548	1,802082
61,200000	8,529311	8,559776	1,592035	0,407483	2,569020	-557,444287	919,434972	-2189,348140	9,298170	959,162881	33,049223	29,372855	30,482716	30,420017	32,218044	-2,669275	1,183311	1,073332	177314,973242	-0,184152	6,290298E-5	1,126749	1,958222	2,039422	-0,124428	-0,124423	14,074091	-0,013532	0,987450	1,803542
61,400000	8,528440	8,559152	1,585200	0,406558	2,567751	-668,753815	919,662861	-2257,561190	9,295909	960,474701	33,050984	29,373408	30,477142	30,424908	32,214005	-2,669747	1,180564	1,073452	177260,795483	-0,183956	5,578698E-5	1,004834	1,959550	2,039072	-0,124424	-0,124425	14,084770	-0,013225	0,990648	1,804951
61,600000	8,527795	8,558371	1,579618	0,406864	2,566009	-741,061742	919,764298	-2352,688474	9,293630	961,614502	33,052430	29,375961	30,472526	30,431962	32,209832	-2,670050	1,180913	1,073261	177225,464505	-0,182975	0,000218	1,016757	1,961643	2,039441	-0,124423	-0,124428	14,093878	-0,012794	0,993749	1,806174
61,800000	8,527071	8,558058	1,587582	0,407991	2,565616	-679,955355	920,064449	-2380,014618	9,291678	960,878898	33,052137	29,378702	30,472357	30,436067	32,207914	-2,669934	1,182346	1,072963	177245,094402	-0,182738	0,000267	1,006722	1,964113	2,040277	-0,124424	-0,124430	14,087735	-0,012807	0,991894	1,805385
62,000000	8,526439	8,558156	1,596180	0,408465	2,565226	-576,313944	920,417053	-2309,408084	9,289899	959,467767	33,049748	29,379395	30,474946	30,432994	32,208190	-2,669597	1,184108	1,072890	177250,196923	-0,183121	7,505196E-5	1,007495	1,965520	2,040809	-0,124427	-0,124433	14,076265	-0,013152	0,989331	1,803869
62,200000	8,526218	8,558065	1,586795	0,408146	2,564367	-524,804771	920,537965	-2225,373265	9,287912	958,204686	33,046507	29,377353	30,480116	30,426628	32,209326	-2,669422	1,186273	1,072730	177217,941424	-0,182496	-2,598660E-5	1,096103	1,965662	2,040595	-0,124430	-0,124435	14,065811	-0,013281	0,993008	1,802512
62,400000	8,526199	8,557601	1,570025	0,407527	2,564831	-491,150340	920,352171	-2187,385773	9,285808	956,267991	33,045554	29,374834	30,487719	30,423638	32,210911	-2,669345	1,186618	1,073106	177171,049801	-0,181732	1,271691E-5	1,144573	1,965544	2,039855	-0,124429	-0,124435	14,049360	-0,013067	0,999418	1,800429
62,600000	8,525977	8,556915	1,571682	0,406899	2,562618	-444,235679	920,254842	-2166,463720	9,283722	954,955304	33,046492	29,374570	30,490206	30,423251	32,212836	-2,669229	1,185618	1,073490	177097,052833	-0,182028	-0,000120	1,023397	1,965900	2,039304	-0,124430	-0,124432	14,037911	-0,012631	0,998891	1,799016
62,800000	8,525609	8,556324	1,592097	0,406495	2,555661	-403,843913	920,568314	-2124,164039	9,281724	954,870318	33,047458	29,376468	30,486695	30,421367	32,214177	-2,669090	1,184077	1,073144	177070,034912	-0,182661	-0,000230	0,914692	1,966473	2,039681	-0,124433	-0,124429	14,036901	-0,012334	0,991228	1,798925
63,000000	8,525452	8,556013	1,600859	0,406809	2,550954	-418,663646	920,810636	-2085,619777	9,279820	955,948246	33,045511	29,379322	30,487028	30,419143	32,215140	-2,668990	1,182876	1,073151	177132,887707	-0,182819	-0,000129	0,949618	1,966548	2,040193	-0,124436	-0,124428	14,046188	-0,012576	0,987884	1,800085
63,200000	8,525054	8,555607	1,584823	0,407515	2,555719	-536,345069	920,215183	-2128,073700	9,277542	957,202562	33,035262	29,379898	30,492314	30,417968	32,217965	-2,669121	1,181859	1,073107	177196,201611	-0,182749	-0,000188	1,041417	1,966153	2,040190	-0,124437	-0,124426	14,057234	-0,013103	0,993791	1,801434
63,400000	8,524211	8,554797	1,570890	0,407280	2,563262	-660,645676	918,786755	-2245,385703	9,274994	956,576148	33,023780	29,376494	30,496722	30,416438	32,222303	-2,669404	1,181942	1,072457	177214,022703	-0,183209	-0,000403	1,192401	1,965548	2,040141	-0,124436	-0,124423	14,052080	-0,013202	0,998814	1,800761
63,600000	8,523603	8,553791	1,577716	0,406754	2,563584	-670,064492	917,867779	-2319,158680	9,272846	955,270212	33,022432	29,373047	30,496904	30,416269	32,225374	-2,669441	1,183616	1,072441	177208,298164	-0,184207	-0,000434	1,298353	1,964624	2,039823	-0,124433	-0,124423	14,040596	-0,012673	0,995606	1,799355
63,800000	8,523500	8,553029	1,585789	0,406234	2,558793	-653,121771	918,285461	-2322,781709	9,271018	954,978347	33,029276	29,372814	30,491782	30,418364	32,225469	-2,669320	1,183752	1,072863	177201,667980	-0,184883	-0,000319	1,200468	1,963693	2,039361	-0,124429	-0,124423	14,037361	-0,011887	0,991929	1,799041
64,000000	8,523299	8,552683	1,583422	0,405534	2,558075	-655,625666	919,072333	-2319,199195	9,269041	955,169764	33,036730	29,374454	30,484740	30,421576	32,220954	-2,669430	1,182763	1,072742	177203,702911	-0,184333	-0,000185	1,084684	1,963068	2,039287	-0,124424	-0,124423	14,038414	-0,011334	0,992458	1,799247
64,200000	8,522672	8,552471	1,577065	0,405595	2,560422	-659,679434	919,188109	-2323,550836	9,266897	955,261424	33,038455	29,375505	30,481142	30,423131	32,215864	-2,669673	1,181793	1,072706	177208,381969	-0,183553	-7,376822E-5	1,131605	1,962746	2,039512	-0,124422	-0,124427	14,039437	-0,011588	0,994708	1,799346
64,400000	8,521922	8,552146	1,574985	0,406034	2,560898	-671,852114	918,883479	-2334,038001	9,264579	954,310869	33,035797	29,376175	30,481564	30,419500	32,217421	-2,669748	1,181407	1,073219	177211,755381	-0,183757	-4,624866E-5	1,146224	1,962413	2,039606	-0,124424	-0,124427	14,032191	-0,012320	0,995308	1,798323
64,600000	8,521320	8,551682	1,585426	0,406126	2,561374	-627,996295	918,709035	-2325,571133	9,262345	953,067317	33,036097	29,376501	30,484369	30,416753	32,223457	-2,669600	1,182078	1,073242	177198,744097	-0,184061	-7,263346E-5	0,956572	1,961676	2,039352	-0,124424	-0,124421	14,021896	-0,012468	0,990873	1,796983
64,800000	8,521097	8,551174	1,597809	0,406241	2,564434	-531,328399	918,904281	-2268,505332	9,260578	953,733750	33,040907	29,375686	30,486643	30,420714	32,226000	-2,669371	1,182159	1,073297	177161,242305	-0,183516	1,132593E-5	0,757918	1,960760	2,039031	-0,124423	-0,124424	14,026928	-0,011903	0,985644	1,797701
65,000000	8,520987	8,550886	1,597275	0,406636	2,569693	-446,120694	919,287900	-2185,431579	9,258957	955,139841	33,046974	29,375008	30,483488	30,427769	32,221088	-2,669240	1,181689	1,073582	177157,062159	-0,183010	0,000111	0,761585	1,960099	2,039078	-0,124421	-0,124432	14,038221	-0,011392	0,985476	1,799215
65,200000	8,520416	8,550663	1,587153	0,407011	2,572185	-423,376143	919,738882	-2123,768627	9,257045	955,516818	33,050203	29,375992	30,479274	30,432635	32,212530	-2,669242	1,180863	1,072995	177221,996108	-0,183282	-1,900192E-5	0,910768	1,959900	2,039793	-0,124421	-0,124433	14,041408	-0,011416	0,989194	1,799621
65,400000	8,519578	8,550256	1,581354	0,407249	2,571094	-466,231106	920,222647	-2118,531161	9,254754	955,360405	33,049042	29,378095	30,477131	30,432005	32,207379	-2,669368	1,179789	1,072782	177293,539094	-0,183219	-0,000144	1,054357	1,960291	2,040499	-0,124424	-0,124432	14,040375	-0,011695	0,991559	1,799452
65,600000	8,518863	8,549819	1,585189	0,407533	2,566574	-512,692490	920,528917	-2159,905983	9,252489	955,229356	33,044699	29,379534	30,477550	30,426587	32,207868	-2,669439	1,180764	1,073086	177327,610584	-0,183113	-2,397082E-5	1,163012	1,960958	2,040463	-0,124429	-0,124430	14,039369	-0,011789	0,990375	1,799311
65,800000	8,518331	8,549355	1,592049	0,407582	2,561239	-524,097472	920,615586	-2199,983120	9,250529	954,328877	33,040436	29,378918	30,486261	30,421437	32,212102	-2,669228	1,181269	1,073055	177336,542602	-0,183664	7,769171E-5	1,289821	1,961331	2,040210	-0,124434	-0,124425	14,031782	-0,011760	0,987923	1,798342
66,000000	8,518082	8,549141	1,590945	0,407329	2,557898	-515,325934	920,624538	-2204,295721	9,248746	953,133619	33,039483	29,377495	30,491955	30,423123	32,216170	-2,669082	1,177509	1,073009	177337,921806	-0,183632	-4,130629E-5	1,411705	1,962112	2,040379	-0,124434	-0,124423	14,021759	-0,011773	0,988739	1,797055
66,200000	8,518131	8,549065	1,584333	0,407273	2,558420	-492,575096	920,891838	-2178,138761	9,246975	953,740692	33,040835	29,377685	30,487393	30,429294	32,217280	-2,669172	1,173309	1,072968	177340,559986	-0,183175	-0,000201	1,509615	1,963704	2,040903	-0,124432	-0,124428	14,026957	-0,011874	0,992051	1,797709
66,400000	8,518176	8,548628	1,587324	0,407713	2,560092	-431,063636	921,255217	-2134,110459	9,245011	955,047611	33,040742	29,379204	30,487328	30,430345	32,217992	-2,669070	1,172569	1,073009	177358,469229	-0,183449	-0,000240	1,456662	1,964683	2,041079	-0,124431	-0,124432	14,038259	-0,012204	0,991346	1,799116
66,600000	8,517739	8,548213	1,593798	0,408044	2,561859	-368,042446	921,067914	-2080,454738	9,242948	955,388985	33,036097	29,379235	30,494985	30,423654	32,220537	-2,668878	1,175562	1,073397	177383,182845	-0,183618	-0,000245	1,189233	1,964055	2,040520	-0,124432	-0,124428	14,041417	-0,012497	0,988536	1,799483
66,800000	8,517225	8,547923	1,597290	0,407483	2,568415	-346,892366	920,211301	-2038,136220	9,241035	955,253515	33,028432	29,376412	30,500545	30,414470	32,224328	-2,668785	1,179420	1,073858	177357,561605	-0,182905	-0,000216	0,962923	1,962101	2,039492	-0,124433	-0,124422	14,040371	-0,012588	0,986222	1,799337
67,000000	8,517050	8,547405	1,593544	0,406357	2,579532	-365,577813	919,344335	-2021,540782	9,239076	955,121558	33,025284	29,373198	30,498418	30,408922	32,228221	-2,668613	1,181647	1,074087	177299,420043	-0,182435	-3,380491E-5	0,929256	1,960424	2,038584	-0,124433	-0,124417	14,039366	-0,012690	0,986753	1,799195
67,200000	8,516521	8,546602	1,576982	0,405609	2,585529	-451,704187	919,240903	-2055,933471	9,236728	955,084401	33,029402	29,373300	30,490807	30,409703	32,228611	-2,668589	1,183438	1,074000	177292,409287	-0,183290	0,000167	0,959824	1,960351	2,038448	-0,124430	-0,124417	14,039199	-0,012836	0,992953	1,799155
67,400000	8,515506	8,545777	1,568845	0,405749	2,578100	-592,244268	919,459311	-2164,331037	9,234141	955,091933	33,033062	29,376467	30,482009	30,415572	32,225048	-2,669043	1,184397	1,073580	177327,491638	-0,184175	0,000166	0,938185	1,961255	2,038752	-0,124429	-0,124422	14,039335	-0,012908	0,996434	1,799163
67,600000	8,514589	8,545168	1,582538	0,406316	2,566476	-679,390100	919,265858	-2283,675840	9,231936	954,237721	33,032287	29,378001	30,476024	30,421223	32,222224	-2,669584	1,184239	1,073357	177350,813911	-0,184182	-4,532441E-5	0,903590	1,962423	2,038921	-0,124432	-0,124425	14,032000	-0,012743	0,991649	1,798244
67,800000	8,514099	8,544657	1,595781	0,406685	2,561774	-675,781553	918,810489	-2329,535913	9,230124	952,183282	33,031107	29,375307	30,479892	30,422366	32,222906	-2,669605	1,183453	1,073601	177358,062803	-0,184276	-0,000250	0,946570	1,963381	2,039109	-0,124433	-0,124425	14,014428	-0,012427	0,987037	1,796030
68,000000	8,514030	8,544092	1,586397	0,406630	2,561881	-639,822190	918,382225	-2316,043060	9,228101	950,740858	33,031688	29,371403	30,487597	30,421519	32,225948	-2,669381	1,183443	1,073959	177358,054047	-0,183972	-0,000113	1,064214	1,963526	2,039303	-0,124433	-0,124425	14,001954	-0,012077	0,990673	1,794475
68,200000	8,513948	8,543543	1,559545	0,406558	2,559433	-566,415058	918,205518	-2291,499010	9,225991	951,531626	33,035511	29,370062	30,485238	30,422349	32,226253	-2,669451	1,185789	1,073863	177356,333564	-0,183318	0,000218	1,108724	1,963156	2,039249	-0,124431	-0,124426	14,008203	-0,011678	1,000824	1,795328
68,400000	8,513582	8,543217	1,549590	0,406665	2,555043	-441,844877	918,802535	-2249,659796	9,224093	953,909673	33,044747	29,371501	30,475596	30,425560	32,220417	-2,669613	1,187025	1,073482	177351,702902	-0,183540	0,000251	1,014048	1,962469	2,039086	-0,124425	-0,124428	14,027789	-0,011286	1,004311	1,797891
68,600000	8,512840	8,543309	1,576114	0,406915	2,552437	-322,799254	920,336689	-2157,726517	9,222339	955,541950	33,053916	29,374983	30,469641	30,429761	32,213052	-2,669432	1,186083	1,073514	177331,624828	-0,184097	6,533614E-5	0,936331	1,961071	2,039206	-0,124421	-0,124430	14,041220	-0,011017	0,993234	1,799648
68,800000	8,511843	8,543614	1,598812	0,407492	2,553150	-276,236773	921,613250	-2040,871733	9,220642	955,679569	33,054113	29,378457	30,471708	30,432364	32,210227	-2,669107	1,186365	1,073457	177329,642481	-0,183931	1,790273E-5	1,021811	1,959187	2,039719	-0,124424	-0,124434	14,042348	-0,010991	0,983634	1,799796
69,000000	8,511221	8,543577	1,589778	0,408126	2,558335	-279,369154	921,666373	-1964,436997	9,218781	955,396167	33,046174	29,378228	30,479785	30,432670	32,213438	-2,668944	1,188272	1,073171	177350,720312	-0,183096	0,000104	1,178284	1,957724	2,040153	-0,124427	-0,124436	14,040135	-0,011155	0,986353	1,799491
69,200000	8,511095	8,543227	1,575774	0,408386	2,567812	-273,934934	921,049181	-1935,082734	9,216723	954,353680	33,039493	29,376202	30,486405	30,431198	32,220505	-2,668846	1,189455	1,072992	177354,560045	-0,182524	4,958709E-5	1,211753	1,957369	2,040208	-0,124429	-0,124431	14,031679	-0,011449	0,991532	1,798369
69,400000	8,510904	8,542670	1,576520	0,407858	2,573820	-292,521536	920,645629	-1934,953092	9,214656	953,091862	33,038668	29,375734	30,486853	30,429191	32,224443	-2,668823	1,188933	1,072664	177349,287056	-0,182360	-0,000125	1,117535	1,957831	2,040118	-0,124432	-0,124428	14,021570	-0,011936	0,991424	1,797010
69,600000	8,510492	8,541795	1,584800	0,407269	2,573449	-357,607925	920,654451	-1970,115587	9,212748	953,665865	33,040275	29,376415	30,486135	30,428551	32,221112	-2,668920	1,186727	1,073032	177342,761992	-0,182159	-0,000150	1,046500	1,958400	2,040080	-0,124437	-0,124434	14,026908	-0,012453	0,988438	1,797628
69,800000	8,509962	8,540921	1,590797	0,407643	2,572183	-412,441669	920,912960	-2023,170866	9,210934	954,990219	33,040495	29,377901	30,489175	30,427186	32,216350	-2,669024	1,183778	1,073366	177345,605375	-0,182242	-0,000114	1,113273	1,958279	2,040249	-0,124439	-0,124441	14,038277	-0,012704	0,986002	1,799054
70,000000	8,509401	8,540225	1,588265	0,408003	2,572640	-448,297378	920,796901	-2065,729387	9,208923	955,355334	33,037638	29,378582	30,493533	30,421686	32,216086	-2,669033	1,182376	1,072607	177366,237275	-0,182929	-0,000104	1,261085	1,957718	2,040737	-0,124441	-0,124438	14,041433	-0,012796	0,986624	1,799447
70,200000	8,509122	8,539466	1,578218	0,407431	2,569986	-539,451300	919,974466	-2127,951163	9,206586	954,326099	33,031165	29,378308	30,495861	30,414803	32,220882	-2,669054	1,182347	1,072244	177352,015813	-0,183530	-0,000146	1,289592	1,957887	2,040657	-0,124440	-0,124428	14,032956	-0,012957	0,990486	1,798339
70,400000	8,508790	8,538776	1,574818	0,406451	2,560506	-670,511575	918,816183	-2242,950761	9,204090	952,098666	33,023684	29,377539	30,495600	30,411943	32,225995	-2,669314	1,184459	1,072180	177300,062943	-0,183256	-0,000230	1,168518	1,958867	2,039588	-0,124435	-0,124420	14,014371	-0,013080	0,992222	1,795939
70,600000	8,508016	8,538322	1,584214	0,405830	2,551219	-715,387697	917,894849	-2342,747285	9,201768	951,480532	33,020976	29,376428	30,494318	30,413850	32,227144	-2,669595	1,188292	1,072122	177298,118583	-0,183058	-0,000165	1,085393	1,959919	2,039135	-0,124430	-0,124420	14,009163	-0,013068	0,989094	1,795273
70,800000	8,507315	8,538008	1,593902	0,405424	2,549259	-645,484086	917,746609	-2346,645486	9,199750	953,467562	33,024623	29,376308	30,492530	30,418854	32,226080	-2,669558	1,190072	1,072761	177342,295438	-0,183664	-4,321876E-5	1,133173	1,960541	2,039748	-0,124429	-0,124425	14,025712	-0,012922	0,985672	1,797414
71,000000	8,506806	8,537736	1,591695	0,405103	2,553768	-563,701364	918,249485	-2279,065898	9,197938	955,217731	33,030233	29,376840	30,488974	30,421417	32,224333	-2,669440	1,190227	1,073121	177357,891002	-0,184506	-6,668348E-5	1,209382	1,961298	2,040206	-0,124428	-0,124429	14,040265	-0,012782	0,986852	1,799299
71,200000	8,506174	8,537178	1,575322	0,405484	2,557243	-578,862515	918,555047	-2244,660876	9,196190	955,473453	33,032896	29,376437	30,487681	30,417129	32,222853	-2,669441	1,190621	1,073129	177356,439913	-0,185089	-0,000153	1,147820	1,962395	2,040211	-0,124427	-0,124428	14,042402	-0,012774	0,993624	1,799574
71,400000	8,505738	8,536425	1,559344	0,405686	2,558963	-637,641786	918,327731	-2289,168002	9,194334	955,248123	33,031636	29,374431	30,490038	30,412853	32,222745	-2,669502	1,190764	1,073419	177362,023300	-0,185346	-0,000173	1,088339	1,963425	2,039897	-0,124428	-0,124427	14,040342	-0,012604	1,000293	1,799332
71,600000	8,505724	8,535755	1,565336	0,405487	2,557941	-602,616827	918,200617	-2323,307472	9,192309	956,034170	33,031575	29,372547	30,489108	30,415596	32,222821	-2,669675	1,190897	1,073551	177330,200441	-0,184900	-0,000158	1,154089	1,964712	2,039142	-0,124427	-0,124426	14,046579	-0,012247	0,998541	1,800178
71,800000	8,505716	8,535250	1,583140	0,406007	2,553044	-512,561961	918,638242	-2276,396297	9,190353	958,155978	33,036891	29,373389	30,483171	30,424448	32,221514	-2,669797	1,191269	1,073802	177298,156862	-0,183974	-1,287452E-5	1,119675	1,966012	2,038440	-0,124424	-0,124427	14,064122	-0,012000	0,992236	1,802459
72,000000	8,505215	8,535040	1,588419	0,406855	2,549201	-489,191113	919,478058	-2203,375676	9,188630	958,829331	33,043643	29,377050	30,479164	30,433256	32,218353	-2,669733	1,190861	1,073872	177334,507669	-0,183828	0,000151	1,012319	1,966402	2,038875	-0,124425	-0,124430	14,069383	-0,011619	0,990359	1,803183
72,200000	8,504203	8,534829	1,580246	0,407460	2,552907	-563,635916	919,792253	-2192,498405	9,186886	957,820862	33,044437	29,379426	30,478845	30,436029	32,213376	-2,669772	1,189802	1,073090	177380,826282	-0,184374	-3,711455E-6	1,006101	1,965888	2,040063	-0,124429	-0,124432	14,060475	-0,011161	0,993208	1,802099
72,400000	8,503224	8,534395	1,570995	0,407553	2,560570	-665,135428	919,298057	-2254,974292	9,184951	958,175996	33,038693	29,378948	30,480859	30,432396	32,209927	-2,669932	1,189935	1,072562	177380,945399	-0,184372	-0,000228	1,059874	1,965122	2,040319	-0,124429	-0,124432	14,063570	-0,011280	0,996359	1,802481
72,600000	8,502654	8,533858	1,573949	0,407283	2,562938	-698,120053	918,865772	-2324,260133	9,182958	959,349995	33,033229	29,377998	30,487822	30,427027	32,210908	-2,669883	1,191378	1,072645	177346,381410	-0,183601	-0,000161	1,105095	1,964058	2,039616	-0,124428	-0,124433	14,073876	-0,011750	0,994645	1,803743
72,800000	8,502316	8,533422	1,588504	0,407433	2,560741	-650,855988	918,787429	-2335,446405	9,180948	959,733022	33,031798	29,376202	30,494948	30,424979	32,213496	-2,669758	1,191804	1,072526	177318,707155	-0,182969	4,044784E-7	1,126656	1,962720	2,039393	-0,124429	-0,124435	14,077078	-0,011744	0,988359	1,804154
73,000000	8,501848	8,533066	1,595372	0,407634	2,561294	-584,385196	919,115826	-2288,607063	9,178946	959,672619	33,033870	29,374791	30,493328	30,425665	32,214319	-2,669718	1,190837	1,072458	177320,328443	-0,182800	-8,260454E-6	1,122714	1,961461	2,040105	-0,124427	-0,124434	14,076243	-0,011415	0,985072	1,804089
73,200000	8,501237	8,532564	1,584539	0,406980	2,567380	-558,927656	919,664739	-2247,527407	9,176971	959,546317	33,035812	29,376964	30,489297	30,425013	32,212224	-2,669622	1,190663	1,072639	177346,096711	-0,183071	-4,048559E-5	1,127378	1,960461	2,040837	-0,124425	-0,124433	14,075308	-0,011537	0,988627	1,803954
73,400000	8,500809	8,532291	1,574249	0,406415	2,572775	-497,616903	920,074818	-2206,807937	9,174932	959,456653	33,031784	29,379454	30,496065	30,421962	32,213233	-2,669376	1,190941	1,072692	177372,845623	-0,183490	-0,000111	1,127727	1,959598	2,040907	-0,124430	-0,124432	14,075125	-0,012106	0,992130	1,803857
73,600000	8,500687	8,532420	1,579596	0,406786	2,572287	-360,817636	920,132128	-2103,102255	9,173029	959,401834	33,023558	29,378143	30,505523	30,418449	32,222576	-2,668955	1,190533	1,072841	177368,222810	-0,183777	-0,000250	1,073387	1,958819	2,040766	-0,124436	-0,124428	14,075241	-0,012681	0,989728	1,803798
73,800000	8,500755	8,532253	1,592724	0,407014	2,567163	-305,170746	919,455925	-2004,000537	9,171366	959,373192	33,018949	29,374114	30,507433	30,416138	32,232217	-2,668773	1,191010	1,073267	177346,034109	-0,184347	-0,000215	1,039448	1,958560	2,040611	-0,124439	-0,124423	14,075320	-0,012999	0,984585	1,803768
74,000000	8,500904	8,531479	1,600638	0,406787	2,562385	-333,563239	918,746670	-1985,570434	9,169676	959,386449	33,020551	29,371273	30,505665	30,416023	32,234805	-2,668857	1,191973	1,073534	177335,144792	-0,185107	-0,000146	1,056905	1,958694	2,040012	-0,124439	-0,124421	14,075326	-0,012894	0,981578	1,803782
74,200000	8,500958	8,530680	1,596979	0,406670	2,561179	-346,039061	918,945807	-2001,515034	9,167686	959,419877	33,025694	29,372501	30,499811	30,416733	32,231627	-2,668864	1,191759	1,073786	177334,630163	-0,185038	-4,138271E-5	1,042976	1,958951	2,039325	-0,124437	-0,124420	14,075313	-0,012601	0,982984	1,803818
74,400000	8,500607	8,530087	1,583950	0,406907	2,564822	-379,457878	919,461725	-2026,149847	9,165530	960,330277	33,031009	29,375530	30,492222	30,417253	32,225028	-2,668958	1,191431	1,074096	177328,789076	-0,184176	0,000104	1,038922	1,959452	2,039068	-0,124434	-0,124421	14,082724	-0,012389	0,988101	1,804796
74,600000	8,499707	8,529394	1,568509	0,407345	2,566095	-454,932696	919,438495	-2081,376993	9,163531	962,435484	33,031684	29,377334	30,489145	30,417816	32,221498	-2,669061	1,192867	1,073754	177326,604495	-0,183877	9,213365E-6	1,122993	1,960281	2,039058	-0,124432	-0,124423	14,100300	-0,012347	0,994376	1,807055
74,800000	8,498585	8,528712	1,565580	0,407163	2,557173	-507,168816	919,139399	-2149,980374	9,161597	963,020502	33,027229	29,377132	30,487514	30,417438	32,226541	-2,669133	1,194253	1,073477	177327,452988	-0,183855	-0,000153	1,205948	1,960972	2,039125	-0,124433	-0,124423	14,105343	-0,012498	0,995787	1,807683
75,000000	8,497724	8,528237	1,583291	0,406156	2,543627	-520,132003	918,973849	-2190,599274	9,159649	961,057434	33,025607	29,376235	30,484092	30,418321	32,232399	-2,669291	1,193117	1,073598	177312,988824	-0,183533	-0,000101	1,216683	1,960868	2,039336	-0,124432	-0,124424	14,088931	-0,012509	0,988846	1,805576
75,200000	8,497146	8,527721	1,597895	0,405733	2,542544	-577,048258	918,930500	-2215,272814	9,157800	959,387594	33,029948	29,376461	30,483209	30,422508	32,230327	-2,669439	1,191536	1,073539	177305,986368	-0,183706	7,960020E-5	1,183696	1,960315	2,039572	-0,124429	-0,124428	14,074461	-0,012020	0,982949	1,803783
75,400000	8,496616	8,527036	1,587606	0,406620	2,555511	-688,037270	918,786239	-2276,108923	9,155930	959,249567	33,034240	29,376399	30,486680	30,427342	32,220301	-2,669639	1,191796	1,073542	177352,731792	-0,184152	0,000130	1,097813	1,959543	2,039951	-0,124427	-0,124431	14,072328	-0,011043	0,986412	1,803635
75,600000	8,496195	8,526508	1,576062	0,407206	2,567125	-730,933400	918,687417	-2347,906754	9,153933	958,723674	33,035484	29,375901	30,489308	30,431390	32,209791	-2,669741	1,193065	1,073093	177414,563594	-0,183998	3,296571E-5	1,014105	1,958520	2,040490	-0,124427	-0,124432	14,066956	-0,010077	0,990273	1,803070
75,800000	8,495937	8,526334	1,588397	0,407268	2,569331	-695,864246	918,889390	-2353,892488	9,152139	957,675388	33,034514	29,376634	30,486248	30,432997	32,208177	-2,669633	1,193763	1,072756	177394,593785	-0,183172	-1,951979E-5	1,037639	1,958076	2,040595	-0,124426	-0,124432	14,057971	-0,009877	0,985297	1,801943
76,000000	8,495454	8,526307	1,602827	0,407501	2,567683	-756,663266	919,026423	-2347,343552	9,150475	958,231485	33,032660	29,377326	30,485394	30,428412	32,212836	-2,669591	1,193992	1,073192	177328,002015	-0,182413	0,000110	1,101004	1,958175	2,040189	-0,124429	-0,124429	14,063120	-0,010365	0,979872	1,802541
76,200000	8,494505	8,525843	1,589856	0,406865	2,569182	-940,731844	918,658538	-2457,042216	9,148387	959,491195	33,030041	29,377264	30,490485	30,423910	32,214274	-2,669889	1,193821	1,073147	177304,160248	-0,182432	0,000288	1,092847	1,958038	2,039832	-0,124434	-0,124429	14,074200	-0,010891	0,984683	1,803894
76,400000	8,493561	8,524718	1,566351	0,406225	2,568512	-1039,821913	918,141963	-2628,298175	9,146108	959,805159	33,025508	29,378075	30,490088	30,427473	32,210330	-2,670571	1,190820	1,072393	177322,532841	-0,182613	0,000148	1,104926	1,958114	2,039888	-0,124432	-0,124436	14,077286	-0,011347	0,993625	1,804232
76,600000	8,492860	8,523712	1,567303	0,407261	2,561296	-978,145560	918,047326	-2695,776710	9,144091	958,782364	33,020981	29,379127	30,486087	30,432540	32,205721	-2,671014	1,186356	1,071746	177350,825849	-0,182562	-0,000144	1,219483	1,959104	2,040236	-0,124427	-0,124442	14,068839	-0,011468	0,993636	1,803133
76,800000	8,492282	8,523444	1,587852	0,408595	2,550928	-875,896193	918,435405	-2634,184895	9,142183	957,460499	33,017963	29,379432	30,489458	30,431107	32,205227	-2,670658	1,186712	1,071557	177390,716820	-0,182803	-0,000276	1,289828	1,960500	2,040844	-0,124429	-0,124437	14,057696	-0,011403	0,986425	1,801712
77,000000	8,492092	8,523556	1,593390	0,408396	2,546250	-804,859570	918,535269	-2526,402636	9,140405	957,999831	33,014911	29,378296	30,497586	30,422510	32,209238	-2,669969	1,189898	1,071581	177411,394248	-0,183296	-0,000377	1,211111	1,961404	2,040946	-0,124437	-0,124426	14,062650	-0,011836	0,984813	1,802292
77,200000	8,492069	8,523559	1,575230	0,407095	2,548968	-761,150344	917,675199	-2450,161356	9,138768	959,279839	33,010717	29,374961	30,502427	30,412171	32,214618	-2,669635	1,189912	1,071877	177359,706533	-0,183948	-0,000349	1,114480	1,961714	2,040003	-0,124441	-0,124419	14,074080	-0,012541	0,991947	1,803667
77,400000	8,491698	8,523290	1,569949	0,405879	2,554180	-714,373323	916,943862	-2417,038154	9,136983	959,641062	33,009345	29,372849	30,503175	30,408074	32,219699	-2,669729	1,188465	1,072631	177307,555976	-0,185057	-9,249747E-5	1,150510	1,962191	2,039210	-0,124438	-0,124416	14,077333	-0,012769	0,994210	1,804055
77,600000	8,491363	8,522728	1,593376	0,405446	2,557001	-652,188987	917,236183	-2378,086255	9,135142	960,470313	33,014735	29,373602	30,498759	30,412368	32,223444	-2,669751	1,189216	1,072878	177315,570163	-0,185886	3,178302E-5	1,308103	1,963370	2,039334	-0,124432	-0,124415	14,083715	-0,012207	0,985740	1,804946
77,800000	8,491400	8,522128	1,609640	0,405917	2,559857	-595,554666	917,900976	-2315,035640	9,133375	962,543165	33,020739	29,374823	30,489027	30,420293	32,226127	-2,669614	1,191547	1,072822	177339,065800	-0,185262	-0,000150	1,362417	1,964276	2,039733	-0,124428	-0,124419	14,100270	-0,011417	0,979946	1,807171
78,000000	8,491375	8,521562	1,597314	0,406531	2,568880	-579,045073	918,510455	-2265,617733	9,131646	964,036552	33,021317	29,376296	30,486051	30,424285	32,228841	-2,669482	1,192010	1,073310	177347,867591	-0,184310	-0,000255	1,211133	1,964015	2,039561	-0,124427	-0,124422	14,112556	-0,011216	0,984396	1,808773
78,200000	8,491040	8,521069	1,581719	0,406805	2,579898	-588,829350	918,903755	-2257,958454	9,129816	963,235102	33,019373	29,378007	30,492794	30,423132	32,230888	-2,669317	1,189203	1,073667	177355,216676	-0,184293	-0,000142	1,115505	1,963302	2,039280	-0,124432	-0,124420	14,106436	-0,011797	0,989952	1,807913
78,400000	8,490492	8,520779	1,584071	0,407038	2,581086	-569,078468	918,584211	-2244,212604	9,127874	960,813987	33,020402	29,376715	30,495272	30,421931	32,232223	-2,669363	1,186887	1,073675	177364,899225	-0,184601	-9,584355E-5	1,168083	1,963343	2,039401	-0,124437	-0,124421	14,086935	-0,012550	0,989053	1,805315
78,600000	8,489743	8,520275	1,594427	0,407277	2,570023	-551,841363	918,249788	-2208,883633	9,126130	959,200058	33,026074	29,373748	30,488611	30,423361	32,230690	-2,669584	1,187483	1,073797	177350,579796	-0,184538	-2,770330E-5	1,193276	1,964408	2,039370	-0,124434	-0,124427	14,073510	-0,012639	0,985573	1,803582
78,800000	8,488828	8,519379	1,594852	0,407068	2,560018	-600,816260	918,917516	-2224,096933	9,124512	958,248534	33,032712	29,374175	30,481275	30,426133	32,224432	-2,669772	1,188843	1,073464	177324,494373	-0,183897	0,000159	1,169334	1,965664	2,039147	-0,124429	-0,124431	14,064950	-0,012052	0,985923	1,802559
79,000000	8,487853	8,518724	1,581735	0,406416	2,559458	-693,519755	919,653112	-2302,174252	9,122722	956,483500	33,036824	29,377020	30,479587	30,428140	32,216664	-2,670008	1,189606	1,072761	177317,730074	-0,183139	0,000242	1,153483	1,966361	2,039261	-0,124426	-0,124431	14,049581	-0,011480	0,991204	1,800661
79,200000	8,487098	8,518561	1,574910	0,405957	2,562791	-755,249062	919,396953	-2387,759799	9,120805	956,013298	33,034570	29,378776	30,483840	30,428968	32,212110	-2,670268	1,189047	1,072495	177331,322960	-0,183041	0,000125	1,115985	1,966500	2,039594	-0,124424	-0,124430	14,045578	-0,011421	0,993894	1,800155
79,400000	8,486851	8,518495	1,585171	0,406219	2,563218	-723,032470	918,793694	-2406,799035	9,118954	957,925600	33,027567	29,377985	30,491303	30,428146	32,213477	-2,670308	1,187800	1,072210	177351,894172	-0,183865	-3,509541E-5	1,079463	1,966358	2,039752	-0,124423	-0,124429	14,061943	-0,011751	0,989895	1,802212
79,600000	8,486740	8,518217	1,595019	0,406671	2,564779	-641,982694	918,698765	-2348,944524	9,117053	959,615673	33,023963	29,377077	30,495133	30,426473	32,218495	-2,670062	1,188234	1,072325	177358,722617	-0,184707	-0,000216	1,069556	1,965372	2,039918	-0,124428	-0,124426	14,076192	-0,011840	0,985628	1,804028
79,800000	8,486361	8,517810	1,590728	0,406606	2,569840	-611,721192	919,026455	-2302,462857	9,115144	959,033268	33,025024	29,378023	30,493547	30,428000	32,219456	-2,669849	1,191304	1,072810	177359,121084	-0,184451	-0,000358	1,025690	1,962878	2,040116	-0,124432	-0,124426	14,070835	-0,011362	0,985958	1,803402
80,000000	8,485696	8,517552	1,580452	0,407039	2,572652	-619,253110	919,241852	-2302,413334	9,113458	956,773735	33,027346	29,378416	30,493112	30,431316	32,213962	-2,669805	1,194115	1,072707	177370,530061	-0,183629	-0,000222	0,954346	1,959672	2,040246	-0,124429	-0,124430	14,051231	-0,010696	0,988241	1,800973
80,200000	8,484821	8,517280	1,579579	0,407755	2,568868	-606,501788	919,315125	-2301,029120	9,111690	956,052926	33,026819	29,377117	30,497030	30,429849	32,210082	-2,669728	1,193635	1,072749	177367,200957	-0,183814	6,903857E-6	1,011981	1,957268	2,040421	-0,124431	-0,124431	14,045036	-0,010546	0,987352	1,800198
80,400000	8,484326	8,516998	1,588562	0,407588	2,564254	-583,555272	919,245830	-2273,565404	9,109901	957,914703	33,021806	29,374995	30,502761	30,423578	32,213776	-2,669567	1,191590	1,073073	177356,529486	-0,184353	2,594779E-5	1,209351	1,956382	2,040426	-0,124437	-0,124429	14,061420	-0,011319	0,983474	1,802200
80,600000	8,484291	8,516555	1,590591	0,407059	2,561337	-601,604368	918,858803	-2256,064095	9,108204	959,553693	33,015533	29,373192	30,505267	30,418044	32,221839	-2,669484	1,191584	1,072925	177338,896240	-0,183900	-6,038520E-5	1,292612	1,956547	2,039771	-0,124437	-0,124428	14,076104	-0,012272	0,982754	1,803961
80,800000	8,484180	8,515558	1,581757	0,406468	2,557623	-629,820001	918,467995	-2266,893156	9,106260	958,912873	33,010548	29,373228	30,501278	30,417443	32,228848	-2,669547	1,193036	1,072924	177294,686073	-0,183614	3,399979E-5	1,218284	1,957333	2,038857	-0,124433	-0,124428	14,070905	-0,012441	0,986399	1,803273
81,000000	8,483909	8,514572	1,576839	0,405831	2,553598	-592,785054	918,474700	-2280,772841	9,104282	956,605353	33,008322	29,374852	30,496909	30,420636	32,230603	-2,669606	1,193396	1,073492	177260,192531	-0,183953	0,000149	1,164277	1,958127	2,038981	-0,124430	-0,124430	14,051274	-0,012151	0,988561	1,800792
81,200000	8,483647	8,514255	1,581194	0,405754	2,551496	-512,040228	918,729546	-2258,008199	9,102486	954,985014	33,009471	29,375638	30,495243	30,423878	32,226562	-2,669551	1,193312	1,073523	177247,787934	-0,184237	2,939482E-5	1,160028	1,958187	2,039800	-0,124432	-0,124431	14,037621	-0,012091	0,986881	1,799048
81,400000	8,483346	8,514355	1,580044	0,406654	2,551822	-455,837305	918,708444	-2197,185372	9,100661	954,821787	33,012395	29,374733	30,491667	30,422938	32,222622	-2,669562	1,193690	1,072885	177269,032652	-0,184508	-0,000155	1,115440	1,957992	2,039991	-0,124434	-0,124429	14,036419	-0,012260	0,987225	1,798873
81,600000	8,482861	8,514090	1,576965	0,407377	2,552968	-441,420017	918,459528	-2161,801038	9,098898	954,179738	33,014804	29,373969	30,491480	30,416900	32,223644	-2,669582	1,194134	1,072647	177313,102910	-0,184891	-0,000300	1,031375	1,958145	2,039497	-0,124434	-0,124423	14,031232	-0,012462	0,988457	1,798181
81,800000	8,482513	8,513383	1,586758	0,406866	2,557057	-424,555057	918,772560	-2142,826795	9,097349	952,199002	33,017061	29,374487	30,494849	30,411949	32,228562	-2,669366	1,193500	1,072920	177325,568268	-0,185065	-0,000304	0,989278	1,958217	2,038960	-0,124432	-0,124418	14,014715	-0,012582	0,984684	1,796047
82,000000	8,482312	8,512828	1,591674	0,405882	2,562027	-380,789044	919,479876	-2089,700352	9,095827	951,615075	33,021406	29,375155	30,493027	30,413309	32,233115	-2,669139	1,192925	1,073846	177289,948824	-0,184725	-0,000107	0,989708	1,957770	2,038591	-0,124430	-0,124422	14,009628	-0,012402	0,982525	1,795418
82,200000	8,481793	8,512460	1,579821	0,405638	2,565078	-371,443614	919,821202	-2041,469563	9,094144	953,572335	33,026593	29,375755	30,487951	30,421869	32,234134	-2,669176	1,193010	1,074487	177277,648082	-0,184614	7,196602E-5	0,975473	1,957311	2,038537	-0,124427	-0,124428	14,025817	-0,012147	0,986754	1,797527
82,400000	8,480853	8,512096	1,570520	0,406706	2,566341	-408,157459	919,772122	-2051,464379	9,092203	954,414681	33,029435	29,377127	30,483009	30,432402	32,230516	-2,669416	1,192229	1,073911	177301,509471	-0,184817	-1,273499E-5	1,064422	1,957269	2,039334	-0,124425	-0,124431	14,032795	-0,012053	0,990247	1,798434
82,600000	8,479943	8,511886	1,576999	0,408054	2,567759	-416,450707	919,561465	-2085,264472	9,090237	952,603227	33,028492	29,378243	30,477929	30,436153	32,224752	-2,669549	1,192021	1,073411	177265,098708	-0,184561	-0,000283	1,314793	1,957437	2,040493	-0,124427	-0,124429	14,017369	-0,011839	0,987798	1,796483
82,800000	8,479495	8,511508	1,585978	0,408159	2,565420	-421,466487	919,501111	-2097,416105	9,088384	950,909195	33,023633	29,378041	30,480550	30,432480	32,221918	-2,669469	1,191982	1,073156	177194,603303	-0,184577	-0,000391	1,373104	1,957663	2,040655	-0,124432	-0,124427	14,002885	-0,011593	0,984450	1,794657
83,000000	8,479125	8,510698	1,585803	0,407061	2,559885	-472,838377	919,454911	-2116,386015	9,086462	950,636632	33,020145	29,376844	30,492954	30,428294	32,220996	-2,669477	1,190752	1,072990	177161,954225	-0,185308	-0,000298	1,189393	1,957843	2,039724	-0,124432	-0,124429	14,000554	-0,011553	0,984567	1,794363
83,200000	8,478553	8,509926	1,578659	0,406337	2,558482	-572,975099	919,074335	-2179,031804	9,084531	951,756769	33,021098	29,376354	30,498165	30,427870	32,217380	-2,669793	1,189370	1,073025	177165,897800	-0,185054	-0,000348	1,216697	1,957884	2,039227	-0,124426	-0,124431	14,009946	-0,011528	0,987256	1,795571
83,400000	8,477867	8,509448	1,575473	0,407077	2,563118	-658,068087	918,905658	-2267,886545	9,082809	953,989716	33,022778	29,377481	30,492259	30,428813	32,211780	-2,670104	1,188573	1,072702	177182,425522	-0,183741	-0,000495	1,458581	1,957488	2,039768	-0,124423	-0,124431	14,028707	-0,011532	0,988206	1,797977
83,600000	8,477175	8,509386	1,581669	0,408359	2,567318	-635,902398	919,535699	-2298,754968	9,081219	955,446816	33,022563	29,379733	30,490659	30,427503	32,209215	-2,670048	1,189785	1,072385	177194,815475	-0,183093	-0,000362	1,539099	1,956024	2,040386	-0,124423	-0,124432	14,041218	-0,011814	0,985075	1,799545
83,800000	8,476783	8,509562	1,587082	0,408900	2,564909	-556,766501	919,799240	-2238,311200	9,079545	954,630807	33,016675	29,380238	30,495828	30,424419	32,213754	-2,669713	1,192833	1,072640	177191,242375	-0,183030	-5,080060E-5	1,454965	1,953628	2,040851	-0,124427	-0,124432	14,034750	-0,012194	0,981842	1,798667
84,000000	8,476741	8,509298	1,587809	0,408866	2,560288	-495,761873	919,080648	-2161,577766	9,077829	952,245962	33,006195	29,378178	30,499125	30,421264	32,223981	-2,669390	1,194495	1,073085	177150,118321	-0,183467	1,347524E-5	1,367257	1,952191	2,041268	-0,124439	-0,124431	14,015076	-0,012548	0,980834	1,796098
84,200000	8,477100	8,508520	1,582973	0,408451	2,558458	-474,697892	918,626096	-2126,468691	9,076062	950,609475	32,999814	29,376834	30,500454	30,419021	32,232622	-2,669258	1,193670	1,073095	177088,841713	-0,184833	-0,000170	1,252230	1,952882	2,040978	-0,124445	-0,124429	14,001655	-0,012883	0,982948	1,794334
84,400000	8,477625	8,507658	1,579832	0,407428	2,558363	-456,878018	918,825992	-2122,433445	9,074266	949,591556	33,001915	29,375400	30,500385	30,417313	32,234728	-2,669177	1,192862	1,073250	177051,545709	-0,185650	-0,000259	1,109694	1,955059	2,040154	-0,124442	-0,124427	13,993131	-0,012920	0,985158	1,793235
84,600000	8,477604	8,507044	1,582563	0,406257	2,556293	-388,109050	919,450092	-2094,124807	9,072483	947,771487	33,009241	29,374995	30,496409	30,416240	32,231522	-2,669086	1,192757	1,073454	177044,803430	-0,185063	-0,000182	0,961522	1,958545	2,039623	-0,124437	-0,124426	13,977775	-0,012882	0,985794	1,791271
84,800000	8,476990	8,506706	1,583253	0,405828	2,554695	-324,665149	920,039763	-2035,357041	9,070577	947,268042	33,014828	29,376887	30,493863	30,416367	32,227887	-2,669113	1,191061	1,073175	177059,907613	-0,184319	-0,000116	0,860646	1,961527	2,039369	-0,124434	-0,124425	13,973769	-0,013116	0,986982	1,790727
85,000000	8,476156	8,506183	1,582574	0,406275	2,556371	-369,029644	919,779541	-2024,412848	9,068467	949,190838	33,013869	29,377561	30,496749	30,414733	32,229771	-2,669285	1,188058	1,073537	177109,350534	-0,184220	-0,000153	0,912449	1,960864	2,039246	-0,124433	-0,124422	13,990130	-0,013291	0,986861	1,792803
85,200000	8,475293	8,505376	1,582092	0,406103	2,561009	-508,671561	918,878384	-2106,330362	9,066388	949,991999	33,008871	29,376313	30,498821	30,412555	32,235269	-2,669570	1,187212	1,073750	177174,764953	-0,184672	-0,000217	1,026424	1,957615	2,039325	-0,124433	-0,124421	13,996961	-0,013382	0,985336	1,793667
85,400000	8,474727	8,504586	1,582886	0,405260	2,567675	-581,523696	918,308648	-2208,728854	9,064700	948,149437	33,007153	29,375808	30,494714	30,416030	32,237635	-2,669768	1,188539	1,073196	177197,358025	-0,185007	-0,000333	1,083839	1,955191	2,039253	-0,124431	-0,124422	13,981446	-0,013372	0,983720	1,791679
85,600000	8,474422	8,503947	1,578850	0,405605	2,573605	-528,510896	918,576486	-2232,558885	9,063310	947,365112	33,011175	29,376092	30,488454	30,424327	32,234971	-2,669740	1,188449	1,073345	177176,263158	-0,185147	-0,000320	1,156747	1,953999	2,039006	-0,124426	-0,124424	13,974376	-0,012905	0,984572	1,790832
85,800000	8,473913	8,503699	1,574841	0,406988	2,571491	-467,999031	919,156964	-2198,905677	9,061901	949,232789	33,016801	29,375057	30,485850	30,431003	32,228758	-2,669604	1,187485	1,073891	177195,331848	-0,184957	-0,000141	1,263575	1,953199	2,039374	-0,124419	-0,124426	13,989636	-0,012443	0,985672	1,792848
86,000000	8,473259	8,503649	1,583826	0,407544	2,562151	-461,248993	919,638033	-2170,277669	9,060203	950,065487	33,020807	29,374420	30,487219	30,432446	32,223246	-2,669475	1,187466	1,074010	177245,580789	-0,184467	-0,000102	1,325320	1,953422	2,040224	-0,124416	-0,124429	13,996659	-0,012462	0,982355	1,793747
86,200000	8,472624	8,503160	1,587598	0,407266	2,555686	-498,843767	919,814943	-2168,623616	9,058196	948,242560	33,021680	29,375627	30,490836	30,428682	32,221678	-2,669467	1,186649	1,073850	177240,456959	-0,184671	-0,000191	1,355557	1,954819	2,040423	-0,124418	-0,124431	13,981432	-0,012573	0,981581	1,791779
86,400000	8,471872	8,502362	1,577558	0,407127	2,557437	-556,956836	919,521487	-2203,963526	9,056229	946,519500	33,020069	29,375906	30,496138	30,423868	32,222857	-2,669541	1,186712	1,073702	177204,967082	-0,184562	-0,000186	1,358817	1,956625	2,039766	-0,124423	-0,124429	13,967012	-0,012664	0,986251	1,789918
86,600000	8,471067	8,501745	1,577877	0,406874	2,560222	-553,973145	919,246956	-2230,151405	9,054475	947,126922	33,018077	29,374611	30,495422	30,424886	32,224264	-2,669664	1,189123	1,073674	177191,104294	-0,183457	-2,378333E-5	1,341690	1,958870	2,039369	-0,124427	-0,124427	13,972083	-0,012618	0,987198	1,790574
86,800000	8,470692	8,501622	1,590690	0,406931	2,558571	-495,484928	919,331539	-2191,082960	9,052808	949,481929	33,017075	29,374129	30,485494	30,430783	32,223511	-2,669803	1,190962	1,073812	177193,280115	-0,182847	9,075688E-5	1,357307	1,960874	2,039881	-0,124429	-0,124427	13,991615	-0,012326	0,983273	1,793117
87,000000	8,470706	8,501733	1,590365	0,407255	2,558805	-491,080464	919,613342	-2140,887327	9,051174	951,108776	33,017609	29,375186	30,482366	30,434691	32,220642	-2,669795	1,190817	1,073778	177203,651704	-0,183018	0,000140	1,374943	1,960961	2,040642	-0,124431	-0,124432	14,005257	-0,012286	0,983438	1,794872
87,200000	8,470444	8,501664	1,578739	0,406905	2,562155	-486,066894	919,865609	-2126,390333	9,049582	950,359209	33,015014	29,377643	30,492381	30,432173	32,218910	-2,669650	1,190595	1,073239	177229,920879	-0,183514	0,000151	1,408839	1,959389	2,041236	-0,124436	-0,124434	13,999056	-0,012388	0,987101	1,794064
87,400000	8,469911	8,501369	1,572518	0,406189	2,562057	-453,227353	919,365743	-2123,501163	9,047813	948,881897	33,007527	29,377572	30,503657	30,422340	32,220168	-2,669505	1,191216	1,072725	177229,377726	-0,184128	5,871434E-5	1,439941	1,957948	2,040959	-0,124441	-0,124433	13,986676	-0,012436	0,988768	1,792469
87,600000	8,469305	8,500587	1,574193	0,405381	2,554423	-496,433884	918,262030	-2159,980425	9,045840	948,448936	33,002655	29,373763	30,508076	30,412824	32,223164	-2,669589	1,190300	1,072726	177180,084574	-0,184552	-8,242022E-5	1,318392	1,957670	2,039561	-0,124443	-0,124432	13,983315	-0,012720	0,987929	1,792002
87,800000	8,468902	8,499653	1,581378	0,404654	2,546246	-580,115393	917,937261	-2230,592499	9,043846	947,697395	33,004071	29,372311	30,506879	30,411671	32,226915	-2,669764	1,189791	1,072910	177174,022744	-0,184374	-0,000149	1,085439	1,959264	2,038646	-0,124440	-0,124427	13,977081	-0,012812	0,985884	1,791191
88,000000	8,468865	8,499097	1,585768	0,404756	2,543777	-642,597116	918,196149	-2287,026146	9,041895	946,653790	33,007779	29,373317	30,501848	30,415772	32,230259	-2,669779	1,191969	1,073062	177220,037230	-0,183543	-0,000178	0,913420	1,962049	2,038870	-0,124432	-0,124422	13,968017	-0,012538	0,985530	1,790063
88,200000	8,468756	8,498685	1,584701	0,405287	2,548752	-681,093135	918,310056	-2323,032918	9,040071	947,288094	33,007995	29,373820	30,495944	30,417894	32,231809	-2,669697	1,193189	1,073163	177243,681010	-0,183302	-0,000354	0,855490	1,963818	2,039236	-0,124428	-0,124422	13,973306	-0,012484	0,986763	1,790748
88,400000	8,468364	8,498208	1,578864	0,405249	2,558937	-718,800973	918,183841	-2352,250038	9,038337	949,454204	33,002272	29,374527	30,497346	30,416682	32,233434	-2,669540	1,191111	1,072901	177266,917731	-0,183866	-0,000413	0,913272	1,963958	2,039192	-0,124430	-0,124426	13,991870	-0,012815	0,989020	1,793087
88,600000	8,467807	8,497788	1,578543	0,405169	2,570068	-731,951523	917,728428	-2378,829871	9,036550	950,994900	32,995100	29,374663	30,504565	30,415356	32,235894	-2,669518	1,187507	1,072956	177315,751071	-0,184056	-0,000219	1,025340	1,963350	2,039031	-0,124433	-0,124427	14,005112	-0,013099	0,988817	1,794749
88,800000	8,467335	8,497281	1,589365	0,405367	2,576120	-663,634375	917,250660	-2363,355880	9,034749	951,170256	32,994440	29,373016	30,505996	30,415469	32,236190	-2,669702	1,186501	1,073483	177361,465125	-0,184145	1,445213E-5	1,098701	1,963216	2,038978	-0,124433	-0,124424	14,006370	-0,012882	0,984572	1,794938
89,000000	8,466872	8,496472	1,593034	0,405327	2,575161	-587,842832	917,572625	-2302,439741	9,033178	950,982099	33,003412	29,373222	30,496341	30,418145	32,232841	-2,669840	1,188933	1,073635	177376,047322	-0,184832	0,000184	1,098383	1,963833	2,039076	-0,124428	-0,124422	14,004241	-0,012336	0,983370	1,794735
89,200000	8,466134	8,495723	1,582848	0,405410	2,572410	-594,467985	918,687811	-2262,656144	9,031544	950,910537	33,014871	29,377092	30,484671	30,424203	32,227133	-2,670051	1,191228	1,073529	177356,954650	-0,185096	0,000215	1,071715	1,964179	2,039279	-0,124421	-0,124418	14,003209	-0,011905	0,987296	1,794658
89,400000	8,465450	8,495370	1,578774	0,405597	2,569863	-616,974452	919,322048	-2266,499854	9,029629	950,895642	33,020582	29,379923	30,481842	30,429538	32,222628	-2,670305	1,191765	1,073304	177344,265033	-0,184191	0,000173	1,104847	1,963371	2,039496	-0,124421	-0,124419	14,003244	-0,012065	0,988394	1,794642
89,600000	8,464953	8,495213	1,592846	0,405772	2,565091	-585,589122	919,186801	-2255,996821	9,027953	950,847926	33,018847	29,380228	30,487336	30,430467	32,222611	-2,670184	1,190858	1,072941	177346,678418	-0,183794	3,029930E-5	1,132783	1,961079	2,039520	-0,124425	-0,124426	14,003459	-0,012682	0,981880	1,794591
89,800000	8,464368	8,495024	1,600495	0,406217	2,560928	-610,950801	918,839671	-2241,165893	9,026551	951,713228	33,014038	29,378760	30,493743	30,429031	32,225666	-2,669847	1,190252	1,072974	177344,659351	-0,184297	-0,000134	1,136314	1,959003	2,039350	-0,124425	-0,124430	14,010949	-0,012898	0,977959	1,795524
90,000000	8,463666	8,494340	1,588286	0,406222	2,563522	-709,639199	918,536094	-2302,181837	9,024874	953,860417	33,012211	29,375831	30,496087	30,429244	32,226535	-2,669804	1,191253	1,072977	177340,895693	-0,184212	-9,839681E-5	1,207688	1,959384	2,039518	-0,124425	-0,124431	14,028509	-0,012420	0,982713	1,797837
90,200000	8,463017	8,493311	1,579900	0,405781	2,569326	-750,831620	918,492272	-2391,887591	9,023048	955,427105	33,013391	29,374348	30,496745	30,432125	32,222083	-2,670132	1,193172	1,072552	177334,184730	-0,184002	-2,202062E-5	1,211440	1,961257	2,040055	-0,124427	-0,124434	14,040949	-0,011709	0,986752	1,799524
90,400000	8,462346	8,492750	1,587766	0,406313	2,570960	-744,738338	918,530527	-2432,069136	9,021580	955,591291	33,014403	29,375554	30,498634	30,433294	32,215417	-2,670428	1,195452	1,072559	177337,339904	-0,184078	-2,686580E-5	1,073467	1,962161	2,040459	-0,124430	-0,124438	14,042107	-0,011490	0,984148	1,799701
90,600000	8,461482	8,492642	1,596571	0,407150	2,569050	-740,425066	918,531336	-2426,636588	9,020053	955,294239	33,012808	29,376642	30,499326	30,429231	32,213160	-2,670373	1,196126	1,072925	177359,375148	-0,183950	-4,654921E-5	0,919092	1,961925	2,040460	-0,124436	-0,124441	14,040099	-0,011974	0,980677	1,799381
90,800000	8,460867	8,492723	1,594358	0,406491	2,569586	-717,388428	918,688840	-2384,935765	9,018133	955,091548	33,007131	29,376224	30,498424	30,422698	32,218374	-2,670129	1,193884	1,072799	177359,424464	-0,184132	-0,000179	0,881172	1,962419	2,039956	-0,124439	-0,124439	14,039130	-0,012707	0,981769	1,799163
91,000000	8,460857	8,492678	1,583134	0,405537	2,570649	-679,847676	918,726513	-2336,691503	9,016248	955,042542	32,999475	29,375899	30,500229	30,417790	32,226318	-2,669931	1,192058	1,072284	177318,511148	-0,185006	-0,000245	0,984258	1,963662	2,039072	-0,124435	-0,124431	14,039165	-0,013153	0,986665	1,799110
91,200000	8,460822	8,492189	1,577270	0,405304	2,567350	-662,772364	918,342534	-2329,969733	9,014511	955,075041	32,993967	29,375479	30,503379	30,415947	32,231216	-2,669918	1,191506	1,072257	177305,151868	-0,185942	-7,094895E-5	1,076334	1,963968	2,038618	-0,124428	-0,124425	14,039368	-0,013083	0,989025	1,799145
91,400000	8,460331	8,491422	1,586455	0,404641	2,561203	-656,550367	917,915378	-2346,040639	9,012890	955,115501	32,992120	29,374440	30,506090	30,417966	32,231200	-2,669980	1,190546	1,072778	177318,023658	-0,185939	4,493474E-5	1,115225	1,962989	2,039217	-0,124427	-0,124426	14,039436	-0,012812	0,984953	1,799189
91,600000	8,459750	8,490660	1,587650	0,404126	2,560405	-676,240139	917,726256	-2340,731676	9,011317	955,126019	32,992807	29,374682	30,507133	30,421129	32,228200	-2,670018	1,190418	1,073246	177273,735719	-0,185385	-9,713563E-5	1,099490	1,961605	2,040163	-0,124429	-0,124429	14,039422	-0,012709	0,983726	1,799200
91,800000	8,459550	8,490072	1,578774	0,404720	2,564747	-720,249786	917,775182	-2354,185113	9,009518	955,118272	32,994176	29,376069	30,505370	30,419054	32,226960	-2,670083	1,190200	1,073681	177217,724387	-0,185274	-0,000238	1,052403	1,961344	2,040327	-0,124429	-0,124428	14,039403	-0,012755	0,986912	1,799192
92,000000	8,459612	8,489592	1,581817	0,405214	2,567860	-704,002248	918,012863	-2376,744891	9,007727	955,092736	32,995839	29,375964	30,505782	30,412286	32,229964	-2,669970	1,189144	1,074113	177206,966105	-0,185217	-7,861261E-5	1,078220	1,962096	2,039753	-0,124430	-0,124427	14,039399	-0,012965	0,986077	1,799164
92,200000	8,459427	8,489051	1,585053	0,405019	2,567986	-645,919865	918,005017	-2346,735399	9,006050	955,064766	32,997964	29,374114	30,505103	30,408732	32,235332	-2,669796	1,187609	1,074137	177181,993195	-0,185120	5,395063E-5	1,115722	1,962287	2,039200	-0,124432	-0,124424	14,039401	-0,013202	0,984886	1,799134
92,400000	8,459014	8,488397	1,581942	0,404960	2,568236	-596,084898	917,839501	-2298,061921	9,004391	955,970063	33,001631	29,372815	30,497375	30,412743	32,238601	-2,669809	1,184882	1,073982	177141,460007	-0,185220	-2,811339E-5	1,177960	1,961790	2,039033	-0,124427	-0,124421	14,046820	-0,013025	0,985734	1,800109
92,600000	8,458353	8,487938	1,582863	0,405517	2,568012	-563,221735	918,158079	-2262,907562	9,003023	958,124830	33,006985	29,373404	30,489363	30,421221	32,237750	-2,669946	1,181649	1,073636	177154,056103	-0,185076	-4,951619E-5	1,310599	1,961355	2,039540	-0,124421	-0,124426	14,064395	-0,012534	0,985088	1,802426
92,800000	8,457671	8,487771	1,584064	0,406277	2,563689	-575,501898	918,652210	-2246,165427	9,001653	959,651396	33,009281	29,375186	30,489198	30,428682	32,234190	-2,670059	1,179522	1,073070	177227,992165	-0,184987	2,987512E-5	1,367222	1,961913	2,040376	-0,124422	-0,124431	14,076855	-0,012204	0,984886	1,804066
93,000000	8,457276	8,487527	1,586894	0,406582	2,558288	-602,866313	918,650582	-2254,333944	8,999938	959,799409	33,007214	29,376433	30,492493	30,431363	32,229178	-2,670088	1,180783	1,072860	177308,693446	-0,184996	0,000114	1,290060	1,963413	2,040528	-0,124431	-0,124432	14,078017	-0,012127	0,984542	1,804225
93,200000	8,456796	8,487165	1,589448	0,406578	2,557121	-598,002188	918,350091	-2266,836794	8,998075	958,659907	33,004881	29,376287	30,494024	30,429379	32,225031	-2,670141	1,184998	1,072661	177333,709095	-0,184658	0,000108	1,152057	1,964513	2,039963	-0,124434	-0,124435	14,068590	-0,012244	0,984089	1,803001
93,400000	8,456169	8,486771	1,584320	0,406600	2,560035	-538,946015	918,379082	-2247,499851	8,996224	956,420385	33,006145	29,376143	30,495002	30,426860	32,224235	-2,670234	1,187973	1,072883	177288,912615	-0,184591	6,461111E-6	1,059986	1,964581	2,039533	-0,124429	-0,124432	14,050044	-0,012472	0,986040	1,800593
93,600000	8,455472	8,486267	1,576952	0,406502	2,559981	-480,337126	918,880266	-2197,680559	8,994433	954,927258	33,011597	29,375998	30,492890	30,426270	32,223459	-2,670268	1,187646	1,073419	177219,158096	-0,184625	-0,000149	1,068813	1,963960	2,039618	-0,124426	-0,124425	14,037619	-0,012575	0,988489	1,798986
93,800000	8,454691	8,485816	1,575649	0,406559	2,556860	-481,601391	919,545422	-2171,547621	8,992807	955,693910	33,017338	29,376485	30,489859	30,426323	32,220589	-2,670113	1,186519	1,072911	177182,848066	-0,184436	-0,000273	1,157962	1,962976	2,040069	-0,124430	-0,124426	14,044077	-0,012599	0,988435	1,799811
94,000000	8,454147	8,485851	1,580492	0,406971	2,553355	-498,495716	920,020545	-2178,609055	8,991366	958,004607	33,017731	29,378350	30,493408	30,425367	32,219295	-2,669873	1,187443	1,072408	177187,227581	-0,184663	-0,000288	1,160991	1,961568	2,040407	-0,124433	-0,124429	14,063731	-0,012877	0,985881	1,802297
94,200000	8,453932	8,485947	1,583453	0,407258	2,550581	-499,262488	919,770877	-2187,142991	8,989792	959,542724	33,009460	29,377970	30,500853	30,423348	32,221815	-2,669750	1,189435	1,072390	177209,083074	-0,185011	-0,000275	0,980481	1,960134	2,040310	-0,124436	-0,124430	14,077146	-0,013406	0,984065	1,803950
94,400000	8,453915	8,485264	1,579407	0,407083	2,551020	-489,250215	918,927374	-2180,149795	8,988011	959,657971	32,998143	29,375895	30,504563	30,420587	32,227815	-2,669691	1,190207	1,072254	177258,857067	-0,185060	-0,000227	0,919453	1,959350	2,040248	-0,124437	-0,124427	14,078255	-0,013549	0,985163	1,804074
94,600000	8,453902	8,484402	1,575491	0,406603	2,557194	-498,951727	918,549259	-2178,933679	8,986259	959,458670	32,993035	29,376063	30,502432	30,417560	32,233265	-2,669586	1,189620	1,072529	177330,398254	-0,184931	-0,000217	1,106474	1,958718	2,040371	-0,124436	-0,124426	14,076038	-0,013001	0,986247	1,803859
94,800000	8,453631	8,484110	1,577641	0,406164	2,563857	-522,153215	919,116454	-2191,657871	8,984672	959,394088	32,994930	29,377783	30,498380	30,416997	32,233654	-2,669533	1,189725	1,072734	177366,572861	-0,184809	-0,000281	1,267416	1,957666	2,040306	-0,124433	-0,124426	14,075001	-0,012506	0,984845	1,803790
95,000000	8,453179	8,483970	1,583291	0,405994	2,564505	-502,147573	919,575354	-2176,918885	8,983219	958,510435	32,998049	29,378573	30,499029	30,418613	32,229987	-2,669562	1,190712	1,072901	177356,422244	-0,184670	-0,000226	1,273574	1,956423	2,040041	-0,124432	-0,124425	14,067635	-0,012542	0,982051	1,802840
95,200000	8,452670	8,483450	1,589044	0,406193	2,563180	-465,856339	919,124403	-2141,727940	8,981781	957,291077	32,997895	29,377530	30,502553	30,417422	32,228733	-2,669662	1,191138	1,073648	177349,784561	-0,184496	-0,000134	1,246996	1,955318	2,039792	-0,124435	-0,124423	14,057699	-0,012826	0,979275	1,801530
95,400000	8,452344	8,482804	1,585001	0,406052	2,567785	-481,594746	918,377661	-2134,757709	8,980198	957,890350	32,995475	29,375785	30,503659	30,413968	32,233974	-2,669795	1,191770	1,073874	177354,743774	-0,184664	-0,000106	1,249263	1,954939	2,039626	-0,124434	-0,124420	14,062887	-0,012990	0,980560	1,802174
95,600000	8,452324	8,482387	1,579313	0,405389	2,573305	-506,284444	918,099507	-2153,692563	8,978401	959,233786	32,994446	29,375011	30,503489	30,413130	32,242369	-2,669667	1,192728	1,073218	177342,850706	-0,184617	-0,000127	1,192529	1,955599	2,039309	-0,124429	-0,124420	14,074167	-0,013014	0,983014	1,803618
95,800000	8,452174	8,481940	1,584651	0,405558	2,570590	-517,797588	918,404499	-2164,766514	8,976632	959,613444	32,996808	29,375653	30,501171	30,416991	32,246105	-2,669333	1,193120	1,072981	177316,371487	-0,183938	-0,000248	1,135582	1,956797	2,038847	-0,124423	-0,124422	14,077319	-0,012986	0,981527	1,804026
96,000000	8,451668	8,481216	1,590865	0,406504	2,563784	-552,432565	918,815157	-2180,577751	8,975065	960,409797	33,001907	29,375653	30,495040	30,424448	32,240573	-2,669244	1,192167	1,073227	177322,659835	-0,184034	-0,000286	1,164215	1,957472	2,038971	-0,124419	-0,124421	14,083693	-0,012692	0,979415	1,804881
96,200000	8,450915	8,480423	1,591459	0,406887	2,561074	-567,669367	918,793991	-2202,162030	8,973513	961,545547	33,006944	29,374344	30,488615	30,429810	32,231570	-2,669485	1,191370	1,073150	177369,392513	-0,185113	-0,000212	1,182548	1,957235	2,039780	-0,124424	-0,124419	14,092848	-0,012340	0,978973	1,806100
96,400000	8,450063	8,479893	1,585364	0,406806	2,562014	-576,137352	918,628310	-2215,000220	8,971843	960,900425	33,010170	29,374074	30,485695	30,429527	32,226547	-2,669740	1,192623	1,073343	177380,970234	-0,185436	-0,000119	1,192122	1,957035	2,040127	-0,124429	-0,124421	14,087565	-0,012457	0,981118	1,805408
96,600000	8,449252	8,479671	1,582459	0,407130	2,561311	-583,373508	918,780319	-2232,469000	8,970255	959,520572	33,011229	29,375047	30,488617	30,425624	32,226802	-2,669769	1,193101	1,073415	177342,136033	-0,185033	-1,015176E-5	1,194201	1,957352	2,039669	-0,124428	-0,124424	14,076404	-0,012849	0,982365	1,803926
96,800000	8,448486	8,479483	1,589818	0,407319	2,560766	-528,764167	919,004418	-2225,371762	8,968726	958,269500	33,011309	29,376095	30,493718	30,422069	32,229379	-2,669648	1,191208	1,073199	177316,385270	-0,184943	4,770183E-5	1,120611	1,957274	2,039247	-0,124425	-0,124425	14,065896	-0,012822	0,979527	1,802582
97,000000	8,447931	8,479223	1,591476	0,407080	2,561936	-442,712305	919,408187	-2172,237969	8,967029	956,357447	33,012526	29,377455	30,495223	30,424482	32,230178	-2,669695	1,190148	1,073924	177326,718445	-0,184879	0,000139	1,012788	1,956256	2,039544	-0,124425	-0,124426	14,049364	-0,012320	0,978363	1,800525
97,200000	8,447730	8,478995	1,580193	0,407422	2,563173	-417,438187	919,866922	-2128,354449	8,965251	955,914099	33,013371	29,378293	30,494027	30,431497	32,227687	-2,669907	1,190607	1,073624	177349,960577	-0,184361	0,000184	0,958604	1,955182	2,040147	-0,124422	-0,124428	14,045313	-0,011988	0,982075	1,800048
97,400000	8,447680	8,478663	1,571872	0,408277	2,560482	-421,876200	919,793061	-2119,436669	8,963626	956,991528	33,011278	29,378547	30,492571	30,434488	32,223775	-2,669981	1,190099	1,072139	177377,189184	-0,183665	-7,175359E-6	1,064998	1,955144	2,040488	-0,124424	-0,124431	14,054470	-0,012109	0,985196	1,801207
97,600000	8,447609	8,478299	1,571933	0,408718	2,555521	-379,989456	919,406700	-2094,462560	8,962060	957,451085	33,006505	29,378154	30,495798	30,430222	32,222088	-2,669805	1,189670	1,072039	177396,354535	-0,183484	-0,000145	1,224471	1,956409	2,040529	-0,124429	-0,124431	14,058648	-0,012433	0,985783	1,801702
97,800000	8,447503	8,478015	1,568707	0,408356	2,549962	-369,825006	919,029138	-2062,812155	8,960383	958,292531	33,000555	29,375427	30,503693	30,422791	32,224433	-2,669530	1,190576	1,072516	177337,377000	-0,183927	-0,000143	1,213188	1,958468	2,040189	-0,124430	-0,124426	14,065815	-0,012548	0,988066	1,802606
98,000000	8,447109	8,477624	1,569263	0,407696	2,543412	-395,972740	918,872837	-2064,581078	8,958769	958,537263	32,998484	29,372919	30,507906	30,417081	32,228432	-2,669398	1,190594	1,072709	177220,731788	-0,184506	-0,000228	1,139504	1,960186	2,039906	-0,124428	-0,124421	14,067646	-0,012328	0,988700	1,802869
98,200000	8,446124	8,477063	1,575529	0,407272	2,539370	-417,400512	919,142494	-2083,583719	8,957221	956,687648	33,001702	29,374444	30,506207	30,416211	32,231584	-2,669379	1,187923	1,073155	177168,663045	-0,184668	-0,000232	1,131251	1,960746	2,040009	-0,124428	-0,124422	14,052084	-0,012271	0,986505	1,800881
98,400000	8,445107	8,476441	1,575636	0,407020	2,542306	-471,878941	919,438403	-2115,578006	8,955543	955,022395	33,003155	29,377650	30,500835	30,418853	32,233909	-2,669496	1,185016	1,073078	177184,407197	-0,184176	-0,000175	1,125813	1,960810	2,040155	-0,124428	-0,124428	14,038558	-0,012715	0,986404	1,799089
98,600000	8,444773	8,475961	1,576976	0,406837	2,550350	-525,024791	919,340820	-2160,843975	8,953794	954,740392	32,998530	29,378149	30,496931	30,419558	32,234680	-2,669627	1,185601	1,072368	177197,377390	-0,184051	-0,000280	1,104888	1,961406	2,040040	-0,124430	-0,124430	14,036607	-0,013131	0,986125	1,798785
98,800000	8,444918	8,475818	1,582777	0,406591	2,557572	-543,594055	918,916464	-2193,204688	8,952067	954,971111	32,990289	29,376724	30,500793	30,417551	32,237062	-2,669508	1,187570	1,072434	177190,734083	-0,184745	-0,000329	1,089162	1,961893	2,039844	-0,124432	-0,124427	14,038535	-0,013122	0,984156	1,799033
99,000000	8,444971	8,475704	1,582200	0,406515	2,564067	-537,542289	918,168215	-2194,667332	8,950372	955,118608	32,985008	29,375679	30,506032	30,415707	32,242161	-2,669491	1,186329	1,072931	177186,121692	-0,185089	-0,000102	1,073390	1,961203	2,039631	-0,124432	-0,124423	14,039629	-0,012978	0,984038	1,799192
99,200000	8,444406	8,474863	1,572564	0,406688	2,567763	-505,120717	917,259913	-2185,160449	8,948751	955,134235	32,988313	29,374715	30,502513	30,415292	32,242285	-2,669728	1,182313	1,073278	177191,777227	-0,184856	0,000188	1,048881	1,960111	2,039207	-0,124431	-0,124423	14,039656	-0,012874	0,987081	1,799209
99,400000	8,443424	8,473612	1,571805	0,406679	2,563334	-387,720922	917,301978	-2146,231283	8,947383	955,135673	32,999453	29,374200	30,495745	30,416851	32,237754	-2,669747	1,180794	1,073546	177188,103475	-0,184610	0,000200	1,030010	1,959908	2,038957	-0,124432	-0,124422	14,039452	-0,012658	0,987119	1,799211
99,600000	8,442975	8,473081	1,588870	0,406876	2,552496	-230,356690	918,613085	-2027,452641	8,946159	955,166057	33,011810	29,375934	30,494263	30,419765	32,234152	-2,669485	1,183091	1,073438	177179,735350	-0,184699	-6,890038E-5	1,039455	1,961041	2,039228	-0,124431	-0,124421	14,039371	-0,012322	0,981109	1,799243
99,800000	8,443061	8,473272	1,600350	0,407517	2,548705	-219,907201	919,874765	-1918,532238	8,944598	955,189231	33,016297	29,377797	30,495016	30,423574	32,232443	-2,669323	1,186203	1,073398	177171,821625	-0,185107	-0,000185	1,082708	1,962855	2,039620	-0,124427	-0,124426	14,039381	-0,012138	0,977694	1,799268
100,000000	8,442915	8,473265	1,588455	0,408011	2,556503	-323,263564	919,948963	-1933,200391	8,942795	954,328152	33,011412	29,377018	30,493837	30,427511	32,233723	-2,669407	1,188829	1,073465	177139,032814	-0,185138	-2,011693E-5	1,137449	1,963836	2,039778	-0,124420	-0,124431	14,031983	-0,011967	0,982679	1,798341
100,200000	8,442244	8,472569	1,567434	0,408001	2,564681	-391,848705	919,232930	-2020,676647	8,940971	952,247653	33,005821	29,375779	30,492697	30,428849	32,236179	-2,669585	1,188503	1,073234	177081,111480	-0,185100	6,736094E-5	1,184782	1,963686	2,039614	-0,124416	-0,124431	14,014413	-0,011871	0,990582	1,796100
100,400000	8,441336	8,471565	1,564287	0,407319	2,565132	-424,575630	919,098901	-2093,310657	8,939159	950,745724	33,005226	29,376780	30,493858	30,430115	32,234902	-2,669698	1,184973	1,072962	177040,604334	-0,185601	9,214380E-5	1,168107	1,963497	2,039426	-0,124419	-0,124428	14,001952	-0,012034	0,991599	1,794481
100,600000	8,440422	8,470759	1,576782	0,406943	2,562670	-462,578811	919,505332	-2133,085608	8,937577	950,617632	33,008032	29,378232	30,496045	30,433371	32,228117	-2,669815	1,182416	1,072967	177042,194793	-0,185755	0,000143	1,096643	1,963311	2,039550	-0,124422	-0,124430	14,000788	-0,011947	0,986612	1,794342
100,800000	8,439381	8,470351	1,582343	0,407557	2,560615	-506,122282	919,634104	-2160,694819	8,936010	950,896716	33,009028	29,377327	30,497054	30,433062	32,219727	-2,670028	1,182098	1,072750	177068,029082	-0,185080	5,377507E-5	1,064986	1,962319	2,039816	-0,124424	-0,124435	14,002798	-0,011610	0,983951	1,794643
101,000000	8,438742	8,470327	1,580469	0,407903	2,557867	-518,549672	919,834061	-2179,288732	8,934346	951,917153	33,005443	29,376857	30,496736	30,428900	32,216923	-2,670162	1,182212	1,072382	177097,138655	-0,184434	3,629761E-5	1,070899	1,961253	2,040338	-0,124432	-0,124437	14,011185	-0,011420	0,984130	1,795744
101,200000	8,438706	8,470136	1,580400	0,407561	2,555368	-482,846328	920,005152	-2169,409947	8,932735	953,114001	32,999958	29,377995	30,497772	30,423714	32,223158	-2,670105	1,183399	1,072471	177079,721905	-0,184396	0,000157	1,051270	1,961085	2,040429	-0,124438	-0,124434	14,021309	-0,011488	0,984052	1,797033
101,400000	8,438613	8,469470	1,574778	0,407340	2,555112	-480,091050	919,467486	-2153,586026	8,931043	952,450883	32,995345	29,377446	30,500862	30,418553	32,231879	-2,670034	1,186670	1,072424	177019,164027	-0,184361	0,000187	1,090893	1,961466	2,039565	-0,124436	-0,124428	14,015990	-0,011740	0,986336	1,796319
101,600000	8,438377	8,468592	1,563598	0,407166	2,553612	-562,825729	918,770041	-2195,408109	8,929318	951,955591	32,991508	29,376125	30,504868	30,416808	32,233812	-2,670114	1,189756	1,071979	177013,588079	-0,184295	0,000149	1,209571	1,961820	2,039137	-0,124430	-0,124427	14,012042	-0,011954	0,990745	1,795785
101,800000	8,438171	8,467928	1,565298	0,406257	2,546550	-630,068064	918,489417	-2269,719910	8,927631	952,765813	32,988529	29,376053	30,506783	30,419350	32,230497	-2,670165	1,190521	1,072108	177084,630027	-0,184874	-3,039106E-5	1,173036	1,961524	2,039515	-0,124427	-0,124430	14,019042	-0,012146	0,989875	1,796658
102,000000	8,437887	8,467846	1,580583	0,405715	2,539584	-625,143673	918,216343	-2286,374759	8,926056	952,273164	32,987912	29,375965	30,505412	30,419976	32,229679	-2,670002	1,189931	1,072066	177168,899685	-0,185710	-0,000323	1,029877	1,960679	2,039820	-0,124430	-0,124431	14,014984	-0,012228	0,983571	1,796127
102,200000	8,437437	8,467567	1,585077	0,406421	2,541561	-641,970395	917,742792	-2269,657808	8,924549	951,073039	32,988147	29,374252	30,506777	30,414643	32,232743	-2,669791	1,190977	1,071418	177205,572197	-0,185967	-0,000383	1,040300	1,960257	2,039749	-0,124433	-0,124427	14,004697	-0,012027	0,981630	1,794834
102,400000	8,437064	8,466545	1,573221	0,406253	2,550999	-709,160197	917,122190	-2297,534080	8,922805	950,738857	32,987375	29,371992	30,508569	30,409156	32,236144	-2,669749	1,193111	1,071786	177197,462226	-0,185533	-0,000185	1,108603	1,960292	2,039357	-0,124437	-0,124425	14,001690	-0,011830	0,986080	1,794473
102,600000	8,436768	8,465596	1,566018	0,404815	2,556579	-741,147312	916,776116	-2354,698652	8,920888	950,867688	32,987942	29,372358	30,504850	30,409172	32,236798	-2,669955	1,193280	1,072142	177162,613723	-0,185510	4,595642E-6	1,071524	1,960035	2,038667	-0,124437	-0,124426	14,002594	-0,011650	0,988608	1,794612
102,800000	8,436081	8,465091	1,568511	0,403963	2,557168	-732,995112	917,000368	-2391,777163	8,919064	950,119299	32,991112	29,375041	30,499613	30,415425	32,235141	-2,670219	1,191688	1,072131	177135,174948	-0,186322	8,039044E-5	1,042025	1,959536	2,038193	-0,124428	-0,124428	13,996099	-0,011449	0,987317	1,793805
103,000000	8,435022	8,464893	1,574449	0,404201	2,554414	-694,458223	917,494423	-2392,496989	8,917514	948,032091	32,994720	29,376797	30,496285	30,423948	32,233638	-2,670300	1,190119	1,072737	177173,707919	-0,186752	7,091989E-5	1,103047	1,959872	2,038901	-0,124422	-0,124428	13,978687	-0,011601	0,985170	1,791552
103,200000	8,434239	8,464739	1,579607	0,405289	2,548847	-625,064173	917,944212	-2345,966426	8,916222	947,397965	32,996909	29,376702	30,493637	30,428449	32,232394	-2,670223	1,188223	1,072848	177236,761818	-0,186229	3,379160E-5	1,182689	1,961142	2,040098	-0,124424	-0,124426	13,973525	-0,011778	0,983811	1,790867
103,400000	8,434090	8,464254	1,576049	0,406312	2,544907	-616,047463	917,986389	-2296,676276	8,914822	949,374153	32,995870	29,376044	30,492991	30,427914	32,230293	-2,670208	1,185182	1,072462	177222,510228	-0,185676	-6,729804E-5	1,200022	1,962204	2,040270	-0,124430	-0,124427	13,989862	-0,011480	0,985654	1,793001
103,600000	8,434091	8,463700	1,572817	0,406627	2,547486	-662,714192	917,777261	-2305,429411	8,913172	951,152314	32,993506	29,375659	30,495852	30,426346	32,228288	-2,670257	1,184520	1,072304	177118,250245	-0,185512	-0,000226	1,111089	1,962524	2,039504	-0,124436	-0,124426	14,004326	-0,010990	0,987007	1,794919
103,800000	8,433949	8,463564	1,582219	0,406693	2,554514	-636,615932	917,917916	-2309,447543	8,911545	950,548812	32,996273	29,375293	30,496519	30,427327	32,227140	-2,670336	1,187692	1,072306	177054,496662	-0,185076	-0,000278	0,995970	1,962087	2,039030	-0,124434	-0,124425	13,999055	-0,010793	0,983181	1,794268
104,000000	8,433791	8,463480	1,591149	0,406566	2,561453	-547,567528	918,578918	-2240,713898	8,910177	948,207782	33,004706	29,375022	30,493036	30,429455	32,223805	-2,670463	1,190099	1,072547	177101,276937	-0,184696	-0,000145	1,010324	1,961217	2,039402	-0,124427	-0,124428	13,979441	-0,010875	0,979337	1,791742
104,200000	8,433268	8,463129	1,582704	0,406749	2,568207	-475,875862	919,498041	-2156,017453	8,908848	946,573128	33,010626	29,376194	30,493062	30,429968	32,219138	-2,670280	1,188598	1,073144	177174,202023	-0,184609	-6,390293E-5	1,125562	1,960507	2,039848	-0,124424	-0,124433	13,965807	-0,011007	0,982145	1,789976
104,400000	8,432296	8,462919	1,564301	0,407294	2,572820	-413,210398	920,321100	-2103,984672	8,907256	947,275714	33,007503	29,377977	30,501170	30,429368	32,219877	-2,669745	1,184131	1,073160	177168,798706	-0,184471	-0,000158	1,200410	1,960236	2,040134	-0,124426	-0,124435	13,972028	-0,011310	0,989060	1,790735
104,600000	8,431653	8,462941	1,563182	0,407432	2,568747	-348,186881	920,374543	-2063,890453	8,905570	949,598143	32,998536	29,377234	30,510421	30,427256	32,226612	-2,669376	1,181301	1,072655	177090,641609	-0,184588	-0,000312	1,187973	1,960190	2,040527	-0,124430	-0,124435	13,991830	-0,011564	0,989504	1,793242
104,800000	8,431480	8,462594	1,577656	0,407180	2,555994	-335,958375	919,754603	-2032,412129	8,903882	951,202123	32,991947	29,374953	30,513769	30,423864	32,233108	-2,669427	1,181157	1,072736	177035,535978	-0,184835	-0,000436	1,108903	1,960075	2,040583	-0,124433	-0,124433	14,005347	-0,011592	0,983869	1,794973
105,000000	8,431046	8,461441	1,585275	0,406719	2,545403	-405,558986	919,348436	-2043,904587	8,902085	952,215369	32,991037	29,374058	30,510826	30,422150	32,235769	-2,669606	1,181213	1,072692	177001,081901	-0,184706	-0,000346	1,108720	1,960004	2,040286	-0,124434	-0,124432	14,013882	-0,011610	0,980805	1,796065
105,200000	8,430234	8,460181	1,580771	0,406343	2,544737	-496,257488	919,297255	-2101,743667	8,900329	953,139045	32,992153	29,374236	30,504498	30,421756	32,233456	-2,669750	1,181586	1,072602	176953,970008	-0,184376	-9,509158E-5	1,222687	1,960183	2,039999	-0,124434	-0,124431	14,021806	-0,011775	0,982456	1,797060
105,400000	8,429716	8,459640	1,573717	0,406149	2,550699	-524,036478	919,113811	-2160,136903	8,898776	952,366136	32,991214	29,374266	30,502798	30,420147	32,228223	-2,669897	1,182143	1,072771	176957,025195	-0,184811	2,925302E-5	1,237970	1,960502	2,039748	-0,124434	-0,124430	14,015646	-0,012108	0,985249	1,796228
105,600000	8,429889	8,459709	1,572945	0,405884	2,556370	-490,111186	918,712433	-2177,793513	8,897278	951,002103	32,988188	29,374642	30,507081	30,416795	32,228660	-2,669911	1,183162	1,072545	177019,761867	-0,185416	7,189966E-5	1,090803	1,960311	2,039756	-0,124434	-0,124430	14,004400	-0,012327	0,985468	1,794757
105,800000	8,430324	8,459645	1,573202	0,405303	2,559268	-477,615352	918,266222	-2165,225393	8,895738	950,645513	32,985544	29,374306	30,508458	30,411983	32,237907	-2,669758	1,183853	1,072790	177060,069247	-0,185020	9,633891E-5	0,948206	1,959027	2,039852	-0,124436	-0,124427	14,001451	-0,012376	0,984723	1,794372
106,000000	8,430626	8,458987	1,578426	0,404742	2,558069	-463,345473	917,992751	-2150,678881	8,894231	950,787666	32,985827	29,372651	30,505416	30,409406	32,246474	-2,669519	1,184520	1,073171	177046,819352	-0,184935	-2,724298E-5	0,905658	1,957798	2,039348	-0,124438	-0,124424	14,002563	-0,012293	0,982037	1,794526
106,200000	8,430423	8,458371	1,584663	0,404879	2,554842	-408,535055	918,296163	-2120,694679	8,892770	951,835699	32,989681	29,373693	30,503200	30,414183	32,246617	-2,669316	1,186626	1,073265	177024,839698	-0,185719	-0,000140	0,907372	1,957926	2,038580	-0,124437	-0,124425	14,010969	-0,011888	0,979655	1,795656
106,400000	8,429354	8,458217	1,577918	0,405390	2,553835	-400,550292	918,823702	-2087,319883	8,891271	953,999736	32,994340	29,376923	30,501392	30,422680	32,240361	-2,669348	1,188662	1,073453	177060,945426	-0,186060	-0,000207	0,909449	1,958863	2,038738	-0,124435	-0,124427	14,028692	-0,011433	0,982658	1,797988
106,600000	8,427807	8,458068	1,568537	0,405719	2,559000	-481,940231	918,667312	-2117,651187	8,889558	955,465070	32,997004	29,377602	30,499059	30,426695	32,234009	-2,669667	1,189735	1,072799	177119,267248	-0,185549	-0,000341	0,958994	1,960072	2,039848	-0,124433	-0,124428	14,041012	-0,011454	0,986832	1,799565
106,800000	8,426777	8,457808	1,567620	0,405629	2,565449	-568,519086	918,024241	-2197,319198	8,887757	956,436905	32,998723	29,375356	30,496849	30,424896	32,232111	-2,670076	1,191048	1,071836	177102,363573	-0,185043	-0,000349	1,081959	1,961546	2,040640	-0,124433	-0,124427	14,049512	-0,011801	0,987901	1,800611
107,000000	8,426666	8,457307	1,572536	0,405393	2,567209	-601,707866	917,917356	-2240,165840	8,886095	958,280572	33,000137	29,373881	30,499500	30,421529	32,233477	-2,670258	1,193336	1,071997	177048,874649	-0,185046	-7,010975E-5	1,201262	1,962607	2,040365	-0,124431	-0,124428	14,065075	-0,011908	0,986506	1,802593
107,200000	8,426527	8,456423	1,582004	0,405485	2,564522	-578,000625	918,375646	-2231,467409	8,884458	959,689654	33,000701	29,374802	30,505604	30,421913	32,234622	-2,670181	1,192744	1,072274	177026,196607	-0,184715	0,000183	1,221968	1,962678	2,039530	-0,124425	-0,124428	14,076578	-0,011607	0,982846	1,804108
107,400000	8,425875	8,455787	1,578851	0,405799	2,561046	-506,386794	918,875139	-2193,753190	8,882859	958,986639	33,002953	29,377130	30,502976	30,428361	32,233195	-2,670149	1,189007	1,071993	176996,850592	-0,184359	-3,068678E-5	1,190454	1,961788	2,039198	-0,124420	-0,124428	14,070365	-0,011282	0,983520	1,803352
107,600000	8,425178	8,455635	1,560893	0,406217	2,555694	-440,921667	919,379889	-2157,229717	8,881378	956,672127	33,005771	29,380285	30,495605	30,435558	32,229387	-2,670124	1,187113	1,071925	176939,936691	-0,184735	-0,000447	1,219305	1,960041	2,039642	-0,124420	-0,124429	14,050981	-0,011298	0,989489	1,800864
107,800000	8,424626	8,455656	1,560795	0,406747	2,546044	-390,205969	919,900998	-2134,233648	8,879837	955,051843	33,003412	29,381989	30,494718	30,435995	32,225984	-2,669876	1,186761	1,071984	176929,952577	-0,184877	-0,000482	1,199186	1,958659	2,040461	-0,124424	-0,124432	14,037618	-0,011528	0,988823	1,799120
108,000000	8,424368	8,455804	1,583428	0,407139	2,539271	-315,238015	920,007215	-2076,276989	8,878388	955,801853	32,997342	29,380342	30,501244	30,429014	32,225569	-2,669562	1,186922	1,072256	176946,589354	-0,184594	-0,000109	1,082856	1,958525	2,040752	-0,124431	-0,124434	14,043893	-0,011510	0,980129	1,799928
108,200000	8,424415	8,455713	1,598867	0,407207	2,543317	-258,372237	919,672109	-1985,367256	8,877145	958,183760	32,994658	29,376078	30,509898	30,421334	32,228337	-2,669267	1,187439	1,072585	176906,114130	-0,184626	0,000208	1,053024	1,958675	2,040042	-0,124434	-0,124429	14,063663	-0,011308	0,974409	1,802489
108,400000	8,424132	8,455035	1,586327	0,407066	2,557900	-304,345984	919,549195	-1951,904231	8,875641	958,904047	32,995857	29,374050	30,514820	30,419155	32,231474	-2,669094	1,186144	1,072579	176875,254391	-0,184760	0,000271	1,100397	1,959023	2,039506	-0,124432	-0,124423	14,069740	-0,011349	0,979263	1,803263
108,600000	8,423353	8,454325	1,563785	0,406683	2,572754	-414,135349	919,734474	-2015,389677	8,873767	956,916387	32,997448	29,376426	30,512852	30,420602	32,232392	-2,669263	1,183137	1,072307	176896,837116	-0,184617	0,000121	1,106923	1,960139	2,039778	-0,124429	-0,124424	14,053280	-0,011548	0,988354	1,801127
108,800000	8,422863	8,454015	1,561558	0,406332	2,578180	-434,654918	919,740144	-2078,721174	8,871997	956,026872	32,996969	29,377513	30,505593	30,420833	32,233428	-2,669533	1,180845	1,072365	176930,107800	-0,184634	-0,000167	1,084634	1,961344	2,040217	-0,124429	-0,124430	14,046007	-0,011736	0,989761	1,800170
109,000000	8,422916	8,453671	1,574179	0,406078	2,571289	-349,011127	919,497063	-2049,988868	8,870580	957,845266	32,992971	29,375609	30,502899	30,419625	32,238489	-2,669426	1,180938	1,072692	176943,620834	-0,185041	-0,000318	1,051740	1,961546	2,040318	-0,124430	-0,124430	14,061377	-0,011859	0,984969	1,802125
109,200000	8,423176	8,452998	1,581329	0,405342	2,557653	-286,693053	919,328295	-1977,171692	8,869134	959,558485	32,986888	29,375485	30,507439	30,417487	32,245425	-2,669063	1,183549	1,072915	176920,693697	-0,185613	-0,000235	1,008186	1,960704	2,040151	-0,124430	-0,124426	14,075899	-0,012026	0,981762	1,803967
109,400000	8,423076	8,452138	1,573603	0,404585	2,546336	-320,602443	919,068504	-1956,572666	8,867307	958,931893	32,982403	29,376338	30,512489	30,415452	32,249149	-2,668997	1,186650	1,073135	176898,137184	-0,186126	-5,568751E-5	1,009925	1,960212	2,039927	-0,124429	-0,124421	14,070837	-0,012213	0,984388	1,803293
109,600000	8,422250	8,451371	1,558433	0,404724	2,542946	-403,851008	918,695186	-2019,701584	8,865386	956,605601	32,985067	29,375209	30,512069	30,415447	32,247532	-2,669306	1,187361	1,072922	176899,272638	-0,186293	-9,492965E-6	1,102747	1,960701	2,039566	-0,124433	-0,124416	14,051289	-0,012164	0,990398	1,800792
109,800000	8,421258	8,450871	1,560404	0,405604	2,543214	-393,510713	919,028589	-2081,193122	8,863765	955,013252	32,994238	29,375646	30,507043	30,417109	32,242496	-2,669583	1,186915	1,072608	176911,324763	-0,185742	-3,109713E-6	1,170515	1,961341	2,039119	-0,124435	-0,124416	14,037639	-0,011873	0,989888	1,799079
110,000000	8,420823	8,450672	1,578946	0,406315	2,541073	-290,557786	919,899242	-2044,588709	8,862378	955,799041	33,002205	29,378267	30,504128	30,420637	32,238788	-2,669565	1,187516	1,072789	176919,241610	-0,185022	9,852933E-5	1,108071	1,961094	2,038999	-0,124429	-0,124423	14,043841	-0,011481	0,982603	1,799925
110,200000	8,420812	8,450630	1,589894	0,406227	2,541062	-255,308112	920,382263	-1968,908118	8,860841	958,166261	33,003497	29,380235	30,503952	30,423583	32,238891	-2,669435	1,188479	1,073017	176923,387452	-0,185064	0,000180	1,060213	1,959810	2,039461	-0,124422	-0,124428	14,063639	-0,011431	0,977795	1,802471
110,400000	8,420579	8,450289	1,585865	0,405965	2,551831	-314,697915	920,109879	-1952,654750	8,859129	958,868064	32,999452	29,379974	30,502685	30,424285	32,239940	-2,669426	1,189019	1,073141	176932,399386	-0,185452	0,000177	1,105886	1,958413	2,040013	-0,124422	-0,124428	14,069741	-0,011652	0,978582	1,803225
110,600000	8,420017	8,449425	1,572707	0,405622	2,565643	-422,895854	919,394995	-2013,764582	8,857326	956,915855	32,997288	29,377496	30,499812	30,426511	32,238974	-2,669644	1,188495	1,072963	176926,693714	-0,186077	0,000112	1,111062	1,957350	2,040011	-0,124425	-0,124423	14,053285	-0,011558	0,982965	1,801126
110,800000	8,419189	8,448462	1,565168	0,405199	2,567629	-506,052595	919,122282	-2111,156684	8,855616	956,081095	33,000546	29,376353	30,499194	30,431219	32,234465	-2,669986	1,188678	1,072140	176918,118998	-0,186623	4,836555E-5	1,067417	1,957070	2,039594	-0,124425	-0,124423	14,046009	-0,011283	0,985616	1,800228
111,000000	8,418123	8,447905	1,574923	0,406048	2,556761	-482,879621	919,440342	-2156,940186	8,854264	957,061674	33,005117	29,377174	30,500592	30,433862	32,226007	-2,670187	1,190832	1,071559	176928,351854	-0,186108	-6,788713E-5	1,083307	1,957486	2,039425	-0,124425	-0,124431	14,053960	-0,011010	0,982032	1,801283
111,200000	8,417139	8,447735	1,586949	0,407359	2,546472	-448,526015	920,022918	-2138,862456	8,852864	957,588059	33,005218	29,379257	30,503805	30,431599	32,219063	-2,670185	1,193354	1,071792	176929,747731	-0,184992	-8,238970E-5	1,135023	1,957643	2,039851	-0,124427	-0,124437	14,058323	-0,010960	0,977528	1,801849
111,400000	8,416486	8,447680	1,586209	0,407417	2,545177	-476,709047	920,367900	-2122,001942	8,851259	958,408362	33,000853	29,381007	30,509896	30,427267	32,219590	-2,670094	1,194116	1,071912	176920,636402	-0,184414	7,710343E-5	1,157958	1,956905	2,040275	-0,124431	-0,124433	14,065795	-0,011558	0,977448	1,802731
111,600000	8,416101	8,447486	1,579586	0,406580	2,547949	-503,944352	919,802081	-2123,409442	8,849546	958,539046	32,995553	29,379440	30,513005	30,423665	32,224989	-2,670065	1,191714	1,071841	176899,972624	-0,184478	6,750115E-5	1,187731	1,954758	2,039978	-0,124431	-0,124427	14,067702	-0,012370	0,978879	1,802871
111,800000	8,415727	8,446884	1,577489	0,405670	2,553004	-506,275346	918,812850	-2135,886784	8,847840	957,516982	32,991225	29,376397	30,513108	30,422256	32,230071	-2,669977	1,187817	1,071552	176864,557078	-0,184631	-0,000166	1,171908	1,952354	2,039469	-0,124430	-0,124425	14,059526	-0,012760	0,978419	1,801772
112,000000	8,415407	8,446125	1,579046	0,405195	2,561070	-484,467190	918,272907	-2146,395726	8,846431	958,011371	32,989258	29,375663	30,514673	30,423204	32,233484	-2,669789	1,182746	1,071288	176865,050650	-0,184795	-0,000340	1,035998	1,951906	2,039371	-0,124432	-0,124427	14,063549	-0,012638	0,977532	1,802304
112,200000	8,415319	8,445808	1,579478	0,405470	2,568096	-437,696275	918,220392	-2129,614897	8,845087	959,314644	32,988554	29,377287	30,513105	30,424496	32,234644	-2,669781	1,178536	1,071926	176902,164466	-0,185019	-0,000337	0,954454	1,953144	2,039498	-0,124436	-0,124429	14,074054	-0,012223	0,977945	1,803705
112,400000	8,415124	8,445768	1,576633	0,406459	2,567272	-426,183029	918,180455	-2103,585918	8,843630	959,694186	32,987723	29,378265	30,510241	30,422171	32,234158	-2,669805	1,178412	1,072109	176895,066352	-0,185354	-0,000228	1,065004	1,954661	2,039843	-0,124439	-0,124427	14,077148	-0,012139	0,979770	1,804112
112,600000	8,414502	8,445421	1,572217	0,406680	2,560449	-502,665877	917,789704	-2139,241320	8,842019	959,547525	32,985847	29,377161	30,514788	30,414494	32,234340	-2,669717	1,179549	1,071570	176816,926003	-0,185719	-0,000110	1,224757	1,956201	2,040161	-0,124437	-0,124422	14,076234	-0,012453	0,982208	1,803955
112,800000	8,413866	8,444634	1,579113	0,405215	2,551607	-555,210528	917,473254	-2216,663594	8,840187	960,288447	32,982709	29,374634	30,519619	30,408475	32,236527	-2,669776	1,182244	1,071667	176764,858541	-0,185778	-5,920406E-5	1,204761	1,957171	2,039827	-0,124435	-0,124415	14,082708	-0,012723	0,980008	1,804751
113,000000	8,413755	8,443663	1,589633	0,403940	2,545218	-517,280397	917,572544	-2220,328890	8,838406	962,346449	32,982630	29,372230	30,517281	30,410208	32,240388	-2,669916	1,186009	1,072034	176792,843115	-0,185750	-0,000148	1,076356	1,956967	2,038971	-0,124428	-0,124414	14,100114	-0,012906	0,975822	1,806960
113,200000	8,413829	8,442783	1,581694	0,404107	2,545158	-513,769069	917,784970	-2172,272155	8,836767	962,970838	32,987366	29,373124	30,512061	30,416228	32,242952	-2,669996	1,186095	1,072188	176880,796704	-0,185777	-0,000238	1,107085	1,956245	2,038806	-0,124422	-0,124418	14,105278	-0,012848	0,978353	1,807630
113,400000	8,413406	8,442301	1,566749	0,405086	2,549358	-552,894508	917,839604	-2167,478751	8,835121	961,087425	32,992288	29,376548	30,507000	30,420639	32,241533	-2,670052	1,184204	1,072475	176947,910224	-0,185780	-0,000197	1,170087	1,955463	2,039740	-0,124424	-0,124425	14,088943	-0,012270	0,983582	1,805609
113,600000	8,412682	8,442154	1,563956	0,405610	2,551446	-573,285777	917,630824	-2200,098130	8,833550	959,439862	32,993061	29,377137	30,500875	30,422219	32,238484	-2,670132	1,182970	1,072716	176888,665173	-0,185717	-0,000141	1,099422	1,954131	2,040323	-0,124429	-0,124428	14,074479	-0,011600	0,983946	1,803839
113,800000	8,412097	8,441921	1,571442	0,405024	2,548966	-572,291208	917,443620	-2229,522406	8,832068	960,083728	32,990418	29,375594	30,496789	30,422130	32,236778	-2,670175	1,182921	1,072338	176781,559323	-0,185160	-9,507412E-5	1,051391	1,952618	2,039890	-0,124431	-0,124426	14,079749	-0,011478	0,980287	1,804531
114,000000	8,411830	8,441682	1,579564	0,404559	2,545604	-535,943850	917,754518	-2224,495288	8,830551	962,410444	32,991192	29,375465	30,499658	30,422260	32,236041	-2,670067	1,184695	1,072276	176734,454822	-0,184713	1,952052E-5	1,058178	1,952216	2,039242	-0,124432	-0,124427	14,099364	-0,011621	0,976983	1,807029
114,200000	8,411453	8,441335	1,577323	0,404886	2,545948	-541,279537	918,580987	-2206,901392	8,828926	964,034709	32,996413	29,376864	30,502546	30,424996	32,233391	-2,670071	1,186424	1,072865	176743,442678	-0,185240	0,000132	1,068536	1,952965	2,039017	-0,124430	-0,124429	14,112997	-0,011673	0,978176	1,808771
114,400000	8,410513	8,440576	1,570665	0,405383	2,549560	-620,411379	919,362646	-2235,577460	8,827319	964,180956	33,001164	29,378154	30,499805	30,429145	32,226713	-2,670401	1,187312	1,072528	176798,295838	-0,186022	0,000117	1,121744	1,953953	2,039266	-0,124428	-0,124429	14,114194	-0,011648	0,981116	1,808927
114,600000	8,409822	8,439846	1,575407	0,405923	2,553219	-660,705043	919,668572	-2287,736963	8,825827	963,035740	33,002679	29,378603	30,498070	30,431853	32,220489	-2,670605	1,187817	1,071823	176876,589893	-0,186269	-9,468422E-5	1,234771	1,954609	2,039873	-0,124426	-0,124432	14,104550	-0,011577	0,979554	1,807699
114,800000	8,409588	8,439648	1,584460	0,406548	2,558025	-629,899294	919,460788	-2299,793496	8,824328	960,805089	32,998268	29,378771	30,503052	30,431675	32,220806	-2,670418	1,188406	1,071264	176919,941302	-0,185733	-0,000417	1,274194	1,954852	2,040481	-0,124425	-0,124435	14,085917	-0,011607	0,976236	1,805305
115,000000	8,409266	8,439698	1,584949	0,406942	2,563937	-572,543931	918,907654	-2267,435193	8,822841	959,314987	32,991020	29,377530	30,510674	30,429867	32,225829	-2,670153	1,189254	1,071161	176913,340034	-0,184886	-0,000525	1,167831	1,955488	2,040523	-0,124428	-0,124434	14,073503	-0,011670	0,976403	1,803705
115,200000	8,408858	8,439487	1,576418	0,406592	2,567243	-513,896750	918,551765	-2222,520875	8,821253	960,094889	32,986303	29,375056	30,515004	30,427559	32,230140	-2,670014	1,189413	1,071799	176917,051628	-0,184903	-0,000337	1,111833	1,956650	2,040067	-0,124435	-0,124433	14,079981	-0,011617	0,980221	1,804543
115,400000	8,408291	8,439023	1,571532	0,405645	2,565043	-476,818844	918,818178	-2186,027905	8,819579	962,459398	32,986064	29,374281	30,515862	30,424899	32,231342	-2,670001	1,188685	1,071885	176940,276774	-0,185934	-9,674325E-5	1,155050	1,957341	2,039708	-0,124439	-0,124434	14,099641	-0,011488	0,982388	1,807081
115,600000	8,407700	8,438496	1,575721	0,405426	2,561142	-474,218287	919,432165	-2163,090727	8,818083	963,196583	32,988545	29,375521	30,514927	30,423238	32,229526	-2,669962	1,188246	1,072236	176934,285134	-0,186487	9,513032E-5	1,176625	1,957357	2,039606	-0,124437	-0,124435	14,105637	-0,011319	0,980735	1,807872
115,800000	8,407553	8,438010	1,580422	0,406368	2,555734	-464,801196	919,729298	-2141,192686	8,816761	961,213268	32,988974	29,376456	30,515108	30,420663	32,228966	-2,669799	1,189221	1,072813	176887,662610	-0,185934	0,000141	1,095723	1,957220	2,039534	-0,124436	-0,124434	14,089169	-0,011442	0,978826	1,805744
116,000000	8,407876	8,437698	1,581910	0,406976	2,548084	-410,928189	919,924114	-2100,769660	8,815328	959,383379	32,986192	29,377005	30,517445	30,415129	32,235011	-2,669569	1,189190	1,072760	176817,072137	-0,185875	-7,480707E-5	0,929049	1,957445	2,039598	-0,124440	-0,124427	14,074492	-0,012086	0,978347	1,803779
116,200000	8,408020	8,437507	1,581488	0,406359	2,542942	-352,200220	919,932732	-2051,477366	8,813732	959,078089	32,983222	29,376055	30,518290	30,411205	32,244961	-2,669372	1,187227	1,072742	176753,678412	-0,186558	-0,000299	0,941113	1,957998	2,039724	-0,124439	-0,124419	14,072293	-0,012444	0,978770	1,803451
116,400000	8,407695	8,437189	1,587397	0,405545	2,546037	-289,878925	919,528596	-1992,625501	8,812312	959,352398	32,983967	29,374028	30,517632	30,413077	32,252169	-2,669190	1,186256	1,072565	176719,482207	-0,186791	-0,000316	1,151795	1,958633	2,039776	-0,124430	-0,124420	14,074354	-0,012208	0,976821	1,803745
116,600000	8,407385	8,436627	1,592451	0,405647	2,553200	-275,929939	919,292051	-1939,834498	8,811059	959,535976	32,987940	29,374323	30,515545	30,418681	32,252038	-2,669007	1,186906	1,072853	176723,499300	-0,186324	-0,000213	1,183557	1,958988	2,039715	-0,124425	-0,124426	14,075547	-0,011863	0,975026	1,803942
116,800000	8,407072	8,435878	1,583842	0,406244	2,560901	-377,289662	919,075841	-1972,167500	8,809464	958,696428	32,991118	29,375785	30,510022	30,423494	32,244278	-2,669118	1,188589	1,073465	176772,626493	-0,185717	-5,383414E-5	1,086246	1,958062	2,039597	-0,124428	-0,124429	14,068166	-0,011515	0,977714	1,803040
117,000000	8,406259	8,435126	1,574735	0,406261	2,570373	-471,998825	918,748811	-2073,653242	8,807593	957,461216	32,992920	29,376026	30,504595	30,424970	32,237021	-2,669574	1,189128	1,073140	176814,076065	-0,185634	-1,392093E-5	1,123233	1,956170	2,039593	-0,124432	-0,124430	14,057788	-0,011489	0,980130	1,801713
117,200000	8,405294	8,434557	1,577382	0,405943	2,577549	-472,069709	918,625716	-2131,716557	8,805990	957,123920	32,994097	29,375884	30,501186	30,422380	32,236502	-2,669907	1,188213	1,072968	176789,740115	-0,185553	-9,167964E-5	1,188404	1,955019	2,039314	-0,124432	-0,124427	14,055399	-0,011927	0,978477	1,801350
117,400000	8,404671	8,434223	1,581515	0,405999	2,576143	-435,721029	918,631968	-2119,584635	8,804529	957,220761	32,994521	29,376849	30,500853	30,418927	32,239072	-2,669919	1,189459	1,073176	176745,478295	-0,185374	-3,872819E-5	1,193727	1,954709	2,038900	-0,124425	-0,124421	14,056548	-0,012264	0,976716	1,801454
117,600000	8,404341	8,434062	1,573920	0,406115	2,564236	-415,264948	918,689899	-2092,827253	8,802872	958,235964	32,995535	29,378586	30,503168	30,422868	32,239549	-2,669894	1,191363	1,073041	176740,162890	-0,185721	7,491189E-5	1,219704	1,954252	2,039097	-0,124416	-0,124419	14,064858	-0,012065	0,979356	1,802545
117,800000	8,404039	8,433802	1,561240	0,406525	2,549386	-397,787276	919,041779	-2080,659863	8,801077	959,513423	32,998283	29,379705	30,503021	30,431391	32,236671	-2,669879	1,191894	1,072911	176769,519470	-0,186049	7,047073E-5	1,264735	1,953792	2,039811	-0,124415	-0,124423	14,075120	-0,011625	0,983944	1,803918
118,000000	8,403491	8,433393	1,564997	0,407543	2,537017	-360,685218	919,681457	-2064,171603	8,799520	958,918599	33,001578	29,379272	30,500922	30,435532	32,232280	-2,669818	1,192167	1,072804	176803,967290	-0,185945	0,000113	1,446843	1,954043	2,040773	-0,124421	-0,124429	14,069868	-0,011356	0,982580	1,803279
118,200000	8,402783	8,433203	1,580911	0,408014	2,530321	-356,162589	920,004788	-2037,235735	8,798436	956,709669	33,000885	29,378187	30,500680	30,434718	32,228980	-2,669840	1,192521	1,072540	176827,323728	-0,185561	0,000243	1,818622	1,954865	2,041770	-0,124425	-0,124434	14,051084	-0,011086	0,976911	1,800904
118,400000	8,402100	8,433039	1,583147	0,407358	2,532087	-449,227426	919,317548	-2052,222820	8,797274	956,046302	32,994468	29,375586	30,502351	30,430546	32,226172	-2,669926	1,192902	1,072272	176839,890534	-0,185151	0,000123	1,873703	1,955837	2,041631	-0,124424	-0,124431	14,045170	-0,010736	0,976547	1,800191
118,600000	8,401507	8,432307	1,571053	0,406875	2,543431	-604,517515	918,177379	-2158,521008	8,795487	958,010891	32,988687	29,372672	30,504996	30,427209	32,223715	-2,670106	1,193344	1,072312	176852,120268	-0,185271	-0,000196	1,481207	1,956866	2,040379	-0,124426	-0,124425	14,061498	-0,010592	0,981602	1,802304
118,800000	8,401111	8,431412	1,566604	0,407246	2,557797	-681,676453	917,816639	-2287,901896	8,793468	959,708584	32,988835	29,374184	30,509935	30,426598	32,223659	-2,670326	1,194665	1,071974	176892,958138	-0,185549	-0,000270	1,172864	1,957172	2,039715	-0,124429	-0,124425	14,076107	-0,010977	0,983377	1,804128
119,000000	8,400855	8,431009	1,571423	0,407149	2,565469	-622,736869	918,259436	-2323,962799	8,791737	959,012835	32,991032	29,377813	30,512531	30,425833	32,225562	-2,670446	1,195830	1,071577	176937,733782	-0,185436	-0,000128	1,113167	1,956462	2,040044	-0,124429	-0,124429	14,070891	-0,011589	0,981131	1,803380
119,200000	8,400259	8,430755	1,567743	0,405886	2,563385	-543,019353	918,494084	-2277,413636	8,790176	956,641246	32,988838	29,378891	30,510166	30,424571	32,227857	-2,670387	1,195572	1,071553	176936,431812	-0,185820	-0,000203	1,100054	1,955796	2,040694	-0,124429	-0,124432	14,051268	-0,011844	0,982166	1,800831
119,400000	8,399787	8,430268	1,564821	0,404757	2,556967	-500,031019	918,231381	-2222,497580	8,788476	955,882728	32,983331	29,377517	30,511837	30,422062	32,232275	-2,670068	1,194205	1,071340	176877,408722	-0,186647	-0,000347	1,059868	1,955464	2,040851	-0,124429	-0,124429	14,045038	-0,011976	0,983078	1,800015
119,600000	8,399894	8,429738	1,575174	0,404624	2,549500	-461,380191	917,826035	-2174,580978	8,786718	957,825329	32,977399	29,375642	30,518432	30,417670	32,240348	-2,669759	1,192379	1,071622	176797,265434	-0,186754	-0,000308	1,038559	1,955139	2,040292	-0,124428	-0,124422	14,061413	-0,012062	0,978932	1,802104
119,800000	8,400012	8,429474	1,585329	0,405245	2,543270	-422,785586	917,577792	-2124,153236	8,785320	959,603213	32,974099	29,373830	30,520736	30,414018	32,246585	-2,669646	1,190685	1,071988	176769,843024	-0,186310	-0,000324	1,061265	1,955402	2,039686	-0,124428	-0,124420	14,076101	-0,011854	0,975201	1,804015
120,000000	8,399888	8,429308	1,586229	0,406215	2,543651	-416,248446	918,042032	-2085,050803	8,784263	959,007392	32,978606	29,373489	30,514405	30,413232	32,246008	-2,669676	1,190693	1,072206	176780,284018	-0,185864	-0,000378	1,080377	1,956598	2,039429	-0,124428	-0,124424	14,070905	-0,011649	0,975422	1,803375
120,200000	8,399282	8,428911	1,574740	0,406511	2,550334	-510,530431	918,710732	-2111,905952	8,782856	956,641307	32,985798	29,376383	30,506293	30,415962	32,240191	-2,669900	1,192240	1,072783	176763,721037	-0,185556	-0,000317	1,034218	1,957868	2,039272	-0,124429	-0,124425	14,051275	-0,011850	0,980336	1,800831
120,400000	8,398324	8,428239	1,560459	0,405899	2,556988	-661,786519	918,339404	-2233,794824	8,780930	955,842684	32,986013	29,379087	30,503940	30,420014	32,234887	-2,670244	1,194054	1,072544	176743,563565	-0,185536	-0,000179	0,999124	1,958944	2,039028	-0,124429	-0,124418	14,045038	-0,012312	0,986262	1,799971
120,600000	8,397545	8,427413	1,561917	0,405600	2,558186	-698,434105	917,065967	-2343,213569	8,779189	957,770035	32,982136	29,377326	30,504928	30,422229	32,234063	-2,670511	1,196170	1,071916	176752,643341	-0,185460	-6,520263E-5	0,998197	1,960275	2,039021	-0,124428	-0,124416	14,061412	-0,012524	0,986293	1,802045
120,800000	8,397213	8,426667	1,572499	0,406053	2,554018	-619,931775	916,423852	-2328,977283	8,777749	959,532975	32,981476	29,374048	30,505468	30,423213	32,236565	-2,670502	1,196398	1,072191	176765,953818	-0,185330	-6,428843E-5	0,922343	1,961302	2,039107	-0,124426	-0,124421	14,076101	-0,012442	0,982682	1,803939
121,000000	8,397038	8,425983	1,576307	0,406288	2,546045	-574,732593	917,020919	-2261,889811	8,775990	958,951250	32,986069	29,373173	30,504823	30,425495	32,236771	-2,670319	1,195416	1,072440	176767,747118	-0,186166	-0,000156	0,854061	1,961680	2,039081	-0,124423	-0,124421	14,070906	-0,012119	0,981347	1,803314
121,200000	8,396705	8,425455	1,566919	0,406178	2,538115	-579,391688	917,824285	-2238,234730	8,774139	956,662775	32,993002	29,373385	30,502002	30,430430	32,230083	-2,670363	1,195624	1,072154	176771,734270	-0,187126	-0,000193	0,916342	1,961868	2,039258	-0,124420	-0,124422	14,051275	-0,011670	0,984968	1,800854
121,400000	8,396201	8,425414	1,554756	0,406749	2,530668	-567,567423	918,555400	-2241,305648	8,772772	955,047926	32,997509	29,374792	30,497728	30,434775	32,222331	-2,670550	1,194208	1,072104	176782,093001	-0,187084	-0,000224	1,003053	1,961781	2,039591	-0,124420	-0,124430	14,037621	-0,011563	0,989593	1,799116
121,600000	8,395557	8,425633	1,559430	0,407644	2,525818	-538,111584	919,198280	-2240,000006	8,771491	955,774796	32,998354	29,378102	30,497569	30,433632	32,219312	-2,670648	1,191402	1,071990	176790,558757	-0,186802	-0,000274	0,984210	1,961278	2,039797	-0,124424	-0,124436	14,043836	-0,011680	0,987543	1,799898
121,800000	8,394879	8,425639	1,576321	0,407436	2,525651	-526,955873	919,521560	-2234,296339	8,769908	958,145811	32,994953	29,379943	30,502393	30,427711	32,221733	-2,670633	1,192261	1,071726	176776,417211	-0,186489	-0,000205	0,905938	1,960603	2,039816	-0,124428	-0,124435	14,063642	-0,011604	0,980737	1,802449
122,000000	8,394367	8,425247	1,585581	0,406577	2,532347	-528,402279	919,428079	-2222,553448	8,768351	958,902588	32,988502	29,377461	30,507635	30,423209	32,228507	-2,670390	1,195818	1,072015	176734,871327	-0,186052	-0,000167	0,874878	1,959138	2,039600	-0,124427	-0,124432	14,069743	-0,011365	0,976476	1,803262
122,200000	8,394387	8,424570	1,584697	0,406100	2,546582	-492,831796	918,951451	-2190,583153	8,767106	956,959958	32,984550	29,374092	30,511453	30,423963	32,233678	-2,670048	1,197473	1,072117	176724,060399	-0,185861	-0,000200	0,971198	1,956900	2,039730	-0,124427	-0,124431	14,053285	-0,011188	0,975648	1,801173
122,400000	8,394601	8,424025	1,576640	0,405898	2,563316	-459,685713	918,845132	-2142,340295	8,765800	956,088069	32,984475	29,374300	30,511504	30,427370	32,233813	-2,669877	1,196386	1,072007	176788,723457	-0,186021	-0,000266	1,138317	1,954572	2,040373	-0,124430	-0,124433	14,046008	-0,011224	0,977479	1,800236
122,600000	8,394300	8,423545	1,564973	0,406329	2,571951	-507,526631	918,945106	-2135,134680	8,764204	957,005244	32,983506	29,376262	30,508083	30,428218	32,231422	-2,670003	1,194749	1,071783	176883,618865	-0,185918	-0,000351	1,238128	1,951521	2,040730	-0,124431	-0,124435	14,053960	-0,011483	0,980328	1,801222
122,800000	8,393496	8,422873	1,563452	0,407042	2,566841	-581,425234	918,475150	-2196,376342	8,762510	956,603153	32,978813	29,376978	30,508682	30,422505	32,230403	-2,670236	1,194753	1,071151	176919,475256	-0,185380	-0,000358	1,335391	1,948837	2,040753	-0,124431	-0,124436	14,050905	-0,011801	0,979490	1,800790
123,000000	8,392633	8,422225	1,572057	0,406817	2,556335	-621,174660	917,931381	-2265,386917	8,760383	955,355096	32,972012	29,376221	30,516664	30,413590	32,231946	-2,670225	1,195976	1,071165	176867,307868	-0,185557	-0,000410	1,369802	1,948979	2,040393	-0,124438	-0,124429	14,040803	-0,012167	0,976244	1,799447
123,200000	8,392058	8,421752	1,577362	0,405795	2,549001	-613,726743	917,931432	-2282,570449	8,758019	955,819635	32,967815	29,374897	30,519721	30,409743	32,234346	-2,670130	1,196223	1,071869	176780,762452	-0,186966	-0,000416	1,253886	1,951224	2,039626	-0,124441	-0,124418	14,045085	-0,012552	0,975320	1,799947
123,400000	8,391991	8,421362	1,573599	0,405346	2,545619	-560,098527	917,998534	-2249,507844	8,756496	957,141913	32,969440	29,373574	30,512517	30,414067	32,235723	-2,670165	1,196183	1,072279	176765,897636	-0,187966	-0,000184	1,142223	1,953343	2,038992	-0,124431	-0,124417	14,056062	-0,012440	0,977748	1,801369
123,600000	8,392039	8,421045	1,572675	0,405748	2,542100	-490,022181	918,065022	-2190,724620	8,755712	956,702262	32,975130	29,373566	30,507952	30,420674	32,237845	-2,670052	1,196157	1,072071	176867,374813	-0,187531	-9,284899E-5	1,042594	1,955247	2,039071	-0,124424	-0,124424	14,051863	-0,011928	0,979005	1,800896
123,800000	8,391512	8,420707	1,577965	0,406252	2,540481	-457,367105	918,410455	-2141,120731	8,754684	955,388239	32,980327	29,375852	30,508917	30,422331	32,240884	-2,669907	1,192834	1,072145	176960,162760	-0,186882	-0,000306	0,961544	1,956870	2,039658	-0,124429	-0,124427	14,040745	-0,011832	0,977766	1,799482
124,000000	8,390731	8,420179	1,577378	0,406593	2,542549	-479,053879	918,454554	-2132,821270	8,753179	954,982115	32,980445	29,377695	30,509155	30,420080	32,241351	-2,669939	1,187564	1,072434	176949,838677	-0,186593	-0,000427	0,939622	1,957612	2,039582	-0,124437	-0,124427	14,037458	-0,011953	0,978300	1,799045
124,200000	8,390233	8,419627	1,574656	0,406412	2,546530	-497,010642	917,901434	-2147,023990	8,751322	955,122284	32,978093	29,376623	30,510385	30,418226	32,241124	-2,669854	1,185578	1,072336	176910,743130	-0,186986	-0,000283	0,913250	1,958004	2,038953	-0,124437	-0,124424	14,038421	-0,011740	0,979481	1,799196
124,400000	8,389802	8,419145	1,574720	0,405856	2,551541	-513,392340	917,351519	-2167,068631	8,749377	954,365284	32,979583	29,373820	30,512369	30,419995	32,240720	-2,669913	1,186069	1,072636	176906,725910	-0,187977	-4,318474E-6	0,921612	1,958854	2,038927	-0,124428	-0,124421	14,032003	-0,011675	0,979847	1,798381
124,600000	8,389283	8,418726	1,575356	0,405829	2,558248	-510,914527	917,292942	-2174,550437	8,747839	953,175025	32,984492	29,372398	30,509836	30,425735	32,236727	-2,670381	1,185801	1,072887	176906,743526	-0,187778	7,717361E-5	1,012276	1,960431	2,039306	-0,124422	-0,124425	14,022026	-0,011693	0,980346	1,797099
124,800000	8,388806	8,418399	1,577138	0,406470	2,563442	-446,215374	917,918611	-2139,701222	8,746732	953,804987	32,990023	29,373805	30,503909	30,431216	32,230062	-2,670673	1,186819	1,072396	176908,738328	-0,186242	-0,000131	1,112110	1,961452	2,039572	-0,124421	-0,124431	14,027013	-0,011389	0,980120	1,797778
125,000000	8,388160	8,418219	1,571406	0,406770	2,562841	-440,219868	918,915963	-2115,961704	8,745482	954,273657	32,991909	29,376650	30,503564	30,433968	32,224274	-2,670531	1,188222	1,071834	176924,566341	-0,185331	-0,000342	1,132499	1,960845	2,039955	-0,124422	-0,124430	14,030809	-0,011251	0,981973	1,798283
125,200000	8,387137	8,418115	1,561378	0,406709	2,557144	-550,442792	919,197548	-2168,193004	8,743739	952,544613	32,986712	29,378437	30,510762	30,434143	32,222593	-2,670300	1,187612	1,071187	176930,564398	-0,185555	-0,000395	1,048361	1,959758	2,040141	-0,124427	-0,124433	14,016401	-0,011364	0,985280	1,796420
125,400000	8,386372	8,417672	1,564746	0,406801	2,550088	-627,766568	918,246120	-2251,115650	8,741880	950,908129	32,979729	29,377541	30,514891	30,431475	32,226234	-2,670248	1,187715	1,070937	176900,892753	-0,185732	-0,000372	0,971993	1,959370	2,040119	-0,124433	-0,124439	14,002916	-0,011633	0,983761	1,794656
125,600000	8,386326	8,416943	1,576187	0,406575	2,543662	-615,444795	917,745812	-2287,494389	8,740257	951,517619	32,977697	29,377123	30,511497	30,427584	32,229883	-2,670424	1,189061	1,071368	176828,661310	-0,185634	-0,000338	1,040013	1,959369	2,040266	-0,124432	-0,124440	14,008172	-0,011765	0,979303	1,795313
125,800000	8,386504	8,416698	1,581293	0,406181	2,541122	-604,806155	918,700438	-2280,934231	8,738793	952,990287	32,979650	29,379404	30,507240	30,424880	32,229160	-2,670609	1,189299	1,071716	176777,256571	-0,185718	-0,000233	1,187525	1,959214	2,040267	-0,124428	-0,124434	14,020172	-0,011390	0,977240	1,796900
126,000000	8,386234	8,416853	1,576058	0,405987	2,546240	-658,525937	919,435973	-2290,395830	8,737365	952,545704	32,979925	29,380058	30,508598	30,423232	32,225274	-2,670651	1,187226	1,071769	176777,074766	-0,185884	-0,000139	1,339533	1,958889	2,040325	-0,124429	-0,124429	14,016160	-0,011113	0,979083	1,796421
126,200000	8,385541	8,416512	1,569092	0,406231	2,554997	-692,656757	919,060770	-2320,471231	8,735773	951,169921	32,975513	29,377811	30,515629	30,419817	32,224079	-2,670600	1,185603	1,071661	176781,387156	-0,185720	-0,000190	1,452576	1,958490	2,040499	-0,124432	-0,124429	14,004910	-0,011426	0,981535	1,794938
126,400000	8,385084	8,415811	1,572130	0,406440	2,557851	-629,744369	918,397198	-2312,022377	8,734053	950,685557	32,968346	29,375291	30,521143	30,413932	32,231694	-2,670516	1,187530	1,071964	176774,555813	-0,185331	-0,000262	1,405955	1,957869	2,040275	-0,124433	-0,124429	14,001539	-0,012127	0,980017	1,794416
126,600000	8,384903	8,415151	1,576203	0,405918	2,552009	-592,331384	917,735217	-2276,718319	8,732418	950,731913	32,963112	29,373287	30,520588	30,410826	32,242069	-2,670382	1,190723	1,072124	176762,017203	-0,185514	-0,000266	1,220227	1,956717	2,039720	-0,124435	-0,124428	14,002496	-0,012694	0,977827	1,794466
126,800000	8,384691	8,414479	1,569500	0,405522	2,546450	-636,939169	917,105692	-2282,763595	8,730850	950,859018	32,963089	29,371835	30,519435	30,414063	32,246188	-2,670201	1,191609	1,072121	176740,813953	-0,186437	-0,000284	1,074509	1,955610	2,039248	-0,124430	-0,124426	14,003510	-0,012639	0,979756	1,794603
127,000000	8,384326	8,413902	1,563078	0,405434	2,543590	-652,407504	917,032479	-2317,012360	8,729369	950,063308	32,966367	29,371867	30,518259	30,419941	32,243416	-2,670185	1,191478	1,072180	176757,177080	-0,187139	-0,000248	1,085211	1,955570	2,039518	-0,124422	-0,124427	13,996280	-0,012101	0,982128	1,793744
127,200000	8,383782	8,413412	1,570137	0,405305	2,539786	-586,502317	917,476729	-2301,408946	8,727906	948,878366	32,969345	29,374424	30,513492	30,423021	32,238884	-2,670224	1,192633	1,071691	176823,188080	-0,187091	-0,000113	1,151487	1,956351	2,040207	-0,124421	-0,124428	13,985992	-0,011782	0,979745	1,792466
127,400000	8,383300	8,413053	1,582349	0,405380	2,536209	-488,908461	918,069561	-2214,297878	8,726392	949,460699	32,971983	29,377278	30,509951	30,422550	32,238534	-2,670104	1,192852	1,072034	176836,985731	-0,186608	-5,433033E-5	1,115530	1,957357	2,039986	-0,124423	-0,124428	13,991024	-0,011914	0,975552	1,793094
127,600000	8,382951	8,412922	1,580403	0,405430	2,541589	-429,072690	918,575999	-2123,658983	8,724911	950,773197	32,974762	29,377861	30,512343	30,419436	32,242414	-2,669926	1,190616	1,072698	176783,890718	-0,186047	-0,000123	0,997281	1,959266	2,039117	-0,124427	-0,124426	14,002315	-0,012166	0,977232	1,794510
127,800000	8,382670	8,412730	1,567495	0,405278	2,553978	-401,680220	918,813481	-2079,217533	8,723397	951,142447	32,977660	29,377224	30,515614	30,416979	32,246014	-2,669771	1,187984	1,072530	176763,181326	-0,185786	-0,000145	0,973228	1,962088	2,038708	-0,124428	-0,124424	14,005502	-0,012248	0,983556	1,794908
128,000000	8,382258	8,412217	1,563431	0,405479	2,560946	-387,423496	918,833778	-2066,345004	8,721872	951,949079	32,982229	29,376878	30,512692	30,422159	32,245237	-2,669870	1,185142	1,072788	176785,325680	-0,185496	-9,548341E-5	1,057295	1,963176	2,038906	-0,124427	-0,124425	14,011886	-0,011852	0,985601	1,795778
128,200000	8,381546	8,411662	1,574651	0,406254	2,559246	-397,086466	918,654678	-2064,140801	8,720490	953,990498	32,987549	29,376293	30,507306	30,431615	32,239041	-2,670088	1,180568	1,072627	176795,195278	-0,185187	-4,013639E-5	1,087213	1,961491	2,039415	-0,124428	-0,124431	14,028455	-0,011274	0,980386	1,797978
128,400000	8,381116	8,411375	1,585848	0,407017	2,555849	-421,801221	918,406758	-2065,382642	8,719179	955,463967	32,989286	29,376258	30,506343	30,434830	32,232080	-2,670040	1,178939	1,072020	176812,462791	-0,185594	-1,343051E-5	1,080841	1,959646	2,040113	-0,124430	-0,124436	14,040745	-0,011197	0,975187	1,799564
128,600000	8,380895	8,411196	1,579239	0,407405	2,555191	-455,904765	918,311203	-2087,183707	8,717547	954,691963	32,985465	29,378102	30,510161	30,431235	32,228776	-2,670017	1,184492	1,072123	176833,305538	-0,186234	-0,000153	1,032580	1,959545	2,040380	-0,124433	-0,124437	14,034625	-0,011555	0,977625	1,798733
128,800000	8,380225	8,410850	1,567576	0,407359	2,554663	-446,391179	918,054431	-2110,031448	8,715690	952,333876	32,980788	29,378686	30,512493	30,426298	32,228794	-2,670141	1,191531	1,071877	176796,136897	-0,186279	-0,000343	0,898568	1,960497	2,039622	-0,124437	-0,124435	14,015122	-0,011855	0,982516	1,796193
129,000000	8,379604	8,410313	1,566851	0,407094	2,552377	-411,516272	917,856994	-2098,874718	8,714167	951,598801	32,980491	29,376854	30,511034	30,424027	32,230018	-2,670098	1,193288	1,071712	176745,229900	-0,185994	-0,000236	0,889755	1,959929	2,039079	-0,124437	-0,124430	14,009114	-0,012024	0,982454	1,795400
129,200000	8,379172	8,409779	1,574492	0,407156	2,549290	-449,310905	918,217132	-2105,834778	8,712839	953,536755	32,982679	29,375888	30,509957	30,426609	32,229535	-2,670073	1,190864	1,072157	176757,120287	-0,185554	-4,958215E-5	1,049323	1,957446	2,039612	-0,124432	-0,124427	14,025547	-0,012176	0,978239	1,797489
129,400000	8,378474	8,409296	1,584857	0,407512	2,548215	-503,265116	918,715768	-2147,538558	8,711190	954,373225	32,982465	29,376263	30,510302	30,429646	32,227609	-2,670354	1,190252	1,071969	176800,290303	-0,185324	-0,000161	1,100108	1,955558	2,040202	-0,124429	-0,124429	14,032796	-0,012402	0,973324	1,798390
129,600000	8,377824	8,408806	1,584531	0,407360	2,550443	-517,080021	918,798182	-2169,002977	8,709362	952,509620	32,977984	29,376594	30,514953	30,427603	32,228278	-2,670475	1,191324	1,071310	176807,566145	-0,185941	-0,000426	0,981029	1,955223	2,040078	-0,124432	-0,124431	14,017423	-0,012679	0,973243	1,796382
129,800000	8,377558	8,408500	1,571198	0,406529	2,555614	-523,108758	918,520561	-2170,840876	8,707700	950,749695	32,970643	29,376913	30,525307	30,422541	32,233435	-2,670131	1,190868	1,071596	176775,826923	-0,186991	-0,000596	0,894810	1,955973	2,039774	-0,124436	-0,124430	14,002905	-0,012953	0,978669	1,794485
130,000000	8,377582	8,408299	1,564170	0,405832	2,558260	-512,283820	917,929272	-2172,491147	8,706041	951,321888	32,964232	29,376318	30,530209	30,417033	32,240574	-2,669791	1,190471	1,072212	176747,400402	-0,187872	-0,000588	0,971763	1,957079	2,039682	-0,124439	-0,124427	14,007968	-0,013206	0,981905	1,795102
130,200000	8,377756	8,407842	1,573129	0,405448	2,554599	-494,947347	917,273547	-2164,783104	8,704503	953,684602	32,962843	29,374510	30,523277	30,412753	32,244728	-2,669760	1,191533	1,072394	176755,129007	-0,188179	-0,000433	1,147375	1,957815	2,039422	-0,124437	-0,124423	14,027516	-0,012903	0,978788	1,797648
130,400000	8,377611	8,407078	1,585247	0,404709	2,549311	-509,816202	917,168547	-2163,406681	8,703355	955,404479	32,966524	29,373854	30,515063	30,412386	32,243004	-2,669995	1,192831	1,072950	176748,558576	-0,188044	-0,000214	1,280299	1,958013	2,039383	-0,124432	-0,124422	14,041165	-0,012116	0,974191	1,799500
130,600000	8,376852	8,406373	1,581642	0,404327	2,550903	-586,447690	917,478574	-2198,714390	8,702129	955,596655	32,968903	29,375420	30,513416	30,414985	32,238009	-2,670336	1,192834	1,072834	176679,079420	-0,187985	-9,504784E-5	1,312440	1,957597	2,039679	-0,124430	-0,124423	14,042381	-0,011719	0,975262	1,799707
130,800000	8,375966	8,405952	1,568562	0,405124	2,556923	-684,529260	917,274699	-2273,018073	8,700310	954,418520	32,966431	29,376777	30,513875	30,418007	32,235820	-2,670620	1,192978	1,071857	176622,237080	-0,187781	-0,000162	1,319758	1,956453	2,039688	-0,124430	-0,124424	14,032741	-0,011966	0,979612	1,798439
131,000000	8,375503	8,405509	1,568372	0,405813	2,558875	-710,521733	916,380706	-2341,210006	8,698274	953,021839	32,963775	29,374984	30,512066	30,420181	32,239188	-2,670814	1,194222	1,071464	176615,437704	-0,187444	-0,000292	1,301187	1,954974	2,039407	-0,124431	-0,124425	14,021523	-0,012476	0,978897	1,796934
131,200000	8,375351	8,404928	1,579976	0,405384	2,556098	-647,145467	915,926538	-2343,069911	8,696481	953,624939	32,964698	29,372571	30,509976	30,421718	32,243501	-2,670839	1,194238	1,071314	176628,887616	-0,187515	-0,000249	1,180228	1,953941	2,039229	-0,124431	-0,124422	14,026683	-0,012571	0,973918	1,797584
131,400000	8,375025	8,404293	1,581715	0,404636	2,555131	-557,784187	916,271808	-2279,684952	8,694866	955,068710	32,971095	29,372632	30,508251	30,424884	32,241519	-2,670655	1,192830	1,071410	176646,311225	-0,187731	-6,600480E-5	1,081555	1,954057	2,039245	-0,124426	-0,124422	14,038203	-0,011971	0,973248	1,799139
131,600000	8,374491	8,403626	1,567192	0,405081	2,554344	-544,575793	916,779092	-2232,856039	8,693457	954,654159	32,980220	29,373368	30,506606	30,429607	32,232357	-2,670541	1,191648	1,071953	176646,248478	-0,187616	-1,647090E-5	1,072142	1,955170	2,039327	-0,124423	-0,124427	14,034033	-0,011280	0,979237	1,798692
131,800000	8,374087	8,403286	1,560886	0,406584	2,548327	-591,575238	917,281563	-2252,375596	8,692217	952,462632	32,983669	29,375006	30,506195	30,431698	32,224016	-2,670688	1,192017	1,071848	176649,547893	-0,187435	-5,405210E-5	1,077118	1,956292	2,039753	-0,124425	-0,124432	14,015401	-0,011052	0,982171	1,796332
132,000000	8,373497	8,403429	1,572800	0,407538	2,540764	-602,176104	917,734387	-2278,386362	8,690999	951,720563	32,981107	29,378110	30,507301	30,430682	32,223492	-2,670749	1,192414	1,071583	176667,345237	-0,187095	-0,000128	1,071321	1,956745	2,040314	-0,124427	-0,124431	14,009333	-0,011220	0,977854	1,795532
132,200000	8,372589	8,403509	1,583189	0,407446	2,539001	-560,858256	917,914597	-2259,373812	8,689771	953,626582	32,978307	29,379313	30,511292	30,428600	32,228863	-2,670590	1,190946	1,071614	176633,196465	-0,186537	-0,000255	1,039699	1,956488	2,040140	-0,124430	-0,124428	14,025573	-0,011448	0,973808	1,797586
132,400000	8,372037	8,403186	1,584214	0,406917	2,544977	-479,040474	917,981305	-2195,608292	8,688496	954,461300	32,976304	29,378403	30,517866	30,426713	32,233197	-2,670414	1,190425	1,071423	176565,082394	-0,186672	-0,000269	1,041727	1,956163	2,039508	-0,124430	-0,124427	14,032763	-0,011629	0,973251	1,798485
132,600000	8,371708	8,402676	1,576019	0,406728	2,552554	-453,279225	918,092508	-2129,338910	8,687018	952,620268	32,975112	29,377991	30,521833	30,426930	32,232267	-2,670351	1,190566	1,071756	176565,950872	-0,187353	-0,000254	1,111644	1,956063	2,039666	-0,124429	-0,124428	14,017405	-0,011732	0,976260	1,796501
132,800000	8,371250	8,402237	1,564765	0,406899	2,559413	-542,089897	917,988705	-2150,768054	8,685304	950,903222	32,974370	29,378263	30,518249	30,429053	32,226666	-2,670481	1,189045	1,072063	176616,989313	-0,187404	-0,000364	1,148443	1,955868	2,040417	-0,124430	-0,124432	14,002905	-0,011663	0,980391	1,794650
133,000000	8,370888	8,401905	1,566068	0,407243	2,562681	-618,867929	917,643380	-2237,917824	8,683705	950,633188	32,971131	29,378424	30,511021	30,429087	32,222549	-2,670663	1,187898	1,071325	176643,413684	-0,186917	-0,000326	1,118412	1,955604	2,040549	-0,124435	-0,124437	14,000554	-0,011582	0,979702	1,794359
133,200000	8,370660	8,401404	1,575958	0,407539	2,559943	-624,191978	917,206324	-2279,090692	8,682157	950,856569	32,966312	29,377051	30,511157	30,423164	32,225686	-2,670642	1,187783	1,070935	176640,354448	-0,186417	-0,000158	1,054089	1,955411	2,039974	-0,124438	-0,124435	14,002525	-0,011675	0,975794	1,794600
133,400000	8,370317	8,400785	1,581756	0,406916	2,553695	-619,030215	916,603747	-2272,580101	8,680338	951,858064	32,962466	29,374393	30,517483	30,414793	32,231497	-2,670464	1,185897	1,071455	176633,945660	-0,186300	-0,000205	0,951628	1,955611	2,039391	-0,124439	-0,124426	14,011130	-0,011862	0,973666	1,795680
133,600000	8,369952	8,400208	1,579956	0,405767	2,550814	-609,390868	916,134578	-2266,335525	8,678466	953,927802	32,959980	29,372310	30,519293	30,411729	32,235010	-2,670482	1,184268	1,071679	176606,555832	-0,186831	-0,000259	0,901556	1,956732	2,038971	-0,124437	-0,124421	14,028759	-0,012104	0,974857	1,797910
133,800000	8,369756	8,399527	1,572876	0,405456	2,552804	-586,047092	916,459136	-2255,939267	8,676896	954,468200	32,962101	29,372949	30,516592	30,415637	32,238501	-2,670611	1,185737	1,071810	176591,617082	-0,187185	-0,000317	0,970621	1,958509	2,038764	-0,124435	-0,124418	14,033588	-0,012397	0,978347	1,798492
134,000000	8,369449	8,399002	1,567755	0,406087	2,554723	-569,833541	917,381610	-2241,728165	8,675638	952,483622	32,967361	29,376696	30,516076	30,421018	32,241426	-2,670462	1,186645	1,072077	176645,776452	-0,187222	-0,000474	1,072030	1,960166	2,039231	-0,124434	-0,124420	14,017086	-0,012561	0,981060	1,796354
134,200000	8,369124	8,398841	1,570821	0,406731	2,553757	-548,487634	917,721202	-2230,787858	8,674264	950,751877	32,968168	29,378831	30,518226	30,422102	32,242641	-2,670179	1,186143	1,071777	176689,302308	-0,187540	-0,000490	1,094624	1,961341	2,039662	-0,124434	-0,124427	14,002625	-0,012656	0,980459	1,794487
134,400000	8,368814	8,398696	1,580741	0,406714	2,551490	-507,594374	917,370679	-2203,658665	8,672680	951,371250	32,965740	29,376798	30,521057	30,418763	32,244574	-2,670013	1,185906	1,071809	176672,029956	-0,187580	-0,000388	1,058340	1,962136	2,039174	-0,124434	-0,124427	14,007930	-0,012754	0,977085	1,795155
134,600000	8,368183	8,398284	1,585198	0,406008	2,549907	-490,281009	917,043013	-2169,136153	8,671214	953,711418	32,966575	29,374567	30,521922	30,416780	32,245222	-2,669892	1,186080	1,072431	176635,254391	-0,187375	-0,000193	1,024433	1,962841	2,038496	-0,124427	-0,124422	14,027557	-0,012719	0,975717	1,797677
134,800000	8,367472	8,397542	1,585412	0,405466	2,550384	-513,849682	916,968084	-2163,753874	8,669822	954,480911	32,969812	29,374548	30,517367	30,420104	32,241981	-2,669987	1,186503	1,072631	176633,675532	-0,187538	-8,552780E-5	0,942348	1,963378	2,038327	-0,124419	-0,124420	14,033771	-0,012472	0,975811	1,798506
135,000000	8,366938	8,396609	1,583078	0,405580	2,555115	-595,638749	917,122363	-2206,448057	8,668233	953,467600	32,973462	29,373980	30,509033	30,426400	32,235560	-2,670385	1,186966	1,072706	176692,311129	-0,187892	-0,000224	0,870953	1,963350	2,038608	-0,124419	-0,124423	14,024806	-0,012016	0,976557	1,797414
135,200000	8,366158	8,396032	1,574600	0,405431	2,564408	-729,188674	917,255542	-2302,904031	8,666472	953,856513	32,976870	29,374568	30,500816	30,430860	32,227870	-2,670834	1,186869	1,072216	176758,707264	-0,188114	-0,000245	0,887505	1,962782	2,039101	-0,124424	-0,124426	14,027694	-0,011638	0,979403	1,797833
135,400000	8,365035	8,395975	1,572953	0,405167	2,570348	-786,874530	917,056424	-2399,264101	8,664820	955,092868	32,975861	29,377239	30,501081	30,431783	32,224536	-2,671111	1,184773	1,071158	176754,916431	-0,187480	-8,441009E-5	0,941051	1,961572	2,039466	-0,124425	-0,124430	14,037934	-0,011499	0,979412	1,799165
135,600000	8,364479	8,395787	1,574903	0,405941	2,566199	-741,226415	916,659660	-2414,602680	8,663471	954,605586	32,971361	29,376883	30,510480	30,430849	32,227794	-2,670932	1,183694	1,071263	176678,886772	-0,186359	-0,000194	0,998527	1,958953	2,039752	-0,124426	-0,124436	14,033735	-0,011390	0,977376	1,798640
135,800000	8,364670	8,395220	1,571953	0,406984	2,558453	-690,377745	916,431540	-2373,873940	8,662294	953,303348	32,970156	29,374245	30,515216	30,428946	32,231951	-2,670580	1,185930	1,072146	176614,983033	-0,186017	-0,000428	1,094722	1,956135	2,040020	-0,124430	-0,124436	14,022761	-0,011350	0,977054	1,797237
136,000000	8,364620	8,394777	1,571847	0,407125	2,552948	-662,131070	916,937088	-2338,223327	8,660953	953,799257	32,975275	29,374488	30,511875	30,427677	32,231776	-2,670530	1,187548	1,072252	176603,676811	-0,186644	-0,000364	1,228114	1,955705	2,040029	-0,124428	-0,124432	14,026945	-0,011370	0,976823	1,797772
136,200000	8,364105	8,394626	1,576153	0,406592	2,549638	-647,554158	918,091983	-2315,407709	8,659391	955,128976	32,979838	29,378278	30,509215	30,427985	32,227746	-2,670627	1,186623	1,072140	176628,275756	-0,187119	-0,000169	1,303120	1,957253	2,040124	-0,124423	-0,124431	14,038058	-0,011320	0,975924	1,799203
136,400000	8,363549	8,394462	1,580809	0,406088	2,546587	-638,015327	918,536213	-2299,757661	8,657861	955,512295	32,977077	29,379931	30,511732	30,426374	32,223682	-2,670649	1,185902	1,071820	176649,953708	-0,187038	-0,000181	1,323692	1,958571	2,040381	-0,124423	-0,124434	14,041345	-0,011391	0,974803	1,799616
136,600000	8,363022	8,394098	1,581064	0,406108	2,547617	-630,637543	918,036250	-2288,531848	8,656273	955,349538	32,969748	29,377377	30,517478	30,421103	32,225460	-2,670591	1,187213	1,071150	176641,899742	-0,187402	-0,000344	1,292984	1,959207	2,040377	-0,124431	-0,124434	14,040383	-0,011795	0,975012	1,799441
136,800000	8,362448	8,393543	1,569149	0,405811	2,552320	-673,612345	917,329808	-2310,640599	8,654516	955,158026	32,961043	29,374605	30,521499	30,415156	32,233367	-2,670580	1,187630	1,071353	176626,303136	-0,187844	-0,000458	1,192516	1,959455	2,040201	-0,124437	-0,124425	14,039385	-0,012403	0,979626	1,799235
137,000000	8,362034	8,393131	1,558499	0,404937	2,552916	-707,052283	916,715619	-2355,525446	8,652923	955,110579	32,954955	29,374093	30,521730	30,412804	32,239845	-2,670602	1,184308	1,071649	176607,260002	-0,187634	-0,000516	1,071951	1,959000	2,039825	-0,124437	-0,124419	14,039204	-0,012620	0,983437	1,799184
137,200000	8,362071	8,393018	1,567237	0,404599	2,544974	-614,417261	916,886239	-2327,334605	8,651672	955,171413	32,955549	29,376361	30,520852	30,416213	32,241839	-2,670533	1,180383	1,071527	176593,044725	-0,186994	-0,000466	0,963248	1,958148	2,039278	-0,124432	-0,124423	14,039332	-0,012239	0,979639	1,799249
137,400000	8,362155	8,392897	1,579905	0,404731	2,536729	-496,955277	917,634941	-2222,121587	8,650536	955,228988	32,959193	29,378533	30,522110	30,421233	32,240798	-2,670441	1,179881	1,072143	176635,026963	-0,186540	-0,000357	0,981662	1,957166	2,039320	-0,124431	-0,124432	14,039415	-0,011839	0,974321	1,799311
137,600000	8,361821	8,392637	1,579794	0,404830	2,536799	-458,984616	917,587817	-2142,742377	8,649102	955,239115	32,960683	29,377055	30,522891	30,421992	32,239412	-2,670391	1,181462	1,072393	176692,398337	-0,186363	-0,000322	1,111385	1,955487	2,040015	-0,124433	-0,124437	14,039421	-0,011759	0,973507	1,799322
137,800000	8,361480	8,392221	1,575406	0,405406	2,542365	-474,804921	916,934897	-2132,935290	8,647456	955,209792	32,962253	29,374282	30,519084	30,418240	32,240528	-2,670250	1,183765	1,071779	176667,912090	-0,186422	-0,000431	1,172590	1,953720	2,040140	-0,124435	-0,124431	14,039407	-0,011991	0,974240	1,799290
138,000000	8,361336	8,391753	1,572924	0,406169	2,549325	-516,931525	916,836993	-2162,023949	8,645980	955,162330	32,965241	29,373624	30,515589	30,413590	32,243843	-2,670032	1,186760	1,071939	176606,702012	-0,187065	-0,000529	1,193086	1,952866	2,039397	-0,124434	-0,124422	14,039400	-0,012383	0,974696	1,799239
138,200000	8,360895	8,391266	1,570911	0,405796	2,556175	-537,725631	917,172923	-2193,532930	8,644560	955,165195	32,966857	29,374603	30,514592	30,413799	32,246848	-2,670173	1,187002	1,072548	176606,754729	-0,187240	-0,000320	1,192532	1,952590	2,038578	-0,124431	-0,124420	14,039401	-0,012359	0,975265	1,799242
138,400000	8,360212	8,390693	1,573713	0,405075	2,559813	-529,980407	917,389450	-2211,393066	8,643029	954,342379	32,969478	29,376089	30,509435	30,421864	32,245520	-2,670635	1,185013	1,072699	176675,111675	-0,186876	6,077706E-5	1,195276	1,952464	2,038412	-0,124425	-0,124425	14,031985	-0,011849	0,974058	1,798357
138,600000	8,359647	8,390249	1,572805	0,405180	2,558195	-547,618272	917,775736	-2220,805182	8,641425	953,176717	32,974663	29,377888	30,504098	30,431595	32,239388	-2,670682	1,185289	1,072706	176751,529197	-0,186633	0,000251	1,246302	1,952562	2,039085	-0,124424	-0,124433	14,021827	-0,011480	0,974382	1,797101
138,800000	8,358908	8,389867	1,565102	0,405563	2,555902	-588,315807	918,067297	-2245,198759	8,639813	953,777877	32,977206	29,378998	30,506968	30,434347	32,233820	-2,670456	1,186653	1,072425	176818,550814	-0,186215	0,000110	1,144657	1,952911	2,039844	-0,124430	-0,124437	14,026943	-0,011547	0,977450	1,797749
139,000000	8,357962	8,389620	1,565737	0,406037	2,553711	-576,870919	917,719461	-2259,724766	8,638328	955,101341	32,975385	29,377917	30,512608	30,429785	32,231216	-2,670531	1,185568	1,072084	176847,203751	-0,186148	-0,000105	0,977894	1,953203	2,039877	-0,124433	-0,124432	14,038240	-0,011734	0,977351	1,799174
139,200000	8,357387	8,389463	1,572740	0,406683	2,549165	-529,716669	917,198870	-2227,964361	8,637053	955,491467	32,973234	29,375687	30,513673	30,424971	32,229785	-2,670686	1,182932	1,072324	176784,908743	-0,186326	-0,000206	1,002284	1,953310	2,039156	-0,124430	-0,124423	14,041413	-0,011633	0,974736	1,799594
139,400000	8,357171	8,388761	1,573374	0,407174	2,546052	-551,183186	917,182996	-2202,341578	8,635684	956,290620	32,972297	29,374809	30,512322	30,425072	32,229440	-2,670741	1,183391	1,072429	176730,295831	-0,186146	-0,000257	1,060911	1,953427	2,038784	-0,124422	-0,124421	14,047790	-0,011307	0,974480	1,800453
139,600000	8,356873	8,387753	1,573524	0,407430	2,548778	-606,886513	917,745292	-2223,434649	8,634060	958,284604	32,972517	29,375838	30,509943	30,428921	32,228860	-2,670755	1,186861	1,071778	176752,575876	-0,185606	-0,000240	1,029528	1,953610	2,039503	-0,124419	-0,124429	14,064360	-0,011160	0,974398	1,802598
139,800000	8,356335	8,387306	1,580510	0,407489	2,553345	-612,437942	918,472372	-2242,559074	8,632545	958,843418	32,972207	29,377124	30,508322	30,431487	32,226865	-2,670669	1,189804	1,071323	176785,324396	-0,185290	-0,000273	1,045646	1,953551	2,040496	-0,124426	-0,124438	14,069234	-0,011352	0,971673	1,803198
140,000000	8,355883	8,387202	1,581327	0,406998	2,556007	-613,049519	918,747017	-2242,267695	8,631192	956,861175	32,967872	29,377866	30,515820	30,429575	32,227599	-2,670378	1,191185	1,071269	176789,038396	-0,185872	-0,000347	1,125128	1,953024	2,040852	-0,124434	-0,124439	14,052956	-0,011688	0,971114	1,801067
140,200000	8,355779	8,387000	1,576479	0,406045	2,556339	-587,344458	918,318510	-2236,006112	8,629667	955,103098	32,960043	29,377583	30,526885	30,423306	32,232640	-2,670029	1,190024	1,071299	176774,794920	-0,186334	-0,000353	1,136926	1,952418	2,040409	-0,124437	-0,124434	14,038569	-0,012049	0,972657	1,799176
140,400000	8,355749	8,386784	1,574581	0,405588	2,556177	-552,476474	917,497569	-2216,624387	8,627871	954,825884	32,954451	29,374956	30,530415	30,416536	32,237394	-2,670001	1,186011	1,071704	176760,288242	-0,185872	-0,000429	1,058894	1,952052	2,039736	-0,124435	-0,124430	14,036441	-0,012246	0,973189	1,798877
140,600000	8,355382	8,386302	1,573291	0,405808	2,554425	-612,622593	916,819006	-2234,943184	8,626174	955,057431	32,954981	29,372377	30,526766	30,413703	32,239545	-2,670274	1,181529	1,072164	176757,022562	-0,185891	-0,000470	1,037468	1,951891	2,039571	-0,124432	-0,124426	14,038471	-0,012334	0,973544	1,799126
140,800000	8,354516	8,385498	1,575508	0,405651	2,550470	-700,216976	916,755532	-2313,537350	8,624767	956,061096	32,958236	29,374323	30,518759	30,413382	32,239452	-2,670586	1,178480	1,072001	176761,355567	-0,186570	-0,000374	1,131688	1,952322	2,039663	-0,124433	-0,124425	14,047055	-0,012497	0,972804	1,800207
141,000000	8,353637	8,384712	1,579095	0,405004	2,547520	-733,135013	916,771744	-2383,007589	8,623173	957,265082	32,959453	29,378222	30,514158	30,414199	32,239026	-2,670810	1,175866	1,071486	176764,999298	-0,186761	-0,000338	1,155254	1,953467	2,039547	-0,124435	-0,124425	14,057247	-0,012592	0,971911	1,801502
141,200000	8,353042	8,384145	1,580936	0,404893	2,549211	-690,004214	916,171546	-2385,856484	8,621422	956,625440	32,956297	29,378443	30,517768	30,416444	32,241469	-2,670859	1,175382	1,071470	176771,739563	-0,186626	-0,000355	1,040727	1,954528	2,039309	-0,124436	-0,124424	14,051915	-0,012624	0,971697	1,800814
141,400000	8,352882	8,383734	1,576215	0,405512	2,552117	-617,718127	915,515336	-2333,181759	8,619914	955,264861	32,951560	29,375700	30,522092	30,417843	32,246102	-2,670698	1,178008	1,071914	176773,883994	-0,186579	-0,000302	0,933321	1,955217	2,038929	-0,124436	-0,124423	14,040532	-0,012654	0,973802	1,799350
141,600000	8,352937	8,383243	1,565845	0,405789	2,551536	-618,767353	915,447261	-2306,302856	8,618409	955,799211	32,952716	29,373617	30,521265	30,419393	32,247593	-2,670580	1,181449	1,072538	176767,616710	-0,186907	-0,000210	0,894612	1,955748	2,038617	-0,124434	-0,124424	14,044787	-0,012425	0,977959	1,799925
141,800000	8,352707	8,382768	1,564999	0,405402	2,550637	-656,264566	915,949561	-2331,445235	8,616875	958,075776	32,960786	29,373291	30,518349	30,424285	32,242560	-2,670715	1,183913	1,073020	176764,191782	-0,187172	-0,000187	0,949835	1,955652	2,038677	-0,124428	-0,124426	14,063423	-0,011972	0,978176	1,802373
142,000000	8,352293	8,382482	1,568996	0,405713	2,551006	-646,683353	916,556113	-2335,001966	8,615574	958,847717	32,969406	29,373482	30,516029	30,429077	32,233998	-2,670890	1,184017	1,073014	176768,598518	-0,187213	-0,000232	1,086214	1,954858	2,039019	-0,124421	-0,124429	14,069476	-0,011557	0,976218	1,803203
142,200000	8,351857	8,382145	1,572203	0,406889	2,550695	-592,480733	917,120632	-2290,148677	8,614231	956,950447	32,974124	29,374355	30,513332	30,429259	32,227688	-2,670875	1,184821	1,072796	176775,093863	-0,187819	-0,000262	1,128661	1,954178	2,039536	-0,124422	-0,124433	14,053229	-0,011212	0,974615	1,801163
142,400000	8,351385	8,381637	1,575578	0,407567	2,548286	-554,773014	917,695328	-2242,879185	8,612617	955,200633	32,974681	29,376314	30,510807	30,427129	32,228195	-2,670716	1,188112	1,072811	176780,793998	-0,188123	-0,000210	1,031944	1,954105	2,039757	-0,124428	-0,124431	14,038623	-0,011284	0,973233	1,799281
142,600000	8,350730	8,381354	1,568819	0,407519	2,548096	-573,680261	917,820982	-2234,355518	8,610981	955,789291	32,971453	29,377672	30,511315	30,425896	32,233687	-2,670663	1,190470	1,072354	176757,370285	-0,187137	-0,000111	0,984258	1,954413	2,039139	-0,124433	-0,124427	14,043824	-0,011546	0,975917	1,799914
142,800000	8,349950	8,381353	1,561559	0,407605	2,548491	-590,912950	917,562127	-2252,913001	8,609487	957,259765	32,967695	29,377395	30,513150	30,426839	32,236897	-2,670735	1,189608	1,071886	176729,060790	-0,185934	-5,201065E-5	1,021597	1,954487	2,038552	-0,124432	-0,124428	14,056024	-0,011413	0,978728	1,801496
143,000000	8,349282	8,381019	1,571066	0,407613	2,544925	-561,798709	917,386136	-2249,745129	8,608095	956,820025	32,966967	29,376234	30,515041	30,430440	32,233808	-2,670792	1,185204	1,071831	176761,120294	-0,185859	-9,010939E-5	1,031745	1,954544	2,038934	-0,124433	-0,124430	14,052096	-0,011172	0,975111	1,801023
143,200000	8,349013	8,380438	1,584452	0,407780	2,541431	-498,743648	917,469225	-2201,245720	8,606678	955,479755	32,967453	29,375246	30,516048	30,432743	32,228124	-2,670757	1,180306	1,071254	176791,731895	-0,186477	-0,000217	0,993877	1,955207	2,039822	-0,124438	-0,124428	14,040838	-0,011157	0,970331	1,799581
143,400000	8,348867	8,380172	1,580935	0,408939	2,545885	-426,299169	917,648351	-2131,231513	8,605266	954,144496	32,966977	29,374690	30,515742	30,428841	32,226932	-2,670591	1,178045	1,071326	176746,816669	-0,186920	-0,000316	0,993194	1,956672	2,040393	-0,124439	-0,124427	14,030030	-0,011556	0,972356	1,798143
143,600000	8,348559	8,380064	1,570026	0,409221	2,554780	-389,124129	917,876421	-2082,649870	8,603930	952,073272	32,964804	29,374562	30,519772	30,420938	32,230520	-2,670378	1,179680	1,071866	176660,067013	-0,187206	-0,000315	1,036413	1,958738	2,040291	-0,124437	-0,124426	14,013406	-0,012329	0,977520	1,795912
143,800000	8,348384	8,379740	1,571390	0,407733	2,558515	-381,550003	918,057265	-2064,545426	8,602495	951,526255	32,960781	29,374061	30,525383	30,415903	32,235109	-2,670096	1,182579	1,071690	176619,498913	-0,187298	-0,000296	1,054430	1,959913	2,039871	-0,124435	-0,124422	14,009380	-0,012900	0,977573	1,795322
144,000000	8,348281	8,379252	1,579891	0,406325	2,557419	-369,145549	918,015245	-2047,161477	8,600855	953,496211	32,958653	29,373837	30,525203	30,416729	32,239822	-2,669844	1,180947	1,071954	176654,190393	-0,187419	-0,000270	1,085803	1,959518	2,039389	-0,124431	-0,124421	14,025981	-0,012951	0,974102	1,797445
144,200000	8,348095	8,378727	1,575243	0,405860	2,557494	-410,229199	917,827667	-2044,940582	8,599074	955,229252	32,959904	29,375154	30,521822	30,420181	32,242556	-2,669836	1,176896	1,072525	176722,059409	-0,187246	-0,000170	1,070438	1,958755	2,039154	-0,124430	-0,124424	14,040322	-0,012743	0,975412	1,799311
144,400000	8,347810	8,378250	1,564844	0,406089	2,557404	-504,737400	917,589393	-2100,625205	8,597394	955,483562	32,958429	29,375949	30,521991	30,422190	32,243172	-2,669936	1,175575	1,072268	176760,276541	-0,186491	-0,000203	0,997080	1,958058	2,039614	-0,124433	-0,124430	14,042370	-0,012657	0,978968	1,799585
144,600000	8,347433	8,377939	1,569241	0,406347	2,553924	-543,334041	917,178319	-2173,789652	8,595879	955,229932	32,953504	29,375046	30,523038	30,420348	32,244349	-2,670032	1,176937	1,071996	176712,270171	-0,186393	-0,000366	0,973889	1,957029	2,039901	-0,124435	-0,124434	14,040319	-0,012734	0,976753	1,799312
144,800000	8,347026	8,377603	1,575228	0,406521	2,550351	-525,393462	916,575335	-2196,965931	8,594394	955,082271	32,950350	29,374164	30,521719	30,415441	32,245323	-2,670094	1,180460	1,072362	176642,002106	-0,187333	-0,000318	0,961708	1,956446	2,039182	-0,124433	-0,124433	14,039160	-0,012814	0,974153	1,799153
145,000000	8,346666	8,377062	1,571853	0,406756	2,550140	-512,217712	916,261397	-2182,292312	8,592966	955,104788	32,951255	29,374596	30,520994	30,413138	32,245766	-2,670048	1,185159	1,072760	176624,129272	-0,188045	-0,000134	0,987592	1,956950	2,038429	-0,124426	-0,124431	14,039133	-0,012599	0,975624	1,799177
145,200000	8,346236	8,376353	1,573630	0,406546	2,549854	-492,401443	916,445838	-2159,367424	8,591618	955,195088	32,957456	29,375922	30,517421	30,415836	32,244370	-2,670078	1,188054	1,072878	176634,335892	-0,188199	-0,000141	1,099751	1,957637	2,038569	-0,124423	-0,124428	14,039350	-0,012058	0,975202	1,799275
145,400000	8,345567	8,375495	1,576375	0,406346	2,547190	-475,272988	916,871997	-2131,124673	8,590337	955,227306	32,966615	29,376923	30,509051	30,420336	32,238930	-2,670259	1,188966	1,072751	176670,004949	-0,188370	-0,000248	1,170539	1,957982	2,039159	-0,124425	-0,124427	14,039436	-0,011873	0,974214	1,799309
145,600000	8,344879	8,374958	1,569445	0,406716	2,547342	-503,741153	917,587186	-2139,085321	8,588849	956,069603	32,970434	29,377981	30,502897	30,425769	32,234347	-2,670541	1,189937	1,072435	176735,593571	-0,188465	-0,000228	1,156419	1,958464	2,039662	-0,124428	-0,124429	14,046842	-0,012213	0,977005	1,800216
145,800000	8,344392	8,375074	1,567535	0,407210	2,549512	-505,477009	917,921376	-2166,737392	8,587218	957,243205	32,966114	29,377588	30,504275	30,430312	32,235583	-2,670727	1,191385	1,072387	176792,045798	-0,188082	-0,000178	1,186466	1,959186	2,040164	-0,124428	-0,124430	14,056980	-0,012508	0,978110	1,801478
146,000000	8,343996	8,375291	1,576926	0,407572	2,550283	-464,022684	917,500290	-2150,170839	8,585826	956,631319	32,961606	29,374215	30,508939	30,431143	32,238962	-2,670623	1,192272	1,072472	176812,443712	-0,187046	-0,000316	1,260953	1,959250	2,040404	-0,124428	-0,124429	14,051858	-0,012517	0,974624	1,800820
146,200000	8,343627	8,375027	1,580657	0,407890	2,549638	-482,630890	917,429146	-2132,010051	8,584470	955,313026	32,962415	29,372349	30,511288	30,431658	32,238826	-2,670565	1,191782	1,072209	176793,510394	-0,186070	-0,000405	1,275910	1,958387	2,040112	-0,124430	-0,124426	14,040563	-0,012281	0,972772	1,799401
146,400000	8,343158	8,374267	1,569278	0,407925	2,551119	-568,001178	917,768773	-2171,281781	8,582941	954,977307	32,967201	29,373952	30,510767	30,432950	32,234181	-2,670697	1,190504	1,072184	176767,854271	-0,186257	-0,000272	1,251752	1,957745	2,039846	-0,124431	-0,124425	14,037392	-0,011927	0,976676	1,799040
146,600000	8,342345	8,373547	1,560345	0,407527	2,551321	-639,146239	917,878418	-2250,132806	8,581349	954,247227	32,971093	29,375789	30,511001	30,432235	32,226343	-2,670845	1,190333	1,072106	176764,450595	-0,186958	-0,000254	1,220075	1,958422	2,039884	-0,124430	-0,124427	14,031015	-0,011678	0,980344	1,798254
146,800000	8,341410	8,373189	1,567822	0,407675	2,546693	-635,907344	917,966968	-2299,255523	8,579904	953,143933	32,968607	29,375579	30,514406	30,429025	32,221176	-2,670841	1,191291	1,071692	176766,162137	-0,187356	-0,000242	1,122970	1,960113	2,040011	-0,124428	-0,124430	14,021862	-0,011790	0,978306	1,797066
147,000000	8,340831	8,372984	1,576337	0,408162	2,542582	-592,640257	918,143684	-2281,129697	8,578509	953,707810	32,959828	29,374190	30,518166	30,422727	32,225187	-2,670577	1,191795	1,071882	176764,006152	-0,187578	-9,124621E-5	0,937747	1,960742	2,040088	-0,124427	-0,124430	14,027146	-0,012338	0,975379	1,797673
147,200000	8,340722	8,372915	1,576779	0,407638	2,545829	-559,212472	918,054816	-2242,965753	8,576778	954,965941	32,950683	29,374200	30,521364	30,416963	32,234555	-2,670361	1,191681	1,071996	176759,105772	-0,187270	-9,791475E-5	0,789707	1,959588	2,040083	-0,124431	-0,124428	14,038308	-0,012938	0,974641	1,799028
147,400000	8,340780	8,372889	1,575797	0,406689	2,553406	-505,846404	917,851696	-2198,859049	8,574972	955,290936	32,947250	29,375528	30,522756	30,417436	32,241873	-2,670321	1,190665	1,071572	176744,415172	-0,187012	-0,000289	0,892230	1,958021	2,040093	-0,124434	-0,124427	14,041398	-0,013301	0,974230	1,799378
147,600000	8,340720	8,372481	1,571919	0,406217	2,556559	-440,030705	917,967383	-2126,086371	8,573608	954,282518	32,948541	29,376511	30,523629	30,421591	32,244191	-2,670153	1,188224	1,071866	176750,322259	-0,187359	-0,000420	1,140328	1,956442	2,040339	-0,124433	-0,124429	14,032937	-0,013304	0,974870	1,798292
147,800000	8,340583	8,371776	1,571170	0,406258	2,555064	-415,622517	918,151953	-2081,790863	8,572550	952,116197	32,950304	29,376142	30,524619	30,422007	32,243029	-2,669879	1,185201	1,072542	176811,706258	-0,187624	-0,000430	1,202477	1,955602	2,040768	-0,124435	-0,124429	14,014371	-0,012933	0,974666	1,795958
148,000000	8,340407	8,371179	1,578265	0,406351	2,553870	-430,425082	918,112176	-2091,248906	8,571455	950,650855	32,952665	29,374645	30,523102	30,418189	32,242474	-2,669792	1,183386	1,072683	176882,728529	-0,187878	-0,000503	1,085866	1,956053	2,040437	-0,124438	-0,124426	14,001750	-0,012629	0,972145	1,794378
148,200000	8,340177	8,370472	1,579439	0,406137	2,554418	-480,374644	917,836297	-2114,774554	8,570234	950,522499	32,954635	29,373914	30,523726	30,413658	32,244280	-2,669927	1,183114	1,072427	176911,330875	-0,187854	-0,000580	0,986829	1,956449	2,039214	-0,124434	-0,124420	14,000721	-0,012680	0,971830	1,794240
148,400000	8,339738	8,369611	1,572788	0,405549	2,554039	-547,733144	917,464252	-2155,470586	8,568684	951,654998	32,953381	29,374935	30,527405	30,410541	32,247921	-2,670098	1,183771	1,072437	176913,744633	-0,187181	-0,000425	0,982018	1,955774	2,038457	-0,124428	-0,124419	14,010230	-0,012668	0,973926	1,795461
148,600000	8,339060	8,368899	1,567869	0,404963	2,553758	-628,379411	917,247615	-2237,802375	8,566735	953,906855	32,951691	29,376430	30,525850	30,413170	32,248843	-2,670378	1,185061	1,072826	176918,168108	-0,186830	-0,000178	1,001977	1,954480	2,038597	-0,124426	-0,124421	14,028779	-0,012300	0,975063	1,797888
148,800000	8,338340	8,368280	1,575024	0,405203	2,556110	-708,914937	917,056884	-2331,856829	8,564941	955,433100	32,954421	29,376591	30,517231	30,421346	32,244221	-2,670773	1,186628	1,072831	176932,128512	-0,186661	-2,518841E-5	0,980533	1,954140	2,039072	-0,124428	-0,124424	14,041189	-0,011900	0,972090	1,799531
149,000000	8,337592	8,367867	1,587234	0,405697	2,560023	-731,076423	917,190638	-2368,446052	8,563626	955,584315	32,958708	29,375975	30,510325	30,428197	32,239379	-2,670850	1,187562	1,072649	176954,854928	-0,186650	-2,385551E-5	1,003571	1,955334	2,039620	-0,124428	-0,124429	14,042143	-0,011584	0,968028	1,799693
149,200000	8,337023	8,367594	1,579885	0,405847	2,562365	-718,884569	917,583934	-2356,677037	8,562347	955,375798	32,958348	29,376056	30,510572	30,429163	32,236380	-2,670706	1,187882	1,072597	176969,993455	-0,187229	-0,000141	1,089312	1,956825	2,040039	-0,124428	-0,124434	14,040065	-0,011256	0,971499	1,799469
149,400000	8,336686	8,367177	1,565912	0,405844	2,561954	-699,955883	917,380027	-2345,644902	8,560770	955,283484	32,955063	29,375661	30,513343	30,426280	32,233255	-2,670729	1,188438	1,072356	176932,817373	-0,187104	-0,000260	1,128742	1,957807	2,039854	-0,124429	-0,124433	14,039111	-0,011076	0,977250	1,799370
149,600000	8,336543	8,366613	1,572177	0,405870	2,556687	-665,832670	916,910572	-2330,793430	8,559208	954,389967	32,956368	29,374558	30,514071	30,424735	32,231208	-2,670798	1,188788	1,072128	176868,298412	-0,186208	-0,000420	1,120904	1,958681	2,039119	-0,124429	-0,124428	14,031748	-0,011213	0,975251	1,798408
149,800000	8,336626	8,366033	1,586747	0,406347	2,549791	-647,125975	917,261887	-2309,352103	8,557869	953,138981	32,962451	29,374872	30,512217	30,427026	32,231570	-2,670906	1,189493	1,071934	176878,125426	-0,186216	-0,000541	1,111922	1,959378	2,038810	-0,124428	-0,124427	14,021796	-0,011766	0,970032	1,797060
150,000000	8,336435	8,365634	1,589715	0,407058	2,547503	-660,548401	918,215636	-2302,038948	8,556500	953,677404	32,967155	29,376852	30,505389	30,430217	32,231602	-2,671082	1,190442	1,071550	176969,133630	-0,186867	-0,000538	1,055321	1,959363	2,039130	-0,124425	-0,124429	14,026978	-0,012426	0,968842	1,797640
150,200000	8,335601	8,365336	1,581257	0,407130	2,553899	-703,275403	918,520035	-2324,575543	8,554887	955,012461	32,966315	29,378432	30,499579	30,431498	32,228713	-2,671058	1,190496	1,071464	177063,745135	-0,186986	-0,000480	1,024664	1,958990	2,039548	-0,124423	-0,124430	14,038259	-0,012499	0,971779	1,799078
150,400000	8,334544	8,364948	1,575173	0,406503	2,563120	-729,706499	917,898824	-2362,903268	8,553231	955,418406	32,958387	29,378576	30,507080	30,431033	32,227276	-2,670813	1,190295	1,071447	177105,522399	-0,186899	-0,000351	1,077870	1,958458	2,039934	-0,124426	-0,124433	14,041413	-0,012246	0,973795	1,799515
150,600000	8,333902	8,364464	1,577892	0,406194	2,566050	-686,577272	917,455921	-2373,032401	8,551686	955,279174	32,947587	29,377525	30,521686	30,427182	32,230881	-2,670741	1,190412	1,071156	177093,561893	-0,186931	-0,000210	1,060304	1,957484	2,039966	-0,124434	-0,124437	14,040369	-0,012371	0,972284	1,799365
150,800000	8,333733	8,363990	1,582752	0,406410	2,562765	-608,035090	917,222299	-2336,149459	8,550134	955,143591	32,941947	29,373742	30,528852	30,421575	32,234973	-2,670864	1,190788	1,071391	177059,434586	-0,186794	-0,000315	1,034277	1,956915	2,039609	-0,124440	-0,124439	14,039366	-0,012506	0,970157	1,799219
151,000000	8,333660	8,363715	1,580711	0,406215	2,558191	-557,562800	916,745713	-2276,334088	8,548728	955,135192	32,944604	29,370332	30,526330	30,417713	32,235602	-2,670823	1,191253	1,071553	177033,066885	-0,186596	-0,000561	1,124421	1,957846	2,039470	-0,124438	-0,124437	14,039200	-0,012410	0,971361	1,799210
151,200000	8,333257	8,363583	1,573192	0,405591	2,553378	-553,045812	916,712782	-2241,778637	8,547403	955,137862	32,949496	29,372753	30,520002	30,415075	32,234150	-2,670622	1,191792	1,071367	177039,099936	-0,186942	-0,000555	1,161634	1,959505	2,039551	-0,124432	-0,124433	14,039335	-0,012522	0,974985	1,799213
151,400000	8,332733	8,363292	1,576617	0,405073	2,546387	-551,663212	917,193088	-2235,983053	8,545980	955,129150	32,948694	29,377319	30,518436	30,413773	32,235172	-2,670543	1,192540	1,071963	177062,282008	-0,187663	-0,000357	1,150921	1,960548	2,039638	-0,124429	-0,124429	14,039417	-0,012678	0,974156	1,799204
151,600000	8,332575	8,362754	1,583863	0,404793	2,542124	-543,087746	917,504628	-2220,840349	8,544464	955,147752	32,942047	29,378335	30,523541	30,414334	32,241705	-2,670523	1,192424	1,072118	177070,084293	-0,187885	-0,000306	1,166980	1,960634	2,039624	-0,124430	-0,124425	14,039421	-0,012526	0,971422	1,799224
151,800000	8,332513	8,362190	1,577750	0,405047	2,545063	-556,811024	917,259342	-2209,755125	8,542811	955,182799	32,937578	29,376172	30,525836	30,415029	32,249726	-2,670394	1,190583	1,071602	177067,133538	-0,187587	-0,000444	1,130333	1,959481	2,039229	-0,124432	-0,124420	14,039406	-0,012217	0,973111	1,799261
152,000000	8,332413	8,361733	1,572371	0,405590	2,551418	-561,290246	916,806940	-2219,635715	8,541059	956,101083	32,942043	29,374559	30,522314	30,416625	32,251552	-2,670375	1,188365	1,071983	177068,662349	-0,187065	-0,000526	1,114832	1,957447	2,038805	-0,124433	-0,124417	14,046817	-0,011924	0,974080	1,800250
152,200000	8,332193	8,361440	1,578291	0,406097	2,554145	-513,658786	916,769279	-2202,427981	8,539485	957,362230	32,952372	29,374274	30,518349	30,422236	32,245291	-2,670512	1,187246	1,072440	177067,020633	-0,186829	-0,000423	1,174072	1,955955	2,038920	-0,124435	-0,124421	14,056976	-0,011507	0,971059	1,801606
152,400000	8,331594	8,361239	1,581520	0,406689	2,554889	-488,594321	917,211585	-2163,233052	8,538326	956,807249	32,960470	29,374571	30,514593	30,427119	32,237409	-2,670603	1,188099	1,072614	177065,406932	-0,187196	-0,000261	1,169128	1,955717	2,039356	-0,124435	-0,124427	14,051862	-0,011046	0,969693	1,801009
152,600000	8,330890	8,360873	1,577577	0,406950	2,557384	-538,792208	917,675281	-2171,134671	8,537036	955,486669	32,963947	29,376327	30,512400	30,426858	32,232873	-2,670617	1,190512	1,072631	177076,614654	-0,187295	-0,000355	1,048721	1,956260	2,039524	-0,124429	-0,124432	14,040565	-0,010826	0,971395	1,799588
152,800000	8,330321	8,360352	1,569704	0,406480	2,560668	-609,071235	917,574377	-2228,567368	8,535256	956,004322	32,963673	29,377446	30,513894	30,425546	32,232829	-2,670648	1,191392	1,071789	177073,189530	-0,187208	-0,000579	0,992385	1,956919	2,039066	-0,124427	-0,124434	14,044810	-0,010728	0,974649	1,800145
153,000000	8,329909	8,359712	1,564821	0,406136	2,561590	-647,066731	916,995059	-2285,093920	8,533556	958,227169	32,959969	29,376545	30,516225	30,426391	32,235906	-2,670851	1,190541	1,071431	177036,081457	-0,187516	-0,000478	1,048963	1,957240	2,038469	-0,124429	-0,124431	14,063425	-0,010705	0,976609	1,802536
153,200000	8,329292	8,359014	1,571670	0,406366	2,558574	-629,459441	916,771532	-2297,580929	8,532132	959,823984	32,956825	29,375364	30,516542	30,429636	32,235643	-2,671160	1,190101	1,072225	177026,018061	-0,187826	-0,000236	1,072451	1,957132	2,038750	-0,124428	-0,124430	14,076889	-0,010793	0,973885	1,804252
153,400000	8,328302	8,358554	1,581009	0,406507	2,551860	-598,572722	917,118697	-2275,499248	8,530678	959,968625	32,957023	29,375197	30,515661	30,434243	32,229922	-2,671201	1,190693	1,072284	177066,333535	-0,188135	-0,000244	1,033564	1,956886	2,039642	-0,124429	-0,124434	14,078220	-0,010913	0,970186	1,804407
153,600000	8,327508	8,358256	1,581056	0,407106	2,546065	-574,228478	917,510796	-2249,610839	8,529256	959,680600	32,958022	29,375352	30,516130	30,435832	32,225477	-2,670980	1,192521	1,071602	177087,994003	-0,188281	-0,000373	1,010587	1,956556	2,040244	-0,124433	-0,124439	14,076075	-0,011180	0,969975	1,804098
153,800000	8,327083	8,358066	1,574808	0,408169	2,545039	-523,305016	917,562916	-2219,200150	8,527805	959,518180	32,956564	29,374461	30,519216	30,429540	32,226368	-2,670708	1,193514	1,071530	177065,434557	-0,187904	-0,000386	1,010090	1,956201	2,040311	-0,124439	-0,124438	14,075022	-0,011487	0,972147	1,803923
154,000000	8,326906	8,358276	1,574941	0,408014	2,548285	-460,197575	917,481183	-2171,772990	8,526251	959,519724	32,953304	29,373064	30,523900	30,419843	32,230577	-2,670485	1,191654	1,071754	177037,056461	-0,187130	-0,000316	1,038339	1,956129	2,040120	-0,124441	-0,124432	14,075053	-0,011505	0,972103	1,803925
154,200000	8,326945	8,358260	1,580837	0,406960	2,551849	-455,621356	917,286264	-2132,915038	8,524800	959,560734	32,950270	29,372387	30,526753	30,415773	32,235287	-2,670486	1,188561	1,072349	177016,185388	-0,186595	-0,000286	1,133805	1,956284	2,039715	-0,124438	-0,124431	14,075270	-0,011379	0,969967	1,803969
154,400000	8,326938	8,357397	1,582412	0,406557	2,554721	-527,784827	916,999820	-2160,231597	8,523392	959,559343	32,947658	29,374313	30,523590	30,417898	32,238029	-2,670543	1,186836	1,073009	177012,005202	-0,186728	-0,000180	1,203995	1,955996	2,039113	-0,124436	-0,124435	14,075345	-0,011465	0,969126	1,803968
154,600000	8,326530	8,356569	1,580362	0,406597	2,559667	-580,848990	917,096066	-2217,469917	8,522007	959,545812	32,945302	29,377788	30,519917	30,420646	32,238638	-2,670491	1,186259	1,072636	177059,377094	-0,187104	4,359550E-5	1,140059	1,954606	2,039323	-0,124438	-0,124439	14,075330	-0,011563	0,969098	1,803953
154,800000	8,325781	8,356437	1,576985	0,406516	2,565362	-595,803979	917,370867	-2241,962241	8,520662	960,450057	32,941333	29,379282	30,521121	30,420928	32,238933	-2,670466	1,186027	1,072451	177108,829447	-0,187617	3,527352E-5	1,002060	1,952874	2,040224	-0,124436	-0,124439	14,082727	-0,011389	0,969494	1,804924
155,000000	8,325269	8,356229	1,574444	0,405916	2,566900	-623,427873	917,014634	-2255,523888	8,519170	961,672388	32,936112	29,377505	30,523525	30,417982	32,240098	-2,670557	1,187027	1,072635	177090,369806	-0,188206	-0,000171	1,022130	1,952596	2,040404	-0,124432	-0,124432	14,092880	-0,011312	0,970306	1,806237
155,200000	8,325230	8,355465	1,574799	0,405386	2,561406	-621,890009	916,174631	-2267,366568	8,517565	961,037224	32,933994	29,374607	30,525691	30,413440	32,242215	-2,670599	1,189041	1,071883	177051,399950	-0,188548	-0,000245	1,190117	1,953794	2,039731	-0,124433	-0,124423	14,087767	-0,011514	0,970704	1,805555
155,400000	8,325011	8,354683	1,575965	0,405544	2,554537	-585,470273	915,963002	-2263,728758	8,516094	959,669111	32,936080	29,374719	30,525358	30,412201	32,244003	-2,670549	1,190122	1,071980	177013,290893	-0,188688	-0,000306	1,184149	1,955068	2,038935	-0,124436	-0,124418	14,076472	-0,011673	0,970815	1,804085
155,600000	8,324306	8,354154	1,577045	0,405343	2,550025	-535,854396	916,547215	-2234,298603	8,514717	959,294231	32,941749	29,376155	30,517374	30,415839	32,243014	-2,670602	1,190186	1,072697	176944,712455	-0,188812	-0,000384	1,009333	1,956417	2,038557	-0,124436	-0,124417	14,073299	-0,011640	0,970992	1,803683
155,800000	8,323605	8,353886	1,571794	0,405218	2,546162	-485,505234	917,270376	-2180,354765	8,513325	960,305684	32,950123	29,377068	30,506501	30,420388	32,240474	-2,670564	1,189766	1,072309	176894,156058	-0,188432	-0,000254	0,953278	1,958050	2,038721	-0,124433	-0,124425	14,081756	-0,011626	0,973721	1,804769
156,000000	8,322998	8,353791	1,560366	0,405774	2,540290	-501,066079	917,582905	-2159,234190	8,512008	961,612762	32,954495	29,378578	30,505881	30,423528	32,239709	-2,670465	1,189863	1,072178	176889,933969	-0,187060	-2,561100E-5	1,028734	1,959137	2,039007	-0,124430	-0,124433	14,092919	-0,011850	0,978597	1,806173
156,200000	8,322475	8,353676	1,556377	0,406159	2,536152	-546,266524	917,188575	-2192,448013	8,510593	961,017221	32,949900	29,378169	30,512433	30,426182	32,240076	-2,670538	1,190769	1,072037	176909,588899	-0,186280	-3,012071E-5	1,064619	1,959409	2,039222	-0,124428	-0,124434	14,087971	-0,011885	0,980271	1,805533
156,400000	8,322272	8,353315	1,562892	0,406410	2,535510	-514,555841	916,768537	-2204,083501	8,509002	959,677158	32,944696	29,375805	30,515852	30,427853	32,241179	-2,670662	1,190362	1,071530	176963,004142	-0,187046	-0,000313	1,113090	1,959116	2,039408	-0,124428	-0,124428	14,076540	-0,011673	0,977613	1,804094
156,600000	8,322041	8,352658	1,570441	0,406588	2,537218	-447,113817	917,088921	-2163,110738	8,507739	960,196558	32,948018	29,374841	30,515638	30,428336	32,240716	-2,670761	1,189365	1,071995	177031,158456	-0,187905	-0,000469	1,287561	1,958274	2,039546	-0,124430	-0,124424	14,080701	-0,011486	0,974255	1,804652
156,800000	8,321468	8,352050	1,572106	0,406342	2,542559	-427,783305	917,924899	-2117,380055	8,506748	962,432470	32,956678	29,376203	30,511790	30,429218	32,235878	-2,670741	1,188657	1,072688	177067,441128	-0,187807	-0,000381	1,378467	1,956967	2,039793	-0,124431	-0,124425	14,099312	-0,011385	0,972893	1,807052
157,000000	8,320870	8,351586	1,566727	0,406411	2,551133	-464,527912	918,394005	-2109,351073	8,505431	964,045002	32,961836	29,377535	30,510036	30,429857	32,228660	-2,670663	1,187815	1,072628	177070,578733	-0,187014	-0,000351	1,182082	1,955768	2,039993	-0,124428	-0,124432	14,112792	-0,011381	0,974278	1,808782
157,200000	8,320302	8,351271	1,564588	0,407164	2,557031	-516,433718	918,049664	-2138,567575	8,503858	963,316424	32,957156	29,377423	30,516777	30,426169	32,225080	-2,670708	1,188478	1,072402	177066,295492	-0,186257	-0,000354	0,918929	1,955380	2,039899	-0,124424	-0,124438	14,106711	-0,011392	0,974887	1,808000
157,400000	8,319730	8,351141	1,570164	0,407339	2,554769	-556,195550	917,570547	-2179,237300	8,502119	960,910989	32,945663	29,377400	30,523929	30,418501	32,230786	-2,670888	1,190815	1,071976	177066,644764	-0,186158	-0,000372	0,819712	1,955385	2,039578	-0,124425	-0,124437	14,086990	-0,011794	0,972782	1,805419
157,600000	8,319509	8,351099	1,574173	0,406678	2,547564	-576,191173	917,325251	-2209,822222	8,500335	960,112506	32,937781	29,378419	30,525075	30,414477	32,239594	-2,671008	1,192618	1,071538	177055,988942	-0,186755	-0,000444	0,871021	1,954637	2,039386	-0,124430	-0,124435	14,080894	-0,012382	0,970890	1,804562
157,800000	8,319542	8,350908	1,574952	0,406333	2,542185	-564,172736	917,187560	-2214,112504	8,498843	962,065015	32,936807	29,378909	30,524960	30,417359	32,242651	-2,670880	1,192623	1,071853	177018,998658	-0,187281	-0,000359	0,967171	1,953392	2,039353	-0,124430	-0,124434	14,097337	-0,012483	0,969957	1,806658
158,000000	8,319396	8,350350	1,572734	0,406781	2,540058	-587,949913	917,034429	-2221,652342	8,497409	963,839386	32,937173	29,376937	30,526982	30,421153	32,239883	-2,670700	1,191493	1,072295	176998,511411	-0,187382	-0,000192	1,031946	1,953119	2,039483	-0,124432	-0,124433	14,112024	-0,012332	0,970613	1,808561
158,200000	8,319189	8,349711	1,570961	0,407349	2,539250	-615,456704	916,903913	-2250,829084	8,495799	964,110400	32,936993	29,374374	30,529104	30,420501	32,235588	-2,670687	1,191710	1,072113	177009,694385	-0,187193	-0,000203	1,074416	1,953859	2,039925	-0,124440	-0,124430	14,114232	-0,012275	0,971600	1,808852
158,400000	8,318886	8,349366	1,573617	0,407421	2,540044	-550,905301	916,974454	-2246,660446	8,494129	962,984408	32,936678	29,381310	30,526939	30,416885	32,235831	-2,670681	1,192725	1,072018	176987,861559	-0,187009	-0,000307	1,087851	1,955200	2,039928	-0,124444	-0,124425	14,104754	-0,012211	0,971197	1,807644
158,600000	8,318522	8,349039	1,576281	0,407123	2,542065	-473,157512	917,109291	-2192,234863	8,492610	960,719336	32,935533	29,400742	30,524054	30,412207	32,242374	-2,670455	1,192548	1,072337	176931,967309	-0,186879	-0,000269	1,121457	1,957233	2,039241	-0,124442	-0,124421	14,085985	-0,012393	0,971093	1,805213
158,800000	8,318330	8,348449	1,573029	0,406287	2,545112	-462,701841	917,113403	-2146,343527	8,491220	959,172645	32,935187	29,416217	30,523534	30,410256	32,250571	-2,670284	1,192010	1,072604	176906,691115	-0,186700	-0,000124	1,176191	1,958391	2,038633	-0,124438	-0,124426	14,073488	-0,012847	0,972782	1,803552
159,000000	8,317898	8,347877	1,564338	0,405545	2,546661	-510,896047	916,907488	-2153,123031	8,489766	959,037801	32,936546	29,420128	30,520259	30,415776	32,253718	-2,670484	1,191701	1,072882	176919,075723	-0,186985	-7,957068E-5	1,139179	1,957099	2,038493	-0,124436	-0,124433	14,072545	-0,013034	0,975354	1,803407
159,200000	8,317249	8,347386	1,565868	0,406031	2,547271	-531,532713	916,735080	-2183,509751	8,488286	959,295376	32,939625	29,420071	30,514798	30,423772	32,250479	-2,670680	1,191408	1,073037	176934,875503	-0,187850	-0,000210	1,025069	1,954664	2,038740	-0,124433	-0,124433	14,074644	-0,012975	0,973491	1,803684
159,400000	8,316917	8,346823	1,577798	0,406972	2,548226	-457,782146	917,067219	-2167,400999	8,486611	958,541241	32,943172	29,420273	30,513585	30,426984	32,245940	-2,670623	1,191838	1,072890	176960,825496	-0,188546	-0,000345	0,977987	1,953169	2,039379	-0,124429	-0,124427	14,068187	-0,012836	0,968179	1,802874
159,600000	8,316741	8,346307	1,580861	0,407253	2,550133	-359,379351	917,423770	-2096,836651	8,484692	957,369598	32,944810	29,419618	30,517857	30,424409	32,242827	-2,670509	1,193250	1,072611	176969,859002	-0,188492	-0,000397	1,045334	1,952827	2,039699	-0,124429	-0,124425	14,057973	-0,012442	0,966822	1,801614
159,800000	8,316389	8,345995	1,577557	0,407085	2,551785	-303,346472	917,359615	-2019,940555	8,483096	958,020714	32,946261	29,417713	30,519857	30,420829	32,240597	-2,670301	1,193438	1,072418	176922,459188	-0,187986	-0,000466	1,081923	1,953755	2,038973	-0,124432	-0,124426	14,062880	-0,011891	0,968502	1,802314
160,000000	8,315917	8,345717	1,575583	0,406909	2,553741	-339,214646	917,342576	-1992,044109	8,481960	959,412299	32,950224	29,417009	30,516915	30,421728	32,239142	-2,670123	1,192722	1,072487	176882,087444	-0,187357	-0,000345	1,071334	1,956273	2,038225	-0,124434	-0,124428	14,074111	-0,011463	0,970458	1,803810
160,200000	8,315133	8,345181	1,573145	0,406742	2,554121	-485,598397	917,459921	-2061,486953	8,480678	959,804878	32,954089	29,417236	30,511250	30,426279	32,237154	-2,670454	1,193041	1,072878	176888,338581	-0,187263	-9,628725E-5	1,166449	1,958915	2,038664	-0,124433	-0,124433	14,077300	-0,011364	0,972615	1,804231
160,400000	8,314114	8,344633	1,574096	0,406438	2,550715	-613,823849	917,550051	-2187,361367	8,479113	958,777168	32,953900	29,417404	30,505232	30,430420	32,232668	-2,671155	1,194289	1,072579	176911,616798	-0,187601	-6,371126E-5	1,252239	1,960297	2,039810	-0,124428	-0,124440	14,068862	-0,011534	0,972864	1,803127
160,600000	8,313409	8,344411	1,579567	0,406254	2,547378	-604,626333	917,685102	-2248,370030	8,477810	956,527261	32,949951	29,418488	30,507182	30,431870	32,228936	-2,671283	1,195866	1,071502	176927,220536	-0,187091	-0,000161	1,163288	1,960871	2,040274	-0,124428	-0,124442	14,050285	-0,011817	0,971063	1,800708
160,800000	8,313060	8,344319	1,578376	0,406785	2,546881	-582,555537	917,897044	-2233,691942	8,476497	954,981116	32,943075	29,420832	30,517586	30,429850	32,230698	-2,670816	1,196165	1,071165	176927,449987	-0,186657	-0,000233	1,059030	1,960991	2,039918	-0,124431	-0,124439	14,037655	-0,012158	0,971588	1,799044
161,000000	8,312775	8,343997	1,569461	0,407127	2,548881	-661,756645	917,524782	-2266,633235	8,474676	955,733564	32,934038	29,421245	30,527311	30,426203	32,233754	-2,670820	1,195479	1,071386	176926,211065	-0,187041	-0,000234	1,100552	1,960478	2,039488	-0,124430	-0,124434	14,044043	-0,012232	0,974703	1,799854
161,200000	8,312454	8,343249	1,569328	0,406431	2,548889	-702,687514	916,655035	-2348,905113	8,472860	958,096354	32,930058	29,418964	30,529565	30,422808	32,232715	-2,671287	1,194946	1,071628	176930,354865	-0,187681	-0,000279	1,201067	1,959769	2,039416	-0,124429	-0,124429	14,063711	-0,012088	0,974337	1,802395
161,400000	8,312145	8,342489	1,578036	0,406177	2,547969	-640,343874	916,752453	-2363,756171	8,471427	958,826627	32,935013	29,418970	30,525799	30,419766	32,230288	-2,671409	1,193999	1,071936	176926,702384	-0,188323	-0,000424	1,148609	1,959233	2,039623	-0,124433	-0,124426	14,069728	-0,011986	0,970687	1,803180
161,600000	8,311820	8,342290	1,578599	0,406461	2,548922	-587,150417	917,524916	-2309,168556	8,470155	956,881088	32,939553	29,421860	30,523662	30,418125	32,231036	-2,671165	1,194028	1,072074	176915,609370	-0,187830	-0,000373	0,969544	1,958245	2,039549	-0,124438	-0,124426	14,053266	-0,011831	0,969948	1,801089
161,800000	8,311548	8,342241	1,569696	0,406254	2,549605	-584,619488	917,633893	-2264,851148	8,468817	955,124945	32,936505	29,422798	30,527229	30,416089	32,237274	-2,670881	1,195367	1,072018	176922,289869	-0,186797	-0,000246	0,944099	1,956273	2,039266	-0,124438	-0,124428	14,038587	-0,011883	0,972334	1,799199
162,000000	8,311514	8,341911	1,562734	0,405913	2,546609	-599,237231	917,093387	-2255,169567	8,467370	954,815612	32,929258	29,420050	30,531902	30,413036	32,245955	-2,670665	1,195237	1,071981	176943,960278	-0,186721	-0,000380	1,065499	1,953788	2,039163	-0,124435	-0,124426	14,036386	-0,012279	0,973729	1,798866
162,200000	8,311472	8,341533	1,564209	0,405311	2,540836	-583,687127	916,629211	-2258,633291	8,465772	955,915049	32,925068	29,417146	30,529964	30,411968	32,252022	-2,670569	1,193396	1,072031	176951,424363	-0,187345	-0,000475	1,140520	1,951830	2,039264	-0,124434	-0,124421	14,045865	-0,012532	0,972157	1,800049
162,400000	8,311046	8,340954	1,571942	0,404888	2,534443	-498,692413	916,756663	-2226,407780	8,464219	958,182883	32,927826	29,416144	30,524447	30,414405	32,253177	-2,670492	1,192173	1,072134	176941,598924	-0,188034	-0,000419	1,102475	1,950480	2,039353	-0,124433	-0,124417	14,064633	-0,012285	0,968487	1,802488
162,600000	8,310413	8,340088	1,572576	0,405901	2,531747	-435,715403	917,170812	-2151,928110	8,462913	958,852669	32,935167	29,417029	30,520954	30,419929	32,247971	-2,670481	1,193223	1,072153	176928,615660	-0,188262	-0,000395	1,044990	1,949006	2,039285	-0,124432	-0,124419	14,069712	-0,011752	0,967412	1,803208
162,800000	8,309916	8,339461	1,567456	0,407180	2,536458	-467,416528	917,312346	-2117,105327	8,461574	956,902018	32,942368	29,418513	30,517136	30,423727	32,240488	-2,670683	1,195188	1,071961	176927,555521	-0,188004	-0,000355	1,113852	1,948288	2,039320	-0,124429	-0,124423	14,053079	-0,011469	0,968903	1,801111
163,000000	8,309603	8,339107	1,567163	0,407258	2,547706	-539,908538	916,959732	-2153,367557	8,460118	955,152812	32,945502	29,417842	30,514591	30,421758	32,237624	-2,670943	1,195056	1,071601	176944,470122	-0,187666	-0,000409	1,166676	1,949092	2,039437	-0,124426	-0,124424	14,038521	-0,011584	0,969371	1,799229
163,200000	8,309229	8,338619	1,571037	0,406771	2,557176	-594,215164	916,460410	-2209,731296	8,458784	954,879497	32,945619	29,417512	30,515301	30,418825	32,238651	-2,671066	1,193863	1,071328	176938,509606	-0,187766	-0,000494	1,128921	1,950235	2,039011	-0,124426	-0,124424	14,036399	-0,011755	0,968430	1,798935
163,400000	8,308498	8,338087	1,574810	0,406334	2,558816	-604,284066	916,332261	-2245,016082	8,457542	956,012569	32,945893	29,418640	30,516266	30,420674	32,240369	-2,671059	1,193732	1,071532	176930,295221	-0,188023	-0,000463	1,140093	1,950924	2,038297	-0,124426	-0,124426	14,045882	-0,011731	0,967295	1,800154
163,600000	8,307740	8,337767	1,574368	0,406036	2,557287	-602,049064	916,545647	-2258,625839	8,456114	957,389097	32,946823	29,418451	30,518905	30,425731	32,239926	-2,671050	1,193841	1,071891	176997,251112	-0,187612	-0,000383	1,126221	1,951284	2,038386	-0,124425	-0,124429	14,057220	-0,011525	0,967616	1,801635
163,800000	8,307310	8,337698	1,577096	0,406113	2,556861	-579,992891	916,938051	-2246,071064	8,454440	956,805470	32,947918	29,418125	30,520690	30,430993	32,234486	-2,671069	1,194671	1,071657	177088,057137	-0,186800	-0,000396	1,029478	1,951442	2,039163	-0,124428	-0,124435	14,052135	-0,011333	0,966669	1,801007
164,000000	8,306950	8,337678	1,579249	0,406736	2,554747	-539,980905	917,392378	-2201,740706	8,452824	955,439792	32,947290	29,419351	30,517712	30,432129	32,229210	-2,670993	1,195568	1,071216	177118,313836	-0,186436	-0,000535	0,941257	1,952117	2,039842	-0,124431	-0,124440	14,040618	-0,011273	0,966180	1,799538
164,200000	8,306501	8,337466	1,570451	0,406963	2,550064	-595,916151	917,285483	-2207,929242	8,451416	955,028961	32,943485	29,420632	30,518105	30,425991	32,227699	-2,670890	1,193545	1,071312	177087,096397	-0,186905	-0,000517	0,881364	1,953430	2,039908	-0,124433	-0,124442	14,037359	-0,011460	0,970116	1,799096
164,400000	8,306157	8,336939	1,569355	0,406152	2,548582	-712,438989	916,500925	-2299,211522	8,450053	955,103417	32,938333	29,419875	30,523293	30,418812	32,228503	-2,671001	1,189872	1,071512	177045,739530	-0,187506	-0,000225	0,892007	1,954664	2,039505	-0,124434	-0,124441	14,038409	-0,011886	0,971108	1,799176
164,600000	8,306019	8,336137	1,579622	0,405531	2,550230	-751,068990	915,918693	-2371,581017	8,448667	955,192813	32,935088	29,417613	30,524943	30,417521	32,232115	-2,671169	1,188199	1,071835	177017,081548	-0,187772	8,190495E-5	0,996853	1,955963	2,039174	-0,124431	-0,124437	14,039436	-0,012162	0,967812	1,799272
164,800000	8,305660	8,335507	1,579099	0,405454	2,552804	-727,039543	915,960946	-2369,771744	8,447172	954,332619	32,934906	29,416470	30,522652	30,420688	32,235133	-2,671187	1,188812	1,072106	177015,784674	-0,188210	6,308926E-5	1,039612	1,957131	2,039207	-0,124428	-0,124432	14,032192	-0,012138	0,968517	1,798346
165,000000	8,305005	8,335364	1,569841	0,405463	2,554243	-669,032083	916,216062	-2332,231679	8,445451	953,124217	32,934297	29,417760	30,523360	30,421924	32,235169	-2,671126	1,190325	1,071752	177035,219209	-0,188772	-0,000150	0,982220	1,957209	2,039814	-0,124429	-0,124429	14,021897	-0,011990	0,972031	1,797044
165,200000	8,304561	8,335259	1,564262	0,405863	2,555268	-601,681286	916,243062	-2301,905089	8,443709	953,730415	32,930552	29,419330	30,526670	30,418085	32,236707	-2,671025	1,192277	1,071432	176999,774715	-0,188658	-0,000256	0,973978	1,956352	2,040279	-0,124433	-0,124428	14,026928	-0,011931	0,973715	1,797697
165,400000	8,304236	8,334826	1,563828	0,406160	2,553467	-582,118952	916,013405	-2288,802501	8,442184	955,061400	32,926709	29,419193	30,530264	30,412410	32,241625	-2,670905	1,193685	1,071325	176960,556731	-0,187849	-0,000384	1,037073	1,955609	2,039852	-0,124439	-0,124426	14,038221	-0,012050	0,973477	1,799131
165,600000	8,303906	8,334308	1,569308	0,405554	2,546454	-575,272826	915,810830	-2274,004563	8,440835	955,422475	32,925976	29,418155	30,535712	30,409767	32,245352	-2,670747	1,192293	1,071675	176999,805216	-0,187502	-0,000541	1,025396	1,955235	2,039016	-0,124440	-0,124421	14,041408	-0,012208	0,971180	1,799519
165,800000	8,303794	8,333961	1,576779	0,404929	2,539173	-540,697147	915,967355	-2237,187069	8,439480	954,416256	32,928479	29,418123	30,534572	30,411040	32,245134	-2,670624	1,187553	1,072425	177047,377779	-0,187829	-0,000520	0,959315	1,954943	2,038564	-0,124436	-0,124415	14,032958	-0,012202	0,968179	1,798436
166,000000	8,303531	8,333723	1,580185	0,405280	2,539264	-518,657035	916,471125	-2199,073678	8,438210	953,114046	32,934659	29,418999	30,524389	30,414028	32,242760	-2,670623	1,185882	1,072760	177055,081055	-0,187788	-0,000437	1,012498	1,954696	2,038595	-0,124431	-0,124414	14,021794	-0,011973	0,966717	1,797033
166,200000	8,302734	8,333425	1,578953	0,405820	2,545792	-525,319381	917,014637	-2188,333118	8,436987	953,755696	32,941566	29,419115	30,515892	30,417025	32,241584	-2,670579	1,190073	1,072549	177051,019214	-0,187456	-0,000482	1,101725	1,954591	2,038855	-0,124429	-0,124420	14,026740	-0,011530	0,967069	1,797725
166,400000	8,301771	8,333016	1,574010	0,406009	2,551268	-548,034314	917,289601	-2199,521952	8,435594	954,278482	32,941731	29,418839	30,514614	30,419228	32,243228	-2,670424	1,194137	1,072017	177015,622169	-0,187911	-0,000513	1,105418	1,954651	2,039316	-0,124428	-0,124424	14,030754	-0,011155	0,968911	1,798288
166,600000	8,301281	8,332667	1,570634	0,405839	2,553722	-560,234596	917,117970	-2214,708187	8,434198	952,580539	32,937602	29,418493	30,516500	30,421666	32,245921	-2,670417	1,195911	1,072003	176942,487288	-0,188495	-0,000424	1,031904	1,954864	2,039533	-0,124427	-0,124426	14,016434	-0,011095	0,970261	1,796459
166,800000	8,301199	8,332306	1,570053	0,405391	2,554020	-554,233909	916,793154	-2223,589423	8,432668	950,989796	32,937271	29,416828	30,517645	30,424002	32,247359	-2,670588	1,195389	1,072514	176902,455481	-0,187945	-0,000220	0,981081	1,955435	2,039256	-0,124426	-0,124427	14,002939	-0,010969	0,970736	1,794744
167,000000	8,300852	8,331624	1,570339	0,405944	2,552160	-522,772437	916,866817	-2220,270389	8,430961	950,771038	32,941891	29,414809	30,517899	30,425616	32,244931	-2,670743	1,193608	1,072803	176909,240176	-0,187203	-6,411621E-5	1,078801	1,956488	2,039325	-0,124424	-0,124428	14,000757	-0,010626	0,971087	1,794508
167,200000	8,300162	8,330945	1,567890	0,406917	2,546540	-490,076121	917,403877	-2191,986810	8,429483	951,882957	32,947953	29,414915	30,516143	30,428362	32,237151	-2,670956	1,192249	1,072798	176916,037696	-0,187034	-0,000168	1,167006	1,957525	2,039839	-0,124421	-0,124429	14,010010	-0,010532	0,972452	1,795707
167,400000	8,299498	8,330630	1,564036	0,406921	2,540229	-517,979880	917,792579	-2172,109772	8,428168	954,065464	32,950099	29,416859	30,514776	30,430607	32,229022	-2,671149	1,189640	1,072311	176914,747020	-0,186966	-0,000312	1,092931	1,958182	2,039965	-0,124425	-0,124434	14,028691	-0,010881	0,974197	1,798058
167,600000	8,299156	8,330511	1,566300	0,406927	2,535868	-532,179548	917,863913	-2182,134472	8,426667	954,609978	32,947122	29,419234	30,517036	30,427796	32,228814	-2,671126	1,186352	1,072020	176914,054762	-0,187258	-0,000310	1,048952	1,958689	2,039950	-0,124432	-0,124435	14,033783	-0,011401	0,973576	1,798645
167,800000	8,299195	8,330261	1,566998	0,406707	2,533522	-493,486298	917,961174	-2180,370274	8,425079	952,579335	32,942133	29,420571	30,520206	30,420965	32,235538	-2,670920	1,185297	1,072120	176887,777501	-0,188222	-0,000341	1,116396	1,959336	2,040212	-0,124434	-0,124430	14,017171	-0,011842	0,973613	1,796457
168,000000	8,299254	8,329849	1,568552	0,405862	2,534104	-470,267672	917,796927	-2158,518920	8,423642	950,827949	32,937601	29,419989	30,524069	30,417292	32,241318	-2,670636	1,186314	1,071794	176812,813469	-0,189007	-0,000350	1,120771	1,960289	2,040216	-0,124430	-0,124428	14,002619	-0,012010	0,973468	1,794569
168,200000	8,298899	8,329552	1,579417	0,405863	2,540900	-480,989045	917,392024	-2137,906898	8,422284	950,595210	32,934546	29,418292	30,529948	30,419977	32,242446	-2,670479	1,186823	1,072143	176749,045874	-0,188579	-0,000194	1,099710	1,961141	2,039972	-0,124428	-0,124430	14,000494	-0,011842	0,969779	1,794318
168,400000	8,298209	8,329399	1,580939	0,406975	2,553114	-564,359009	917,212491	-2150,635756	8,420927	951,732561	32,932759	29,417148	30,533157	30,423545	32,239180	-2,670576	1,187726	1,072440	176772,710538	-0,187741	-0,000159	1,120144	1,960809	2,040172	-0,124432	-0,124431	14,009976	-0,011762	0,969041	1,795545
168,600000	8,297739	8,328981	1,567866	0,407455	2,563721	-684,143822	917,349965	-2229,259715	8,419356	953,925255	32,929258	29,417723	30,532446	30,421376	32,235543	-2,670793	1,189600	1,071769	176821,026099	-0,187764	-0,000303	1,137691	1,958817	2,040522	-0,124433	-0,124434	14,028730	-0,012097	0,972940	1,797907
168,800000	8,297598	8,328188	1,562225	0,406978	2,565910	-714,204538	917,358858	-2321,162845	8,417671	954,476895	32,923176	29,419276	30,529532	30,413131	32,237065	-2,670957	1,190214	1,071664	176801,926858	-0,188323	-0,000350	1,213479	1,956382	2,040304	-0,124434	-0,124435	14,033804	-0,012539	0,973775	1,798501
169,000000	8,297434	8,327479	1,567745	0,405965	2,561370	-684,120855	916,864967	-2354,740312	8,416144	952,506163	32,919263	29,420138	30,526503	30,405723	32,242711	-2,671027	1,190092	1,071963	176762,636393	-0,188978	-0,000200	1,248630	1,954839	2,039802	-0,124436	-0,124431	14,017172	-0,012457	0,970827	1,796378
169,200000	8,297000	8,326874	1,572260	0,404036	2,552267	-678,224723	916,105534	-2353,926723	8,414552	950,836692	32,919097	29,418660	30,525463	30,407232	32,247726	-2,671188	1,188473	1,072353	176765,975000	-0,189240	-6,928369E-5	1,164119	1,954333	2,039288	-0,124435	-0,124424	14,002615	-0,011932	0,968809	1,794579
169,400000	8,296559	8,326305	1,575970	0,403267	2,540095	-646,099026	915,695421	-2330,182514	8,412872	951,484534	32,921371	29,415558	30,522843	30,416703	32,250722	-2,671370	1,186305	1,072535	176784,925885	-0,188533	-0,000172	1,165038	1,954553	2,038865	-0,124432	-0,124422	14,007910	-0,011781	0,967465	1,795277
169,600000	8,296177	8,326088	1,579137	0,404813	2,532172	-558,443028	916,160534	-2254,392496	8,411206	953,809905	32,926357	29,414352	30,518494	30,424420	32,251270	-2,671162	1,187466	1,072262	176783,458970	-0,187899	-0,000289	1,240331	1,954911	2,038860	-0,124428	-0,124427	14,027551	-0,011886	0,966420	1,797783
169,800000	8,295676	8,326087	1,571838	0,406062	2,534717	-517,618175	916,890849	-2190,104351	8,409672	954,574964	32,929675	29,415680	30,518179	30,424995	32,249051	-2,670774	1,191143	1,072008	176817,677901	-0,188120	-0,000340	1,168070	1,954555	2,039336	-0,124427	-0,124430	14,033773	-0,011685	0,968983	1,798607
170,000000	8,295293	8,325909	1,560941	0,405603	2,542790	-551,854832	916,915518	-2201,295538	8,408389	952,670219	32,928689	29,415835	30,520709	30,421473	32,246224	-2,670736	1,193942	1,071946	176886,892370	-0,188362	-0,000392	1,030246	1,953336	2,039639	-0,124430	-0,124430	14,017391	-0,011298	0,972491	1,796555
170,200000	8,294849	8,325335	1,564999	0,405280	2,546485	-598,848165	916,643259	-2248,186855	8,407152	950,936410	32,929242	29,414929	30,520027	30,419077	32,243078	-2,670983	1,194442	1,072279	176910,175236	-0,188195	-0,000369	1,018636	1,952149	2,039158	-0,124429	-0,124428	14,002702	-0,011181	0,970302	1,794686
170,400000	8,294175	8,324563	1,579111	0,406021	2,548250	-647,551671	916,891235	-2283,843093	8,405772	951,523749	32,934184	29,416641	30,518879	30,421284	32,239234	-2,671120	1,194014	1,072507	176913,889175	-0,188067	-0,000248	1,081934	1,951799	2,038789	-0,124426	-0,124424	14,007899	-0,011440	0,964727	1,795320
170,600000	8,293369	8,323995	1,583462	0,406615	2,553017	-706,158135	917,263911	-2316,001745	8,404320	953,838546	32,939407	29,419258	30,515604	30,426544	32,235972	-2,671223	1,193505	1,072440	176925,008794	-0,188195	-0,000211	1,105583	1,952223	2,039056	-0,124427	-0,124422	14,027530	-0,011625	0,963233	1,797814
170,800000	8,292479	8,323541	1,572475	0,406475	2,558958	-755,832276	916,980821	-2363,372628	8,402882	954,595113	32,940234	29,418945	30,505965	30,430507	32,232477	-2,671568	1,193226	1,072092	176921,200308	-0,188348	-0,000338	1,121751	1,953148	2,039587	-0,124431	-0,124429	14,033767	-0,011510	0,967730	1,798629
171,000000	8,291794	8,323163	1,559851	0,406080	2,558708	-764,728944	916,501902	-2407,973760	8,401389	952,645344	32,936083	29,417272	30,504039	30,430697	32,230034	-2,671784	1,193205	1,071655	176917,277387	-0,188094	-0,000391	1,142957	1,954420	2,039899	-0,124432	-0,124435	14,017393	-0,011509	0,973099	1,796528
171,200000	8,291480	8,322862	1,561911	0,406087	2,550830	-746,930371	916,388048	-2431,175758	8,399857	950,876264	32,927253	29,416861	30,517084	30,428065	32,230597	-2,671680	1,192220	1,071621	176924,358418	-0,187937	-0,000352	1,066839	1,955500	2,039606	-0,124428	-0,124434	14,002704	-0,011688	0,972866	1,794621
171,400000	8,291308	8,322481	1,572225	0,406485	2,539439	-719,709363	916,099795	-2415,991712	8,398455	951,508454	32,919157	29,416003	30,529299	30,425397	32,232487	-2,671605	1,189527	1,071426	176923,052430	-0,188494	-0,000338	0,904241	1,955845	2,039365	-0,124424	-0,124432	14,007899	-0,011569	0,969135	1,795303
171,600000	8,291067	8,322021	1,575250	0,407007	2,530171	-685,450299	916,093788	-2364,916504	8,397202	953,877042	32,920322	29,416310	30,531082	30,423374	32,232760	-2,671543	1,185767	1,071521	176914,100020	-0,188795	-0,000329	0,865217	1,955719	2,039564	-0,124424	-0,124433	14,027530	-0,011301	0,967891	1,797855
171,800000	8,290682	8,321535	1,568447	0,407011	2,528304	-661,344059	917,118892	-2320,991964	8,395842	955,518467	32,925563	29,420413	30,528816	30,421114	32,230552	-2,671371	1,182575	1,071768	176915,738592	-0,188542	-0,000450	0,999065	1,955515	2,039893	-0,124427	-0,124434	14,041184	-0,011178	0,970283	1,799623
172,000000	8,290015	8,321325	1,565063	0,406520	2,534640	-637,933677	917,977200	-2307,569096	8,394385	954,750707	32,925854	29,424238	30,528450	30,418619	32,229870	-2,671144	1,181673	1,071529	176930,615883	-0,188293	-0,000612	1,070517	1,954856	2,040049	-0,124433	-0,124435	14,034968	-0,011405	0,971201	1,798796
172,200000	8,289289	8,321405	1,576269	0,406368	2,544010	-582,556426	917,767897	-2289,755008	8,393015	952,318059	32,921248	29,423622	30,531114	30,416017	32,234809	-2,670897	1,184658	1,071840	176949,710878	-0,187955	-0,000523	1,086896	1,953819	2,039977	-0,124438	-0,124436	14,015163	-0,012029	0,966480	1,796176
172,400000	8,289177	8,321294	1,587393	0,406032	2,552303	-513,254339	917,245365	-2221,789995	8,391645	950,658202	32,916415	29,420208	30,533045	30,413651	32,245559	-2,670604	1,188309	1,072278	176984,244670	-0,187553	-0,000375	1,171644	1,953232	2,039903	-0,124439	-0,124434	14,001645	-0,012463	0,962038	1,794386
172,600000	8,289593	8,320657	1,581971	0,405143	2,561418	-509,903382	916,925681	-2158,763359	8,390179	951,377040	32,916063	29,418245	30,529685	30,413949	32,254850	-2,670401	1,188092	1,072030	177038,952525	-0,187835	-0,000301	1,238607	1,953474	2,039657	-0,124435	-0,124426	14,007944	-0,012719	0,964109	1,795161
172,800000	8,289729	8,319618	1,565240	0,404685	2,571170	-608,905470	916,414629	-2196,914044	8,388679	953,732270	32,919016	29,417776	30,523951	30,417375	32,252894	-2,670663	1,184611	1,072003	177067,970647	-0,188440	-0,000134	1,315629	1,954237	2,039280	-0,124432	-0,124420	14,027754	-0,012741	0,970655	1,797699
173,000000	8,289403	8,318732	1,558601	0,405177	2,574134	-720,492769	915,677064	-2306,986192	8,387093	955,445592	32,920544	29,417218	30,520907	30,419077	32,243994	-2,671195	1,180599	1,072112	177067,914024	-0,188531	-8,227492E-5	1,373645	1,955084	2,039258	-0,124430	-0,124424	14,041258	-0,011864	0,973497	1,799544
173,200000	8,288795	8,318227	1,567601	0,405553	2,566518	-746,123254	915,442321	-2384,586508	8,385358	955,728546	32,920604	29,417045	30,520791	30,417239	32,238457	-2,671404	1,177958	1,071818	177081,407360	-0,188902	-0,000215	1,313734	1,955918	2,039641	-0,124429	-0,124426	14,042369	-0,010601	0,970443	1,799849
173,400000	8,288263	8,317855	1,575009	0,405144	2,554431	-695,924430	915,713512	-2386,253583	8,383735	955,525346	32,922095	29,418037	30,521325	30,414874	32,239369	-2,671337	1,178406	1,071817	177083,646930	-0,188948	-0,000163	1,244166	1,956740	2,039730	-0,124432	-0,124421	14,040135	-0,010072	0,968016	1,799630
173,600000	8,288115	8,317554	1,576441	0,404954	2,544480	-622,872648	915,932334	-2326,665579	8,382370	956,275577	32,924976	29,419166	30,520313	30,414990	32,244100	-2,671259	1,181815	1,071985	177039,991165	-0,188041	-0,000103	1,213231	1,957690	2,038954	-0,124431	-0,124420	14,046510	-0,010152	0,967909	1,800437
173,800000	8,287968	8,317436	1,578008	0,405618	2,540449	-598,880774	915,925115	-2264,106351	8,381139	958,392112	32,927926	29,419488	30,517206	30,419543	32,246397	-2,671134	1,184951	1,072023	177016,417100	-0,187815	-0,000215	1,170296	1,958239	2,038329	-0,124426	-0,124422	14,064137	-0,010036	0,967568	1,802713
174,000000	8,287231	8,317292	1,573759	0,406178	2,542645	-661,681589	915,809070	-2272,637233	8,379934	959,048985	32,931570	29,419854	30,515638	30,427224	32,242197	-2,671022	1,185858	1,071834	177052,856754	-0,188282	-0,000258	1,112929	1,957367	2,038819	-0,124426	-0,124425	14,069403	-0,009798	0,968714	1,803419
174,200000	8,286165	8,317089	1,569775	0,406534	2,549851	-675,299661	915,995139	-2309,367136	8,378591	957,076019	32,935580	29,420240	30,515911	30,433102	32,234645	-2,671002	1,185142	1,071029	177083,768995	-0,188168	-0,000353	1,054126	1,955722	2,039541	-0,124430	-0,124429	14,053062	-0,009992	0,969380	1,801298
174,400000	8,285487	8,317050	1,574142	0,407292	2,555853	-562,058691	916,790565	-2270,468610	8,377114	955,275211	32,937035	29,420687	30,516223	30,432246	32,230874	-2,670872	1,185612	1,070814	177082,032482	-0,187911	-0,000487	1,032110	1,954007	2,039828	-0,124433	-0,124434	14,038576	-0,010611	0,966881	1,799361
174,600000	8,285198	8,317118	1,573082	0,407265	2,557672	-478,615778	917,589809	-2198,906641	8,375683	954,064251	32,935604	29,421416	30,520367	30,425599	32,231206	-2,670795	1,187711	1,071386	177069,172898	-0,187873	-0,000516	1,097181	1,951783	2,040048	-0,124434	-0,124432	14,029005	-0,011204	0,966196	1,798057
174,800000	8,285019	8,316981	1,566837	0,406455	2,556487	-464,290804	917,650217	-2172,060058	8,374150	953,055151	32,933461	29,421387	30,525427	30,420251	32,232166	-2,671048	1,188604	1,071732	177042,837722	-0,187515	-0,000493	1,163386	1,950348	2,040156	-0,124436	-0,124428	14,020888	-0,011561	0,967839	1,796970
175,000000	8,284918	8,316423	1,565931	0,406138	2,554103	-409,593343	917,408224	-2137,996763	8,372420	953,772741	32,932533	29,420335	30,524890	30,422064	32,233946	-2,671137	1,188442	1,072143	177014,637507	-0,187340	-0,000382	1,131354	1,951084	2,039786	-0,124439	-0,124428	14,027179	-0,011826	0,968489	1,797743
175,200000	8,284812	8,316003	1,565613	0,406409	2,547820	-359,181935	917,614840	-2068,813081	8,370836	955,109722	32,932371	29,419730	30,522044	30,427030	32,236710	-2,670919	1,189675	1,072206	177023,303239	-0,187750	-0,000180	1,068738	1,952668	2,039587	-0,124436	-0,124433	14,038511	-0,011935	0,969345	1,799183
175,400000	8,284403	8,315912	1,564608	0,407367	2,537513	-404,997899	917,706098	-2046,969867	8,369565	955,452446	32,929271	29,419618	30,524021	30,427878	32,239188	-2,670789	1,191757	1,071804	177032,479230	-0,187856	-0,000111	1,024356	1,953774	2,040090	-0,124431	-0,124440	14,041467	-0,012015	0,970272	1,799552
175,600000	8,284007	8,315638	1,572158	0,408211	2,531078	-465,859068	917,182790	-2085,883428	8,368353	955,286502	32,922607	29,419339	30,529989	30,423001	32,241344	-2,670663	1,191860	1,071472	176983,070754	-0,187653	-0,000287	1,032412	1,954625	2,040319	-0,124432	-0,124440	14,040340	-0,012280	0,967835	1,799373
175,800000	8,284013	8,315004	1,579893	0,407436	2,534588	-500,697278	916,772832	-2126,061599	8,367089	956,036507	32,916776	29,419807	30,534257	30,415045	32,245178	-2,670342	1,190058	1,071566	176929,134343	-0,188296	-0,000339	1,146377	1,955183	2,039907	-0,124433	-0,124430	14,046762	-0,012410	0,965152	1,800180
176,000000	8,283637	8,314359	1,577927	0,406069	2,545327	-540,982362	916,507422	-2156,931965	8,365711	958,119936	32,916692	29,418984	30,535404	30,409256	32,249827	-2,670047	1,189040	1,072459	176919,315184	-0,189207	-0,000290	1,229461	1,955238	2,039283	-0,124431	-0,124422	14,064190	-0,012370	0,965856	1,802421
176,200000	8,282689	8,313810	1,571553	0,405424	2,555183	-583,539231	916,129674	-2191,688879	8,364114	959,633108	32,920746	29,416040	30,531173	30,408287	32,250380	-2,670284	1,189559	1,072770	176924,744145	-0,188856	-0,000303	1,152319	1,955226	2,038737	-0,124427	-0,124423	14,076790	-0,012293	0,968184	1,804047
176,400000	8,282014	8,313000	1,568200	0,405031	2,561835	-659,259415	915,977678	-2259,493247	8,362610	959,803868	32,924995	29,415131	30,524036	30,410855	32,246612	-2,670937	1,190197	1,072062	176925,981455	-0,187682	-0,000279	1,040768	1,955735	2,038711	-0,124425	-0,124428	14,078033	-0,012106	0,969597	1,804230
176,600000	8,281771	8,312231	1,574392	0,404878	2,564329	-702,944079	916,126930	-2325,732487	8,361189	959,566718	32,927889	29,417520	30,523516	30,413870	32,244137	-2,671227	1,191574	1,071794	176919,175496	-0,187190	-0,000388	0,985692	1,957236	2,039039	-0,124426	-0,124429	14,076026	-0,012084	0,967916	1,803975
176,800000	8,281595	8,311868	1,576871	0,404848	2,561060	-680,235169	916,045228	-2328,132032	8,359489	959,433970	32,926161	29,419782	30,526385	30,415463	32,245957	-2,671134	1,194017	1,071650	176905,857744	-0,187305	-0,000543	0,993161	1,959507	2,039284	-0,124429	-0,124427	14,075040	-0,012210	0,968071	1,803833
177,000000	8,281367	8,311618	1,569327	0,404871	2,552669	-646,631511	915,511134	-2300,527760	8,357828	959,459450	32,922906	29,418227	30,523508	30,417082	32,250179	-2,671125	1,195051	1,071796	176899,994304	-0,187312	-0,000602	1,029594	1,961428	2,039097	-0,124430	-0,124426	14,075069	-0,012026	0,971836	1,803860
177,200000	8,281023	8,311071	1,565996	0,405287	2,543426	-596,155120	915,181601	-2274,546864	8,356574	958,646290	32,925042	29,414711	30,517978	30,419699	32,252327	-2,671095	1,194197	1,072561	176910,891198	-0,187408	-0,000478	1,066849	1,962123	2,038815	-0,124431	-0,124425	14,067856	-0,011624	0,973380	1,802986
177,400000	8,280470	8,310402	1,573358	0,405918	2,535012	-506,413551	915,571445	-2228,149790	8,355512	956,604581	32,932292	29,414882	30,515239	30,424580	32,248609	-2,670936	1,194851	1,072793	176954,811056	-0,187589	-0,000177	1,129970	1,962251	2,039154	-0,124431	-0,124424	14,050350	-0,011233	0,970577	1,800791
177,600000	8,279902	8,309984	1,586767	0,406454	2,529980	-413,106487	916,545472	-2148,627266	8,354277	956,060093	32,939581	29,419251	30,516544	30,430959	32,240303	-2,670801	1,196911	1,072598	177021,411703	-0,187499	-9,141029E-5	1,152261	1,962988	2,039555	-0,124431	-0,124426	14,045293	-0,010744	0,965852	1,800205
177,800000	8,279412	8,309841	1,584838	0,406912	2,535295	-427,469532	917,430194	-2093,475477	8,352827	958,043651	32,941381	29,421889	30,521049	30,432182	32,233881	-2,670764	1,197901	1,072241	177053,778288	-0,187257	-0,000264	1,129970	1,964952	2,039611	-0,124429	-0,124429	14,061687	-0,010506	0,967531	1,802339
178,000000	8,279083	8,309956	1,567138	0,407303	2,551853	-508,983717	917,591569	-2128,427725	8,351348	959,737622	32,937351	29,419846	30,524367	30,427564	32,233529	-2,670834	1,198020	1,072096	177050,361951	-0,187441	-0,000317	1,161950	1,967640	2,039873	-0,124426	-0,124429	14,076153	-0,010780	0,975569	1,804159
178,200000	8,278966	8,310077	1,561529	0,407315	2,564825	-516,178870	917,163172	-2184,847288	8,349825	959,943631	32,932884	29,417231	30,523646	30,424025	32,236843	-2,670918	1,196631	1,072203	177049,608526	-0,187665	-0,000220	1,173728	1,969323	2,040144	-0,124424	-0,124427	14,078288	-0,011190	0,978562	1,804380
178,400000	8,278834	8,309950	1,573574	0,407028	2,564246	-445,529175	917,002095	-2161,942313	8,348394	959,671297	32,931963	29,417392	30,522434	30,424440	32,239474	-2,670782	1,194481	1,071973	177038,113615	-0,187561	-0,000178	1,032584	1,968654	2,039872	-0,124423	-0,124426	14,076244	-0,011427	0,973630	1,804088
178,600000	8,278375	8,309559	1,584703	0,406740	2,557346	-359,740869	917,605873	-2077,752850	8,347161	958,659837	32,932340	29,418644	30,524666	30,426657	32,238960	-2,670403	1,193349	1,071872	177033,075609	-0,187561	-0,000215	0,921557	1,965559	2,039701	-0,124425	-0,124427	14,067654	-0,011309	0,967873	1,803001
178,800000	8,277570	8,309114	1,574350	0,406819	2,554720	-319,145712	918,286776	-2011,538906	8,345768	957,469487	32,929675	29,419628	30,527340	30,426841	32,236562	-2,670179	1,193964	1,071847	177082,218500	-0,187594	-0,000277	1,061485	1,961818	2,040265	-0,124430	-0,124427	14,057462	-0,011094	0,969878	1,801721
179,000000	8,277041	8,308794	1,560101	0,407097	2,553882	-312,256550	918,344826	-1991,809414	8,344145	958,077735	32,924259	29,420994	30,527675	30,422694	32,235316	-2,670221	1,194405	1,071887	177124,235516	-0,187925	-0,000256	1,270785	1,959799	2,040816	-0,124434	-0,124427	14,062796	-0,011329	0,974239	1,802375
179,200000	8,276790	8,308679	1,568732	0,407056	2,548095	-293,892079	917,982923	-1980,256365	8,342515	959,378946	32,919265	29,421379	30,531779	30,415148	32,238613	-2,670233	1,190191	1,072027	177105,619507	-0,188239	-0,000229	1,234606	1,959823	2,040436	-0,124435	-0,124426	14,074179	-0,011811	0,970975	1,803774
179,400000	8,276363	8,308585	1,577931	0,406624	2,542147	-324,347850	917,649489	-1971,631205	8,340978	959,741101	32,917246	29,419767	30,540284	30,409190	32,245935	-2,670172	1,184189	1,072148	177079,814425	-0,188041	-0,000385	1,032023	1,960362	2,039432	-0,124434	-0,124421	14,077342	-0,011940	0,967797	1,804163
179,600000	8,275867	8,307946	1,572586	0,405707	2,542288	-449,694723	917,170317	-2030,544199	8,339511	959,613730	32,917682	29,417901	30,539360	30,410308	32,250629	-2,670350	1,182911	1,072214	177070,738264	-0,188056	-0,000544	0,923724	1,960028	2,038912	-0,124432	-0,124421	14,076281	-0,011946	0,969580	1,804026
179,800000	8,275494	8,306948	1,568942	0,405129	2,547299	-519,257226	916,732033	-2125,152502	8,338091	959,480265	32,918738	29,417276	30,527198	30,416576	32,251196	-2,670721	1,184921	1,071720	177077,294995	-0,188666	-0,000512	0,950372	1,958699	2,039172	-0,124430	-0,124427	14,075270	-0,012053	0,970157	1,803883
180,000000	8,275325	8,306375	1,569588	0,405677	2,549352	-452,065607	916,895862	-2133,130679	8,336836	959,470274	32,920345	29,418345	30,520324	30,420833	32,252054	-2,670739	1,187102	1,071903	177101,012484	-0,188840	-0,000389	1,039718	1,957676	2,039547	-0,124430	-0,124430	14,075104	-0,011970	0,969321	1,803872
180,200000	8,275131	8,306151	1,569981	0,406199	2,547540	-389,201618	917,144654	-2080,642178	8,335597	959,499184	32,920290	29,419921	30,524602	30,419741	32,252409	-2,670602	1,189743	1,072662	177117,729998	-0,187899	-0,000206	1,094793	1,957868	2,039544	-0,124431	-0,124427	14,075241	-0,011865	0,969253	1,803903
180,400000	8,274748	8,305612	1,573486	0,405682	2,543745	-406,822109	916,825537	-2067,061914	8,334040	959,515753	32,918087	29,419072	30,529300	30,417417	32,250027	-2,670727	1,191981	1,073052	177092,096966	-0,187671	-2,081783E-5	1,036532	1,958728	2,038835	-0,124431	-0,124419	14,075324	-0,011809	0,968318	1,803921
180,600000	8,274419	8,304857	1,573717	0,405115	2,539872	-463,919656	916,462491	-2102,843377	8,332232	958,637946	32,919864	29,417732	30,526486	30,418474	32,247152	-2,670843	1,193208	1,073029	177038,666366	-0,188686	2,600519E-5	0,922006	1,959676	2,037865	-0,124429	-0,124417	14,067910	-0,011749	0,968617	1,802978
180,800000	8,274052	8,304469	1,568919	0,405325	2,537924	-467,462400	916,781713	-2126,955568	8,330605	957,428706	32,927136	29,418503	30,519965	30,422235	32,244383	-2,670896	1,192765	1,072049	177038,096605	-0,189123	-0,000117	0,899183	1,960158	2,037815	-0,124425	-0,124425	14,057737	-0,011711	0,970602	1,801678
181,000000	8,273368	8,304517	1,571315	0,405765	2,539839	-416,622741	917,544028	-2098,704018	8,329224	958,059687	32,933415	29,419615	30,512727	30,426986	32,241938	-2,671103	1,190165	1,071571	177079,185641	-0,188507	-0,000399	1,057627	1,959195	2,038905	-0,124421	-0,124431	14,062847	-0,011532	0,969198	1,802356
181,200000	8,272599	8,304385	1,576649	0,406241	2,544102	-411,444669	918,130851	-2069,854966	8,328003	958,545436	32,935137	29,420614	30,508740	30,429903	32,240515	-2,671218	1,189961	1,071796	177092,214609	-0,187692	-0,000628	1,281391	1,957099	2,040036	-0,124420	-0,124433	14,066727	-0,011341	0,966126	1,802878
181,400000	8,272092	8,303769	1,571922	0,406801	2,547666	-454,378507	918,063900	-2083,127318	8,326865	956,815558	32,933198	29,420408	30,514781	30,428387	32,240376	-2,670964	1,193238	1,071846	177079,948772	-0,187506	-0,000660	1,316130	1,954979	2,040244	-0,124424	-0,124436	14,052326	-0,011440	0,966810	1,801018
181,600000	8,271707	8,303076	1,565752	0,407045	2,550580	-494,536976	917,194747	-2126,699288	8,325385	955,193986	32,927861	29,418742	30,523436	30,425397	32,241379	-2,670822	1,194475	1,072002	177064,325595	-0,187864	-0,000510	1,177090	1,953069	2,039743	-0,124430	-0,124436	14,038827	-0,011544	0,968151	1,799273
181,800000	8,271295	8,302681	1,573031	0,406948	2,552678	-494,990100	916,421420	-2160,163800	8,323692	954,082455	32,923332	29,417417	30,524736	30,424725	32,239772	-2,671035	1,192596	1,072073	177059,764401	-0,188142	-0,000332	1,059631	1,952154	2,039267	-0,124431	-0,124432	14,029242	-0,011289	0,964926	1,798077
182,000000	8,270878	8,302512	1,579080	0,406973	2,552023	-487,060323	916,621211	-2161,236798	8,322301	953,125998	32,925866	29,417180	30,522496	30,425437	32,234504	-2,671285	1,191938	1,071741	177064,605439	-0,188327	-0,000301	1,074749	1,952634	2,039266	-0,124431	-0,124429	14,020926	-0,011004	0,962874	1,797046
182,200000	8,270426	8,302247	1,571953	0,407299	2,548928	-507,328498	917,390715	-2160,128852	8,321003	953,875192	32,929365	29,419072	30,524431	30,425207	32,230255	-2,671363	1,193213	1,071455	177068,449271	-0,188520	-0,000321	1,145335	1,953518	2,039468	-0,124435	-0,124432	14,027147	-0,010934	0,965953	1,797853
182,400000	8,269913	8,301899	1,565383	0,407154	2,546622	-541,844666	917,780270	-2177,498763	8,319437	955,185636	32,924813	29,421488	30,531647	30,422100	32,231099	-2,671271	1,192653	1,071632	177069,635550	-0,188401	-0,000271	1,113132	1,953910	2,039522	-0,124439	-0,124434	14,038492	-0,011279	0,968601	1,799264
182,600000	8,269517	8,301451	1,563942	0,406368	2,544913	-592,049350	917,052107	-2217,237802	8,317779	955,473560	32,915382	29,420960	30,537215	30,416195	32,236579	-2,671210	1,190433	1,071653	177067,347575	-0,187875	-0,000241	1,079264	1,953646	2,039565	-0,124441	-0,124430	14,041466	-0,011836	0,968989	1,799574
182,800000	8,269636	8,300948	1,567676	0,405403	2,541447	-620,373688	915,886923	-2260,513940	8,316195	955,311769	32,907895	29,417815	30,537499	30,412350	32,244216	-2,671098	1,189371	1,071980	177098,056380	-0,187602	-0,000268	1,140722	1,953119	2,039636	-0,124439	-0,124426	14,040343	-0,012072	0,967276	1,799400
183,000000	8,269844	8,300394	1,574446	0,404547	2,537037	-594,594290	915,670431	-2269,271916	8,314619	954,299114	32,906054	29,416015	30,536670	30,413165	32,249881	-2,670869	1,189381	1,072341	177173,199910	-0,188520	-0,000350	1,187501	1,952472	2,039689	-0,124433	-0,124426	14,031929	-0,012156	0,964357	1,798310
183,200000	8,269367	8,299601	1,578206	0,404737	2,536664	-525,553021	916,381095	-2231,671806	8,313270	952,195235	32,909994	29,417594	30,534930	30,415378	32,248557	-2,670803	1,189221	1,072133	177221,429982	-0,189842	-0,000421	1,158885	1,951757	2,039774	-0,124429	-0,124425	14,014205	-0,012103	0,962504	1,796043
183,400000	8,268543	8,298869	1,578682	0,405895	2,540920	-480,564643	916,959373	-2172,669472	8,312176	950,756602	32,914109	29,418900	30,531193	30,415988	32,243864	-2,670881	1,188499	1,072389	177226,962560	-0,189894	-0,000448	1,062409	1,951448	2,039698	-0,124432	-0,124422	14,001886	-0,011876	0,962082	1,794492
183,600000	8,267972	8,298416	1,574731	0,406629	2,547443	-539,625089	916,839613	-2161,884477	8,310927	950,642455	32,914490	29,418121	30,528448	30,414232	32,242577	-2,670896	1,187977	1,072410	177242,241815	-0,189163	-0,000419	0,923232	1,951736	2,039474	-0,124435	-0,124419	14,000804	-0,011754	0,963648	1,794369
183,800000	8,267670	8,297971	1,570567	0,406472	2,553601	-623,278414	916,413266	-2223,668268	8,309556	950,897246	32,914461	29,417973	30,526482	30,411586	32,244849	-2,670919	1,189051	1,072350	177231,606811	-0,188676	-0,000270	0,890021	1,952604	2,038960	-0,124434	-0,124421	14,002817	-0,011625	0,965587	1,794644
184,000000	8,267433	8,297544	1,572362	0,406267	2,560214	-625,442543	916,177316	-2280,651873	8,308106	951,907013	32,916647	29,418398	30,525590	30,413390	32,247703	-2,671063	1,191823	1,072747	177142,840847	-0,188404	-0,000126	1,050271	1,953612	2,038121	-0,124428	-0,124423	14,011189	-0,011509	0,965362	1,795733
184,200000	8,267009	8,297371	1,574400	0,406049	2,563477	-589,852154	916,095396	-2280,685882	8,306571	953,101045	32,920754	29,418373	30,525260	30,420404	32,246961	-2,671308	1,192930	1,072389	177068,730137	-0,188649	-0,000154	1,253379	1,953910	2,038264	-0,124422	-0,124424	14,021306	-0,011595	0,964726	1,797019
184,400000	8,266381	8,297244	1,569595	0,405601	2,560255	-596,404431	916,244313	-2268,530736	8,305030	951,593748	32,924988	29,418613	30,520093	30,428097	32,240868	-2,671472	1,191510	1,071816	177073,681200	-0,189247	-0,000209	1,312749	1,953252	2,039459	-0,124420	-0,124431	14,008571	-0,011524	0,966175	1,795395
184,600000	8,265744	8,296891	1,559268	0,405991	2,553259	-649,729095	916,556566	-2292,261431	8,303335	949,060226	32,927614	29,419306	30,513569	30,433187	32,233618	-2,671485	1,190416	1,071622	177088,791850	-0,189584	-0,000133	1,215370	1,951932	2,040080	-0,124422	-0,124437	13,987049	-0,011309	0,969361	1,792662
184,800000	8,265133	8,296347	1,556028	0,406654	2,544592	-690,282533	916,645482	-2334,001186	8,301608	949,283940	32,928570	29,419954	30,514388	30,430961	32,229699	-2,671439	1,188717	1,071366	177077,977501	-0,189625	-5,362248E-5	1,100141	1,950743	2,039825	-0,124424	-0,124435	13,989007	-0,011385	0,969942	1,792903
185,000000	8,264511	8,295899	1,565919	0,406131	2,533849	-689,010271	916,445965	-2358,733617	8,300162	950,724427	32,926775	29,419312	30,520198	30,423475	32,229269	-2,671462	1,187156	1,071364	177063,417574	-0,189149	5,136517E-5	1,052111	1,950470	2,039499	-0,124425	-0,124432	14,001363	-0,011624	0,966040	1,794458
185,200000	8,263870	8,295537	1,570758	0,405223	2,524220	-715,059189	916,312356	-2370,252335	8,298910	951,219992	32,923947	29,418386	30,525006	30,420453	32,231257	-2,671680	1,187916	1,071421	177039,565225	-0,188075	6,986829E-5	1,093813	1,951052	2,039368	-0,124425	-0,124433	14,005545	-0,011639	0,964489	1,794992
185,400000	8,263531	8,294917	1,565102	0,405248	2,523474	-772,309427	916,388916	-2399,513911	8,297597	951,160253	32,923885	29,419243	30,525697	30,424672	32,232879	-2,671919	1,188777	1,071035	177021,504940	-0,187343	-0,000216	1,172563	1,952167	2,039304	-0,124426	-0,124431	14,004671	-0,011268	0,967104	1,794928
185,600000	8,263515	8,294354	1,564415	0,405986	2,530747	-725,618339	916,906709	-2400,343842	8,296305	951,068987	32,924268	29,421618	30,523613	30,429434	32,233538	-2,671907	1,190005	1,070897	177053,900476	-0,187718	-0,000471	1,140781	1,954312	2,039649	-0,124431	-0,124430	14,003529	-0,010893	0,968353	1,794829
185,800000	8,263344	8,294496	1,574534	0,406701	2,540162	-581,459150	917,704365	-2311,515693	8,294981	951,036691	32,921738	29,423504	30,524010	30,428702	32,236814	-2,671538	1,192647	1,071056	177098,188955	-0,188526	-0,000496	1,027929	1,957007	2,040209	-0,124434	-0,124433	14,003278	-0,010914	0,965884	1,794794
186,000000	8,263165	8,294904	1,586543	0,406812	2,548561	-485,996860	917,813362	-2194,000213	8,293493	951,018147	32,917094	29,423275	30,528750	30,423277	32,241593	-2,670994	1,192627	1,071116	177098,133964	-0,188918	-0,000442	0,967305	1,958818	2,040078	-0,124434	-0,124435	14,003409	-0,011201	0,962345	1,794774
186,200000	8,263225	8,294652	1,583968	0,406067	2,557239	-482,633500	917,230456	-2132,420882	8,292075	950,107477	32,912968	29,422622	30,534665	30,417072	32,245527	-2,670515	1,189374	1,071482	177067,874108	-0,188995	-0,000351	0,962606	1,959694	2,039375	-0,124434	-0,124430	13,996089	-0,011539	0,963730	1,793792
186,400000	8,263157	8,293940	1,568277	0,405535	2,563947	-512,294669	916,753492	-2146,285242	8,290779	948,878950	32,911847	29,421829	30,535532	30,413073	32,248241	-2,670419	1,188934	1,071865	177053,855134	-0,188736	-0,000247	0,980227	1,960442	2,038922	-0,124435	-0,124422	13,985942	-0,011727	0,969923	1,792466
186,600000	8,262742	8,293248	1,562659	0,405449	2,562676	-494,256121	916,817643	-2174,450253	8,289397	949,478236	32,913821	29,419760	30,532196	30,412385	32,247671	-2,670728	1,189282	1,072083	177059,749912	-0,188512	-0,000183	1,044113	1,961580	2,039018	-0,124434	-0,124418	13,991042	-0,011785	0,972539	1,793113
186,800000	8,262382	8,292636	1,574461	0,405159	2,552336	-445,396411	917,063312	-2153,960101	8,288000	950,811573	32,917316	29,418958	30,530311	30,414479	32,245696	-2,670874	1,185321	1,072075	177062,495251	-0,189077	-0,000182	1,170148	1,962009	2,039423	-0,124430	-0,124421	14,002331	-0,011860	0,968222	1,794552
187,000000	8,262100	8,292321	1,581815	0,404998	2,542754	-417,681111	917,138841	-2111,211717	8,286643	951,149831	32,917926	29,419238	30,532256	30,416313	32,246433	-2,670723	1,182119	1,071712	177060,053072	-0,189731	-0,000153	1,211874	1,960400	2,039610	-0,124430	-0,124427	14,005504	-0,012189	0,964642	1,794916
187,200000	8,261799	8,292244	1,568625	0,405357	2,540155	-404,621945	916,658381	-2080,024574	8,285179	951,833205	32,913069	29,417234	30,535019	30,416378	32,250085	-2,670676	1,182894	1,071643	177055,582552	-0,189414	-0,000117	1,106695	1,958022	2,039345	-0,124433	-0,124429	14,011883	-0,012824	0,968431	1,795653
187,400000	8,261734	8,291934	1,553780	0,405902	2,538512	-405,806500	915,774403	-2069,450310	8,283622	952,886923	32,910117	29,415224	30,533417	30,417745	32,254271	-2,670859	1,185069	1,071906	177054,578585	-0,188645	-0,000207	1,053780	1,956107	2,038965	-0,124429	-0,124428	14,021037	-0,013123	0,973080	1,796789
187,600000	8,261511	8,291141	1,555310	0,405776	2,534162	-423,257029	915,576038	-2088,226451	8,282157	952,288619	32,915862	29,415283	30,526429	30,420583	32,254293	-2,671071	1,186680	1,072456	177053,539226	-0,188871	-0,000258	1,060668	1,953869	2,038912	-0,124425	-0,124428	14,015753	-0,012866	0,971279	1,796144
187,800000	8,260812	8,290331	1,565690	0,405485	2,532732	-458,191315	916,248137	-2124,644438	8,280807	951,022629	32,925619	29,416074	30,519683	30,423478	32,248663	-2,671236	1,187124	1,072744	177063,772476	-0,189457	-8,189155E-5	0,984664	1,951490	2,039089	-0,124426	-0,124431	14,004590	-0,012344	0,966060	1,794779
188,000000	8,260166	8,290084	1,575897	0,406274	2,535007	-473,667111	917,174135	-2140,854299	8,279456	950,720600	32,932667	29,418129	30,518880	30,426866	32,241230	-2,671207	1,188420	1,072524	177079,836681	-0,188952	6,450491E-5	0,932589	1,950144	2,039189	-0,124429	-0,124434	14,001500	-0,011794	0,961531	1,794453
188,200000	8,259562	8,289991	1,576129	0,407366	2,539454	-478,753830	917,817877	-2135,591599	8,278038	950,830354	32,933269	29,420728	30,521870	30,427148	32,236141	-2,671030	1,191263	1,072294	177076,879246	-0,188011	3,316953E-5	0,984199	1,950002	2,039277	-0,124426	-0,124436	14,002544	-0,011915	0,961366	1,794572
188,400000	8,258800	8,289638	1,568787	0,407200	2,546566	-510,552194	917,866937	-2147,114658	8,276581	950,849412	32,928718	29,421807	30,524970	30,423906	32,236744	-2,671066	1,192021	1,071879	177063,442983	-0,187318	-1,973052E-5	1,036404	1,950862	2,039421	-0,124424	-0,124435	14,003535	-0,012745	0,964511	1,794592
188,600000	8,258264	8,289280	1,567555	0,406295	2,553845	-554,213316	917,442880	-2184,479597	8,275168	950,811637	32,925466	29,421450	30,525826	30,423519	32,240145	-2,671237	1,190170	1,071914	177043,899426	-0,187345	-1,832346E-5	1,017164	1,953296	2,039690	-0,124424	-0,124433	14,003697	-0,013225	0,966144	1,794552
188,800000	8,257783	8,288811	1,571847	0,405835	2,557168	-596,086090	916,996186	-2237,953315	8,273852	950,822099	32,924963	29,420376	30,525058	30,427002	32,239030	-2,671266	1,187915	1,072318	177026,239549	-0,188623	-3,009269E-5	1,012164	1,957396	2,039988	-0,124425	-0,124433	14,003563	-0,013002	0,966507	1,794563
189,000000	8,257268	8,288308	1,577447	0,405797	2,555100	-577,694277	916,895132	-2262,028909	8,272637	950,847673	32,924900	29,419000	30,524607	30,429757	32,232707	-2,671257	1,185966	1,071952	177062,596322	-0,189460	-0,000205	1,040167	1,961758	2,040271	-0,124426	-0,124430	14,003481	-0,012706	0,966505	1,794590
189,200000	8,256844	8,288181	1,574560	0,405734	2,552322	-540,559216	916,993304	-2231,434398	8,271183	950,839971	32,923396	29,419397	30,525545	30,428623	32,228296	-2,671265	1,183254	1,071452	177138,473922	-0,188800	-0,000387	0,991952	1,964682	2,040483	-0,124427	-0,124429	14,003478	-0,012767	0,969021	1,794582
189,400000	8,256361	8,288140	1,562774	0,405659	2,551249	-597,598020	917,040529	-2223,613351	8,269425	950,826576	32,917817	29,421690	30,526517	30,423636	32,230328	-2,671163	1,179894	1,071402	177146,585987	-0,188209	-0,000400	0,963329	1,965764	2,040117	-0,124432	-0,124434	14,003492	-0,012894	0,974008	1,794568
189,600000	8,255899	8,287686	1,563315	0,405535	2,550843	-691,839486	916,785082	-2287,430269	8,267755	949,926045	32,910302	29,421591	30,529254	30,415799	32,235855	-2,671032	1,179536	1,071526	177085,826130	-0,188329	-0,000350	1,071222	1,965975	2,039475	-0,124441	-0,124434	13,996081	-0,013056	0,973868	1,793596
189,800000	8,255630	8,286872	1,574525	0,404906	2,549700	-727,354428	916,264608	-2354,743831	8,266206	948,665775	32,906928	29,418852	30,535042	30,410012	32,242083	-2,670965	1,179956	1,072077	177043,781332	-0,188788	-0,000248	1,222220	1,965704	2,039277	-0,124446	-0,124427	13,985922	-0,013501	0,969433	1,792236
190,000000	8,255489	8,286114	1,575075	0,404315	2,550518	-700,429272	915,967020	-2361,918528	8,264715	949,229190	32,907424	29,417258	30,534139	30,412262	32,246576	-2,671090	1,177222	1,072248	177040,630898	-0,189470	-0,000212	1,251670	1,964482	2,039358	-0,124442	-0,124422	13,991037	-0,013875	0,968547	1,792844
190,200000	8,255267	8,285611	1,566658	0,404583	2,551720	-642,570720	915,992986	-2323,891949	8,263331	950,578948	32,908918	29,417280	30,528141	30,418656	32,247588	-2,671276	1,174571	1,071792	177056,482835	-0,190020	-0,000295	1,198984	1,962830	2,039524	-0,124435	-0,124424	14,002333	-0,013818	0,970836	1,794301
190,400000	8,255058	8,285362	1,561860	0,405140	2,547636	-592,823037	916,304341	-2276,545460	8,261969	951,007497	32,910232	29,419430	30,528811	30,420337	32,246985	-2,671153	1,174319	1,071783	177097,730984	-0,189819	-0,000384	1,177462	1,961418	2,039839	-0,124434	-0,124425	14,005506	-0,013387	0,971925	1,794763
190,600000	8,254854	8,285256	1,565378	0,405208	2,539857	-566,980876	916,248078	-2239,505339	8,260504	950,934963	32,909132	29,420364	30,535067	30,415467	32,246340	-2,670946	1,176605	1,071948	177119,030368	-0,189086	-0,000426	1,148733	1,959150	2,039888	-0,124435	-0,124424	14,004466	-0,012957	0,969475	1,794685
190,800000	8,254524	8,285070	1,573134	0,404979	2,537328	-544,155076	915,437583	-2211,102373	8,259023	950,832179	32,907671	29,416683	30,536981	30,411121	32,246938	-2,671061	1,181537	1,072065	177081,247656	-0,188936	-0,000287	1,094127	1,955252	2,039128	-0,124431	-0,124423	14,003461	-0,012816	0,964626	1,794574
191,000000	8,254039	8,284534	1,569740	0,404712	2,541329	-533,381942	915,283240	-2188,922755	8,257646	950,802952	32,910848	29,414261	30,531644	30,412978	32,248388	-2,671344	1,186264	1,072395	177084,201825	-0,189493	5,358117E-5	1,076730	1,950757	2,038328	-0,124429	-0,124423	14,003293	-0,012894	0,963615	1,794542
191,200000	8,253220	8,283565	1,556309	0,404676	2,544115	-569,454060	916,043505	-2201,859077	8,256249	951,697146	32,918204	29,416207	30,524097	30,418911	32,246160	-2,671557	1,188230	1,072513	177162,225849	-0,189450	0,000252	1,150173	1,947462	2,038702	-0,124428	-0,124424	14,010845	-0,012929	0,966914	1,795506
191,400000	8,252280	8,282667	1,555652	0,405029	2,542805	-613,028566	916,415010	-2251,510454	8,254838	952,955515	32,923776	29,418933	30,515888	30,424250	32,239521	-2,671803	1,186895	1,072346	177225,323346	-0,188562	0,000183	1,212675	1,945999	2,039668	-0,124424	-0,124429	14,021086	-0,012596	0,966307	1,796863
191,600000	8,251643	8,282385	1,565450	0,405333	2,541999	-586,719324	916,364023	-2261,213394	8,253529	952,409384	32,924680	29,420018	30,513992	30,426796	32,235564	-2,671754	1,184024	1,071791	177235,150250	-0,188473	3,393499E-5	1,158043	1,945445	2,040093	-0,124423	-0,124437	14,015974	-0,012073	0,962301	1,796274
191,800000	8,251399	8,282518	1,564497	0,405601	2,541443	-513,407052	916,443281	-2198,919736	8,252243	951,965404	32,923431	29,419797	30,522924	30,426925	32,238068	-2,671255	1,182741	1,071361	177226,543885	-0,188966	-0,000169	1,073782	1,945980	2,039996	-0,124426	-0,124438	14,012080	-0,011909	0,962967	1,795796
192,000000	8,251274	8,282470	1,560910	0,406013	2,537906	-469,059824	916,629568	-2138,944837	8,250979	953,649261	32,922293	29,418909	30,530165	30,425842	32,241010	-2,671057	1,183144	1,071801	177229,679801	-0,188975	-0,000231	1,040608	1,947834	2,039744	-0,124426	-0,124433	14,026476	-0,012160	0,965256	1,797610
192,200000	8,251022	8,282006	1,567174	0,406283	2,534327	-459,993277	916,904275	-2117,361010	8,249633	955,239355	32,923189	29,417602	30,528266	30,425394	32,238329	-2,671299	1,184588	1,072391	177231,688367	-0,188954	-9,637157E-5	1,059047	1,949536	2,039591	-0,124426	-0,124431	14,039976	-0,012312	0,963691	1,799322
192,400000	8,250679	8,281406	1,572326	0,406324	2,536406	-478,212002	917,426498	-2121,037564	8,248139	955,505425	32,926115	29,418116	30,525299	30,426041	32,233630	-2,671462	1,186984	1,072447	177220,665711	-0,188613	-0,000127	1,107150	1,950702	2,039770	-0,124431	-0,124432	14,042146	-0,012249	0,962261	1,799609
192,600000	8,250220	8,281160	1,570869	0,406371	2,543224	-492,184697	917,809554	-2136,883593	8,246722	955,261203	32,926545	29,421062	30,527372	30,426601	32,231753	-2,671475	1,189045	1,072106	177206,455975	-0,187996	-0,000303	1,073308	1,952658	2,040058	-0,124436	-0,124437	14,040304	-0,012456	0,963743	1,799346
192,800000	8,249730	8,281251	1,568274	0,406288	2,549030	-500,812338	917,742379	-2144,849740	8,245309	954,194169	32,921806	29,423777	30,532587	30,425461	32,232184	-2,671377	1,189902	1,072079	177196,858684	-0,187763	-0,000315	0,980146	1,955707	2,040199	-0,124436	-0,124438	14,031781	-0,012890	0,966242	1,798197
193,000000	8,249581	8,281260	1,567768	0,405925	2,554350	-565,132909	917,081966	-2169,073127	8,243765	952,933584	32,914471	29,423960	30,537157	30,422136	32,235909	-2,671188	1,189394	1,072194	177194,672971	-0,188152	-0,000226	0,985604	1,958898	2,040142	-0,124433	-0,124431	14,021575	-0,013270	0,968024	1,796839
193,200000	8,249662	8,280950	1,569497	0,405168	2,558018	-631,137360	916,006654	-2227,280435	8,242023	953,519006	32,908095	29,421087	30,538561	30,418571	32,242272	-2,671042	1,188718	1,072020	177203,451422	-0,189210	-0,000126	1,044533	1,961056	2,039780	-0,124430	-0,124428	14,026890	-0,013668	0,968420	1,797470
193,400000	8,249184	8,280357	1,568566	0,404348	2,556092	-657,817594	915,408263	-2281,674048	8,240284	954,837755	32,905450	29,417629	30,538380	30,416820	32,244597	-2,671072	1,188254	1,072043	177214,858146	-0,189790	-6,827256E-5	1,106066	1,961643	2,039515	-0,124430	-0,124429	14,038270	-0,013976	0,969010	1,798890
193,600000	8,248198	8,279668	1,563708	0,404672	2,548844	-706,372192	915,516470	-2324,309650	8,238846	955,196900	32,906296	29,416181	30,537347	30,416698	32,240607	-2,671396	1,187103	1,072101	177225,779924	-0,189099	-0,000116	1,162643	1,961188	2,039497	-0,124432	-0,124428	14,041434	-0,014126	0,970551	1,799276
193,800000	8,247547	8,278980	1,565411	0,405301	2,541132	-743,420345	915,747617	-2369,869264	8,237421	955,097282	32,906309	29,416957	30,535205	30,415415	32,237984	-2,671612	1,186339	1,072377	177238,976601	-0,188524	-0,000129	1,116544	1,960426	2,039474	-0,124434	-0,124427	14,040375	-0,013903	0,969448	1,799169
194,000000	8,247301	8,278491	1,573317	0,404614	2,534327	-707,515922	915,798392	-2374,734501	8,235995	955,059426	32,904517	29,418007	30,533620	30,412312	32,243148	-2,671458	1,186188	1,072572	177245,656614	-0,189306	-1,096573E-5	1,029393	1,959474	2,039472	-0,124437	-0,124429	14,039364	-0,013210	0,965939	1,799129
194,200000	8,247000	8,278061	1,573176	0,403241	2,531056	-716,724475	915,494004	-2361,249739	8,234621	955,073501	32,903391	29,417564	30,532259	30,409875	32,249517	-2,671485	1,186535	1,072192	177217,557137	-0,190211	2,006263E-5	1,057266	1,958363	2,038940	-0,124441	-0,124426	14,039198	-0,012926	0,965396	1,799144
194,400000	8,246480	8,277291	1,567550	0,402621	2,535864	-825,731502	914,765840	-2429,135493	8,232984	956,805406	32,903398	29,415953	30,529801	30,411795	32,248420	-2,671798	1,187115	1,071972	177175,169717	-0,190402	-0,000156	1,075049	1,957385	2,037989	-0,124439	-0,124421	14,054169	-0,013368	0,966947	1,801007
194,600000	8,245857	8,276528	1,565430	0,402719	2,548025	-872,662683	914,354965	-2526,986199	8,231332	960,091535	32,905240	29,415494	30,527301	30,418709	32,242750	-2,671997	1,186258	1,071641	177183,916023	-0,190150	-0,000234	0,935751	1,956193	2,037923	-0,124432	-0,124423	14,081985	-0,013649	0,967071	1,804539
194,800000	8,245512	8,276177	1,565000	0,402737	2,558878	-818,172933	914,580947	-2544,272707	8,229932	961,020634	32,910995	29,417138	30,522354	30,425702	32,237228	-2,672021	1,185367	1,071268	177202,831794	-0,189238	-0,000254	0,877836	1,954882	2,038909	-0,124429	-0,124428	14,089333	-0,013218	0,966527	1,805537
195,000000	8,245460	8,275964	1,570626	0,403823	2,560749	-730,211288	914,894423	-2483,094280	8,228679	959,875318	32,918048	29,417775	30,517994	30,428201	32,233640	-2,671890	1,186986	1,071354	177162,048868	-0,188421	-0,000303	1,012696	1,954359	2,039833	-0,124427	-0,124430	14,079184	-0,012658	0,964114	1,804307
195,200000	8,245263	8,275644	1,579653	0,405657	2,557441	-663,244854	915,319616	-2388,396152	8,227452	959,255183	32,920879	29,417379	30,522152	30,425527	32,233522	-2,671710	1,189797	1,071550	177099,423615	-0,188555	-0,000153	1,130783	1,954635	2,039904	-0,124428	-0,124430	14,073995	-0,012662	0,960855	1,803641
195,400000	8,244782	8,275323	1,575739	0,405710	2,556762	-708,430264	915,913091	-2338,882420	8,226099	959,235159	32,918317	29,418052	30,527441	30,421747	32,234439	-2,671677	1,191497	1,071885	177094,690872	-0,189301	-1,253432E-5	1,138057	1,955065	2,039481	-0,124430	-0,124429	14,074064	-0,012900	0,962509	1,803619
195,600000	8,244088	8,275066	1,565844	0,404779	2,556436	-796,928500	916,140037	-2377,744703	8,224720	958,462755	32,915126	29,417940	30,527237	30,422287	32,233636	-2,671862	1,192445	1,072131	177140,287519	-0,189457	-5,769487E-5	1,119706	1,955781	2,039218	-0,124427	-0,124431	14,067689	-0,012996	0,966550	1,802789
195,800000	8,243514	8,274970	1,568390	0,405002	2,551041	-747,211051	916,300634	-2399,190802	8,223503	956,413808	32,915966	29,417599	30,524562	30,427644	32,233179	-2,671995	1,192621	1,071896	177176,181046	-0,188681	-6,159843E-5	1,172701	1,957077	2,039625	-0,124424	-0,124433	14,050485	-0,012968	0,966214	1,800586
196,000000	8,243264	8,275072	1,575805	0,405757	2,544249	-641,163206	916,854980	-2332,623778	8,222339	954,928763	32,916898	29,419054	30,525748	30,432118	32,234870	-2,671737	1,191767	1,071737	177174,879804	-0,188138	-5,370123E-5	1,225871	1,957437	2,040603	-0,124427	-0,124435	14,037959	-0,012901	0,963617	1,798988
196,200000	8,243033	8,274858	1,576055	0,405903	2,543233	-664,275581	916,900774	-2289,484366	8,220963	955,647626	32,913414	29,420926	30,530304	30,430034	32,236854	-2,671424	1,191689	1,071695	177133,699620	-0,188118	-0,000221	1,179385	1,955962	2,040846	-0,124429	-0,124435	14,044116	-0,013026	0,962784	1,799762
196,400000	8,242850	8,274200	1,570454	0,405691	2,545896	-715,892017	916,124995	-2313,257244	8,219418	957,955494	32,906960	29,422028	30,533720	30,422648	32,238607	-2,671307	1,192062	1,071233	177090,668330	-0,188257	-0,000380	1,116916	1,953968	2,040153	-0,124432	-0,124433	14,063679	-0,013236	0,963838	1,802244
196,600000	8,242901	8,273628	1,565819	0,405509	2,545089	-667,929817	915,340842	-2315,358340	8,217951	959,545310	32,902281	29,420499	30,539461	30,415876	32,241411	-2,671160	1,191971	1,071610	177070,224274	-0,188907	-0,000309	1,136579	1,952086	2,039547	-0,124437	-0,124432	14,077119	-0,013357	0,964614	1,803952
196,800000	8,242816	8,273203	1,571225	0,405560	2,542191	-583,140018	915,222588	-2277,384639	8,216487	958,782749	32,903260	29,417800	30,541531	30,413069	32,243518	-2,671195	1,192083	1,072460	177066,899625	-0,189866	-0,000175	1,203960	1,950429	2,039322	-0,124438	-0,124433	14,070838	-0,013463	0,961739	1,803133
197,000000	8,242307	8,272655	1,575929	0,405554	2,541034	-543,382467	915,823260	-2234,104693	8,215071	956,426079	32,908293	29,418504	30,535579	30,412887	32,242275	-2,671399	1,192918	1,072002	177068,634534	-0,190640	-0,000205	1,239780	1,949484	2,039472	-0,124433	-0,124431	14,051050	-0,013431	0,959438	1,800599
197,200000	8,241428	8,272055	1,567830	0,405061	2,543939	-605,756674	916,143906	-2245,861149	8,213797	954,870518	32,910336	29,421471	30,531230	30,412970	32,239608	-2,671393	1,193296	1,071559	177062,148721	-0,190704	-0,000334	1,220739	1,949440	2,039887	-0,124430	-0,124425	14,037551	-0,012982	0,962359	1,798925
197,400000	8,240633	8,271735	1,564218	0,404648	2,548364	-692,125665	915,504823	-2319,076609	8,212326	955,676669	32,904773	29,422049	30,535143	30,413864	32,241100	-2,671336	1,191240	1,071499	177052,992569	-0,189787	-0,000382	1,179780	1,949820	2,039950	-0,124428	-0,124422	14,043855	-0,012521	0,963880	1,799793
197,600000	8,240432	8,271599	1,570009	0,404768	2,552308	-672,988585	914,627424	-2347,514269	8,210677	958,030922	32,898745	29,418987	30,542471	30,415032	32,247707	-2,671351	1,189016	1,071104	177048,445587	-0,189507	-0,000304	1,113061	1,950300	2,039284	-0,124429	-0,124421	14,063662	-0,012587	0,961963	1,802325
197,800000	8,240612	8,271361	1,567256	0,404908	2,553084	-591,810368	914,558447	-2299,439365	8,209153	959,610398	32,900663	29,416365	30,543165	30,415611	32,253398	-2,671188	1,188886	1,071508	177058,506387	-0,190024	-8,215325E-5	0,992891	1,951101	2,038416	-0,124431	-0,124420	14,077164	-0,012857	0,963377	1,804022
198,000000	8,240619	8,271001	1,561426	0,404774	2,548452	-509,416298	915,340681	-2229,013280	8,207928	958,856551	32,908492	29,416249	30,534280	30,418299	32,254080	-2,670981	1,189545	1,072653	177075,686283	-0,190021	0,000134	0,934579	1,951599	2,038297	-0,124430	-0,124421	14,070858	-0,012865	0,965752	1,803212
198,200000	8,240037	8,270517	1,570521	0,404973	2,541131	-453,791168	916,315096	-2162,343343	8,206794	956,540992	32,915911	29,417226	30,522104	30,422843	32,250140	-2,670995	1,189360	1,072858	177076,778356	-0,189654	2,717426E-5	1,042531	1,951212	2,038953	-0,124427	-0,124422	14,051049	-0,012466	0,962049	1,800723
198,400000	8,239349	8,269992	1,581050	0,405912	2,538953	-485,259570	916,879636	-2134,813333	8,205572	954,977315	32,919570	29,419840	30,515745	30,425781	32,243301	-2,671082	1,188263	1,072197	177068,462672	-0,189291	-0,000261	1,161241	1,950685	2,039467	-0,124424	-0,124423	14,037547	-0,012082	0,957780	1,799040
198,600000	8,239108	8,269576	1,577593	0,406717	2,543856	-567,094367	917,008907	-2170,114665	8,204211	955,744790	32,918477	29,422260	30,517882	30,425234	32,239720	-2,671226	1,188186	1,071930	177061,094297	-0,189424	-0,000294	1,155767	1,950711	2,039615	-0,124424	-0,124424	14,043853	-0,011949	0,959034	1,799866
198,800000	8,238861	8,269136	1,573020	0,406162	2,549153	-612,617045	916,659401	-2220,651097	8,202502	958,109962	32,914548	29,421866	30,524456	30,423335	32,242396	-2,671380	1,189168	1,071600	177032,129200	-0,189532	-0,000250	1,089619	1,950630	2,039421	-0,124428	-0,124424	14,063662	-0,011925	0,960677	1,802410
199,000000	8,238212	8,268445	1,574500	0,405318	2,552277	-625,204838	915,947046	-2252,654837	8,200769	958,820925	32,912882	29,420204	30,527780	30,424852	32,242826	-2,671484	1,190151	1,071376	176959,114894	-0,189113	-0,000384	1,006685	1,949680	2,039112	-0,124428	-0,124429	14,069747	-0,012053	0,959600	1,803174
199,200000	8,237451	8,267803	1,576646	0,406001	2,554047	-582,113405	915,793184	-2251,085564	8,199398	956,857259	32,914977	29,418626	30,525159	30,430032	32,237414	-2,671576	1,192217	1,071806	176911,355955	-0,188716	-0,000479	0,979122	1,948716	2,039496	-0,124426	-0,124435	14,053282	-0,012047	0,958257	1,801063
199,400000	8,237005	8,267657	1,577577	0,407204	2,553309	-492,551016	916,415643	-2196,111454	8,198274	955,101424	32,916970	29,418614	30,523282	30,433397	32,232116	-2,671465	1,194825	1,072051	176984,410900	-0,188642	-0,000456	1,044003	1,949032	2,040395	-0,124429	-0,124434	14,038589	-0,012083	0,958045	1,799174
199,600000	8,236735	8,267909	1,576471	0,407166	2,550040	-469,044563	916,981349	-2142,486650	8,196986	955,665406	32,916176	29,419693	30,523645	30,430414	32,230704	-2,671258	1,195376	1,071892	177090,410785	-0,189104	-0,000484	1,066676	1,950525	2,040812	-0,124434	-0,124430	14,043801	-0,012563	0,959214	1,799781
199,800000	8,236490	8,268095	1,573484	0,406589	2,547846	-486,098532	917,210909	-2131,017162	8,195541	957,958564	32,912452	29,419181	30,525652	30,421753	32,234736	-2,671059	1,194354	1,071677	177083,358955	-0,189218	-0,000566	1,010859	1,952182	2,040461	-0,124434	-0,124428	14,063439	-0,012971	0,961172	1,802247
200,000000	8,236233	8,267852	1,571256	0,406548	2,548191	-476,645724	917,422110	-2129,487714	8,194101	959,591361	32,906504	29,419731	30,533967	30,413641	32,242078	-2,670768	1,194772	1,071593	176994,699206	-0,188605	-0,000428	0,984915	1,953775	2,039871	-0,124433	-0,124427	14,077092	-0,012944	0,962790	1,804002
200,200000	8,235789	8,267259	1,570442	0,406400	2,548742	-504,238170	917,465389	-2142,911201	8,192553	959,728981	32,901587	29,422804	30,541193	30,412353	32,247383	-2,670712	1,194359	1,072038	176938,487681	-0,188497	-0,000219	1,017670	1,955182	2,039518	-0,124433	-0,124426	14,078292	-0,012992	0,963740	1,804150
200,400000	8,235367	8,266472	1,567661	0,406042	2,547276	-590,581625	917,150030	-2197,460200	8,191044	959,438831	32,899625	29,423805	30,537417	30,416639	32,248610	-2,671090	1,189986	1,072197	176941,212839	-0,189258	-0,000230	1,037785	1,956148	2,039516	-0,124432	-0,124427	14,076062	-0,013192	0,965163	1,803838
200,600000	8,235049	8,265594	1,569445	0,406210	2,546111	-654,914337	916,795754	-2263,612901	8,189572	960,226567	32,898194	29,422543	30,532383	30,419580	32,247303	-2,671354	1,185008	1,071113	176952,394864	-0,189883	-0,000388	1,036999	1,956859	2,039733	-0,124432	-0,124429	14,082420	-0,012953	0,964739	1,804684
200,800000	8,234581	8,264981	1,577594	0,406457	2,546503	-645,735669	916,355113	-2295,021381	8,188019	961,512165	32,895199	29,422045	30,535752	30,416630	32,246646	-2,671215	1,183786	1,070794	176966,126053	-0,189772	-0,000493	1,020808	1,956588	2,039867	-0,124435	-0,124430	14,092624	-0,012396	0,961503	1,806065
201,000000	8,234260	8,264631	1,574794	0,406063	2,550025	-599,979887	915,520622	-2283,897723	8,186469	960,937905	32,892288	29,420504	30,541880	30,411082	32,247185	-2,671067	1,185405	1,071536	176958,453586	-0,189884	-0,000364	0,967922	1,954610	2,039356	-0,124435	-0,124428	14,087732	-0,012310	0,961564	1,805448
201,200000	8,234199	8,264117	1,563047	0,405455	2,553897	-570,642131	914,970877	-2259,635991	8,184964	959,542808	32,892386	29,417630	30,540107	30,409777	32,247769	-2,671182	1,186961	1,071689	176915,518998	-0,190970	-0,000280	0,954781	1,952180	2,038434	-0,124431	-0,124423	14,076509	-0,012768	0,964723	1,803950
201,400000	8,233611	8,263481	1,560168	0,404975	2,553928	-569,489347	915,220172	-2253,475277	8,183463	960,009016	32,897235	29,416997	30,531983	30,413637	32,248526	-2,671450	1,188933	1,071957	176909,955882	-0,191595	-0,000220	1,011306	1,950561	2,038318	-0,124429	-0,124419	14,080737	-0,013091	0,964918	1,804451
201,600000	8,232524	8,263315	1,569372	0,404720	2,548829	-558,759178	915,713781	-2245,625011	8,181927	962,240195	32,906322	29,418329	30,524628	30,418616	32,248257	-2,671692	1,189873	1,072601	176930,661267	-0,190818	-3,396288E-5	1,121460	1,949647	2,038998	-0,124428	-0,124422	14,099331	-0,013012	0,960963	1,806846
201,800000	8,232068	8,263529	1,576712	0,404894	2,541584	-516,037591	916,230761	-2201,911379	8,180576	963,878193	32,914561	29,419553	30,518423	30,423039	32,246005	-2,671751	1,189353	1,072785	176946,065940	-0,190049	-5,475553E-5	1,209724	1,950074	2,039500	-0,124425	-0,124429	14,112792	-0,012776	0,958433	1,808603
202,000000	8,231991	8,263432	1,569063	0,405401	2,536693	-493,832024	916,542687	-2154,014941	8,179545	964,039434	32,916513	29,419852	30,518162	30,425853	32,244342	-2,671549	1,189976	1,072611	176958,796643	-0,189930	-0,000175	1,157175	1,952207	2,039497	-0,124426	-0,124434	14,114125	-0,012761	0,962328	1,808776
202,200000	8,231446	8,263041	1,560450	0,406065	2,536137	-489,417546	916,424886	-2139,604894	8,178406	963,758575	32,913111	29,418630	30,525311	30,425371	32,245185	-2,671379	1,190765	1,072660	176951,318738	-0,189857	-0,000154	1,069628	1,954455	2,039297	-0,124431	-0,124432	14,111982	-0,012965	0,966665	1,808475
202,400000	8,231053	8,262646	1,567973	0,406381	2,536712	-443,530451	916,346411	-2129,127940	8,177103	963,634929	32,911316	29,417978	30,530167	30,423739	32,245177	-2,671377	1,190657	1,072760	176941,441870	-0,189527	-5,203999E-5	1,083132	1,955909	2,039237	-0,124428	-0,124426	14,110929	-0,012946	0,964524	1,808342
202,600000	8,230880	8,262136	1,579662	0,406397	2,536678	-414,889170	916,592616	-2100,855772	8,175851	962,812635	32,914751	29,419829	30,524724	30,424387	32,241736	-2,671393	1,189692	1,072967	176932,723507	-0,188834	2,550188E-5	1,168024	1,957082	2,039482	-0,124420	-0,124426	14,103542	-0,012435	0,960651	1,807460
202,800000	8,230312	8,261575	1,581902	0,406700	2,541162	-458,046870	917,255700	-2093,825235	8,174488	961,712467	32,918281	29,421816	30,517908	30,426966	32,236794	-2,671505	1,188256	1,072537	176930,361183	-0,188229	3,927799E-5	1,200961	1,957864	2,039830	-0,124424	-0,124431	14,093601	-0,011697	0,960114	1,806280
203,000000	8,229608	8,261108	1,575099	0,406919	2,549701	-549,565052	917,591460	-2137,293284	8,172943	962,359198	32,916122	29,421559	30,522952	30,427815	32,233215	-2,671720	1,188225	1,071336	176945,769241	-0,188438	2,784920E-5	1,113378	1,958365	2,039831	-0,124431	-0,124435	14,098792	-0,011477	0,962866	1,806974
203,200000	8,228905	8,260667	1,566180	0,406618	2,557272	-674,580800	916,852343	-2245,046081	8,171246	963,651011	32,906755	29,420759	30,533403	30,424872	32,232453	-2,671904	1,189503	1,071040	176948,232479	-0,189062	-9,632337E-5	1,000349	1,958999	2,039730	-0,124432	-0,124435	14,110073	-0,011956	0,966518	1,808359
203,400000	8,228452	8,260376	1,566052	0,406299	2,558347	-709,157934	915,834318	-2340,682841	8,169720	963,051955	32,896398	29,420252	30,538405	30,419844	32,236096	-2,671832	1,190888	1,071279	176933,340625	-0,189017	-0,000363	0,985640	1,959220	2,039851	-0,124432	-0,124432	14,105809	-0,012700	0,966663	1,807717
203,600000	8,228476	8,260179	1,569678	0,405660	2,552485	-598,966772	915,741805	-2298,988942	8,168499	960,788948	32,894058	29,419654	30,538085	30,416421	32,241552	-2,671445	1,191374	1,071121	176924,417787	-0,188932	-0,000484	1,115957	1,957933	2,040065	-0,124434	-0,124429	14,087189	-0,013014	0,964643	1,805288
203,800000	8,228518	8,259740	1,571309	0,404894	2,543796	-483,393347	916,367420	-2180,095637	8,167432	959,212780	32,898460	29,419263	30,535764	30,416586	32,244203	-2,671063	1,191342	1,071130	176931,513349	-0,189648	-0,000404	1,234397	1,954951	2,040161	-0,124440	-0,124430	14,073727	-0,012750	0,962512	1,803595
204,000000	8,228330	8,259201	1,572714	0,405532	2,537420	-425,500266	916,771997	-2096,887936	8,166385	959,057122	32,902926	29,418169	30,534357	30,416928	32,244731	-2,670808	1,192084	1,071740	176949,043784	-0,190589	-0,000358	1,161304	1,952254	2,040091	-0,124440	-0,124434	14,072398	-0,012725	0,960601	1,803428
204,200000	8,227826	8,258861	1,567601	0,406401	2,535627	-415,520975	916,843963	-2070,442285	8,165145	959,289076	32,902664	29,416999	30,535375	30,413831	32,245211	-2,670711	1,192003	1,072284	176974,152827	-0,190665	-0,000241	1,052831	1,951463	2,040128	-0,124438	-0,124435	14,074543	-0,012927	0,962097	1,803677
204,400000	8,227432	8,258639	1,561529	0,405848	2,539022	-424,663506	916,696783	-2086,434844	8,163692	958,528434	32,898087	29,417106	30,538085	30,409455	32,249643	-2,670846	1,189794	1,072698	177012,827124	-0,189499	1,202941E-5	1,023001	1,952007	2,039903	-0,124439	-0,124433	14,068179	-0,012935	0,964633	1,802860
204,600000	8,227510	8,258162	1,565272	0,405002	2,543005	-421,900965	916,317938	-2103,371930	8,162182	957,306190	32,895699	29,417449	30,539276	30,408531	32,257425	-2,671041	1,186001	1,073077	177033,400002	-0,188889	0,000159	1,012380	1,952982	2,038880	-0,124439	-0,124431	14,057989	-0,012990	0,963659	1,801546
204,800000	8,227365	8,257343	1,573282	0,404652	2,542751	-422,417744	916,039762	-2099,703610	8,160705	957,893873	32,898021	29,417002	30,536607	30,412421	32,260871	-2,671130	1,184402	1,072720	177044,931747	-0,189903	7,550479E-5	1,048199	1,953483	2,038040	-0,124433	-0,124425	14,062888	-0,012962	0,960811	1,802178
205,000000	8,226768	8,256752	1,573459	0,404352	2,541205	-434,359798	916,157784	-2090,607939	8,159157	958,398904	32,901692	29,417993	30,531190	30,419460	32,256963	-2,671231	1,187699	1,072500	177084,069363	-0,190809	-7,935248E-5	1,044518	1,952985	2,038420	-0,124427	-0,124422	14,066693	-0,012535	0,960418	1,802721
205,200000	8,226078	8,256463	1,565647	0,404811	2,543773	-494,971543	916,306602	-2117,205985	8,157471	956,743778	32,905511	29,419863	30,525623	30,425135	32,248762	-2,671499	1,191900	1,072342	177110,984361	-0,190543	-0,000137	0,977620	1,952358	2,039231	-0,124428	-0,124424	14,052305	-0,012022	0,962981	1,800941
205,400000	8,225549	8,255997	1,563620	0,406029	2,547304	-590,940507	916,000636	-2195,801022	8,155823	955,178684	32,908766	29,418718	30,523966	30,424564	32,242697	-2,671667	1,193777	1,071460	177100,217890	-0,190415	-0,000147	1,032936	1,952270	2,039439	-0,124433	-0,124431	14,038827	-0,011672	0,963650	1,799257
205,600000	8,225269	8,255508	1,572980	0,406321	2,546589	-620,358877	915,799050	-2264,901395	8,154511	955,822845	32,910139	29,416925	30,526599	30,420060	32,241798	-2,671513	1,194177	1,071543	177072,449479	-0,190515	-0,000114	1,186746	1,952746	2,039251	-0,124431	-0,124435	14,044080	-0,011521	0,960339	1,799950
205,800000	8,224828	8,255326	1,583382	0,405828	2,544158	-572,766812	916,066972	-2258,943661	8,153501	958,141863	32,912045	29,417012	30,526605	30,418094	32,242549	-2,671405	1,194272	1,072468	177042,190346	-0,190075	-2,150281E-5	1,187928	1,953920	2,039055	-0,124424	-0,124433	14,063496	-0,011491	0,957026	1,802444
206,000000	8,224086	8,255139	1,580453	0,405567	2,546502	-596,953315	916,221593	-2233,913295	8,152374	959,785593	32,915719	29,417093	30,522276	30,422057	32,241671	-2,671510	1,194569	1,072720	177026,805952	-0,189814	1,081328E-5	1,041653	1,955582	2,038911	-0,124421	-0,124433	14,077059	-0,011284	0,958894	1,804211
206,200000	8,223199	8,254510	1,564369	0,405835	2,554330	-758,041823	916,103273	-2313,961944	8,150594	959,961239	32,916497	29,418320	30,521477	30,428493	32,237927	-2,671717	1,195240	1,072610	177054,206301	-0,189583	-2,793553E-5	0,981929	1,957034	2,039345	-0,124425	-0,124434	14,078269	-0,011023	0,965557	1,804399
206,400000	8,222252	8,253857	1,555835	0,406456	2,558708	-872,021045	915,910123	-2460,126956	8,148413	958,799096	32,912254	29,420540	30,525834	30,431251	32,233601	-2,671925	1,194956	1,071826	177097,820561	-0,188892	-0,000112	1,020911	1,958131	2,040168	-0,124431	-0,124436	14,068643	-0,011131	0,969264	1,803151
206,600000	8,221613	8,253619	1,568449	0,406675	2,556021	-834,477560	915,611511	-2521,273612	8,146692	956,554873	32,905853	29,420331	30,531196	30,428478	32,232725	-2,671888	1,192948	1,070613	177100,723128	-0,188559	-0,000347	0,998321	1,959375	2,040189	-0,124438	-0,124439	14,050014	-0,011314	0,965107	1,800738
206,800000	8,221657	8,253555	1,586498	0,406224	2,549352	-738,615142	915,303763	-2469,787111	8,145381	955,978425	32,900065	29,419277	30,536199	30,422782	32,235913	-2,671635	1,190090	1,070611	177076,178030	-0,189070	-0,000524	0,970221	1,960052	2,039622	-0,124441	-0,124436	14,045015	-0,011151	0,958711	1,800118
207,000000	8,222112	8,253457	1,583591	0,405588	2,546362	-677,560919	915,367664	-2382,301804	8,144298	957,966236	32,897959	29,419526	30,537692	30,418495	32,240002	-2,671497	1,187243	1,070940	177063,166389	-0,189762	-0,000398	1,026476	1,959299	2,039400	-0,124439	-0,124430	14,061650	-0,011118	0,959416	1,802256
207,200000	8,222191	8,252967	1,562237	0,404949	2,549296	-683,238836	915,454038	-2342,888897	8,143315	959,661521	32,898567	29,419973	30,534711	30,416825	32,239711	-2,671631	1,185590	1,071068	177058,932943	-0,189963	-3,355411E-5	1,052061	1,958075	2,039484	-0,124435	-0,124429	14,076194	-0,011458	0,966750	1,804077
207,400000	8,221794	8,252201	1,552268	0,404506	2,551618	-648,034227	915,380429	-2344,358387	8,141866	958,985522	32,898569	29,420943	30,532690	30,416616	32,237464	-2,671732	1,184836	1,071723	177052,715657	-0,190125	0,000229	0,982807	1,957299	2,039490	-0,124434	-0,124434	14,070893	-0,011820	0,970054	1,803351
207,600000	8,221269	8,251994	1,564925	0,404758	2,545146	-522,572796	915,727395	-2289,267459	8,140201	956,607251	32,896860	29,422006	30,536784	30,416782	32,240763	-2,671523	1,184567	1,071693	177049,740461	-0,190146	6,063185E-5	0,845413	1,956678	2,039265	-0,124433	-0,124437	14,051252	-0,012113	0,964946	1,800794
207,800000	8,220920	8,252216	1,577457	0,405240	2,533964	-455,188172	916,207678	-2187,895802	8,138834	954,955889	32,893110	29,421190	30,542646	30,416053	32,248145	-2,671111	1,185921	1,071501	177066,735920	-0,189679	-0,000263	0,746775	1,955949	2,039169	-0,124431	-0,124439	14,037615	-0,012330	0,959937	1,799017
208,000000	8,220963	8,251921	1,572735	0,405065	2,530432	-482,715956	915,899805	-2144,058925	8,137645	955,720662	32,890804	29,417541	30,543179	30,414772	32,255124	-2,670783	1,187584	1,071890	177124,387181	-0,189679	-0,000441	0,801596	1,955556	2,039302	-0,124429	-0,124436	14,043839	-0,012136	0,961490	1,799840
208,200000	8,220945	8,251029	1,564182	0,404297	2,537689	-496,458535	915,514611	-2155,014100	8,136440	957,264020	32,894404	29,414929	30,539105	30,414106	32,258995	-2,670727	1,188672	1,072296	177197,185601	-0,190022	-0,000488	0,987010	1,955859	2,039267	-0,124432	-0,124427	14,056226	-0,011580	0,964751	1,801500
208,400000	8,220608	8,250403	1,568174	0,403901	2,545120	-442,805296	916,044066	-2135,508229	8,135240	956,813315	32,903020	29,416753	30,533196	30,415353	32,256842	-2,670816	1,189048	1,072923	177232,184279	-0,190202	-0,000274	1,176015	1,956109	2,039214	-0,124431	-0,124421	14,052168	-0,011301	0,963283	1,801016
208,600000	8,220257	8,250466	1,579533	0,404360	2,544432	-364,554622	916,691231	-2071,118795	8,134049	955,461399	32,910411	29,419162	30,528617	30,419338	32,251035	-2,670965	1,187521	1,073271	177221,861056	-0,190176	-1,124001E-5	1,234896	1,955824	2,039239	-0,124425	-0,124420	14,040825	-0,011298	0,958884	1,799561
208,800000	8,219766	8,250640	1,582557	0,405586	2,543584	-321,868424	916,999084	-2013,972896	8,132696	955,046258	32,911936	29,419413	30,527283	30,421136	32,249159	-2,671036	1,186767	1,072799	177189,344702	-0,190035	-0,000180	1,199451	1,955766	2,039181	-0,124419	-0,124420	14,037428	-0,011385	0,957745	1,799114
209,000000	8,219072	8,250152	1,576247	0,406771	2,550177	-318,336007	917,205969	-1984,387801	8,131177	956,011613	32,910876	29,418631	30,527395	30,418243	32,253391	-2,670866	1,187640	1,072347	177139,313840	-0,190388	-0,000517	1,170495	1,956463	2,039301	-0,124419	-0,124418	14,045812	-0,011668	0,960386	1,800153
209,200000	8,218703	8,249043	1,567491	0,406728	2,557894	-369,347934	916,941750	-1989,789017	8,129650	958,224283	32,910193	29,417347	30,528367	30,418365	32,256598	-2,670827	1,187651	1,072712	177088,644742	-0,190751	-0,000554	1,167956	1,957473	2,039598	-0,124425	-0,124418	14,064409	-0,011714	0,964052	1,802533
209,400000	8,218379	8,248086	1,559489	0,406232	2,556807	-459,806064	916,439427	-2048,083149	8,128163	958,911016	32,909546	29,416988	30,529541	30,425168	32,252814	-2,671163	1,187933	1,072710	177084,417370	-0,190874	-0,000296	1,197140	1,958216	2,039560	-0,124429	-0,124423	14,069640	-0,011191	0,967340	1,803271
209,600000	8,217411	8,247689	1,561724	0,406505	2,546940	-485,579480	916,404130	-2109,380798	8,126743	956,995245	32,910551	29,418631	30,529391	30,433065	32,243658	-2,671548	1,189020	1,072234	177153,844489	-0,190955	-4,531952E-5	1,157105	1,958274	2,039529	-0,124424	-0,124428	14,053097	-0,010704	0,966476	1,801211
209,800000	8,216484	8,247765	1,573225	0,407191	2,534684	-456,169379	916,892637	-2120,398067	8,125411	955,225022	32,912292	29,420016	30,528375	30,435667	32,235383	-2,671540	1,189021	1,072147	177257,365379	-0,190509	-8,447870E-5	1,088915	1,957273	2,040102	-0,124422	-0,124432	14,038542	-0,010998	0,961663	1,799307
210,000000	8,216285	8,248010	1,577149	0,407846	2,528503	-474,928260	917,452313	-2112,922226	8,124096	954,879684	32,911735	29,420200	30,528191	30,431128	32,232126	-2,671257	1,189060	1,072019	177294,365070	-0,190157	-0,000267	1,156364	1,956139	2,040390	-0,124430	-0,124437	14,036403	-0,011757	0,959665	1,798935
210,200000	8,215981	8,247829	1,566123	0,407907	2,531922	-552,171119	917,256756	-2151,586882	8,122552	955,061353	32,908032	29,420054	30,532401	30,422622	32,232924	-2,671245	1,190662	1,071886	177254,013578	-0,190198	-0,000364	1,176598	1,955961	2,039702	-0,124435	-0,124439	14,038463	-0,012292	0,963699	1,799131
210,400000	8,215209	8,247155	1,561558	0,406251	2,541713	-616,652450	916,442637	-2237,210135	8,120813	954,296132	32,901658	29,419403	30,538910	30,417004	32,236799	-2,671503	1,191710	1,071650	177219,653052	-0,190153	-0,000413	1,014852	1,955890	2,038817	-0,124435	-0,124433	14,032225	-0,012478	0,965335	1,798307
210,600000	8,214754	8,246602	1,577533	0,404117	2,549453	-609,006253	915,813416	-2279,413130	8,119350	952,195834	32,895673	29,418252	30,539364	30,417643	32,242625	-2,671761	1,191422	1,071481	177211,757710	-0,189964	-0,000409	0,877227	1,954713	2,038429	-0,124435	-0,124426	14,014682	-0,012575	0,958718	1,796044
210,800000	8,214453	8,246229	1,585532	0,404282	2,554150	-574,199685	915,580428	-2248,533345	8,118199	951,536715	32,893038	29,418523	30,535347	30,419833	32,245622	-2,671840	1,192146	1,071822	177228,780309	-0,189870	-0,000341	0,931850	1,953295	2,038631	-0,124434	-0,124427	14,009421	-0,012854	0,955005	1,795333
211,000000	8,214070	8,245783	1,571600	0,405808	2,560351	-583,196180	915,783585	-2223,926879	8,116852	953,445620	32,891851	29,420874	30,537021	30,419648	32,244784	-2,671696	1,192879	1,071991	177269,865724	-0,190262	-0,000446	1,065681	1,953577	2,039451	-0,124436	-0,124430	14,025747	-0,013141	0,960272	1,797391
211,200000	8,213931	8,245225	1,557284	0,406021	2,566998	-613,300627	915,720174	-2240,003267	8,115132	954,282730	32,888065	29,420873	30,543634	30,416232	32,244420	-2,671592	1,191988	1,071956	177265,802294	-0,190700	-0,000553	1,121046	1,955218	2,040013	-0,124442	-0,124431	14,032810	-0,013175	0,966425	1,798292
211,400000	8,213759	8,244550	1,556938	0,405179	2,563781	-612,313694	914,875184	-2257,109090	8,113346	952,470612	32,883854	29,417464	30,545756	30,410611	32,245162	-2,671648	1,190458	1,071999	177191,116658	-0,191208	-0,000331	1,135804	1,956417	2,039369	-0,124441	-0,124428	14,017388	-0,012973	0,967096	1,796340
211,600000	8,213388	8,244001	1,568359	0,404401	2,547813	-579,181833	914,210025	-2252,665681	8,111867	950,762769	32,885136	29,415065	30,543990	30,407624	32,246557	-2,671643	1,189007	1,071779	177147,667668	-0,191633	-0,000125	1,127721	1,956500	2,038359	-0,124432	-0,124426	14,002890	-0,012828	0,962778	1,794499
211,800000	8,212907	8,243629	1,575934	0,403976	2,532427	-551,825215	914,404314	-2228,983804	8,110854	950,473011	32,890552	29,414759	30,540581	30,410939	32,248879	-2,671467	1,189298	1,071852	177172,176779	-0,191035	-0,000138	1,128184	1,955519	2,038315	-0,124428	-0,124428	14,000552	-0,012927	0,959415	1,794186
212,000000	8,212300	8,243295	1,569918	0,404234	2,527917	-563,059322	915,122738	-2215,807115	8,109815	950,702214	32,896165	29,416016	30,533073	30,418028	32,249586	-2,671436	1,190795	1,072136	177200,251751	-0,190157	-0,000193	1,159586	1,954352	2,039137	-0,124430	-0,124433	14,002527	-0,012975	0,961026	1,794434
212,200000	8,211630	8,243143	1,562958	0,404739	2,532036	-585,244181	915,709734	-2230,948382	8,108262	950,871271	32,899685	29,418480	30,528690	30,422750	32,247262	-2,671585	1,190595	1,071873	177207,659284	-0,190143	-0,000314	1,133391	1,954027	2,039588	-0,124431	-0,124437	14,003714	-0,012741	0,963439	1,794616
212,400000	8,211198	8,243172	1,569420	0,404711	2,536421	-572,035234	915,942783	-2238,397838	8,106607	950,891236	32,898374	29,420182	30,532017	30,423495	32,246737	-2,671571	1,188239	1,071711	177205,948994	-0,190272	-0,000405	1,123643	1,954581	2,039442	-0,124431	-0,124432	14,003767	-0,012625	0,961295	1,794637
212,600000	8,211125	8,242798	1,583700	0,404571	2,541752	-515,021309	915,940286	-2197,706901	8,105299	950,854890	32,896908	29,419084	30,534299	30,423721	32,249911	-2,671468	1,184136	1,072098	177207,730157	-0,189866	-0,000358	1,185657	1,956010	2,039301	-0,124433	-0,124426	14,003553	-0,012717	0,956649	1,794598
212,800000	8,210935	8,241886	1,584057	0,405036	2,550932	-492,148559	915,902953	-2138,534670	8,104208	950,881088	32,900812	29,416557	30,530576	30,423904	32,249352	-2,671515	1,180642	1,072580	177220,017639	-0,189819	-0,000234	1,175588	1,958237	2,039253	-0,124431	-0,124424	14,003464	-0,012408	0,957508	1,794627
213,000000	8,210171	8,240968	1,566463	0,405345	2,559291	-586,510571	916,111035	-2161,850550	8,103066	950,942239	32,905983	29,416578	30,525177	30,424386	32,242486	-2,671757	1,181313	1,072637	177231,657396	-0,190436	-3,802438E-5	1,084618	1,960320	2,039433	-0,124428	-0,124429	14,003473	-0,011903	0,964989	1,794692
213,200000	8,209159	8,240456	1,558452	0,404882	2,559098	-672,564932	916,264228	-2260,479317	8,101687	950,951937	32,907747	29,418613	30,522602	30,426709	32,235845	-2,672070	1,183392	1,071841	177227,598427	-0,190661	2,911111E-5	0,997320	1,961324	2,039593	-0,124430	-0,124436	14,003494	-0,011842	0,968439	1,794703
213,400000	8,208594	8,240413	1,570938	0,404574	2,551966	-625,118353	916,080228	-2304,807646	8,100092	950,920271	32,904406	29,419327	30,525368	30,428152	32,233716	-2,672166	1,185625	1,071325	177218,818318	-0,190367	-4,176345E-5	0,998924	1,961624	2,039530	-0,124432	-0,124440	14,003500	-0,012114	0,963882	1,794669
213,600000	8,208659	8,240364	1,583082	0,404707	2,544911	-521,476473	915,866738	-2248,464003	8,098556	950,890080	32,897716	29,417825	30,532700	30,427055	32,235988	-2,671938	1,190314	1,071538	177210,522476	-0,190046	-7,373505E-5	1,075364	1,962038	2,039524	-0,124433	-0,124440	14,003498	-0,012366	0,959573	1,794636
213,800000	8,208969	8,240124	1,578581	0,404703	2,542584	-472,730818	915,822149	-2168,270090	8,097308	950,882896	32,892644	29,416697	30,538149	30,424653	32,241294	-2,671621	1,192986	1,071663	177200,606266	-0,189405	-0,000203	1,049191	1,962532	2,039479	-0,124431	-0,124441	14,003496	-0,012425	0,961487	1,794628
214,000000	8,208801	8,240019	1,559428	0,404276	2,545390	-513,031289	915,955095	-2161,742929	8,096022	950,915521	32,891387	29,417061	30,538248	30,424011	32,243885	-2,671497	1,188745	1,071843	177200,104142	-0,189074	-0,000406	0,946096	1,962626	2,039356	-0,124431	-0,124442	14,003496	-0,012150	0,968722	1,794664
214,200000	8,208001	8,239895	1,553808	0,404271	2,548881	-546,549461	916,069262	-2216,135804	8,094414	951,839683	32,892638	29,417563	30,536553	30,425554	32,240436	-2,671597	1,183093	1,071500	177211,472184	-0,189410	-0,000462	0,880253	1,962297	2,039452	-0,124433	-0,124441	14,010913	-0,011799	0,970672	1,795660
214,400000	8,207420	8,239605	1,568932	0,404905	2,546885	-518,447281	916,257800	-2231,063049	8,092777	953,916700	32,892601	29,419028	30,535666	30,423562	32,237759	-2,671638	1,185118	1,071404	177221,578437	-0,189611	-0,000326	0,846233	1,961736	2,039862	-0,124438	-0,124438	14,028489	-0,011927	0,964640	1,797898
214,600000	8,207366	8,239285	1,576541	0,404901	2,541570	-515,303742	916,306843	-2206,738839	8,091231	955,330049	32,889367	29,419665	30,535321	30,416249	32,242170	-2,671551	1,192205	1,072159	177234,104483	-0,189746	-0,000213	0,888613	1,961025	2,040080	-0,124442	-0,124435	14,040948	-0,012523	0,961404	1,799420
214,800000	8,207318	8,238729	1,569042	0,404288	2,539211	-558,797708	915,662896	-2204,887117	8,089722	955,416937	32,884983	29,417898	30,536975	30,408657	32,251048	-2,671585	1,193144	1,072249	177257,913137	-0,190076	-0,000178	1,026041	1,960245	2,039547	-0,124441	-0,124429	14,042111	-0,012957	0,963782	1,799513
215,000000	8,207036	8,237949	1,562396	0,403832	2,541441	-600,654734	914,913561	-2233,804349	8,088207	956,074150	32,881179	29,416786	30,540085	30,406737	32,257654	-2,671733	1,186353	1,071947	177291,789563	-0,190397	-0,000125	1,135149	1,959213	2,038458	-0,124440	-0,124422	14,047518	-0,012850	0,965706	1,800221
215,200000	8,206545	8,237184	1,566542	0,403607	2,543432	-623,703660	914,779092	-2266,425393	8,086670	958,078683	32,880116	29,417472	30,542368	30,411791	32,257910	-2,671791	1,181458	1,072101	177338,048990	-0,190285	-0,000133	1,149464	1,958263	2,037985	-0,124439	-0,124418	14,064123	-0,012648	0,963603	1,802376
215,400000	8,206243	8,236627	1,573674	0,403462	2,542265	-615,377889	915,047363	-2270,048067	8,085205	958,676297	32,883023	29,418561	30,539528	30,419047	32,253142	-2,671712	1,181405	1,072373	177368,124459	-0,190310	-0,000125	1,143722	1,958178	2,038676	-0,124436	-0,124421	14,069200	-0,012717	0,960818	1,803019
215,600000	8,206247	8,236344	1,573947	0,403782	2,542742	-566,005155	915,348478	-2241,928366	8,083765	956,756366	32,888125	29,418323	30,532956	30,422601	32,248513	-2,671599	1,182947	1,072631	177367,440082	-0,190949	-2,516223E-5	1,151794	1,958634	2,039468	-0,124432	-0,124428	14,052990	-0,012601	0,960890	1,800954
215,800000	8,206060	8,236129	1,569891	0,404681	2,546638	-522,998671	915,691446	-2208,548683	8,082421	955,087466	32,894193	29,417642	30,530584	30,420680	32,247521	-2,671457	1,185399	1,072943	177348,163907	-0,191193	2,426140E-5	1,207703	1,958414	2,039725	-0,124429	-0,124430	14,038589	-0,012199	0,962272	1,799159
216,000000	8,205304	8,235955	1,569671	0,405082	2,552492	-557,949089	916,044602	-2211,397030	8,081383	954,839276	32,898120	29,419247	30,528858	30,416887	32,247485	-2,671356	1,188073	1,072656	177323,949613	-0,190898	-9,902850E-5	1,324894	1,957411	2,039768	-0,124428	-0,124428	14,036441	-0,012135	0,961833	1,798892
216,200000	8,204264	8,235629	1,571733	0,404846	2,558215	-634,533856	915,993215	-2255,927492	8,080322	954,186830	32,898803	29,420369	30,524392	30,417700	32,244930	-2,671549	1,190433	1,072196	177300,666759	-0,190333	-0,000266	1,380923	1,956677	2,039503	-0,124424	-0,124426	14,031050	-0,012220	0,960648	1,798189
216,400000	8,203658	8,234912	1,571707	0,404789	2,562346	-654,142484	915,944276	-2290,113530	8,078797	953,139430	32,901037	29,419336	30,519486	30,425084	32,241747	-2,671802	1,191849	1,072339	177279,221456	-0,189378	-0,000224	1,247221	1,956084	2,039009	-0,124420	-0,124428	14,022061	-0,012027	0,960280	1,797061
216,600000	8,203351	8,234354	1,570330	0,405115	2,560806	-626,284299	916,428420	-2285,668172	8,077258	953,778518	32,904117	29,419859	30,517031	30,431107	32,239792	-2,671872	1,191674	1,072269	177274,168782	-0,188997	-3,712396E-5	1,069760	1,954684	2,039392	-0,124423	-0,124435	14,027213	-0,011811	0,960040	1,797749
216,800000	8,202942	8,234277	1,570216	0,405731	2,554675	-599,389743	916,767575	-2261,503638	8,075878	955,129721	32,902801	29,421120	30,520749	30,429925	32,239164	-2,671893	1,190911	1,071608	177264,448696	-0,189421	-3,733839E-5	1,084026	1,952931	2,040559	-0,124430	-0,124441	14,038294	-0,011550	0,959221	1,799204
217,000000	8,202746	8,234169	1,568302	0,406116	2,548198	-589,484519	916,666841	-2244,446287	8,074157	955,534558	32,896854	29,420817	30,530919	30,425320	32,240286	-2,671802	1,191227	1,071301	177229,542302	-0,189541	-0,000164	1,164477	1,952158	2,041006	-0,124435	-0,124440	14,041380	-0,011239	0,959579	1,799640
217,200000	8,202738	8,233691	1,563689	0,405946	2,543774	-590,563344	916,194610	-2244,893723	8,072324	955,404000	32,890561	29,420074	30,540574	30,421734	32,242129	-2,671506	1,191914	1,071542	177202,744320	-0,189963	-0,000101	1,129902	1,952585	2,040384	-0,124436	-0,124435	14,040350	-0,011305	0,961500	1,799499
217,400000	8,202287	8,233186	1,565665	0,405811	2,538777	-560,650325	915,902619	-2235,518681	8,070861	956,117326	32,888168	29,420241	30,541960	30,419486	32,243531	-2,671314	1,191349	1,071918	177208,156780	-0,190918	-3,551638E-5	1,068459	1,953548	2,039576	-0,124433	-0,124432	14,046783	-0,011753	0,961184	1,800267
217,600000	8,201564	8,232859	1,571675	0,406068	2,532158	-527,693019	916,210432	-2201,392814	8,069762	958,136085	32,890599	29,421198	30,538249	30,418079	32,243057	-2,671449	1,190424	1,072539	177217,916681	-0,191040	-0,000174	1,086882	1,954991	2,039330	-0,124432	-0,124429	14,064196	-0,012240	0,959596	1,802438
217,800000	8,201366	8,232539	1,568359	0,406067	2,530661	-559,848968	916,792229	-2181,860659	8,068739	959,612518	32,893587	29,422112	30,535980	30,417894	32,241590	-2,671558	1,190105	1,072351	177212,005354	-0,190392	-0,000290	1,098419	1,956483	2,039413	-0,124433	-0,124427	14,076788	-0,012463	0,961525	1,804025
218,000000	8,201501	8,232371	1,558877	0,405335	2,536698	-654,762455	916,775906	-2233,380851	8,067437	958,884710	32,889741	29,422170	30,539692	30,416799	32,242506	-2,671526	1,188883	1,071837	177204,620803	-0,189796	-0,000217	1,026014	1,956839	2,039542	-0,124434	-0,124428	14,070614	-0,012386	0,965260	1,803243
218,200000	8,201178	8,232328	1,558276	0,404496	2,541838	-749,306005	915,610698	-2343,614030	8,065819	957,437118	32,878763	29,420030	30,545300	30,414048	32,246316	-2,671551	1,187007	1,071871	177204,967290	-0,189830	-0,000192	0,909933	1,956151	2,039752	-0,124436	-0,124430	14,058450	-0,012353	0,965168	1,801687
218,400000	8,200584	8,232083	1,569481	0,403825	2,541293	-769,605901	914,439208	-2415,946144	8,064333	957,905712	32,870686	29,417018	30,544421	30,412829	32,251026	-2,671661	1,186630	1,071520	177212,925307	-0,190092	-0,000339	0,794539	1,955546	2,039536	-0,124436	-0,124431	14,062581	-0,012556	0,960641	1,802190
218,600000	8,200222	8,231372	1,573830	0,403435	2,540407	-728,040850	914,098415	-2406,050751	8,063178	959,235466	32,873157	29,415857	30,539263	30,413082	32,253671	-2,671779	1,186506	1,071693	177225,210049	-0,189901	-0,000343	0,774975	1,954985	2,038864	-0,124435	-0,124430	14,073907	-0,012740	0,958654	1,803620
218,800000	8,199893	8,230491	1,562176	0,403655	2,542410	-664,260588	914,469198	-2354,503456	8,062026	959,665486	32,881112	29,416601	30,535833	30,413884	32,252350	-2,671790	1,185954	1,072275	177255,250909	-0,189838	-8,288824E-5	0,837884	1,954065	2,038278	-0,124434	-0,124427	14,077283	-0,012514	0,962459	1,804082
219,000000	8,199490	8,229976	1,550686	0,403816	2,542420	-611,103385	915,012906	-2304,664424	8,060818	958,712870	32,886021	29,418009	30,536602	30,415991	32,248225	-2,671750	1,186525	1,072120	177313,851436	-0,189872	0,000173	0,858030	1,953708	2,038192	-0,124436	-0,124426	14,068896	-0,012107	0,966565	1,803058
219,200000	8,199072	8,229629	1,550403	0,403978	2,536536	-626,769573	915,080872	-2290,207633	8,059434	956,504468	32,887232	29,418679	30,537442	30,415881	32,246870	-2,671749	1,186845	1,071806	177361,681396	-0,189591	0,000154	0,896365	1,954297	2,038638	-0,124436	-0,124427	14,050301	-0,012024	0,966927	1,800684
219,400000	8,198672	8,229108	1,563434	0,404470	2,530773	-660,974683	914,981072	-2306,560403	8,057700	955,858883	32,886773	29,417789	30,532556	30,413171	32,251007	-2,671760	1,184707	1,072083	177345,358133	-0,189768	-6,897929E-5	1,026497	1,954941	2,039075	-0,124432	-0,124427	14,045072	-0,012210	0,962259	1,799989
219,600000	8,198325	8,228560	1,576085	0,404757	2,530725	-655,173348	915,067138	-2310,456330	8,056008	957,837922	32,886170	29,416215	30,527945	30,414579	32,254431	-2,671734	1,183789	1,072420	177260,302498	-0,190426	-0,000212	1,140569	1,955258	2,039300	-0,124427	-0,124425	14,061615	-0,012158	0,957619	1,802118
219,800000	8,198041	8,228175	1,575571	0,404901	2,537750	-644,594331	915,430964	-2297,585466	8,054663	959,641818	32,888501	29,416124	30,529258	30,422051	32,250675	-2,671689	1,186632	1,071855	177190,507821	-0,190803	-0,000224	1,173568	1,955021	2,039209	-0,124422	-0,124426	14,076170	-0,011599	0,957658	1,804056
220,000000	8,197580	8,227814	1,569063	0,405402	2,548370	-665,633408	915,837012	-2297,348448	8,053434	959,956255	32,892448	29,418360	30,530045	30,429820	32,241352	-2,671889	1,188319	1,071336	177248,150825	-0,190649	-0,000151	1,133872	1,954041	2,039207	-0,124423	-0,124433	14,078308	-0,011105	0,959562	1,804394
220,200000	8,196580	8,227449	1,562604	0,405791	2,558573	-692,249174	915,764380	-2321,876299	8,052108	958,814388	32,894224	29,420375	30,529180	30,431872	32,233316	-2,672193	1,187846	1,071177	177378,975171	-0,190223	-0,000149	1,053792	1,953179	2,039735	-0,124431	-0,124437	14,068831	-0,011192	0,961511	1,803167
220,400000	8,195730	8,227334	1,565418	0,405877	2,562123	-633,624735	915,747008	-2313,966852	8,050974	957,410267	32,894933	29,420445	30,529481	30,427176	32,231029	-2,672025	1,188067	1,071137	177415,337525	-0,190208	-0,000322	1,015943	1,953223	2,039924	-0,124437	-0,124436	14,057493	-0,011621	0,960466	1,801658
220,600000	8,195807	8,227413	1,577585	0,406328	2,556697	-546,356572	916,157422	-2237,468269	8,049893	957,962541	32,896128	29,420057	30,533272	30,420666	32,235112	-2,671455	1,189398	1,071511	177364,912291	-0,190383	-0,000337	1,061639	1,954245	2,039666	-0,124436	-0,124435	14,062577	-0,012075	0,956451	1,802252
220,800000	8,195971	8,227144	1,579044	0,406015	2,548496	-572,643977	916,212166	-2194,784110	8,048268	959,327437	32,894921	29,420274	30,540756	30,418514	32,241601	-2,671177	1,190909	1,071451	177338,306866	-0,190128	-0,000144	1,080635	1,955745	2,039717	-0,124431	-0,124432	14,074092	-0,012155	0,956638	1,803718
221,000000	8,195316	8,226554	1,568282	0,405033	2,546160	-635,381578	915,830326	-2229,262048	8,046413	959,756679	32,889804	29,420863	30,540709	30,420758	32,245602	-2,671469	1,191858	1,071195	177346,602280	-0,189802	-0,000181	0,990678	1,956962	2,040003	-0,124428	-0,124432	14,077352	-0,011820	0,961183	1,804180
221,200000	8,194570	8,226172	1,566614	0,405363	2,546616	-556,940078	915,775555	-2233,312764	8,044985	960,522979	32,885822	29,420345	30,535736	30,422814	32,246110	-2,671699	1,191926	1,071185	177368,363417	-0,189687	-0,000465	0,910760	1,957688	2,040124	-0,124428	-0,124437	14,083719	-0,011771	0,962111	1,805003
221,400000	8,194784	8,226059	1,575884	0,406409	2,542099	-388,967048	916,168125	-2141,489141	8,043717	962,458881	32,883726	29,419560	30,537741	30,420603	32,246059	-2,671408	1,189477	1,070994	177411,347678	-0,189655	-0,000505	0,931727	1,958305	2,040267	-0,124435	-0,124441	14,100268	-0,012120	0,958946	1,807080
221,600000	8,195374	8,226039	1,573296	0,406503	2,537087	-322,482027	916,298741	-2030,558088	8,042260	963,033039	32,879585	29,419724	30,544326	30,414302	32,248704	-2,671009	1,185146	1,071375	177418,603552	-0,189730	-0,000262	1,048547	1,958880	2,040159	-0,124442	-0,124437	14,105137	-0,012187	0,960211	1,807696
221,800000	8,195244	8,225759	1,558399	0,405901	2,538181	-369,591679	915,865218	-2015,436476	8,040845	961,121277	32,876252	29,418772	30,548589	30,408287	32,252677	-2,670975	1,183234	1,072502	177357,443157	-0,189888	-0,000118	1,142103	1,958783	2,039239	-0,124442	-0,124430	14,088861	-0,011904	0,965745	1,805645
222,000000	8,194917	8,225075	1,554985	0,405311	2,541993	-402,939006	915,725373	-2069,995414	8,039421	959,410238	32,877791	29,418385	30,549116	30,406563	32,256693	-2,671189	1,183427	1,073027	177323,423765	-0,190332	-0,000195	1,071630	1,958322	2,038480	-0,124435	-0,124426	14,074476	-0,011845	0,966740	1,803807
222,200000	8,194791	8,224452	1,561981	0,404928	2,539997	-388,444040	916,121610	-2086,723911	8,037886	959,148128	32,883252	29,419397	30,546590	30,411302	32,259271	-2,671384	1,180380	1,072641	177349,129892	-0,190891	-0,000363	1,001094	1,958359	2,038747	-0,124426	-0,124421	14,072347	-0,011912	0,964040	1,803526
222,400000	8,194261	8,224084	1,564250	0,404931	2,534862	-417,594086	916,337885	-2080,228542	8,036447	958,524650	32,887654	29,419170	30,539929	30,418263	32,257923	-2,671577	1,175410	1,072098	177377,565900	-0,190963	-0,000474	1,045365	1,958833	2,039371	-0,124422	-0,124423	14,066960	-0,011748	0,963361	1,802856
222,600000	8,193271	8,223681	1,564993	0,404787	2,533496	-495,978249	915,923383	-2115,175584	8,035155	957,463559	32,887703	29,418353	30,534240	30,420378	32,255373	-2,671575	1,173126	1,071681	177378,143798	-0,190616	-0,000543	1,024300	1,959318	2,039452	-0,124426	-0,124426	14,057969	-0,011650	0,963262	1,801715
222,800000	8,192339	8,223226	1,566672	0,404221	2,537055	-551,685033	915,411348	-2166,209813	8,033873	958,046660	32,884849	29,418857	30,534727	30,419048	32,253852	-2,671415	1,176470	1,071834	177346,820502	-0,190223	-0,000581	0,938452	1,959015	2,039090	-0,124429	-0,124425	14,063119	-0,011912	0,962435	1,802342
223,000000	8,191803	8,222535	1,563817	0,403976	2,541125	-568,751224	915,196068	-2198,254923	8,032522	959,349808	32,884076	29,418577	30,536823	30,418645	32,252012	-2,671534	1,183769	1,072382	177287,605934	-0,190211	-0,000423	0,980244	1,957656	2,038858	-0,124430	-0,124424	14,074200	-0,012075	0,962775	1,803742
223,200000	8,191316	8,221769	1,560928	0,404407	2,542741	-538,705728	915,150864	-2202,560580	8,031066	959,772908	32,889798	29,416367	30,532861	30,419819	32,248733	-2,671702	1,187464	1,072568	177229,884820	-0,190626	-0,000158	1,122070	1,956428	2,039023	-0,124432	-0,124426	14,077286	-0,011618	0,963171	1,804197
223,400000	8,190764	8,221618	1,562333	0,405034	2,540560	-487,325190	915,666559	-2172,875162	8,029556	959,719327	32,898486	29,417209	30,524462	30,422539	32,243159	-2,671667	1,187579	1,072304	177234,470556	-0,190535	-9,532952E-5	1,136896	1,956487	2,039341	-0,124433	-0,124428	14,076257	-0,011037	0,962627	1,804139
223,600000	8,190389	8,221648	1,566372	0,405612	2,535395	-435,031341	916,413679	-2130,235299	8,028256	959,616281	32,903502	29,420578	30,521999	30,425830	32,238792	-2,671730	1,187734	1,072061	177303,356206	-0,189865	-9,734089E-5	1,035375	1,957858	2,039485	-0,124431	-0,124430	14,075272	-0,010915	0,961768	1,804029
223,800000	8,190214	8,221401	1,570745	0,406139	2,530762	-404,063889	916,572828	-2089,718453	8,027164	959,589229	32,901499	29,421396	30,528056	30,426723	32,240358	-2,671739	1,187812	1,072418	177363,176535	-0,189652	3,163542E-5	1,028393	1,959431	2,039663	-0,124432	-0,124434	14,075110	-0,010980	0,960893	1,804000
224,000000	8,190072	8,221385	1,573292	0,406674	2,531423	-407,544612	916,444406	-2060,921235	8,025937	959,586211	32,894845	29,420306	30,533277	30,425372	32,245300	-2,671545	1,187365	1,072614	177380,801450	-0,190026	0,000117	1,130295	1,959945	2,039853	-0,124433	-0,124438	14,075242	-0,011138	0,960212	1,803996
224,200000	8,189594	8,221366	1,571725	0,406651	2,536418	-413,120126	916,367517	-2057,119976	8,024390	958,672049	32,890525	29,418542	30,533541	30,425247	32,248265	-2,671436	1,186563	1,072300	177375,732738	-0,190232	-5,254345E-5	1,192241	1,959504	2,039903	-0,124431	-0,124437	14,067906	-0,011459	0,960586	1,803014
224,400000	8,189006	8,220822	1,565528	0,405940	2,541835	-457,447295	916,041970	-2088,673569	8,022688	956,562143	32,891464	29,416753	30,533108	30,426086	32,246663	-2,671452	1,185884	1,072060	177337,122945	-0,190106	-0,000375	1,114328	1,958822	2,039764	-0,124430	-0,124434	14,050334	-0,011574	0,962520	1,800746
224,600000	8,188661	8,220218	1,567808	0,406078	2,545613	-519,320718	915,895794	-2144,887904	8,021299	955,088001	32,893083	29,417346	30,534356	30,424564	32,240775	-2,671503	1,185110	1,071807	177265,975954	-0,190422	-0,000435	0,999702	1,957587	2,039652	-0,124432	-0,124434	14,037861	-0,011467	0,960997	1,799159
224,800000	8,188301	8,219687	1,577775	0,406557	2,548765	-542,867127	916,395577	-2179,043684	8,020287	954,069375	32,890294	29,420188	30,537825	30,418969	32,237004	-2,671414	1,186555	1,071852	177230,298614	-0,191128	-0,000301	0,946880	1,955411	2,039993	-0,124436	-0,124435	14,029275	-0,011431	0,956162	1,798063
225,000000	8,187923	8,219024	1,575633	0,405769	2,552158	-568,356444	916,737642	-2187,385903	8,019057	952,188540	32,883069	29,422059	30,543184	30,411979	32,241960	-2,671327	1,189665	1,071888	177240,480966	-0,191394	-0,000317	0,946935	1,953360	2,040373	-0,124439	-0,124431	14,013710	-0,011664	0,955896	1,796036
225,200000	8,187634	8,218601	1,566840	0,404456	2,552075	-623,947401	916,108357	-2228,233080	8,017438	950,760007	32,875561	29,421271	30,548188	30,407410	32,251008	-2,671491	1,189097	1,071679	177224,353426	-0,191090	-0,000382	0,998929	1,952637	2,039853	-0,124440	-0,124427	14,002222	-0,012184	0,958792	1,794496
225,400000	8,187284	8,218295	1,567212	0,403506	2,549579	-687,572425	915,068763	-2314,324153	8,015812	951,456528	32,871388	29,419678	30,548983	30,407292	32,256207	-2,671662	1,186779	1,071493	177187,870683	-0,190744	-0,000347	1,035675	1,953714	2,038755	-0,124439	-0,124426	14,008443	-0,012549	0,959158	1,795247
225,600000	8,186978	8,217642	1,569905	0,402945	2,547274	-711,230494	914,633909	-2371,805576	8,014164	953,783879	32,870951	29,418615	30,545295	30,412265	32,255909	-2,671733	1,187833	1,071391	177196,095223	-0,190602	-0,000223	1,046464	1,956312	2,038475	-0,124435	-0,124427	14,027825	-0,012379	0,959349	1,797755
225,800000	8,186664	8,217004	1,565877	0,403246	2,543878	-683,630053	914,697926	-2367,015953	8,012498	954,562119	32,873734	29,417897	30,538587	30,417945	32,252194	-2,671799	1,191125	1,071750	177219,960085	-0,190397	-0,000141	1,040022	1,959128	2,039094	-0,124433	-0,124431	14,033769	-0,011789	0,962154	1,798593
226,000000	8,186215	8,216820	1,562066	0,404365	2,536686	-660,040548	914,755615	-2342,553807	8,010961	952,687425	32,878062	29,417696	30,532702	30,418270	32,249319	-2,671799	1,193468	1,071961	177220,008069	-0,190166	-0,000175	1,015958	1,961520	2,039547	-0,124434	-0,124432	14,017336	-0,011099	0,964725	1,796574
226,200000	8,185903	8,216562	1,563698	0,404875	2,531526	-672,113016	914,768817	-2331,039515	8,009624	951,871775	32,881937	29,417286	30,533805	30,414176	32,249138	-2,671649	1,193291	1,071652	177227,686446	-0,190052	-0,000283	1,012789	1,963224	2,039389	-0,124434	-0,124427	14,010100	-0,010716	0,964926	1,795695
226,400000	8,185731	8,215828	1,566140	0,404368	2,531897	-694,514808	914,589824	-2334,418514	8,008631	953,686039	32,884518	29,417146	30,536411	30,413040	32,249288	-2,671569	1,190818	1,071604	177233,005735	-0,189857	-0,000464	1,028100	1,963691	2,039033	-0,124434	-0,124422	14,025478	-0,010853	0,964168	1,797650
226,600000	8,185553	8,215141	1,566525	0,403865	2,534857	-708,523962	914,473436	-2340,491165	8,007670	955,361886	32,887641	29,417923	30,533431	30,418748	32,248187	-2,671773	1,188925	1,071968	177192,290878	-0,189597	-0,000617	1,047709	1,962892	2,038793	-0,124431	-0,124422	14,039995	-0,011303	0,963547	1,799454
226,800000	8,184953	8,214642	1,564486	0,403971	2,538023	-730,375295	914,934581	-2356,274973	8,006251	955,607850	32,892382	29,419540	30,529168	30,426932	32,245570	-2,672119	1,189053	1,071948	177169,032073	-0,189535	-0,000616	1,076218	1,961292	2,038869	-0,124424	-0,124428	14,042348	-0,011592	0,963456	1,799719
227,000000	8,183792	8,214356	1,556308	0,404616	2,541440	-768,271819	915,292474	-2391,998312	8,004691	954,509232	32,893827	29,420706	30,529160	30,431406	32,241236	-2,672346	1,189722	1,071255	177214,528958	-0,189401	-0,000519	1,120347	1,959150	2,039432	-0,124420	-0,124438	14,032958	-0,011421	0,965451	1,798536
227,200000	8,183020	8,214395	1,550797	0,405425	2,540057	-741,473384	915,026173	-2409,868136	8,003309	952,311391	32,889349	29,420351	30,530929	30,430198	32,237668	-2,672308	1,190120	1,070867	177249,479810	-0,189221	-0,000438	1,159539	1,956862	2,039993	-0,124421	-0,124441	14,014192	-0,011114	0,966420	1,796169
227,400000	8,182837	8,214287	1,560900	0,405943	2,529663	-587,329877	915,163825	-2338,285649	8,001931	950,827579	32,884160	29,420824	30,535239	30,425633	32,239086	-2,671952	1,190397	1,071555	177269,181503	-0,189792	-0,000256	1,116447	1,954972	2,040125	-0,124423	-0,124436	14,001680	-0,011073	0,961675	1,794569
227,600000	8,182891	8,213934	1,573709	0,406026	2,520775	-463,888624	915,788982	-2204,230782	8,000710	950,709388	32,883105	29,420806	30,542796	30,421563	32,243964	-2,671603	1,190522	1,072379	177315,757376	-0,190835	6,809009E-5	1,033693	1,953066	2,039983	-0,124426	-0,124432	14,000730	-0,011118	0,955940	1,794441
227,800000	8,182892	8,213661	1,572929	0,405702	2,524937	-525,485494	916,249212	-2155,521000	7,999480	950,979726	32,884795	29,418813	30,542600	30,420185	32,244418	-2,671634	1,190199	1,072546	177359,599578	-0,191230	0,000112	1,118604	1,951241	2,039968	-0,124430	-0,124432	14,002830	-0,010944	0,955314	1,794733
228,000000	8,182229	8,213361	1,564688	0,404991	2,538802	-635,851146	916,473668	-2221,071224	7,998224	951,117494	32,886709	29,417950	30,535602	30,420970	32,239526	-2,671761	1,190380	1,071907	177381,216250	-0,190986	-0,000238	1,347565	1,950033	2,040401	-0,124431	-0,124435	14,003791	-0,010748	0,957742	1,794881
228,200000	8,181380	8,213025	1,562746	0,404696	2,550968	-643,615333	916,560848	-2281,350237	7,996933	951,088731	32,885189	29,420119	30,535332	30,421398	32,237009	-2,671678	1,190160	1,070968	177390,488287	-0,191026	-0,000481	1,433586	1,949446	2,040868	-0,124431	-0,124435	14,003736	-0,010934	0,958137	1,794850
228,400000	8,181173	8,213100	1,566004	0,405268	2,557439	-586,365139	916,286406	-2271,320450	7,995302	951,024928	32,878384	29,422045	30,542282	30,419320	32,241342	-2,671445	1,189446	1,070820	177361,927446	-0,191529	-0,000453	1,236346	1,949692	2,040592	-0,124430	-0,124429	14,003527	-0,011261	0,957064	1,794782
228,600000	8,181368	8,213131	1,567467	0,406007	2,559174	-534,021486	915,467435	-2220,922917	7,993937	950,999747	32,871240	29,419115	30,546552	30,415838	32,250652	-2,671311	1,190112	1,071233	177279,695682	-0,191489	-0,000201	0,976427	1,951207	2,039961	-0,124428	-0,124422	14,003460	-0,011407	0,957287	1,794754
228,800000	8,181296	8,212367	1,568909	0,406181	2,555552	-509,157100	914,816893	-2174,564362	7,992778	950,113196	32,868235	29,415035	30,545784	30,413814	32,259070	-2,671332	1,191192	1,071909	177222,770403	-0,190861	6,261630E-5	0,981820	1,953245	2,039636	-0,124429	-0,124422	13,996060	-0,011461	0,957680	1,793798
229,000000	8,180590	8,211386	1,569637	0,405793	2,546192	-499,969343	914,846600	-2151,427144	7,991281	948,935642	32,871639	29,414720	30,541770	30,414395	32,260913	-2,671374	1,190973	1,072577	177220,697808	-0,190313	-6,447769E-5	1,135948	1,953853	2,039508	-0,124433	-0,124424	13,985920	-0,011229	0,957593	1,792527
229,200000	8,179711	8,210799	1,566034	0,405209	2,536410	-474,519945	915,445997	-2138,050866	7,989813	949,580943	32,878418	29,416887	30,536908	30,415758	32,255926	-2,671403	1,189834	1,072381	177218,643656	-0,189895	-0,000285	1,147136	1,952996	2,039355	-0,124433	-0,124423	13,991040	-0,010919	0,958434	1,793224
229,400000	8,179260	8,210472	1,559171	0,404620	2,529679	-485,378183	915,951093	-2139,147165	7,988454	950,900834	32,881371	29,419307	30,539285	30,414322	32,250310	-2,671369	1,188488	1,071966	177236,934107	-0,189960	-0,000224	1,113832	1,952488	2,039105	-0,124430	-0,124426	14,002335	-0,011113	0,960722	1,794648
229,600000	8,179206	8,210342	1,559438	0,404335	2,526483	-551,323825	915,731525	-2186,750990	7,986915	950,326171	32,879233	29,420331	30,545110	30,410811	32,251281	-2,671383	1,187956	1,071940	177302,769107	-0,190775	-0,000157	1,077313	1,952916	2,038854	-0,124432	-0,124428	13,998089	-0,011699	0,960834	1,794028
229,800000	8,179559	8,210259	1,568111	0,404201	2,527481	-556,536547	915,294735	-2216,563747	7,985429	948,070383	32,877542	29,419133	30,544468	30,410366	32,258109	-2,671469	1,188807	1,071466	177351,414123	-0,191389	-0,000301	1,044293	1,953730	2,038794	-0,124433	-0,124425	13,979473	-0,012064	0,957979	1,791593
230,000000	8,179954	8,210008	1,574480	0,404362	2,536270	-504,557039	915,353319	-2172,415996	7,984190	946,492639	32,880254	29,416875	30,539498	30,414985	32,262150	-2,671433	1,188921	1,071505	177339,827479	-0,191398	-0,000328	1,085929	1,954759	2,038960	-0,124431	-0,124423	13,966009	-0,011887	0,956076	1,789889
230,200000	8,179502	8,209557	1,571781	0,405070	2,549732	-480,452514	915,741461	-2126,723161	7,982859	947,293247	32,884054	29,415609	30,533453	30,423606	32,258429	-2,671373	1,187486	1,071873	177333,340337	-0,191544	-0,000119	1,063446	1,955737	2,039175	-0,124427	-0,124426	13,972096	-0,011230	0,957497	1,790754
230,400000	8,178464	8,208911	1,559732	0,405612	2,558754	-494,909719	915,803273	-2132,781276	7,981606	949,720492	32,886922	29,415690	30,528965	30,430802	32,249383	-2,671473	1,185644	1,071168	177386,132382	-0,191248	-8,596066E-5	0,996741	1,956419	2,039559	-0,124427	-0,124431	13,991816	-0,010521	0,962260	1,793375
230,600000	8,177759	8,208286	1,553945	0,405734	2,558314	-520,071791	915,618277	-2165,518798	7,980335	950,477836	32,889163	29,416810	30,529757	30,430165	32,241031	-2,671667	1,184734	1,071165	177418,670017	-0,190126	-0,000149	1,019007	1,956921	2,039855	-0,124429	-0,124435	13,997911	-0,010246	0,964623	1,794192
230,800000	8,177269	8,207857	1,563223	0,406071	2,550514	-526,636354	915,771115	-2181,519977	7,978670	948,512498	32,888471	29,418382	30,534343	30,424699	32,238975	-2,671756	1,186622	1,072006	177375,190930	-0,189080	2,362766E-5	1,049890	1,957213	2,039571	-0,124428	-0,124437	13,981468	-0,010337	0,961237	1,792071
231,000000	8,176860	8,207599	1,572276	0,406460	2,540372	-527,663478	916,040813	-2177,071148	7,977099	946,725862	32,885308	29,419462	30,539140	30,420729	32,242040	-2,671743	1,190728	1,071894	177327,301557	-0,189240	9,409131E-5	0,952178	1,956767	2,038985	-0,124427	-0,124435	13,966780	-0,010694	0,957618	1,790141
231,200000	8,176638	8,207304	1,569050	0,406131	2,531062	-539,725869	916,039633	-2178,154065	7,975726	946,403511	32,883138	29,419962	30,541370	30,421547	32,244499	-2,671844	1,191560	1,071211	177337,120454	-0,190666	-0,000113	0,832809	1,955404	2,038726	-0,124426	-0,124433	13,964573	-0,011202	0,958128	1,789793
231,400000	8,176022	8,206949	1,560291	0,405639	2,526353	-558,549504	915,837832	-2189,012177	7,974304	946,614329	32,882810	29,419857	30,538233	30,426815	32,244262	-2,672024	1,188137	1,070760	177371,718891	-0,191531	-0,000195	0,875279	1,953882	2,039271	-0,124428	-0,124435	13,966633	-0,011486	0,960614	1,790020
231,600000	8,175025	8,206779	1,554486	0,405501	2,526944	-609,293558	915,697960	-2220,874247	7,972868	947,638291	32,881021	29,419761	30,538074	30,428649	32,242624	-2,672113	1,186970	1,070554	177388,460147	-0,190979	-5,897056E-5	0,985741	1,952068	2,040210	-0,124434	-0,124439	13,975244	-0,011473	0,961886	1,791127
231,800000	8,174483	8,206719	1,558472	0,405319	2,530781	-634,631946	915,704239	-2265,795996	7,971308	948,851850	32,874584	29,420501	30,547696	30,421848	32,242486	-2,671965	1,189001	1,070821	177429,013920	-0,190285	-7,279293E-5	1,019214	1,950425	2,040573	-0,124439	-0,124436	13,985440	-0,011453	0,959600	1,792437
232,000000	8,174488	8,206424	1,569120	0,405059	2,534876	-582,701393	915,568868	-2263,569535	7,969918	948,192015	32,866382	29,420900	30,555481	30,413313	32,245680	-2,671617	1,188562	1,071370	177478,220760	-0,190698	-0,000338	1,036967	1,950382	2,039889	-0,124442	-0,124429	13,980104	-0,011671	0,955592	1,791725
232,200000	8,174462	8,205674	1,564835	0,404684	2,540198	-557,014647	915,170351	-2222,410307	7,968798	946,816121	32,862993	29,419215	30,553962	30,409764	32,249090	-2,671392	1,185993	1,071656	177476,070401	-0,191453	-0,000458	1,089798	1,951260	2,038905	-0,124441	-0,124424	13,968719	-0,011872	0,957543	1,790239
232,400000	8,174213	8,204994	1,553528	0,404099	2,546217	-535,150147	915,040756	-2205,129091	7,967431	947,320409	32,866206	29,417958	30,548868	30,410427	32,251539	-2,671363	1,185835	1,071986	177443,190472	-0,190920	-0,000332	1,124973	1,951615	2,038784	-0,124439	-0,124425	13,972974	-0,011879	0,961877	1,790783
232,600000	8,173997	8,204767	1,556524	0,403926	2,546325	-420,787879	915,466211	-2165,485678	7,965920	949,523329	32,872618	29,418883	30,541257	30,413352	32,255115	-2,671387	1,186426	1,072127	177397,575576	-0,190013	-0,000286	1,102360	1,951172	2,039233	-0,124436	-0,124428	13,991610	-0,011973	0,960480	1,793162
232,800000	8,174007	8,204574	1,566439	0,404427	2,539048	-302,639639	915,864620	-2049,884766	7,964683	951,100474	32,876976	29,418856	30,533685	30,415820	32,258599	-2,671313	1,185528	1,071832	177372,588631	-0,190691	-0,000309	1,047286	1,950512	2,039484	-0,124433	-0,124430	14,005081	-0,012180	0,956399	1,794863
233,000000	8,174007	8,204222	1,573704	0,404820	2,534327	-267,950618	916,076893	-1945,091730	7,963731	951,236620	32,877172	29,417731	30,535167	30,416542	32,262278	-2,671027	1,185230	1,072273	177408,941419	-0,192359	-0,000131	1,038215	1,950200	2,039491	-0,124431	-0,124430	14,006409	-0,012364	0,953517	1,795010
233,200000	8,173699	8,203717	1,573901	0,404821	2,538003	-274,222335	916,161877	-1915,665421	7,962505	950,101152	32,874400	29,416958	30,540968	30,416558	32,265932	-2,670797	1,187311	1,073152	177475,372598	-0,193054	0,000129	1,080284	1,950159	2,039350	-0,124432	-0,124426	13,996845	-0,012348	0,953392	1,793785
233,400000	8,173282	8,202982	1,566104	0,404622	2,545958	-285,799266	915,650132	-1922,808199	7,960749	948,809531	32,873589	29,415927	30,539412	30,416285	32,264007	-2,671008	1,190292	1,072850	177509,690405	-0,192223	0,000145	1,137762	1,950670	2,039150	-0,124433	-0,124422	13,985633	-0,012003	0,956463	1,792391
233,600000	8,172875	8,202158	1,555538	0,404586	2,551456	-339,732179	915,406528	-1960,285799	7,959162	949,470886	32,880314	29,415751	30,531874	30,417058	32,256083	-2,671550	1,191849	1,072310	177499,930802	-0,191259	6,551813E-5	1,207936	1,952704	2,039031	-0,124430	-0,124424	13,990780	-0,011585	0,961313	1,793105
233,800000	8,172093	8,201737	1,558773	0,405054	2,552623	-393,620292	916,412003	-2023,353992	7,957914	950,866119	32,889591	29,418482	30,525808	30,419969	32,247751	-2,671798	1,191019	1,072440	177481,445384	-0,190947	9,603022E-5	1,199586	1,955847	2,039040	-0,124428	-0,124428	14,002295	-0,011365	0,961570	1,794610
234,000000	8,171023	8,201813	1,571885	0,405214	2,548460	-408,591553	917,345328	-2057,050754	7,956502	951,255408	32,892360	29,421959	30,524828	30,424616	32,243843	-2,671633	1,188901	1,072330	177477,773914	-0,190261	0,000112	1,092373	1,957747	2,039199	-0,124427	-0,124430	14,005542	-0,011339	0,957587	1,795030
234,200000	8,170412	8,201853	1,572777	0,404973	2,541871	-437,494436	916,846462	-2063,352015	7,955051	951,089519	32,886832	29,422492	30,529155	30,427834	32,245210	-2,671531	1,187399	1,072286	177487,608343	-0,189250	8,490137E-5	1,062542	1,957488	2,039637	-0,124426	-0,124431	14,004487	-0,011679	0,957144	1,794851
234,400000	8,170241	8,201607	1,566200	0,405380	2,539107	-453,446476	915,831912	-2076,980692	7,953729	950,892477	32,879357	29,420948	30,534443	30,426449	32,248242	-2,671574	1,185560	1,072033	177465,938404	-0,189619	1,554310E-5	1,166299	1,956188	2,040065	-0,124429	-0,124431	14,003462	-0,012310	0,958958	1,794639
234,600000	8,169942	8,201162	1,561376	0,405795	2,540678	-468,168691	915,524138	-2112,111190	7,952201	950,840145	32,875885	29,419684	30,538080	30,424051	32,249134	-2,671637	1,183539	1,071542	177400,084698	-0,190674	-0,000125	1,254707	1,954425	2,040274	-0,124432	-0,124431	14,003289	-0,012577	0,959868	1,794582
234,800000	8,169334	8,200810	1,559972	0,405718	2,542267	-505,768541	915,755319	-2165,940126	7,950595	951,783142	32,876092	29,419877	30,540233	30,425199	32,245769	-2,671745	1,182105	1,071299	177341,724411	-0,190672	-0,000316	1,183473	1,952078	2,040398	-0,124434	-0,124433	14,010844	-0,012205	0,959211	1,795599
235,000000	8,168776	8,200753	1,564456	0,406165	2,540628	-483,379430	916,122786	-2181,631716	7,949333	953,951672	32,877070	29,420655	30,541631	30,426385	32,239586	-2,671885	1,181192	1,070645	177299,166946	-0,190547	-0,000451	1,030870	1,948951	2,040433	-0,124435	-0,124436	14,028503	-0,011648	0,955995	1,797936
235,200000	8,168800	8,200779	1,568095	0,406642	2,538616	-424,134397	916,383383	-2134,159412	7,948202	955,436225	32,875573	29,419929	30,544698	30,422704	32,236525	-2,671877	1,181417	1,070418	177280,374339	-0,190702	-0,000400	0,985784	1,946090	2,040622	-0,124438	-0,124435	14,040967	-0,011651	0,953253	1,799534
235,400000	8,169128	8,200577	1,566363	0,405894	2,538612	-423,546045	916,213818	-2090,223649	7,946725	955,481040	32,871371	29,417926	30,548647	30,415551	32,240957	-2,671632	1,182242	1,070714	177264,548833	-0,190709	-0,000288	1,011458	1,945122	2,040348	-0,124439	-0,124431	14,042115	-0,012423	0,953419	1,799582
235,600000	8,169093	8,200179	1,562934	0,404369	2,539228	-473,345984	915,730766	-2097,800119	7,945179	955,136405	32,866845	29,416992	30,550590	30,410038	32,249980	-2,671424	1,183670	1,070676	177202,138994	-0,190857	-0,000210	1,034902	1,946516	2,039110	-0,124437	-0,124429	14,040098	-0,013298	0,955348	1,799211
235,800000	8,168564	8,199808	1,560989	0,403417	2,539885	-531,808758	915,360237	-2145,719488	7,943832	955,850958	32,863385	29,417725	30,549732	30,409290	32,257418	-2,671485	1,185236	1,071079	177184,099195	-0,190885	-0,000142	1,136247	1,949892	2,038433	-0,124433	-0,124430	14,046546	-0,013750	0,957689	1,799980
236,000000	8,167915	8,199380	1,565410	0,403695	2,542325	-543,586949	915,201254	-2185,375260	7,942472	957,947212	32,861899	29,419061	30,545877	30,413404	32,259759	-2,671561	1,185747	1,071601	177271,741933	-0,190924	-0,000311	1,234024	1,953802	2,039070	-0,124428	-0,124428	14,064158	-0,013785	0,957893	1,802235
236,200000	8,167568	8,198664	1,568188	0,404502	2,544850	-507,380985	915,199110	-2177,811516	7,941240	959,485024	32,862912	29,420173	30,541537	30,417706	32,257456	-2,671502	1,185626	1,071523	177361,365053	-0,191175	-0,000523	1,190801	1,956447	2,039775	-0,124428	-0,124428	14,076820	-0,013563	0,958059	1,803888
236,400000	8,167460	8,197750	1,561879	0,404999	2,545023	-495,373739	915,215997	-2156,013403	7,939962	959,666345	32,864418	29,419348	30,540816	30,416408	32,255234	-2,671375	1,186137	1,071423	177388,080794	-0,191203	-0,000355	1,120468	1,956964	2,039745	-0,124431	-0,124430	14,078051	-0,013275	0,960579	1,804083
236,600000	8,167262	8,197009	1,552896	0,405040	2,541698	-560,481387	914,814280	-2184,039881	7,938235	958,564305	32,865330	29,417018	30,542153	30,411137	32,254759	-2,671381	1,187623	1,071731	177376,043405	-0,191409	-0,000102	1,121036	1,955596	2,039310	-0,124435	-0,124431	14,068609	-0,013065	0,963222	1,802898
236,800000	8,166725	8,196456	1,549598	0,404492	2,536012	-663,014138	914,061783	-2269,999887	7,936389	956,353910	32,867385	29,415338	30,542342	30,408966	32,252629	-2,671790	1,188742	1,072167	177337,906909	-0,191933	8,766764E-6	1,134861	1,953437	2,038746	-0,124434	-0,124427	14,050044	-0,013030	0,963351	1,800522
237,000000	8,166156	8,195972	1,561847	0,403958	2,529226	-646,266305	914,083380	-2313,972201	7,935044	955,771069	32,872211	29,415046	30,537235	30,415659	32,250751	-2,672172	1,189037	1,072099	177304,377193	-0,191915	4,099958E-5	1,114465	1,951801	2,038269	-0,124425	-0,124424	14,045033	-0,012908	0,957874	1,799894
237,200000	8,165988	8,195777	1,579015	0,404662	2,526016	-516,751652	915,178266	-2242,210481	7,934074	957,798971	32,878590	29,417333	30,529839	30,425583	32,251702	-2,672133	1,188988	1,071878	177339,117902	-0,191518	-3,051020E-5	1,073740	1,951227	2,038836	-0,124420	-0,124427	14,061651	-0,012521	0,951162	1,802076
237,400000	8,165920	8,195965	1,578904	0,406088	2,532449	-461,184604	916,077519	-2136,992147	7,932737	959,570479	32,881682	29,420458	30,528080	30,428654	32,251578	-2,671895	1,186601	1,071844	177398,376489	-0,191430	-0,000164	1,067294	1,951547	2,040081	-0,124422	-0,124430	14,076190	-0,012217	0,951363	1,803980
237,600000	8,165604	8,195965	1,565913	0,406776	2,547307	-488,412282	916,043794	-2104,018364	7,931261	958,944850	32,880157	29,420305	30,532073	30,426607	32,248373	-2,671692	1,181532	1,072136	177390,265844	-0,191360	-0,000287	1,049118	1,952129	2,040156	-0,124428	-0,124432	14,070892	-0,012159	0,956481	1,803307
237,800000	8,165047	8,195514	1,558424	0,406859	2,558821	-496,635592	915,823342	-2129,906269	7,930139	956,617779	32,877321	29,418070	30,539498	30,424367	32,245969	-2,671437	1,177737	1,072520	177346,289143	-0,191011	-0,000337	0,981894	1,952382	2,039265	-0,124432	-0,124436	14,051252	-0,012025	0,959391	1,800805
238,000000	8,164501	8,195185	1,563001	0,407066	2,558224	-511,523677	915,986975	-2158,860789	7,928886	955,902956	32,876536	29,418023	30,542614	30,422942	32,245514	-2,671381	1,176499	1,072487	177330,916908	-0,190593	-0,000304	0,976074	1,952413	2,038864	-0,124432	-0,124435	14,045032	-0,011801	0,957667	1,800036
238,200000	8,163980	8,194922	1,570710	0,406876	2,549409	-551,587330	916,325642	-2183,288841	7,927399	957,844687	32,877890	29,419684	30,537560	30,424047	32,242352	-2,671791	1,174598	1,072397	177339,905875	-0,190742	-0,000214	1,025270	1,952287	2,039206	-0,124430	-0,124429	14,061414	-0,011901	0,954683	1,802125
238,400000	8,163247	8,194589	1,570455	0,406165	2,542305	-565,246233	916,683952	-2203,175807	7,926007	959,565840	32,878509	29,420982	30,533378	30,425935	32,236768	-2,672058	1,173909	1,072269	177348,766248	-0,191273	-0,000237	1,041504	1,951845	2,039628	-0,124429	-0,124423	14,076103	-0,012169	0,954510	1,803975
238,600000	8,162415	8,194536	1,564716	0,405941	2,538948	-557,690598	916,864770	-2208,393973	7,924586	958,931077	32,875441	29,421676	30,539614	30,425229	32,236323	-2,671791	1,178944	1,071809	177350,678285	-0,190909	-0,000347	1,071215	1,951201	2,039836	-0,124431	-0,124422	14,070906	-0,012289	0,956343	1,803293
238,800000	8,162062	8,194374	1,561343	0,406202	2,535184	-576,103626	916,093678	-2219,187520	7,923029	957,443130	32,866522	29,420659	30,549595	30,422309	32,242560	-2,671476	1,185345	1,071197	177354,111125	-0,190236	-0,000373	1,125894	1,950866	2,040088	-0,124436	-0,124425	14,058692	-0,012544	0,957457	1,801693
239,000000	8,162367	8,193764	1,566953	0,405901	2,533286	-590,260632	914,706748	-2248,447788	7,921472	957,864858	32,857187	29,418459	30,552469	30,419156	32,250572	-2,671564	1,186253	1,071040	177362,331396	-0,190139	-0,000406	1,100905	1,951325	2,040064	-0,124438	-0,124431	14,062613	-0,012931	0,955541	1,802147
239,200000	8,162775	8,193074	1,575799	0,404986	2,536382	-564,031995	914,264709	-2250,073327	7,920014	959,199458	32,855962	29,417240	30,550484	30,417532	32,256130	-2,671744	1,183090	1,071623	177366,956826	-0,190441	-0,000405	0,988194	1,952358	2,039475	-0,124436	-0,124433	14,073871	-0,013006	0,952687	1,803581
239,400000	8,162626	8,192634	1,571081	0,404338	2,544582	-565,680787	915,000597	-2225,124281	7,918672	959,632463	32,860111	29,418696	30,545939	30,417386	32,256359	-2,671756	1,181967	1,072059	177366,139582	-0,191131	-0,000357	0,918857	1,953608	2,038889	-0,124436	-0,124428	14,077264	-0,012772	0,954983	1,804046
239,600000	8,161669	8,192426	1,560178	0,404223	2,552612	-599,363624	915,455750	-2235,327659	7,917457	960,436728	32,862798	29,420111	30,542733	30,417233	32,251793	-2,671818	1,184096	1,071736	177360,017478	-0,191556	-0,000343	0,958636	1,955236	2,038801	-0,124437	-0,124420	14,083730	-0,012503	0,959815	1,804910
239,800000	8,160694	8,192253	1,561127	0,404685	2,555601	-584,142405	915,026690	-2256,076509	7,916380	962,425608	32,863683	29,418269	30,545267	30,414545	32,248882	-2,671828	1,186220	1,071520	177383,343164	-0,191527	-0,000295	1,009136	1,957116	2,039052	-0,124434	-0,124421	14,100290	-0,012420	0,960378	1,807045
240,000000	8,160728	8,191946	1,570335	0,405020	2,551937	-504,682772	914,898741	-2215,376396	7,915276	962,992885	32,863081	29,416023	30,546463	30,409894	32,254665	-2,671627	1,187396	1,071688	177448,378354	-0,191836	-0,000190	0,994760	1,959001	2,039190	-0,124433	-0,124424	14,105143	-0,012528	0,957836	1,807653
240,200000	8,161248	8,191418	1,576777	0,404582	2,544456	-399,334056	915,238348	-2125,622063	7,913851	961,041629	32,862826	29,415582	30,541891	30,408333	32,264890	-2,671423	1,187305	1,072270	177483,747455	-0,192070	-0,000125	0,980295	1,960490	2,038866	-0,124437	-0,124424	14,088859	-0,012569	0,956098	1,805559
240,400000	8,161238	8,190897	1,568970	0,404319	2,538156	-315,145652	915,362953	-2039,353871	7,912296	959,334768	32,867225	29,416193	30,536604	30,412389	32,268330	-2,671294	1,185633	1,072656	177468,133779	-0,191694	-0,000199	1,023947	1,960525	2,038221	-0,124437	-0,124427	14,074474	-0,012475	0,958949	1,803726
240,600000	8,160600	8,190460	1,553700	0,404914	2,534550	-270,747665	915,667469	-1982,422353	7,911149	960,005844	32,873588	29,417823	30,531907	30,420336	32,262702	-2,671200	1,185353	1,072308	177475,630708	-0,191447	-0,000306	1,062114	1,958379	2,038196	-0,124433	-0,124428	14,079764	-0,012145	0,963565	1,804447
240,800000	8,159666	8,190051	1,549859	0,405857	2,528977	-288,921937	916,340967	-1960,899264	7,910008	962,410695	32,877479	29,419806	30,528151	30,426366	32,255217	-2,671205	1,187995	1,072398	177524,130284	-0,191097	-0,000239	1,001389	1,954906	2,038956	-0,124431	-0,124428	14,099370	-0,011625	0,963244	1,807029
241,000000	8,158958	8,189685	1,558810	0,406403	2,521330	-375,380317	916,548279	-1989,297385	7,908331	964,077369	32,878680	29,420065	30,526822	30,426921	32,249182	-2,671387	1,190929	1,072268	177534,608480	-0,190700	-0,000222	0,927346	1,951891	2,039500	-0,124430	-0,124430	14,112997	-0,011316	0,958349	1,808816
241,200000	8,158662	8,189204	1,572016	0,406352	2,519230	-429,300598	916,365784	-2040,032932	7,906757	963,345202	32,877699	29,419964	30,530968	30,424144	32,246238	-2,671572	1,192376	1,071345	177499,131710	-0,190997	-0,000274	1,064716	1,950289	2,039584	-0,124429	-0,124432	14,106776	-0,011215	0,952606	1,808031
241,400000	8,158585	8,188704	1,572031	0,405912	2,527745	-420,240169	916,345385	-2046,766151	7,905458	960,994718	32,877373	29,420578	30,542716	30,422000	32,248761	-2,671551	1,192498	1,071187	177475,672471	-0,191208	-0,000171	1,324258	1,950110	2,039592	-0,124430	-0,124431	14,086974	-0,011077	0,952496	1,805509
241,600000	8,158465	8,188474	1,554977	0,405699	2,541075	-425,557179	916,095117	-2038,606392	7,904001	959,387637	32,878911	29,419781	30,550731	30,424198	32,250592	-2,671705	1,191829	1,071499	177478,001451	-0,190745	-0,000180	1,380900	1,950808	2,039814	-0,124432	-0,124430	14,073458	-0,011016	0,959205	1,803783
241,800000	8,158172	8,188368	1,549062	0,406089	2,548748	-408,055113	915,958010	-2050,330811	7,902591	960,112411	32,879662	29,419032	30,547704	30,429027	32,248493	-2,671912	1,191348	1,071307	177493,583132	-0,190077	-0,000268	1,238246	1,951002	2,040172	-0,124429	-0,124436	14,079758	-0,011247	0,961510	1,804562
242,000000	8,157653	8,188298	1,565583	0,406541	2,546647	-325,717145	916,534805	-2029,127049	7,901359	962,445449	32,876706	29,419930	30,543614	30,429768	32,247383	-2,671530	1,190566	1,071175	177522,833296	-0,190082	-0,000307	1,080147	1,949345	2,040499	-0,124427	-0,124441	14,099567	-0,011531	0,954480	1,807066
242,200000	8,156917	8,188418	1,577787	0,406475	2,542691	-271,790783	916,740394	-1970,727757	7,900031	964,030073	32,868927	29,420061	30,544801	30,423346	32,247497	-2,671022	1,189726	1,071357	177537,600741	-0,190975	-0,000340	1,024912	1,946865	2,040515	-0,124435	-0,124439	14,113071	-0,011785	0,948765	1,808766
242,400000	8,156419	8,188291	1,572161	0,405820	2,544566	-295,919875	916,011006	-1939,482207	7,898501	963,235197	32,860941	29,417420	30,548327	30,414728	32,249008	-2,671029	1,190531	1,071455	177495,778216	-0,191765	-0,000350	1,082812	1,945462	2,039762	-0,124442	-0,124433	14,106765	-0,012124	0,950163	1,807913
242,600000	8,156508	8,187512	1,561890	0,405440	2,546328	-369,876131	915,343770	-1970,086507	7,896996	960,846572	32,858440	29,413470	30,553596	30,409489	32,253305	-2,671289	1,191074	1,071468	177456,660611	-0,191909	-0,000429	1,122478	1,945503	2,038890	-0,124441	-0,124426	14,086955	-0,012298	0,953943	1,805350
242,800000	8,156473	8,186474	1,557323	0,405544	2,543441	-480,705456	915,277508	-2059,057869	7,895555	959,244450	32,860648	29,413356	30,555181	30,409078	32,255994	-2,671527	1,189891	1,071534	177481,617049	-0,191663	-0,000416	1,104559	1,946775	2,038799	-0,124438	-0,124422	14,073453	-0,012211	0,956170	1,803629
243,000000	8,155835	8,185774	1,560464	0,405533	2,538435	-575,730712	915,321989	-2172,092201	7,893992	959,125889	32,862609	29,418196	30,547322	30,412362	32,254919	-2,671780	1,188310	1,071403	177524,758148	-0,191704	-0,000314	1,034951	1,948939	2,039204	-0,124435	-0,124425	14,072342	-0,012093	0,955944	1,803502
243,200000	8,155199	8,185347	1,572611	0,405350	2,535164	-553,684245	915,042188	-2216,744805	7,892459	959,378267	32,861703	29,421025	30,540338	30,415938	32,254388	-2,671794	1,188276	1,070830	177536,235989	-0,192342	-0,000341	0,930533	1,951167	2,039518	-0,124433	-0,124428	14,074576	-0,012213	0,952439	1,803773
243,400000	8,154967	8,184991	1,577018	0,405119	2,534746	-478,606139	914,659691	-2164,723644	7,891000	959,459692	32,857832	29,419519	30,543226	30,415713	32,257687	-2,671529	1,191127	1,070659	177495,752680	-0,192617	-0,000356	0,890297	1,952566	2,039504	-0,124436	-0,124427	14,075619	-0,012574	0,951468	1,803861
243,600000	8,154796	8,184664	1,559600	0,404852	2,538527	-496,521236	914,179942	-2139,505595	7,889423	959,426050	32,853936	29,416461	30,550250	30,412827	32,261898	-2,671538	1,193310	1,071312	177414,339826	-0,192398	-0,000318	0,980411	1,952958	2,039141	-0,124437	-0,124426	14,075567	-0,012804	0,958138	1,803824
243,800000	8,154490	8,184139	1,548460	0,404129	2,541246	-541,948894	913,806207	-2189,651757	7,887897	959,429804	32,856989	29,413723	30,548408	30,412613	32,261250	-2,671813	1,193417	1,071625	177349,841154	-0,192714	-0,000376	1,112511	1,952616	2,038820	-0,124433	-0,124425	14,075343	-0,012549	0,962108	1,803828
244,000000	8,153777	8,183357	1,558931	0,403543	2,538185	-575,697729	914,356063	-2239,254575	7,886656	958,611529	32,865578	29,415082	30,538056	30,415679	32,255055	-2,671995	1,192397	1,071534	177324,556583	-0,192720	-0,000367	1,090639	1,952407	2,038713	-0,124430	-0,124423	14,067854	-0,011914	0,957948	1,802949
244,200000	8,152538	8,182814	1,573172	0,404098	2,535370	-642,578053	915,225877	-2273,025602	7,885557	957,447501	32,871374	29,419817	30,531996	30,418959	32,248499	-2,672255	1,188552	1,071388	177329,105235	-0,191965	-0,000300	1,006580	1,952873	2,038709	-0,124429	-0,124426	14,057713	-0,011528	0,952778	1,801698
244,400000	8,151927	8,182931	1,582039	0,405350	2,541249	-652,973283	915,316440	-2288,565217	7,884348	958,043754	32,870996	29,422332	30,533368	30,421549	32,245644	-2,672465	1,185209	1,071065	177347,317620	-0,191774	-0,000300	1,015417	1,953675	2,038939	-0,124427	-0,124429	14,062849	-0,011667	0,949903	1,802339
244,600000	8,152105	8,183135	1,576622	0,406310	2,551708	-588,063879	915,068505	-2257,135851	7,883017	959,358782	32,866848	29,421248	30,537481	30,424440	32,247129	-2,672184	1,186430	1,071061	177354,957137	-0,192028	-0,000303	1,086046	1,954756	2,039414	-0,124427	-0,124431	14,074150	-0,011950	0,952465	1,803752
244,800000	8,152153	8,183027	1,559223	0,406159	2,555997	-551,462140	915,219167	-2215,191578	7,881478	959,718905	32,865360	29,419744	30,538955	30,426365	32,250812	-2,671853	1,188602	1,071331	177348,226502	-0,192249	-0,000256	1,138649	1,955541	2,039733	-0,124431	-0,124431	14,077320	-0,012104	0,959328	1,804139
245,000000	8,151838	8,182609	1,555258	0,405179	2,551009	-534,918348	915,632604	-2196,736905	7,879735	958,726751	32,868689	29,419996	30,537314	30,427129	32,250923	-2,671891	1,188393	1,071216	177341,672437	-0,192186	-0,000104	1,033007	1,955034	2,039555	-0,124437	-0,124430	14,068862	-0,011957	0,960519	1,803073
245,200000	8,151277	8,181945	1,565806	0,405226	2,542036	-544,854583	915,817375	-2189,422160	7,878301	956,568535	32,871897	29,420823	30,535982	30,428475	32,243998	-2,672006	1,188206	1,071304	177348,050100	-0,191432	3,591049E-5	0,878991	1,953752	2,039320	-0,124437	-0,124432	14,050281	-0,011466	0,955864	1,800752
245,400000	8,150538	8,181407	1,571682	0,406395	2,536112	-635,134391	915,767413	-2220,511462	7,877094	955,111855	32,871373	29,421261	30,536046	30,428173	32,235850	-2,672097	1,189382	1,071484	177364,390048	-0,190808	-6,862455E-7	0,829583	1,952707	2,039456	-0,124432	-0,124436	14,037654	-0,011060	0,953112	1,799185
245,600000	8,149709	8,181081	1,567200	0,406825	2,535482	-723,230747	915,591698	-2296,402921	7,875587	954,945840	32,866403	29,421027	30,539168	30,423890	32,234720	-2,672219	1,189462	1,071265	177392,335421	-0,191037	-0,000121	0,866578	1,951253	2,039715	-0,124430	-0,124436	14,036626	-0,011425	0,954042	1,799006
245,800000	8,149309	8,180865	1,557239	0,406261	2,538380	-715,362447	915,285951	-2348,553644	7,874155	954,202354	32,859532	29,419671	30,545944	30,417721	32,240246	-2,672178	1,187474	1,071243	177394,992842	-0,191621	-0,000196	1,012620	1,949609	2,039442	-0,124432	-0,124434	14,031302	-0,012342	0,956958	1,798206
246,000000	8,149305	8,180755	1,556286	0,405633	2,539474	-629,642087	915,165098	-2331,039519	7,873113	953,058106	32,856227	29,419502	30,551505	30,413275	32,246884	-2,671935	1,185417	1,071136	177352,364269	-0,191598	-0,000265	1,207354	1,950127	2,038830	-0,124435	-0,124432	14,022118	-0,012767	0,957575	1,796973
246,200000	8,149165	8,180522	1,565907	0,404826	2,535998	-553,441850	915,261985	-2268,483074	7,871941	952,809759	32,856499	29,420944	30,553937	30,412512	32,251147	-2,671799	1,184249	1,071269	177338,602316	-0,191193	-0,000247	1,255068	1,952603	2,038879	-0,124437	-0,124431	14,019767	-0,012502	0,955173	1,796706
246,400000	8,149031	8,180054	1,571048	0,403823	2,532014	-552,636662	915,109673	-2222,184913	7,870369	952,079135	32,856151	29,420575	30,551886	30,415849	32,252991	-2,671868	1,183790	1,071648	177367,957400	-0,191591	-0,000109	1,130711	1,954831	2,039506	-0,124435	-0,124431	14,013279	-0,012153	0,954295	1,795918
246,600000	8,149052	8,179557	1,569278	0,403911	2,535217	-592,042710	914,641992	-2225,779182	7,868972	951,824210	32,854642	29,418408	30,546455	30,417358	32,253822	-2,671915	1,185667	1,071444	177379,697178	-0,192659	-5,178285E-5	1,015384	1,956466	2,039758	-0,124433	-0,124432	14,011342	-0,012358	0,955690	1,795643
246,800000	8,148878	8,179240	1,569449	0,404582	2,542954	-586,678024	914,252433	-2239,668270	7,868001	953,589974	32,853569	29,416581	30,545563	30,410498	32,255059	-2,671684	1,189372	1,071113	177366,525465	-0,193402	-0,000242	0,952765	1,957212	2,039288	-0,124435	-0,124433	14,026731	-0,012913	0,955960	1,797546
247,000000	8,148349	8,179052	1,574390	0,404244	2,548022	-564,455928	914,309600	-2231,640078	7,866844	955,177191	32,852487	29,415524	30,547733	30,403549	32,257355	-2,671518	1,191102	1,071363	177353,377320	-0,193092	-0,000430	0,912567	1,956574	2,038748	-0,124436	-0,124429	14,040215	-0,013072	0,953804	1,799255
247,200000	8,147685	8,178445	1,574814	0,403543	2,549871	-618,255206	914,339937	-2239,034015	7,865178	955,438785	32,853293	29,415046	30,545282	30,406405	32,258737	-2,671837	1,190258	1,072034	177326,634041	-0,192055	-0,000289	0,949622	1,955461	2,038366	-0,124429	-0,124424	14,042184	-0,012846	0,953035	1,799537
247,400000	8,147120	8,177410	1,564588	0,403584	2,551806	-696,382593	914,256932	-2288,103535	7,863435	955,262580	32,858757	29,415476	30,538702	30,415288	32,257308	-2,672207	1,189714	1,072066	177319,675463	-0,191528	-8,893307E-5	1,016175	1,954934	2,038172	-0,124426	-0,124423	14,040271	-0,012412	0,956450	1,799347
247,600000	8,146664	8,176565	1,551255	0,404211	2,549634	-707,746378	914,411728	-2342,176697	7,862137	956,064795	32,863971	29,417357	30,535277	30,422761	32,252992	-2,672327	1,190180	1,071636	177370,173766	-0,191634	-8,758452E-5	1,037298	1,955374	2,038981	-0,124429	-0,124423	14,046596	-0,012007	0,961562	1,800210
247,800000	8,146085	8,176092	1,548872	0,404603	2,538726	-694,745608	914,315875	-2366,878415	7,861183	958,160081	32,864485	29,419081	30,535922	30,425643	32,248493	-2,672374	1,190145	1,071354	177377,687349	-0,191637	-0,000258	1,110561	1,956462	2,040037	-0,124430	-0,124426	14,064142	-0,011985	0,962944	1,802464
248,000000	8,145571	8,175995	1,565547	0,404767	2,524714	-676,218827	914,157706	-2361,798326	7,860120	958,758990	32,863503	29,419688	30,539169	30,424127	32,246733	-2,672359	1,189643	1,070826	177294,522240	-0,191991	-0,000431	1,132516	1,956985	2,039833	-0,124426	-0,124431	14,069388	-0,012212	0,956935	1,803108
248,200000	8,145286	8,176196	1,580391	0,405528	2,520115	-636,557092	914,753749	-2323,715059	7,858719	956,789453	32,865168	29,420547	30,544719	30,421698	32,246506	-2,672217	1,189664	1,070709	177202,204796	-0,192375	-0,000314	0,937628	1,956530	2,038943	-0,124426	-0,124435	14,053056	-0,012389	0,951241	1,800990
248,400000	8,145055	8,176052	1,569945	0,406358	2,528939	-615,840410	915,699504	-2279,215972	7,857117	955,083899	32,868129	29,421702	30,545245	30,422337	32,245453	-2,672076	1,190332	1,071328	177164,399529	-0,192046	-0,000144	0,770370	1,956032	2,038594	-0,124429	-0,124436	14,038576	-0,012217	0,954849	1,799155
248,600000	8,144733	8,175466	1,552060	0,406907	2,540513	-565,920247	916,125986	-2246,168897	7,855586	955,741471	32,871480	29,422090	30,539119	30,425183	32,242738	-2,672113	1,191034	1,071853	177178,140568	-0,191621	-0,000281	0,776808	1,955857	2,039055	-0,124432	-0,124436	14,043841	-0,011964	0,961377	1,799863
248,800000	8,144203	8,175289	1,553859	0,407476	2,545333	-445,650196	916,359750	-2176,479092	7,854210	958,069640	32,874666	29,422314	30,534813	30,426158	32,240842	-2,672087	1,191214	1,071427	177209,393975	-0,190881	-0,000466	0,835942	1,955534	2,039756	-0,124433	-0,124436	14,063456	-0,012057	0,960508	1,802367
249,000000	8,143718	8,175466	1,565735	0,407633	2,543558	-398,823566	916,596116	-2095,852021	7,852868	958,788278	32,870519	29,422726	30,539393	30,424489	32,242960	-2,671786	1,190966	1,071092	177225,271477	-0,190421	-0,000447	0,934530	1,954913	2,040041	-0,124430	-0,124434	14,069674	-0,012253	0,955787	1,803139
249,200000	8,143450	8,175308	1,569217	0,407375	2,540281	-479,512334	916,256405	-2097,201469	7,851328	956,810056	32,859835	29,422390	30,548835	30,422725	32,247934	-2,671646	1,191790	1,071360	177219,802335	-0,191049	-0,000385	1,038517	1,954431	2,039967	-0,124429	-0,124432	14,053296	-0,012456	0,954270	1,801012
249,400000	8,143464	8,174694	1,567821	0,406874	2,537721	-563,958715	915,528428	-2161,334709	7,849630	955,040813	32,852370	29,420468	30,552504	30,420539	32,251813	-2,671770	1,193088	1,071329	177191,471573	-0,191640	-0,000376	1,067788	1,954063	2,039852	-0,124432	-0,124430	14,038609	-0,012611	0,954563	1,799108
249,600000	8,143510	8,174017	1,563895	0,406198	2,537016	-607,276347	914,988478	-2220,614461	7,848110	954,791104	32,851612	29,417082	30,548351	30,417971	32,251618	-2,671766	1,193012	1,071577	177127,713459	-0,191518	-0,000327	1,022333	1,953524	2,039681	-0,124437	-0,124429	14,036389	-0,012487	0,955689	1,798840
249,800000	8,142942	8,173672	1,562570	0,405387	2,536026	-573,065463	915,252821	-2240,498587	7,846743	955,058845	32,854605	29,416143	30,546203	30,417466	32,248321	-2,671600	1,191564	1,071664	177068,528000	-0,191239	-0,000324	0,980322	1,953673	2,039490	-0,124439	-0,124431	14,038444	-0,012295	0,956217	1,799128
250,000000	8,142157	8,173627	1,568980	0,405062	2,533073	-457,980195	916,078311	-2183,111657	7,845464	956,044078	32,856016	29,418819	30,548910	30,416903	32,246533	-2,671405	1,188615	1,071599	177046,112826	-0,191732	-0,000461	1,005678	1,955503	2,039347	-0,124436	-0,124429	14,047056	-0,012640	0,954718	1,800188
250,200000	8,142002	8,173600	1,568887	0,405663	2,531319	-432,465224	916,087717	-2104,877242	7,844228	957,167574	32,852392	29,420568	30,549177	30,413248	32,250678	-2,671361	1,185295	1,072010	177054,895695	-0,192681	-0,000508	1,006319	1,957945	2,039213	-0,124428	-0,124427	14,057253	-0,013415	0,955937	1,801397
250,400000	8,142204	8,173207	1,563934	0,405555	2,534747	-541,243527	915,107992	-2123,655049	7,842867	956,486908	32,847161	29,420021	30,547472	30,409153	32,258990	-2,671641	1,181819	1,071606	177071,921654	-0,192704	-0,000417	0,998334	1,959513	2,039165	-0,124424	-0,124425	14,051917	-0,013787	0,958507	1,800665
250,600000	8,142079	8,172658	1,565587	0,404062	2,540227	-631,429483	913,946003	-2213,666871	7,841468	955,157024	32,846631	29,418301	30,545902	30,409074	32,263246	-2,672024	1,179680	1,070773	177055,033013	-0,191944	-0,000374	1,073883	1,960248	2,039055	-0,124428	-0,124422	14,040532	-0,013559	0,958192	1,799234
250,800000	8,141509	8,172184	1,568248	0,403185	2,544192	-643,832010	913,514940	-2273,128847	7,839990	954,846392	32,851437	29,416024	30,544169	30,413693	32,259448	-2,672187	1,181366	1,070859	177028,077958	-0,191600	-0,000294	1,121487	1,960642	2,038647	-0,124433	-0,124421	14,037369	-0,013003	0,957343	1,798899
251,000000	8,140819	8,171456	1,566791	0,403838	2,545363	-606,639878	914,157219	-2273,235741	7,838586	954,164566	32,857140	29,415816	30,542052	30,420553	32,252514	-2,672156	1,184100	1,071067	177063,421457	-0,192010	-0,000190	1,075222	1,961288	2,038658	-0,124438	-0,124425	14,031013	-0,012370	0,958120	1,798165
251,200000	8,140254	8,170702	1,561986	0,404786	2,545253	-566,998610	914,860823	-2237,204816	7,837301	953,144482	32,859919	29,418322	30,538349	30,424828	32,247758	-2,672070	1,184676	1,071417	177120,169160	-0,192540	-0,000181	1,039101	1,962125	2,039310	-0,124439	-0,124433	14,021866	-0,011789	0,960229	1,797066
251,400000	8,139839	8,170243	1,559735	0,405496	2,543136	-587,569032	914,848041	-2221,198313	7,835829	953,793458	32,859705	29,420726	30,533871	30,422815	32,245912	-2,672017	1,183993	1,071996	177105,741342	-0,192450	-0,000157	1,058915	1,962231	2,039547	-0,124436	-0,124435	14,027148	-0,011621	0,961056	1,797765
251,600000	8,139254	8,169954	1,562705	0,405624	2,538582	-642,438695	914,610797	-2255,099896	7,834422	954,187758	32,859391	29,422258	30,533249	30,418774	32,246054	-2,672032	1,182641	1,071742	177059,492144	-0,191879	-1,355989E-5	1,046297	1,961299	2,039238	-0,124433	-0,124431	14,030891	-0,012053	0,959448	1,798190
251,800000	8,138402	8,169652	1,566906	0,404865	2,536563	-660,228305	914,575022	-2293,200301	7,833233	952,435605	32,861116	29,422371	30,537507	30,419377	32,246665	-2,672236	1,181785	1,071146	177052,257610	-0,191234	3,756768E-5	0,980730	1,959744	2,038937	-0,124432	-0,124429	14,016405	-0,012283	0,957099	1,796302
252,000000	8,137849	8,169228	1,568819	0,404631	2,539665	-664,569736	914,770263	-2309,233152	7,831969	950,852313	32,864056	29,420838	30,538555	30,424500	32,245842	-2,672620	1,184422	1,070763	177066,639591	-0,191125	-0,000262	0,981418	1,957624	2,039099	-0,124430	-0,124434	14,002902	-0,012088	0,955315	1,794595
252,200000	8,137446	8,168892	1,571627	0,405007	2,544701	-655,262475	915,193412	-2314,760781	7,830542	950,605268	32,866250	29,420132	30,536992	30,429157	32,243030	-2,672701	1,187546	1,070663	177073,495388	-0,191462	-0,000628	1,128328	1,955485	2,039705	-0,124427	-0,124442	14,000749	-0,012012	0,953191	1,794329
252,400000	8,137090	8,168807	1,570815	0,405129	2,546862	-624,402448	915,576751	-2294,459521	7,829163	951,709387	32,864929	29,420316	30,540953	30,428059	32,241149	-2,672332	1,187646	1,071128	177095,005606	-0,190979	-0,000681	1,262732	1,954019	2,040262	-0,124432	-0,124443	14,010014	-0,011995	0,952780	1,795520
252,600000	8,137040	8,168756	1,562058	0,404895	2,546549	-638,668043	915,226208	-2276,434758	7,827768	953,940269	32,857722	29,418754	30,546757	30,420947	32,242221	-2,672071	1,187539	1,071247	177098,527521	-0,190425	-0,000493	1,198381	1,952110	2,040153	-0,124439	-0,124438	14,028694	-0,011935	0,955123	1,797923
252,800000	8,136730	8,168418	1,561274	0,404384	2,543355	-665,628072	914,243869	-2306,576570	7,826270	955,415519	32,849310	29,415948	30,547685	30,413716	32,243421	-2,672155	1,188671	1,070938	177055,710173	-0,190682	-0,000357	1,039171	1,948922	2,039261	-0,124439	-0,124431	14,041200	-0,012058	0,953832	1,799512
253,000000	8,136325	8,167706	1,568804	0,404294	2,537984	-661,814802	913,989290	-2341,814068	7,824942	955,495054	32,847043	29,415251	30,547517	30,411413	32,243166	-2,672288	1,189009	1,071113	177044,604149	-0,191166	-0,000354	0,949729	1,945498	2,038786	-0,124434	-0,124425	14,042164	-0,012354	0,949291	1,799597
253,200000	8,136166	8,166862	1,569287	0,404496	2,533309	-675,878904	914,524584	-2350,190966	7,823719	955,226205	32,848664	29,416728	30,545920	30,413563	32,243491	-2,672478	1,186865	1,071340	177075,232517	-0,191855	-0,000344	0,941354	1,943308	2,039132	-0,124430	-0,124426	14,040071	-0,012517	0,947947	1,799308
253,400000	8,135727	8,166337	1,567521	0,404630	2,533271	-703,404715	914,651938	-2356,033449	7,822593	955,101963	32,847552	29,417245	30,543636	30,415848	32,246159	-2,672676	1,182510	1,071574	177097,944790	-0,192717	-0,000277	1,007854	1,943574	2,039665	-0,124431	-0,124430	14,039109	-0,012598	0,948666	1,799174
253,600000	8,135280	8,166385	1,568008	0,404600	2,536294	-689,268182	914,181575	-2346,361732	7,821442	955,094503	32,844197	29,416680	30,548428	30,415630	32,250504	-2,672494	1,179355	1,071754	177098,541491	-0,192880	-0,000211	1,124668	1,946439	2,040030	-0,124436	-0,124434	14,039163	-0,012715	0,949906	1,799166
253,800000	8,135347	8,166519	1,558423	0,404413	2,539000	-635,969571	913,578485	-2309,085818	7,819742	955,131269	32,840481	29,415978	30,554265	30,414131	32,256299	-2,672080	1,177722	1,071627	177074,224691	-0,192087	-0,000242	1,182536	1,949911	2,039885	-0,124439	-0,124435	14,039371	-0,012615	0,955203	1,799206
254,000000	8,135500	8,166256	1,546989	0,404317	2,539609	-543,678651	913,266700	-2255,980022	7,817979	956,025707	32,839944	29,413837	30,553842	30,412878	32,261263	-2,671862	1,175176	1,071849	177049,643168	-0,191664	-0,000256	1,189414	1,951797	2,039290	-0,124437	-0,124433	14,046855	-0,012594	0,960400	1,800168
254,200000	8,135368	8,165825	1,551749	0,404537	2,535550	-440,787374	913,812866	-2181,284449	7,816931	958,100140	32,848017	29,412834	30,549034	30,412223	32,260232	-2,671701	1,175177	1,072136	177050,842811	-0,191856	-0,000164	1,223607	1,952079	2,038708	-0,124434	-0,124429	14,064414	-0,012760	0,958688	1,802399
254,400000	8,134918	8,165488	1,561774	0,404862	2,527221	-442,713312	914,908830	-2124,624975	7,816167	959,601648	32,859671	29,415390	30,542558	30,414031	32,253937	-2,671573	1,180147	1,072298	177062,075287	-0,192267	-9,800319E-5	1,215170	1,951744	2,038540	-0,124433	-0,124426	14,076855	-0,012621	0,954707	1,804013
254,600000	8,133921	8,165101	1,565853	0,404812	2,522169	-540,859433	915,245882	-2148,527388	7,814978	960,666678	32,864616	29,418758	30,537607	30,418407	32,248432	-2,671720	1,185038	1,072409	177067,653961	-0,192340	-7,867542E-5	1,129451	1,951569	2,038690	-0,124432	-0,124428	14,085431	-0,012279	0,953035	1,805157
254,800000	8,133235	8,164648	1,566895	0,404919	2,526797	-565,271177	914,827971	-2186,381707	7,813308	962,539608	32,860841	29,421432	30,535650	30,420977	32,247937	-2,671865	1,186268	1,071956	177079,596283	-0,191987	-5,194580E-5	1,031681	1,951861	2,038872	-0,124432	-0,124431	14,100998	-0,012175	0,952729	1,807167
255,000000	8,133459	8,164357	1,565431	0,405886	2,538818	-480,637442	914,646746	-2147,320369	7,811650	963,867970	32,856426	29,421439	30,536619	30,421105	32,252903	-2,671784	1,187106	1,071876	177092,214745	-0,192096	-8,062689E-5	0,948079	1,952225	2,038885	-0,124429	-0,124433	14,112489	-0,012558	0,953423	1,808592
255,200000	8,133532	8,164073	1,561679	0,406477	2,548506	-419,891363	914,817467	-2091,182246	7,810389	963,965213	32,858186	29,418434	30,538024	30,423317	32,257645	-2,671813	1,189926	1,072168	177087,020901	-0,191910	-0,000199	0,913422	1,952462	2,038879	-0,124428	-0,124434	14,113686	-0,012943	0,954921	1,808696
255,400000	8,133033	8,163654	1,557482	0,405716	2,549159	-433,215804	915,223524	-2090,250199	7,809373	963,769322	32,863567	29,416843	30,538072	30,428296	32,252650	-2,671987	1,192005	1,071873	177076,559301	-0,191354	-0,000234	0,955896	1,951931	2,039276	-0,124426	-0,124436	14,111879	-0,012773	0,956191	1,808486
255,600000	8,132130	8,163204	1,560993	0,405612	2,542909	-461,817163	915,791374	-2120,083613	7,808059	963,693818	32,867233	29,417778	30,538120	30,431799	32,240052	-2,672024	1,190805	1,071841	177078,262685	-0,191468	-0,000238	1,019339	1,949742	2,039755	-0,124424	-0,124439	14,110977	-0,012502	0,953758	1,808405
255,800000	8,131069	8,162927	1,571968	0,406472	2,536504	-479,354386	916,421936	-2132,540900	7,806380	964,589910	32,867510	29,420319	30,538472	30,429819	32,233407	-2,672026	1,186862	1,072147	177066,361268	-0,192119	-0,000273	1,064856	1,947224	2,040197	-0,124427	-0,124439	14,118414	-0,012450	0,948423	1,809366
256,000000	8,130490	8,162983	1,572359	0,406590	2,535166	-553,473807	916,599098	-2154,433446	7,804966	965,812396	32,863802	29,423034	30,541731	30,423887	32,238171	-2,672176	1,183930	1,071982	177001,001027	-0,192380	-0,000264	1,127157	1,946289	2,040486	-0,124435	-0,124435	14,128757	-0,012579	0,947831	1,810676
256,200000	8,130559	8,162869	1,561572	0,406067	2,535303	-633,923790	915,893262	-2215,508362	7,803925	965,167786	32,857027	29,422545	30,548783	30,419825	32,246912	-2,672282	1,186035	1,071928	176917,148827	-0,191615	-0,000269	1,195615	1,946548	2,040006	-0,124440	-0,124434	14,123705	-0,012912	0,951964	1,809985
256,400000	8,130650	8,162301	1,560586	0,405555	2,534685	-615,028797	915,301792	-2256,721334	7,802952	963,792501	32,850959	29,420357	30,553424	30,418873	32,251543	-2,672185	1,190286	1,072001	176921,842503	-0,190826	-0,000192	1,185336	1,946557	2,039407	-0,124439	-0,124438	14,112396	-0,013096	0,952297	1,808511
256,600000	8,130348	8,161802	1,568616	0,405133	2,533550	-597,429370	915,480112	-2256,633230	7,801733	963,433262	32,848477	29,419492	30,554044	30,419903	32,250900	-2,672101	1,192532	1,071566	177021,005198	-0,190792	-0,000146	1,063464	1,945857	2,039485	-0,124435	-0,124437	14,109206	-0,012909	0,948930	1,808126
256,800000	8,129885	8,161491	1,570397	0,404633	2,534600	-634,213456	915,482139	-2258,395858	7,799986	963,577820	32,848924	29,418721	30,553197	30,421294	32,248270	-2,672084	1,193360	1,071158	177092,079727	-0,190723	-0,000213	0,924328	1,945197	2,039698	-0,124435	-0,124435	14,110242	-0,012736	0,947918	1,808281
257,000000	8,129404	8,161139	1,563556	0,404449	2,537877	-657,292735	914,838001	-2278,761226	7,798057	963,673010	32,847397	29,417435	30,551913	30,417789	32,247732	-2,671872	1,192109	1,071041	177094,723788	-0,190713	-0,000246	0,927057	1,946046	2,039676	-0,124439	-0,124432	14,111249	-0,012948	0,950827	1,808383
257,200000	8,128981	8,160871	1,555980	0,404689	2,541284	-620,669853	914,176595	-2284,847577	7,796562	963,647475	32,843459	29,416689	30,552254	30,409918	32,251482	-2,671608	1,188764	1,070840	177072,639771	-0,190977	-0,000313	1,074873	1,948443	2,039708	-0,124443	-0,124427	14,111418	-0,013331	0,954798	1,808355
257,400000	8,128958	8,160602	1,553712	0,404170	2,539689	-554,751323	913,973378	-2252,950688	7,795362	962,740038	32,840882	29,416421	30,551598	30,405418	32,256427	-2,671721	1,186061	1,071177	177043,531826	-0,190919	-0,000412	1,110881	1,950855	2,039305	-0,124444	-0,124423	14,103866	-0,013367	0,956800	1,807382
257,600000	8,129052	8,159998	1,558097	0,403129	2,530846	-515,711815	914,210173	-2213,686879	7,794017	961,555633	32,842549	29,416808	30,545761	30,408493	32,257973	-2,671963	1,186395	1,071934	177027,819121	-0,191094	-0,000461	1,012284	1,952867	2,038284	-0,124437	-0,124424	14,093625	-0,013034	0,956061	1,806111
257,800000	8,128563	8,159181	1,569077	0,403189	2,522334	-471,861944	914,959738	-2179,303118	7,792650	961,312192	32,848972	29,418244	30,537309	30,416470	32,257434	-2,671915	1,188978	1,071831	177061,442352	-0,191556	-0,000499	1,002689	1,953922	2,038179	-0,124427	-0,124426	14,091320	-0,012765	0,952370	1,805850
258,000000	8,127945	8,158601	1,570088	0,404158	2,523441	-472,555592	915,618910	-2155,025521	7,791242	961,454132	32,854147	29,419254	30,533931	30,423806	32,256203	-2,671792	1,190621	1,071809	177117,088120	-0,191245	-0,000478	1,020959	1,953514	2,039174	-0,124428	-0,124429	14,092473	-0,012731	0,951722	1,806002
258,200000	8,127529	8,158247	1,560077	0,404559	2,531890	-533,578182	915,208367	-2169,934011	7,789667	962,435647	32,855244	29,418043	30,537703	30,425261	32,253595	-2,671872	1,190570	1,071835	177113,345904	-0,190660	-0,000366	0,958362	1,952759	2,039531	-0,124433	-0,124431	14,100768	-0,012814	0,955056	1,807056
258,400000	8,127094	8,157862	1,560709	0,404110	2,537192	-536,359262	914,424080	-2189,510429	7,788031	963,663722	32,856392	29,416025	30,544216	30,421805	32,252176	-2,671931	1,188820	1,071509	177062,240040	-0,191253	-0,000346	0,881736	1,952744	2,038926	-0,124433	-0,124428	14,111025	-0,012801	0,954800	1,808373
258,600000	8,126694	8,157498	1,561218	0,403975	2,538752	-514,048515	914,386270	-2183,657805	7,786468	963,927456	32,858866	29,416116	30,548625	30,421235	32,252358	-2,671898	1,185077	1,072207	177038,716492	-0,192342	-0,000275	0,850925	1,953581	2,038186	-0,124429	-0,124429	14,113191	-0,012763	0,954994	1,808656
258,800000	8,126158	8,157191	1,552629	0,404476	2,540184	-521,264061	914,913495	-2186,039946	7,785177	962,907348	32,860576	29,417975	30,546099	30,424253	32,248780	-2,672122	1,182601	1,072484	177042,895953	-0,192359	-6,949894E-5	0,932030	1,954421	2,038208	-0,124425	-0,124436	14,104565	-0,012666	0,958575	1,807562
259,000000	8,125573	8,156899	1,554971	0,404928	2,539200	-486,550076	915,748370	-2175,648810	7,784145	961,621045	32,863377	29,419861	30,539553	30,426099	32,241678	-2,672427	1,183722	1,071620	177044,742339	-0,191974	-0,000113	1,098885	1,954493	2,039237	-0,124423	-0,124439	14,093537	-0,012398	0,957674	1,806181
259,200000	8,124912	8,156662	1,560920	0,405376	2,533275	-441,086209	916,556499	-2124,847586	7,783061	962,252782	32,865676	29,420890	30,537196	30,427285	32,239149	-2,672416	1,186470	1,071409	177060,470396	-0,191839	-0,000344	1,146163	1,954166	2,040060	-0,124425	-0,124435	14,098567	-0,012143	0,955252	1,806859
259,400000	8,124372	8,156548	1,558729	0,405932	2,527645	-449,791298	916,375705	-2089,015206	7,781727	963,656190	32,860683	29,419734	30,542550	30,426848	32,243259	-2,672109	1,188222	1,071348	177050,224674	-0,191311	-0,000262	1,093021	1,953796	2,040247	-0,124432	-0,124434	14,110003	-0,011843	0,955899	1,808365
259,600000	8,124423	8,156305	1,559276	0,406154	2,524939	-481,084696	915,651568	-2102,559071	7,780460	964,057970	32,850905	29,417718	30,550320	30,424233	32,249988	-2,671838	1,189581	1,071323	176974,807844	-0,190921	8,339420E-5	1,088017	1,953786	2,040190	-0,124439	-0,124438	14,113244	-0,011725	0,955695	1,808796
259,800000	8,124524	8,155705	1,559225	0,405794	2,524228	-500,030481	915,434948	-2136,673632	7,779214	963,879874	32,844422	29,417010	30,552384	30,423195	32,253646	-2,671809	1,192155	1,072066	176914,664855	-0,191385	0,000105	1,086015	1,955113	2,039911	-0,124441	-0,124436	14,112202	-0,012172	0,956309	1,808605
260,000000	8,124237	8,155215	1,556017	0,405451	2,523669	-490,096227	915,415792	-2152,057771	7,777743	962,802144	32,845281	29,416483	30,550190	30,422465	32,251357	-2,671833	1,194538	1,072288	176908,750733	-0,191854	-0,000216	1,078587	1,956921	2,039637	-0,124436	-0,124430	14,103765	-0,012746	0,958339	1,807449
260,200000	8,123687	8,154902	1,561172	0,405462	2,524029	-467,738183	915,489758	-2139,842094	7,776345	961,559298	32,849089	29,416988	30,551241	30,421017	32,246999	-2,671795	1,195863	1,071811	176919,696256	-0,191672	-0,000478	1,123807	1,957507	2,039533	-0,124433	-0,124426	14,093435	-0,012812	0,956664	1,806115
260,400000	8,122954	8,154585	1,567927	0,405561	2,526454	-471,329925	915,610781	-2128,461329	7,775106	962,196110	32,848207	29,418292	30,556635	30,418816	32,246604	-2,671788	1,196292	1,071756	176928,729862	-0,191148	-0,000521	1,126009	1,956806	2,039478	-0,124435	-0,124425	14,098686	-0,012736	0,953784	1,806799
260,600000	8,122348	8,154249	1,561389	0,405523	2,530661	-537,095128	915,329499	-2155,537065	7,773417	963,535345	32,843579	29,417877	30,560351	30,413713	32,253116	-2,671926	1,195541	1,071419	176935,162558	-0,191215	-0,000440	1,006490	1,955091	2,039280	-0,124438	-0,124426	14,110067	-0,012917	0,955360	1,808235
260,800000	8,122075	8,153646	1,554708	0,404852	2,533698	-608,070608	914,626097	-2221,692384	7,771277	963,920256	32,840499	29,417424	30,558967	30,409230	32,261510	-2,672185	1,194264	1,070521	176942,197507	-0,191655	-0,000427	0,961017	1,952954	2,039034	-0,124436	-0,124424	14,113244	-0,012877	0,956747	1,808648
261,000000	8,122019	8,153117	1,563283	0,404055	2,534467	-566,151067	914,188524	-2236,360513	7,769812	963,843043	32,841069	29,418713	30,556497	30,410660	32,264974	-2,672190	1,193723	1,070408	176930,178451	-0,191562	-0,000333	1,052995	1,951729	2,038829	-0,124430	-0,124423	14,112190	-0,012468	0,952879	1,808565
261,200000	8,121971	8,152796	1,573929	0,403640	2,533210	-454,248683	914,499915	-2148,334651	7,769119	963,753432	32,844138	29,418963	30,554472	30,416595	32,261445	-2,671826	1,194384	1,071029	176927,433179	-0,191727	-0,000123	1,091835	1,951826	2,038870	-0,124426	-0,124424	14,111178	-0,012205	0,948942	1,808469
261,400000	8,121753	8,152423	1,572685	0,403746	2,531621	-379,781203	914,840186	-2047,377812	7,768245	963,725152	32,849196	29,417231	30,550439	30,421059	32,255467	-2,671636	1,195438	1,071545	176969,096740	-0,192219	-0,000118	1,022106	1,952603	2,039221	-0,124431	-0,124430	14,111011	-0,012274	0,949733	1,808439
261,600000	8,121355	8,152182	1,562753	0,404453	2,535229	-358,636087	915,009111	-2006,088926	7,766849	964,614775	32,854864	29,417938	30,544136	30,421594	32,253659	-2,671701	1,195405	1,071962	176975,311896	-0,192148	-0,000222	0,985187	1,953467	2,039301	-0,124436	-0,124436	14,118564	-0,012392	0,953791	1,809392
261,800000	8,120839	8,151976	1,556601	0,405000	2,542001	-379,243050	915,399250	-2016,058785	7,765221	965,828927	32,857148	29,421120	30,538864	30,420929	32,256197	-2,671657	1,194615	1,072089	176937,606120	-0,191862	-0,000127	1,057853	1,953884	2,038998	-0,124435	-0,124436	14,128805	-0,012490	0,956243	1,810693
262,000000	8,120370	8,151398	1,562316	0,404947	2,546330	-424,900386	915,789572	-2053,016099	7,763848	965,227528	32,857241	29,421997	30,539726	30,422184	32,258685	-2,671595	1,193985	1,071898	176926,032443	-0,191586	1,355074E-5	1,146512	1,953822	2,038655	-0,124432	-0,124433	14,123693	-0,012402	0,954018	1,810049
262,200000	8,120077	8,150848	1,566764	0,404649	2,543636	-464,306758	915,824934	-2087,968526	7,762576	963,912441	32,857631	29,421038	30,541273	30,427001	32,257116	-2,671774	1,193067	1,071979	176935,167995	-0,190995	-9,459546E-6	1,152730	1,953744	2,038608	-0,124431	-0,124429	14,112382	-0,012079	0,952276	1,808639
262,400000	8,119648	8,150821	1,562980	0,404879	2,537033	-460,306275	915,725248	-2095,852346	7,760856	963,559271	32,858095	29,420748	30,536173	30,434249	32,251900	-2,672056	1,191177	1,071606	176940,233663	-0,190702	-2,004813E-5	1,129093	1,953719	2,039245	-0,124429	-0,124429	14,109203	-0,011853	0,953653	1,808261
262,600000	8,118829	8,150859	1,558646	0,405454	2,529716	-407,864400	915,794295	-2074,655814	7,759230	963,696938	32,858448	29,420744	30,533141	30,437854	32,246211	-2,672016	1,190282	1,071114	176948,612597	-0,190955	-3,062065E-6	1,114287	1,953779	2,040272	-0,124432	-0,124433	14,110243	-0,011742	0,955293	1,808408
262,800000	8,118098	8,150587	1,558806	0,405688	2,523587	-313,048398	915,844903	-2035,985748	7,758276	962,934684	32,857031	29,420053	30,539326	30,433297	32,243918	-2,671714	1,192825	1,071871	176963,977085	-0,191074	-0,000103	1,128549	1,954397	2,041034	-0,124440	-0,124436	14,103833	-0,011705	0,955529	1,807591
263,000000	8,117838	8,150197	1,562285	0,405643	2,521513	-212,182808	915,873914	-1969,278805	7,757302	960,855190	32,854599	29,418919	30,546707	30,424099	32,246649	-2,671558	1,195110	1,072606	176935,061281	-0,191291	-0,000208	1,230964	1,955462	2,041032	-0,124440	-0,124435	14,086426	-0,011696	0,954737	1,805359
263,200000	8,117865	8,149886	1,563270	0,405494	2,526565	-195,006991	916,107066	-1902,934624	7,755738	960,286895	32,853383	29,418578	30,548834	30,417367	32,251025	-2,671574	1,195034	1,072348	176880,824531	-0,192472	-0,000176	1,220888	1,956163	2,040273	-0,124433	-0,124432	14,081249	-0,011277	0,954687	1,804749
263,400000	8,117537	8,149364	1,559898	0,405630	2,534548	-258,304028	916,467159	-1896,515773	7,754168	962,290941	32,853166	29,419219	30,548804	30,416168	32,254076	-2,671571	1,195496	1,072000	176879,854163	-0,193769	-0,000114	1,061274	1,956112	2,039674	-0,124428	-0,124431	14,097579	-0,010835	0,955864	1,806900
263,600000	8,116602	8,148737	1,550153	0,405701	2,536907	-368,483915	916,638742	-1959,071917	7,752981	963,985192	32,851336	29,420753	30,547121	30,418171	32,254041	-2,671636	1,195995	1,071698	176913,339700	-0,193722	-0,000111	1,016110	1,955788	2,039814	-0,124429	-0,124435	14,112044	-0,011134	0,959284	1,808717
263,800000	8,115996	8,148425	1,545671	0,405295	2,533570	-480,623059	916,053951	-2066,501280	7,751628	964,215003	32,846699	29,421475	30,545898	30,419331	32,252699	-2,671816	1,195477	1,071206	176931,724088	-0,192862	-0,000143	1,087832	1,955965	2,040209	-0,124439	-0,124436	14,114192	-0,011360	0,961022	1,808964
264,000000	8,116013	8,148326	1,556799	0,404721	2,528764	-505,183573	915,068217	-2145,783512	7,749989	963,097324	32,840974	29,420200	30,552921	30,417485	32,255778	-2,671883	1,194529	1,071406	176933,074890	-0,191917	-0,000245	1,165127	1,956290	2,040197	-0,124451	-0,124430	14,104736	-0,011248	0,957011	1,807765
264,200000	8,116179	8,148156	1,568013	0,404134	2,524780	-472,937519	914,519638	-2152,561263	7,748560	960,809048	32,835802	29,418155	30,560775	30,414805	32,261184	-2,671824	1,193053	1,072024	176935,461629	-0,191189	-0,000147	1,268053	1,956085	2,039827	-0,124451	-0,124424	14,085986	-0,011643	0,952744	1,805310
264,400000	8,116257	8,147450	1,566240	0,404639	2,523092	-456,344210	914,059097	-2130,499626	7,747404	959,235088	32,835877	29,415300	30,557092	30,414692	32,261852	-2,671824	1,191915	1,072317	176940,953939	-0,191412	5,511817E-5	1,307627	1,955247	2,039341	-0,124442	-0,124426	14,073492	-0,012328	0,952917	1,803619
264,600000	8,115817	8,146409	1,558954	0,405506	2,527147	-446,587636	913,899670	-2114,618375	7,746311	959,112203	32,843764	29,414310	30,547132	30,416459	32,257852	-2,671895	1,192034	1,072742	176938,151001	-0,192191	6,679332E-5	1,202594	1,953628	2,038894	-0,124435	-0,124431	14,072547	-0,012412	0,954704	1,803487
264,800000	8,115016	8,145758	1,551261	0,405051	2,531618	-467,863024	914,638342	-2116,908225	7,745143	957,664162	32,851293	29,418323	30,541937	30,418405	32,253620	-2,671906	1,192316	1,072508	176928,683510	-0,192571	1,435019E-5	1,150847	1,951967	2,038898	-0,124428	-0,124434	14,059809	-0,011809	0,956673	1,801931
265,000000	8,114380	8,145411	1,546109	0,404377	2,528081	-550,546758	915,037072	-2164,782119	7,743637	954,545102	32,850459	29,422108	30,542382	30,419747	32,251976	-2,671931	1,191213	1,071668	176925,960049	-0,192850	-0,000143	1,152663	1,951508	2,039068	-0,124425	-0,124431	14,033036	-0,011199	0,958337	1,798575
265,200000	8,113957	8,144982	1,553013	0,404329	2,517999	-597,314465	914,471502	-2221,631970	7,741846	953,690729	32,845000	29,420940	30,544443	30,420450	32,253383	-2,672063	1,189946	1,071633	176924,868141	-0,193062	-0,000216	1,002907	1,952150	2,038884	-0,124428	-0,124426	14,025637	-0,010972	0,956023	1,797655
265,400000	8,113653	8,144509	1,563709	0,404615	2,513001	-618,606384	914,139845	-2236,404694	7,739997	954,847167	32,843778	29,418498	30,546136	30,421443	32,257264	-2,672218	1,189967	1,071779	176917,078672	-0,192522	-3,223581E-5	0,891354	1,952686	2,038787	-0,124431	-0,124425	14,035562	-0,011190	0,952258	1,798900
265,600000	8,113207	8,143893	1,562473	0,404790	2,516316	-694,787305	914,119005	-2264,865774	7,738238	954,530836	32,849005	29,418493	30,545685	30,423727	32,256355	-2,672371	1,190418	1,071763	176919,870335	-0,191687	1,087154E-6	0,937410	1,952323	2,039090	-0,124430	-0,124427	14,033262	-0,011544	0,952474	1,798559
265,800000	8,112482	8,143256	1,553639	0,405064	2,521872	-729,855862	914,140502	-2321,758857	7,736992	952,437960	32,854874	29,420468	30,541979	30,428003	32,246698	-2,672494	1,190669	1,072158	176931,555740	-0,191662	-0,000144	0,969022	1,950852	2,039375	-0,124430	-0,124433	14,015633	-0,011492	0,954967	1,796305
266,000000	8,111823	8,143089	1,550435	0,405939	2,525546	-677,192614	914,492104	-2336,988138	7,736123	950,881465	32,858270	29,421576	30,536191	30,431377	32,238413	-2,672577	1,191424	1,072153	176933,940373	-0,192080	-0,000168	1,044596	1,948838	2,039619	-0,124431	-0,124439	14,002153	-0,011093	0,955141	1,794627
266,200000	8,111414	8,143433	1,557370	0,406471	2,527969	-605,650587	915,003328	-2298,357799	7,734837	951,581277	32,858747	29,421059	30,535857	30,429295	32,237885	-2,672523	1,192879	1,071651	176941,713526	-0,192194	-0,000173	1,178787	1,947580	2,040232	-0,124433	-0,124435	14,008040	-0,011098	0,951970	1,795382
266,400000	8,111044	8,143618	1,565902	0,406049	2,528128	-564,005108	915,416460	-2245,004506	7,732940	953,862670	32,854870	29,420809	30,543206	30,423120	32,243436	-2,672233	1,192559	1,071605	176965,117754	-0,192087	-0,000161	1,212263	1,947483	2,040475	-0,124433	-0,124429	14,027690	-0,011582	0,948798	1,797840
266,600000	8,110802	8,143229	1,568565	0,405498	2,527612	-553,285502	915,439423	-2207,220288	7,731153	954,563646	32,849726	29,420122	30,551484	30,420431	32,249951	-2,671960	1,190653	1,071595	176994,127663	-0,191443	-6,700382E-5	1,098025	1,947545	2,039628	-0,124430	-0,124427	14,033798	-0,011805	0,947832	1,798595
266,800000	8,110807	8,142867	1,565602	0,405212	2,531610	-567,181903	915,188286	-2198,713014	7,729982	952,633304	32,845852	29,419290	30,557206	30,422085	32,250858	-2,671988	1,190396	1,071758	177032,795338	-0,191247	1,632278E-6	0,929519	1,946904	2,038865	-0,124430	-0,124428	14,017373	-0,011591	0,948598	1,796515
267,000000	8,110578	8,142706	1,560196	0,404737	2,538132	-595,968742	915,119237	-2214,818333	7,729020	950,925373	32,842904	29,419563	30,557076	30,423934	32,245795	-2,672186	1,190986	1,071816	177077,096766	-0,192076	-8,241496E-5	0,918035	1,946675	2,039295	-0,124431	-0,124431	14,002690	-0,011262	0,950473	1,794674
267,200000	8,109968	8,142293	1,558043	0,404618	2,540775	-579,840683	915,125026	-2220,799916	7,727799	950,668588	32,841689	29,419585	30,553510	30,423363	32,242152	-2,672264	1,190181	1,071054	177100,402430	-0,192190	-0,000234	1,100920	1,947767	2,040272	-0,124434	-0,124436	14,000481	-0,011212	0,951752	1,794397
267,400000	8,109493	8,141595	1,555319	0,404963	2,534635	-530,617285	914,866065	-2198,985884	7,726523	951,746890	32,841047	29,418300	30,555755	30,416710	32,244710	-2,672109	1,188787	1,071004	177090,418077	-0,192101	-0,000260	1,239836	1,949967	2,040471	-0,124439	-0,124439	14,009957	-0,011623	0,953782	1,795560
267,600000	8,109355	8,141117	1,551782	0,404529	2,526451	-513,371503	914,526326	-2186,607838	7,725393	952,145355	32,838904	29,417125	30,560393	30,407615	32,250266	-2,671862	1,188685	1,071764	177068,619650	-0,192922	-0,000208	1,189551	1,953830	2,039909	-0,124436	-0,124431	14,013891	-0,012208	0,956966	1,795990
267,800000	8,109376	8,140912	1,554500	0,403727	2,521461	-514,094066	914,428046	-2189,563198	7,723998	950,281484	32,837424	29,416615	30,557825	30,405108	32,255237	-2,671795	1,189730	1,071966	177030,479401	-0,193416	-0,000152	1,035046	1,958036	2,039057	-0,124430	-0,124423	13,998655	-0,012641	0,957977	1,793980
268,000000	8,109353	8,140413	1,558949	0,403404	2,519988	-520,742819	914,424625	-2188,631528	7,722157	949,520803	32,839657	29,416415	30,550183	30,410740	32,258689	-2,671887	1,190721	1,071662	177010,851813	-0,193130	-0,000103	0,920843	1,959752	2,038309	-0,124428	-0,124422	13,992254	-0,012639	0,957072	1,793159
268,200000	8,109100	8,139858	1,560708	0,403680	2,522217	-523,210827	914,739518	-2186,204620	7,720431	950,509245	32,844021	29,418813	30,545643	30,418066	32,259871	-2,671881	1,189805	1,071545	177070,293430	-0,192606	-2,193883E-5	0,946095	1,959053	2,038545	-0,124428	-0,124425	14,000290	-0,012360	0,955993	1,794225
268,400000	8,108644	8,139703	1,556263	0,404505	2,528428	-495,191376	915,077746	-2170,176560	7,719272	950,149953	32,846717	29,421602	30,545948	30,421188	32,258615	-2,671733	1,187482	1,071435	177129,708241	-0,191921	-3,382722E-6	1,068246	1,957775	2,039187	-0,124432	-0,124429	13,997095	-0,012187	0,957007	1,793838
268,600000	8,108291	8,139682	1,548020	0,405047	2,532294	-446,115582	914,921219	-2137,157664	7,718425	948,969357	32,846343	29,420572	30,546773	30,420181	32,257370	-2,671655	1,186883	1,071555	177118,049641	-0,191365	-3,219763E-5	1,135978	1,956177	2,039178	-0,124436	-0,124432	13,986924	-0,011948	0,959325	1,792564
268,800000	8,108223	8,139563	1,548715	0,404956	2,528100	-401,964786	914,716817	-2099,197544	7,717344	949,514140	32,846444	29,417846	30,546525	30,418587	32,257714	-2,671732	1,187787	1,072511	177080,312258	-0,191269	0,000150	1,127166	1,954201	2,038778	-0,124432	-0,124434	13,991208	-0,011649	0,958091	1,793152
269,000000	8,108106	8,139182	1,554111	0,404695	2,521225	-410,620866	914,647914	-2076,044222	7,715775	950,850125	32,850130	29,417523	30,545084	30,418920	32,257104	-2,671954	1,187983	1,072950	177062,025357	-0,191634	0,000294	1,079533	1,952777	2,038499	-0,124425	-0,124434	14,002200	-0,011405	0,955325	1,794593
269,200000	8,107579	8,138324	1,556289	0,404737	2,518438	-483,115909	914,731469	-2099,208606	7,714047	951,274338	32,855586	29,418731	30,540566	30,421527	32,251671	-2,672322	1,187195	1,072374	177058,153978	-0,192362	0,000129	0,991284	1,952324	2,038530	-0,124424	-0,124431	14,005423	-0,011061	0,954181	1,795051
269,400000	8,106661	8,137553	1,557741	0,404874	2,519942	-559,688195	915,022592	-2154,414339	7,712494	950,297052	32,859977	29,419331	30,534947	30,424557	32,242483	-2,672603	1,186778	1,071626	177057,198552	-0,192652	-4,345367E-5	0,919256	1,952666	2,038938	-0,124427	-0,124427	13,997045	-0,010900	0,953705	1,793997
269,600000	8,105630	8,137383	1,553716	0,404653	2,523224	-624,219024	915,278505	-2208,031381	7,711123	948,060762	32,857602	29,420776	30,535916	30,426032	32,236519	-2,672636	1,185281	1,070967	177063,415754	-0,192281	-8,495003E-5	0,958196	1,953834	2,039635	-0,124432	-0,124427	13,978483	-0,011155	0,955762	1,791583
269,800000	8,105055	8,137332	1,545286	0,404341	2,528531	-684,539938	915,051245	-2270,545179	7,709994	946,532301	32,847366	29,421038	30,543497	30,425859	32,238384	-2,672487	1,183815	1,070835	177072,511301	-0,191784	-0,000136	1,113242	1,955748	2,040354	-0,124433	-0,124431	13,965847	-0,011391	0,959886	1,789932
270,000000	8,105084	8,137000	1,549228	0,404439	2,533624	-690,147563	914,363492	-2324,312645	7,708880	947,300904	32,839994	29,417753	30,548990	30,424712	32,243363	-2,672284	1,185107	1,070771	177082,819139	-0,191648	-0,000221	1,231856	1,957497	2,040686	-0,124436	-0,124433	13,972230	-0,011300	0,959252	1,790762
270,200000	8,104976	8,136551	1,561477	0,404983	2,535782	-616,411215	914,270694	-2309,323316	7,707496	949,665140	32,840532	29,415739	30,548321	30,423594	32,245716	-2,672164	1,186522	1,070378	177090,789301	-0,192352	-0,000234	1,241561	1,958146	2,040438	-0,124438	-0,124431	13,991897	-0,011068	0,954935	1,793315
270,400000	8,104320	8,136273	1,559314	0,405519	2,534041	-515,885637	914,986234	-2228,648622	7,706171	950,375518	32,843872	29,417543	30,546543	30,423663	32,244740	-2,672170	1,187829	1,070691	177090,045205	-0,193327	-0,000111	1,223025	1,957516	2,040097	-0,124436	-0,124430	13,997915	-0,011110	0,955395	1,794081
270,600000	8,103794	8,136272	1,548561	0,405853	2,530222	-441,183919	915,323587	-2145,703222	7,705099	948,381179	32,845477	29,418558	30,549554	30,423119	32,240640	-2,672166	1,189994	1,071299	177080,197156	-0,193858	-3,362592E-5	1,214043	1,955668	2,040051	-0,124432	-0,124431	13,981453	-0,011428	0,958529	1,791929
270,800000	8,103793	8,136209	1,547687	0,405972	2,523719	-406,892627	914,949340	-2095,926319	7,703779	946,612208	32,842050	29,417245	30,553365	30,418923	32,240591	-2,672041	1,192969	1,071184	177084,663883	-0,193456	-0,000120	1,215873	1,952747	2,040046	-0,124434	-0,124430	13,966774	-0,011645	0,957435	1,790018
271,000000	8,103825	8,135884	1,557728	0,405443	2,516191	-392,372133	914,480166	-2061,940497	7,702083	947,194869	32,836566	29,416647	30,555051	30,412713	32,250033	-2,671876	1,194999	1,071337	177099,918476	-0,192539	-0,000245	1,237851	1,949090	2,039725	-0,124437	-0,124428	13,971991	-0,011954	0,951861	1,790648
271,200000	8,103824	8,135469	1,567851	0,404389	2,513733	-377,349809	914,375080	-2030,007392	7,700459	948,585909	32,834811	29,417800	30,553749	30,409964	32,259855	-2,671774	1,193779	1,071729	177082,382059	-0,191979	-0,000317	1,229429	1,946094	2,039102	-0,124437	-0,124428	13,984210	-0,012462	0,946599	1,792150
271,400000	8,103971	8,134872	1,565222	0,403889	2,520624	-386,346474	914,377385	-2014,082814	7,698985	948,102347	32,836203	29,418376	30,548918	30,412928	32,263393	-2,671756	1,191602	1,071543	177044,555814	-0,191905	-0,000314	1,193285	1,944576	2,038834	-0,124434	-0,124430	13,980287	-0,012609	0,946751	1,791628
271,600000	8,103842	8,133920	1,550341	0,404324	2,530685	-485,730478	914,198566	-2066,234367	7,697500	946,795425	32,837216	29,416817	30,547266	30,417502	32,260633	-2,671895	1,190308	1,071679	177056,621604	-0,192697	-0,000371	1,175222	1,943134	2,039251	-0,124429	-0,124428	13,969027	-0,012354	0,951473	1,790216
271,800000	8,103312	8,132914	1,539894	0,404803	2,535713	-632,255821	914,017883	-2210,685217	7,696203	947,291092	32,836256	29,415863	30,547556	30,418400	32,253142	-2,672181	1,190127	1,071698	177104,339889	-0,193610	-0,000477	1,102532	1,941386	2,039591	-0,124427	-0,124424	13,973052	-0,012204	0,954429	1,790752
272,000000	8,102622	8,132182	1,542700	0,404682	2,532941	-683,091429	913,971718	-2327,242333	7,695120	949,484596	32,836241	29,416708	30,545729	30,415446	32,250189	-2,672321	1,190615	1,070952	177095,082123	-0,193778	-0,000372	0,968380	1,941290	2,039024	-0,124426	-0,124427	13,991578	-0,012267	0,953242	1,793120
272,200000	8,101817	8,131499	1,556444	0,404021	2,524331	-668,355090	913,963519	-2342,060872	7,693776	950,189375	32,838484	29,416765	30,545161	30,411786	32,254868	-2,672259	1,190474	1,070729	177043,355226	-0,193591	-0,000120	0,903634	1,943225	2,038182	-0,124428	-0,124430	13,997636	-0,012397	0,948986	1,793880
272,400000	8,101137	8,131103	1,572366	0,403119	2,516901	-664,187548	913,823474	-2315,808902	7,692394	948,271418	32,841317	29,416277	30,544721	30,412229	32,258079	-2,672260	1,190273	1,071015	177022,010177	-0,193146	-7,419935E-5	0,959115	1,945745	2,038154	-0,124431	-0,124429	13,981413	-0,012311	0,944291	1,791810
272,600000	8,100792	8,131284	1,568754	0,403030	2,518379	-698,953634	913,612669	-2301,611658	7,691231	946,583317	32,845591	29,417122	30,539972	30,420608	32,254146	-2,672499	1,191188	1,070888	177043,280299	-0,192800	-0,000196	1,008350	1,948506	2,038663	-0,124429	-0,124431	13,966814	-0,011928	0,946962	1,789987
272,800000	8,100416	8,131248	1,549375	0,404202	2,529374	-757,726659	913,591789	-2341,749204	7,689765	947,247435	32,849687	29,418249	30,534164	30,430428	32,245374	-2,672844	1,192547	1,070771	177070,113198	-0,192841	-0,000240	0,971884	1,950794	2,039091	-0,124429	-0,124433	13,972013	-0,011534	0,955260	1,790704
273,000000	8,099804	8,130839	1,546217	0,405265	2,539348	-694,023605	914,122322	-2365,024872	7,688168	949,606187	32,850455	29,418838	30,535405	30,433395	32,238581	-2,672877	1,192792	1,070885	177095,829137	-0,192932	-0,000273	0,932422	1,951733	2,039597	-0,124434	-0,124431	13,991628	-0,011294	0,956865	1,793251
273,200000	8,099452	8,130602	1,558755	0,405317	2,541215	-533,658051	914,922242	-2269,931318	7,686936	951,246019	32,847533	29,419194	30,543245	30,429696	32,238266	-2,672475	1,192554	1,070500	177111,635086	-0,192785	-0,000365	0,964465	1,951768	2,040085	-0,124435	-0,124433	14,005275	-0,011151	0,952189	1,795020
273,400000	8,099187	8,130313	1,563101	0,404698	2,537979	-463,898564	915,030927	-2154,358884	7,685745	950,504655	32,842676	29,419055	30,549457	30,423232	32,240696	-2,672122	1,192701	1,070471	177078,204531	-0,192278	-0,000387	1,048747	1,951492	2,039916	-0,124434	-0,124433	13,999060	-0,011169	0,950429	1,794221
273,600000	8,098466	8,129936	1,556320	0,404263	2,537305	-481,504365	914,642714	-2121,878467	7,684380	948,111008	32,840886	29,419062	30,551143	30,419947	32,241724	-2,672161	1,192207	1,071307	177045,393397	-0,192114	-0,000185	1,097131	1,950848	2,039309	-0,124433	-0,124433	13,979257	-0,011506	0,952603	1,791637
273,800000	8,097754	8,129783	1,550557	0,404482	2,537653	-504,888443	914,694752	-2145,982518	7,683225	946,462555	32,843248	29,419045	30,549270	30,422587	32,241901	-2,672270	1,191076	1,071616	177060,468198	-0,192242	2,344741E-5	1,110169	1,949973	2,039270	-0,124429	-0,124438	13,965738	-0,011870	0,954307	1,789856
274,000000	8,097397	8,129752	1,554256	0,404859	2,533757	-520,300594	915,145720	-2171,945730	7,682391	947,198753	32,843076	29,419577	30,546443	30,426232	32,242876	-2,672296	1,188105	1,071555	177084,190329	-0,191914	4,854751E-5	1,122593	1,949749	2,040008	-0,124426	-0,124442	13,972038	-0,011968	0,952801	1,790652
274,200000	8,097049	8,129554	1,562112	0,405013	2,527641	-527,714346	915,331001	-2167,338812	7,681163	948,649614	32,837836	29,420570	30,549962	30,425606	32,245279	-2,672203	1,182781	1,071516	177081,594406	-0,191954	9,056422E-5	1,064353	1,950282	2,040466	-0,124428	-0,124439	13,984430	-0,012146	0,950124	1,792219
274,400000	8,096923	8,129193	1,566609	0,404794	2,527019	-511,839802	915,195471	-2147,752847	7,679298	948,127417	32,831168	29,420356	30,558295	30,420252	32,248836	-2,671871	1,177868	1,071216	177068,869546	-0,192863	7,338779E-5	1,032152	1,950858	2,040130	-0,124434	-0,124436	13,980359	-0,012470	0,948727	1,791655
274,600000	8,097223	8,128653	1,565029	0,404213	2,531886	-470,071965	914,712838	-2132,493723	7,677502	946,776982	32,825863	29,418216	30,562783	30,414019	32,253136	-2,671752	1,176501	1,071618	177073,409811	-0,193467	-2,013750E-5	1,115609	1,951063	2,039749	-0,124436	-0,124434	13,969011	-0,012493	0,949377	1,790196
274,800000	8,097282	8,127921	1,564291	0,403808	2,535561	-432,053828	914,040616	-2122,002032	7,676166	947,275721	32,826463	29,414869	30,559771	30,411359	32,256250	-2,671936	1,180940	1,072068	177084,125939	-0,193294	5,765083E-6	1,178348	1,950775	2,039698	-0,124436	-0,124429	13,973031	-0,012314	0,949435	1,790735
275,000000	8,096739	8,127435	1,568021	0,403939	2,537421	-400,215790	914,162300	-2095,125304	7,675195	949,519929	32,833689	29,415125	30,552519	30,411730	32,256458	-2,671910	1,188128	1,071558	177085,694369	-0,192691	-7,698945E-6	1,173398	1,950753	2,039503	-0,124436	-0,124424	13,991574	-0,011966	0,947970	1,793158
275,200000	8,096105	8,127437	1,564674	0,403785	2,540539	-381,765678	914,639078	-2054,248917	7,673894	950,315801	32,840084	29,418587	30,547132	30,412988	32,254473	-2,671755	1,193338	1,071828	177085,746200	-0,192193	-0,000101	1,094241	1,951566	2,039046	-0,124434	-0,124422	13,997639	-0,011336	0,949576	1,794017
275,400000	8,095915	8,127619	1,559906	0,403466	2,541430	-380,273797	914,689003	-2028,351850	7,672140	948,419692	32,839826	29,419744	30,545436	30,415123	32,254438	-2,671720	1,194495	1,072355	177116,828124	-0,192374	-0,000147	0,998962	1,952653	2,038834	-0,124429	-0,124423	13,981414	-0,011065	0,951886	1,791970
275,600000	8,096085	8,127320	1,559395	0,404141	2,537731	-436,058879	914,412305	-2041,948940	7,670648	947,507114	32,835516	29,418554	30,546081	30,417173	32,258170	-2,671796	1,191940	1,071658	177185,848863	-0,192779	-0,000166	1,059654	1,953940	2,039051	-0,124427	-0,124427	13,974231	-0,011565	0,952678	1,790985
275,800000	8,096064	8,126398	1,553135	0,404552	2,533745	-566,750997	913,967238	-2126,971843	7,669243	949,235642	32,833507	29,417476	30,546467	30,418275	32,260767	-2,672006	1,188839	1,071211	177230,836803	-0,193023	-0,000146	1,156821	1,955343	2,039147	-0,124429	-0,124428	13,989589	-0,012372	0,955609	1,792851
276,000000	8,095512	8,125517	1,549488	0,403958	2,530742	-635,422275	913,843311	-2229,390067	7,667748	950,938709	32,836574	29,417671	30,544660	30,421059	32,258112	-2,672333	1,187684	1,071106	177227,374587	-0,192906	-0,000170	1,102270	1,956293	2,038909	-0,124431	-0,124423	14,004087	-0,012547	0,957343	1,794689
276,200000	8,094712	8,124915	1,556231	0,404377	2,525845	-578,632922	914,125658	-2253,450816	7,666436	950,423522	32,841982	29,418652	30,541697	30,425998	32,250708	-2,672620	1,188123	1,071098	177226,524190	-0,192900	-0,000193	1,061123	1,956754	2,038983	-0,124432	-0,124428	13,999021	-0,011812	0,954965	1,794133
276,400000	8,093887	8,124564	1,558167	0,405794	2,519843	-487,995334	914,641689	-2203,848969	7,665337	948,187537	32,845989	29,418597	30,540333	30,428220	32,243261	-2,672506	1,188947	1,071911	177241,802227	-0,192928	-9,197012E-5	1,155650	1,956532	2,039636	-0,124434	-0,124436	13,979475	-0,011079	0,954093	1,791720
276,600000	8,093240	8,124660	1,555481	0,406354	2,518584	-427,464905	915,154140	-2140,744115	7,664259	947,462734	32,847734	29,417553	30,541912	30,425632	32,241515	-2,672130	1,190726	1,072139	177250,840385	-0,192272	-4,320319E-5	1,242322	1,955078	2,040416	-0,124437	-0,124436	13,973244	-0,010951	0,954405	1,790937
276,800000	8,092977	8,124789	1,556325	0,405989	2,524293	-431,002189	915,376597	-2103,407796	7,662919	949,368885	32,845920	29,418762	30,544097	30,422337	32,244837	-2,672034	1,192396	1,071587	177222,923456	-0,192077	-0,000142	1,176955	1,952401	2,040275	-0,124438	-0,124434	13,989604	-0,011266	0,952800	1,792995
277,000000	8,092858	8,124466	1,559682	0,405954	2,535708	-451,662531	915,614435	-2100,954876	7,661260	951,072066	32,841810	29,422872	30,543101	30,423415	32,248291	-2,672130	1,191489	1,071475	177174,354672	-0,192495	-0,000285	1,014573	1,949304	2,039392	-0,124437	-0,124431	14,004286	-0,011624	0,949990	1,794832
277,200000	8,092754	8,124134	1,563341	0,406478	2,544324	-382,450418	915,843829	-2075,471157	7,659476	951,344326	32,839521	29,424782	30,542780	30,427636	32,247799	-2,672088	1,189607	1,071461	177189,930528	-0,192640	-0,000251	0,903014	1,947199	2,039303	-0,124436	-0,124430	14,006508	-0,011558	0,947567	1,795126
277,400000	8,092733	8,124093	1,560579	0,406675	2,545756	-288,858078	915,847624	-1991,749732	7,658166	951,152950	32,839090	29,421765	30,544707	30,430097	32,242904	-2,671915	1,189410	1,071429	177241,731593	-0,192303	-5,970632E-5	0,910987	1,946924	2,039964	-0,124433	-0,124434	14,004454	-0,011113	0,948467	1,794920
277,600000	8,092580	8,123938	1,558501	0,406512	2,542527	-260,134264	915,993402	-1922,819212	7,657372	951,911822	32,838376	29,419318	30,546727	30,426809	32,240312	-2,671718	1,190935	1,071350	177252,767145	-0,191848	-4,584932E-6	0,982159	1,948149	2,040417	-0,124434	-0,124437	14,010678	-0,010957	0,949833	1,795738
277,800000	8,092297	8,123641	1,563642	0,405991	2,537326	-258,566828	916,255808	-1902,904744	7,656330	953,943533	32,836964	29,419657	30,553459	30,417727	32,245438	-2,671489	1,191306	1,071292	177221,887568	-0,192150	-4,361782E-5	1,004534	1,950222	2,040235	-0,124437	-0,124434	14,028214	-0,011427	0,948925	1,797927
278,000000	8,092075	8,123455	1,569910	0,405055	2,531938	-264,206120	916,148964	-1902,675518	7,654931	954,476815	32,834709	29,418637	30,559959	30,410142	32,253512	-2,671359	1,188036	1,071706	177180,466951	-0,192319	-9,240228E-5	0,972598	1,952394	2,039511	-0,124437	-0,124431	14,033475	-0,012211	0,947668	1,798501
278,200000	8,091928	8,123130	1,570463	0,404136	2,531242	-280,813247	915,497518	-1913,182388	7,653505	952,465726	32,833267	29,415992	30,559102	30,409704	32,258586	-2,671428	1,182618	1,072221	177161,208977	-0,191893	-0,000108	0,985603	1,953810	2,038716	-0,124435	-0,124428	14,017151	-0,012777	0,948123	1,796335
278,400000	8,091736	8,122506	1,565043	0,403736	2,536084	-266,966136	915,116091	-1922,792268	7,652144	951,611037	32,834124	29,415992	30,555201	30,414281	32,261328	-2,671428	1,178886	1,072306	177192,681092	-0,192095	-8,776369E-5	1,055122	1,954279	2,038529	-0,124435	-0,124426	14,010089	-0,012896	0,950278	1,795414
278,600000	8,091277	8,122015	1,562904	0,404280	2,539322	-216,529369	915,688271	-1897,544142	7,650726	952,584255	32,834001	29,419570	30,551930	30,417862	32,263465	-2,671234	1,177947	1,072145	177259,970189	-0,192526	-0,000113	1,071854	1,954232	2,039212	-0,124434	-0,124427	14,018093	-0,012722	0,950975	1,796463
278,800000	8,090694	8,121690	1,562225	0,404862	2,539647	-283,496654	915,834107	-1894,308193	7,649173	953,149205	32,830289	29,421015	30,549245	30,417619	32,263365	-2,671187	1,177249	1,072153	177278,531394	-0,192627	-5,378254E-5	1,066712	1,953430	2,039879	-0,124431	-0,124426	14,022433	-0,012317	0,950791	1,797071
279,000000	8,090137	8,121070	1,558551	0,404624	2,540575	-499,496812	914,678240	-2021,702062	7,647666	954,100120	32,825129	29,418852	30,550233	30,415615	32,258911	-2,671586	1,175975	1,072064	177239,770866	-0,192992	-1,415596E-5	1,105312	1,951965	2,039633	-0,124432	-0,124425	14,029887	-0,011786	0,951388	1,798096
279,200000	8,089495	8,120246	1,560269	0,404315	2,539510	-632,671435	913,405421	-2196,923373	7,646039	955,253752	32,823548	29,416914	30,551322	30,414133	32,253428	-2,672129	1,174102	1,071843	177212,768257	-0,193612	-0,000108	1,136883	1,951076	2,038725	-0,124432	-0,124425	14,039209	-0,011424	0,950240	1,799338
279,400000	8,088823	8,119527	1,568719	0,404141	2,534009	-596,856952	913,337451	-2265,615518	7,644310	955,499657	32,828970	29,417115	30,544224	30,415658	32,249747	-2,672474	1,172224	1,071976	177184,436272	-0,193766	-0,000210	1,113550	1,951153	2,038030	-0,124430	-0,124425	14,041194	-0,011346	0,947051	1,799602
279,600000	8,088238	8,119029	1,571264	0,403979	2,530201	-503,551036	914,340082	-2225,660662	7,642974	955,374649	32,839419	29,419035	30,537085	30,420943	32,245327	-2,672461	1,172339	1,071774	177116,732985	-0,192943	-0,000264	1,014662	1,951833	2,038152	-0,124426	-0,124425	14,040102	-0,011303	0,946363	1,799468
279,800000	8,087691	8,118997	1,562708	0,404596	2,533515	-426,027304	915,349812	-2151,451389	7,642076	955,299755	32,847661	29,421596	30,536592	30,426328	32,241390	-2,672156	1,172627	1,071112	177095,577758	-0,191808	-0,000248	0,963114	1,952899	2,039066	-0,124422	-0,124427	14,039310	-0,011139	0,950030	1,799387
280,000000	8,087298	8,119154	1,556481	0,405688	2,539098	-373,836607	915,674772	-2089,677189	7,641122	955,287979	32,847722	29,422633	30,540111	30,428840	32,242376	-2,671908	1,173277	1,071309	177159,102286	-0,191753	-0,000174	0,991807	1,953953	2,039822	-0,124425	-0,124432	14,039231	-0,011159	0,952883	1,799375
280,200000	8,087238	8,118799	1,563029	0,406252	2,540070	-338,594585	915,367289	-2033,273964	7,639777	954,367700	32,841458	29,420380	30,547917	30,428512	32,248231	-2,671843	1,178888	1,071819	177215,374607	-0,192438	-5,733921E-5	0,969347	1,954673	2,039863	-0,124433	-0,124434	14,031940	-0,011592	0,950792	1,798384
280,400000	8,087306	8,118050	1,571137	0,406159	2,540064	-372,933146	915,126039	-1996,316310	7,638260	953,101808	32,835875	29,418189	30,553776	30,426741	32,253182	-2,671864	1,185603	1,071946	177232,577418	-0,192826	1,475475E-5	0,976835	1,954974	2,039803	-0,124436	-0,124431	14,021844	-0,012126	0,947886	1,797020
280,600000	8,086997	8,117423	1,568428	0,405760	2,541951	-479,483213	914,909727	-2034,273388	7,636877	953,682735	32,836723	29,418015	30,552489	30,425425	32,251003	-2,671939	1,188145	1,072305	177229,616612	-0,192940	-5,495175E-5	1,065303	1,954975	2,039944	-0,124433	-0,124428	14,026958	-0,012361	0,948818	1,797646
280,800000	8,086026	8,117083	1,553591	0,405333	2,542545	-561,832526	914,813616	-2123,610552	7,635558	955,030626	32,839742	29,418328	30,549806	30,425765	32,242322	-2,672170	1,188349	1,071938	177203,594446	-0,192562	-0,000214	1,079905	1,955076	2,040012	-0,124431	-0,124432	14,038242	-0,012330	0,954339	1,799098
281,000000	8,085145	8,116870	1,541304	0,405033	2,536537	-577,177481	914,792592	-2197,062689	7,633948	955,403891	32,836399	29,418574	30,551366	30,425660	32,235046	-2,672457	1,188074	1,070991	177146,523702	-0,191993	-0,000300	0,999986	1,955705	2,039885	-0,124435	-0,124433	14,041410	-0,012366	0,959246	1,799499
281,200000	8,085020	8,116670	1,554060	0,404723	2,526430	-539,858214	914,299178	-2222,700279	7,632071	956,135428	32,827049	29,418251	30,555337	30,420672	32,237022	-2,672548	1,187882	1,070535	177083,768832	-0,192178	-0,000320	0,965552	1,956516	2,039794	-0,124437	-0,124428	14,047789	-0,012607	0,954840	1,800286
281,400000	8,085059	8,116615	1,574432	0,404102	2,519301	-511,771842	913,805218	-2205,381392	7,630548	958,080403	32,818927	29,417891	30,558722	30,413014	32,246627	-2,672336	1,187857	1,070111	177055,803670	-0,193285	-0,000408	1,052407	1,956461	2,039801	-0,124437	-0,124425	14,064360	-0,012871	0,947259	1,802378
281,600000	8,084775	8,116495	1,573881	0,403510	2,520759	-518,074762	913,812126	-2185,889881	7,629465	958,656198	32,816272	29,417924	30,560059	30,410278	32,254450	-2,672108	1,188569	1,070299	177048,131503	-0,194369	-0,000408	1,156446	1,955055	2,039642	-0,124439	-0,124425	14,069234	-0,012920	0,946772	1,802997
281,800000	8,084433	8,115964	1,561002	0,403425	2,529624	-518,374546	914,081289	-2176,141478	7,628388	956,730545	32,817087	29,417854	30,558607	30,414355	32,255321	-2,672068	1,189496	1,070729	177041,219417	-0,194451	-0,000184	1,215740	1,952914	2,039455	-0,124438	-0,124425	14,052956	-0,012783	0,950435	1,800927
282,000000	8,084320	8,115183	1,553729	0,404130	2,538619	-528,325846	914,290862	-2168,610553	7,627102	955,009955	32,819279	29,418372	30,556443	30,419355	32,252568	-2,672096	1,189002	1,070831	177073,886219	-0,193584	-6,324076E-5	1,251599	1,950727	2,039835	-0,124438	-0,124424	14,038569	-0,012830	0,951986	1,799075
282,200000	8,084211	8,114485	1,555413	0,404474	2,540948	-589,666575	914,097285	-2194,058869	7,625406	955,602204	32,821705	29,419706	30,554683	30,418406	32,249587	-2,672218	1,188239	1,070812	177115,035667	-0,192865	-0,000158	1,211439	1,949090	2,040356	-0,124440	-0,124423	14,043858	-0,013149	0,950477	1,799713
282,400000	8,083792	8,113905	1,561335	0,403735	2,536160	-660,236375	913,731234	-2255,156908	7,623616	957,917084	32,822996	29,420407	30,552404	30,412477	32,248808	-2,672334	1,187550	1,070823	177095,226410	-0,193353	-0,000304	1,122791	1,948942	2,039778	-0,124439	-0,124424	14,063464	-0,013343	0,948136	1,802203
282,600000	8,083158	8,113442	1,567288	0,402919	2,531752	-678,134607	913,578526	-2303,531918	7,622109	959,546152	32,823762	29,420433	30,551438	30,409222	32,253053	-2,672377	1,186455	1,071505	177061,364226	-0,193939	-0,000385	1,100041	1,950160	2,038603	-0,124436	-0,124425	14,077090	-0,013321	0,946476	1,803953
282,800000	8,082584	8,113201	1,565344	0,402192	2,532268	-651,366703	913,459444	-2309,350357	7,620869	959,704784	32,825877	29,420302	30,550009	30,413163	32,257088	-2,672598	1,185678	1,071733	177066,724465	-0,193661	-0,000266	1,176433	1,951178	2,038350	-0,124434	-0,124423	14,078287	-0,013189	0,947659	1,804124
283,000000	8,082068	8,112965	1,553861	0,402264	2,534392	-625,549551	913,523366	-2288,065360	7,619643	958,572419	32,829839	29,419272	30,543010	30,422627	32,254417	-2,672862	1,185839	1,071409	177085,081526	-0,193515	-7,435528E-5	1,240764	1,951099	2,039098	-0,124429	-0,124424	14,068643	-0,013031	0,951841	1,802907
283,200000	8,081537	8,112472	1,547484	0,403291	2,533480	-627,380845	913,857802	-2275,995711	7,618210	957,256150	32,834134	29,417639	30,535659	30,431023	32,248418	-2,672730	1,185679	1,071104	177099,202261	-0,193633	-5,692666E-5	1,249203	1,950568	2,039936	-0,124427	-0,124432	14,057428	-0,012848	0,953895	1,801492
283,400000	8,081205	8,112044	1,550858	0,404151	2,530967	-634,949199	914,054387	-2282,575547	7,616759	957,899045	32,834299	29,417730	30,536640	30,431472	32,242827	-2,672486	1,184274	1,070851	177122,896314	-0,193521	-0,000241	1,243343	1,949964	2,040326	-0,124429	-0,124436	14,062589	-0,012620	0,952296	1,802183
283,600000	8,081042	8,111903	1,553648	0,404588	2,528416	-623,449689	913,815172	-2288,842442	7,615270	959,276044	32,830313	29,418437	30,544027	30,425821	32,238396	-2,672588	1,184873	1,070714	177102,829471	-0,193228	-0,000419	1,207897	1,948949	2,040020	-0,124430	-0,124437	14,074110	-0,012603	0,950766	1,803663
283,800000	8,080921	8,111736	1,556865	0,404688	2,524317	-590,516502	913,505328	-2272,448903	7,613946	959,652246	32,830448	29,416877	30,547638	30,422070	32,238114	-2,672750	1,185332	1,070230	177042,009684	-0,192547	-0,000407	1,146704	1,948090	2,039222	-0,124430	-0,124439	14,077356	-0,012699	0,949149	1,804067
284,000000	8,080688	8,111466	1,561177	0,404813	2,521212	-572,801554	913,895248	-2246,022621	7,613026	959,522721	32,837000	29,416814	30,547706	30,423116	32,239779	-2,672701	1,181795	1,070146	177039,032342	-0,192269	-0,000208	1,048695	1,948304	2,038874	-0,124432	-0,124438	14,076300	-0,012727	0,947627	1,803928
284,200000	8,080069	8,111269	1,561274	0,405356	2,525496	-573,268785	914,863718	-2226,365929	7,612123	960,275590	32,842214	29,420303	30,547380	30,425800	32,238645	-2,672674	1,177238	1,070886	177081,054875	-0,193195	1,665749E-5	0,971167	1,949190	2,039492	-0,124434	-0,124434	14,082691	-0,012814	0,947989	1,804737
284,400000	8,079484	8,111051	1,560408	0,405811	2,533767	-540,293045	915,565918	-2195,658248	7,610935	962,344347	32,839423	29,422138	30,544749	30,426917	32,236955	-2,672628	1,174672	1,071127	177109,032965	-0,193911	7,960912E-6	1,028009	1,950029	2,040550	-0,124432	-0,124432	14,100095	-0,012904	0,948681	1,806958
284,600000	8,079309	8,110840	1,560110	0,405730	2,538497	-523,544095	915,549663	-2173,370114	7,609447	963,841859	32,829474	29,420735	30,547668	30,425255	32,240017	-2,672361	1,173243	1,070610	177109,587207	-0,193681	-0,000161	1,190503	1,951042	2,041071	-0,124431	-0,124434	14,112691	-0,012979	0,949276	1,808564
284,800000	8,079159	8,110812	1,561282	0,405241	2,538131	-590,913857	914,757941	-2199,559206	7,607776	963,099865	32,818338	29,419165	30,556726	30,420328	32,246307	-2,672220	1,169856	1,070592	177102,874676	-0,193442	-0,000158	1,315616	1,952416	2,040792	-0,124433	-0,124434	14,106521	-0,013012	0,949541	1,807768
285,000000	8,078867	8,110566	1,564934	0,404623	2,539027	-698,582590	913,429075	-2270,683286	7,606097	961,676222	32,812582	29,417102	30,559026	30,414555	32,249183	-2,672447	1,165868	1,071048	177107,103248	-0,193716	-0,000160	1,296932	1,953538	2,040325	-0,124436	-0,124429	14,094357	-0,012756	0,948721	1,806241
285,200000	8,078519	8,109900	1,563045	0,404113	2,541600	-734,558141	912,549385	-2328,737974	7,604782	962,237509	32,814854	29,415173	30,552665	30,411904	32,247938	-2,672750	1,165256	1,071120	177108,871873	-0,194252	-0,000311	1,153223	1,953835	2,039998	-0,124436	-0,124427	14,098488	-0,012191	0,949481	1,806843
285,400000	8,078119	8,109227	1,555503	0,404038	2,539981	-634,817348	912,996488	-2307,449362	7,603834	963,637053	32,821518	29,416424	30,546650	30,412288	32,247067	-2,672717	1,169742	1,071006	177073,172039	-0,194503	-0,000395	0,995334	1,953119	2,039609	-0,124434	-0,124427	14,109813	-0,011813	0,951842	1,808344
285,600000	8,077774	8,108809	1,557452	0,404306	2,531821	-509,960225	913,874364	-2234,049710	7,602685	963,992296	32,825635	29,419363	30,545972	30,413831	32,249189	-2,672371	1,177337	1,071211	176995,721680	-0,194224	-0,000460	0,918335	1,951180	2,039141	-0,124435	-0,124430	14,113189	-0,012219	0,950118	1,808725
285,800000	8,077732	8,108557	1,564961	0,404471	2,522654	-467,548243	913,990527	-2172,607707	7,601411	963,801753	32,824127	29,420369	30,549384	30,415584	32,254865	-2,672089	1,183196	1,071157	176934,760027	-0,194052	-0,000591	0,906280	1,948830	2,038871	-0,124435	-0,124430	14,112219	-0,012842	0,946175	1,808521
286,000000	8,077821	8,108105	1,566470	0,404522	2,519556	-464,937023	913,585583	-2134,728807	7,600179	962,840479	32,821859	29,419402	30,551768	30,416289	32,263071	-2,671939	1,186424	1,071085	176912,746620	-0,194171	-0,000710	0,929857	1,947665	2,038774	-0,124435	-0,124427	14,103782	-0,012443	0,945016	1,807490
286,200000	8,077517	8,107455	1,561434	0,403839	2,524742	-494,319037	913,511979	-2136,439842	7,598713	961,738201	32,823525	29,418616	30,551782	30,418304	32,265920	-2,672008	1,188054	1,071657	176925,925490	-0,193775	-0,000655	1,006542	1,947898	2,038713	-0,124432	-0,124425	14,093437	-0,011318	0,946923	1,806307
286,400000	8,076865	8,106834	1,549283	0,402866	2,536462	-563,445074	913,883856	-2191,569639	7,597207	962,442121	32,828331	29,418787	30,549998	30,424722	32,257875	-2,672327	1,188332	1,071812	176922,762170	-0,193018	-0,000380	1,072497	1,949056	2,038801	-0,124428	-0,124425	14,098684	-0,010676	0,951934	1,807062
286,600000	8,076133	8,106469	1,543376	0,403150	2,543966	-581,385014	914,095071	-2244,712208	7,595934	963,803949	32,833788	29,419193	30,546446	30,430171	32,246523	-2,672619	1,187214	1,071579	176859,675922	-0,192721	-0,000139	1,074388	1,950975	2,039220	-0,124428	-0,124432	14,110066	-0,010670	0,955035	1,808523
286,800000	8,075532	8,106408	1,549753	0,403912	2,540028	-532,822366	914,216953	-2234,612123	7,594609	964,162525	32,837362	29,419624	30,543434	30,429489	32,241482	-2,672717	1,185164	1,071685	176809,267226	-0,192483	-5,990916E-5	1,091096	1,952756	2,039694	-0,124433	-0,124438	14,113244	-0,010852	0,953497	1,808908
287,000000	8,075347	8,106321	1,556288	0,403992	2,527996	-493,041257	914,625549	-2185,522319	7,593115	963,095718	32,837543	29,420180	30,541103	30,425814	32,243174	-2,672714	1,184481	1,070960	176790,829569	-0,192072	-0,000171	1,195723	1,953418	2,039836	-0,124438	-0,124436	14,104773	-0,011299	0,951362	1,807764
287,200000	8,075266	8,106071	1,553005	0,404022	2,518701	-510,158893	914,663501	-2163,401040	7,591691	960,803029	32,835614	29,419848	30,542900	30,423557	32,245707	-2,672696	1,185356	1,070391	176754,109397	-0,192255	-0,000200	1,269688	1,953066	2,039571	-0,124434	-0,124430	14,086185	-0,011893	0,952395	1,805303
287,400000	8,074687	8,105522	1,550317	0,404536	2,515674	-564,659830	914,222770	-2186,610854	7,590347	959,283441	32,833550	29,419416	30,548078	30,425298	32,246300	-2,672586	1,185935	1,070688	176731,221097	-0,192579	9,062884E-5	1,149685	1,952574	2,039248	-0,124429	-0,124428	14,073559	-0,011990	0,953120	1,803671
287,600000	8,073946	8,104782	1,558084	0,405107	2,515895	-597,506523	913,871637	-2218,638915	7,588903	958,320518	32,831505	29,419550	30,548150	30,431007	32,243634	-2,672459	1,185715	1,070149	176762,970031	-0,192455	0,000192	0,978300	1,952059	2,039644	-0,124428	-0,124431	14,065115	-0,011614	0,949896	1,802636
287,800000	8,073599	8,104479	1,566518	0,405642	2,519670	-585,327532	914,046115	-2217,095131	7,587528	956,496277	32,830664	29,419810	30,545113	30,434533	32,238892	-2,672436	1,184201	1,069613	176810,893015	-0,192131	-6,697568E-5	0,975423	1,950896	2,040596	-0,124429	-0,124435	14,049633	-0,011425	0,946166	1,800675
288,000000	8,073338	8,104630	1,565814	0,406631	2,529573	-596,750960	914,588492	-2208,397149	7,586357	955,968658	32,831017	29,419997	30,547443	30,430008	32,237332	-2,672341	1,182000	1,069729	176832,908056	-0,192329	-0,000464	1,062894	1,949511	2,040846	-0,124431	-0,124437	14,045565	-0,011782	0,945776	1,800107
288,200000	8,072810	8,104728	1,556415	0,406864	2,541118	-675,865828	914,310052	-2263,124671	7,584976	956,964519	32,828882	29,418294	30,555534	30,419631	32,239653	-2,672287	1,183066	1,069993	176817,294440	-0,192919	-0,000744	1,108705	1,948829	2,040182	-0,124437	-0,124431	14,054511	-0,012376	0,948965	1,801178
288,400000	8,072265	8,104603	1,550183	0,405494	2,545969	-701,429023	913,641651	-2333,687981	7,583363	956,533281	32,824450	29,416398	30,561648	30,411821	32,244365	-2,672487	1,187160	1,070606	176770,465572	-0,193070	-0,000560	1,109667	1,949609	2,039330	-0,124441	-0,124426	14,051196	-0,012677	0,951679	1,800715
288,600000	8,072030	8,104090	1,557949	0,404475	2,542487	-616,890920	913,755512	-2321,338084	7,581964	955,302645	32,823277	29,416738	30,561038	30,411810	32,250405	-2,672543	1,189208	1,071003	176738,020245	-0,193108	-0,000165	1,034826	1,952197	2,038466	-0,124438	-0,124428	14,040802	-0,012607	0,949990	1,799390
288,800000	8,072008	8,103382	1,570945	0,404567	2,536877	-508,885300	914,501734	-2241,113471	7,580831	954,952888	32,825358	29,418881	30,555384	30,414814	32,255707	-2,672294	1,188895	1,071055	176763,620621	-0,193279	5,617354E-5	0,996629	1,954909	2,038557	-0,124435	-0,124434	14,037610	-0,012350	0,946400	1,799014
289,000000	8,071843	8,103031	1,566965	0,404546	2,534631	-457,207274	915,095534	-2165,878205	7,579539	955,070492	32,825021	29,420884	30,550522	30,416577	32,258689	-2,672110	1,188973	1,071433	176809,135365	-0,193743	4,725925E-5	1,108368	1,956020	2,039914	-0,124434	-0,124435	14,038466	-0,012219	0,948348	1,799140
289,200000	8,071533	8,102720	1,556544	0,403906	2,535153	-446,488045	914,595765	-2132,882701	7,577926	955,172415	32,820917	29,419213	30,550392	30,416640	32,259161	-2,672052	1,190363	1,071757	176810,774078	-0,193959	-0,000185	1,198114	1,956108	2,040588	-0,124433	-0,124433	14,039407	-0,012305	0,952232	1,799250
289,400000	8,071400	8,102151	1,561835	0,403364	2,535233	-399,489364	913,838006	-2096,108447	7,576404	955,183307	32,817916	29,415725	30,552760	30,414927	32,259777	-2,671811	1,191260	1,071328	176774,631336	-0,193564	-0,000407	1,162259	1,956045	2,039796	-0,124436	-0,124430	14,039588	-0,012394	0,950192	1,799262
289,600000	8,071374	8,101839	1,567800	0,403786	2,534186	-367,606092	913,797875	-2031,343575	7,575373	955,162939	32,821807	29,413842	30,553701	30,413959	32,261505	-2,671708	1,189831	1,071455	176759,220959	-0,193175	-0,000280	1,034159	1,955457	2,038680	-0,124440	-0,124428	14,039470	-0,012447	0,947675	1,799240
289,800000	8,071245	8,101757	1,559239	0,404461	2,533452	-422,788277	913,892799	-2019,419990	7,574412	954,286084	32,830647	29,414572	30,549454	30,415511	32,259541	-2,672101	1,187644	1,072024	176756,831695	-0,192938	8,794311E-5	0,926477	1,953546	2,038272	-0,124437	-0,124426	14,031974	-0,012311	0,949894	1,798296
290,000000	8,070872	8,101618	1,549909	0,404473	2,530904	-436,899473	914,345264	-2051,645309	7,573010	952,238810	32,838463	29,417554	30,542160	30,419929	32,252911	-2,672385	1,187401	1,071490	176709,819164	-0,192947	0,000229	0,952195	1,951076	2,038612	-0,124430	-0,124426	14,014392	-0,011924	0,952119	1,796090
290,200000	8,070164	8,101350	1,550339	0,404273	2,527126	-373,103368	915,117105	-2041,768550	7,571441	951,679643	32,842564	29,419644	30,538936	30,424594	32,248218	-2,672368	1,188096	1,071111	176652,596973	-0,192880	4,984356E-5	1,031865	1,949782	2,039060	-0,124424	-0,124427	14,009363	-0,011594	0,951282	1,795488
290,400000	8,069405	8,100868	1,557692	0,404359	2,524305	-375,248567	915,209754	-2023,282025	7,569925	953,639112	32,840920	29,419156	30,542767	30,425947	32,248119	-2,672361	1,187003	1,070931	176665,207042	-0,192892	-0,000167	1,073526	1,949591	2,039407	-0,124422	-0,124428	14,025782	-0,011551	0,948416	1,797599
290,600000	8,068878	8,100275	1,562623	0,404997	2,524989	-422,118846	914,544762	-2040,916696	7,568411	954,473161	32,835608	29,417510	30,548362	30,426159	32,249793	-2,672327	1,186129	1,070378	176737,337312	-0,193543	-0,000194	1,101368	1,949539	2,039627	-0,124421	-0,124430	14,032834	-0,011601	0,946525	1,798497
290,800000	8,068461	8,099514	1,555697	0,405648	2,528001	-446,761202	914,098511	-2072,458468	7,566770	952,634660	32,833577	29,416805	30,548598	30,427128	32,249665	-2,672296	1,188114	1,070098	176793,776927	-0,193875	-0,000100	1,067691	1,949500	2,039573	-0,124422	-0,124431	14,017391	-0,011596	0,948997	1,796517
291,000000	8,067932	8,098872	1,547028	0,405515	2,531632	-470,562512	914,332681	-2105,508773	7,565278	950,913022	32,836040	29,417792	30,544129	30,427165	32,245269	-2,672449	1,190704	1,069689	176807,246024	-0,193242	-8,882932E-5	0,942317	1,949106	2,039488	-0,124429	-0,124432	14,002886	-0,011561	0,951952	1,794661
291,200000	8,067268	8,098758	1,549211	0,404971	2,532377	-487,103764	914,666872	-2127,878343	7,564103	950,653312	32,837989	29,419000	30,541635	30,427020	32,238244	-2,672645	1,191489	1,069490	176797,646263	-0,192300	-0,000136	0,901710	1,948221	2,039502	-0,124437	-0,124435	14,000550	-0,011409	0,950681	1,794381
291,400000	8,066900	8,098661	1,560252	0,404740	2,529665	-477,433521	914,876728	-2126,722826	7,562937	950,871852	32,835872	29,419582	30,546038	30,424560	32,235056	-2,672633	1,191212	1,069724	176783,979621	-0,191900	-0,000190	0,966813	1,947560	2,039533	-0,124438	-0,124436	14,002527	-0,011548	0,946258	1,794617
291,600000	8,067008	8,098311	1,568169	0,404747	2,528201	-445,796410	915,109455	-2106,337393	7,561677	950,943032	32,829410	29,420087	30,553806	30,417607	32,240816	-2,672471	1,190310	1,070091	176774,428513	-0,192286	-0,000159	0,940206	1,947477	2,039587	-0,124437	-0,124434	14,003715	-0,012138	0,943286	1,794693
291,800000	8,067145	8,098148	1,566020	0,404699	2,529091	-406,259782	915,128610	-2073,837930	7,560307	950,886973	32,823466	29,420124	30,556778	30,412979	32,250718	-2,672260	1,189085	1,070344	176766,900380	-0,192626	-8,276485E-5	0,866605	1,947944	2,039604	-0,124438	-0,124428	14,003767	-0,012661	0,944295	1,794633
292,000000	8,067148	8,098208	1,560972	0,404794	2,529647	-404,709171	914,720559	-2051,591672	7,559028	950,848958	32,822625	29,418877	30,553702	30,414045	32,255306	-2,672074	1,188388	1,070264	176751,204855	-0,192767	-0,000116	0,908318	1,948807	2,039539	-0,124437	-0,124426	14,003553	-0,012767	0,946577	1,794592
292,200000	8,066798	8,097921	1,558207	0,404723	2,530075	-518,020123	914,031386	-2099,676614	7,557653	950,864024	32,822912	29,417540	30,550875	30,416839	32,252414	-2,672140	1,187680	1,070339	176761,875322	-0,193405	-0,000277	0,977153	1,950104	2,039470	-0,124435	-0,124427	14,003464	-0,012552	0,948197	1,794608
292,400000	8,066030	8,096855	1,561319	0,404120	2,533496	-660,021886	913,594875	-2216,519266	7,555845	950,883006	32,820355	29,417352	30,551140	30,418396	32,247868	-2,672450	1,187147	1,069832	176788,676091	-0,194158	-0,000427	0,991613	1,951544	2,039695	-0,124436	-0,124431	14,003473	-0,012401	0,947634	1,794629
292,600000	8,065565	8,095754	1,566966	0,403558	2,538792	-698,372328	913,376539	-2298,210978	7,554095	950,869497	32,817694	29,416463	30,549996	30,416305	32,247245	-2,672599	1,187481	1,069549	176736,892836	-0,194167	-0,000399	1,011678	1,952734	2,039753	-0,124440	-0,124433	14,003494	-0,012535	0,946008	1,794614
292,800000	8,065404	8,095266	1,563492	0,403220	2,542694	-718,912600	912,968152	-2332,072708	7,552761	950,829304	32,817185	29,415106	30,550510	30,410781	32,250496	-2,672605	1,186740	1,070280	176648,868992	-0,193577	-0,000278	1,016229	1,954205	2,038956	-0,124441	-0,124427	14,003500	-0,012879	0,947960	1,794571
293,000000	8,065057	8,094982	1,560394	0,402451	2,543753	-723,868545	912,731237	-2354,126226	7,551575	950,813734	32,819453	29,415214	30,554626	30,407772	32,254244	-2,672769	1,183729	1,070394	176616,787033	-0,193253	-0,000158	0,972159	1,955622	2,038019	-0,124439	-0,124422	14,003498	-0,013008	0,949779	1,794554
293,200000	8,064605	8,094633	1,566041	0,401918	2,543236	-620,635372	913,109359	-2307,842433	7,550348	949,959124	32,824483	29,416078	30,551914	30,412776	32,256729	-2,672886	1,181112	1,070465	176623,318351	-0,193411	-8,117048E-5	0,956555	1,956017	2,037946	-0,124432	-0,124422	13,996079	-0,012776	0,947831	1,793632
293,400000	8,064107	8,094248	1,566388	0,402486	2,542565	-521,039141	913,678293	-2215,130918	7,549100	948,779398	32,829479	29,416942	30,542625	30,422282	32,256919	-2,672717	1,182484	1,070621	176636,215799	-0,193845	-0,000170	0,997438	1,955338	2,038482	-0,124427	-0,124426	13,985920	-0,012543	0,947302	1,792359
293,600000	8,063706	8,094112	1,564389	0,403736	2,541268	-483,651309	914,143303	-2153,104565	7,547754	949,425034	32,832415	29,418714	30,538052	30,428100	32,253542	-2,672447	1,186565	1,070235	176659,635407	-0,194470	-0,000296	1,003620	1,953578	2,039067	-0,124427	-0,124430	13,991036	-0,012227	0,947153	1,793056
293,800000	8,063311	8,094257	1,565705	0,404873	2,537962	-484,029882	914,340176	-2135,031506	7,546463	950,831605	32,832091	29,419551	30,542215	30,427146	32,248329	-2,672343	1,188338	1,070368	176675,082686	-0,194342	-0,000308	0,979855	1,951332	2,039484	-0,124432	-0,124430	14,002333	-0,011693	0,945604	1,794573
294,000000	8,062858	8,094060	1,557801	0,405104	2,535933	-549,974631	913,920989	-2168,704103	7,545383	950,347672	32,828683	29,417846	30,546988	30,423484	32,243963	-2,672408	1,187413	1,070522	176634,783468	-0,193334	-0,000329	1,003921	1,949774	2,039290	-0,124435	-0,124428	13,998089	-0,011518	0,947771	1,794051
294,200000	8,062345	8,093328	1,549657	0,404839	2,533630	-609,970538	913,521907	-2243,191032	7,544114	948,113772	32,827772	29,417020	30,547312	30,422863	32,240505	-2,672621	1,186798	1,070381	176599,664006	-0,192788	-0,000219	1,061830	1,949190	2,039060	-0,124429	-0,124426	13,979474	-0,011699	0,950442	1,791640
294,400000	8,061672	8,092652	1,559175	0,405148	2,528037	-557,877440	913,953297	-2273,879716	7,542548	946,504558	32,833592	29,418337	30,546432	30,425789	32,238866	-2,672828	1,187318	1,070721	176656,601249	-0,192825	-8,103931E-5	1,092473	1,949082	2,039370	-0,124423	-0,124428	13,966009	-0,011786	0,946775	1,789902
294,600000	8,061282	8,092427	1,569254	0,405859	2,523376	-433,265811	914,970132	-2191,972188	7,541152	946,328035	32,839723	29,420463	30,543664	30,428391	32,240953	-2,672815	1,188069	1,070841	176750,191047	-0,192498	-0,000177	1,071921	1,949316	2,039765	-0,124424	-0,124434	13,964678	-0,011943	0,943133	1,789711
294,800000	8,061077	8,092414	1,561365	0,406055	2,526432	-360,166308	915,587532	-2074,178583	7,539958	947,437039	32,838097	29,421845	30,544161	30,428657	32,244407	-2,672511	1,188206	1,070208	176806,229432	-0,192164	-0,000422	1,062644	1,950260	2,040067	-0,124430	-0,124442	13,974241	-0,012164	0,946494	1,790909
295,000000	8,060638	8,092506	1,548460	0,405766	2,532527	-380,430892	915,343482	-2028,881600	7,538625	947,863254	32,829506	29,420541	30,550877	30,426174	32,247846	-2,672102	1,186784	1,069876	176821,931529	-0,192216	-0,000617	1,136304	1,951430	2,040227	-0,124437	-0,124441	13,978035	-0,012369	0,951896	1,791370
295,200000	8,060142	8,092417	1,547382	0,405404	2,533732	-429,510272	914,732482	-2051,804245	7,537157	946,037715	32,819497	29,417909	30,556217	30,420371	32,251304	-2,672023	1,184958	1,070245	176804,857513	-0,192343	-0,000467	1,196975	1,951946	2,040152	-0,124439	-0,124433	13,962730	-0,012441	0,952566	1,789397
295,400000	8,059972	8,091748	1,553691	0,405015	2,532023	-444,533752	914,234707	-2077,007080	7,535778	945,286576	32,814813	29,417464	30,558570	30,415194	32,253154	-2,672161	1,183994	1,070128	176782,820325	-0,192782	-0,000216	1,139561	1,951583	2,039786	-0,124440	-0,124425	13,956331	-0,012372	0,949974	1,788585
295,600000	8,060016	8,090977	1,561126	0,404827	2,532045	-435,381652	914,170793	-2079,388562	7,534538	946,228380	32,816560	29,419327	30,556864	30,414087	32,253565	-2,672196	1,183434	1,070167	176778,159464	-0,193054	-0,000173	1,053412	1,950546	2,039470	-0,124441	-0,124423	13,964381	-0,012485	0,946618	1,789603
295,800000	8,059646	8,090534	1,567316	0,404830	2,534107	-426,118313	914,675508	-2070,186035	7,533308	946,708407	32,819580	29,420612	30,552936	30,414336	32,253936	-2,672101	1,184105	1,070543	176785,794452	-0,192949	-0,000267	1,027390	1,950092	2,039504	-0,124441	-0,124429	13,968608	-0,012669	0,944053	1,790122
296,000000	8,059094	8,090317	1,559639	0,404915	2,535580	-436,913320	915,044799	-2069,468455	7,531975	947,571409	32,819747	29,420692	30,554371	30,414429	32,255662	-2,671955	1,185898	1,070639	176798,095285	-0,193128	-0,000255	1,064834	1,951433	2,039616	-0,124441	-0,124434	13,976012	-0,012804	0,947519	1,791054
296,200000	8,059164	8,090301	1,552778	0,405039	2,536048	-415,245091	914,772064	-2067,208722	7,530625	948,669749	32,816540	29,420104	30,558341	30,414876	32,258789	-2,671850	1,187798	1,071496	176794,201256	-0,193401	-1,335966E-6	1,084148	1,953426	2,039664	-0,124441	-0,124434	13,985337	-0,012883	0,951050	1,792240
296,400000	8,059657	8,090277	1,565054	0,404633	2,536012	-358,171624	914,317814	-2032,298372	7,529311	948,030616	32,814007	29,418793	30,558849	30,414979	32,263623	-2,671737	1,187751	1,071943	176778,314497	-0,193799	6,537449E-5	1,034353	1,954335	2,039491	-0,124438	-0,124430	13,979916	-0,012841	0,946939	1,791550
296,600000	8,059615	8,089723	1,576659	0,404090	2,537662	-380,813152	914,042509	-2011,542029	7,527752	946,700779	32,815402	29,416756	30,556031	30,417206	32,265896	-2,671688	1,185225	1,071331	176773,447008	-0,194337	-0,000132	0,975032	1,953974	2,039085	-0,124430	-0,124427	13,968669	-0,012794	0,942437	1,790114
296,800000	8,058758	8,088852	1,572513	0,404436	2,541375	-462,342827	913,904426	-2046,015714	7,526077	946,339963	32,819999	29,414997	30,549308	30,422087	32,259702	-2,671950	1,184428	1,071332	176781,179567	-0,194211	-0,000333	1,016077	1,953014	2,039008	-0,124424	-0,124427	13,965575	-0,012739	0,943387	1,789724
297,000000	8,057769	8,088137	1,558410	0,404845	2,545191	-540,061730	913,888284	-2116,025793	7,524735	946,494434	32,823562	29,415016	30,541042	30,424287	32,249343	-2,672397	1,186731	1,071196	176791,319805	-0,193938	-0,000447	1,149507	1,952789	2,039327	-0,124427	-0,124427	13,966634	-0,012497	0,948381	1,789891
297,200000	8,057142	8,087425	1,552163	0,404276	2,545917	-588,527880	913,908590	-2198,922257	7,523460	946,655892	32,822815	29,416951	30,537972	30,423383	32,244927	-2,672681	1,187160	1,070581	176805,803681	-0,194158	-0,000359	1,127758	1,953808	2,039605	-0,124435	-0,124425	13,967631	-0,012134	0,951110	1,790065
297,400000	8,056715	8,086930	1,559489	0,403503	2,541295	-576,214459	914,122769	-2242,573876	7,522005	946,681881	32,821383	29,419700	30,541307	30,422594	32,249196	-2,672788	1,184140	1,070787	176792,314514	-0,194032	-0,000315	0,938810	1,955072	2,039321	-0,124433	-0,124425	13,967792	-0,012076	0,948949	1,790093
297,600000	8,056330	8,086822	1,568731	0,403603	2,534468	-537,050471	914,507344	-2223,523422	7,520615	947,516170	32,822231	29,421567	30,545174	30,422814	32,253416	-2,672756	1,183475	1,070953	176738,449387	-0,193317	-0,000359	0,823536	1,956628	2,038656	-0,124429	-0,124429	13,975074	-0,012331	0,946280	1,790995
297,800000	8,055976	8,086734	1,572567	0,404504	2,533107	-494,783630	914,756452	-2178,851606	7,519429	949,605207	32,823446	29,421747	30,546026	30,426011	32,251645	-2,672588	1,185880	1,070911	176732,811857	-0,192683	-0,000286	0,841527	1,958605	2,038714	-0,124430	-0,124432	13,992567	-0,012242	0,945815	1,793250
298,000000	8,055638	8,086539	1,565077	0,405563	2,537878	-465,339876	914,814517	-2135,388298	7,518189	951,161595	32,824043	29,419560	30,544551	30,431525	32,246618	-2,672441	1,187671	1,071347	176782,519108	-0,192537	-0,000332	0,920834	1,959470	2,039495	-0,124432	-0,124433	14,005023	-0,011609	0,948980	1,794929
298,200000	8,055345	8,086319	1,556378	0,406579	2,542911	-477,466842	914,700906	-2117,625151	7,516699	952,247979	32,823462	29,416702	30,542529	30,432426	32,241686	-2,672430	1,188274	1,071008	176804,368946	-0,192694	-0,000447	0,930353	1,958813	2,040054	-0,124435	-0,124436	14,013618	-0,011072	0,951872	1,796100
298,400000	8,055033	8,086133	1,557591	0,407430	2,543683	-498,731771	914,687335	-2135,052285	7,515402	954,092387	32,821122	29,416566	30,544115	30,426659	32,240091	-2,672427	1,186952	1,070146	176788,938963	-0,193060	-0,000427	0,859224	1,957496	2,039992	-0,124436	-0,124439	14,029189	-0,011152	0,950767	1,798087
298,600000	8,054812	8,085943	1,563044	0,407047	2,542343	-476,718835	915,018968	-2143,984743	7,514301	955,385659	32,817711	29,418481	30,549225	30,419685	32,241675	-2,672356	1,185218	1,070273	176775,112547	-0,193220	-0,000317	0,872105	1,955293	2,039590	-0,124437	-0,124437	14,040677	-0,011786	0,947664	1,799480
298,800000	8,054748	8,085497	1,566582	0,405154	2,538205	-435,589456	915,173961	-2119,742933	7,512874	955,466955	32,814705	29,419673	30,553110	30,416325	32,243496	-2,672343	1,184183	1,070933	176758,936938	-0,193117	-3,981417E-5	0,985484	1,952603	2,039093	-0,124439	-0,124433	14,041873	-0,012300	0,945017	1,799567
299,000000	8,054457	8,084778	1,567819	0,403749	2,532406	-427,320094	914,997372	-2097,791708	7,511446	954,352185	32,813072	29,419829	30,554146	30,417818	32,245931	-2,672277	1,183844	1,071386	176759,189208	-0,193608	0,000126	1,098882	1,950949	2,039010	-0,124439	-0,124429	14,032649	-0,012431	0,943689	1,798367
299,200000	8,053974	8,084240	1,566559	0,403896	2,532038	-493,876807	914,822783	-2112,488104	7,510147	952,124310	32,810532	29,420431	30,555343	30,419806	32,249638	-2,672160	1,185276	1,071366	176800,001990	-0,194110	-3,720203E-5	1,176191	1,950636	2,039768	-0,124434	-0,124432	14,014171	-0,012665	0,943947	1,795967
299,400000	8,053592	8,084076	1,560762	0,404443	2,537444	-613,096722	914,249754	-2188,892201	7,508606	952,378396	32,805581	29,420963	30,556769	30,418114	32,253157	-2,672223	1,186399	1,070865	176822,969567	-0,193882	-0,000283	1,167129	1,950699	2,040340	-0,124433	-0,124436	14,016567	-0,012926	0,946102	1,796241
299,600000	8,053425	8,084006	1,563471	0,404461	2,542060	-613,829235	913,369207	-2259,667834	7,507137	956,469359	32,801194	29,419067	30,558387	30,413964	32,255579	-2,672348	1,186677	1,070769	176810,691599	-0,193976	-0,000407	1,032295	1,950104	2,039874	-0,124435	-0,124433	14,050739	-0,012757	0,944817	1,800646
299,800000	8,053456	8,083896	1,575086	0,403920	2,541812	-468,187628	913,191198	-2203,306349	7,505900	959,725937	32,801483	29,416227	30,561047	30,410771	32,259323	-2,672193	1,188135	1,071222	176796,223976	-0,194553	-0,000337	0,918212	1,948751	2,038909	-0,124437	-0,124426	14,077732	-0,012457	0,939906	1,804147
