LabVIEW Measurement	
Writer_Version	2
Reader_Version	2
Separator	Tab
Decimal_Separator	,
Multi_Headings	No
X_Columns	One
Time_Pref	Absolute
Operator	Pos-Oscar
Date	2025/05/13
Time	13:54:10,583951758058566362
***End_of_Header***	
	
Channels	32																																
Samples	1	1	1	1	1	1	1	1	1	1	1	1	1	1	1	1	1	1	1	1	1	1	1	1	1	1	1	1	1	1	1	1	
Date	2025/05/14	2025/05/14	2025/05/14	2025/05/14	2025/05/14	2025/05/14	2025/05/14	2025/05/14	2025/05/14	2025/05/14	2025/05/14	2025/05/14	2025/05/14	2025/05/14	2025/05/14	2025/05/14	2025/05/14	2025/05/14	2025/05/14	2025/05/14	2025/05/14	2025/05/14	2025/05/14	2025/05/14	2025/05/14	2025/05/14	2025/05/14	2025/05/14	2025/05/14	2025/05/14	2025/05/14	2025/05/14	
Time	11:29:01,7841388786849601492	11:29:01,7841451159850729927	11:29:01,7839642326519860253	11:29:01,7839954193853808865	11:29:01,7840266063516063914	11:29:01,783966232667215012	11:29:01,7839589953594876751	11:29:01,7839517580517603382	11:29:01,7839734699749423489	11:29:01,7839734699749423489	11:29:01,7840141315185500607	11:29:01,7840827425182832703	11:29:01,7840453182519449219	11:29:01,7840390809518320784	11:29:01,7840577930850012526	11:29:01,7840889798183961138	11:29:01,784120166551790975	11:29:01,7840515555520577654	11:29:01,7839517580517603382	11:29:01,7839579953518731817	11:29:01,7840827425182832703	11:29:01,7839517580517603382	11:29:01,7839579953518731817	11:29:01,7839642326519860253	11:29:01,7839642326519860253	11:29:01,7839704699520988688	11:29:01,7839767074850423559	11:29:01,7839829447851551995	11:29:01,7840141315185500607	11:29:01,7840203688186629042	11:29:01,7840203688186629042	11:29:01,7840203688186629042	
Y_Unit_Label	Volts	Volts	Volts	Volts	Volts	Amps	Amps	Amps	Amps	Amps	Volts	Volts	Volts	Volts	Volts	Volts	Volts	Volts	Volts	Volts	Volts	Volts	Volts	Volts	Volts	Volts	Volts	Volts	Volts	Volts	Volts	Volts	
X_Dimension	Time	Time	Time	Time	Time	Time	Time	Time	Time	Time	Time	Time	Time	Time	Time	Time	Time	Time	Time	Time	Time	Time	Time	Time	Time	Time	Time	Time	Time	Time	Time	Time	
X0	0,0000000000000000E+0	0,0000000000000000E+0	0,0000000000000000E+0	0,0000000000000000E+0	0,0000000000000000E+0	0,0000000000000000E+0	0,0000000000000000E+0	0,0000000000000000E+0	0,0000000000000000E+0	0,0000000000000000E+0	0,0000000000000000E+0	0,0000000000000000E+0	0,0000000000000000E+0	0,0000000000000000E+0	0,0000000000000000E+0	0,0000000000000000E+0	0,0000000000000000E+0	0,0000000000000000E+0	0,0000000000000000E+0	0,0000000000000000E+0	0,0000000000000000E+0	0,0000000000000000E+0	0,0000000000000000E+0	0,0000000000000000E+0	0,0000000000000000E+0	0,0000000000000000E+0	0,0000000000000000E+0	0,0000000000000000E+0	0,0000000000000000E+0	0,0000000000000000E+0	0,0000000000000000E+0	0,0000000000000000E+0	
Delta_X	0,200000	0,200000	0,200000	0,200000	0,200000	0,200000	0,200000	0,200000	0,200000	0,200000	0,200000	0,200000	0,200000	0,200000	0,200000	0,200000	0,200000	0,200000	0,200000	0,200000	0,200000	0,200000	0,200000	0,200000	0,200000	0,200000	0,200000	0,200000	0,200000	0,200000	0,200000	0,200000	
***End_of_Header***																																	
X_Value	PIT-A-0101	PIT-A-0301	PIT-M-0101	PIT-O-0301	PIT-W-0301	PDT-M-0101-40kPa_mA	PDT-M-0101B-10kPa_mA	PDT-M-0101C-3kPa_mA	 PDT-M-0101D-10Kpa_mA	 PDT-M-0101D-10Kpa_mA_tara	PIT-A-AUX	Model Pressure Drop	TIT-A-0101	TIT-A-0301	TIT-M-0101	TIT-O-0301	TIT-W-0301	LV-O-0X01	LV-W-0X01	LV-M-0X01	Densitometro	FT-A-0301	FT-A-0302	FT-A-0303	FT-A-0303 1	FT-O-0301	FT-O-0302	FT-O-0303	FT-W-0301	FT-W-0302	J Ar	J Água	Comment
0,000000	7,463152	7,494271	0,111902	0,082610	1,868398	-1841,284737	-1580,540059	-1578,169533	-932,817016	-1538,322853	8,220612	958,641296	22,029898	22,812758	25,844061	22,989583	23,154666	-2,910853	0,810174	0,975738	154039,336558	-0,199805	3,019447	-0,063235	0,000000	2,028601	-0,124486	-0,124494	14,070837	-0,014648	3,176307	1,802981
0,200000	7,462875	7,494634	0,111984	0,083774	1,868012	-1851,563704	-1595,275694	-1587,487260	-942,005609	-1547,511446	8,223883	957,231195	22,030258	22,813578	25,847892	22,995155	23,152130	-2,910808	0,811183	0,975169	154040,282579	-0,198013	3,019374	-0,063326	0,000000	2,030542	-0,124497	-0,124496	14,058466	-0,014095	3,176163	1,801465
0,400000	7,462740	7,494899	0,112121	0,083795	1,869487	-1859,331222	-1600,289110	-1593,563080	-947,441614	-1552,947451	8,226960	957,662390	22,028675	22,815299	25,851072	22,992051	23,149764	-2,910733	0,813793	0,974676	154042,047995	-0,198632	3,019220	-0,063330	0,000000	2,031384	-0,124498	-0,124501	14,062543	-0,014558	3,175723	1,801929
0,600000	7,462980	7,494841	0,112619	0,082910	1,870042	-1867,016857	-1597,066279	-1595,412414	-948,552841	-1554,058678	8,229843	958,926662	22,027707	22,828687	25,851057	22,982821	23,149235	-2,910800	0,817014	0,974457	154046,196627	-0,198831	3,019030	-0,063212	0,000000	2,030438	-0,124496	-0,124497	14,073890	-0,015310	3,173933	1,803288
0,800000	7,463151	7,494592	0,112516	0,081993	1,868522	-1868,611812	-1594,278384	-1595,819556	-949,033565	-1554,539402	8,232862	959,286882	22,031285	22,849324	25,846501	22,977612	23,149542	-2,910817	0,817369	0,974672	154038,239441	-0,199466	3,019010	-0,062985	0,000000	2,029231	-0,124495	-0,124488	14,077284	-0,015686	3,173839	1,803675
1,000000	7,463143	7,494285	0,111573	0,081896	1,866889	-1864,570711	-1594,620898	-1596,381116	-949,915002	-1555,420840	8,236212	959,174478	22,036227	22,859756	25,843069	22,980469	23,149265	-2,910786	0,814056	0,975046	154029,706575	-0,201991	3,019137	-0,062781	0,000000	2,027975	-0,124493	-0,124488	14,076317	-0,015661	3,176400	1,803554
1,200000	7,462935	7,494074	0,111077	0,082426	1,867031	-1856,445621	-1596,873080	-1597,733800	-949,508554	-1555,014391	8,239631	959,043449	22,035392	22,858885	25,844399	22,985680	23,149434	-2,910947	0,810244	0,975479	154030,763100	-0,203812	3,019508	-0,062979	0,000000	2,028041	-0,124486	-0,124491	14,075294	-0,015736	3,178153	1,803413
1,400000	7,462536	7,494110	0,111091	0,082808	1,868909	-1853,190545	-1601,815026	-1599,382507	-948,166808	-1553,672646	8,242852	958,108951	22,029740	22,857379	25,849934	22,987821	23,152495	-2,910970	0,811866	0,975375	154033,032373	-0,202465	3,019763	-0,063349	0,000000	2,030167	-0,124482	-0,124494	14,067689	-0,015960	3,178472	1,802409
1,600000	7,462446	7,494143	0,111324	0,083069	1,869210	-1864,928016	-1597,702682	-1597,652880	-946,709530	-1552,215367	8,245709	956,007512	22,026192	22,857031	25,854966	22,986649	23,156323	-2,910704	0,817131	0,974503	154036,457909	-0,201365	3,019621	-0,063062	0,000000	2,031682	-0,124486	-0,124495	14,050244	-0,016135	3,177724	1,800149
1,800000	7,462835	7,493881	0,111724	0,083251	1,869874	-1869,257547	-1581,443372	-1591,789162	-942,683488	-1548,189325	8,248474	954,503882	22,026567	22,853721	25,854287	22,984466	23,155518	-2,910564	0,819109	0,974533	154033,501688	-0,202348	3,019758	-0,062580	0,000000	2,031005	-0,124495	-0,124491	14,037870	-0,016378	3,176656	1,798530
2,000000	7,463124	7,493620	0,111647	0,082909	1,869520	-1851,981963	-1572,576135	-1586,024767	-936,685805	-1542,191642	8,251614	954,367517	22,028494	22,850951	25,846596	22,982148	23,149066	-2,910583	0,817814	0,975431	154034,039248	-0,202209	3,020014	-0,062682	0,000000	2,029277	-0,124499	-0,124491	14,036713	-0,016367	3,176997	1,798384
2,200000	7,462987	7,493478	0,111834	0,082684	1,868216	-1841,284367	-1573,547659	-1581,897614	-932,582347	-1538,088185	8,255107	954,641699	22,033213	22,853183	25,835887	22,981499	23,142766	-2,910654	0,819349	0,975529	154044,648916	-0,200731	3,019941	-0,063042	0,000000	2,028436	-0,124498	-0,124495	14,038709	-0,016061	3,176193	1,798679
2,400000	7,462436	7,493494	0,112829	0,083112	1,866433	-1845,310092	-1572,931893	-1578,818114	-930,696268	-1536,202105	8,258659	953,869309	22,039468	22,857381	25,831747	22,983979	23,141594	-2,910933	0,822567	0,974560	154052,954153	-0,199532	3,019845	-0,063139	0,000000	2,028839	-0,124498	-0,124490	14,032255	-0,016092	3,173168	1,797847
2,600000	7,461927	7,493737	0,112917	0,083574	1,867779	-1845,228834	-1571,349502	-1577,873699	-930,075880	-1535,581717	8,262014	952,628249	22,039095	22,859201	25,838476	22,985713	23,147652	-2,911077	0,822790	0,974020	154058,513071	-0,200103	3,019848	-0,062912	0,000000	2,029427	-0,124497	-0,124482	14,022063	-0,016322	3,173062	1,796510
2,800000	7,462177	7,493897	0,111979	0,083314	1,870880	-1839,638343	-1570,565471	-1578,131357	-929,678276	-1535,184113	8,265026	953,214838	22,030228	22,858422	25,848437	22,985855	23,157286	-2,910883	0,822715	0,974518	154055,218246	-0,201889	3,019848	-0,062798	0,000000	2,029653	-0,124496	-0,124483	14,026977	-0,016309	3,175915	1,797142
3,000000	7,462984	7,493800	0,111489	0,082416	1,871717	-1833,027216	-1565,070661	-1575,795116	-926,442269	-1531,948107	8,267802	954,575075	22,022508	22,856852	25,852664	22,987825	23,159465	-2,910776	0,823781	0,974898	154047,563709	-0,202078	3,019612	-0,063064	0,000000	2,029552	-0,124491	-0,124487	14,038206	-0,016117	3,177091	1,798607
3,200000	7,463308	7,493719	0,111602	0,082581	1,870406	-1823,823727	-1552,260235	-1569,118577	-918,373406	-1523,879243	8,270711	954,122039	22,024343	22,855577	25,849673	22,990811	23,152154	-2,910861	0,824145	0,974824	154046,567198	-0,201220	3,019226	-0,063200	0,000000	2,029345	-0,124484	-0,124489	14,033976	-0,015690	3,176314	1,798119
3,400000	7,463121	7,493783	0,111709	0,083557	1,869363	-1815,070018	-1544,025002	-1562,417096	-909,991039	-1515,496876	8,273861	951,968025	22,030812	22,855492	25,844521	22,990791	23,143533	-2,910946	0,823629	0,974590	154052,184397	-0,202037	3,019161	-0,062995	0,000000	2,029458	-0,124482	-0,124489	14,015380	-0,015187	3,175909	1,795798
3,600000	7,463111	7,493879	0,111813	0,083342	1,870138	-1812,575624	-1546,174105	-1559,645926	-907,348470	-1512,854308	8,277072	950,384064	22,033693	22,856169	25,841734	22,985152	23,139264	-2,911001	0,823449	0,974287	154056,880883	-0,202999	3,019355	-0,062826	0,000000	2,029869	-0,124483	-0,124491	14,001919	-0,015042	3,175818	1,794090
3,800000	7,463261	7,493917	0,111870	0,082519	1,870384	-1819,379268	-1547,953063	-1559,120116	-909,770366	-1515,276203	8,280182	950,177765	22,032513	22,857048	25,839510	22,977848	23,141246	-2,911019	0,824030	0,974082	154047,965491	-0,200808	3,019531	-0,062754	0,000000	2,029721	-0,124486	-0,124488	14,000586	-0,015444	3,175818	1,793868
4,000000	7,463400	7,494117	0,111848	0,082734	1,870705	-1824,430766	-1544,164798	-1558,200232	-910,477846	-1515,983683	8,283255	950,358782	22,030091	22,857615	25,838110	22,976183	23,149654	-2,911028	0,824205	0,974564	154031,347268	-0,199334	3,019732	-0,062833	0,000000	2,029361	-0,124491	-0,124482	14,002730	-0,016065	3,176148	1,794063
4,200000	7,463541	7,494407	0,112291	0,083412	1,870711	-1817,399564	-1541,763025	-1556,881412	-906,966481	-1512,472318	8,286377	950,452590	22,028289	22,856786	25,839832	22,982057	23,158323	-2,911047	0,824224	0,975355	154021,544479	-0,200961	3,019738	-0,063106	0,000000	2,029399	-0,124492	-0,124482	14,003783	-0,016330	3,175024	1,794164
4,400000	7,463668	7,494349	0,112754	0,082874	1,870472	-1812,078124	-1543,292596	-1555,718421	-903,412551	-1508,918388	8,289488	949,584476	22,028406	22,854851	25,843549	22,992395	23,159268	-2,910990	0,824340	0,975401	154017,177681	-0,202277	3,019459	-0,063250	0,000000	2,029615	-0,124485	-0,124487	13,996335	-0,016184	3,173447	1,793228
4,600000	7,463485	7,494337	0,112736	0,082316	1,869636	-1810,040554	-1539,870786	-1553,749762	-900,792736	-1506,298573	8,292614	948,390143	22,030545	22,853213	25,848132	22,997930	23,152860	-2,910916	0,822278	0,974997	154015,051808	-0,202938	3,019173	-0,063022	0,000000	2,030464	-0,124482	-0,124492	13,985959	-0,015858	3,173262	1,791939
4,800000	7,463092	7,494553	0,113168	0,083180	1,869261	-1807,983748	-1530,357331	-1549,964774	-897,763831	-1503,269668	8,295629	949,034448	22,031576	22,853506	25,851510	22,992387	23,145861	-2,910931	0,819257	0,974628	154019,322153	-0,202245	3,018987	-0,062575	0,000000	2,031061	-0,124487	-0,124495	13,991001	-0,015477	3,171948	1,792634
5,000000	7,462805	7,494436	0,113809	0,083722	1,869574	-1808,970620	-1522,084656	-1544,393328	-893,568371	-1499,074208	8,298668	950,404570	22,030794	22,852668	25,851346	22,981221	23,144690	-2,910849	0,819390	0,974387	154031,272554	-0,200871	3,019040	-0,062571	0,000000	2,030252	-0,124493	-0,124494	14,002313	-0,015263	3,170141	1,794113
5,200000	7,462809	7,494158	0,113019	0,083079	1,870069	-1806,410700	-1521,371572	-1538,839639	-890,110930	-1495,616768	8,301951	950,791710	22,031044	22,850133	25,848150	22,974126	23,148605	-2,910659	0,818382	0,974359	154043,682957	-0,201257	3,019237	-0,063054	0,000000	2,028692	-0,124495	-0,124491	14,005505	-0,015201	3,172488	1,794530
5,400000	7,463062	7,494179	0,112057	0,082560	1,870391	-1803,161492	-1526,517299	-1536,438922	-891,705033	-1497,210870	8,305217	950,678256	22,033181	22,852165	25,844206	22,977225	23,152359	-2,910673	0,812585	0,974550	154052,181295	-0,201905	3,019193	-0,063386	0,000000	2,028286	-0,124495	-0,124489	14,004470	-0,015120	3,175130	1,794408
5,600000	7,462950	7,494258	0,111841	0,082476	1,871659	-1804,904515	-1534,790248	-1539,587094	-899,110322	-1504,616159	8,308316	951,434119	22,034271	22,856774	25,844613	22,987382	23,153197	-2,910859	0,807802	0,974698	154059,347777	-0,201602	3,019053	-0,063360	0,000000	2,028938	-0,124499	-0,124489	14,010880	-0,015174	3,175583	1,795223
5,800000	7,462696	7,494147	0,111531	0,082319	1,872504	-1810,946840	-1546,954035	-1546,752107	-907,660283	-1513,166121	8,311345	952,582158	22,030680	22,857948	25,849236	22,993981	23,151431	-2,910895	0,808090	0,974369	154054,904367	-0,201279	3,019027	-0,063066	0,000000	2,029655	-0,124502	-0,124493	14,020868	-0,015515	3,176438	1,796460
6,000000	7,462700	7,494041	0,111948	0,082474	1,871995	-1817,370045	-1557,963744	-1556,131383	-914,106361	-1519,612198	8,314233	951,942497	22,025112	22,855970	25,851408	22,990634	23,150653	-2,910745	0,811754	0,974173	154039,759071	-0,202061	3,019016	-0,062949	0,000000	2,031141	-0,124500	-0,124498	14,015887	-0,015909	3,175240	1,795771
6,200000	7,462674	7,493965	0,112210	0,083030	1,870577	-1825,752533	-1568,514592	-1566,238024	-922,284459	-1527,790296	8,317016	950,585298	22,023862	22,853822	25,852024	22,983362	23,150765	-2,910616	0,813992	0,974626	154031,975099	-0,203851	3,018987	-0,063057	0,000000	2,031929	-0,124500	-0,124495	14,004673	-0,016104	3,174464	1,794307
6,400000	7,462805	7,493970	0,112348	0,083463	1,869630	-1837,860114	-1574,992563	-1573,710823	-931,885910	-1537,391747	8,319982	950,181529	22,027490	22,852685	25,851415	22,980924	23,148422	-2,910716	0,814199	0,975298	154047,382784	-0,204265	3,019105	-0,062913	0,000000	2,030439	-0,124500	-0,124492	14,001505	-0,016331	3,174201	1,793872
6,600000	7,463040	7,494183	0,112975	0,083507	1,870363	-1847,690777	-1574,980153	-1578,402281	-937,042903	-1542,548741	8,323186	950,296479	22,032010	22,853561	25,845729	22,983818	23,146720	-2,910986	0,813752	0,975793	154069,096945	-0,202481	3,019438	-0,062814	0,000000	2,028242	-0,124495	-0,124491	14,002530	-0,016390	3,172772	1,793996
6,800000	7,462728	7,494327	0,112649	0,083530	1,870758	-1845,691263	-1573,417989	-1580,720604	-936,313624	-1541,819462	8,326324	951,342857	22,035303	22,857392	25,839020	22,987003	23,147189	-2,911183	0,813812	0,975751	154062,120883	-0,201644	3,019516	-0,063066	0,000000	2,027679	-0,124493	-0,124485	14,010946	-0,016008	3,173724	1,795124
7,000000	7,462150	7,494300	0,112833	0,083833	1,870883	-1831,041694	-1568,078934	-1580,622464	-931,449013	-1536,954850	8,329238	952,590389	22,035180	22,860735	25,840743	22,988586	23,149905	-2,911272	0,814709	0,975341	154043,173851	-0,202250	3,019236	-0,063251	0,000000	2,028794	-0,124495	-0,124481	14,021273	-0,015851	3,172876	1,796469
7,200000	7,462050	7,494319	0,112841	0,083867	1,869602	-1824,962180	-1563,214213	-1578,047751	-925,416069	-1530,921906	8,332297	951,931823	22,029644	22,860074	25,849156	22,988985	23,155196	-2,911224	0,813314	0,975080	154035,424601	-0,202281	3,019106	-0,063258	0,000000	2,030002	-0,124495	-0,124484	14,016023	-0,016135	3,172819	1,795759
7,400000	7,462473	7,494536	0,111584	0,083548	1,869085	-1825,722903	-1554,591634	-1570,554733	-918,050399	-1523,556236	8,335435	951,456459	22,024376	22,856599	25,852226	22,987029	23,158192	-2,910993	0,811411	0,975088	154040,248364	-0,202975	3,019262	-0,063144	0,000000	2,030463	-0,124492	-0,124486	14,012062	-0,016168	3,176726	1,795247
7,600000	7,463084	7,494603	0,111489	0,082807	1,869154	-1813,171089	-1540,712786	-1561,697191	-910,242507	-1515,748344	8,338250	953,215631	22,026761	22,853517	25,848384	22,985785	23,154958	-2,910780	0,811607	0,975377	154049,044797	-0,204418	3,019384	-0,062994	0,000000	2,030113	-0,124492	-0,124485	14,026460	-0,015786	3,177143	1,797143
7,800000	7,463317	7,494319	0,111714	0,082258	1,871326	-1803,086944	-1535,587027	-1557,029554	-905,971812	-1511,477650	8,341033	954,835541	22,034804	22,852440	25,845225	22,986399	23,147712	-2,910852	0,813945	0,975548	154038,644025	-0,204410	3,019333	-0,063042	0,000000	2,029576	-0,124493	-0,124491	14,039974	-0,015699	3,176319	1,798887
8,000000	7,463141	7,494047	0,112389	0,083371	1,873634	-1808,293047	-1534,561668	-1554,225010	-903,360296	-1508,866134	8,344023	955,048778	22,039739	22,853687	25,844381	22,985116	23,143632	-2,911089	0,817154	0,975016	154021,260471	-0,203211	3,019261	-0,063123	0,000000	2,029208	-0,124495	-0,124496	14,042148	-0,016083	3,174192	1,799117
8,200000	7,463137	7,493830	0,112951	0,084420	1,873230	-1817,481401	-1540,511630	-1553,209952	-903,478740	-1508,984577	8,347050	954,780301	22,037868	22,855612	25,844302	22,983553	23,145267	-2,911024	0,819401	0,974552	154017,938164	-0,202325	3,019255	-0,063056	0,000000	2,029148	-0,124495	-0,124492	14,040305	-0,016494	3,172479	1,798828
8,400000	7,463166	7,493744	0,112123	0,083130	1,871463	-1823,860385	-1557,388354	-1556,877356	-911,010725	-1516,516563	8,350110	953,731050	22,033210	22,855642	25,845327	22,985325	23,150743	-2,910707	0,820331	0,974972	154032,856284	-0,201679	3,019280	-0,062884	0,000000	2,029005	-0,124493	-0,124488	14,031781	-0,016778	3,174845	1,797698
8,600000	7,463100	7,494041	0,111443	0,081663	1,870945	-1831,301939	-1573,166168	-1566,138704	-924,010295	-1529,516132	8,353186	951,607315	22,029935	22,854583	25,847707	22,989960	23,157524	-2,910600	0,820367	0,975466	154053,059858	-0,201564	3,019282	-0,062813	0,000000	2,028637	-0,124489	-0,124491	14,014158	-0,016996	3,176938	1,795410
8,800000	7,463281	7,494329	0,110609	0,082497	1,872561	-1842,056372	-1587,352138	-1579,381613	-937,289815	-1542,795653	8,356164	951,037457	22,030105	22,854573	25,849794	22,994036	23,159555	-2,910621	0,821282	0,975306	154048,237789	-0,201855	3,019249	-0,063041	0,000000	2,029312	-0,124488	-0,124494	14,009314	-0,016944	3,179422	1,794795
9,000000	7,463472	7,494335	0,110374	0,083793	1,872867	-1848,545087	-1594,270869	-1590,065520	-944,777622	-1550,283459	8,359245	953,065998	22,032768	22,855118	25,849787	22,994581	23,153861	-2,910622	0,821329	0,974967	154041,943466	-0,202064	3,019140	-0,063238	0,000000	2,029980	-0,124492	-0,124493	14,025810	-0,016393	3,179974	1,796982
9,200000	7,463579	7,494285	0,110691	0,083594	1,872803	-1850,269835	-1589,989186	-1593,297360	-943,358302	-1548,864139	8,362417	954,850752	22,035258	22,855585	25,848804	22,990779	23,145733	-2,910708	0,819717	0,975050	154052,571920	-0,203051	3,019073	-0,063193	0,000000	2,030141	-0,124496	-0,124494	14,040271	-0,015869	3,178963	1,798904
9,400000	7,463548	7,494129	0,110502	0,083419	1,871128	-1848,031004	-1579,503236	-1588,835554	-936,606753	-1542,112591	8,365565	955,082358	22,035620	22,856318	25,846339	22,984206	23,142848	-2,910766	0,818534	0,975302	154048,401029	-0,203861	3,019167	-0,062929	0,000000	2,030406	-0,124494	-0,124495	14,042385	-0,016039	3,179511	1,799153
9,600000	7,463109	7,494058	0,110670	0,083186	1,869294	-1838,385586	-1565,549105	-1579,514424	-928,765319	-1534,271156	8,368604	953,887550	22,032251	22,856508	25,844157	22,980543	23,146935	-2,910774	0,818699	0,975191	154033,403443	-0,203609	3,019128	-0,062636	0,000000	2,029551	-0,124493	-0,124490	14,032917	-0,016600	3,178937	1,797867
9,800000	7,462752	7,494248	0,111380	0,082314	1,868840	-1825,413179	-1552,602767	-1569,363551	-919,274158	-1524,779996	8,371274	951,609895	22,028312	22,856227	25,843971	22,982756	23,152243	-2,910804	0,819591	0,974820	154029,332491	-0,203229	3,018998	-0,062779	0,000000	2,028659	-0,124492	-0,124485	14,014170	-0,016987	3,176840	1,795412
10,000000	7,462928	7,494208	0,111780	0,082383	1,870227	-1816,790072	-1546,723111	-1561,351975	-909,468348	-1514,974186	8,374042	950,986173	22,029176	22,858120	25,843826	22,988648	23,153849	-2,910798	0,819437	0,974583	154032,076219	-0,202335	3,019023	-0,063156	0,000000	2,029224	-0,124486	-0,124482	14,009097	-0,017157	3,175684	1,794740
10,200000	7,463102	7,493918	0,111456	0,083480	1,871882	-1814,110321	-1550,206064	-1557,728497	-905,867510	-1511,373347	8,377168	952,103687	22,032289	22,860158	25,846406	22,995923	23,152161	-2,910900	0,818476	0,974622	154031,444238	-0,201348	3,018995	-0,063238	0,000000	2,030615	-0,124484	-0,124487	14,018310	-0,016977	3,176480	1,795945
10,400000	7,463099	7,493842	0,111938	0,084570	1,872062	-1817,647696	-1552,664466	-1558,487418	-908,528304	-1514,034142	8,380302	952,703422	22,031262	22,857594	25,851895	22,999301	23,148909	-2,911014	0,816950	0,974828	154034,278331	-0,202092	3,018919	-0,063151	0,000000	2,031466	-0,124488	-0,124498	14,022708	-0,016336	3,175081	1,796591
10,600000	7,463353	7,493993	0,113419	0,084642	1,872505	-1825,538256	-1547,226583	-1558,942289	-910,378139	-1515,883977	8,383399	953,634662	22,028076	22,853931	25,854013	22,993765	23,146166	-2,910796	0,816753	0,974810	154039,611475	-0,202838	3,018889	-0,063068	0,000000	2,031029	-0,124492	-0,124502	14,029946	-0,015753	3,170942	1,797594
10,800000	7,463545	7,493957	0,113560	0,083826	1,873981	-1825,193623	-1539,817611	-1555,400408	-908,534532	-1514,040369	8,386509	954,737028	22,029697	22,853298	25,852984	22,985388	23,145888	-2,910621	0,817832	0,974641	154032,789446	-0,202312	3,019003	-0,062951	0,000000	2,029554	-0,124499	-0,124494	14,039177	-0,015729	3,170642	1,798781
11,000000	7,463257	7,493603	0,111830	0,082912	1,874633	-1817,943414	-1535,899677	-1550,560008	-905,226600	-1510,732437	8,389879	954,942740	22,035043	22,854474	25,850563	22,983907	23,146151	-2,910752	0,818494	0,974781	154017,862231	-0,202058	3,019305	-0,062839	0,000000	2,027720	-0,124502	-0,124486	14,041171	-0,015996	3,175723	1,799003
11,200000	7,462826	7,493619	0,110650	0,082401	1,873927	-1812,190088	-1536,667410	-1548,556117	-902,612048	-1508,117886	8,393205	953,921127	22,036654	22,856186	25,844049	22,988715	23,145758	-2,910889	0,818891	0,974901	154008,076053	-0,202145	3,019489	-0,062715	0,000000	2,027199	-0,124498	-0,124487	14,032683	-0,016084	3,179211	1,797903
11,400000	7,462664	7,493935	0,110603	0,082918	1,872804	-1810,405788	-1543,922779	-1550,415392	-903,457327	-1508,963165	8,395997	952,632470	22,032802	22,857506	25,837812	22,992796	23,148727	-2,910848	0,819062	0,974760	154019,239804	-0,201926	3,019401	-0,062801	0,000000	2,028900	-0,124493	-0,124493	14,021738	-0,015963	3,179290	1,796515
11,600000	7,462573	7,493981	0,111030	0,083847	1,872736	-1816,232809	-1555,981485	-1555,427082	-909,766480	-1515,272317	8,398787	953,215106	22,028191	22,858158	25,841745	22,993843	23,153526	-2,910638	0,820043	0,974771	154038,689867	-0,201628	3,019161	-0,063099	0,000000	2,031181	-0,124495	-0,124497	14,026774	-0,016104	3,177868	1,797142
11,800000	7,462579	7,494130	0,112279	0,084170	1,873673	-1828,201847	-1568,990091	-1564,155855	-920,241670	-1525,747508	8,401975	954,546389	22,025602	22,857490	25,854159	22,993421	23,155352	-2,910532	0,820322	0,974973	154037,199001	-0,202456	3,019045	-0,063238	0,000000	2,031679	-0,124500	-0,124497	14,038195	-0,016347	3,174372	1,798576
12,000000	7,462989	7,494253	0,112902	0,084056	1,873200	-1849,696564	-1580,426443	-1572,987675	-930,659322	-1536,165160	8,405444	954,980085	22,024977	22,854940	25,859410	22,991130	23,153149	-2,910581	0,819957	0,975285	154032,985078	-0,203623	3,019066	-0,063101	0,000000	2,030373	-0,124497	-0,124496	14,041429	-0,015941	3,172745	1,799043
12,200000	7,463407	7,493820	0,112602	0,083692	1,872293	-1867,753898	-1582,926015	-1577,842445	-936,435465	-1541,941302	8,408819	954,937105	22,027889	22,853625	25,850606	22,989055	23,146886	-2,910617	0,820307	0,975625	154040,827934	-0,203255	3,018974	-0,062983	0,000000	2,029043	-0,124488	-0,124494	14,040388	-0,015260	3,173264	1,798997
12,400000	7,463236	7,493284	0,111945	0,083107	1,871135	-1866,155179	-1580,142838	-1581,863788	-938,490976	-1543,996814	8,411690	954,845905	22,034524	22,854967	25,840198	22,989797	23,140924	-2,910766	0,820519	0,975390	154037,721502	-0,202001	3,018845	-0,063207	0,000000	2,028904	-0,124487	-0,124488	14,039370	-0,015008	3,174677	1,798899
12,600000	7,462724	7,493312	0,111541	0,083019	1,870783	-1853,709243	-1578,572446	-1585,372592	-938,986085	-1544,491923	8,414364	954,776654	22,038559	22,856476	25,839327	22,989692	23,142095	-2,910986	0,818787	0,974646	154027,742671	-0,201694	3,018989	-0,063482	0,000000	2,029469	-0,124492	-0,124488	14,039197	-0,015417	3,175966	1,798824
12,800000	7,462472	7,493621	0,111470	0,083529	1,871327	-1837,853802	-1575,706413	-1585,884751	-936,596948	-1542,102785	8,417203	954,672897	22,034602	22,856956	25,844548	22,988093	23,150116	-2,910974	0,814937	0,974225	154032,291708	-0,202415	3,019250	-0,063320	0,000000	2,029626	-0,124496	-0,124491	14,039333	-0,016423	3,176611	1,798712
13,000000	7,462717	7,493473	0,111459	0,083546	1,873985	-1823,430817	-1568,659782	-1582,317928	-930,425503	-1535,931340	8,420078	954,604625	22,027263	22,856534	25,849501	22,990007	23,157158	-2,910701	0,812860	0,974466	154040,054981	-0,202848	3,019293	-0,062880	0,000000	2,029759	-0,124495	-0,124495	14,039417	-0,017080	3,176689	1,798639
13,200000	7,463264	7,493076	0,112612	0,083198	1,875540	-1819,591517	-1557,565652	-1574,904511	-922,643409	-1528,149246	8,423025	955,502936	22,024968	22,856035	25,851389	22,994987	23,158318	-2,910497	0,813422	0,975083	154039,352856	-0,203152	3,019215	-0,062806	0,000000	2,029923	-0,124492	-0,124499	14,046839	-0,016963	3,173191	1,799606
13,400000	7,463335	7,492930	0,112968	0,083877	1,874559	-1825,848884	-1552,531989	-1567,489700	-916,095505	-1521,601342	8,426053	957,623088	22,028460	22,855512	25,849809	22,998383	23,153643	-2,910570	0,814266	0,975022	154041,228349	-0,203739	3,019216	-0,063124	0,000000	2,029715	-0,124492	-0,124497	14,064399	-0,016743	3,172110	1,801887
13,600000	7,462949	7,492898	0,112738	0,084592	1,871560	-1827,357562	-1551,250526	-1561,911879	-910,681095	-1516,186933	8,429159	959,131091	22,032276	22,855213	25,845799	22,996592	23,145946	-2,910630	0,813704	0,974454	154043,400295	-0,203936	3,019347	-0,063286	0,000000	2,029532	-0,124494	-0,124496	14,076852	-0,016560	3,172854	1,803507
13,800000	7,462889	7,493096	0,113189	0,083464	1,868663	-1824,074294	-1548,626163	-1557,465714	-907,790711	-1513,296548	8,432462	959,279826	22,033906	22,856111	25,842394	22,990206	23,141198	-2,910562	0,814011	0,974492	154037,998424	-0,203444	3,019474	-0,063020	0,000000	2,029509	-0,124498	-0,124496	14,078015	-0,016477	3,171728	1,803667
14,000000	7,463120	7,493452	0,112003	0,082209	1,869173	-1824,441132	-1547,243194	-1553,915384	-908,188765	-1513,694602	8,435637	959,004650	22,032965	22,856904	25,845060	22,984165	23,144160	-2,910635	0,816201	0,974744	154039,165471	-0,203120	3,019490	-0,062759	0,000000	2,029756	-0,124499	-0,124491	14,076007	-0,016773	3,175283	1,803372
14,200000	7,463251	7,493514	0,110642	0,082908	1,871129	-1816,502990	-1544,769589	-1554,086820	-910,640715	-1516,146552	8,438495	958,839798	22,030127	22,856739	25,850496	22,985093	23,152073	-2,910828	0,816089	0,974917	154046,638894	-0,203197	3,019349	-0,063014	0,000000	2,029442	-0,124497	-0,124489	14,075037	-0,017184	3,179109	1,803194
14,400000	7,463098	7,493266	0,111364	0,083702	1,872657	-1808,614358	-1546,251852	-1558,997628	-914,820823	-1520,326660	8,441362	959,727206	22,028950	22,856643	25,848772	22,994327	23,156389	-2,910914	0,813596	0,974852	154037,775158	-0,202750	3,019140	-0,063261	0,000000	2,028670	-0,124495	-0,124492	14,082489	-0,017203	3,176712	1,804148
14,600000	7,462599	7,493179	0,112366	0,083572	1,870923	-1819,057571	-1551,884167	-1563,194585	-917,484160	-1522,989997	8,444456	961,026744	22,030062	22,856399	25,844987	23,001404	23,153633	-2,910716	0,812634	0,974345	154020,214638	-0,202699	3,019087	-0,062973	0,000000	2,029268	-0,124494	-0,124494	14,092850	-0,016684	3,173724	1,805543
14,800000	7,462138	7,493506	0,112061	0,084286	1,868509	-1829,846042	-1555,049081	-1565,241044	-918,224066	-1523,729904	8,447655	960,513131	22,031451	22,855342	25,847514	22,999742	23,147640	-2,910464	0,812908	0,973869	154016,907058	-0,204139	3,019047	-0,062639	0,000000	2,030501	-0,124499	-0,124494	14,087802	-0,015936	3,174713	1,804992
15,000000	7,462382	7,493844	0,112127	0,085214	1,866826	-1831,390725	-1554,886327	-1567,057494	-920,864543	-1526,370380	8,450786	959,205895	22,031287	22,853911	25,851410	22,992725	23,143395	-2,910530	0,811607	0,973651	154026,822485	-0,205307	3,018851	-0,062618	0,000000	2,030512	-0,124507	-0,124493	14,076491	-0,015571	3,174503	1,803588
15,200000	7,463162	7,493925	0,112917	0,084668	1,868114	-1834,957068	-1554,889486	-1568,464374	-924,648586	-1530,154423	8,453813	958,805776	22,029547	22,853370	25,851578	22,984473	23,144283	-2,910619	0,810691	0,973893	154037,392401	-0,205554	3,018635	-0,062751	0,000000	2,029539	-0,124504	-0,124491	14,073299	-0,015732	3,172060	1,803158
15,400000	7,463469	7,493715	0,112862	0,083782	1,870582	-1837,698439	-1558,973573	-1570,227952	-926,917864	-1532,423701	8,456830	958,919051	22,029990	22,855148	25,846833	22,981960	23,149334	-2,910571	0,812370	0,974628	154046,029008	-0,205043	3,018524	-0,062947	0,000000	2,028353	-0,124492	-0,124486	14,074335	-0,015818	3,171953	1,803280
15,600000	7,462975	7,493502	0,112699	0,083775	1,871903	-1836,837176	-1566,584069	-1573,213981	-927,606055	-1533,111893	8,459826	959,051560	22,033813	22,858147	25,842439	22,988752	23,153445	-2,910732	0,816228	0,975095	154051,800627	-0,203339	3,018624	-0,063243	0,000000	2,028305	-0,124484	-0,124483	14,075342	-0,015716	3,172363	1,803422
15,800000	7,462458	7,493547	0,112499	0,084029	1,872401	-1839,276818	-1573,911307	-1576,215825	-926,969955	-1532,475792	8,462692	959,968254	22,035514	22,859037	25,844462	22,997102	23,152974	-2,910957	0,819278	0,974669	154048,165866	-0,202434	3,018714	-0,063374	0,000000	2,029697	-0,124483	-0,124490	14,082929	-0,015625	3,173055	1,804407
16,000000	7,462606	7,493563	0,112190	0,083891	1,872307	-1839,686004	-1574,947036	-1576,958061	-925,844733	-1531,350570	8,465536	962,066929	22,030375	22,856951	25,851465	22,998518	23,151468	-2,910779	0,819652	0,974129	154047,450519	-0,203159	3,018499	-0,063185	0,000000	2,030876	-0,124486	-0,124498	14,100370	-0,015500	3,173816	1,806660
16,200000	7,463094	7,493384	0,112609	0,083464	1,871868	-1828,869856	-1569,521461	-1575,412369	-924,191557	-1529,697395	8,468527	963,568878	22,024225	22,854888	25,857538	22,994333	23,151423	-2,910412	0,820501	0,974159	154055,033090	-0,203303	3,018291	-0,062940	0,000000	2,031628	-0,124492	-0,124496	14,112746	-0,015316	3,172420	1,808271
16,400000	7,463407	7,493260	0,113336	0,083434	1,869701	-1817,984768	-1562,208146	-1571,842946	-921,547398	-1527,053235	8,471640	962,834945	22,024944	22,855031	25,856433	22,990132	23,148387	-2,910408	0,821994	0,974401	154056,349096	-0,202118	3,018536	-0,062583	0,000000	2,030842	-0,124495	-0,124487	14,106487	-0,015194	3,170548	1,807484
16,600000	7,463597	7,493254	0,114185	0,083469	1,867973	-1816,010197	-1552,062766	-1564,854830	-916,849467	-1522,355304	8,474761	960,508560	22,030335	22,855279	25,849581	22,988624	23,143113	-2,910651	0,821805	0,974753	154051,298963	-0,201811	3,019015	-0,062389	0,000000	2,028327	-0,124492	-0,124482	14,086917	-0,015089	3,168555	1,804987
16,800000	7,463500	7,493156	0,114190	0,082968	1,868512	-1814,920095	-1543,207484	-1556,882047	-908,466544	-1513,972381	8,477941	958,923820	22,034646	22,855682	25,842092	22,990283	23,141429	-2,910797	0,820757	0,975003	154044,869219	-0,202988	3,019289	-0,062776	0,000000	2,027210	-0,124487	-0,124486	14,073493	-0,014937	3,168707	1,803285
17,000000	7,462955	7,493169	0,112796	0,082651	1,870656	-1810,297093	-1543,103044	-1551,997033	-900,316636	-1505,822473	8,481060	959,639638	22,035895	22,858599	25,838363	22,993619	23,145157	-2,910820	0,821091	0,974786	154039,850459	-0,203365	3,019266	-0,063325	0,000000	2,028473	-0,124486	-0,124495	14,079782	-0,015230	3,172588	1,804054
17,200000	7,462479	7,493445	0,112058	0,082933	1,870881	-1808,188988	-1547,278799	-1550,589163	-898,462036	-1503,967873	8,483944	961,036556	22,033352	22,860291	25,842545	22,995724	23,151907	-2,910763	0,821359	0,974733	154035,046469	-0,202190	3,019129	-0,063435	0,000000	2,030369	-0,124490	-0,124501	14,092152	-0,015904	3,174679	1,805554
17,400000	7,462336	7,493574	0,112812	0,083576	1,869559	-1813,206754	-1548,438804	-1551,881585	-902,479413	-1507,985250	8,486839	960,516552	22,026605	22,857541	25,849805	22,995756	23,157570	-2,910604	0,819245	0,975179	154037,239812	-0,201578	3,018994	-0,063170	0,000000	2,031062	-0,124495	-0,124495	14,088074	-0,016179	3,172541	1,804996
17,600000	7,462472	7,493385	0,113352	0,083704	1,867815	-1821,961020	-1552,187056	-1555,514365	-909,079052	-1514,584889	8,489932	960,076323	22,021783	22,853948	25,851865	22,995968	23,158308	-2,910502	0,818179	0,975165	154046,793141	-0,202015	3,018720	-0,063046	0,000000	2,030438	-0,124495	-0,124487	14,084145	-0,015936	3,170704	1,804523
17,800000	7,462705	7,493238	0,112348	0,082958	1,867275	-1831,676513	-1564,206603	-1562,360755	-918,183153	-1523,688991	8,492859	961,816727	22,025585	22,853392	25,849072	22,995986	23,152272	-2,910580	0,817554	0,974922	154039,882610	-0,202311	3,018587	-0,063072	0,000000	2,029497	-0,124492	-0,124485	14,098326	-0,015550	3,173349	1,806391
18,000000	7,462410	7,493376	0,110829	0,083322	1,868256	-1839,631455	-1576,998432	-1572,066361	-928,095279	-1533,601117	8,495557	962,567894	22,033189	22,854989	25,845887	22,993018	23,143459	-2,910604	0,818454	0,975127	154023,265114	-0,202411	3,018804	-0,062966	0,000000	2,028692	-0,124489	-0,124487	14,104336	-0,015276	3,177919	1,807197
18,200000	7,461929	7,493740	0,111361	0,084693	1,870508	-1842,881079	-1582,355262	-1581,164245	-935,041323	-1540,547160	8,498478	960,719424	22,035989	22,856074	25,845123	22,989305	23,140537	-2,910667	0,823708	0,975150	154018,132862	-0,201921	3,019120	-0,062847	0,000000	2,028669	-0,124489	-0,124494	14,088945	-0,015352	3,176846	1,805213
18,400000	7,462092	7,493905	0,113125	0,084455	1,871687	-1847,261613	-1583,841951	-1587,338877	-939,948046	-1545,453884	8,501533	959,849900	22,032198	22,856703	25,845250	22,987590	23,145199	-2,910894	0,826963	0,975011	154025,243799	-0,201835	3,019344	-0,062956	0,000000	2,029383	-0,124492	-0,124498	14,082081	-0,015768	3,172102	1,804280
18,600000	7,462683	7,493839	0,113537	0,082771	1,870561	-1853,394580	-1584,511431	-1589,404457	-943,816915	-1549,322752	8,504388	961,637444	22,027351	22,857317	25,845820	22,988091	23,152970	-2,910920	0,826743	0,975040	154036,993746	-0,202539	3,019216	-0,063113	0,000000	2,029836	-0,124492	-0,124493	14,097393	-0,016117	3,170769	1,806199
18,800000	7,463181	7,494132	0,113266	0,082036	1,868268	-1851,006784	-1580,085472	-1587,832765	-942,432636	-1547,938474	8,507081	963,353553	22,026370	22,857003	25,847264	22,993218	23,160581	-2,910603	0,826936	0,975125	154039,751947	-0,202689	3,018765	-0,062967	0,000000	2,029646	-0,124489	-0,124489	14,111812	-0,016182	3,171194	1,808040
19,000000	7,463290	7,494326	0,112820	0,083208	1,867151	-1839,589782	-1572,339225	-1584,182705	-934,606812	-1540,112649	8,509828	963,676500	22,027687	22,856035	25,848394	22,999680	23,161033	-2,910387	0,829743	0,975047	154033,059223	-0,202423	3,018480	-0,062616	0,000000	2,029535	-0,124488	-0,124493	14,114143	-0,015812	3,172261	1,808386
19,200000	7,463209	7,494092	0,112238	0,084061	1,868231	-1828,961907	-1565,028303	-1578,847243	-925,102333	-1530,608170	8,512706	963,517020	22,029869	22,856320	25,851355	22,999603	23,152039	-2,910555	0,831138	0,974729	154028,397028	-0,202888	3,018525	-0,062265	0,000000	2,029920	-0,124491	-0,124499	14,112180	-0,015183	3,173910	1,808215
19,400000	7,463024	7,494165	0,111894	0,084073	1,868997	-1822,324324	-1556,851360	-1571,866994	-917,147760	-1522,653598	8,515662	963,375648	22,031438	22,857388	25,854502	22,993186	23,144548	-2,910754	0,826541	0,974295	154025,378425	-0,203913	3,018626	-0,062214	0,000000	2,030347	-0,124495	-0,124495	14,110998	-0,015184	3,175046	1,808064
19,600000	7,462593	7,494331	0,111874	0,084685	1,869722	-1814,829692	-1544,577844	-1562,658807	-909,878507	-1515,384344	8,518704	964,188146	22,030095	22,856797	25,852028	22,986886	23,145249	-2,910653	0,819422	0,973789	154024,326059	-0,203849	3,018565	-0,062609	0,000000	2,030112	-0,124493	-0,124485	14,118363	-0,015757	3,175084	1,808935
19,800000	7,462585	7,494125	0,112151	0,084564	1,868406	-1807,856618	-1534,357327	-1552,940712	-902,856929	-1508,362766	8,521807	965,399082	22,026776	22,855855	25,845747	22,985721	23,149985	-2,910441	0,816030	0,974082	154030,972777	-0,203191	3,018410	-0,063034	0,000000	2,028748	-0,124489	-0,124483	14,128734	-0,016009	3,173994	1,810233
20,000000	7,463021	7,493666	0,111747	0,083340	1,866673	-1806,100156	-1534,551467	-1546,715909	-898,059831	-1503,565668	8,524787	964,814571	22,024365	22,856371	25,844661	22,990346	23,154112	-2,910481	0,817555	0,974964	154046,098111	-0,202910	3,018431	-0,063273	0,000000	2,028160	-0,124487	-0,124490	14,123706	-0,015864	3,174982	1,809607
20,200000	7,462941	7,493336	0,110864	0,082888	1,865585	-1806,973791	-1542,068007	-1546,655796	-897,914304	-1503,420141	8,527703	963,492869	22,026066	22,858150	25,850513	22,997682	23,154598	-2,910704	0,819152	0,975021	154058,629702	-0,202349	3,018510	-0,063302	0,000000	2,029470	-0,124488	-0,124489	14,112401	-0,015606	3,177510	1,808190
20,400000	7,462490	7,493513	0,110120	0,083596	1,867516	-1808,907058	-1552,981329	-1552,633433	-904,687644	-1510,193481	8,530757	963,149864	22,028358	22,858911	25,854537	23,002681	23,151616	-2,910874	0,820428	0,974664	154044,017038	-0,201995	3,018514	-0,063119	0,000000	2,030997	-0,124491	-0,124485	14,109207	-0,015280	3,179744	1,807822
20,600000	7,462471	7,493582	0,110550	0,084256	1,869602	-1811,310806	-1559,790872	-1560,906086	-914,104963	-1519,610800	8,533665	963,304298	22,026366	22,855986	25,852793	23,000660	23,148838	-2,910799	0,821665	0,974584	154018,389803	-0,202934	3,018491	-0,062875	0,000000	2,030704	-0,124492	-0,124488	14,110241	-0,015023	3,178528	1,807987
20,800000	7,462776	7,493371	0,112069	0,084163	1,869050	-1814,139705	-1558,234640	-1566,365705	-919,226191	-1524,732028	8,536447	962,550530	22,025937	22,853149	25,849848	22,993221	23,149236	-2,910598	0,821836	0,974576	154013,079483	-0,203874	3,018515	-0,062756	0,000000	2,029419	-0,124495	-0,124491	14,103831	-0,014916	3,174131	1,807179
21,000000	7,462774	7,493497	0,112403	0,083867	1,867039	-1818,922087	-1552,574764	-1565,381842	-917,823202	-1523,329039	8,539500	960,478892	22,031865	22,853750	25,849119	22,988995	23,151615	-2,910632	0,822899	0,974627	154020,048638	-0,203189	3,018801	-0,062851	0,000000	2,028925	-0,124496	-0,124487	14,086426	-0,014846	3,173511	1,804955
21,200000	7,462488	7,493807	0,112197	0,083940	1,866126	-1820,742285	-1541,110763	-1558,306710	-909,253371	-1514,759208	8,542704	959,861746	22,037300	22,856120	25,848605	22,991105	23,151052	-2,910850	0,824681	0,974724	154024,215572	-0,202591	3,019075	-0,063052	0,000000	2,027985	-0,124492	-0,124483	14,081249	-0,014837	3,174471	1,804292
21,400000	7,462218	7,493972	0,112001	0,084005	1,869366	-1815,646594	-1527,542668	-1548,392139	-896,147822	-1501,653660	8,545974	961,802601	22,035738	22,858033	25,845771	22,995076	23,148315	-2,910960	0,825409	0,974590	154022,966788	-0,202846	3,019051	-0,063251	0,000000	2,027795	-0,124489	-0,124491	14,097579	-0,014921	3,175016	1,806376
21,600000	7,462180	7,494071	0,111190	0,084053	1,871636	-1803,519194	-1519,491303	-1539,030552	-884,162258	-1489,668095	8,549030	962,645329	22,029958	22,858948	25,845092	22,997532	23,149470	-2,910787	0,824977	0,974199	154021,056561	-0,202208	3,018934	-0,063193	0,000000	2,029890	-0,124485	-0,124503	14,104627	-0,014919	3,177231	1,807281
21,800000	7,462438	7,494032	0,110171	0,084096	1,871872	-1791,604723	-1521,962038	-1535,157720	-881,568180	-1487,074017	8,551669	960,785418	22,025434	22,858144	25,851863	22,997622	23,154307	-2,910623	0,825344	0,974150	154020,047018	-0,201785	3,018823	-0,062920	0,000000	2,031569	-0,124483	-0,124505	14,089199	-0,015054	3,180097	1,805284
22,000000	7,462727	7,493872	0,109713	0,083769	1,869561	-1795,294205	-1535,201981	-1539,604465	-891,880945	-1497,386782	8,554506	959,027832	22,024004	22,854286	25,859588	22,996298	23,156180	-2,910638	0,825713	0,974256	154025,621153	-0,202862	3,018595	-0,062814	0,000000	2,030902	-0,124486	-0,124497	14,074701	-0,015273	3,181234	1,803397
22,200000	7,462999	7,493646	0,110860	0,083526	1,867467	-1812,712819	-1547,477850	-1548,922884	-906,595489	-1512,101326	8,557666	958,757208	22,024971	22,851535	25,855360	22,995548	23,151059	-2,910556	0,825813	0,974441	154036,295131	-0,203553	3,018511	-0,062813	0,000000	2,029169	-0,124492	-0,124491	14,072364	-0,015204	3,177761	1,803106
22,400000	7,463029	7,493285	0,111640	0,083316	1,865998	-1827,489037	-1555,766103	-1558,740959	-915,870458	-1521,376295	8,560609	959,867569	22,029692	22,853756	25,843174	22,995533	23,142897	-2,910487	0,826067	0,974633	154035,764653	-0,203266	3,018691	-0,062801	0,000000	2,028397	-0,124493	-0,124492	14,081757	-0,015296	3,175432	1,804299
22,600000	7,462658	7,493175	0,110956	0,083145	1,867359	-1833,958151	-1564,383050	-1566,467607	-919,801915	-1525,307752	8,563197	962,066962	22,037570	22,857092	25,839136	22,994493	23,139627	-2,910697	0,824449	0,974455	153985,283421	-0,203271	3,018769	-0,062860	0,000000	2,028886	-0,124492	-0,124491	14,100520	-0,015650	3,177346	1,806660
22,800000	7,462480	7,493427	0,110284	0,083696	1,870433	-1837,055347	-1570,981272	-1571,958314	-924,568672	-1530,074509	8,565867	962,635996	22,039195	22,856881	25,843812	22,992351	23,145699	-2,910898	0,823224	0,974659	153883,878271	-0,202961	3,018820	-0,062924	0,000000	2,029527	-0,124496	-0,124490	14,105614	-0,015985	3,179472	1,807270
23,000000	7,462697	7,493767	0,109629	0,083988	1,869831	-1842,203709	-1572,833446	-1576,946119	-930,085859	-1535,591696	8,568861	960,611201	22,030927	22,854623	25,847453	22,992319	23,156190	-2,910730	0,824285	0,974980	153827,028001	-0,202460	3,018865	-0,062923	0,000000	2,030019	-0,124500	-0,124493	14,088988	-0,016301	3,181588	1,805097
23,200000	7,462990	7,493939	0,109787	0,083125	1,867472	-1845,495609	-1568,406487	-1579,847564	-931,755049	-1537,260887	8,571934	958,862363	22,023414	22,853809	25,847901	22,997331	23,160737	-2,910465	0,825728	0,975184	153834,392335	-0,202672	3,018740	-0,063027	0,000000	2,030198	-0,124498	-0,124493	14,074429	-0,016388	3,181083	1,803219
23,400000	7,463187	7,493908	0,110427	0,082984	1,865867	-1842,345334	-1564,148703	-1579,124784	-929,708289	-1535,214126	8,575014	958,625155	22,023559	22,855050	25,847543	23,003005	23,157023	-2,910388	0,825911	0,975641	153832,314824	-0,202355	3,018514	-0,063222	0,000000	2,029773	-0,124492	-0,124491	14,072305	-0,016251	3,178981	1,802964
23,600000	7,463220	7,494050	0,110217	0,084051	1,866443	-1837,822151	-1564,102621	-1575,170640	-925,720257	-1531,226094	8,578206	958,026781	22,027823	22,856739	25,847407	23,003057	23,149203	-2,910471	0,825022	0,975463	153816,107119	-0,201484	3,018400	-0,063120	0,000000	2,029546	-0,124489	-0,124494	14,066954	-0,015914	3,179494	1,802321
23,800000	7,462899	7,494227	0,109559	0,084256	1,866486	-1831,271610	-1561,695312	-1569,518502	-921,611080	-1527,116917	8,581230	957,027237	22,030681	22,857036	25,848337	22,997636	23,141150	-2,910778	0,824170	0,974902	153810,977284	-0,201248	3,018474	-0,062724	0,000000	2,029798	-0,124489	-0,124495	14,057975	-0,015314	3,181533	1,801246
24,000000	7,462302	7,494011	0,108998	0,083562	1,866573	-1825,697840	-1556,840488	-1565,380109	-919,511866	-1525,017703	8,583970	957,664051	22,030810	22,857056	25,849685	22,991452	23,140340	-2,911004	0,823979	0,975043	153809,541148	-0,202084	3,018531	-0,062522	0,000000	2,029659	-0,124488	-0,124491	14,063122	-0,015123	3,183136	1,801931
24,200000	7,462184	7,493548	0,109713	0,083703	1,867045	-1830,703639	-1552,183811	-1562,691936	-917,674123	-1523,179960	8,586811	958,919159	22,029218	22,857514	25,848928	22,989705	23,148051	-2,910851	0,823674	0,975481	153805,589634	-0,202684	3,018563	-0,062720	0,000000	2,029350	-0,124486	-0,124490	14,074200	-0,015683	3,180930	1,803280
24,400000	7,462603	7,493028	0,110777	0,084293	1,867545	-1832,811521	-1547,271780	-1559,188569	-913,809181	-1519,315018	8,589881	959,232807	22,026454	22,857331	25,846809	22,994332	23,155316	-2,910643	0,823806	0,975477	153805,070452	-0,201972	3,018703	-0,063035	0,000000	2,029206	-0,124486	-0,124492	14,077285	-0,016141	3,177815	1,803617
24,600000	7,462827	7,492631	0,110413	0,083770	1,867892	-1821,735169	-1542,344339	-1554,945731	-908,517081	-1514,022918	8,593130	958,225123	22,025300	22,856919	25,848245	23,001835	23,156903	-2,910679	0,826608	0,974781	153803,528827	-0,201483	3,018781	-0,063115	0,000000	2,029081	-0,124490	-0,124498	14,068839	-0,016137	3,178811	1,802534
24,800000	7,462733	7,492704	0,109790	0,083269	1,869276	-1809,796827	-1539,492710	-1552,193116	-903,705072	-1509,210910	8,596317	956,904266	22,027085	22,856591	25,854003	23,005646	23,153958	-2,910800	0,829797	0,974409	153800,344871	-0,201792	3,018716	-0,062982	0,000000	2,030133	-0,124491	-0,124500	14,057697	-0,016067	3,180620	1,801114
25,000000	7,462651	7,493195	0,110094	0,084257	1,870755	-1803,127801	-1539,830413	-1551,612680	-902,541439	-1508,047277	8,599226	957,511293	22,028704	22,856548	25,856117	23,003161	23,150197	-2,910767	0,831384	0,975070	153800,325041	-0,202011	3,018816	-0,063018	0,000000	2,031101	-0,124493	-0,124496	14,062650	-0,015931	3,180062	1,801766
25,200000	7,462619	7,493572	0,110843	0,084916	1,870041	-1803,080811	-1540,745944	-1551,629460	-904,528025	-1510,033863	8,602074	959,792412	22,027764	22,855297	25,852041	22,995624	23,149115	-2,910769	0,831312	0,975369	153801,487153	-0,202425	3,018941	-0,063247	0,000000	2,029843	-0,124499	-0,124490	14,081497	-0,015666	3,178160	1,804218
25,400000	7,462642	7,493344	0,110666	0,083941	1,867359	-1810,214940	-1542,345734	-1551,600028	-906,408494	-1511,914332	8,605078	961,391601	22,026991	22,853747	25,847411	22,988492	23,150628	-2,910863	0,830578	0,975025	153811,982166	-0,202826	3,018799	-0,063216	0,000000	2,027738	-0,124500	-0,124479	14,094909	-0,015690	3,178398	1,805935
25,600000	7,462786	7,492853	0,109969	0,083111	1,866046	-1815,624707	-1545,072934	-1552,644651	-908,172343	-1513,678181	8,608203	960,612786	22,029524	22,855849	25,844520	22,989116	23,153045	-2,910877	0,831131	0,974946	153826,492336	-0,202341	3,018708	-0,062955	0,000000	2,027425	-0,124496	-0,124474	14,088757	-0,016057	3,180060	1,805099
25,800000	7,462752	7,492733	0,109585	0,083453	1,867783	-1816,736476	-1550,092286	-1556,322812	-911,500655	-1517,006492	8,611145	959,134115	22,032414	22,858856	25,847449	22,996770	23,154441	-2,910901	0,830570	0,975091	153827,703698	-0,201953	3,018959	-0,063038	0,000000	2,028348	-0,124493	-0,124481	14,076440	-0,016122	3,181379	1,803511
26,000000	7,462430	7,492911	0,109391	0,084006	1,868880	-1819,037637	-1554,829361	-1560,540514	-914,702285	-1520,208122	8,613742	958,746582	22,030058	22,858559	25,851226	23,002836	23,153875	-2,910860	0,827186	0,975214	153833,148594	-0,202190	3,019238	-0,063357	0,000000	2,029212	-0,124486	-0,124491	14,073094	-0,016022	3,182341	1,803094
26,200000	7,462284	7,493243	0,109470	0,083895	1,868142	-1818,313572	-1556,763063	-1563,593917	-915,990147	-1521,495984	8,616274	958,848347	22,023637	22,856666	25,848829	23,001126	23,154514	-2,910616	0,823017	0,975414	153847,509695	-0,202161	3,019186	-0,063405	0,000000	2,030693	-0,124485	-0,124495	14,074269	-0,016345	3,182179	1,803204
26,400000	7,462597	7,493745	0,108820	0,083217	1,865420	-1815,102438	-1559,385844	-1566,678232	-918,502688	-1524,008526	8,619031	958,925040	22,020874	22,855355	25,847332	22,995617	23,155233	-2,910423	0,820704	0,975461	153845,115850	-0,202117	3,018987	-0,063228	0,000000	2,031324	-0,124488	-0,124493	14,075358	-0,016792	3,184021	1,803286
26,600000	7,462944	7,494127	0,108559	0,082944	1,863332	-1814,719650	-1555,294400	-1567,510026	-919,434966	-1524,940803	8,621944	958,942086	22,024942	22,853648	25,848779	22,992332	23,151521	-2,910486	0,820207	0,975308	153834,369242	-0,202054	3,018929	-0,063196	0,000000	2,030111	-0,124487	-0,124490	14,075531	-0,016821	3,184887	1,803304
26,800000	7,462872	7,494058	0,109075	0,083526	1,863611	-1817,959715	-1548,586934	-1565,590624	-915,583185	-1521,089023	8,624912	958,974404	22,031354	22,853638	25,847046	22,992054	23,146136	-2,910691	0,820478	0,975280	153829,429625	-0,201654	3,018858	-0,063333	0,000000	2,028351	-0,124483	-0,124488	14,075381	-0,016401	3,183287	1,803339
27,000000	7,462663	7,493824	0,108649	0,083922	1,867207	-1824,890462	-1552,484723	-1565,006315	-912,926498	-1518,432335	8,627934	959,005220	22,034914	22,857862	25,840651	22,994542	23,143808	-2,910940	0,820600	0,975286	153825,558959	-0,201726	3,018649	-0,063178	0,000000	2,027836	-0,124484	-0,124486	14,075292	-0,016054	3,184088	1,803372
27,200000	7,462568	7,493804	0,108120	0,083983	1,869457	-1832,348183	-1559,962845	-1567,172578	-915,951840	-1521,457678	8,630968	958,981862	22,033820	22,861032	25,839005	22,998132	23,146927	-2,911057	0,820012	0,975377	153820,115183	-0,202026	3,018552	-0,062809	0,000000	2,029135	-0,124488	-0,124489	14,075288	-0,016246	3,185446	1,803347
27,400000	7,462491	7,493736	0,108076	0,084196	1,868166	-1837,875955	-1566,123423	-1572,709474	-925,064385	-1530,570223	8,633949	958,945107	22,027844	22,858883	25,847516	22,999936	23,154438	-2,910877	0,819951	0,975587	153817,748134	-0,202419	3,018522	-0,062652	0,000000	2,030547	-0,124492	-0,124493	14,075305	-0,016570	3,185630	1,803308
27,600000	7,462460	7,493572	0,108081	0,083828	1,865752	-1843,681508	-1576,429176	-1582,726221	-938,003173	-1543,509010	8,636710	958,070251	22,020435	22,855348	25,854963	22,999660	23,160875	-2,910639	0,820058	0,975553	153819,716063	-0,203175	3,018523	-0,062707	0,000000	2,030725	-0,124496	-0,124490	14,067894	-0,016490	3,185672	1,802367
27,800000	7,462490	7,493510	0,108668	0,082798	1,865706	-1857,722082	-1587,694130	-1593,648521	-949,250053	-1554,755891	8,639291	956,031157	22,019610	22,854553	25,852756	22,999585	23,159507	-2,910580	0,820899	0,975104	153814,853119	-0,203638	3,018695	-0,062855	0,000000	2,029905	-0,124498	-0,124486	14,050318	-0,016011	3,184128	1,800174
28,000000	7,462431	7,493358	0,110127	0,082479	1,868383	-1876,280386	-1588,902840	-1599,641975	-953,352012	-1558,857849	8,642186	955,512789	22,026607	22,856211	25,846758	22,999451	23,150119	-2,910688	0,822322	0,974815	153805,379251	-0,203403	3,018709	-0,062848	0,000000	2,029142	-0,124498	-0,124487	14,045274	-0,015316	3,179818	1,799616
28,200000	7,462145	7,493007	0,110065	0,083528	1,869337	-1878,200543	-1582,571707	-1598,810184	-949,691365	-1555,197202	8,645548	957,516456	22,032429	22,858117	25,845241	22,997698	23,143438	-2,910808	0,822386	0,974835	153802,488159	-0,202226	3,018612	-0,062733	0,000000	2,028933	-0,124492	-0,124489	14,061687	-0,014924	3,179724	1,801772
28,400000	7,461994	7,492767	0,108038	0,084418	1,868975	-1857,481654	-1577,528224	-1594,206815	-942,511803	-1548,017640	8,648649	959,238792	22,031384	22,858323	25,847368	22,995614	23,144641	-2,910689	0,821275	0,974991	153808,930859	-0,201148	3,018798	-0,062896	0,000000	2,029139	-0,124487	-0,124487	14,076156	-0,014961	3,185670	1,803623
28,600000	7,462177	7,492859	0,107130	0,083889	1,866362	-1837,492900	-1574,211218	-1590,114173	-937,160997	-1542,666834	8,651357	959,503226	22,026576	22,857578	25,847670	22,994600	23,149456	-2,910549	0,821839	0,975361	153816,941303	-0,201385	3,018970	-0,063178	0,000000	2,029102	-0,124490	-0,124488	14,078289	-0,014880	3,188510	1,803907
28,800000	7,462568	7,493105	0,108065	0,083069	1,864126	-1836,692014	-1567,121915	-1585,909854	-933,588466	-1539,094303	8,654343	958,405029	22,023002	22,856674	25,848564	22,997411	23,155449	-2,910622	0,825016	0,975596	153816,903079	-0,202019	3,019018	-0,063206	0,000000	2,028649	-0,124491	-0,124496	14,068827	-0,014617	3,185983	1,802727
29,000000	7,462961	7,493180	0,108810	0,083450	1,863569	-1841,368161	-1554,828627	-1578,192137	-926,696118	-1532,201956	8,657565	956,176877	22,023741	22,855418	25,852100	23,003183	23,157929	-2,910703	0,826757	0,975642	153817,595652	-0,201802	3,019136	-0,063115	0,000000	2,028943	-0,124487	-0,124501	14,050078	-0,014549	3,184047	1,800331
29,200000	7,462880	7,492930	0,108147	0,084019	1,865860	-1831,495772	-1547,091433	-1569,285624	-917,033269	-1522,539107	8,660618	954,649520	22,027499	22,855447	25,854076	23,006729	23,152134	-2,910715	0,825647	0,975410	153823,606809	-0,201066	3,019092	-0,063062	0,000000	2,029643	-0,124487	-0,124498	14,037586	-0,014872	3,185833	1,798687
29,400000	7,462425	7,492730	0,107878	0,083566	1,867090	-1814,089096	-1544,112102	-1562,890397	-908,965262	-1514,471099	8,663578	954,450667	22,029622	22,856766	25,851170	23,003793	23,144257	-2,910688	0,822103	0,974940	153820,610598	-0,201273	3,018889	-0,062935	0,000000	2,030169	-0,124490	-0,124496	14,036641	-0,015596	3,186271	1,798473
29,600000	7,462190	7,492981	0,108885	0,083148	1,865743	-1806,035207	-1539,830053	-1558,559459	-904,086060	-1509,591897	8,666615	954,615981	22,029464	22,857509	25,847060	22,994940	23,144020	-2,910616	0,819799	0,974599	153812,944128	-0,202474	3,018935	-0,062968	0,000000	2,030481	-0,124492	-0,124493	14,038738	-0,016305	3,183465	1,798651
29,800000	7,462509	7,493578	0,109451	0,082727	1,865157	-1806,495658	-1538,076222	-1555,650541	-903,716649	-1509,222486	8,669548	954,720136	22,028648	22,857779	25,847315	22,988669	23,149564	-2,910613	0,821487	0,974821	153816,259726	-0,202857	3,019186	-0,063299	0,000000	2,029583	-0,124490	-0,124484	14,039698	-0,016391	3,182331	1,798763
30,000000	7,462864	7,493920	0,109001	0,081767	1,866065	-1810,863977	-1543,444921	-1555,414301	-908,528975	-1514,034812	8,672367	954,736455	22,026777	22,856994	25,846019	22,990177	23,153118	-2,910774	0,823580	0,975554	153822,133393	-0,201940	3,019159	-0,063606	0,000000	2,028473	-0,124489	-0,124479	14,039642	-0,016198	3,183718	1,798781
30,200000	7,462717	7,493570	0,109370	0,081796	1,868724	-1824,047621	-1551,972998	-1558,727682	-915,092675	-1520,598512	8,675245	954,691537	22,026483	22,856384	25,841782	22,996802	23,153291	-2,910871	0,825264	0,975740	153822,272433	-0,201170	3,018802	-0,063593	0,000000	2,028862	-0,124488	-0,124483	14,039433	-0,016367	3,182111	1,798732
30,400000	7,462613	7,492986	0,110875	0,083136	1,869121	-1841,214345	-1557,799716	-1564,159022	-919,277577	-1524,783415	8,678213	954,668525	22,027967	22,857302	25,844310	23,004286	23,153076	-2,910779	0,825683	0,975321	153818,307169	-0,201538	3,018426	-0,063292	0,000000	2,030287	-0,124485	-0,124488	14,039367	-0,016494	3,177200	1,798708
30,600000	7,462743	7,492899	0,111288	0,083789	1,867980	-1844,901938	-1561,110113	-1569,208825	-921,208508	-1526,714346	8,681318	953,822342	22,026434	22,856314	25,853301	23,006719	23,153135	-2,910668	0,824410	0,975037	153811,068821	-0,202461	3,018346	-0,062982	0,000000	2,030976	-0,124486	-0,124494	14,031966	-0,016197	3,176010	1,797796
30,800000	7,462780	7,493214	0,111047	0,083345	1,865410	-1839,469730	-1563,725068	-1572,636434	-924,581337	-1530,087175	8,684452	952,653417	22,023363	22,854699	25,857397	23,000430	23,152176	-2,910737	0,822303	0,975060	153805,895948	-0,202797	3,018586	-0,062898	0,000000	2,030592	-0,124493	-0,124495	14,021827	-0,015875	3,177132	1,796537
31,000000	7,462917	7,493185	0,111110	0,082999	1,864377	-1843,797267	-1567,979313	-1576,667595	-931,738768	-1537,244605	8,687542	953,279783	22,024584	22,855505	25,853601	22,992561	23,151237	-2,910827	0,821271	0,975313	153804,186789	-0,202585	3,018754	-0,063145	0,000000	2,029769	-0,124498	-0,124489	14,026947	-0,015734	3,177066	1,797212
31,200000	7,462948	7,492922	0,110343	0,082971	1,865668	-1856,650684	-1574,144371	-1583,349138	-941,017091	-1546,522928	8,690592	954,647509	22,030419	22,856458	25,849328	22,992452	23,148891	-2,910660	0,822709	0,975596	153803,641353	-0,201812	3,018824	-0,063465	0,000000	2,028359	-0,124491	-0,124484	14,038241	-0,015544	3,179182	1,798685
31,400000	7,462657	7,492939	0,109034	0,083345	1,869210	-1867,759134	-1582,317805	-1593,504410	-951,542812	-1557,048649	8,693627	955,053351	22,034128	22,856488	25,848017	22,998282	23,145453	-2,910577	0,824366	0,975570	153805,317836	-0,200434	3,018952	-0,063551	0,000000	2,027421	-0,124483	-0,124485	14,041412	-0,015309	3,183062	1,799122
31,600000	7,462526	7,492916	0,108524	0,084029	1,872171	-1876,584160	-1595,887037	-1608,476642	-964,083486	-1569,589323	8,696810	954,928276	22,031129	22,856481	25,848784	23,002854	23,147620	-2,910744	0,825812	0,975089	153809,479748	-0,200477	3,018964	-0,063406	0,000000	2,028752	-0,124483	-0,124489	14,040373	-0,015319	3,184540	1,798987
31,800000	7,462690	7,492751	0,109476	0,084027	1,871207	-1891,459293	-1609,584466	-1622,603130	-975,611633	-1581,117470	8,699941	954,758803	22,025771	22,857412	25,850061	23,004611	23,153132	-2,910832	0,826453	0,974826	153810,355905	-0,201844	3,018847	-0,063070	0,000000	2,031177	-0,124488	-0,124489	14,039367	-0,015736	3,181624	1,798805
32,000000	7,463143	7,492835	0,111231	0,083352	1,868333	-1907,505380	-1612,106722	-1628,715034	-980,791725	-1586,297562	8,702859	954,682928	22,022878	22,857799	25,853265	23,003899	23,155364	-2,910712	0,826573	0,975180	153807,887501	-0,202226	3,018740	-0,062706	0,000000	2,031507	-0,124490	-0,124491	14,039199	-0,016205	3,176547	1,798723
32,200000	7,463593	7,493093	0,111668	0,082740	1,865858	-1905,286548	-1604,375098	-1626,714875	-977,703903	-1583,209740	8,705923	954,709377	22,021619	22,855121	25,857873	23,001621	23,154597	-2,910484	0,827727	0,975383	153808,811198	-0,201876	3,018651	-0,062558	0,000000	2,029856	-0,124491	-0,124498	14,039334	-0,016118	3,175378	1,798752
32,400000	7,463360	7,493130	0,110744	0,082462	1,866549	-1888,352482	-1593,962422	-1620,042983	-968,945998	-1574,451835	8,709125	953,890674	22,024208	22,852491	25,855409	23,000956	23,150807	-2,910421	0,829498	0,974898	153821,612986	-0,201752	3,018559	-0,062627	0,000000	2,028664	-0,124494	-0,124499	14,032000	-0,015657	3,177942	1,797870
32,600000	7,462613	7,492883	0,109560	0,082602	1,867104	-1880,393736	-1589,954636	-1614,071630	-962,034029	-1567,539867	8,712132	951,817536	22,032095	22,854241	25,846333	23,001761	23,146025	-2,910610	0,830201	0,974581	153838,456936	-0,201801	3,018531	-0,062768	0,000000	2,028931	-0,124497	-0,124493	14,014428	-0,015500	3,181096	1,795636
32,800000	7,461899	7,492791	0,109074	0,083445	1,867257	-1878,594479	-1592,865381	-1611,813641	-961,006883	-1566,512720	8,715114	951,172922	22,036326	22,858076	25,842438	23,000953	23,146999	-2,910795	0,829092	0,974803	153839,139871	-0,202028	3,018503	-0,062897	0,000000	2,029809	-0,124495	-0,124491	14,009372	-0,015862	3,182341	1,794941
33,000000	7,461707	7,493041	0,109639	0,084513	1,866985	-1873,704238	-1597,432619	-1613,054499	-962,441493	-1567,947330	8,718238	952,165733	22,030563	22,858987	25,848058	22,998870	23,153734	-2,910849	0,827626	0,974635	153832,534722	-0,201829	3,018408	-0,062913	0,000000	2,030234	-0,124490	-0,124495	14,018361	-0,016507	3,180764	1,796012
33,200000	7,462240	7,493250	0,109886	0,084381	1,865651	-1873,399436	-1599,447306	-1613,783873	-962,728823	-1568,234660	8,721048	951,757225	22,021968	22,857599	25,852994	22,999800	23,159061	-2,910820	0,826967	0,974135	153830,632562	-0,201478	3,018434	-0,062781	0,000000	2,030216	-0,124489	-0,124497	14,015256	-0,016835	3,180230	1,795571
33,400000	7,462684	7,493115	0,110485	0,083644	1,865040	-1872,300070	-1591,101614	-1610,184978	-959,073874	-1564,579712	8,723616	950,559946	22,019985	22,855973	25,852313	23,003696	23,159786	-2,910774	0,826912	0,974241	153838,808727	-0,202144	3,018516	-0,062541	0,000000	2,029585	-0,124493	-0,124495	14,004931	-0,016575	3,178560	1,794280
33,600000	7,462482	7,492889	0,111671	0,083821	1,867688	-1868,075403	-1579,218790	-1603,049349	-950,225065	-1555,730902	8,726657	951,123075	22,024815	22,854400	25,849775	23,007006	23,154704	-2,910757	0,826791	0,974864	153851,421892	-0,203271	3,018594	-0,062400	0,000000	2,028892	-0,124495	-0,124497	14,009141	-0,016050	3,175156	1,794887
33,800000	7,461952	7,492933	0,111988	0,084408	1,870523	-1858,944196	-1570,065023	-1592,940545	-937,697737	-1543,203574	8,730061	952,511432	22,029536	22,854702	25,847091	23,005968	23,145494	-2,910834	0,826888	0,975067	153842,361131	-0,203597	3,018645	-0,062633	0,000000	2,029168	-0,124495	-0,124498	14,020135	-0,015377	3,174289	1,796384
34,000000	7,461599	7,493068	0,111204	0,084024	1,869951	-1844,689888	-1565,227219	-1583,909407	-929,054093	-1534,559930	8,733319	952,073294	22,029441	22,856305	25,848418	23,000540	23,141493	-2,910936	0,826814	0,974822	153823,087307	-0,202822	3,018515	-0,062971	0,000000	2,029763	-0,124493	-0,124494	14,015957	-0,014879	3,176438	1,795912
34,200000	7,461645	7,493265	0,110199	0,082932	1,868241	-1836,198301	-1565,341189	-1580,569570	-929,495984	-1535,001821	8,736169	950,717416	22,027409	22,857039	25,850535	22,995334	23,147030	-2,910896	0,826832	0,974657	153816,858699	-0,202562	3,018456	-0,062985	0,000000	2,029936	-0,124495	-0,124490	14,004842	-0,015162	3,179343	1,794450
34,400000	7,462005	7,493503	0,110397	0,082801	1,868685	-1832,918492	-1560,892444	-1579,497349	-931,084479	-1536,590317	8,738862	950,255941	22,026518	22,862410	25,850016	22,996030	23,155492	-2,910753	0,826461	0,974498	153819,258643	-0,203372	3,018619	-0,062860	0,000000	2,029263	-0,124492	-0,124489	14,001553	-0,015754	3,178970	1,793952
34,600000	7,462512	7,493453	0,111753	0,083088	1,870424	-1833,984644	-1553,525074	-1575,967232	-926,808096	-1532,313934	8,741890	950,369232	22,025955	22,887329	25,851029	23,005136	23,159085	-2,910750	0,824431	0,974212	153821,276682	-0,203574	3,018547	-0,062908	0,000000	2,028432	-0,124487	-0,124488	14,002515	-0,015763	3,174735	1,794074
34,800000	7,462867	7,493369	0,112204	0,082366	1,870526	-1836,514809	-1553,496656	-1571,592613	-920,967855	-1526,473692	8,745079	949,645446	22,026225	22,925769	25,851222	23,013917	23,156461	-2,910713	0,823907	0,973878	153815,223620	-0,203186	3,018186	-0,062863	0,000000	2,029253	-0,124487	-0,124489	13,996096	-0,015432	3,172617	1,793294
35,000000	7,462743	7,493184	0,110667	0,082388	1,869521	-1836,509824	-1564,197087	-1572,421550	-922,360815	-1527,866652	8,748046	948,469131	22,028300	22,947539	25,850746	23,013276	23,151963	-2,910487	0,825345	0,973872	153806,461019	-0,203394	3,018263	-0,062677	0,000000	2,030800	-0,124489	-0,124490	13,986119	-0,015354	3,176777	1,792024
35,200000	7,461991	7,492694	0,109459	0,083596	1,867458	-1840,394712	-1580,026471	-1580,428745	-933,870699	-1539,376537	8,750907	948,168848	22,029164	22,946937	25,855080	23,003562	23,149215	-2,910528	0,826948	0,974601	153803,825590	-0,203763	3,018928	-0,062832	0,000000	2,030763	-0,124495	-0,124491	13,983689	-0,015451	3,180806	1,791700
35,400000	7,461322	7,492397	0,110829	0,083501	1,865976	-1853,372561	-1587,960845	-1588,841491	-945,837209	-1551,343046	8,754015	948,290620	22,026629	22,940511	25,856968	22,993606	23,149486	-2,910844	0,828507	0,975426	153803,824162	-0,203417	3,019511	-0,063116	0,000000	2,029422	-0,124499	-0,124489	13,984745	-0,015482	3,177473	1,791831
35,600000	7,461501	7,492554	0,112018	0,082446	1,865678	-1869,712987	-1584,076920	-1590,672633	-947,283982	-1552,789820	8,757158	949,248378	22,025937	22,938448	25,849952	22,992731	23,151972	-2,910969	0,828891	0,975260	153805,503721	-0,203086	3,019691	-0,063089	0,000000	2,028325	-0,124498	-0,124486	13,993028	-0,015705	3,174273	1,792865
35,800000	7,461948	7,493141	0,110459	0,082449	1,867895	-1869,974221	-1577,122370	-1587,364218	-940,863159	-1546,368996	8,759955	950,435302	22,030211	22,941739	25,843737	22,999394	23,153643	-2,910832	0,828753	0,974689	153813,193281	-0,202781	3,019693	-0,063183	0,000000	2,028268	-0,124497	-0,124489	14,003300	-0,015992	3,178849	1,794146
36,000000	7,461978	7,493643	0,109469	0,083174	1,869873	-1852,454509	-1574,073761	-1583,745751	-934,890173	-1540,396011	8,762668	950,717691	22,032293	22,944152	25,844315	23,006281	23,153271	-2,910811	0,829118	0,974854	153831,760070	-0,201383	3,019584	-0,063445	0,000000	2,029001	-0,124494	-0,124492	14,005473	-0,015791	3,181739	1,794450
36,200000	7,462115	7,493747	0,109861	0,083301	1,869994	-1844,702866	-1577,274092	-1582,570313	-932,355206	-1537,861043	8,765624	950,597840	22,026967	22,942482	25,849170	23,008052	23,153732	-2,910887	0,829406	0,975005	153849,601688	-0,200854	3,019355	-0,063460	0,000000	2,030314	-0,124495	-0,124491	14,004265	-0,015591	3,180486	1,794321
36,400000	7,462423	7,493863	0,109390	0,082850	1,868053	-1848,585175	-1581,372315	-1584,030670	-933,782240	-1539,288077	8,768627	951,327689	22,021442	22,940265	25,855770	23,004571	23,155630	-2,910747	0,828486	0,974473	153842,802175	-0,202213	3,019105	-0,063392	0,000000	2,031855	-0,124498	-0,124488	14,010810	-0,016000	3,181711	1,795108
36,600000	7,462231	7,493914	0,109971	0,082514	1,866708	-1852,671494	-1581,739629	-1587,202865	-939,809592	-1545,315430	8,771328	952,502824	22,023114	22,939732	25,857722	23,001157	23,155288	-2,910699	0,827596	0,973903	153825,578447	-0,202605	3,018951	-0,063096	0,000000	2,031730	-0,124497	-0,124484	14,020883	-0,016196	3,179927	1,796375
36,800000	7,462025	7,493478	0,111857	0,082410	1,867164	-1863,517771	-1580,069027	-1589,985094	-946,205521	-1551,711358	8,774076	951,986692	22,028915	22,938301	25,851764	23,001119	23,152179	-2,910927	0,827156	0,974162	153822,469574	-0,201091	3,019049	-0,062750	0,000000	2,029825	-0,124492	-0,124483	14,015906	-0,015556	3,174423	1,795819
37,000000	7,462252	7,493127	0,112242	0,082726	1,867736	-1871,011247	-1577,995607	-1589,903916	-946,216760	-1551,722597	8,777189	950,728305	22,033635	22,937861	25,842210	23,002108	23,148685	-2,911074	0,825836	0,975168	153826,731498	-0,200084	3,019347	-0,062932	0,000000	2,028139	-0,124489	-0,124486	14,004677	-0,014906	3,173410	1,794462
37,200000	7,462065	7,493313	0,110728	0,083531	1,869362	-1865,599511	-1582,075634	-1590,634482	-944,179716	-1549,685553	8,780230	951,232702	22,033594	22,942474	25,837929	23,003861	23,148047	-2,910955	0,825343	0,975543	153827,820252	-0,200644	3,019520	-0,063334	0,000000	2,028188	-0,124490	-0,124485	14,008920	-0,014907	3,177892	1,795006
37,400000	7,461564	7,493307	0,109969	0,083912	1,869703	-1859,758063	-1588,799534	-1594,798392	-947,217896	-1552,723733	8,782963	953,383219	22,028420	22,946305	25,845055	23,006684	23,152717	-2,910711	0,826020	0,974919	153820,851084	-0,201091	3,019297	-0,063544	0,000000	2,029296	-0,124491	-0,124482	14,027521	-0,015439	3,179863	1,797323
37,600000	7,461627	7,493084	0,111429	0,083912	1,870107	-1859,771233	-1585,839812	-1597,178456	-949,728614	-1555,234452	8,785615	954,916744	22,021655	22,943711	25,856354	23,007243	23,157802	-2,910556	0,826945	0,974072	153808,727010	-0,200994	3,018984	-0,063365	0,000000	2,029920	-0,124491	-0,124486	14,040981	-0,016024	3,175420	1,798975
37,800000	7,461852	7,493099	0,112495	0,084090	1,869089	-1857,184005	-1574,925721	-1593,406131	-943,989677	-1549,495514	8,788468	955,061370	22,017571	22,939595	25,858769	23,006092	23,156846	-2,910467	0,828780	0,973716	153803,076824	-0,200982	3,018988	-0,062905	0,000000	2,030122	-0,124491	-0,124492	14,042312	-0,016142	3,172457	1,799131
38,000000	7,461951	7,493110	0,111569	0,083840	1,867915	-1848,118839	-1567,538277	-1586,333605	-933,880440	-1539,386278	8,791508	953,972762	22,021829	22,938901	25,851805	23,004467	23,150655	-2,910492	0,831993	0,973832	153804,582847	-0,201065	3,019217	-0,062655	0,000000	2,030052	-0,124487	-0,124494	14,032751	-0,015719	3,175280	1,797958
38,200000	7,461945	7,492855	0,110420	0,083614	1,867259	-1839,960434	-1567,432602	-1581,297545	-927,771855	-1533,277692	8,794613	951,797133	22,031582	22,939579	25,848806	23,001055	23,144387	-2,910667	0,834000	0,974100	153805,726097	-0,200768	3,019474	-0,062902	0,000000	2,029780	-0,124482	-0,124496	14,014123	-0,015367	3,178703	1,795614
38,400000	7,461629	7,492563	0,110736	0,084008	1,867466	-1840,319344	-1566,428582	-1578,497868	-926,982265	-1532,488102	8,797721	950,289826	22,035877	22,940253	25,851209	22,998931	23,143156	-2,910723	0,832052	0,974769	153811,561856	-0,200566	3,019557	-0,063232	0,000000	2,029636	-0,124485	-0,124495	14,001694	-0,015610	3,177792	1,793989
38,600000	7,461544	7,492657	0,111411	0,084031	1,867915	-1848,218751	-1564,860433	-1577,016377	-928,731060	-1534,236897	8,800642	950,109380	22,032064	22,941066	25,851967	22,999555	23,146976	-2,910702	0,827058	0,975150	153821,564392	-0,201767	3,019538	-0,063179	0,000000	2,029890	-0,124494	-0,124488	14,000749	-0,016183	3,175877	1,793794
38,800000	7,461906	7,493119	0,110845	0,083233	1,868785	-1852,524968	-1570,234035	-1578,987946	-932,509237	-1538,015074	8,803325	950,311175	22,027225	22,940918	25,854620	23,001521	23,154645	-2,910720	0,821613	0,974937	153822,083911	-0,203673	3,019612	-0,062905	0,000000	2,030283	-0,124495	-0,124486	14,002834	-0,016570	3,177776	1,794012
39,000000	7,461969	7,493501	0,109606	0,083057	1,870445	-1852,179067	-1582,306133	-1585,888934	-939,629394	-1545,135231	8,805855	950,448399	22,027081	22,940249	25,858089	23,005874	23,161050	-2,910636	0,819963	0,974675	153823,692203	-0,204660	3,019508	-0,062728	0,000000	2,029982	-0,124493	-0,124493	14,003789	-0,016371	3,181403	1,794160
39,200000	7,461665	7,493597	0,109534	0,084115	1,869828	-1854,102210	-1591,143959	-1594,641547	-947,286818	-1552,792656	8,808583	950,535303	22,029592	22,940422	25,856332	23,010032	23,158109	-2,910531	0,822357	0,974402	153831,280916	-0,204539	3,019248	-0,062823	0,000000	2,029582	-0,124494	-0,124499	14,003734	-0,015585	3,181351	1,794254
39,400000	7,461566	7,493519	0,110839	0,084318	1,869085	-1855,976843	-1589,077933	-1598,980276	-948,920291	-1554,426128	8,811688	950,586576	22,031017	22,941689	25,852914	23,010197	23,150298	-2,910510	0,825598	0,974437	153826,375537	-0,203651	3,019124	-0,062893	0,000000	2,029961	-0,124493	-0,124496	14,003527	-0,014947	3,177405	1,794309
39,600000	7,461671	7,493517	0,111306	0,083758	1,868772	-1854,172808	-1580,579127	-1596,147127	-942,632108	-1548,137946	8,814738	950,568555	22,030147	22,942128	25,853036	23,005778	23,145682	-2,910581	0,827817	0,974754	153816,863957	-0,202968	3,019131	-0,062790	0,000000	2,030491	-0,124489	-0,124491	14,003461	-0,015033	3,176069	1,794289
39,800000	7,461878	7,493618	0,110843	0,083899	1,869204	-1848,288292	-1573,034512	-1590,271562	-935,983668	-1541,489505	8,817519	950,530370	22,027061	22,941108	25,853457	22,999891	23,146139	-2,910804	0,828753	0,974908	153818,813476	-0,202595	3,019261	-0,062774	0,000000	2,030401	-0,124491	-0,124484	14,003477	-0,015370	3,177585	1,794248
40,000000	7,462165	7,493633	0,110844	0,083538	1,869325	-1847,676688	-1571,195743	-1586,006540	-935,700437	-1541,206275	8,820191	950,528821	22,024492	22,941085	25,850764	22,998916	23,150486	-2,910953	0,829052	0,975051	153832,201139	-0,200903	3,019442	-0,062830	0,000000	2,029178	-0,124491	-0,124481	14,003496	-0,015402	3,177749	1,794247
40,200000	7,462489	7,493520	0,110570	0,082546	1,868821	-1855,486534	-1572,450527	-1583,611866	-937,270691	-1542,776528	8,822941	950,553648	22,025863	22,942598	25,848910	23,002913	23,154193	-2,910836	0,828346	0,975176	153843,500141	-0,199588	3,019462	-0,062923	0,000000	2,028123	-0,124484	-0,124489	14,003500	-0,015197	3,178478	1,794273
40,400000	7,462594	7,493322	0,110204	0,082489	1,867644	-1853,858387	-1573,489922	-1583,298218	-936,041853	-1541,547690	8,825865	950,576593	22,029648	22,944632	25,852023	23,009110	23,155575	-2,910688	0,827321	0,974643	153847,520925	-0,200543	3,019269	-0,063160	0,000000	2,029064	-0,124479	-0,124495	14,003497	-0,015002	3,179257	1,794298
40,600000	7,462276	7,493355	0,111554	0,083561	1,867304	-1845,302669	-1575,383047	-1585,317446	-935,087113	-1540,592950	8,828805	950,581906	22,030594	22,944522	25,856936	23,014922	23,155132	-2,910611	0,827109	0,973781	153847,383338	-0,201965	3,019131	-0,063332	0,000000	2,031346	-0,124484	-0,124493	14,003496	-0,014955	3,175316	1,794304
40,800000	7,462138	7,493682	0,112682	0,084295	1,868653	-1848,163694	-1575,408915	-1585,162345	-935,397608	-1540,903445	8,831772	950,565046	22,027532	22,940361	25,856592	23,013186	23,153080	-2,910566	0,827468	0,973536	153832,334081	-0,203225	3,019236	-0,063282	0,000000	2,031714	-0,124494	-0,124490	14,003496	-0,015097	3,172372	1,794286
41,000000	7,462418	7,493785	0,112210	0,083668	1,871199	-1845,767812	-1565,353640	-1579,367519	-931,156610	-1536,662447	8,834932	950,554203	22,025427	22,936879	25,850746	23,003600	23,153121	-2,910711	0,827220	0,974348	153812,476241	-0,203917	3,019414	-0,063182	0,000000	2,029735	-0,124497	-0,124487	14,003496	-0,015188	3,173920	1,794274
41,200000	7,462288	7,493600	0,111666	0,082842	1,872428	-1831,542875	-1552,704488	-1572,271391	-923,177724	-1528,683561	8,838025	950,598586	22,028975	22,937746	25,845735	22,996871	23,154676	-2,910874	0,826968	0,975565	153803,157123	-0,203413	3,019440	-0,063148	0,000000	2,028369	-0,124491	-0,124492	14,003496	-0,014815	3,175368	1,794322
41,400000	7,461744	7,493549	0,111503	0,083128	1,870885	-1829,237610	-1548,042856	-1566,165944	-916,982428	-1522,488265	8,840960	950,634943	22,036023	22,940035	25,844306	22,999341	23,153288	-2,910939	0,826743	0,975761	153811,472448	-0,203322	3,019355	-0,063198	0,000000	2,027660	-0,124485	-0,124499	14,003496	-0,014510	3,175686	1,794361
41,600000	7,461384	7,493424	0,111798	0,083996	1,868962	-1830,608175	-1544,291334	-1559,915219	-910,186320	-1515,692157	8,844046	951,451410	22,038038	22,940544	25,845272	23,005613	23,152047	-2,911088	0,824167	0,974920	153827,371489	-0,203101	3,019171	-0,063092	0,000000	2,027884	-0,124487	-0,124495	14,010913	-0,015063	3,174607	1,795242
41,800000	7,461303	7,493099	0,111005	0,084323	1,869405	-1820,319604	-1543,417331	-1555,477975	-903,513372	-1509,019210	8,847199	953,446515	22,031345	22,941317	25,847694	23,008533	23,154097	-2,911096	0,820874	0,974166	153823,946736	-0,201640	3,018912	-0,062835	0,000000	2,029734	-0,124496	-0,124488	14,028489	-0,015875	3,176496	1,797392
42,000000	7,461544	7,493072	0,110331	0,083934	1,871244	-1808,877122	-1544,079582	-1553,368276	-902,182185	-1507,688023	8,850156	954,026097	22,023641	22,943074	25,852547	23,007942	23,156466	-2,910945	0,820513	0,973704	153821,331300	-0,200466	3,018830	-0,062756	0,000000	2,031148	-0,124498	-0,124488	14,033531	-0,016051	3,178363	1,798016
42,200000	7,462049	7,493145	0,111343	0,083451	1,871580	-1809,796360	-1540,910758	-1552,782326	-905,457774	-1510,963611	8,853022	952,118564	22,021678	22,941487	25,858809	23,005629	23,157451	-2,910784	0,822052	0,973559	153830,908110	-0,200340	3,019019	-0,062873	0,000000	2,030678	-0,124490	-0,124492	14,017118	-0,015660	3,175776	1,795961
42,400000	7,462375	7,492992	0,111285	0,083272	1,871073	-1820,233620	-1544,832260	-1554,853858	-911,113493	-1516,619330	8,856040	951,351788	22,023403	22,937662	25,857637	23,002497	23,155223	-2,910587	0,822920	0,974384	153829,651750	-0,201290	3,019384	-0,063027	0,000000	2,029162	-0,124488	-0,124495	14,010066	-0,015052	3,176299	1,795134
42,600000	7,462123	7,492826	0,110547	0,083227	1,869455	-1827,011412	-1559,908379	-1562,383813	-920,438578	-1525,944416	8,859164	953,239861	22,027969	22,937826	25,848337	23,001772	23,149544	-2,910524	0,824710	0,975727	153823,326155	-0,202798	3,019635	-0,063168	0,000000	2,028052	-0,124491	-0,124495	14,025508	-0,014630	3,178510	1,797169
42,800000	7,461698	7,492836	0,111096	0,083497	1,868286	-1835,776024	-1578,285552	-1575,044112	-932,720651	-1538,226488	8,862163	954,950303	22,034839	22,941628	25,843899	23,003765	23,145684	-2,910662	0,826681	0,976111	153820,919955	-0,203103	3,019588	-0,063133	0,000000	2,028313	-0,124490	-0,124494	14,040013	-0,014774	3,176806	1,799011
43,000000	7,461439	7,493063	0,112446	0,084357	1,868095	-1851,506680	-1585,068762	-1584,363286	-940,662882	-1546,168719	8,864912	956,054244	22,036057	22,944137	25,847231	23,005061	23,149444	-2,910808	0,825495	0,975242	153826,333196	-0,202018	3,019436	-0,062902	0,000000	2,029404	-0,124488	-0,124494	14,049766	-0,015265	3,172883	1,800199
43,200000	7,461562	7,493356	0,113157	0,084575	1,869873	-1856,265370	-1574,721221	-1584,638274	-938,430838	-1543,936676	8,867386	957,881956	22,028588	22,943971	25,851869	23,005455	23,158898	-2,910727	0,823543	0,974587	153836,824760	-0,201345	3,019429	-0,062939	0,000000	2,030193	-0,124490	-0,124490	14,065364	-0,015538	3,171009	1,802165
43,400000	7,462181	7,493431	0,112701	0,083499	1,870520	-1843,035758	-1561,743550	-1579,213829	-929,046797	-1534,552635	8,869745	958,363706	22,021447	22,941909	25,854519	23,007340	23,164033	-2,910565	0,822995	0,974943	153835,762835	-0,201540	3,019505	-0,063167	0,000000	2,030236	-0,124493	-0,124487	14,069218	-0,015355	3,172467	1,802683
43,600000	7,462751	7,493064	0,112420	0,082845	1,870244	-1830,111567	-1552,560047	-1571,384828	-918,815707	-1524,321544	8,872377	956,434897	22,021370	22,940203	25,853038	23,010400	23,160613	-2,910512	0,823818	0,975434	153826,534134	-0,202124	3,019436	-0,063255	0,000000	2,029674	-0,124495	-0,124489	14,052754	-0,015060	3,173061	1,800609
43,800000	7,462790	7,492654	0,111987	0,083378	1,869616	-1827,063474	-1546,042206	-1563,344974	-910,859137	-1516,364975	8,875321	955,646253	22,025252	22,940441	25,849622	23,010811	23,152722	-2,910499	0,824869	0,975507	153821,356934	-0,202000	3,019327	-0,063150	0,000000	2,029466	-0,124497	-0,124495	14,045915	-0,014837	3,173989	1,799760
44,000000	7,462224	7,492874	0,110992	0,083660	1,869536	-1824,524834	-1544,569235	-1558,542512	-907,394134	-1512,899971	8,878318	957,519238	22,028474	22,941960	25,847595	23,006289	23,145769	-2,910568	0,825112	0,975268	153823,317923	-0,201126	3,019317	-0,062703	0,000000	2,029887	-0,124498	-0,124496	14,061446	-0,014661	3,176869	1,801775
44,200000	7,461445	7,493281	0,110571	0,083121	1,870903	-1824,502331	-1551,071607	-1559,764682	-911,967313	-1517,473150	8,881493	959,203408	22,029879	22,943240	25,847919	23,000912	23,146981	-2,910845	0,824790	0,975153	153827,174058	-0,201193	3,019381	-0,062436	0,000000	2,029712	-0,124495	-0,124490	14,075942	-0,015044	3,178281	1,803585
44,400000	7,461294	7,493205	0,110446	0,082970	1,870688	-1836,004482	-1562,899099	-1566,116891	-922,247515	-1527,753352	8,884652	959,395039	22,029343	22,942292	25,849455	22,999771	23,156083	-2,911005	0,822290	0,975343	153820,933436	-0,201853	3,019492	-0,062864	0,000000	2,029178	-0,124489	-0,124486	14,078257	-0,015754	3,178755	1,803791
44,600000	7,461831	7,493158	0,110168	0,083432	1,870809	-1850,383115	-1571,895949	-1573,857238	-931,076708	-1536,582545	8,887304	960,033582	22,027327	22,939880	25,848570	23,003715	23,161597	-2,910757	0,819489	0,975254	153811,621095	-0,202066	3,019475	-0,063213	0,000000	2,029024	-0,124485	-0,124489	14,083692	-0,015840	3,179533	1,804477
44,800000	7,462119	7,493358	0,110786	0,083446	1,870028	-1856,345672	-1576,108331	-1580,173984	-934,950080	-1540,455917	8,889897	962,031737	22,027273	22,939432	25,849512	23,009989	23,157980	-2,910704	0,820266	0,974879	153807,606516	-0,202276	3,019362	-0,063082	0,000000	2,029139	-0,124489	-0,124494	14,100081	-0,015506	3,177735	1,806622
45,000000	7,461989	7,493423	0,111677	0,083388	1,868516	-1858,156903	-1578,225368	-1583,670455	-935,182726	-1540,688564	8,892834	962,655931	22,029812	22,941423	25,857655	23,013800	23,152082	-2,910963	0,824270	0,974655	153810,300720	-0,202611	3,019277	-0,062919	0,000000	2,030308	-0,124494	-0,124496	14,105073	-0,015277	3,175184	1,807292
45,200000	7,461811	7,493456	0,110982	0,084121	1,866911	-1856,736502	-1576,323582	-1583,714735	-934,593476	-1540,099313	8,895738	960,733207	22,030610	22,942196	25,863706	23,011270	23,151255	-2,910922	0,826222	0,974841	153819,026986	-0,203229	3,019143	-0,062734	0,000000	2,031022	-0,124492	-0,124494	14,088874	-0,015166	3,177101	1,805228
45,400000	7,461497	7,493483	0,110164	0,084463	1,867330	-1841,825848	-1567,597421	-1580,624506	-932,678189	-1538,184026	8,898508	959,024069	22,028779	22,939052	25,860080	23,003088	23,153066	-2,910702	0,825474	0,975031	153815,865886	-0,203937	3,019113	-0,062683	0,000000	2,030119	-0,124487	-0,124491	14,074493	-0,015097	3,179416	1,803392
45,600000	7,461396	7,493330	0,110583	0,084078	1,868189	-1827,359716	-1560,918681	-1577,071377	-929,788269	-1535,294106	8,901202	958,771340	22,027480	22,936463	25,851949	22,996843	23,152942	-2,910614	0,826585	0,974484	153807,786662	-0,203003	3,019169	-0,062839	0,000000	2,028982	-0,124486	-0,124485	14,072351	-0,015072	3,178160	1,803121
45,800000	7,461632	7,492973	0,110728	0,084072	1,868817	-1829,628412	-1561,899428	-1575,238506	-927,470012	-1532,975849	8,903981	958,985765	22,028289	22,939487	25,846499	22,999184	23,153530	-2,910582	0,827680	0,974092	153814,141402	-0,201339	3,019196	-0,062959	0,000000	2,028527	-0,124489	-0,124481	14,074376	-0,015300	3,177549	1,803351
46,000000	7,461738	7,492760	0,110646	0,084113	1,869777	-1833,243290	-1559,445255	-1572,268136	-922,307549	-1527,813386	8,906937	958,201546	22,029968	22,943371	25,849612	23,007151	23,155134	-2,910620	0,826600	0,974547	153820,942378	-0,201220	3,019283	-0,062977	0,000000	2,028697	-0,124487	-0,124487	14,068126	-0,015621	3,177785	1,802508
46,200000	7,461840	7,493129	0,111121	0,084021	1,870836	-1825,121259	-1548,197514	-1565,332296	-911,049970	-1516,555807	8,909834	956,113468	22,029395	22,943089	25,857803	23,012252	23,155675	-2,910804	0,824640	0,974910	153819,205416	-0,201731	3,019318	-0,062828	0,000000	2,029413	-0,124484	-0,124500	14,050585	-0,015588	3,176690	1,800263
46,400000	7,462021	7,493628	0,111256	0,083872	1,872077	-1807,549479	-1535,471701	-1555,465187	-896,981863	-1502,487701	8,912691	954,635623	22,025013	22,940987	25,862041	23,010433	23,157054	-2,910855	0,823726	0,974985	153822,965573	-0,202017	3,019355	-0,062748	0,000000	2,030874	-0,124488	-0,124506	14,037910	-0,015313	3,176599	1,798672
46,600000	7,462377	7,493509	0,110431	0,083848	1,871433	-1789,027639	-1527,123480	-1545,710193	-887,533569	-1493,039406	8,915549	955,393096	22,021833	22,939946	25,859678	23,005962	23,157483	-2,910501	0,822503	0,974889	153831,944727	-0,202210	3,019423	-0,062766	0,000000	2,031632	-0,124496	-0,124499	14,044078	-0,015124	3,178973	1,799488
46,800000	7,462661	7,492958	0,109053	0,084249	1,870201	-1777,799829	-1526,515014	-1540,805858	-887,307668	-1492,813506	8,918487	957,727761	22,024771	22,938535	25,855595	23,003927	23,153651	-2,910258	0,819633	0,975053	153833,421317	-0,202432	3,019370	-0,062799	0,000000	2,030269	-0,124498	-0,124488	14,063674	-0,015141	3,182633	1,801999
47,000000	7,462409	7,492653	0,108527	0,084390	1,869632	-1780,769344	-1531,620922	-1542,067520	-893,104564	-1498,610401	8,921435	958,435977	22,030616	22,938223	25,853060	23,003529	23,148714	-2,910451	0,818824	0,975842	153834,338656	-0,202805	3,019311	-0,063046	0,000000	2,028049	-0,124493	-0,124485	14,069708	-0,015239	3,183944	1,802760
47,200000	7,462085	7,492840	0,109671	0,084430	1,870088	-1800,174411	-1533,920104	-1544,628222	-896,816883	-1502,322720	8,924035	956,482227	22,034109	22,941717	25,849442	23,003753	23,147457	-2,910707	0,820497	0,975972	153837,965586	-0,202548	3,019247	-0,063419	0,000000	2,027843	-0,124486	-0,124490	14,053265	-0,015175	3,180586	1,800660
47,400000	7,462052	7,493096	0,111657	0,084633	1,868701	-1817,848255	-1529,242285	-1543,879744	-894,328255	-1499,834092	8,926580	954,745465	22,033028	22,944134	25,849056	23,004993	23,152494	-2,910875	0,821841	0,975245	153835,297193	-0,202085	3,019145	-0,063730	0,000000	2,029630	-0,124482	-0,124495	14,038591	-0,015072	3,174860	1,798791
47,600000	7,462105	7,493196	0,112502	0,084584	1,865845	-1815,307386	-1524,207550	-1540,791751	-890,114512	-1495,620349	8,929592	954,459178	22,026789	22,942462	25,855810	23,006280	23,160379	-2,910931	0,822009	0,975062	153828,188605	-0,202396	3,019216	-0,063657	0,000000	2,030669	-0,124488	-0,124500	14,036388	-0,015272	3,172651	1,798482
47,800000	7,462214	7,493242	0,111292	0,084524	1,864026	-1804,542190	-1527,097996	-1539,441489	-890,752271	-1496,258109	8,932625	953,795938	22,019516	22,939812	25,860432	23,007708	23,162989	-2,910731	0,822433	0,975127	153818,118961	-0,203006	3,019206	-0,063308	0,000000	2,030252	-0,124497	-0,124499	14,031030	-0,015482	3,176191	1,797768
48,000000	7,462466	7,493151	0,110153	0,084273	1,864548	-1801,681956	-1534,886659	-1542,935546	-898,165927	-1503,671764	8,935307	952,763395	22,019085	22,939027	25,855861	23,009195	23,157401	-2,910519	0,821883	0,974507	153808,823114	-0,202958	3,018904	-0,063153	0,000000	2,029594	-0,124494	-0,124490	14,022064	-0,015189	3,179059	1,796656
48,200000	7,462433	7,493079	0,110423	0,083936	1,866880	-1806,465448	-1543,792211	-1551,719281	-909,194740	-1514,700577	8,938120	953,429016	22,027311	22,940742	25,849158	23,008983	23,147983	-2,910647	0,820647	0,974160	153803,386411	-0,202000	3,018801	-0,063025	0,000000	2,029275	-0,124489	-0,124485	14,027218	-0,014751	3,178060	1,797373
48,400000	7,462000	7,493051	0,110714	0,084480	1,870669	-1819,343518	-1551,114675	-1559,804707	-916,203732	-1521,709569	8,941192	954,743598	22,036397	22,942715	25,846670	23,006342	23,143543	-2,910816	0,819937	0,974542	153806,335233	-0,201128	3,019060	-0,062881	0,000000	2,028961	-0,124491	-0,124485	14,038295	-0,014791	3,177441	1,798789
48,600000	7,461803	7,493052	0,110643	0,084928	1,872682	-1826,867529	-1545,115359	-1560,097743	-912,575684	-1518,081521	8,943985	955,044617	22,036016	22,943275	25,848393	23,003775	23,146401	-2,910727	0,818992	0,974739	153815,477565	-0,201227	3,019330	-0,062827	0,000000	2,028823	-0,124495	-0,124485	14,041379	-0,015349	3,177940	1,799113
48,800000	7,461904	7,493248	0,110768	0,084055	1,871796	-1816,325487	-1533,373064	-1555,158453	-903,710558	-1509,216395	8,946529	955,745223	22,027886	22,943337	25,853196	23,003697	23,152382	-2,910583	0,819394	0,974403	153816,019158	-0,201685	3,019202	-0,062717	0,000000	2,028954	-0,124496	-0,124487	14,047767	-0,015859	3,177571	1,799867
49,000000	7,461976	7,493430	0,110862	0,083129	1,869840	-1811,675842	-1535,984389	-1551,720438	-901,875674	-1507,381511	8,949351	956,820044	22,022759	22,942215	25,858533	23,007820	23,159470	-2,910565	0,818887	0,973960	153823,075412	-0,201966	3,018796	-0,062648	0,000000	2,028942	-0,124494	-0,124487	14,056941	-0,016017	3,177013	1,801023
49,200000	7,462119	7,493356	0,111067	0,083536	1,869019	-1827,720088	-1545,675204	-1552,144203	-908,550336	-1514,056173	8,952392	956,199734	22,023384	22,939992	25,859329	23,014882	23,162713	-2,910573	0,818029	0,974365	153839,020001	-0,202053	3,018685	-0,062938	0,000000	2,029263	-0,124489	-0,124485	14,051663	-0,015942	3,176316	1,800356
49,400000	7,462372	7,493267	0,110913	0,084060	1,869618	-1843,198738	-1553,980943	-1557,604572	-917,300967	-1522,806804	8,955446	954,891690	22,027519	22,939847	25,855019	23,017236	23,157554	-2,910680	0,819618	0,975400	153838,455280	-0,201542	3,018800	-0,063488	0,000000	2,029803	-0,124489	-0,124486	14,040499	-0,015752	3,176801	1,798948
49,600000	7,462444	7,493367	0,110259	0,083791	1,868941	-1847,732711	-1568,820104	-1569,927065	-928,081487	-1533,587324	8,958429	954,509163	22,031503	22,941433	25,850852	23,010925	23,148855	-2,910895	0,821635	0,975522	153829,089498	-0,201437	3,018896	-0,063741	0,000000	2,030318	-0,124493	-0,124490	14,037407	-0,015871	3,178748	1,798536
49,800000	7,462236	7,493437	0,109631	0,084075	1,868550	-1855,141177	-1587,226680	-1586,561073	-944,103802	-1549,609639	8,961322	955,466185	22,031688	22,941358	25,849102	23,001834	23,145125	-2,910780	0,823444	0,975066	153824,832060	-0,202626	3,019125	-0,063571	0,000000	2,030381	-0,124496	-0,124488	14,045868	-0,016300	3,180796	1,799566
50,000000	7,462068	7,493343	0,110425	0,084317	1,868038	-1863,496152	-1591,634559	-1599,001025	-955,883540	-1561,389377	8,964158	957,655605	22,029591	22,939983	25,849117	22,998073	23,149266	-2,910517	0,824617	0,975175	153831,031006	-0,203866	3,019442	-0,063159	0,000000	2,028898	-0,124496	-0,124484	14,064434	-0,016505	3,178836	1,801922
50,200000	7,462102	7,493139	0,111748	0,083402	1,868032	-1862,593897	-1582,120338	-1599,871872	-950,950111	-1556,455948	8,966938	958,292429	22,027777	22,939660	25,846370	23,001539	23,155908	-2,910548	0,824020	0,975099	153838,705309	-0,204031	3,019539	-0,062842	0,000000	2,027668	-0,124489	-0,124490	14,069638	-0,016372	3,175051	1,802606
50,400000	7,462287	7,493094	0,110605	0,083007	1,867292	-1851,329002	-1570,424647	-1589,181163	-933,803285	-1539,309122	8,969643	956,355934	22,027814	22,940853	25,842046	23,008855	23,157655	-2,910589	0,823144	0,974723	153843,414682	-0,203563	3,019266	-0,063016	0,000000	2,028713	-0,124485	-0,124496	14,053091	-0,016060	3,177957	1,800524
50,600000	7,462394	7,493350	0,109261	0,084122	1,867839	-1827,608803	-1557,582327	-1575,557267	-917,026549	-1522,532386	8,972378	954,672192	22,029068	22,942222	25,845235	23,015910	23,154925	-2,910499	0,824222	0,974704	153848,849387	-0,203385	3,018971	-0,063328	0,000000	2,030825	-0,124491	-0,124495	14,038540	-0,015636	3,181612	1,798712
50,800000	7,462058	7,493460	0,109674	0,085228	1,868877	-1809,455781	-1549,411076	-1567,370213	-908,561327	-1514,067165	8,975399	954,462593	22,027522	22,940918	25,853966	23,017482	23,153076	-2,910498	0,824723	0,974574	153836,143581	-0,203750	3,018976	-0,063169	0,000000	2,031869	-0,124497	-0,124493	14,036403	-0,015259	3,180581	1,798486
51,000000	7,461755	7,493389	0,111067	0,085038	1,869218	-1809,689979	-1543,790129	-1562,100979	-906,561201	-1512,067038	8,978539	954,716908	22,024080	22,938237	25,855740	23,010429	23,153135	-2,910541	0,824265	0,974510	153816,375354	-0,203849	3,019093	-0,062721	0,000000	2,031238	-0,124499	-0,124489	14,038463	-0,015184	3,176738	1,798760
51,200000	7,462028	7,493484	0,111875	0,083899	1,869489	-1814,151159	-1537,504237	-1555,994781	-905,441226	-1510,947063	8,981541	954,828281	22,025031	22,938320	25,850372	23,001732	23,153453	-2,910510	0,825456	0,974896	153809,866678	-0,202926	3,019191	-0,062646	0,000000	2,029500	-0,124502	-0,124485	14,039643	-0,015428	3,174508	1,798880
51,400000	7,462153	7,493454	0,110677	0,083328	1,869537	-1812,707295	-1537,324043	-1551,410306	-904,442073	-1509,947910	8,984470	954,825244	22,031283	22,940626	25,845981	23,000885	23,151603	-2,910655	0,826818	0,975322	153815,094930	-0,201964	3,019249	-0,062924	0,000000	2,027799	-0,124499	-0,124483	14,039675	-0,015486	3,177912	1,798876
51,600000	7,461818	7,493106	0,109762	0,083743	1,870688	-1810,583038	-1541,263144	-1550,615038	-904,628713	-1510,134550	8,987305	954,836527	22,034948	22,941178	25,845107	23,005314	23,149013	-2,910984	0,827086	0,975427	153822,980883	-0,201832	3,019192	-0,063312	0,000000	2,027441	-0,124491	-0,124484	14,039456	-0,015173	3,180329	1,798889
51,800000	7,461839	7,492819	0,110056	0,084083	1,870493	-1817,759436	-1547,318825	-1554,090268	-907,501686	-1513,007524	8,990119	954,859893	22,031479	22,939291	25,847770	23,009889	23,151206	-2,911008	0,825844	0,975247	153817,959554	-0,202132	3,019146	-0,063691	0,000000	2,028731	-0,124488	-0,124488	14,039369	-0,014889	3,179377	1,798914
52,000000	7,462155	7,492745	0,110574	0,084256	1,869473	-1826,230578	-1555,046076	-1560,560001	-913,677606	-1519,183443	8,992885	954,868127	22,025748	22,939014	25,851952	23,013007	23,156077	-2,910634	0,824223	0,974819	153815,459528	-0,202241	3,019081	-0,063549	0,000000	2,030735	-0,124490	-0,124494	14,039379	-0,014831	3,177844	1,798923
52,200000	7,462215	7,492870	0,111350	0,084424	1,867336	-1829,442932	-1562,253649	-1568,346910	-922,698481	-1528,204318	8,995585	954,842031	22,021671	22,940032	25,855916	23,012358	23,158260	-2,910298	0,823018	0,974320	153822,780211	-0,202698	3,018985	-0,063062	0,000000	2,031334	-0,124488	-0,124493	14,039400	-0,015071	3,175602	1,798894
52,400000	7,462017	7,493152	0,111635	0,084410	1,866334	-1837,434026	-1569,264335	-1575,735447	-931,673850	-1537,179687	8,998575	954,810406	22,020113	22,939028	25,856544	23,009984	23,157206	-2,910271	0,823276	0,974154	153826,762691	-0,203777	3,019060	-0,062887	0,000000	2,030223	-0,124485	-0,124484	14,039406	-0,015342	3,174990	1,798860
52,600000	7,461671	7,493383	0,111855	0,084051	1,866966	-1847,405673	-1572,217003	-1580,354244	-934,920259	-1540,426096	9,001800	954,825004	22,023284	22,938263	25,850323	23,008859	23,153771	-2,910557	0,825065	0,974326	153831,469994	-0,204379	3,019241	-0,063035	0,000000	2,029133	-0,124486	-0,124479	14,039404	-0,015218	3,174581	1,798876
52,800000	7,461245	7,493519	0,112411	0,083600	1,869152	-1851,556709	-1569,367794	-1581,385068	-931,777480	-1537,283318	9,004861	954,847259	22,031130	22,940015	25,843583	23,009985	23,148421	-2,910966	0,824969	0,974254	153831,129643	-0,204576	3,019372	-0,063295	0,000000	2,028701	-0,124492	-0,124482	14,039402	-0,015029	3,173091	1,798900
53,000000	7,460966	7,493601	0,112331	0,084092	1,871010	-1845,242236	-1561,919460	-1577,234121	-925,046245	-1530,552082	9,007673	953,928388	22,036873	22,942182	25,845952	23,010866	23,146571	-2,910964	0,824145	0,973902	153835,684499	-0,204810	3,019380	-0,063520	0,000000	2,028836	-0,124496	-0,124488	14,031985	-0,015325	3,173362	1,797911
53,200000	7,461168	7,493748	0,111969	0,084829	1,871080	-1827,624383	-1551,936854	-1568,894247	-916,730706	-1522,236543	9,010428	951,767998	22,033597	22,942901	25,853370	23,008829	23,153016	-2,910583	0,823528	0,974059	153847,847414	-0,204659	3,019178	-0,063492	0,000000	2,029336	-0,124493	-0,124496	14,014410	-0,015898	3,174309	1,795583
53,400000	7,461671	7,493865	0,111807	0,084059	1,870836	-1814,970310	-1546,957658	-1562,225594	-911,079780	-1516,585618	9,013071	951,148973	22,024750	22,942320	25,856819	23,009032	23,161034	-2,910435	0,822185	0,974278	153851,700592	-0,203707	3,018866	-0,063190	0,000000	2,029837	-0,124490	-0,124497	14,009368	-0,016059	3,174528	1,794915
53,600000	7,462094	7,493568	0,111975	0,082934	1,871893	-1812,699489	-1545,674762	-1559,125720	-910,345113	-1515,850950	9,015570	953,159116	22,020724	22,941894	25,855943	23,013751	23,162823	-2,910470	0,821968	0,974598	153852,453884	-0,202261	3,018826	-0,062826	0,000000	2,029870	-0,124492	-0,124492	14,025780	-0,015581	3,173891	1,797082
53,800000	7,462210	7,492995	0,112459	0,083511	1,873328	-1814,840540	-1544,214290	-1558,393033	-911,169757	-1516,675594	9,018363	954,062718	22,024577	22,941563	25,854641	23,017596	23,157915	-2,910412	0,822602	0,974989	153843,020627	-0,201452	3,019019	-0,062741	0,000000	2,029694	-0,124493	-0,124491	14,032833	-0,015045	3,172488	1,798055
54,000000	7,462145	7,492659	0,112283	0,084613	1,872052	-1821,851417	-1547,105798	-1559,206720	-911,221756	-1516,727593	9,021448	952,245485	22,029833	22,941045	25,854473	23,017021	23,150187	-2,910430	0,822640	0,974419	153822,719820	-0,201647	3,018992	-0,063099	0,000000	2,029899	-0,124492	-0,124493	14,017390	-0,014866	3,172840	1,796098
54,200000	7,462155	7,492737	0,111752	0,084559	1,871016	-1828,633921	-1554,096122	-1561,364622	-914,008134	-1519,513971	9,024445	950,503562	22,031036	22,941233	25,854685	23,011316	23,145808	-2,910613	0,822639	0,973928	153809,784011	-0,202296	3,019030	-0,063333	0,000000	2,030029	-0,124493	-0,124488	14,002886	-0,015004	3,174425	1,794219
54,400000	7,462096	7,492979	0,112472	0,084221	1,872260	-1835,921194	-1559,187597	-1564,931985	-919,671229	-1525,177066	9,027151	950,168065	22,029107	22,941824	25,853816	23,004540	23,149090	-2,910772	0,822848	0,974462	153818,720011	-0,202738	3,019440	-0,063194	0,000000	2,030147	-0,124491	-0,124482	14,000550	-0,015490	3,172875	1,793857
54,600000	7,461928	7,493073	0,112870	0,084810	1,873553	-1842,397172	-1562,489404	-1568,334181	-924,445358	-1529,951195	9,029700	950,337167	22,027713	22,941949	25,853291	23,005121	23,157344	-2,910639	0,823265	0,975030	153834,816930	-0,202762	3,019611	-0,063167	0,000000	2,029850	-0,124492	-0,124482	14,002527	-0,016044	3,171947	1,794040
54,800000	7,461805	7,492981	0,111330	0,085246	1,872643	-1840,320590	-1568,241654	-1571,905756	-928,380020	-1533,885857	9,032382	950,461433	22,026875	22,941186	25,854061	23,014459	23,161413	-2,910466	0,824399	0,975035	153829,592144	-0,202896	3,019352	-0,063429	0,000000	2,029512	-0,124495	-0,124491	14,003715	-0,016187	3,176054	1,794174
55,000000	7,461760	7,492892	0,110591	0,084390	1,871221	-1837,286827	-1575,068315	-1577,396519	-932,087935	-1537,593772	9,035216	951,373257	22,025440	22,940355	25,851017	23,023256	23,157570	-2,910537	0,825034	0,974932	153813,851089	-0,202895	3,019164	-0,063682	0,000000	2,030460	-0,124496	-0,124498	14,011184	-0,015990	3,177913	1,795157
55,200000	7,461677	7,493038	0,111512	0,084160	1,870880	-1845,980877	-1580,463238	-1583,260438	-935,847563	-1541,353400	9,038086	952,580516	22,025650	22,939476	25,847716	23,022940	23,152400	-2,910633	0,824785	0,975091	153808,480310	-0,202566	3,019201	-0,063641	0,000000	2,031305	-0,124494	-0,124497	14,021129	-0,015789	3,175348	1,796459
55,400000	7,461527	7,493283	0,111843	0,085173	1,871590	-1857,508386	-1581,113089	-1585,628556	-939,193151	-1544,698989	9,040887	951,991999	22,026422	22,938723	25,849913	23,015333	23,151166	-2,910779	0,824170	0,975221	153818,596916	-0,202902	3,019281	-0,063552	0,000000	2,030933	-0,124496	-0,124488	14,015924	-0,015529	3,174611	1,795824
55,600000	7,461592	7,493380	0,111578	0,085264	1,871613	-1855,713696	-1575,516182	-1584,320768	-939,344673	-1544,850510	9,043802	950,660409	22,025421	22,938441	25,851392	23,007946	23,153269	-2,910872	0,823863	0,975125	153832,561978	-0,203708	3,019340	-0,063631	0,000000	2,029798	-0,124494	-0,124479	14,004636	-0,015435	3,175484	1,794389
55,800000	7,461862	7,493436	0,111317	0,084317	1,873189	-1844,578941	-1568,099313	-1581,446037	-933,867159	-1539,372996	9,046734	950,258993	22,024868	22,938851	25,846539	23,006497	23,156534	-2,910780	0,824454	0,975289	153831,570048	-0,203586	3,019493	-0,063593	0,000000	2,028596	-0,124491	-0,124476	14,001484	-0,015659	3,176356	1,793956
56,000000	7,461800	7,493408	0,111127	0,084154	1,874123	-1832,616568	-1557,989270	-1575,336828	-922,631395	-1528,137232	9,049378	950,377176	22,026835	22,941360	25,841743	23,011237	23,157980	-2,910846	0,824616	0,975678	153832,984734	-0,202446	3,019511	-0,063451	0,000000	2,028752	-0,124493	-0,124479	14,002529	-0,015710	3,176830	1,794083
56,200000	7,461460	7,493214	0,111275	0,085055	1,872050	-1823,643522	-1547,007221	-1566,568732	-910,767573	-1516,273410	9,052051	950,503477	22,028133	22,943871	25,844494	23,016695	23,157240	-2,911003	0,823829	0,975480	153845,844211	-0,200933	3,019203	-0,063389	0,000000	2,030005	-0,124495	-0,124486	14,003533	-0,015652	3,176010	1,794219
56,400000	7,461457	7,493069	0,111099	0,085560	1,869682	-1818,551248	-1544,751577	-1559,495221	-904,547530	-1510,053367	9,054974	950,498598	22,024779	22,943058	25,852318	23,017298	23,157018	-2,910846	0,822786	0,974875	153850,501813	-0,200751	3,018927	-0,063206	0,000000	2,030872	-0,124492	-0,124493	14,003699	-0,015859	3,176263	1,794214
56,600000	7,461763	7,493203	0,110913	0,084898	1,870395	-1816,242158	-1546,797541	-1555,480498	-904,042714	-1509,548551	9,057892	950,464717	22,020595	22,940346	25,861426	23,013510	23,157152	-2,910452	0,823559	0,974537	153849,296084	-0,202426	3,018880	-0,062915	0,000000	2,031507	-0,124492	-0,124494	14,003564	-0,016009	3,176921	1,794177
56,800000	7,461933	7,493337	0,112120	0,084076	1,873939	-1816,211223	-1540,826081	-1552,796636	-905,551109	-1511,056947	9,060668	950,455822	22,020637	22,939398	25,865361	23,009804	23,155331	-2,910280	0,825455	0,974765	153842,310192	-0,202904	3,019071	-0,062813	0,000000	2,031084	-0,124494	-0,124490	14,003481	-0,016001	3,173777	1,794168
57,000000	7,461838	7,493137	0,113516	0,084066	1,875659	-1815,941828	-1532,438346	-1549,364887	-904,172837	-1509,678674	9,063356	951,319734	22,025244	22,939125	25,858773	23,009116	23,151821	-2,910438	0,825284	0,975261	153841,268088	-0,202241	3,019248	-0,062910	0,000000	2,029074	-0,124495	-0,124484	14,010895	-0,016151	3,169839	1,795100
57,200000	7,461885	7,492894	0,112672	0,084398	1,875519	-1812,434984	-1531,166717	-1545,243573	-898,890427	-1504,396264	9,066209	953,423980	22,031026	22,939688	25,847847	23,011318	23,149026	-2,910588	0,823687	0,975102	153850,338560	-0,202317	3,019221	-0,063163	0,000000	2,027759	-0,124494	-0,124483	14,028485	-0,016060	3,172004	1,797367
57,400000	7,462114	7,492870	0,110890	0,084594	1,873031	-1805,344513	-1533,831070	-1543,094571	-894,729704	-1500,235542	9,069188	954,955670	22,033442	22,944100	25,843608	23,014209	23,150102	-2,910697	0,822915	0,974933	153837,804887	-0,202227	3,019248	-0,063457	0,000000	2,028697	-0,124490	-0,124487	14,040950	-0,015667	3,177019	1,799017
57,600000	7,461836	7,493043	0,111083	0,084906	1,870735	-1802,878231	-1538,208726	-1545,477225	-896,164387	-1501,670224	9,072051	955,083444	22,030553	22,946973	25,848247	23,015989	23,155919	-2,910799	0,823358	0,975329	153813,468561	-0,201797	3,019310	-0,063448	0,000000	2,030633	-0,124488	-0,124488	14,042112	-0,015757	3,176615	1,799154
57,800000	7,461337	7,493324	0,113174	0,085081	1,869311	-1811,745109	-1542,295786	-1550,244020	-901,221355	-1506,727192	9,074958	954,782769	22,023796	22,944066	25,856276	23,014780	23,161393	-2,910573	0,820965	0,975343	153805,585871	-0,201785	3,019237	-0,063271	0,000000	2,031417	-0,124493	-0,124484	14,040101	-0,016269	3,170791	1,798831
58,000000	7,461745	7,493414	0,114955	0,084665	1,870788	-1821,169417	-1539,272376	-1552,016502	-903,688414	-1509,194251	9,077822	954,658789	22,019510	22,940079	25,861944	23,013016	23,161413	-2,910201	0,816599	0,975127	153806,533223	-0,202340	3,019068	-0,063128	0,000000	2,030813	-0,124495	-0,124487	14,039130	-0,016338	3,165685	1,798697
58,200000	7,462628	7,493047	0,115107	0,084152	1,873256	-1820,767068	-1529,537278	-1548,661705	-900,595058	-1506,100895	9,080432	954,721070	22,021879	22,938879	25,859074	23,014146	23,156079	-2,910139	0,815058	0,975299	153806,210851	-0,203007	3,018821	-0,063008	0,000000	2,029795	-0,124494	-0,124493	14,039165	-0,015851	3,164840	1,798764
58,400000	7,462429	7,492707	0,114425	0,084249	1,873564	-1813,249607	-1522,015254	-1544,302627	-895,258928	-1500,764765	9,083008	953,909155	22,027508	22,940095	25,851241	23,015456	23,149434	-2,910319	0,814221	0,975360	153816,353956	-0,203390	3,018724	-0,063109	0,000000	2,029095	-0,124493	-0,124492	14,031951	-0,015452	3,166452	1,797890
58,600000	7,461484	7,492715	0,113940	0,084926	1,873052	-1805,531904	-1525,374811	-1545,212524	-895,431400	-1500,937238	9,085842	951,813367	22,030916	22,941289	25,847884	23,013731	23,147317	-2,910594	0,813152	0,975178	153832,186849	-0,202932	3,019021	-0,063323	0,000000	2,029098	-0,124495	-0,124490	14,014444	-0,015551	3,168097	1,795632
58,800000	7,460968	7,492761	0,113487	0,085032	1,873081	-1808,820299	-1537,944832	-1550,706367	-902,830910	-1508,336747	9,088687	950,273628	22,029535	22,940894	25,851544	23,010751	23,151018	-2,910757	0,812672	0,975226	153827,959950	-0,202078	3,019281	-0,063365	0,000000	2,029978	-0,124496	-0,124491	14,001970	-0,016022	3,169721	1,793971
59,000000	7,460990	7,492994	0,113155	0,084351	1,873609	-1819,053335	-1546,122348	-1556,178237	-911,100889	-1516,606727	9,091367	950,947927	22,024662	22,940312	25,857283	23,011244	23,158123	-2,910748	0,812874	0,975294	153810,473164	-0,202102	3,019221	-0,063175	0,000000	2,030997	-0,124491	-0,124487	14,008205	-0,016587	3,170757	1,794699
59,200000	7,461506	7,493346	0,113475	0,084568	1,872903	-1821,035584	-1546,528569	-1561,027074	-916,541707	-1522,047544	9,094131	953,254303	22,021100	22,940549	25,858053	23,016179	23,164671	-2,910743	0,814553	0,975263	153802,070170	-0,202460	3,019073	-0,063062	0,000000	2,030708	-0,124489	-0,124487	14,027787	-0,016788	3,169829	1,797185
59,400000	7,461857	7,493510	0,113887	0,085667	1,872950	-1821,411995	-1547,490333	-1565,025358	-918,311040	-1523,816877	9,096969	954,923664	22,022979	22,940730	25,854466	23,020948	23,163899	-2,910670	0,817200	0,975202	153810,412690	-0,202747	3,018813	-0,063072	0,000000	2,030021	-0,124493	-0,124495	14,041219	-0,016204	3,168403	1,798982
59,600000	7,461445	7,493601	0,113247	0,085604	1,873713	-1827,290749	-1551,247588	-1566,686558	-917,701800	-1523,207637	9,099701	955,163212	22,027851	22,940908	25,852868	23,019942	23,154240	-2,910659	0,819587	0,975420	153822,590965	-0,202686	3,018497	-0,063032	0,000000	2,029853	-0,124496	-0,124496	14,042348	-0,015323	3,169908	1,799240
59,800000	7,461139	7,493596	0,112545	0,084860	1,873992	-1832,032961	-1555,885215	-1567,458985	-919,569018	-1525,074855	9,102329	954,937484	22,030247	22,941189	25,854005	23,013692	23,145635	-2,910725	0,821338	0,975799	153823,839003	-0,202001	3,018391	-0,063138	0,000000	2,029897	-0,124500	-0,124491	14,040135	-0,015005	3,171806	1,798997
60,000000	7,461434	7,493400	0,113368	0,085057	1,872655	-1837,112191	-1561,933495	-1570,506186	-925,818080	-1531,323918	9,104930	953,888796	22,029477	22,940644	25,852778	23,006544	23,146698	-2,910666	0,822053	0,975666	153821,097216	-0,201502	3,018518	-0,063320	0,000000	2,029926	-0,124502	-0,124491	14,031679	-0,015352	3,169514	1,797868
60,200000	7,461640	7,493082	0,114239	0,084833	1,870962	-1843,788858	-1569,944385	-1575,117517	-932,374796	-1537,880634	9,107671	952,622613	22,027800	22,939808	25,850526	23,004716	23,153007	-2,910632	0,821073	0,975354	153820,343175	-0,201706	3,018801	-0,063498	0,000000	2,028801	-0,124494	-0,124490	14,021570	-0,015878	3,167198	1,796504
60,400000	7,461485	7,492976	0,113549	0,083887	1,870298	-1845,871555	-1574,625543	-1578,168531	-934,859479	-1540,365317	9,110660	953,222925	22,026731	22,940848	25,849783	23,010516	23,157460	-2,910741	0,819629	0,975362	153823,387772	-0,202352	3,019091	-0,063672	0,000000	2,027624	-0,124483	-0,124489	14,026908	-0,016172	3,169406	1,797151
60,600000	7,461356	7,493156	0,112597	0,083945	1,870596	-1839,728279	-1572,218554	-1578,598773	-932,020959	-1537,526796	9,113656	955,463114	22,026866	22,943700	25,851215	23,019541	23,157650	-2,910781	0,818972	0,975286	153829,371887	-0,202252	3,019029	-0,063701	0,000000	2,028361	-0,124483	-0,124493	14,045694	-0,016153	3,172106	1,799563
60,800000	7,461280	7,493223	0,112843	0,084690	1,871560	-1827,370873	-1566,694634	-1577,971262	-926,372606	-1531,878443	9,116476	957,067074	22,025615	22,944117	25,853488	23,025548	23,155409	-2,910690	0,819639	0,974847	153827,343849	-0,201834	3,018673	-0,063694	0,000000	2,030608	-0,124487	-0,124500	14,059009	-0,016014	3,171076	1,801289
61,000000	7,461243	7,493275	0,112961	0,085011	1,874392	-1819,853061	-1564,076285	-1576,208315	-922,701344	-1528,207181	9,119179	956,336941	22,021740	22,941108	25,852788	23,022194	23,153801	-2,910685	0,820395	0,974593	153825,973960	-0,202027	3,018522	-0,063498	0,000000	2,031779	-0,124490	-0,124503	14,052833	-0,015961	3,170625	1,800503
61,200000	7,461464	7,493377	0,112350	0,084387	1,876623	-1817,830596	-1558,466382	-1571,084959	-920,048352	-1525,554189	9,121950	954,857625	22,020482	22,939512	25,849764	23,013066	23,153082	-2,910644	0,819671	0,974807	153828,438371	-0,202374	3,018688	-0,063089	0,000000	2,031126	-0,124494	-0,124499	14,040526	-0,016066	3,172564	1,798911
61,400000	7,461615	7,493121	0,112633	0,083461	1,875981	-1812,275887	-1543,404932	-1562,924975	-913,730171	-1519,236008	9,124803	954,444056	22,025706	22,940560	25,846886	23,007570	23,152503	-2,910468	0,819265	0,975066	153827,710488	-0,202862	3,018968	-0,062930	0,000000	2,029800	-0,124499	-0,124491	14,037188	-0,016199	3,171914	1,798466
61,600000	7,461389	7,492812	0,113259	0,083755	1,872355	-1808,354146	-1529,885935	-1553,667112	-903,315654	-1508,821492	9,127624	954,583548	22,031578	22,942066	25,846929	23,009927	23,151139	-2,910436	0,819849	0,974966	153829,835615	-0,203119	3,019148	-0,063108	0,000000	2,027982	-0,124494	-0,124486	14,038364	-0,016204	3,170187	1,798616
61,800000	7,461059	7,492861	0,113385	0,084660	1,869705	-1805,025454	-1522,800438	-1544,338550	-890,380146	-1495,885983	9,130428	954,717699	22,030234	22,942808	25,849160	23,016215	23,151492	-2,910554	0,819514	0,974680	153822,391591	-0,203142	3,019034	-0,063297	0,000000	2,027914	-0,124486	-0,124488	14,039452	-0,016166	3,169743	1,798761
62,000000	7,460901	7,493079	0,113101	0,084754	1,870733	-1794,525834	-1516,827214	-1533,330230	-877,976508	-1483,482345	9,133000	955,629939	22,023813	22,943947	25,852444	23,019361	23,154900	-2,910606	0,817841	0,974588	153812,920140	-0,203428	3,018727	-0,063254	0,000000	2,030034	-0,124491	-0,124489	14,047041	-0,016100	3,170334	1,799743
62,200000	7,460907	7,493395	0,112741	0,084481	1,872637	-1781,368347	-1510,486794	-1522,649522	-871,464866	-1476,970703	9,135463	956,816033	22,020168	22,944604	25,857432	23,018293	23,157941	-2,910652	0,816165	0,974909	153815,295526	-0,203560	3,018650	-0,063044	0,000000	2,031505	-0,124500	-0,124487	14,057050	-0,016160	3,171443	1,801019
62,400000	7,461051	7,493680	0,112757	0,084135	1,873561	-1776,056329	-1513,290456	-1520,048352	-875,134164	-1480,640001	9,138266	956,181505	22,019903	22,941132	25,861675	23,015844	23,159036	-2,910649	0,814558	0,975224	153814,223731	-0,203639	3,018799	-0,062743	0,000000	2,030797	-0,124499	-0,124486	14,051845	-0,016277	3,171743	1,800336
62,600000	7,461212	7,493583	0,112389	0,083592	1,872036	-1784,297575	-1531,436236	-1527,745133	-887,188850	-1492,694688	9,141117	954,843946	22,020780	22,947994	25,858793	23,014691	23,155987	-2,910556	0,813472	0,975144	153809,850389	-0,203607	3,018994	-0,062567	0,000000	2,028893	-0,124491	-0,124486	14,040545	-0,016199	3,172855	1,798897
62,800000	7,461403	7,493168	0,112235	0,083713	1,870901	-1801,914370	-1549,343082	-1540,338137	-900,084103	-1505,589940	9,143931	954,490284	22,024957	22,981461	25,850314	23,015966	23,150044	-2,910562	0,814921	0,975453	153813,224209	-0,203226	3,019231	-0,062801	0,000000	2,028083	-0,124487	-0,124486	14,037388	-0,016011	3,172930	1,798516
63,000000	7,461443	7,493026	0,112873	0,084318	1,869486	-1820,657665	-1555,493631	-1551,427739	-908,300305	-1513,806143	9,146988	955,539533	22,031503	23,019599	25,845443	23,016774	23,146950	-2,910613	0,817058	0,975765	153818,136750	-0,203614	3,019281	-0,063130	0,000000	2,028652	-0,124485	-0,124489	14,045852	-0,015669	3,170641	1,799645
63,200000	7,461095	7,493449	0,113385	0,084797	1,870041	-1829,474301	-1552,009021	-1556,265552	-909,757700	-1515,263537	9,149847	957,789167	22,033433	23,034458	25,846669	23,014912	23,149626	-2,910584	0,818072	0,975201	153819,118604	-0,203770	3,019315	-0,063294	0,000000	2,029443	-0,124483	-0,124493	14,064432	-0,015384	3,169228	1,802065
63,400000	7,460865	7,494031	0,113545	0,085193	1,871426	-1822,850697	-1545,813902	-1555,526061	-906,632459	-1512,138296	9,152168	959,308865	22,026969	23,031734	25,851059	23,014336	23,156817	-2,910524	0,818381	0,974888	153833,799081	-0,202620	3,019570	-0,063357	0,000000	2,030075	-0,124483	-0,124492	14,077058	-0,015276	3,169333	1,803698
63,600000	7,461137	7,494132	0,113392	0,084883	1,872013	-1813,352686	-1542,451767	-1552,671191	-902,025097	-1507,530934	9,154437	959,425070	22,020055	23,027300	25,854179	23,017677	23,162367	-2,910542	0,818495	0,975199	153852,478347	-0,202259	3,019666	-0,063213	0,000000	2,030236	-0,124486	-0,124488	14,078085	-0,015330	3,169989	1,803823
63,800000	7,461330	7,493783	0,113064	0,084189	1,872415	-1807,328504	-1540,117634	-1549,316771	-896,410889	-1501,916726	9,157139	960,039142	22,020972	23,025447	25,854407	23,022389	23,162054	-2,910680	0,819409	0,975122	153846,394361	-0,202729	3,019446	-0,063005	0,000000	2,029823	-0,124489	-0,124488	14,083409	-0,015512	3,170585	1,804483
64,000000	7,460859	7,493528	0,113156	0,084294	1,872493	-1802,319276	-1541,875343	-1548,399274	-895,440627	-1500,946464	9,160121	962,027836	22,026454	23,025388	25,852590	23,024328	23,156393	-2,910822	0,820505	0,974810	153831,402873	-0,202656	3,019200	-0,062834	0,000000	2,029606	-0,124493	-0,124494	14,100010	-0,015468	3,169950	1,806618
64,200000	7,460555	7,493548	0,113429	0,084596	1,871978	-1805,358177	-1550,290373	-1551,427758	-902,052609	-1507,558446	9,163047	963,550481	22,028858	23,026682	25,850645	23,020641	23,148522	-2,910827	0,821401	0,974726	153824,542216	-0,202676	3,018978	-0,062732	0,000000	2,029893	-0,124496	-0,124492	14,112520	-0,015243	3,168913	1,808251
64,400000	7,461125	7,493796	0,113924	0,083737	1,869511	-1815,270536	-1554,658834	-1555,349518	-908,034258	-1513,540096	9,165942	962,799724	22,027319	23,027838	25,852369	23,014391	23,145868	-2,910712	0,822069	0,974934	153820,619056	-0,203188	3,018769	-0,062957	0,000000	2,029641	-0,124494	-0,124484	14,106474	-0,015475	3,167383	1,807446
64,600000	7,461698	7,493886	0,114912	0,083179	1,868146	-1823,385023	-1550,321139	-1556,770124	-908,614721	-1514,120558	9,168985	960,368060	22,025939	23,028147	25,854211	23,011853	23,151783	-2,910597	0,822051	0,975326	153816,305569	-0,203479	3,018774	-0,063261	0,000000	2,029194	-0,124488	-0,124479	14,086956	-0,016304	3,164630	1,804836
64,800000	7,461557	7,493463	0,114867	0,084180	1,869215	-1826,013032	-1547,935055	-1556,124476	-907,584494	-1513,090331	9,172129	958,685778	22,025519	23,027372	25,854007	23,015364	23,159432	-2,910468	0,821613	0,975345	153813,350795	-0,203349	3,018901	-0,063243	0,000000	2,029204	-0,124487	-0,124480	14,073510	-0,016948	3,164740	1,803029
65,000000	7,461269	7,493089	0,113579	0,084649	1,872229	-1821,444791	-1549,232364	-1555,121029	-906,483690	-1511,989527	9,175054	957,694873	22,025706	23,026194	25,857736	23,022121	23,159957	-2,910459	0,822565	0,974900	153811,863602	-0,203058	3,018813	-0,063121	0,000000	2,029404	-0,124487	-0,124487	14,064946	-0,016688	3,168221	1,801964
65,200000	7,461287	7,493103	0,112726	0,084489	1,873291	-1811,675434	-1549,112566	-1555,635521	-905,777725	-1511,283562	9,177669	956,832012	22,025653	23,026658	25,862846	23,026403	23,154933	-2,910690	0,824233	0,974604	153808,997476	-0,202984	3,018702	-0,063144	0,000000	2,030409	-0,124485	-0,124494	14,056997	-0,015973	3,170590	1,801036
65,400000	7,461384	7,493169	0,111543	0,085188	1,873249	-1809,403265	-1554,464854	-1559,573681	-909,912888	-1515,418725	9,180347	957,571999	22,024196	23,027823	25,862930	23,024814	23,152351	-2,910782	0,824671	0,974714	153812,031312	-0,202898	3,018915	-0,063110	0,000000	2,031146	-0,124486	-0,124494	14,063154	-0,015926	3,174201	1,801832
65,600000	7,461589	7,493195	0,110512	0,085454	1,873024	-1820,224200	-1562,296682	-1564,755806	-918,129372	-1523,635210	9,183277	958,859514	22,023433	23,026855	25,857226	23,017930	23,152699	-2,910620	0,824926	0,974877	153819,047992	-0,202404	3,019272	-0,062899	0,000000	2,030297	-0,124489	-0,124495	14,074403	-0,016385	3,177483	1,803216
65,800000	7,461640	7,493319	0,111698	0,084606	1,871691	-1834,295279	-1563,278209	-1568,412480	-923,927865	-1529,433702	9,186353	959,188183	22,025128	23,024736	25,850766	23,010227	23,154229	-2,910554	0,824780	0,975059	153819,919752	-0,202338	3,019465	-0,062765	0,000000	2,028635	-0,124488	-0,124498	14,077354	-0,016583	3,174298	1,803569
66,000000	7,461347	7,493541	0,113088	0,083819	1,870128	-1844,677657	-1562,764951	-1569,523378	-924,393393	-1529,899230	9,189495	959,970754	22,028000	23,025403	25,847236	23,009878	23,156816	-2,910659	0,824784	0,974990	153818,764561	-0,202970	3,019381	-0,062928	0,000000	2,028070	-0,124486	-0,124490	14,083659	-0,016334	3,170282	1,804409
66,200000	7,461185	7,493604	0,113041	0,083612	1,869900	-1843,961652	-1565,214180	-1569,956996	-923,377815	-1528,883652	9,192607	961,106826	22,029214	23,027935	25,849389	23,017813	23,157652	-2,910713	0,824401	0,974934	153820,640935	-0,203339	3,019389	-0,063290	0,000000	2,028583	-0,124485	-0,124482	14,092829	-0,015993	3,170442	1,805629
66,400000	7,461325	7,493496	0,112254	0,083898	1,870570	-1837,273083	-1570,546251	-1571,818498	-924,868741	-1530,374578	9,195434	960,469499	22,025180	23,027583	25,855982	23,024925	23,156353	-2,910665	0,822334	0,975157	153826,831885	-0,202614	3,019547	-0,063370	0,000000	2,029294	-0,124482	-0,124486	14,087565	-0,016064	3,172888	1,804945
66,600000	7,461610	7,493420	0,111607	0,084364	1,870571	-1832,824656	-1572,319784	-1573,584628	-925,772421	-1531,278258	9,197929	959,120128	22,017925	23,023782	25,859687	23,024745	23,157213	-2,910515	0,820297	0,974886	153834,395612	-0,202243	3,019394	-0,063277	0,000000	2,030962	-0,124485	-0,124492	14,076407	-0,016206	3,174627	1,803496
66,800000	7,461877	7,493182	0,111443	0,084531	1,869780	-1822,113964	-1568,139791	-1575,000254	-924,243975	-1529,749813	9,200453	958,743283	22,016154	23,021352	25,861867	23,019385	23,159750	-2,910365	0,819732	0,974294	153835,556349	-0,203259	3,019133	-0,063403	0,000000	2,032068	-0,124492	-0,124488	14,073315	-0,016271	3,174780	1,803091
67,000000	7,461838	7,492754	0,111958	0,084228	1,870514	-1814,807138	-1559,351557	-1572,853500	-921,083562	-1526,589399	9,203307	958,846330	22,022341	23,022083	25,861147	23,015146	23,158068	-2,910524	0,820477	0,974186	153838,181853	-0,203828	3,019156	-0,063377	0,000000	2,030729	-0,124493	-0,124483	14,074357	-0,016450	3,173159	1,803201
67,200000	7,461656	7,492547	0,113076	0,083893	1,873273	-1816,470945	-1541,877882	-1563,182862	-912,548973	-1518,054810	9,206526	958,963904	22,028886	23,023510	25,853709	23,015966	23,153062	-2,910795	0,820279	0,974749	153844,922462	-0,203299	3,019316	-0,063148	0,000000	2,028305	-0,124492	-0,124483	14,075348	-0,016455	3,169965	1,803328
67,400000	7,461775	7,492628	0,112352	0,083897	1,875043	-1807,781209	-1525,479629	-1549,318652	-896,553007	-1502,058844	9,209677	958,112635	22,031216	23,026306	25,846258	23,019360	23,150909	-2,910855	0,818917	0,974989	153839,210706	-0,202558	3,019462	-0,063049	0,000000	2,027777	-0,124493	-0,124484	14,068092	-0,016333	3,172104	1,802413
67,600000	7,461893	7,492806	0,110217	0,084173	1,875000	-1787,895397	-1520,576959	-1537,631592	-882,349773	-1487,855611	9,212254	956,001854	22,029986	23,029429	25,847869	23,021485	23,153763	-2,910841	0,816653	0,974340	153823,636658	-0,201986	3,019592	-0,063148	0,000000	2,029485	-0,124493	-0,124487	14,050383	-0,016321	3,178393	1,800143
67,800000	7,461663	7,492977	0,110957	0,084285	1,873197	-1777,556853	-1524,582021	-1534,081622	-881,269779	-1486,775617	9,214381	955,360558	22,024044	23,028406	25,856469	23,021335	23,158457	-2,910745	0,814459	0,974027	153812,712368	-0,201475	3,019608	-0,063210	0,000000	2,030869	-0,124492	-0,124490	14,045259	-0,016578	3,176457	1,799453
68,000000	7,461416	7,493140	0,112967	0,084044	1,871620	-1787,758862	-1535,834513	-1539,009630	-891,438356	-1496,944194	9,216688	956,402243	22,017096	23,024593	25,862059	23,018911	23,162189	-2,910559	0,812783	0,974360	153809,628717	-0,201726	3,019552	-0,063036	0,000000	2,030844	-0,124491	-0,124492	14,054251	-0,016831	3,170823	1,800574
68,200000	7,461506	7,493114	0,113134	0,083700	1,870163	-1805,098746	-1547,999901	-1545,563056	-902,114010	-1507,619847	9,219409	956,069675	22,017824	23,022845	25,861237	23,018012	23,161638	-2,910476	0,810691	0,974298	153809,439487	-0,202611	3,019599	-0,062865	0,000000	2,030054	-0,124491	-0,124491	14,051160	-0,016530	3,170397	1,800216
68,400000	7,461571	7,492828	0,113358	0,083358	1,870939	-1817,273584	-1552,171659	-1550,057777	-907,171901	-1512,677738	9,222213	955,768499	22,026288	23,024530	25,855139	23,019586	23,153218	-2,910588	0,811576	0,973867	153807,446964	-0,202755	3,019745	-0,062928	0,000000	2,029584	-0,124492	-0,124488	14,048257	-0,016153	3,169722	1,799892
68,600000	7,461216	7,492735	0,113099	0,083687	1,871617	-1822,093734	-1548,861845	-1552,199094	-905,534336	-1511,040173	9,225153	957,446533	22,033478	23,027138	25,849025	23,017686	23,145046	-2,910705	0,813469	0,973611	153806,841408	-0,202855	3,019692	-0,063127	0,000000	2,029297	-0,124490	-0,124487	14,062624	-0,016448	3,170277	1,801697
68,800000	7,461129	7,492958	0,111616	0,084422	1,870777	-1813,056847	-1541,655548	-1550,104631	-898,652304	-1504,158141	9,228102	958,966631	22,032950	23,027958	25,849048	23,012944	23,146344	-2,910681	0,812630	0,973488	153807,979633	-0,203386	3,019348	-0,063101	0,000000	2,029155	-0,124486	-0,124486	14,075919	-0,017004	3,174221	1,803331
69,000000	7,461708	7,493089	0,111414	0,084119	1,869142	-1797,676002	-1537,422317	-1547,490448	-895,553611	-1501,059448	9,230797	959,193403	22,026153	23,028206	25,853369	23,011574	23,153306	-2,910681	0,811408	0,973785	153813,693307	-0,202796	3,019140	-0,062745	0,000000	2,029266	-0,124488	-0,124487	14,078018	-0,017203	3,174670	1,803574
69,200000	7,462142	7,493040	0,111879	0,083619	1,869460	-1796,854440	-1542,811333	-1549,227678	-901,558150	-1507,063987	9,233584	958,104318	22,020025	23,028631	25,856344	23,015325	23,160524	-2,910762	0,811679	0,974661	153824,138275	-0,201647	3,019248	-0,062597	0,000000	2,029047	-0,124491	-0,124491	14,068773	-0,017084	3,173464	1,802404
69,400000	7,462034	7,492846	0,111569	0,084086	1,871749	-1809,598070	-1549,828919	-1552,732141	-908,222281	-1513,728118	9,236406	955,943655	22,019559	23,027100	25,857337	23,021657	23,165028	-2,910742	0,814427	0,975427	153835,594172	-0,201729	3,019431	-0,062869	0,000000	2,029586	-0,124491	-0,124492	14,050111	-0,016538	3,174496	1,800080
69,600000	7,461705	7,492454	0,112693	0,084701	1,872260	-1821,092580	-1549,167719	-1555,132187	-909,831225	-1515,337062	9,238856	954,549808	22,022577	23,024984	25,857286	23,025923	23,161190	-2,910511	0,818774	0,975535	153845,255424	-0,202621	3,019460	-0,063168	0,000000	2,030118	-0,124492	-0,124492	14,037608	-0,015732	3,171196	1,798580
69,800000	7,461240	7,492237	0,114827	0,084792	1,873243	-1830,358370	-1545,796341	-1555,004147	-909,325690	-1514,831527	9,241147	954,444782	22,025312	23,025891	25,852907	23,023809	23,151590	-2,910386	0,820636	0,975090	153838,866016	-0,203388	3,019419	-0,063157	0,000000	2,030176	-0,124497	-0,124496	14,036642	-0,015647	3,164943	1,798467
70,000000	7,460737	7,492516	0,114754	0,084833	1,873028	-1832,366963	-1548,772492	-1554,300580	-909,155035	-1514,660872	9,243760	954,603694	22,027098	23,027843	25,849678	23,016407	23,149313	-2,910580	0,818693	0,974991	153828,558785	-0,203436	3,019587	-0,063102	0,000000	2,030673	-0,124499	-0,124493	14,038734	-0,016405	3,165375	1,798638
70,200000	7,460678	7,492940	0,112970	0,084847	1,871963	-1824,829305	-1562,096554	-1558,974532	-913,741274	-1519,247111	9,246714	954,641063	22,026654	23,027058	25,854019	23,011595	23,155840	-2,910928	0,819457	0,975160	153830,526163	-0,202640	3,019855	-0,063451	0,000000	2,029980	-0,124494	-0,124483	14,039696	-0,017053	3,170947	1,798678
70,400000	7,461079	7,493181	0,112033	0,083819	1,871416	-1826,409445	-1575,811921	-1568,000683	-924,194380	-1529,700217	9,249721	954,608311	22,024123	23,025334	25,858409	23,013070	23,160129	-2,911112	0,823130	0,975001	153836,432428	-0,202048	3,019954	-0,063691	0,000000	2,028441	-0,124486	-0,124480	14,039642	-0,017274	3,173879	1,798643
70,600000	7,461356	7,493227	0,111921	0,083141	1,872806	-1839,488670	-1579,526812	-1575,554320	-932,295458	-1537,801295	9,252579	954,582497	22,023504	23,026378	25,857766	23,018036	23,160064	-2,910900	0,824444	0,974868	153841,912677	-0,201784	3,019829	-0,063458	0,000000	2,028251	-0,124480	-0,124487	14,039433	-0,017282	3,174065	1,798615
70,800000	7,461258	7,493255	0,112014	0,084387	1,873193	-1846,860941	-1574,983741	-1578,386654	-931,830670	-1537,336507	9,255174	955,460229	22,025235	23,028417	25,855820	23,024402	23,158717	-2,910610	0,823770	0,974737	153836,264916	-0,201350	3,019574	-0,063180	0,000000	2,029408	-0,124483	-0,124495	14,046784	-0,017267	3,173498	1,799560
71,000000	7,461096	7,493490	0,112666	0,085484	1,872499	-1843,346406	-1568,873597	-1576,650960	-927,133373	-1532,639210	9,257557	957,557933	22,024653	23,026816	25,857304	23,028932	23,156209	-2,910523	0,822478	0,974662	153825,345390	-0,200897	3,019422	-0,062944	0,000000	2,030420	-0,124495	-0,124499	14,064376	-0,017266	3,171600	1,801817
71,200000	7,461122	7,493642	0,112857	0,085174	1,872275	-1837,888566	-1568,032799	-1574,569699	-926,107159	-1531,612996	9,260032	959,053583	22,022128	23,023751	25,861231	23,025915	23,154832	-2,910519	0,821755	0,974839	153822,783569	-0,201145	3,019424	-0,062786	0,000000	2,030592	-0,124504	-0,124491	14,076854	-0,017211	3,171190	1,803424
71,400000	7,461205	7,493580	0,113160	0,084485	1,871835	-1836,591888	-1568,623911	-1575,468002	-929,771932	-1535,277769	9,262736	959,194902	22,023788	23,024517	25,861809	23,016991	23,155273	-2,910523	0,821734	0,975189	153816,469365	-0,202743	3,019410	-0,063087	0,000000	2,029723	-0,124502	-0,124483	14,078021	-0,017194	3,170287	1,803576
71,600000	7,461386	7,493289	0,114012	0,084250	1,871110	-1846,913236	-1573,688969	-1580,630507	-937,319387	-1542,825224	9,265451	958,940239	22,029646	23,027298	25,856744	23,013340	23,153905	-2,910696	0,822863	0,975478	153805,525750	-0,204164	3,019450	-0,063552	0,000000	2,028184	-0,124497	-0,124487	14,076008	-0,017314	3,167711	1,803302
71,800000	7,461720	7,492853	0,113715	0,084518	1,869246	-1868,202376	-1589,161892	-1589,049671	-946,745642	-1552,251479	9,268114	957,924882	22,031916	23,027295	25,850080	23,017444	23,151673	-2,911128	0,824049	0,975025	153801,265699	-0,203920	3,019576	-0,063639	0,000000	2,027748	-0,124494	-0,124494	14,067619	-0,017433	3,168452	1,802211
72,000000	7,461972	7,492666	0,112954	0,084639	1,868290	-1877,387500	-1600,449363	-1597,199898	-953,075102	-1558,580939	9,270795	955,825026	22,028014	23,026079	25,846907	23,022056	23,154348	-2,911198	0,823809	0,974415	153809,942137	-0,202747	3,019661	-0,063547	0,000000	2,029084	-0,124492	-0,124495	14,050078	-0,017501	3,170618	1,799952
72,200000	7,461987	7,492792	0,112551	0,084790	1,868950	-1870,589696	-1598,955742	-1602,678025	-954,682765	-1560,188602	9,273361	955,243114	22,022617	23,027154	25,850881	23,023484	23,159322	-2,910696	0,822659	0,974625	153822,651002	-0,202371	3,019656	-0,063350	0,000000	2,030883	-0,124492	-0,124492	14,045240	-0,017544	3,171841	1,799326
72,400000	7,461968	7,493141	0,111995	0,085301	1,871074	-1858,922380	-1592,089274	-1603,192722	-952,194816	-1557,700654	9,275942	957,219892	22,019133	23,027665	25,859787	23,022213	23,161973	-2,910439	0,821229	0,974664	153822,812397	-0,202907	3,019596	-0,062867	0,000000	2,031218	-0,124491	-0,124490	14,061721	-0,017445	3,173584	1,801453
72,600000	7,462013	7,493322	0,111528	0,085206	1,872842	-1848,375794	-1584,476873	-1599,170526	-948,104412	-1553,610249	9,278742	958,960927	22,018877	23,025173	25,863068	23,020474	23,161702	-2,910493	0,820242	0,974420	153818,365453	-0,202776	3,019631	-0,062507	0,000000	2,029999	-0,124489	-0,124488	14,076176	-0,017308	3,175086	1,803325
72,800000	7,461749	7,493047	0,111572	0,084257	1,873334	-1843,723322	-1576,977440	-1593,890405	-943,514250	-1549,020088	9,281417	959,236821	22,023465	23,024491	25,857761	23,019397	23,156255	-2,910447	0,819975	0,974623	153816,855728	-0,202118	3,019622	-0,062705	0,000000	2,028945	-0,124489	-0,124487	14,078290	-0,017112	3,174798	1,803621
73,000000	7,461225	7,492886	0,112375	0,083481	1,871894	-1844,260250	-1572,834115	-1589,021484	-938,163650	-1543,669487	9,283782	958,118007	22,032497	23,027291	25,851678	23,020023	23,149035	-2,910524	0,820910	0,974692	153823,864604	-0,201879	3,019506	-0,063025	0,000000	2,028732	-0,124493	-0,124489	14,068823	-0,017019	3,172229	1,802419
73,200000	7,461019	7,493141	0,112956	0,084035	1,870044	-1853,376883	-1571,798030	-1584,399348	-933,810188	-1539,316025	9,286195	955,863639	22,036985	23,028908	25,851236	23,020214	23,149796	-2,910758	0,822112	0,974492	153836,428642	-0,201886	3,019574	-0,063038	0,000000	2,029182	-0,124497	-0,124491	14,050077	-0,017175	3,170716	1,799994
73,400000	7,461280	7,493178	0,112672	0,085226	1,869707	-1855,065196	-1564,529844	-1578,893778	-929,296353	-1534,802190	9,288817	954,368380	22,030838	23,027742	25,854820	23,019067	23,159752	-2,910812	0,822391	0,974617	153833,779483	-0,201964	3,019900	-0,062959	0,000000	2,029902	-0,124495	-0,124487	14,037586	-0,017232	3,171932	1,798385
73,600000	7,461799	7,492908	0,112542	0,085055	1,872039	-1834,945820	-1553,782857	-1573,740645	-923,490840	-1528,996677	9,291392	954,270149	22,022106	23,025460	25,855506	23,020815	23,168911	-2,910638	0,821180	0,974624	153820,833143	-0,202106	3,020032	-0,063069	0,000000	2,030418	-0,124490	-0,124488	14,036641	-0,017112	3,172373	1,798279
73,800000	7,462148	7,492660	0,111892	0,084321	1,874190	-1818,193308	-1555,092790	-1571,123756	-920,714206	-1526,220044	9,293888	954,514758	22,020059	23,023813	25,855636	23,023992	23,169825	-2,910491	0,819556	0,973982	153818,227442	-0,202227	3,019863	-0,063183	0,000000	2,029987	-0,124487	-0,124492	14,038738	-0,017155	3,173976	1,798542
74,000000	7,461939	7,492391	0,110651	0,084682	1,874219	-1817,751310	-1562,729489	-1570,047761	-922,495593	-1528,001430	9,296393	954,610930	22,023738	23,024582	25,857014	23,026641	23,163602	-2,910477	0,819767	0,973645	153824,865918	-0,202344	3,019824	-0,063017	0,000000	2,028902	-0,124491	-0,124489	14,039698	-0,017308	3,177390	1,798646
74,200000	7,461424	7,492340	0,109870	0,085242	1,871981	-1823,699389	-1567,066203	-1570,828869	-925,709139	-1531,214976	9,298900	953,766549	22,027520	23,027806	25,855172	23,026689	23,155044	-2,910645	0,821261	0,974230	153825,981536	-0,202477	3,019784	-0,063027	0,000000	2,028654	-0,124499	-0,124485	14,032224	-0,016923	3,179509	1,797736
74,400000	7,461040	7,492616	0,110431	0,084532	1,870417	-1831,941838	-1566,053526	-1571,970488	-927,012485	-1532,518323	9,301480	952,600515	22,029084	23,029629	25,854403	23,021230	23,149868	-2,910937	0,823131	0,974786	153824,486138	-0,202098	3,019708	-0,063397	0,000000	2,029114	-0,124501	-0,124483	14,021858	-0,016350	3,177896	1,796480
74,600000	7,461047	7,492977	0,112177	0,083479	1,872282	-1839,549518	-1557,385189	-1569,937177	-924,421544	-1529,927382	9,304217	953,185681	22,028843	23,028041	25,856367	23,014787	23,152736	-2,911013	0,823532	0,974825	153825,961097	-0,201354	3,019801	-0,063557	0,000000	2,029352	-0,124498	-0,124484	14,026907	-0,016485	3,173176	1,797111
74,800000	7,461194	7,493086	0,112620	0,084083	1,874486	-1840,527724	-1553,333534	-1566,410490	-919,447284	-1524,953122	9,307109	954,487505	22,026920	23,025962	25,857159	23,016409	23,161404	-2,910811	0,821987	0,975181	153821,381471	-0,201145	3,019928	-0,063389	0,000000	2,028948	-0,124492	-0,124488	14,038221	-0,016867	3,172121	1,798513
75,000000	7,461205	7,492774	0,112766	0,084996	1,874713	-1833,501950	-1555,976805	-1563,612158	-914,720394	-1520,226231	9,309959	954,896379	22,024274	23,025415	25,854764	23,026899	23,166455	-2,910562	0,820216	0,975460	153821,526531	-0,200588	3,019993	-0,063127	0,000000	2,028733	-0,124484	-0,124493	14,041412	-0,016627	3,171637	1,798953
75,200000	7,461190	7,492544	0,113688	0,083993	1,872674	-1828,054481	-1555,178519	-1561,447901	-911,544389	-1517,050226	9,312625	954,843764	22,024188	23,025984	25,850983	23,034547	23,162935	-2,910411	0,819827	0,974824	153826,965455	-0,200313	3,019986	-0,063039	0,000000	2,029902	-0,124485	-0,124501	14,040377	-0,016032	3,168870	1,798896
75,400000	7,461046	7,492650	0,113323	0,083387	1,871089	-1821,878450	-1548,706631	-1559,158353	-908,412780	-1513,918617	9,315154	954,733768	22,025963	23,026298	25,852232	23,032534	23,156909	-2,910315	0,821968	0,974152	153818,407242	-0,202026	3,019986	-0,063100	0,000000	2,030920	-0,124496	-0,124503	14,039369	-0,015948	3,169956	1,798778
75,600000	7,460992	7,492851	0,112155	0,084596	1,869143	-1808,691283	-1541,120105	-1556,505651	-905,254555	-1510,760392	9,317686	954,672027	22,025091	23,025865	25,859175	23,024436	23,155010	-2,910345	0,824892	0,974191	153806,375004	-0,203222	3,020055	-0,062963	0,000000	2,030378	-0,124503	-0,124494	14,039199	-0,016297	3,173513	1,798711
75,800000	7,461128	7,492864	0,112207	0,084734	1,869405	-1802,200485	-1535,898597	-1553,163271	-902,082290	-1507,588127	9,320266	954,641192	22,023017	23,024573	25,862397	23,016063	23,155916	-2,910638	0,827203	0,974637	153805,496769	-0,202295	3,019975	-0,062659	0,000000	2,029357	-0,124499	-0,124489	14,039334	-0,016690	3,173335	1,798678
76,000000	7,461237	7,492624	0,113120	0,083293	1,870688	-1803,751097	-1529,379807	-1548,353290	-895,551960	-1501,057798	9,322864	954,603785	22,024698	23,023728	25,856602	23,013747	23,157652	-2,910903	0,827804	0,974919	153812,926329	-0,201402	3,019803	-0,062718	0,000000	2,028306	-0,124492	-0,124491	14,039417	-0,017087	3,170408	1,798638
76,200000	7,461098	7,492615	0,113205	0,082721	1,871572	-1801,528484	-1525,882056	-1542,779355	-887,952434	-1493,458271	9,325457	955,476663	22,028806	23,025657	25,849520	23,019125	23,159477	-2,911004	0,828299	0,974616	153819,781024	-0,201538	3,019866	-0,063309	0,000000	2,028169	-0,124486	-0,124491	14,046838	-0,017183	3,170131	1,799578
76,400000	7,460613	7,492925	0,112756	0,083579	1,872150	-1802,937221	-1530,464005	-1539,716047	-887,094847	-1492,600685	9,328008	956,701406	22,028539	23,027923	25,848023	23,026693	23,158047	-2,910961	0,829581	0,974121	153834,097205	-0,202592	3,019887	-0,063464	0,000000	2,029196	-0,124484	-0,124489	14,056982	-0,017053	3,171509	1,800895
76,600000	7,460432	7,493186	0,113401	0,084340	1,872733	-1811,572350	-1536,687203	-1542,573077	-894,815310	-1500,321148	9,330657	956,099684	22,021964	23,027395	25,852835	23,030110	23,156908	-2,910814	0,828834	0,974078	153852,123434	-0,203289	3,019665	-0,063027	0,000000	2,029986	-0,124488	-0,124495	14,051860	-0,016978	3,169593	1,800248
76,800000	7,460850	7,493264	0,114457	0,084263	1,874338	-1821,651803	-1544,753513	-1550,616585	-906,397833	-1511,903670	9,333535	954,767866	22,016854	23,025628	25,860589	23,027469	23,157788	-2,910697	0,826791	0,974243	153846,309598	-0,203142	3,019565	-0,062836	0,000000	2,030953	-0,124496	-0,124501	14,040563	-0,016856	3,166615	1,798815
77,000000	7,461163	7,493143	0,114657	0,084004	1,874995	-1831,382082	-1554,758108	-1559,529690	-916,753623	-1522,259460	9,336355	954,429138	22,018719	23,024994	25,862574	23,022668	23,155964	-2,910494	0,825006	0,974401	153832,981655	-0,203499	3,019530	-0,062780	0,000000	2,031329	-0,124500	-0,124497	14,037392	-0,016528	3,165993	1,798450
77,200000	7,461072	7,493031	0,114241	0,084167	1,875172	-1834,547071	-1561,750775	-1566,313224	-923,108571	-1528,614408	9,338976	954,584792	22,024987	23,024616	25,856992	23,020166	23,153474	-2,910438	0,822769	0,975026	153832,915498	-0,203851	3,019421	-0,062724	0,000000	2,029805	-0,124497	-0,124493	14,038432	-0,016262	3,166962	1,798618
77,400000	7,460758	7,492902	0,113411	0,084564	1,874520	-1829,052806	-1566,543479	-1570,918151	-925,211391	-1530,717229	9,341145	955,590326	22,029979	23,025217	25,850577	23,020963	23,152653	-2,910645	0,821397	0,975717	153836,560476	-0,203364	3,019412	-0,062915	0,000000	2,028063	-0,124491	-0,124492	14,046855	-0,016246	3,169193	1,799700
77,600000	7,460370	7,492854	0,113566	0,085019	1,873892	-1828,582274	-1566,726430	-1573,129501	-924,286564	-1529,792401	9,341429	956,828354	22,030915	23,028848	25,847624	23,023681	23,153101	-2,910817	0,822817	0,975429	153838,291024	-0,202383	3,019399	-0,063135	0,000000	2,028316	-0,124489	-0,124493	14,057181	-0,016188	3,168649	1,801032
77,800000	7,460345	7,493193	0,113872	0,085212	1,871213	-1838,886075	-1565,972186	-1573,438241	-923,516028	-1529,021865	9,338880	956,210053	22,028321	23,031147	25,851371	23,026074	23,156734	-2,910832	0,823703	0,974324	153830,685837	-0,201798	3,019302	-0,063067	0,000000	2,030018	-0,124484	-0,124495	14,051930	-0,016122	3,167819	1,800367
78,000000	7,460725	7,493394	0,112910	0,084745	1,868738	-1837,414038	-1567,901751	-1573,701801	-924,972236	-1530,478074	9,334705	955,715089	22,021524	23,028038	25,859682	23,024822	23,162487	-2,910611	0,823132	0,973634	153816,463677	-0,201647	3,019236	-0,062958	0,000000	2,030800	-0,124480	-0,124492	14,047968	-0,016312	3,170684	1,799834
78,200000	7,461164	7,493191	0,112751	0,084247	1,868830	-1828,883982	-1569,839277	-1575,911812	-929,022365	-1534,528202	9,330497	956,524075	22,015563	23,023188	25,861995	23,022662	23,164446	-2,910331	0,824151	0,973961	153808,454296	-0,201610	3,019336	-0,063031	0,000000	2,030108	-0,124484	-0,124487	14,054949	-0,016507	3,171246	1,800705
78,400000	7,461358	7,492831	0,113315	0,083909	1,869799	-1836,360589	-1574,282047	-1579,960369	-934,079818	-1539,585656	9,326691	956,066836	22,019881	23,022441	25,855615	23,024325	23,159105	-2,910317	0,824955	0,974374	153814,439423	-0,202157	3,019564	-0,063049	0,000000	2,029294	-0,124494	-0,124484	14,050887	-0,016281	3,169682	1,800213
78,600000	7,461036	7,492635	0,113010	0,083798	1,870437	-1844,198647	-1576,039664	-1582,789468	-935,559648	-1541,065485	9,323274	954,880961	22,030759	23,039341	25,848472	23,024145	23,149847	-2,910474	0,824436	0,974521	153824,274038	-0,203287	3,019751	-0,062969	0,000000	2,029116	-0,124500	-0,124485	14,040602	-0,015946	3,170414	1,798936
78,800000	7,460533	7,492863	0,112120	0,084382	1,872035	-1841,084531	-1569,982052	-1582,154220	-932,099357	-1537,605194	9,320046	954,509740	22,034124	23,079031	25,845377	23,020202	23,145367	-2,910645	0,823343	0,974948	153818,227013	-0,204077	3,019945	-0,062922	0,000000	2,029285	-0,124500	-0,124492	14,037597	-0,016056	3,172774	1,798537
79,000000	7,460392	7,493108	0,111881	0,084185	1,873767	-1831,917317	-1561,478664	-1578,536270	-926,246942	-1531,752779	9,316625	954,567161	22,028474	23,113307	25,847263	23,018887	23,149384	-2,910811	0,822254	0,975037	153809,122645	-0,203348	3,020094	-0,062901	0,000000	2,029670	-0,124492	-0,124498	14,038500	-0,016478	3,173348	1,798599
79,200000	7,460594	7,493105	0,112474	0,083059	1,873098	-1821,959037	-1559,341345	-1574,896027	-921,731713	-1527,237550	9,313173	955,530522	22,022953	23,122237	25,855334	23,022309	23,158038	-2,910826	0,822989	0,974309	153812,397458	-0,202061	3,020142	-0,062763	0,000000	2,029748	-0,124480	-0,124496	14,046840	-0,016733	3,171693	1,799636
79,400000	7,460842	7,493097	0,112205	0,083032	1,871386	-1823,634345	-1564,672493	-1572,173111	-920,223791	-1525,729628	9,310106	957,662795	22,021238	23,117068	25,862525	23,027910	23,165165	-2,910654	0,824975	0,973662	153813,380634	-0,202315	3,020294	-0,062592	0,000000	2,029210	-0,124477	-0,124491	14,064579	-0,016590	3,172752	1,801929
79,600000	7,460929	7,493186	0,111324	0,083986	1,871337	-1830,550830	-1565,506631	-1568,878774	-918,702520	-1524,208357	9,307177	959,173607	22,022440	23,111164	25,861000	23,032453	23,164432	-2,910548	0,826640	0,973702	153808,433598	-0,203113	3,020604	-0,062639	0,000000	2,029418	-0,124479	-0,124487	14,076919	-0,016270	3,175676	1,803553
79,800000	7,460901	7,493271	0,111588	0,084484	1,872471	-1828,029262	-1558,571939	-1565,554627	-915,011415	-1520,517252	9,304058	959,328116	22,025289	23,110012	25,857647	23,032911	23,156654	-2,910731	0,827038	0,974169	153810,487489	-0,203342	3,020766	-0,062762	0,000000	2,030050	-0,124485	-0,124489	14,078005	-0,016062	3,175099	1,803719
80,000000	7,460951	7,493289	0,112814	0,084596	1,872538	-1821,068889	-1549,406623	-1561,393847	-909,171372	-1514,677209	9,300925	959,979915	22,026682	23,112798	25,856285	23,027235	23,150469	-2,910943	0,826876	0,974386	153816,969251	-0,203690	3,020597	-0,062842	0,000000	2,030250	-0,124493	-0,124491	14,083407	-0,016005	3,171386	1,804419
80,200000	7,461196	7,493155	0,113345	0,084987	1,871835	-1814,621765	-1537,730029	-1553,477051	-901,057857	-1506,563694	9,297800	961,076518	22,025311	23,114601	25,851746	23,019270	23,151603	-2,910861	0,827168	0,974116	153821,821801	-0,203459	3,020526	-0,062870	0,000000	2,030306	-0,124494	-0,124488	14,092608	-0,016026	3,169679	1,805597
80,400000	7,461338	7,492895	0,112156	0,084722	1,869195	-1804,017982	-1526,127996	-1542,528743	-892,311531	-1497,817369	9,294653	960,456700	22,023280	23,113882	25,847901	23,016841	23,156835	-2,910630	0,827722	0,974147	153823,493166	-0,202692	3,020617	-0,062892	0,000000	2,029060	-0,124489	-0,124487	14,087533	-0,016139	3,173035	1,804931
80,600000	7,461312	7,492641	0,110697	0,083778	1,866272	-1788,499139	-1519,795207	-1533,798211	-885,801579	-1491,307416	9,291696	959,126730	22,022624	23,113900	25,851525	23,020468	23,160474	-2,910605	0,827795	0,974285	153821,090738	-0,202485	3,020458	-0,062999	0,000000	2,027857	-0,124482	-0,124491	14,076438	-0,016182	3,176980	1,803503
80,800000	7,461481	7,492476	0,110388	0,083824	1,865557	-1780,520493	-1521,733123	-1532,765168	-885,412498	-1490,918335	9,288860	957,896104	22,023610	23,116517	25,858078	23,026589	23,162047	-2,910720	0,826712	0,973831	153820,043890	-0,202655	3,020343	-0,063015	0,000000	2,028989	-0,124482	-0,124495	14,065915	-0,015971	3,177721	1,802180
81,000000	7,461169	7,492507	0,110424	0,085011	1,869079	-1791,082378	-1533,332339	-1539,079696	-892,912856	-1498,418693	9,286077	955,942905	22,023319	23,118119	25,861065	23,032376	23,160929	-2,910664	0,824553	0,973560	153824,142032	-0,202214	3,020585	-0,062976	0,000000	2,031095	-0,124484	-0,124496	14,049365	-0,015798	3,177898	1,800079
81,200000	7,460491	7,492564	0,110568	0,085561	1,872502	-1807,548001	-1546,106751	-1547,027520	-903,043447	-1508,549284	9,283535	954,564765	22,020599	23,114916	25,861101	23,032393	23,156231	-2,910412	0,821135	0,973855	153827,408130	-0,201626	3,020806	-0,063017	0,000000	2,031319	-0,124485	-0,124494	14,037892	-0,015890	3,177776	1,798596
81,400000	7,460662	7,492522	0,111739	0,084638	1,873891	-1818,824534	-1549,637101	-1552,440668	-909,553818	-1515,059655	9,280989	954,409250	22,020019	23,111520	25,856077	23,024933	23,153264	-2,910207	0,818862	0,974111	153830,111158	-0,201569	3,020623	-0,062985	0,000000	2,029919	-0,124487	-0,124491	14,036894	-0,016197	3,174203	1,798429
81,600000	7,461185	7,492661	0,112487	0,083299	1,873423	-1827,028215	-1548,088002	-1555,210034	-911,241410	-1516,747247	9,278097	954,605278	22,024926	23,111626	25,849360	23,017819	23,153782	-2,910303	0,819393	0,974174	153833,940312	-0,201999	3,020412	-0,062863	0,000000	2,028850	-0,124491	-0,124485	14,038771	-0,016429	3,171828	1,798640
81,800000	7,461233	7,492941	0,111666	0,082836	1,872263	-1826,414487	-1547,397720	-1556,389506	-910,645150	-1516,150987	9,275120	955,605136	22,030735	23,113178	25,848714	23,019097	23,154011	-2,910657	0,821311	0,974330	153823,402957	-0,203025	3,020685	-0,062950	0,000000	2,027778	-0,124491	-0,124478	14,047078	-0,016345	3,174538	1,799716
82,000000	7,461054	7,492945	0,111543	0,083308	1,872623	-1819,228180	-1546,194588	-1556,466555	-909,185245	-1514,691082	9,272294	956,831675	22,029635	23,114896	25,848714	23,026430	23,154983	-2,911069	0,822017	0,974304	153817,430580	-0,202818	3,020902	-0,063153	0,000000	2,027716	-0,124487	-0,124482	14,057197	-0,016176	3,175100	1,801035
82,200000	7,460753	7,492929	0,112150	0,083977	1,873191	-1817,149502	-1544,672160	-1555,657848	-905,966252	-1511,472089	9,269482	956,197312	22,024050	23,116641	25,847814	23,031883	23,157939	-2,911109	0,821502	0,973798	153827,799289	-0,201622	3,020723	-0,063084	0,000000	2,029675	-0,124484	-0,124494	14,051892	-0,016191	3,173144	1,800353
82,400000	7,460614	7,493081	0,111575	0,084473	1,873322	-1813,523280	-1545,089777	-1555,189713	-904,581258	-1510,087096	9,266688	954,817495	22,021122	23,117406	25,854755	23,031913	23,161352	-2,910779	0,821927	0,973550	153830,409762	-0,202091	3,020605	-0,063066	0,000000	2,031596	-0,124486	-0,124499	14,040533	-0,016410	3,174784	1,798868
82,600000	7,460801	7,493075	0,110349	0,084299	1,871843	-1804,684579	-1550,293735	-1557,543672	-909,291346	-1514,797184	9,263894	954,430643	22,019497	23,114087	25,864125	23,029367	23,162932	-2,910526	0,822369	0,974035	153827,885563	-0,203489	3,020620	-0,063173	0,000000	2,031209	-0,124490	-0,124498	14,037375	-0,016498	3,178441	1,798452
82,800000	7,460939	7,492674	0,110384	0,083569	1,871226	-1804,702212	-1554,120482	-1561,111995	-915,363452	-1520,869290	9,261223	954,587705	22,018454	23,110057	25,860244	23,027759	23,160041	-2,910399	0,822066	0,975080	153822,805487	-0,203819	3,020772	-0,063134	0,000000	2,029297	-0,124487	-0,124498	14,038432	-0,016237	3,178354	1,798621
83,000000	7,460903	7,492227	0,111721	0,083078	1,869984	-1815,976441	-1548,952394	-1561,694742	-915,042959	-1520,548796	9,258774	955,594136	22,022281	23,111436	25,847264	23,026837	23,154906	-2,910583	0,820536	0,975652	153814,041895	-0,203654	3,020873	-0,063051	0,000000	2,028446	-0,124486	-0,124496	14,046858	-0,016217	3,174315	1,799704
83,200000	7,460846	7,492421	0,112050	0,083477	1,869632	-1823,778886	-1544,665951	-1560,179549	-909,543854	-1515,049691	9,256226	957,646406	22,030041	23,114347	25,841862	23,025432	23,151828	-2,910966	0,818626	0,974973	153809,433927	-0,204010	3,020704	-0,063033	0,000000	2,029018	-0,124487	-0,124490	14,064599	-0,016748	3,173181	1,801912
83,400000	7,460926	7,492759	0,111727	0,084742	1,870599	-1822,065718	-1547,909259	-1560,039653	-907,531520	-1513,037358	9,253485	958,156399	22,031346	23,114218	25,845681	23,025119	23,155150	-2,910867	0,818705	0,974489	153811,699859	-0,203489	3,020571	-0,062993	0,000000	2,029738	-0,124488	-0,124489	14,069505	-0,017379	3,174132	1,802460
83,600000	7,460850	7,492601	0,111730	0,084952	1,871871	-1822,807778	-1553,259668	-1562,252404	-912,596343	-1518,102181	9,250570	956,125282	22,023105	23,112706	25,850853	23,027192	23,164129	-2,910498	0,821451	0,974855	153817,644733	-0,201982	3,020514	-0,062866	0,000000	2,029971	-0,124493	-0,124485	14,053010	-0,017913	3,174078	1,800276
83,800000	7,460691	7,492328	0,110950	0,083274	1,872433	-1826,886619	-1556,924798	-1566,495266	-919,941329	-1525,447166	9,247738	954,397256	22,016866	23,112032	25,854584	23,029846	23,169151	-2,910464	0,823925	0,975149	153822,045866	-0,201849	3,020628	-0,062914	0,000000	2,029762	-0,124497	-0,124476	14,038536	-0,017940	3,176371	1,798416
84,000000	7,460815	7,492262	0,110431	0,082155	1,872441	-1825,773489	-1556,344546	-1571,225913	-923,386091	-1528,891928	9,245457	954,234470	22,018729	23,112498	25,855713	23,031699	23,164642	-2,910605	0,823276	0,975190	153833,941547	-0,202775	3,020880	-0,062951	0,000000	2,029582	-0,124496	-0,124478	14,036418	-0,017188	3,178102	1,798240
84,200000	7,460786	7,492290	0,110895	0,082872	1,872934	-1826,985167	-1555,864800	-1574,210457	-923,077726	-1528,583563	9,243367	955,457530	22,024327	23,112810	25,853670	23,032091	23,154646	-2,910710	0,822137	0,975196	153847,260044	-0,203171	3,020865	-0,062679	0,000000	2,029915	-0,124496	-0,124490	14,045886	-0,016392	3,176744	1,799557
84,400000	7,460399	7,492450	0,111134	0,083643	1,871987	-1833,204074	-1560,105957	-1575,240300	-923,436998	-1528,942836	9,240795	957,720256	22,029294	23,112724	25,851517	23,028816	23,146990	-2,910739	0,822950	0,975018	153847,177073	-0,202988	3,020658	-0,062551	0,000000	2,030259	-0,124497	-0,124499	14,064635	-0,016164	3,175880	1,801991
84,600000	7,460189	7,492743	0,111020	0,083171	1,871280	-1837,170220	-1565,579243	-1576,057921	-926,868906	-1532,374744	9,237983	958,289081	22,030522	23,112768	25,851399	23,023250	23,147869	-2,910675	0,825656	0,974546	153842,189778	-0,202174	3,020396	-0,062821	0,000000	2,029345	-0,124498	-0,124497	14,069709	-0,016471	3,176040	1,802603
84,800000	7,460243	7,492949	0,110469	0,082725	1,871419	-1842,572840	-1572,064642	-1579,862061	-934,453313	-1539,959151	9,235350	956,255602	22,027318	23,113120	25,852966	23,020991	23,156719	-2,910701	0,828365	0,974423	153828,740818	-0,201520	3,020282	-0,063194	0,000000	2,028505	-0,124494	-0,124488	14,053078	-0,016888	3,177586	1,800416
85,000000	7,460426	7,492998	0,110481	0,082918	1,872367	-1848,478785	-1579,141997	-1586,666558	-942,863553	-1548,369390	9,232790	955,409528	22,022925	23,112787	25,854696	23,026146	23,164420	-2,910763	0,829280	0,974757	153824,266892	-0,201770	3,020402	-0,063350	0,000000	2,028892	-0,124487	-0,124480	14,045939	-0,016847	3,177719	1,799505
85,200000	7,460675	7,492670	0,111957	0,082845	1,872326	-1852,317389	-1582,011585	-1591,877367	-945,182516	-1550,688353	9,230215	957,295852	22,020494	23,112239	25,856871	23,035357	23,164709	-2,910800	0,828611	0,974850	153833,878180	-0,202601	3,020440	-0,063208	0,000000	2,029207	-0,124485	-0,124480	14,061392	-0,016479	3,173445	1,801535
85,400000	7,460712	7,492294	0,112359	0,082829	1,870333	-1857,160588	-1578,152055	-1591,736930	-939,815424	-1545,321261	9,227736	959,052174	22,020256	23,114001	25,860366	23,039408	23,159962	-2,910855	0,827088	0,974404	153823,305133	-0,202933	3,020344	-0,063052	0,000000	2,030435	-0,124492	-0,124485	14,075917	-0,016286	3,172074	1,803423
85,600000	7,460721	7,492324	0,111669	0,083537	1,867034	-1851,037394	-1566,539534	-1586,280397	-932,009070	-1537,514907	9,225617	958,453723	22,021657	23,115993	25,862065	23,035950	23,155295	-2,910691	0,827437	0,974094	153804,923702	-0,201850	3,020432	-0,063041	0,000000	2,031661	-0,124504	-0,124488	14,070842	-0,016224	3,174145	1,802780
85,800000	7,460829	7,492307	0,111764	0,084044	1,865188	-1834,267350	-1556,280459	-1579,135275	-926,180775	-1531,686613	9,223579	956,105980	22,023384	23,114037	25,860537	23,028252	23,155126	-2,910468	0,827773	0,974296	153801,731039	-0,201498	3,020742	-0,063100	0,000000	2,030612	-0,124507	-0,124486	14,051287	-0,016352	3,174196	1,800255
86,000000	7,460985	7,492077	0,112314	0,083533	1,866192	-1826,160362	-1555,436761	-1572,512107	-921,655669	-1527,161506	9,221204	954,448368	22,024140	23,110814	25,854135	23,020427	23,158341	-2,910484	0,825416	0,974295	153819,893672	-0,202765	3,020816	-0,063241	0,000000	2,028677	-0,124494	-0,124488	14,037638	-0,016613	3,172585	1,798471
86,200000	7,461239	7,491960	0,111956	0,082957	1,869945	-1826,756645	-1554,159173	-1566,153477	-917,563199	-1523,069036	9,218870	954,305985	22,026098	23,111927	25,844443	23,019977	23,161863	-2,910551	0,822459	0,974028	153844,111103	-0,204029	3,020775	-0,063467	0,000000	2,028118	-0,124482	-0,124489	14,036423	-0,016593	3,173405	1,798317
86,400000	7,461221	7,492209	0,110784	0,083121	1,872657	-1821,828323	-1541,267348	-1559,126904	-911,395438	-1516,901275	9,216657	955,469412	22,028438	23,115150	25,844018	23,028597	23,162864	-2,910520	0,820771	0,973932	153850,158270	-0,204403	3,020791	-0,063637	0,000000	2,028833	-0,124485	-0,124487	14,046064	-0,016470	3,176823	1,799570
86,600000	7,460769	7,492691	0,111165	0,083654	1,872592	-1807,802568	-1525,556949	-1552,734274	-902,619931	-1508,125768	9,214171	957,692193	22,026650	23,116005	25,853990	23,036038	23,160577	-2,910507	0,820872	0,974288	153846,913045	-0,203047	3,020730	-0,063357	0,000000	2,029652	-0,124493	-0,124487	14,064699	-0,016464	3,175949	1,801961
86,800000	7,460612	7,492879	0,111873	0,083612	1,871087	-1799,694669	-1527,777450	-1550,522863	-899,216684	-1504,722522	9,211355	958,291212	22,021652	23,114873	25,861846	23,034441	23,160846	-2,910619	0,821664	0,974564	153837,973444	-0,201216	3,020693	-0,062890	0,000000	2,030797	-0,124498	-0,124490	14,069698	-0,016442	3,174053	1,802605
87,000000	7,461135	7,492671	0,111172	0,083271	1,869897	-1808,945140	-1544,961214	-1554,481122	-906,645508	-1512,151345	9,208568	956,331009	22,019172	23,113201	25,861993	23,028788	23,162677	-2,910735	0,824165	0,974476	153825,972316	-0,200806	3,020731	-0,062669	0,000000	2,031682	-0,124500	-0,124487	14,053061	-0,016239	3,176039	1,800497
87,200000	7,461500	7,492543	0,110652	0,083419	1,869950	-1827,912352	-1561,941308	-1565,075969	-923,169306	-1528,675143	9,206246	954,637530	22,022271	23,110938	25,858594	23,025823	23,160188	-2,910794	0,826516	0,974894	153820,716310	-0,201671	3,020833	-0,062468	0,000000	2,030749	-0,124500	-0,124483	14,038517	-0,015904	3,177573	1,798674
87,400000	7,461325	7,492601	0,111769	0,083453	1,869602	-1849,408238	-1571,916507	-1577,239203	-938,721259	-1544,227096	9,204255	953,507640	22,027600	23,109651	25,854216	23,026526	23,156292	-2,910811	0,825779	0,975284	153820,079844	-0,202888	3,020857	-0,062572	0,000000	2,028649	-0,124494	-0,124483	14,028984	-0,015857	3,174395	1,797458
87,600000	7,461055	7,492559	0,112976	0,083374	1,869826	-1872,295779	-1575,561100	-1584,044047	-943,651677	-1549,157514	9,202074	952,503019	22,030756	23,112864	25,848165	23,029691	23,154889	-2,910751	0,824247	0,974958	153819,596606	-0,203442	3,020741	-0,063022	0,000000	2,027870	-0,124490	-0,124488	14,020891	-0,016203	3,170712	1,796375
87,800000	7,460750	7,492475	0,112729	0,083515	1,869948	-1876,535695	-1578,573754	-1585,702772	-941,216669	-1546,722507	9,199665	953,216537	22,029839	23,117384	25,849799	23,033622	23,157580	-2,910695	0,825220	0,974528	153818,884809	-0,202640	3,020470	-0,063185	0,000000	2,028432	-0,124490	-0,124494	14,027185	-0,016503	3,171070	1,797144
88,000000	7,460243	7,492620	0,112688	0,083648	1,870171	-1858,770322	-1582,738642	-1587,518882	-939,752830	-1545,258667	9,197315	954,543718	22,023429	23,117223	25,858132	23,034714	23,162471	-2,910695	0,827037	0,974016	153817,147256	-0,201261	3,020250	-0,062887	0,000000	2,029177	-0,124486	-0,124493	14,038512	-0,016687	3,171100	1,798573
88,200000	7,460132	7,492808	0,112926	0,084017	1,869853	-1852,825717	-1588,444100	-1591,678722	-943,256486	-1548,762324	9,195190	954,861760	22,015861	23,113968	25,860879	23,032328	23,165445	-2,910738	0,826250	0,973777	153813,250314	-0,200535	3,020400	-0,062709	0,000000	2,029950	-0,124484	-0,124485	14,041466	-0,016971	3,170716	1,798916
88,400000	7,460877	7,492530	0,112787	0,083839	1,871682	-1860,041813	-1590,039127	-1594,974640	-947,495469	-1553,001306	9,193219	954,730008	22,015902	23,111811	25,857611	23,032188	23,163582	-2,910766	0,825642	0,974175	153818,559590	-0,200826	3,020640	-0,062973	0,000000	2,030216	-0,124487	-0,124480	14,040339	-0,016950	3,171247	1,798774
88,600000	7,461308	7,492068	0,112923	0,082887	1,873776	-1860,570679	-1586,661589	-1596,109917	-948,256325	-1553,762162	9,191088	954,655210	22,023617	23,112610	25,854243	23,033859	23,154902	-2,910731	0,826917	0,974399	153828,725589	-0,202006	3,020563	-0,063181	0,000000	2,029775	-0,124489	-0,124487	14,039344	-0,016583	3,170561	1,798693
88,800000	7,460892	7,491969	0,113958	0,083043	1,873302	-1856,730939	-1580,073164	-1594,284125	-944,406837	-1549,912674	9,188601	954,640289	22,029920	23,115133	25,854235	23,030886	23,147500	-2,910697	0,828435	0,974292	153822,426438	-0,202682	3,020364	-0,063128	0,000000	2,029153	-0,124489	-0,124498	14,039198	-0,016561	3,167342	1,798677
89,000000	7,460528	7,492142	0,115311	0,084036	1,870971	-1853,433715	-1569,313508	-1588,088701	-936,259001	-1541,764838	9,185907	954,618647	22,028530	23,116149	25,855439	23,025641	23,148944	-2,910719	0,828053	0,974099	153812,043002	-0,202554	3,020569	-0,063034	0,000000	2,029257	-0,124490	-0,124500	14,039338	-0,016883	3,163779	1,798654
89,200000	7,460624	7,492385	0,115211	0,083709	1,870197	-1848,233631	-1562,147311	-1580,806379	-929,235512	-1534,741350	9,183457	954,595164	22,021470	23,114814	25,856950	23,024455	23,155804	-2,910720	0,825878	0,974046	153812,135438	-0,202394	3,020900	-0,063098	0,000000	2,029579	-0,124494	-0,124492	14,039419	-0,017161	3,164530	1,798629
89,400000	7,461066	7,492573	0,114576	0,082841	1,871574	-1840,533976	-1560,066840	-1575,540678	-925,336107	-1530,841944	9,181363	954,566034	22,016524	23,113072	25,859021	23,028080	23,163551	-2,910626	0,825167	0,974342	153816,370665	-0,202143	3,020745	-0,063248	0,000000	2,029306	-0,124493	-0,124486	14,039421	-0,017408	3,166282	1,798597
89,600000	7,461286	7,492565	0,114921	0,083415	1,871358	-1833,943964	-1560,801993	-1573,885201	-923,141113	-1528,646950	9,179375	953,705735	22,018194	23,112681	25,860016	23,033938	23,167695	-2,910495	0,825288	0,974848	153820,591696	-0,201983	3,020549	-0,063259	0,000000	2,029391	-0,124489	-0,124485	14,031989	-0,017199	3,165111	1,797671
89,800000	7,460954	7,492325	0,114405	0,084409	1,871359	-1831,050405	-1569,076632	-1576,557101	-924,842859	-1530,348696	9,177254	951,721214	22,023269	23,112415	25,857860	23,038486	23,164696	-2,910496	0,823398	0,975337	153819,965405	-0,202013	3,020603	-0,063180	0,000000	2,029731	-0,124488	-0,124491	14,014407	-0,016289	3,166523	1,795532
90,000000	7,460740	7,492259	0,113104	0,084403	1,871417	-1833,022840	-1580,541972	-1580,969713	-931,215023	-1536,720860	9,174956	950,325203	22,026162	23,111801	25,853451	23,037469	23,157084	-2,910667	0,820755	0,974626	153812,590583	-0,201858	3,020441	-0,063196	0,000000	2,030290	-0,124492	-0,124495	14,001949	-0,015567	3,169989	1,794027
90,200000	7,460875	7,492500	0,113658	0,084126	1,871552	-1844,742305	-1586,634634	-1585,719202	-940,234157	-1545,739995	9,172637	951,055099	22,025231	23,112603	25,853894	23,030111	23,151610	-2,910646	0,820765	0,973262	153807,409040	-0,201762	3,020276	-0,063197	0,000000	2,030822	-0,124497	-0,124490	14,008205	-0,015686	3,168324	1,794814
90,400000	7,460827	7,492575	0,114852	0,084105	1,870621	-1862,001756	-1590,014148	-1590,473280	-948,840008	-1554,345845	9,170532	952,438236	22,023402	23,113814	25,858321	23,024595	23,152627	-2,910550	0,820994	0,973389	153823,788554	-0,202673	3,020558	-0,063030	0,000000	2,029880	-0,124500	-0,124480	14,020374	-0,016230	3,165289	1,796305
90,600000	7,460627	7,492560	0,114384	0,083838	1,871054	-1870,970636	-1596,235561	-1595,683338	-955,543135	-1561,048972	9,168536	951,914246	22,023310	23,113946	25,856120	23,025640	23,158582	-2,910751	0,818920	0,974510	153845,400128	-0,203734	3,020943	-0,062953	0,000000	2,028669	-0,124494	-0,124479	14,016228	-0,016487	3,166992	1,795740
90,800000	7,460345	7,492642	0,113863	0,083490	1,872685	-1876,575293	-1607,704966	-1604,335952	-963,075274	-1568,581111	9,166214	951,472256	22,024756	23,115037	25,849701	23,029541	23,163240	-2,910851	0,818625	0,974808	153841,194352	-0,203655	3,020773	-0,062974	0,000000	2,028948	-0,124482	-0,124488	14,012313	-0,016287	3,168245	1,795264
91,000000	7,460213	7,492620	0,113948	0,083702	1,873303	-1887,896459	-1621,048092	-1615,370672	-970,745529	-1576,251366	9,163929	953,187953	22,024902	23,116733	25,850700	23,036408	23,162294	-2,910718	0,821376	0,973988	153826,733649	-0,203248	3,020077	-0,063078	0,000000	2,030329	-0,124478	-0,124494	14,026513	-0,016071	3,167257	1,797113
91,200000	7,460571	7,492676	0,113238	0,084407	1,873497	-1894,789661	-1626,339292	-1622,882983	-974,259844	-1579,765682	9,161902	954,754442	22,021774	23,115022	25,858878	23,041553	23,157746	-2,910602	0,824603	0,973442	153818,969569	-0,203240	3,019816	-0,063255	0,000000	2,031330	-0,124484	-0,124497	14,039944	-0,016349	3,169131	1,798800
91,400000	7,460956	7,492887	0,113553	0,084582	1,874350	-1888,392310	-1621,646916	-1625,507624	-974,480635	-1579,986472	9,159664	954,972276	22,019267	23,111900	25,865004	23,035214	23,155031	-2,910514	0,825942	0,973808	153810,027929	-0,203482	3,020217	-0,063098	0,000000	2,031202	-0,124494	-0,124495	14,042126	-0,016704	3,168831	1,799035
91,600000	7,461324	7,492925	0,114754	0,083970	1,874201	-1881,343793	-1614,376873	-1624,561195	-974,481863	-1579,987700	9,157439	953,887472	22,022015	23,111970	25,864597	23,024368	23,157214	-2,910490	0,824980	0,974332	153801,651681	-0,203570	3,020673	-0,062870	0,000000	2,030075	-0,124499	-0,124489	14,032886	-0,016569	3,165904	1,797867
91,800000	7,461628	7,492758	0,114294	0,083433	1,871794	-1881,055477	-1602,574464	-1617,410049	-970,311445	-1575,817282	9,155473	951,693999	22,027500	23,113673	25,855441	23,023513	23,159457	-2,910500	0,822989	0,974579	153802,478131	-0,202895	3,020851	-0,063110	0,000000	2,028438	-0,124493	-0,124489	14,014209	-0,016319	3,167220	1,795503
92,000000	7,461327	7,492703	0,113566	0,083482	1,870454	-1872,479779	-1586,352915	-1606,536343	-957,674703	-1563,180541	9,153367	951,091263	22,030161	23,113972	25,842480	23,030509	23,157773	-2,910583	0,820620	0,974432	153814,992798	-0,202705	3,020612	-0,063623	0,000000	2,027465	-0,124484	-0,124494	14,009117	-0,016294	3,168878	1,794853
92,200000	7,460807	7,492848	0,113651	0,084039	1,871680	-1856,256555	-1575,878056	-1596,710358	-942,155339	-1547,661176	9,151090	953,076167	22,027410	23,113485	25,843191	23,035804	23,159090	-2,910714	0,819312	0,974544	153827,460852	-0,203463	3,020293	-0,063750	0,000000	2,028206	-0,124482	-0,124496	14,025727	-0,016224	3,168371	1,796993
92,400000	7,460698	7,492913	0,114012	0,084533	1,874565	-1843,559148	-1567,646749	-1586,782812	-929,613810	-1535,119647	9,148833	954,833995	22,022745	23,114454	25,857612	23,037039	23,164359	-2,910732	0,819055	0,974996	153819,300187	-0,203349	3,020208	-0,063381	0,000000	2,030392	-0,124487	-0,124493	14,040279	-0,016017	3,167421	1,798886
92,600000	7,460977	7,493008	0,113654	0,084560	1,876171	-1831,031563	-1561,446287	-1578,409925	-922,389342	-1527,895179	9,146608	955,085967	22,019625	23,115720	25,867160	23,035321	23,165477	-2,910601	0,819129	0,974830	153802,794514	-0,202564	3,020054	-0,063113	0,000000	2,031565	-0,124496	-0,124493	14,042404	-0,016028	3,168401	1,799157
92,800000	7,461273	7,493164	0,112417	0,084075	1,875132	-1822,458933	-1563,935814	-1573,984245	-920,848742	-1526,354579	9,144567	953,959339	22,018175	23,113927	25,864357	23,032456	23,161768	-2,910425	0,819834	0,974411	153800,520436	-0,202838	3,019831	-0,063115	0,000000	2,030307	-0,124499	-0,124493	14,032923	-0,016003	3,171740	1,797944
93,000000	7,461226	7,492894	0,112885	0,083718	1,872001	-1828,619004	-1563,725951	-1570,282720	-920,003255	-1525,509092	9,142610	951,764336	22,020541	23,111450	25,855940	23,030695	23,155190	-2,910405	0,822298	0,974292	153816,270292	-0,203342	3,019845	-0,063122	0,000000	2,028571	-0,124495	-0,124489	14,014168	-0,015688	3,170256	1,795579
93,200000	7,460887	7,492494	0,113988	0,083706	1,868925	-1836,538784	-1555,679547	-1563,733525	-914,411973	-1519,917810	9,140491	950,282546	22,027289	23,112610	25,849378	23,031320	23,148455	-2,910673	0,823933	0,974270	153835,423987	-0,202328	3,020066	-0,063125	0,000000	2,028363	-0,124490	-0,124491	14,001678	-0,015655	3,167117	1,793981
93,400000	7,460571	7,492581	0,113176	0,083625	1,867679	-1824,319629	-1547,025664	-1554,073128	-903,361833	-1508,867671	9,138277	951,009872	22,032733	23,114591	25,848332	23,031801	23,148929	-2,910981	0,821446	0,973924	153843,995660	-0,201784	3,020346	-0,063187	0,000000	2,029458	-0,124486	-0,124494	14,008151	-0,016013	3,169721	1,794765
93,600000	7,460613	7,492889	0,112549	0,083649	1,871498	-1803,153172	-1539,928166	-1545,365186	-894,037603	-1499,543440	9,136133	953,322470	22,028797	23,113614	25,854343	23,030654	23,159093	-2,910865	0,818070	0,973156	153847,177476	-0,202594	3,020329	-0,063141	0,000000	2,030471	-0,124487	-0,124488	14,027824	-0,016253	3,171678	1,797258
93,800000	7,460871	7,492981	0,113313	0,083191	1,875706	-1794,591756	-1535,943714	-1541,336692	-892,516256	-1498,022094	9,134035	954,925168	22,018734	23,112896	25,860211	23,031642	23,168769	-2,910581	0,817700	0,973038	153839,478440	-0,203120	3,019979	-0,062997	0,000000	2,030579	-0,124495	-0,124482	14,041243	-0,016216	3,169241	1,798984
94,000000	7,461071	7,492787	0,113785	0,082837	1,875966	-1795,316557	-1536,658233	-1541,159777	-895,042504	-1500,548342	9,131893	955,070516	22,015125	23,113716	25,859431	23,035434	23,168846	-2,910528	0,819651	0,973659	153829,407035	-0,203512	3,019804	-0,062908	0,000000	2,030044	-0,124495	-0,124488	14,042350	-0,016103	3,167623	1,799140
94,200000	7,461045	7,492486	0,113136	0,083862	1,873347	-1795,695987	-1539,836628	-1543,312584	-897,117491	-1502,623329	9,129710	953,908399	22,020081	23,112670	25,855775	23,038106	23,162560	-2,910514	0,819054	0,974107	153829,395258	-0,204063	3,019725	-0,062904	0,000000	2,029586	-0,124490	-0,124497	14,032714	-0,016222	3,169247	1,797889
94,400000	7,460799	7,492154	0,112622	0,084634	1,871480	-1795,099636	-1537,114542	-1544,382826	-895,722601	-1501,228438	9,127565	951,662486	22,025796	23,111873	25,852859	23,036637	23,153109	-2,910547	0,817994	0,974690	153834,770048	-0,204317	3,019609	-0,062895	0,000000	2,029472	-0,124489	-0,124502	14,014102	-0,016477	3,170442	1,795469
94,600000	7,460836	7,491984	0,113088	0,084198	1,871490	-1791,328083	-1527,294149	-1541,347572	-890,312263	-1495,818100	9,125580	951,054872	22,027107	23,113633	25,851376	23,031013	23,145918	-2,910749	0,821077	0,975160	153841,608060	-0,203959	3,019861	-0,062890	0,000000	2,029407	-0,124492	-0,124501	14,009111	-0,016594	3,169282	1,794814
94,800000	7,461000	7,492105	0,113414	0,083591	1,871613	-1782,738294	-1521,671941	-1535,805312	-885,131252	-1490,637089	9,123719	953,006776	22,025083	23,114819	25,854185	23,024823	23,150328	-2,910856	0,824831	0,975295	153836,354362	-0,203303	3,020324	-0,062959	0,000000	2,029329	-0,124495	-0,124498	14,025746	-0,016826	3,168902	1,796918
95,000000	7,460986	7,492282	0,113247	0,083489	1,872204	-1777,237875	-1520,945958	-1529,989760	-881,935495	-1487,441332	9,121724	953,835633	22,022403	23,114063	25,859130	23,025974	23,161697	-2,910815	0,824961	0,975729	153823,088413	-0,202792	3,020683	-0,063089	0,000000	2,029122	-0,124494	-0,124495	14,032870	-0,016989	3,169881	1,797811
95,200000	7,460898	7,492348	0,113424	0,083481	1,871987	-1781,789729	-1519,545348	-1526,512436	-879,834597	-1485,340435	9,119531	952,035410	22,019854	23,112762	25,860131	23,035653	23,166256	-2,910681	0,821778	0,975707	153816,479949	-0,202541	3,020761	-0,063146	0,000000	2,028996	-0,124490	-0,124491	14,017411	-0,016652	3,169508	1,795871
95,400000	7,460838	7,492208	0,113873	0,083090	1,872886	-1792,450019	-1521,414047	-1527,344383	-880,216802	-1485,722640	9,117191	950,358184	22,019700	23,112021	25,858436	23,043080	23,161019	-2,910407	0,820236	0,974998	153807,409547	-0,202546	3,020408	-0,063201	0,000000	2,029665	-0,124486	-0,124491	14,002886	-0,016227	3,167797	1,794063
95,600000	7,460908	7,492193	0,114128	0,083429	1,872847	-1798,407597	-1529,212123	-1532,369346	-885,903906	-1491,409743	9,114937	950,966374	22,023139	23,112781	25,857613	23,041979	23,154049	-2,910349	0,820481	0,974876	153796,809617	-0,202428	3,020363	-0,063342	0,000000	2,030600	-0,124491	-0,124489	14,007963	-0,016190	3,167002	1,794718
95,800000	7,460783	7,492659	0,114421	0,084278	1,872898	-1802,507855	-1538,661309	-1540,280309	-895,108916	-1500,614753	9,113126	953,253469	22,024958	23,114042	25,858526	23,035278	23,153453	-2,910631	0,819334	0,975239	153797,812513	-0,202238	3,020802	-0,063125	0,000000	2,030696	-0,124496	-0,124486	14,027518	-0,016526	3,166800	1,797184
96,000000	7,460639	7,493004	0,114702	0,084218	1,872738	-1811,971802	-1542,781709	-1547,084295	-902,388577	-1507,894414	9,111372	954,832725	22,022630	23,113053	25,858618	23,028460	23,157960	-2,910887	0,817352	0,975202	153802,191674	-0,202496	3,020983	-0,062856	0,000000	2,029733	-0,124492	-0,124482	14,041167	-0,016916	3,166332	1,798884
96,200000	7,460867	7,492673	0,114408	0,083650	1,871826	-1816,800668	-1539,629689	-1550,097405	-904,363505	-1509,869342	9,109330	954,976532	22,022282	23,112392	25,855129	23,026546	23,161172	-2,910845	0,815411	0,975105	153804,753952	-0,203021	3,020792	-0,062902	0,000000	2,028117	-0,124486	-0,124479	14,042382	-0,016923	3,166814	1,799039
96,400000	7,461126	7,492215	0,113922	0,083442	1,872125	-1812,523808	-1533,931270	-1549,403873	-901,322505	-1506,828342	9,107211	954,759055	22,025296	23,115181	25,850149	23,030728	23,162113	-2,910733	0,815694	0,975375	153813,492241	-0,202936	3,020545	-0,063095	0,000000	2,027690	-0,124484	-0,124483	14,040158	-0,016525	3,167682	1,798805
96,600000	7,461004	7,492126	0,114188	0,083785	1,874311	-1806,883894	-1527,566539	-1545,142132	-895,227019	-1500,732857	9,105161	953,779248	22,025700	23,117170	25,850056	23,038562	23,160470	-2,910850	0,818226	0,975436	153824,717201	-0,202135	3,020410	-0,063433	0,000000	2,028800	-0,124484	-0,124491	14,031681	-0,016273	3,166726	1,797750
96,800000	7,460711	7,492306	0,114667	0,084288	1,875879	-1803,273125	-1523,809575	-1540,407773	-888,802176	-1494,308013	9,103168	952,553237	22,021520	23,115735	25,856768	23,042722	23,158548	-2,910925	0,819944	0,974830	153829,693972	-0,201953	3,020235	-0,063430	0,000000	2,030038	-0,124488	-0,124495	14,021567	-0,016457	3,165337	1,796429
97,000000	7,460730	7,492365	0,114604	0,084325	1,873729	-1799,153891	-1528,644966	-1539,615803	-887,801488	-1493,307325	9,101047	953,165197	22,017781	23,113500	25,864012	23,039523	23,159195	-2,910689	0,820253	0,974318	153827,966063	-0,202733	3,020152	-0,063230	0,000000	2,031463	-0,124493	-0,124494	14,026906	-0,016656	3,165551	1,797089
97,200000	7,460922	7,492229	0,115207	0,084094	1,870821	-1799,821489	-1536,161515	-1542,821227	-894,119319	-1499,625156	9,098957	954,545735	22,019340	23,112100	25,864333	23,034769	23,159668	-2,910470	0,820120	0,974442	153824,450182	-0,203570	3,020327	-0,063192	0,000000	2,031748	-0,124494	-0,124491	14,038277	-0,016435	3,163991	1,798575
97,400000	7,461010	7,492161	0,116295	0,084345	1,870618	-1811,625591	-1538,822051	-1546,827217	-901,903769	-1507,409606	9,097045	955,851421	22,024371	23,110506	25,857368	23,032000	23,159342	-2,910685	0,820116	0,974417	153821,211595	-0,203942	3,020589	-0,062984	0,000000	2,029816	-0,124494	-0,124486	14,048851	-0,016051	3,161098	1,799981
97,600000	7,460964	7,492067	0,115578	0,084567	1,873753	-1822,053070	-1540,577436	-1549,455605	-904,942571	-1510,448409	9,095140	957,852597	22,029123	23,110417	25,850232	23,032356	23,158796	-2,911016	0,821461	0,974105	153817,868701	-0,203600	3,020924	-0,062732	0,000000	2,027739	-0,124492	-0,124486	14,065366	-0,015786	3,163372	1,802133
97,800000	7,460827	7,492023	0,114203	0,084391	1,876161	-1821,201602	-1542,997163	-1550,666137	-902,818898	-1508,324735	9,093096	959,237057	22,031233	23,114227	25,848998	23,035576	23,158160	-2,911038	0,823368	0,974134	153817,025536	-0,202709	3,021143	-0,062858	0,000000	2,027855	-0,124492	-0,124491	14,076816	-0,015635	3,167435	1,803621
98,000000	7,460462	7,492365	0,114239	0,084452	1,875483	-1817,855913	-1543,897589	-1551,246006	-900,262627	-1505,768465	9,090876	959,326763	22,027583	23,117199	25,855125	23,037330	23,160883	-2,910856	0,823242	0,974174	153816,968227	-0,201872	3,020932	-0,063130	0,000000	2,029729	-0,124493	-0,124492	14,077813	-0,015881	3,167273	1,803718
98,200000	7,459928	7,492913	0,114413	0,084686	1,872729	-1816,392823	-1544,946514	-1552,021977	-901,638048	-1507,143885	9,088849	959,059599	22,019509	23,115354	25,862419	23,036163	23,166018	-2,910654	0,823372	0,974102	153814,513619	-0,201609	3,020430	-0,063052	0,000000	2,030747	-0,124495	-0,124488	14,075939	-0,016245	3,166554	1,803431
98,400000	7,459982	7,493146	0,114403	0,084771	1,869995	-1815,160433	-1549,498220	-1554,775117	-907,440984	-1512,946821	9,087045	958,966951	22,015128	23,112668	25,865364	23,036324	23,167230	-2,910595	0,825790	0,974261	153812,305393	-0,201749	3,020166	-0,062900	0,000000	2,030161	-0,124496	-0,124487	14,075051	-0,016134	3,166454	1,803331
98,600000	7,460597	7,492928	0,114532	0,084403	1,868347	-1823,987555	-1559,993961	-1560,203203	-915,781163	-1521,287000	9,085066	959,007851	22,018960	23,113076	25,862737	23,038452	23,162682	-2,910713	0,827714	0,974532	153809,896556	-0,201588	3,020237	-0,062731	0,000000	2,029221	-0,124493	-0,124488	14,075090	-0,015830	3,166048	1,803375
98,800000	7,460759	7,492448	0,114628	0,084079	1,869607	-1837,637073	-1567,503826	-1565,230852	-922,569091	-1528,074928	9,083157	958,989169	22,026182	23,114991	25,857104	23,037665	23,154914	-2,910783	0,827352	0,974644	153804,863677	-0,201605	3,020249	-0,062634	0,000000	2,028628	-0,124488	-0,124492	14,075278	-0,016175	3,165527	1,803355
99,000000	7,460333	7,492193	0,114805	0,084327	1,872089	-1839,593643	-1568,588720	-1569,473857	-925,633856	-1531,139694	9,081465	958,932666	22,028983	23,115980	25,854414	23,033809	23,150079	-2,910797	0,825462	0,974418	153813,783039	-0,202507	3,020210	-0,062997	0,000000	2,028875	-0,124489	-0,124492	14,075340	-0,016710	3,164850	1,803294
99,200000	7,460155	7,492345	0,114581	0,084192	1,874401	-1839,739820	-1572,298219	-1574,119917	-927,812485	-1533,318322	9,079331	958,070911	22,026455	23,115534	25,855453	23,029739	23,152232	-2,910825	0,823524	0,974454	153832,458691	-0,202840	3,020531	-0,063321	0,000000	2,029644	-0,124491	-0,124484	14,067909	-0,016500	3,165894	1,802368
99,400000	7,460386	7,492540	0,114417	0,083274	1,874606	-1843,297592	-1573,192392	-1575,845530	-928,699995	-1534,205832	9,076772	956,000677	22,023642	23,113973	25,857233	23,029527	23,160155	-2,910748	0,821818	0,974762	153828,457708	-0,202041	3,020988	-0,063293	0,000000	2,029903	-0,124489	-0,124476	14,050316	-0,016265	3,166948	1,800142
99,600000	7,460502	7,492826	0,113899	0,082976	1,873962	-1836,410081	-1565,184341	-1573,291907	-924,591337	-1530,097174	9,074482	955,376570	22,022099	23,112925	25,856831	23,036637	23,168702	-2,910641	0,821130	0,975048	153813,316313	-0,202041	3,021032	-0,063336	0,000000	2,029644	-0,124490	-0,124475	14,045271	-0,016455	3,168583	1,799470
99,800000	7,460601	7,493227	0,113357	0,083830	1,874066	-1817,114583	-1555,108019	-1569,241694	-916,278638	-1521,784476	9,072552	957,333668	22,021869	23,112638	25,855195	23,044047	23,169919	-2,910622	0,821566	0,975620	153811,258315	-0,202991	3,020944	-0,063513	0,000000	2,029736	-0,124489	-0,124480	14,061686	-0,016456	3,170170	1,801575
100,000000	7,460680	7,493428	0,113484	0,084508	1,873196	-1804,535131	-1552,620071	-1565,386363	-909,262847	-1514,768684	9,070772	959,102250	22,023660	23,112847	25,855214	23,044398	23,161629	-2,910665	0,822021	0,975507	153816,650985	-0,203170	3,020792	-0,063436	0,000000	2,030124	-0,124482	-0,124487	14,076157	-0,016106	3,169721	1,803476
100,200000	7,460481	7,493174	0,113078	0,084618	1,872016	-1807,106826	-1553,139670	-1560,175894	-906,370012	-1511,875849	9,068999	959,367436	22,024774	23,114298	25,857838	23,039940	23,151562	-2,910651	0,822426	0,974590	153819,708315	-0,202458	3,020291	-0,063129	0,000000	2,030257	-0,124481	-0,124491	14,078290	-0,016017	3,170267	1,803761
100,400000	7,460251	7,492655	0,113220	0,084658	1,872056	-1810,531274	-1546,707799	-1555,117306	-906,281800	-1511,787637	9,067069	959,972228	22,023459	23,115312	25,859354	23,034170	23,150201	-2,910551	0,822880	0,974298	153829,998591	-0,202243	3,019917	-0,062916	0,000000	2,030165	-0,124486	-0,124489	14,083662	-0,016324	3,169281	1,804411
100,600000	7,460082	7,492625	0,114149	0,084271	1,873742	-1818,251811	-1542,848015	-1553,240242	-908,090712	-1513,596549	9,065161	961,913268	22,021796	23,114212	25,857029	23,031343	23,157188	-2,910535	0,823025	0,974524	153843,913426	-0,202475	3,020013	-0,062868	0,000000	2,029202	-0,124481	-0,124481	14,100063	-0,016480	3,166716	1,806495
100,800000	7,460208	7,492944	0,115167	0,083371	1,872867	-1831,759621	-1544,059500	-1553,138240	-908,258228	-1513,764065	9,063510	963,394156	22,021647	23,112245	25,854519	23,033729	23,163069	-2,910589	0,821538	0,974191	153837,794418	-0,202352	3,020303	-0,062967	0,000000	2,028394	-0,124475	-0,124479	14,112490	-0,016520	3,164241	1,808084
101,000000	7,460513	7,492866	0,115678	0,082992	1,870952	-1831,327870	-1546,154449	-1554,391823	-905,404394	-1510,910231	9,061664	963,548614	22,023463	23,113008	25,855990	23,039237	23,163972	-2,910592	0,819835	0,973636	153823,285836	-0,202851	3,020349	-0,063061	0,000000	2,029545	-0,124479	-0,124488	14,113870	-0,016609	3,162818	1,808249
101,200000	7,460441	7,492689	0,113998	0,083677	1,869853	-1817,928344	-1551,744861	-1557,257692	-905,799973	-1511,305810	9,059405	962,439603	22,023398	23,115939	25,861203	23,045078	23,161619	-2,910611	0,820128	0,973615	153815,998168	-0,203522	3,020046	-0,062981	0,000000	2,031677	-0,124482	-0,124497	14,104529	-0,016542	3,167230	1,807060
101,400000	7,460397	7,492750	0,112052	0,084599	1,870680	-1806,585715	-1553,411758	-1561,006305	-911,353891	-1516,859728	9,057241	960,235397	22,018825	23,114991	25,862471	23,045236	23,157405	-2,910649	0,822149	0,973526	153820,019259	-0,203284	3,019844	-0,062757	0,000000	2,031947	-0,124491	-0,124494	14,085973	-0,016432	3,172608	1,804694
101,600000	7,460486	7,492736	0,112146	0,084658	1,871293	-1804,276780	-1549,933106	-1564,909981	-917,297012	-1522,802849	9,055310	959,588916	22,016751	23,111647	25,856185	23,037370	23,154934	-2,910587	0,822666	0,973325	153828,874902	-0,202387	3,020056	-0,062797	0,000000	2,030640	-0,124503	-0,124487	14,080945	-0,016818	3,172526	1,803999
101,800000	7,460469	7,492521	0,112937	0,084138	1,873118	-1813,084923	-1545,610499	-1564,506715	-917,896560	-1523,402398	9,053424	961,505676	22,021520	23,111793	25,851160	23,030218	23,155434	-2,910503	0,819404	0,974067	153821,444660	-0,201840	3,020488	-0,063111	0,000000	2,029612	-0,124506	-0,124485	14,097555	-0,017382	3,170587	1,806058
102,000000	7,460385	7,492150	0,113815	0,083763	1,875616	-1817,240858	-1534,731902	-1555,604913	-908,507772	-1514,013609	9,051538	963,249645	22,027076	23,113955	25,852309	23,031482	23,155429	-2,910684	0,817192	0,975296	153804,764946	-0,202692	3,020712	-0,062983	0,000000	2,028128	-0,124496	-0,124490	14,112095	-0,017334	3,168174	1,807929
102,200000	7,460040	7,491977	0,114579	0,083497	1,873934	-1804,789163	-1523,107034	-1543,564605	-893,389571	-1498,895408	9,049730	963,540848	22,027522	23,115284	25,853290	23,038135	23,154746	-2,910946	0,818987	0,975563	153796,742852	-0,203231	3,020577	-0,062696	0,000000	2,027499	-0,124486	-0,124498	14,114215	-0,017019	3,165789	1,808241
102,400000	7,459690	7,492367	0,113389	0,083803	1,871050	-1789,206379	-1523,029126	-1536,750884	-883,909255	-1489,415092	9,047903	962,428692	22,023850	23,117419	25,851718	23,043308	23,157473	-2,910817	0,822238	0,974661	153806,203235	-0,202034	3,020287	-0,062712	0,000000	2,029168	-0,124483	-0,124498	14,104734	-0,016839	3,168977	1,807048
102,600000	7,459764	7,492900	0,112469	0,084413	1,870201	-1784,148785	-1528,436159	-1537,865361	-886,714749	-1492,220586	9,045819	960,210624	22,020708	23,125893	25,855033	23,042499	23,163285	-2,910541	0,823776	0,973833	153820,934132	-0,201267	3,020094	-0,062690	0,000000	2,030957	-0,124486	-0,124496	14,085981	-0,016648	3,171539	1,804667
102,800000	7,460192	7,493205	0,113998	0,084210	1,871662	-1797,308490	-1533,475998	-1544,475681	-898,545701	-1504,051538	9,043863	959,619441	22,018947	23,139111	25,864286	23,038613	23,166469	-2,910519	0,823043	0,973983	153818,160797	-0,201772	3,020104	-0,062660	0,000000	2,030634	-0,124491	-0,124496	14,080908	-0,016525	3,167261	1,804032
103,000000	7,460395	7,493206	0,114111	0,083471	1,871766	-1819,515550	-1541,227079	-1550,991342	-909,236559	-1514,742397	9,042178	961,614397	22,017814	23,146342	25,867462	23,037750	23,164071	-2,910619	0,822265	0,974606	153816,252140	-0,202064	3,020309	-0,062706	0,000000	2,029090	-0,124495	-0,124490	14,097540	-0,016456	3,167111	1,806174
103,200000	7,460147	7,493008	0,112444	0,083192	1,871265	-1825,101964	-1545,479084	-1555,082112	-912,215858	-1517,721695	9,040284	963,346115	22,021494	23,148036	25,860240	23,038666	23,157961	-2,910782	0,821404	0,975037	153827,734369	-0,202347	3,020594	-0,062714	0,000000	2,028486	-0,124490	-0,124483	14,112096	-0,016529	3,171988	1,808032
103,400000	7,459639	7,493093	0,111921	0,083663	1,870484	-1814,589816	-1542,753086	-1557,921821	-910,691773	-1516,197610	9,038258	962,637374	22,029630	23,150416	25,854011	23,039142	23,152479	-2,910990	0,819854	0,974902	153834,785481	-0,202380	3,020567	-0,062703	0,000000	2,028908	-0,124488	-0,124483	14,106801	-0,017160	3,173391	1,807272
103,600000	7,459245	7,493195	0,112671	0,084289	1,868795	-1811,180106	-1542,763669	-1559,292646	-909,823300	-1515,329137	9,036289	960,191679	22,031772	23,151599	25,854918	23,039108	23,153436	-2,910913	0,817773	0,974604	153836,400170	-0,201909	3,020271	-0,062724	0,000000	2,029343	-0,124491	-0,124486	14,087160	-0,017985	3,170975	1,804647
103,800000	7,459462	7,492788	0,113152	0,083810	1,867999	-1816,810055	-1549,284258	-1558,510354	-910,517181	-1516,023019	9,034297	958,554315	22,024139	23,150185	25,858197	23,038637	23,162473	-2,910571	0,815970	0,974578	153833,936533	-0,201993	3,020183	-0,062750	0,000000	2,029712	-0,124488	-0,124489	14,073521	-0,018061	3,169410	1,802888
104,000000	7,459985	7,492466	0,112273	0,082681	1,870591	-1820,137690	-1555,267879	-1557,135425	-911,619959	-1517,125797	9,032378	958,475055	22,017000	23,147894	25,858189	23,039933	23,170009	-2,910411	0,815630	0,974575	153836,720445	-0,202455	3,020319	-0,062682	0,000000	2,030039	-0,124481	-0,124493	14,072328	-0,017531	3,171964	1,802802
104,200000	7,460268	7,492572	0,111533	0,082853	1,872991	-1819,761893	-1557,678107	-1558,586157	-913,801451	-1519,307288	9,030532	958,789052	22,018411	23,146769	25,854935	23,042603	23,167619	-2,910579	0,816543	0,974499	153845,527674	-0,202425	3,020380	-0,062578	0,000000	2,029780	-0,124482	-0,124495	14,074557	-0,017130	3,174156	1,803140
104,400000	7,460193	7,492475	0,111397	0,083585	1,872016	-1817,750563	-1561,960836	-1564,358999	-918,467355	-1523,973192	9,028706	959,817548	22,023393	23,147878	25,855049	23,043424	23,158217	-2,910754	0,817678	0,974279	153836,370271	-0,202415	3,020445	-0,062726	0,000000	2,029381	-0,124489	-0,124496	14,083032	-0,016990	3,174568	1,804245
104,600000	7,460059	7,492275	0,111372	0,083508	1,869890	-1816,311816	-1566,800508	-1570,981240	-922,829435	-1528,335272	9,026811	961,917685	22,025952	23,149711	25,858087	23,039958	23,149504	-2,910680	0,818268	0,974287	153818,080008	-0,202964	3,020698	-0,063029	0,000000	2,029521	-0,124489	-0,124495	14,100562	-0,016941	3,174841	1,806500
104,800000	7,460193	7,492238	0,111503	0,082798	1,869631	-1819,650195	-1565,221438	-1573,737631	-923,231875	-1528,737712	9,024857	963,363327	22,026820	23,150223	25,859591	23,034789	23,149057	-2,910536	0,817460	0,974469	153812,651790	-0,203561	3,020856	-0,063092	0,000000	2,029203	-0,124487	-0,124493	14,112797	-0,017085	3,174630	1,808051
105,000000	7,460297	7,492335	0,111506	0,082333	1,871815	-1823,925644	-1558,777120	-1572,094546	-919,565771	-1525,071608	9,022954	964,328889	22,026078	23,149268	25,859534	23,033048	23,156592	-2,910521	0,815623	0,974398	153814,654239	-0,203422	3,020846	-0,062955	0,000000	2,028698	-0,124488	-0,124491	14,121303	-0,017520	3,174655	1,809086
105,200000	7,459987	7,492629	0,111259	0,082781	1,872791	-1818,147987	-1550,817864	-1567,682590	-912,534356	-1518,040193	9,021006	965,285206	22,024258	23,148559	25,857917	23,036637	23,164339	-2,910574	0,814184	0,974564	153814,892464	-0,202589	3,020838	-0,062915	0,000000	2,028747	-0,124486	-0,124490	14,129468	-0,017694	3,175456	1,810111
105,400000	7,459879	7,492745	0,110877	0,083244	1,871157	-1805,209526	-1541,091852	-1561,017503	-902,606313	-1508,112151	9,019052	964,585043	22,022145	23,148399	25,855417	23,044066	23,166385	-2,910647	0,813119	0,974627	153812,065889	-0,202191	3,020758	-0,063204	0,000000	2,029216	-0,124482	-0,124493	14,123402	-0,017478	3,176482	1,809361
105,600000	7,460121	7,492738	0,111548	0,083789	1,867577	-1797,104928	-1531,718716	-1553,306752	-892,889572	-1498,395409	9,017228	963,258177	22,021368	23,148405	25,856423	23,048899	23,162709	-2,910686	0,814548	0,974113	153810,141967	-0,202154	3,020581	-0,063419	0,000000	2,030864	-0,124482	-0,124498	14,112144	-0,017312	3,174386	1,807938
105,800000	7,459832	7,492851	0,112685	0,084709	1,864850	-1794,880421	-1525,231076	-1546,021254	-887,411295	-1492,917132	9,015528	962,911838	22,023077	23,149662	25,862674	23,046916	23,158636	-2,910587	0,818379	0,974009	153811,097697	-0,202608	3,020473	-0,063229	0,000000	2,031928	-0,124487	-0,124498	14,109172	-0,017236	3,171123	1,807566
106,000000	7,459430	7,492686	0,112786	0,084789	1,864209	-1792,939021	-1520,980500	-1539,595991	-885,590710	-1491,096547	9,013790	963,045502	22,023043	23,149427	25,865953	23,039702	23,157431	-2,910530	0,821219	0,974197	153807,474558	-0,203184	3,020508	-0,063007	0,000000	2,030864	-0,124491	-0,124494	14,110278	-0,017224	3,170848	1,807710
106,200000	7,459374	7,492297	0,112181	0,083969	1,867311	-1794,895691	-1521,869171	-1535,840328	-886,514813	-1492,020650	9,011938	963,131078	22,022181	23,147034	25,860513	23,031586	23,158883	-2,910783	0,823181	0,973701	153802,168609	-0,202566	3,020585	-0,062916	0,000000	2,029303	-0,124490	-0,124486	14,111269	-0,017499	3,172477	1,807802
106,400000	7,459419	7,492024	0,110971	0,083652	1,870489	-1806,109770	-1529,574912	-1536,944726	-891,982273	-1497,488110	9,010111	962,219444	22,024804	23,148469	25,852418	23,030291	23,161298	-2,911080	0,825073	0,973326	153819,048121	-0,201667	3,020663	-0,062955	0,000000	2,028598	-0,124492	-0,124483	14,104001	-0,017856	3,175810	1,806824
106,600000	7,459839	7,491898	0,110066	0,084161	1,871327	-1811,572294	-1537,079080	-1542,483398	-899,222006	-1504,727843	9,008409	961,013009	22,027630	23,152536	25,851084	23,038619	23,162655	-2,911033	0,825993	0,973765	153846,834945	-0,201724	3,020695	-0,063044	0,000000	2,028479	-0,124492	-0,124487	14,093704	-0,017654	3,178329	1,805529
106,800000	7,460375	7,492166	0,110801	0,084514	1,870307	-1810,938623	-1544,694695	-1549,900915	-905,415852	-1510,921689	9,006710	961,667813	22,025499	23,152969	25,855335	23,047140	23,162743	-2,910936	0,824711	0,974142	153845,451953	-0,202061	3,020746	-0,063022	0,000000	2,029020	-0,124491	-0,124491	14,098740	-0,017210	3,176418	1,806232
107,000000	7,460547	7,492399	0,111760	0,084440	1,869849	-1823,019340	-1556,350226	-1557,458055	-912,700668	-1518,206505	9,004811	962,146515	22,019748	23,149809	25,860516	23,046799	23,163138	-2,910812	0,823319	0,973912	153834,717497	-0,202177	3,020814	-0,063021	0,000000	2,030415	-0,124495	-0,124492	14,102617	-0,017082	3,173926	1,806745
107,200000	7,460608	7,491999	0,111652	0,084603	1,870361	-1835,418552	-1565,458656	-1565,250706	-921,095537	-1526,601374	9,002604	960,414904	22,016948	23,147287	25,865160	23,040763	23,163455	-2,910490	0,823430	0,973658	153839,826721	-0,202574	3,020707	-0,063059	0,000000	2,031082	-0,124499	-0,124492	14,088229	-0,017185	3,174049	1,804887
107,400000	7,460452	7,491554	0,111465	0,084967	1,869962	-1840,622718	-1568,781232	-1572,371339	-929,118046	-1534,623883	9,000440	958,784016	22,020093	23,146757	25,863890	23,037399	23,160180	-2,910372	0,823384	0,974003	153846,583655	-0,203157	3,020566	-0,063043	0,000000	2,030210	-0,124495	-0,124492	14,074736	-0,017351	3,174260	1,803134
107,600000	7,459995	7,491543	0,111778	0,084665	1,869859	-1845,259631	-1566,530866	-1576,214898	-933,621945	-1539,127782	8,998688	958,502658	22,026659	23,146421	25,857508	23,038721	23,155494	-2,910555	0,822265	0,974720	153848,788129	-0,203195	3,020791	-0,063210	0,000000	2,028510	-0,124490	-0,124491	14,072567	-0,017539	3,173534	1,802832
107,800000	7,459936	7,491819	0,111407	0,083942	1,868319	-1844,323535	-1564,678095	-1576,910434	-931,639058	-1537,144895	8,997022	958,700760	22,031574	23,147601	25,851360	23,040921	23,154175	-2,910852	0,820368	0,975115	153839,545541	-0,202418	3,021198	-0,063411	0,000000	2,027920	-0,124488	-0,124487	14,074408	-0,017720	3,175047	1,803045
108,000000	7,460152	7,492213	0,110167	0,083637	1,866817	-1838,720111	-1570,018401	-1578,461430	-928,366901	-1533,872739	8,995302	957,933921	22,030813	23,150471	25,848419	23,041892	23,156722	-2,911018	0,818491	0,974740	153824,709404	-0,202229	3,021153	-0,063395	0,000000	2,029265	-0,124489	-0,124486	14,068095	-0,017834	3,178633	1,802221
108,200000	7,460152	7,492585	0,109978	0,083673	1,865781	-1833,554586	-1575,136820	-1582,692593	-930,948494	-1536,454332	8,993630	956,718013	22,024789	23,150187	25,852734	23,041912	23,161785	-2,910792	0,816694	0,973976	153816,102243	-0,202880	3,020986	-0,063239	0,000000	2,030348	-0,124489	-0,124486	14,057985	-0,017917	3,179185	1,800913
108,400000	7,460191	7,492760	0,110912	0,083686	1,868269	-1835,121557	-1573,149463	-1585,854268	-935,318307	-1540,824144	8,991761	957,318537	22,017154	23,147341	25,861410	23,042615	23,166337	-2,910405	0,816533	0,973528	153817,504691	-0,203199	3,020946	-0,062966	0,000000	2,030086	-0,124486	-0,124482	14,062902	-0,017799	3,176661	1,801559
108,600000	7,460487	7,492645	0,111777	0,083394	1,871324	-1841,554104	-1565,160959	-1583,982230	-932,177038	-1537,682875	8,989599	958,703181	22,015146	23,146749	25,864696	23,045293	23,165579	-2,910288	0,817563	0,973617	153823,311639	-0,202934	3,020580	-0,062729	0,000000	2,029686	-0,124483	-0,124482	14,074117	-0,017409	3,173803	1,803048
108,800000	7,460738	7,492419	0,112928	0,083230	1,871677	-1845,214405	-1554,641700	-1576,507102	-922,255311	-1527,761148	8,987618	959,121121	22,022620	23,148235	25,860539	23,046461	23,158740	-2,910508	0,818839	0,974355	153817,839267	-0,202516	3,020444	-0,062540	0,000000	2,029583	-0,124486	-0,124488	14,077298	-0,017088	3,170231	1,803497
109,000000	7,460457	7,492228	0,113372	0,084136	1,870156	-1841,772586	-1547,212196	-1566,566288	-912,854336	-1518,360173	8,986042	958,104482	22,031445	23,149312	25,857233	23,043115	23,152163	-2,910754	0,821397	0,975100	153811,638763	-0,202547	3,020813	-0,062542	0,000000	2,029232	-0,124493	-0,124488	14,068860	-0,017169	3,169236	1,802404
109,200000	7,459814	7,492211	0,112596	0,084904	1,868559	-1826,947419	-1543,259308	-1558,368931	-906,490762	-1511,996599	8,984358	956,747756	22,032271	23,149617	25,858631	23,039630	23,151043	-2,910856	0,823927	0,975018	153813,210711	-0,202697	3,020989	-0,062821	0,000000	2,029367	-0,124497	-0,124482	14,057702	-0,017385	3,171637	1,800945
109,400000	7,459655	7,492352	0,112263	0,083996	1,869119	-1813,653574	-1543,646074	-1555,081981	-904,455404	-1509,961241	8,982294	957,320361	22,026886	23,149685	25,861178	23,038974	23,156109	-2,910974	0,825614	0,974699	153821,000258	-0,203057	3,020930	-0,062824	0,000000	2,029891	-0,124493	-0,124484	14,062648	-0,017530	3,172604	1,801561
109,600000	7,460001	7,492296	0,112082	0,083127	1,869579	-1817,965365	-1552,289539	-1557,925278	-908,688973	-1514,194810	8,980336	957,783774	22,022379	23,148968	25,861914	23,041281	23,164792	-2,911081	0,824654	0,974777	153833,929015	-0,203690	3,020825	-0,062603	0,000000	2,029818	-0,124485	-0,124488	14,066661	-0,017658	3,173003	1,802059
109,800000	7,460199	7,492037	0,111512	0,083631	1,869840	-1829,371504	-1560,743064	-1563,675025	-916,025329	-1521,531166	8,978819	956,105389	22,020319	23,147504	25,858988	23,046594	23,169201	-2,910894	0,821528	0,974842	153831,321570	-0,203883	3,020690	-0,062695	0,000000	2,029827	-0,124482	-0,124489	14,052341	-0,017411	3,174378	1,800254
110,000000	7,459975	7,491748	0,111111	0,083916	1,869516	-1834,067533	-1564,556968	-1569,110788	-922,318059	-1527,823896	8,977277	954,556605	22,018923	23,146439	25,855919	23,052008	23,163747	-2,910533	0,820303	0,974601	153824,738013	-0,203408	3,020633	-0,062738	0,000000	2,029782	-0,124487	-0,124493	14,038846	-0,016912	3,175334	1,798587
110,200000	7,459500	7,491616	0,111307	0,083267	1,869499	-1836,855625	-1569,156883	-1573,661241	-927,272807	-1532,778644	8,975548	953,438115	22,020292	23,146775	25,855935	23,050997	23,154409	-2,910440	0,821337	0,974352	153831,320119	-0,202615	3,020682	-0,062557	0,000000	2,029846	-0,124493	-0,124496	14,029246	-0,016703	3,174774	1,797383
110,400000	7,459312	7,491734	0,111833	0,083312	1,868444	-1841,673569	-1574,238787	-1578,424947	-932,994891	-1538,500729	8,973850	951,556863	22,022940	23,148037	25,857870	23,041457	23,151871	-2,910534	0,822680	0,974317	153837,059296	-0,202183	3,020869	-0,062651	0,000000	2,030098	-0,124493	-0,124494	14,013507	-0,016769	3,173518	1,795355
110,600000	7,459576	7,491734	0,111593	0,084189	1,869106	-1848,627204	-1580,315532	-1584,064133	-939,730844	-1545,236682	8,972012	950,214500	22,022294	23,148293	25,859860	23,034697	23,156716	-2,910651	0,823575	0,974521	153837,767534	-0,202502	3,021125	-0,062859	0,000000	2,029486	-0,124489	-0,124488	14,002153	-0,016702	3,174492	1,793908
110,800000	7,460122	7,491569	0,110893	0,083977	1,871025	-1858,889564	-1590,027129	-1591,065243	-946,391232	-1551,897069	8,970029	950,129636	22,021195	23,147197	25,857690	23,036810	23,161321	-2,910782	0,823152	0,974995	153831,743388	-0,203484	3,021269	-0,062866	0,000000	2,028819	-0,124487	-0,124486	14,001039	-0,016303	3,176570	1,793816
111,000000	7,460432	7,491526	0,110642	0,083200	1,870819	-1869,466005	-1599,486990	-1599,119201	-952,330933	-1557,836770	8,967976	950,379347	22,022981	23,148229	25,855648	23,042578	23,162200	-2,910752	0,820925	0,975231	153824,886745	-0,204275	3,021063	-0,062897	0,000000	2,029107	-0,124484	-0,124490	14,002851	-0,016014	3,177022	1,794085
111,200000	7,460235	7,491907	0,111752	0,083818	1,869759	-1877,226149	-1600,748968	-1604,441464	-955,217844	-1560,723682	8,966152	950,490357	22,024648	23,151045	25,860531	23,049096	23,161451	-2,910638	0,820158	0,975063	153822,396211	-0,203904	3,020731	-0,062800	0,000000	2,030062	-0,124484	-0,124492	14,003739	-0,015968	3,173663	1,794205
111,400000	7,459930	7,492594	0,112980	0,084855	1,870536	-1878,249462	-1598,942538	-1605,875202	-955,153647	-1560,659484	8,964623	950,506420	22,021571	23,150037	25,864839	23,052372	23,159993	-2,910600	0,820745	0,975062	153821,088460	-0,202584	3,020797	-0,062353	0,000000	2,030635	-0,124488	-0,124492	14,003712	-0,015806	3,170544	1,794222
111,600000	7,459761	7,492766	0,112112	0,084693	1,872244	-1871,667884	-1597,526582	-1604,598361	-954,716635	-1560,222472	8,962703	950,480332	22,016531	23,146631	25,861653	23,048352	23,158533	-2,910642	0,818753	0,974889	153822,308921	-0,201696	3,020974	-0,062169	0,000000	2,030584	-0,124495	-0,124490	14,003528	-0,015842	3,173275	1,794194
111,800000	7,459901	7,492193	0,111494	0,084300	1,871575	-1859,630810	-1588,684862	-1601,755779	-953,571715	-1559,077553	8,960678	950,432445	22,018294	23,145957	25,859167	23,041740	23,159634	-2,910700	0,815407	0,974614	153820,647818	-0,202339	3,020827	-0,062506	0,000000	2,030030	-0,124503	-0,124483	14,003466	-0,016182	3,174649	1,794143
112,000000	7,460072	7,491635	0,111612	0,084449	1,870215	-1853,011169	-1581,649476	-1599,516444	-951,112804	-1556,618642	8,959192	950,424825	22,026695	23,147291	25,859050	23,040040	23,160385	-2,910730	0,814745	0,974943	153814,011454	-0,203394	3,020701	-0,062928	0,000000	2,028723	-0,124502	-0,124475	14,003478	-0,016259	3,173958	1,794134
112,200000	7,460010	7,491829	0,110723	0,084522	1,870056	-1852,769032	-1578,428382	-1596,053859	-945,229522	-1550,735359	8,957791	950,454907	22,031180	23,149060	25,854048	23,043540	23,159134	-2,910781	0,816443	0,975102	153808,237669	-0,203074	3,020828	-0,063214	0,000000	2,027735	-0,124494	-0,124478	14,003495	-0,016023	3,176631	1,794167
112,400000	7,460203	7,492456	0,110585	0,084269	1,870952	-1844,420226	-1568,013638	-1588,355486	-933,575774	-1539,081612	8,955970	951,352166	22,026448	23,150497	25,851193	23,047602	23,159175	-2,910827	0,816978	0,974160	153805,554868	-0,202201	3,020850	-0,063297	0,000000	2,028634	-0,124490	-0,124485	14,010916	-0,015900	3,177240	1,795135
112,600000	7,460651	7,492759	0,112045	0,084055	1,870962	-1832,075843	-1556,826979	-1578,753582	-921,330809	-1526,836647	8,953751	953,427022	22,019998	23,150782	25,857321	23,048964	23,160249	-2,910791	0,817408	0,973246	153804,446156	-0,202382	3,020647	-0,063231	0,000000	2,031020	-0,124491	-0,124489	14,028490	-0,016040	3,173028	1,797371
112,800000	7,460664	7,492709	0,113570	0,084067	1,870036	-1828,731365	-1549,860428	-1570,398930	-915,083105	-1520,588942	8,951705	954,882171	22,017230	23,149580	25,866660	23,047124	23,161548	-2,910710	0,817042	0,973830	153804,604716	-0,202687	3,020567	-0,062905	0,000000	2,031927	-0,124492	-0,124493	14,040948	-0,016282	3,168691	1,798938
113,000000	7,460276	7,492410	0,113604	0,083637	1,868433	-1832,688606	-1545,717533	-1563,946129	-913,188798	-1518,694635	8,950319	954,153148	22,016145	23,146103	25,870840	23,043268	23,161005	-2,910708	0,814476	0,975177	153810,589320	-0,202352	3,020741	-0,062530	0,000000	2,030492	-0,124494	-0,124497	14,034693	-0,016146	3,168748	1,798153
113,200000	7,460042	7,491829	0,112380	0,083067	1,868197	-1830,459795	-1547,667399	-1560,722653	-912,738553	-1518,244390	8,949055	951,875681	22,018453	23,144468	25,866710	23,040771	23,156994	-2,910664	0,813935	0,975449	153818,763066	-0,202433	3,020702	-0,062726	0,000000	2,029053	-0,124495	-0,124496	14,015108	-0,015691	3,171949	1,795699
113,400000	7,459831	7,491490	0,112377	0,083067	1,869189	-1823,201396	-1552,589897	-1561,793564	-914,487291	-1519,993128	8,947410	951,167122	22,025867	23,147566	25,859229	23,042648	23,153244	-2,910518	0,815977	0,974877	153827,793409	-0,202773	3,020575	-0,063162	0,000000	2,028684	-0,124493	-0,124489	14,009095	-0,015634	3,171584	1,794935
113,600000	7,459552	7,491815	0,112852	0,083114	1,871893	-1823,833346	-1557,406587	-1565,588549	-917,445793	-1522,951630	8,945610	953,070937	22,031842	23,150103	25,854700	23,044239	23,154158	-2,910499	0,817309	0,974402	153838,974172	-0,202216	3,020753	-0,063065	0,000000	2,029083	-0,124491	-0,124483	14,025543	-0,016084	3,170463	1,796987
113,800000	7,459457	7,492175	0,112540	0,083200	1,873420	-1824,517246	-1560,345321	-1568,348836	-918,576939	-1524,082776	8,943808	954,772641	22,028316	23,149487	25,856714	23,042609	23,161046	-2,910527	0,817890	0,974040	153839,093946	-0,201785	3,020884	-0,062702	0,000000	2,029812	-0,124487	-0,124481	14,040216	-0,016468	3,171653	1,798820
114,000000	7,459680	7,492065	0,113252	0,083147	1,871993	-1822,075676	-1558,215050	-1569,240059	-918,399517	-1523,905354	8,941924	955,058053	22,018823	23,148333	25,861039	23,043067	23,168507	-2,910493	0,819311	0,974190	153831,505781	-0,202870	3,020645	-0,062570	0,000000	2,030075	-0,124481	-0,124482	14,042417	-0,016274	3,169392	1,799127
114,200000	7,460073	7,491946	0,114012	0,083327	1,869623	-1830,229675	-1554,699720	-1568,114498	-918,794865	-1524,300702	8,939900	954,871392	22,014265	23,148142	25,861308	23,045886	23,169395	-2,910590	0,819906	0,974552	153829,394301	-0,203678	3,020270	-0,062588	0,000000	2,029718	-0,124477	-0,124491	14,040357	-0,015781	3,166796	1,798926
114,400000	7,460109	7,492115	0,113847	0,084534	1,868743	-1839,799923	-1551,049251	-1564,807353	-918,047531	-1523,553368	8,938143	953,871930	22,016345	23,148799	25,858726	23,048147	23,163095	-2,910823	0,819943	0,974719	153830,988491	-0,202853	3,020239	-0,062831	0,000000	2,029598	-0,124484	-0,124496	14,031748	-0,015562	3,167259	1,797850
114,600000	7,459793	7,492176	0,113158	0,085225	1,871156	-1838,366375	-1549,810481	-1563,257433	-917,063546	-1522,569383	8,936945	951,766644	22,019958	23,148939	25,857130	23,047587	23,154428	-2,910885	0,820627	0,974843	153829,500046	-0,202105	3,020473	-0,063083	0,000000	2,029765	-0,124495	-0,124491	14,014135	-0,015635	3,169470	1,795581
114,800000	7,459505	7,491971	0,112835	0,084401	1,873071	-1833,302930	-1553,275893	-1565,277388	-918,983349	-1524,489187	8,935560	950,301058	22,022668	23,148293	25,857364	23,042721	23,149901	-2,910730	0,820218	0,974752	153823,614538	-0,202425	3,020625	-0,063004	0,000000	2,029662	-0,124499	-0,124486	14,001895	-0,015717	3,170484	1,794001
115,000000	7,459300	7,491821	0,113647	0,083538	1,873491	-1836,629345	-1561,937900	-1570,049517	-925,060832	-1530,566669	8,933598	950,151101	22,022703	23,148909	25,856717	23,036859	23,153508	-2,910691	0,818923	0,974218	153823,442619	-0,203088	3,020670	-0,062969	0,000000	2,029373	-0,124495	-0,124483	14,000821	-0,015904	3,168148	1,793839
115,200000	7,459297	7,491832	0,114287	0,083700	1,871557	-1851,406158	-1570,140519	-1575,150052	-933,178473	-1538,684310	8,931603	950,326290	22,020658	23,149181	25,856044	23,036985	23,163095	-2,910805	0,817801	0,974098	153827,706239	-0,203760	3,020900	-0,063105	0,000000	2,029159	-0,124491	-0,124484	14,002821	-0,016430	3,166564	1,794028
115,400000	7,459669	7,491748	0,114183	0,083715	1,869784	-1862,771646	-1567,637095	-1578,527328	-937,875326	-1543,381163	8,929757	950,408938	22,020578	23,146587	25,855316	23,045604	23,168332	-2,910905	0,818214	0,974815	153828,122877	-0,204032	3,021249	-0,063199	0,000000	2,029422	-0,124492	-0,124489	14,003770	-0,016684	3,167215	1,794117
115,600000	7,460083	7,491657	0,112801	0,082995	1,868857	-1861,733487	-1568,403077	-1581,822005	-938,673299	-1544,179137	8,928056	950,464054	22,022825	23,144588	25,855138	23,054137	23,164551	-2,910938	0,820113	0,975003	153824,181411	-0,203508	3,021155	-0,063181	0,000000	2,030455	-0,124497	-0,124495	14,003730	-0,016180	3,171037	1,794177
115,800000	7,460123	7,491832	0,111576	0,083416	1,870354	-1853,512155	-1584,205082	-1589,550807	-943,067760	-1548,573597	8,926481	950,492120	22,024318	23,145453	25,860294	23,054330	23,158430	-2,910900	0,820935	0,974481	153816,179363	-0,202814	3,020635	-0,063014	0,000000	2,031337	-0,124498	-0,124495	14,003529	-0,015743	3,174097	1,794207
116,000000	7,459989	7,492151	0,112508	0,084938	1,872641	-1856,946364	-1602,348842	-1600,703973	-954,171302	-1559,677139	8,924726	949,575894	22,022704	23,147084	25,866227	23,048093	23,154779	-2,910885	0,819759	0,974503	153813,343890	-0,202602	3,020246	-0,062888	0,000000	2,030637	-0,124496	-0,124489	13,996045	-0,015966	3,171194	1,793218
116,200000	7,459921	7,492358	0,114005	0,085095	1,872988	-1874,584395	-1605,323886	-1604,581082	-960,539059	-1566,044896	8,922847	947,451582	22,019515	23,146519	25,865368	23,040065	23,154162	-2,910845	0,819085	0,975065	153816,486712	-0,202783	3,020335	-0,062970	0,000000	2,028743	-0,124493	-0,124489	13,978485	-0,016286	3,167098	1,790925
116,400000	7,459777	7,492097	0,113665	0,083756	1,871653	-1873,644025	-1593,732208	-1599,877195	-954,847803	-1560,353640	8,921057	946,837237	22,020298	23,145378	25,858739	23,035919	23,156745	-2,910798	0,819662	0,975258	153827,789958	-0,203136	3,020598	-0,063046	0,000000	2,027299	-0,124490	-0,124492	13,973461	-0,016436	3,168185	1,790261
116,600000	7,459498	7,491539	0,111801	0,082788	1,870510	-1854,383305	-1587,922633	-1596,125707	-946,718772	-1552,224609	8,919444	948,750018	22,024661	23,148486	25,853804	23,040915	23,161789	-2,910800	0,819335	0,974854	153843,494603	-0,203589	3,020657	-0,063113	0,000000	2,027759	-0,124486	-0,124493	13,989878	-0,016748	3,173265	1,792327
116,800000	7,459291	7,491362	0,111670	0,082850	1,872213	-1848,355019	-1590,045835	-1596,248082	-944,105238	-1549,611075	8,917891	950,454368	22,026693	23,152009	25,857033	23,050997	23,164721	-2,910872	0,819682	0,974177	153841,076988	-0,203407	3,020608	-0,063165	0,000000	2,029165	-0,124482	-0,124494	14,004345	-0,016877	3,173517	1,794166
117,000000	7,459495	7,491652	0,113571	0,083436	1,873629	-1857,172862	-1588,200128	-1596,625724	-944,391832	-1549,897669	8,916067	951,615337	22,022757	23,150848	25,864746	23,055977	23,163945	-2,910948	0,819904	0,973805	153828,885753	-0,203200	3,020524	-0,062668	0,000000	2,030048	-0,124485	-0,124497	14,013894	-0,016665	3,168213	1,795418
117,200000	7,459983	7,491969	0,115528	0,083997	1,873709	-1861,024467	-1580,086403	-1593,840313	-942,327814	-1547,833651	8,914138	952,584196	22,016327	23,148969	25,868363	23,052043	23,162163	-2,910856	0,818898	0,973843	153825,612447	-0,204019	3,020389	-0,062135	0,000000	2,031175	-0,124495	-0,124498	14,022007	-0,016636	3,162689	1,796463
117,400000	7,460252	7,491980	0,117033	0,084266	1,872220	-1854,923916	-1568,812227	-1586,933118	-936,044987	-1541,550824	8,912363	951,847371	22,015927	23,148939	25,864977	23,046121	23,159300	-2,910729	0,819545	0,973957	153831,948931	-0,204311	3,020343	-0,062275	0,000000	2,031238	-0,124500	-0,124493	14,015717	-0,016539	3,158346	1,795668
117,600000	7,460124	7,491854	0,116932	0,084297	1,871384	-1848,516431	-1559,370196	-1576,781008	-926,617617	-1532,123454	8,910737	950,537766	22,021809	23,147647	25,858287	23,043627	23,155595	-2,910644	0,820889	0,974382	153839,946778	-0,203209	3,020511	-0,062787	0,000000	2,029283	-0,124493	-0,124485	14,004387	-0,016218	3,158703	1,794256
117,800000	7,459612	7,492020	0,115631	0,083986	1,871450	-1837,205014	-1552,672007	-1566,879304	-916,538140	-1522,043978	8,909157	950,197200	22,026491	23,146910	25,852814	23,044221	23,153586	-2,910600	0,821278	0,975190	153836,915601	-0,201601	3,020741	-0,063393	0,000000	2,027613	-0,124481	-0,124483	14,001432	-0,016127	3,162641	1,793889
118,000000	7,459339	7,492276	0,114636	0,083271	1,872013	-1821,224909	-1552,534449	-1562,852062	-911,059910	-1516,565747	8,907498	950,310101	22,027275	23,149763	25,852340	23,046916	23,154496	-2,910612	0,820748	0,975556	153827,394961	-0,201049	3,020942	-0,063575	0,000000	2,027912	-0,124480	-0,124485	14,002559	-0,016304	3,165737	1,794011
118,200000	7,459801	7,492335	0,114285	0,083080	1,873078	-1817,106527	-1559,452772	-1564,023127	-911,928973	-1517,434811	8,905868	950,378856	22,023803	23,151411	25,858061	23,049195	23,159614	-2,910613	0,821214	0,974762	153821,320364	-0,201875	3,020925	-0,063255	0,000000	2,029276	-0,124488	-0,124486	14,003554	-0,016721	3,166779	1,794085
118,400000	7,460198	7,492424	0,115189	0,083925	1,874551	-1824,618394	-1561,527576	-1565,472916	-915,563400	-1521,069237	8,904277	950,342208	22,016154	23,149340	25,863630	23,048220	23,166563	-2,910567	0,822190	0,973587	153823,328112	-0,202677	3,020575	-0,062858	0,000000	2,030075	-0,124494	-0,124490	14,003701	-0,017176	3,163961	1,794045
118,600000	7,459979	7,492385	0,116295	0,084359	1,875294	-1833,382135	-1559,496614	-1567,001992	-919,792338	-1525,298175	8,902640	950,337769	22,011274	23,147155	25,864959	23,047670	23,167257	-2,910495	0,820974	0,973330	153827,519391	-0,203065	3,020348	-0,062705	0,000000	2,030264	-0,124498	-0,124495	14,003560	-0,017073	3,160611	1,794040
118,800000	7,459608	7,492019	0,115870	0,083410	1,875119	-1837,454105	-1560,096997	-1568,448392	-922,605986	-1528,111824	8,900981	950,385027	22,015349	23,146950	25,861628	23,049487	23,161507	-2,910438	0,818948	0,973968	153817,470341	-0,203007	3,020398	-0,062965	0,000000	2,029930	-0,124497	-0,124495	14,003480	-0,016595	3,161697	1,794091
119,000000	7,459382	7,491608	0,114271	0,082691	1,874442	-1834,259734	-1563,337080	-1569,409213	-923,266624	-1528,772461	8,899461	951,261915	22,023274	23,148160	25,856897	23,048321	23,154706	-2,910450	0,818428	0,974318	153804,167021	-0,202608	3,020530	-0,063107	0,000000	2,029230	-0,124493	-0,124493	14,010895	-0,016637	3,166157	1,795037
119,200000	7,459286	7,491258	0,113514	0,083756	1,873292	-1828,092505	-1570,643452	-1573,142965	-925,472704	-1530,978541	8,897939	953,294456	22,025573	23,148882	25,854910	23,044823	23,150350	-2,910505	0,819342	0,974187	153804,772284	-0,202151	3,020754	-0,063009	0,000000	2,028923	-0,124490	-0,124493	14,028485	-0,017149	3,168386	1,797228
119,400000	7,459296	7,491096	0,113827	0,085016	1,871301	-1833,308583	-1578,784406	-1579,365493	-931,889900	-1537,395737	8,896112	953,864919	22,022322	23,148867	25,854776	23,042068	23,151299	-2,910551	0,819655	0,974471	153811,688611	-0,201497	3,021107	-0,062993	0,000000	2,029421	-0,124489	-0,124492	14,033533	-0,017406	3,167803	1,797842
119,600000	7,459370	7,491297	0,113768	0,084441	1,870504	-1846,908417	-1579,261653	-1582,737566	-936,915741	-1542,421578	8,894265	952,807813	22,018477	23,148806	25,857221	23,042998	23,157892	-2,910760	0,819327	0,974666	153816,453058	-0,201028	3,021267	-0,062929	0,000000	2,030070	-0,124485	-0,124495	14,024537	-0,017288	3,168242	1,796704
119,800000	7,459514	7,491452	0,113382	0,083320	1,872148	-1851,107357	-1576,091360	-1583,434334	-937,436056	-1542,941894	8,892631	953,205396	22,016172	23,147961	25,861104	23,048862	23,167127	-2,910938	0,817200	0,974153	153817,968992	-0,201604	3,021056	-0,062811	0,000000	2,029623	-0,124484	-0,124500	14,027641	-0,017053	3,169228	1,797132
120,000000	7,459839	7,491425	0,113212	0,083477	1,872946	-1850,393277	-1579,771881	-1585,521092	-938,803025	-1544,308863	8,890981	954,477865	22,016278	23,147542	25,863331	23,054182	23,169527	-2,910729	0,812601	0,973782	153818,954956	-0,202801	3,020878	-0,062868	0,000000	2,029302	-0,124489	-0,124495	14,037967	-0,016694	3,169543	1,798502
120,200000	7,460106	7,491536	0,114000	0,083522	1,872803	-1852,379344	-1583,890114	-1588,196801	-940,861731	-1546,367568	8,889290	954,906327	22,018248	23,148933	25,864799	23,055030	23,161259	-2,910499	0,809517	0,974201	153821,674986	-0,203394	3,020876	-0,063022	0,000000	2,029751	-0,124493	-0,124486	14,041175	-0,016306	3,167339	1,798964
120,400000	7,459840	7,491635	0,114807	0,083032	1,871712	-1852,978929	-1581,818584	-1588,669549	-939,718401	-1545,224238	8,887715	954,784980	22,021039	23,150181	25,865627	23,051094	23,152318	-2,910568	0,809059	0,974846	153820,008203	-0,203574	3,021032	-0,063048	0,000000	2,029899	-0,124493	-0,124486	14,040338	-0,016488	3,165242	1,798833
120,600000	7,459565	7,491787	0,114444	0,083841	1,871614	-1848,324105	-1576,219923	-1585,775229	-936,254024	-1541,759862	8,886175	954,570877	22,021852	23,149671	25,861416	23,044017	23,152100	-2,910591	0,809501	0,974979	153817,158529	-0,203114	3,021368	-0,062914	0,000000	2,029716	-0,124494	-0,124490	14,039401	-0,017348	3,166642	1,798603
120,800000	7,459705	7,492056	0,114335	0,084375	1,871657	-1839,224990	-1565,106138	-1578,811435	-929,981353	-1535,487190	8,884452	954,462575	22,020422	23,148502	25,854676	23,039288	23,158728	-2,910536	0,811364	0,974786	153820,889152	-0,202266	3,021517	-0,062577	0,000000	2,028879	-0,124495	-0,124483	14,039219	-0,018074	3,167149	1,798486
121,000000	7,459720	7,491898	0,114528	0,083493	1,873282	-1826,860501	-1551,704518	-1569,088369	-918,734932	-1524,240769	8,882603	954,453136	22,020297	23,148158	25,852447	23,040869	23,163821	-2,910649	0,815201	0,974379	153826,285012	-0,202222	3,021191	-0,062498	0,000000	2,028295	-0,124492	-0,124476	14,039335	-0,018269	3,166180	1,798476
121,200000	7,459563	7,491525	0,113857	0,083366	1,874901	-1813,448105	-1543,826610	-1559,779580	-905,581506	-1511,087343	8,880986	955,341533	22,021685	23,149795	25,855945	23,047876	23,164450	-2,910777	0,819211	0,973631	153828,506239	-0,202373	3,020667	-0,062781	0,000000	2,029043	-0,124488	-0,124482	14,046831	-0,018309	3,167420	1,799432
121,400000	7,459444	7,491460	0,113524	0,083849	1,875004	-1799,318363	-1538,818645	-1552,706982	-895,810417	-1501,316254	8,879553	957,459669	22,020695	23,151119	25,863037	23,055003	23,162055	-2,910791	0,822548	0,973322	153826,162249	-0,202722	3,020395	-0,062782	0,000000	2,030653	-0,124481	-0,124496	14,064412	-0,018126	3,168118	1,801711
121,600000	7,459221	7,491503	0,114266	0,083874	1,874087	-1787,344048	-1533,532656	-1547,633066	-891,147818	-1496,653655	8,877882	959,003991	22,016541	23,148700	25,868694	23,054844	23,158095	-2,910726	0,824589	0,973993	153821,714816	-0,203582	3,020597	-0,062625	0,000000	2,031179	-0,124482	-0,124499	14,076859	-0,017631	3,166323	1,803371
121,800000	7,458988	7,491470	0,114491	0,083788	1,872721	-1784,385845	-1528,687405	-1542,794219	-888,841963	-1494,347801	8,876146	959,181023	22,015335	23,145754	25,866473	23,047985	23,157354	-2,910628	0,824789	0,974915	153815,377637	-0,204227	3,021098	-0,062637	0,000000	2,030289	-0,124490	-0,124490	14,078015	-0,017304	3,166205	1,803561
122,000000	7,458977	7,491505	0,113994	0,083740	1,872106	-1781,926448	-1524,505797	-1538,459861	-887,601683	-1493,107521	8,874594	958,938526	22,020808	23,146264	25,858323	23,041677	23,161322	-2,910552	0,823135	0,975141	153820,172398	-0,203896	3,021281	-0,062874	0,000000	2,029193	-0,124497	-0,124482	14,076005	-0,017326	3,167729	1,803301
122,200000	7,459109	7,491591	0,113830	0,083657	1,870443	-1782,543255	-1524,828264	-1536,736545	-887,668736	-1493,174573	8,872950	958,815651	22,026631	23,148281	25,853643	23,041618	23,161187	-2,910641	0,819971	0,974567	153833,620649	-0,203292	3,021053	-0,063089	0,000000	2,027802	-0,124495	-0,124484	14,075036	-0,017386	3,167919	1,803168
122,400000	7,459121	7,491535	0,113689	0,083706	1,869658	-1798,294827	-1530,611322	-1537,569541	-888,728879	-1494,234716	8,871312	957,932987	22,025477	23,148814	25,854389	23,047844	23,156187	-2,910852	0,818088	0,974038	153826,244131	-0,203018	3,020858	-0,063094	0,000000	2,027699	-0,124492	-0,124489	14,067654	-0,017401	3,168096	1,802220
122,600000	7,459184	7,491549	0,113984	0,083999	1,869733	-1812,704278	-1532,457557	-1538,683134	-889,204129	-1494,709966	8,869642	955,857390	22,020455	23,149532	25,856500	23,053527	23,157792	-2,910845	0,818324	0,974161	153809,250604	-0,202268	3,020696	-0,063126	0,000000	2,029630	-0,124495	-0,124492	14,050282	-0,017432	3,167107	1,799987
122,800000	7,459559	7,491776	0,114930	0,083979	1,870606	-1812,701519	-1530,693311	-1539,615970	-889,237617	-1494,743454	8,867816	954,406305	22,017069	23,150601	25,858684	23,054223	23,164729	-2,910708	0,819604	0,974692	153804,044477	-0,202145	3,020528	-0,063101	0,000000	2,031467	-0,124497	-0,124499	14,037890	-0,017218	3,164338	1,798425
123,000000	7,459943	7,491952	0,115194	0,083603	1,871039	-1812,815916	-1537,674216	-1541,338854	-894,157858	-1499,663696	8,866243	955,192634	22,013940	23,147426	25,861619	23,051084	23,167085	-2,910679	0,820156	0,974908	153809,919818	-0,203034	3,020528	-0,063072	0,000000	2,031308	-0,124495	-0,124503	14,044131	-0,016859	3,163722	1,799272
123,200000	7,459743	7,491908	0,115163	0,083476	1,872050	-1820,151241	-1549,173900	-1544,026718	-902,377973	-1507,883810	8,864792	957,545786	22,011770	23,143419	25,861394	23,047335	23,163863	-2,910713	0,819781	0,974878	153820,448808	-0,203609	3,020670	-0,063188	0,000000	2,029851	-0,124494	-0,124496	14,063697	-0,016689	3,163982	1,801803
123,400000	7,459304	7,491669	0,115198	0,083575	1,873235	-1827,101219	-1558,012746	-1549,944512	-909,155578	-1514,661415	8,863133	959,153791	22,016208	23,144752	25,856991	23,046301	23,158081	-2,910729	0,820479	0,975186	153827,017141	-0,203323	3,020762	-0,063275	0,000000	2,028785	-0,124492	-0,124491	14,077123	-0,016640	3,163828	1,803532
123,600000	7,459360	7,491391	0,114159	0,083919	1,873918	-1832,142754	-1570,161786	-1559,978539	-916,752917	-1522,258754	8,861408	958,411533	22,025110	23,148473	25,854571	23,048020	23,152528	-2,910825	0,820748	0,975336	153830,437371	-0,202556	3,020804	-0,063200	0,000000	2,028778	-0,124491	-0,124492	14,070836	-0,016572	3,166653	1,802734
123,800000	7,459460	7,491218	0,113464	0,084599	1,874289	-1837,947033	-1580,431994	-1570,249266	-925,056654	-1530,562491	8,859747	956,046733	22,027791	23,150528	25,854971	23,049365	23,154419	-2,910993	0,819489	0,975238	153831,339064	-0,202332	3,020906	-0,063014	0,000000	2,029531	-0,124494	-0,124487	14,051049	-0,016611	3,168655	1,800191
124,000000	7,459461	7,491126	0,114325	0,084831	1,874521	-1840,714806	-1577,930420	-1575,929390	-928,263337	-1533,769174	8,858126	954,395602	22,020952	23,150024	25,856568	23,049310	23,164485	-2,910845	0,817038	0,975182	153831,719785	-0,202451	3,020944	-0,062951	0,000000	2,030145	-0,124493	-0,124481	14,037551	-0,016969	3,166233	1,798414
124,200000	7,459645	7,491057	0,114420	0,084386	1,874335	-1834,792620	-1564,104226	-1573,453654	-921,960098	-1527,465936	8,856473	955,098128	22,014261	23,148083	25,859749	23,050979	23,170828	-2,910522	0,815089	0,975101	153831,177870	-0,202756	3,020927	-0,063050	0,000000	2,030067	-0,124491	-0,124486	14,043855	-0,017376	3,165975	1,799170
124,400000	7,459770	7,490869	0,112967	0,084287	1,872928	-1817,774880	-1546,788541	-1564,162653	-908,654989	-1514,160826	8,854899	957,454238	22,014876	23,146718	25,862747	23,053903	23,167973	-2,910589	0,814459	0,975009	153823,918685	-0,203600	3,020973	-0,063042	0,000000	2,029506	-0,124490	-0,124493	14,063662	-0,017421	3,170134	1,801705
124,600000	7,459564	7,490874	0,111887	0,084792	1,871616	-1796,079816	-1537,571792	-1555,121579	-898,187634	-1503,693471	8,853506	958,214729	22,018879	23,146479	25,862359	23,054108	23,160474	-2,910837	0,812876	0,974794	153816,309740	-0,203245	3,021041	-0,062911	0,000000	2,029672	-0,124488	-0,124494	14,069747	-0,017132	3,173286	1,802523
124,800000	7,459288	7,491433	0,112315	0,084725	1,872126	-1790,579809	-1541,618253	-1551,373088	-897,462432	-1502,968269	8,852084	956,315807	22,021825	23,146918	25,859911	23,050867	23,153801	-2,910848	0,808662	0,974835	153816,859538	-0,201531	3,021114	-0,062934	0,000000	2,030269	-0,124487	-0,124494	14,053282	-0,016588	3,172321	1,800481
125,000000	7,459345	7,491991	0,113207	0,083337	1,874359	-1805,332794	-1551,233125	-1552,949482	-904,153165	-1509,659003	8,850338	954,581883	22,022425	23,147367	25,858264	23,045981	23,152651	-2,910848	0,803630	0,975204	153820,266644	-0,201058	3,021081	-0,062893	0,000000	2,029620	-0,124491	-0,124494	14,038589	-0,016443	3,169928	1,798614
125,200000	7,459430	7,492081	0,113811	0,082407	1,875847	-1821,962815	-1556,296238	-1557,442270	-912,933546	-1518,439383	8,848435	955,121670	22,020723	23,148007	25,858410	23,042650	23,158867	-2,910912	0,804439	0,975369	153819,330486	-0,201897	3,020922	-0,062699	0,000000	2,028763	-0,124494	-0,124495	14,043801	-0,017125	3,168071	1,799196
125,400000	7,459235	7,491734	0,114480	0,083200	1,875794	-1831,759466	-1556,153631	-1561,570391	-918,052465	-1523,558303	8,846748	957,402152	22,018995	23,148643	25,860170	23,046048	23,166964	-2,910880	0,809022	0,975246	153813,580567	-0,203151	3,020726	-0,062699	0,000000	2,028607	-0,124490	-0,124498	14,063439	-0,017635	3,165846	1,801649
125,600000	7,458913	7,491138	0,114492	0,083768	1,873962	-1831,103454	-1554,404112	-1562,767583	-914,733241	-1520,239078	8,845005	959,065013	22,019124	23,148010	25,859728	23,055368	23,168475	-2,910880	0,812939	0,975078	153805,232906	-0,204262	3,020692	-0,062882	0,000000	2,029025	-0,124486	-0,124501	14,077092	-0,017353	3,165556	1,803436
125,800000	7,458828	7,490648	0,113793	0,083314	1,872498	-1817,118828	-1547,740165	-1560,044182	-905,771387	-1511,277225	8,843058	959,243335	22,019708	23,147420	25,858284	23,062209	23,162255	-2,910736	0,817959	0,975100	153801,574849	-0,203903	3,020891	-0,063038	0,000000	2,030765	-0,124487	-0,124500	14,078292	-0,017059	3,167560	1,803628
126,000000	7,459129	7,490699	0,114028	0,083424	1,871462	-1800,407351	-1534,817592	-1553,827409	-897,675847	-1503,181684	8,841472	959,810558	22,019066	23,148284	25,860560	23,060639	23,154509	-2,910508	0,822675	0,975337	153807,151807	-0,202744	3,020934	-0,062852	0,000000	2,031791	-0,124489	-0,124493	14,083479	-0,017496	3,166968	1,804237
126,200000	7,459472	7,491061	0,114436	0,083631	1,872531	-1790,958434	-1523,956842	-1546,380713	-891,989154	-1497,494991	8,840333	961,722592	22,018071	23,147522	25,862694	23,051043	23,152231	-2,910583	0,826117	0,975383	153812,342805	-0,202237	3,021015	-0,062694	0,000000	2,030740	-0,124489	-0,124486	14,099996	-0,018007	3,166060	1,806290
126,400000	7,459422	7,491009	0,113118	0,082288	1,872451	-1787,719316	-1522,558127	-1539,756868	-888,414280	-1493,920117	8,839075	962,325665	22,017767	23,145437	25,858814	23,042290	23,155412	-2,910702	0,827671	0,975009	153821,229442	-0,202125	3,021137	-0,062950	0,000000	2,029182	-0,124488	-0,124483	14,105083	-0,018049	3,169900	1,806938
126,600000	7,459183	7,490782	0,112285	0,080870	1,870173	-1788,837374	-1525,268511	-1535,623861	-887,390090	-1492,895927	8,837326	960,393091	22,020322	23,146723	25,852055	23,043312	23,159931	-2,910768	0,826842	0,974612	153835,963172	-0,202526	3,020900	-0,063218	0,000000	2,028537	-0,124487	-0,124483	14,088894	-0,018033	3,171856	1,804863
126,800000	7,459087	7,490955	0,113099	0,081489	1,868479	-1793,941225	-1528,520950	-1536,378499	-889,944409	-1495,450246	8,835447	958,685319	22,024784	23,150278	25,851867	23,051846	23,162870	-2,910967	0,825016	0,974366	153835,941670	-0,203255	3,020815	-0,063277	0,000000	2,028757	-0,124489	-0,124485	14,074499	-0,017941	3,169470	1,803028
127,000000	7,459044	7,491185	0,113324	0,083216	1,869092	-1801,849150	-1535,856893	-1539,986189	-894,653153	-1500,158990	8,833820	958,471073	22,023551	23,151714	25,858246	23,058797	23,161556	-2,911108	0,824697	0,974321	153831,228561	-0,202764	3,021118	-0,062993	0,000000	2,029282	-0,124494	-0,124488	14,072349	-0,017586	3,169286	1,802798
127,200000	7,459001	7,491176	0,113273	0,084008	1,871765	-1807,550347	-1541,616502	-1543,677311	-896,810060	-1502,315898	8,832101	959,618278	22,017568	23,150608	25,863540	23,057787	23,159454	-2,910794	0,826248	0,974803	153835,688959	-0,202113	3,021303	-0,062633	0,000000	2,030430	-0,124495	-0,124492	14,081791	-0,017418	3,169691	1,804031
127,400000	7,458870	7,491063	0,113578	0,083808	1,872905	-1807,806368	-1543,091423	-1547,896452	-897,348742	-1502,854579	8,830247	961,855782	22,015934	23,149424	25,866623	23,051652	23,159607	-2,910279	0,826378	0,975038	153833,168692	-0,203130	3,021202	-0,062582	0,000000	2,031350	-0,124495	-0,124495	14,100535	-0,017432	3,168719	1,806433
127,600000	7,458753	7,490985	0,112403	0,083625	1,873140	-1809,878160	-1545,592367	-1551,176249	-901,230638	-1506,736475	8,828607	962,486057	22,019704	23,148141	25,866289	23,047502	23,158259	-2,910455	0,822984	0,974646	153824,640902	-0,204081	3,021173	-0,062638	0,000000	2,030578	-0,124499	-0,124496	14,105613	-0,017238	3,172017	1,807110
127,800000	7,458689	7,490999	0,110725	0,083452	1,872161	-1812,175674	-1548,528103	-1553,915006	-907,664038	-1513,169875	8,827195	960,512325	22,024431	23,146567	25,860049	23,047818	23,155437	-2,911083	0,817456	0,974776	153822,287890	-0,203517	3,021257	-0,062653	0,000000	2,028789	-0,124500	-0,124489	14,088985	-0,017125	3,176857	1,804991
128,000000	7,458463	7,491015	0,111148	0,083081	1,870758	-1809,190182	-1549,486106	-1558,269538	-911,581399	-1517,087236	8,825819	959,667317	22,026690	23,147901	25,852919	23,050211	23,154512	-2,911308	0,813622	0,975195	153822,801627	-0,202589	3,021187	-0,062768	0,000000	2,028043	-0,124498	-0,124481	14,081846	-0,017062	3,175487	1,804084
128,200000	7,458445	7,491073	0,112413	0,082927	1,868700	-1811,394075	-1547,105333	-1560,037252	-909,430752	-1514,936589	8,824413	960,629262	22,025938	23,151330	25,854983	23,053850	23,157023	-2,911174	0,812445	0,975220	153821,224489	-0,201767	3,021167	-0,062952	0,000000	2,028912	-0,124496	-0,124480	14,089881	-0,017043	3,171862	1,805117
128,400000	7,458826	7,491113	0,112915	0,083091	1,869263	-1814,228416	-1538,775982	-1555,319799	-901,760062	-1507,265899	8,822971	960,216036	22,021946	23,151172	25,865373	23,057255	23,161841	-2,910973	0,813779	0,975231	153823,064081	-0,201229	3,021248	-0,062958	0,000000	2,030369	-0,124493	-0,124482	14,086831	-0,017452	3,170641	1,804673
128,600000	7,459088	7,491145	0,112586	0,083136	1,870645	-1810,521722	-1531,619488	-1549,162709	-895,416346	-1500,922183	8,821228	958,966662	22,014831	23,147655	25,872196	23,056176	23,166298	-2,910751	0,817373	0,975249	153827,517603	-0,202023	3,021102	-0,062894	0,000000	2,030860	-0,124493	-0,124487	14,076713	-0,017798	3,171551	1,803331
128,800000	7,459266	7,491174	0,112092	0,082937	1,871164	-1808,049041	-1533,170052	-1547,274403	-895,191070	-1500,696907	8,819258	958,632982	22,011264	23,145969	25,871203	23,054215	23,165819	-2,910656	0,819905	0,975174	153820,805597	-0,203286	3,020954	-0,062966	0,000000	2,030015	-0,124497	-0,124491	14,073572	-0,017452	3,172822	1,802972
129,000000	7,459608	7,491111	0,112014	0,082848	1,871892	-1807,666680	-1539,903042	-1549,354479	-898,141489	-1503,647326	8,817676	958,829190	22,017082	23,146598	25,864959	23,055405	23,159279	-2,910793	0,820279	0,974935	153804,544918	-0,203243	3,021021	-0,063085	0,000000	2,029306	-0,124495	-0,124493	14,074392	-0,016628	3,173019	1,803183
129,200000	7,459718	7,491043	0,112163	0,083407	1,872621	-1810,481835	-1542,724495	-1551,033309	-900,162110	-1505,667947	8,816527	959,002047	22,026033	23,147434	25,858392	23,054738	23,153672	-2,910947	0,820677	0,974720	153796,419109	-0,202922	3,021036	-0,063157	0,000000	2,029198	-0,124488	-0,124493	14,075310	-0,016098	3,172504	1,803369
129,400000	7,459354	7,490897	0,112276	0,083927	1,873463	-1808,782478	-1537,521084	-1549,787122	-898,375204	-1503,881041	8,815076	959,899220	22,027880	23,148201	25,856791	23,050764	23,153047	-2,910930	0,822509	0,974859	153804,058878	-0,203724	3,021121	-0,063188	0,000000	2,029570	-0,124488	-0,124491	14,082906	-0,016180	3,172192	1,804333
129,600000	7,459104	7,490806	0,111913	0,083577	1,872862	-1800,440283	-1534,322332	-1547,852496	-895,466190	-1500,972028	8,813241	961,967061	22,022659	23,148138	25,857559	23,049318	23,157338	-2,910756	0,823745	0,974902	153814,463448	-0,204492	3,021303	-0,063176	0,000000	2,030216	-0,124492	-0,124488	14,100368	-0,016334	3,173393	1,806553
129,800000	7,459380	7,491071	0,112350	0,082910	1,872167	-1801,481779	-1536,299755	-1547,882354	-896,808849	-1502,314686	8,811520	962,553910	22,018192	23,146525	25,859119	23,053186	23,166659	-2,910598	0,823596	0,974660	153816,520074	-0,204320	3,021399	-0,063135	0,000000	2,030380	-0,124492	-0,124489	14,105333	-0,016390	3,172382	1,807182
130,000000	7,459461	7,491217	0,112722	0,082901	1,870671	-1810,520993	-1543,358417	-1551,433971	-902,523767	-1508,029605	8,809721	960,608116	22,018395	23,145178	25,862866	23,057715	23,172841	-2,910705	0,824154	0,974482	153813,508640	-0,203368	3,021494	-0,063303	0,000000	2,030432	-0,124487	-0,124494	14,088914	-0,016253	3,171528	1,805094
130,200000	7,459093	7,490873	0,111630	0,083663	1,869440	-1813,791380	-1555,089201	-1558,222696	-910,122317	-1515,628154	8,807869	959,842656	22,020810	23,146015	25,865211	23,059516	23,167253	-2,910908	0,824853	0,974451	153811,765776	-0,202292	3,021438	-0,063499	0,000000	2,030439	-0,124485	-0,124501	14,081874	-0,015622	3,174473	1,804272
130,400000	7,458965	7,490614	0,111274	0,084099	1,868283	-1816,575812	-1561,844605	-1565,837191	-917,138684	-1522,644521	8,806568	960,870877	22,023842	23,148262	25,862841	23,057622	23,156949	-2,910892	0,824841	0,974425	153820,558054	-0,202184	3,021313	-0,063369	0,000000	2,030508	-0,124492	-0,124503	14,089905	-0,015045	3,175213	1,805376
130,600000	7,458986	7,490924	0,112274	0,084027	1,867374	-1825,581618	-1560,265265	-1569,894904	-921,356681	-1526,862519	8,805542	960,488209	22,025794	23,149213	25,862156	23,051100	23,152085	-2,910692	0,825357	0,974328	153833,109748	-0,202541	3,021224	-0,063094	0,000000	2,030378	-0,124501	-0,124497	14,086834	-0,015177	3,172361	1,804965
130,800000	7,458883	7,491477	0,112773	0,083970	1,867462	-1829,280445	-1558,035262	-1570,621238	-923,607791	-1529,113629	8,804022	959,219815	22,022859	23,148730	25,867640	23,046021	23,154320	-2,910511	0,826836	0,974151	153833,735515	-0,202277	3,020985	-0,062909	0,000000	2,029176	-0,124503	-0,124491	14,076710	-0,015674	3,170957	1,803603
131,000000	7,458996	7,491394	0,111832	0,083524	1,869012	-1830,894798	-1562,292578	-1572,130382	-925,758044	-1531,263881	8,801893	958,797967	22,017898	23,148623	25,868210	23,047716	23,159331	-2,910583	0,826529	0,974432	153824,172820	-0,201852	3,020889	-0,063112	0,000000	2,028169	-0,124493	-0,124489	14,073570	-0,016068	3,173517	1,803149
131,200000	7,459371	7,490801	0,111044	0,082807	1,871078	-1835,821795	-1566,189404	-1573,960034	-926,416437	-1531,922274	8,799802	957,968018	22,017403	23,149712	25,859513	23,053825	23,161688	-2,910838	0,823326	0,975078	153816,987492	-0,201816	3,020881	-0,063535	0,000000	2,028621	-0,124480	-0,124490	14,066975	-0,016427	3,175433	1,802257
131,400000	7,459529	7,490642	0,110759	0,083132	1,873265	-1836,698359	-1569,851294	-1577,066509	-927,380256	-1532,886094	8,798262	955,938433	22,020089	23,151060	25,854018	23,060958	23,161827	-2,910941	0,819129	0,975004	153819,506815	-0,201969	3,020646	-0,063696	0,000000	2,029940	-0,124479	-0,124490	14,050318	-0,016789	3,175870	1,800075
131,600000	7,459335	7,490753	0,110743	0,084312	1,873955	-1839,258823	-1577,103156	-1581,615383	-931,428561	-1536,934399	8,796875	954,444452	22,019719	23,149659	25,859336	23,063839	23,161040	-2,910840	0,815431	0,974793	153823,028403	-0,202396	3,020636	-0,063548	0,000000	2,030816	-0,124489	-0,124487	14,038037	-0,017044	3,176017	1,798466
131,800000	7,459134	7,490727	0,112460	0,084599	1,872410	-1843,612726	-1575,591229	-1583,619706	-933,826726	-1539,332563	8,795355	954,293484	22,016775	23,146375	25,864778	23,058630	23,158817	-2,910690	0,814305	0,975154	153819,384551	-0,202975	3,021134	-0,063122	0,000000	2,030668	-0,124499	-0,124486	14,036760	-0,017035	3,171722	1,798304
132,000000	7,459021	7,490825	0,113776	0,083882	1,870556	-1844,145257	-1566,828827	-1581,464495	-930,909828	-1536,415665	8,793947	953,649187	22,018154	23,144921	25,864963	23,050835	23,157903	-2,910688	0,815028	0,975501	153823,469545	-0,202923	3,021631	-0,062887	0,000000	2,029762	-0,124505	-0,124482	14,031276	-0,016961	3,168546	1,797610
132,200000	7,459049	7,491061	0,112885	0,083296	1,869884	-1841,928127	-1562,225000	-1576,689736	-925,506056	-1531,011893	8,792744	951,669333	22,024641	23,146060	25,863669	23,048025	23,158501	-2,910919	0,815688	0,975337	153833,427125	-0,202585	3,021693	-0,063178	0,000000	2,028653	-0,124500	-0,124478	14,014665	-0,016983	3,171213	1,795476
132,400000	7,459261	7,491188	0,111618	0,082962	1,870959	-1834,916408	-1561,527886	-1573,546552	-921,546303	-1527,052141	8,791320	951,073970	22,028767	23,147361	25,858932	23,050701	23,158013	-2,911043	0,816407	0,974748	153833,304396	-0,202771	3,021671	-0,063481	0,000000	2,028052	-0,124488	-0,124486	14,009601	-0,016923	3,174789	1,794835
132,600000	7,459380	7,491142	0,111059	0,082587	1,870770	-1829,262639	-1560,982329	-1571,925745	-919,067144	-1524,572982	8,789236	953,013553	22,026325	23,148292	25,857395	23,054914	23,158110	-2,910856	0,817731	0,974070	153830,040979	-0,202808	3,021735	-0,063390	0,000000	2,028887	-0,124486	-0,124498	14,025817	-0,016840	3,176411	1,796925
132,800000	7,459367	7,491304	0,111822	0,082521	1,869517	-1827,091429	-1553,889253	-1567,683705	-914,818673	-1520,324510	8,786949	954,743871	22,021894	23,151086	25,862118	23,057391	23,160596	-2,910631	0,819018	0,973362	153819,853601	-0,202055	3,021488	-0,063038	0,000000	2,030814	-0,124493	-0,124503	14,040218	-0,016712	3,174050	1,798789
133,000000	7,459287	7,491714	0,112499	0,082714	1,869081	-1819,942573	-1545,600352	-1562,696354	-910,349780	-1515,855617	8,785325	955,023233	22,019354	23,151972	25,866437	23,057240	23,164625	-2,910636	0,818981	0,973346	153805,446576	-0,201277	3,020983	-0,062795	0,000000	2,031549	-0,124498	-0,124502	14,042364	-0,016514	3,171777	1,799090
133,200000	7,459118	7,491682	0,112273	0,082766	1,870289	-1816,420224	-1546,748037	-1559,891743	-909,904042	-1515,409879	8,784105	954,818091	22,017531	23,147580	25,866493	23,056038	23,166151	-2,910854	0,817683	0,974360	153801,693328	-0,201709	3,020641	-0,062829	0,000000	2,030606	-0,124499	-0,124496	14,040337	-0,016209	3,172099	1,798869
133,400000	7,459056	7,491263	0,112685	0,082791	1,870289	-1824,508123	-1552,263193	-1559,868153	-912,308315	-1517,814152	8,782563	954,726600	22,018054	23,144210	25,860706	23,055520	23,161425	-2,910982	0,816680	0,975365	153805,171387	-0,203290	3,020579	-0,062904	0,000000	2,029670	-0,124496	-0,124493	14,039168	-0,015807	3,170678	1,798770
133,600000	7,458965	7,490849	0,112565	0,082850	1,871295	-1836,119685	-1561,875470	-1563,254442	-915,977254	-1521,483091	8,780891	955,617608	22,023692	23,146208	25,853198	23,055160	23,154499	-2,910982	0,818435	0,975840	153810,566993	-0,204312	3,020825	-0,062856	0,000000	2,029669	-0,124494	-0,124495	14,046550	-0,015712	3,171022	1,799729
133,800000	7,458693	7,490483	0,112182	0,083273	1,872034	-1846,654208	-1573,447335	-1568,753571	-922,593077	-1528,098914	8,779441	956,821182	22,029721	23,149480	25,848665	23,052547	23,153112	-2,911029	0,819875	0,975950	153818,963726	-0,204193	3,021196	-0,062803	0,000000	2,030153	-0,124494	-0,124496	14,056924	-0,015991	3,172282	1,801024
134,000000	7,458706	7,490391	0,112717	0,083902	1,870837	-1854,233656	-1582,955986	-1577,101765	-933,910239	-1539,416077	8,778139	956,176013	22,027288	23,150355	25,851093	23,050195	23,159095	-2,911044	0,819646	0,975877	153830,885042	-0,203843	3,021179	-0,062805	0,000000	2,030259	-0,124495	-0,124492	14,051895	-0,016373	3,170719	1,800330
134,200000	7,459139	7,490707	0,112795	0,083435	1,869425	-1859,382253	-1595,430470	-1588,368156	-947,234329	-1552,740166	8,776535	954,797687	22,018543	23,149898	25,859154	23,053792	23,166275	-2,910911	0,821486	0,975753	153838,544650	-0,203209	3,020820	-0,062936	0,000000	2,029905	-0,124491	-0,124488	14,040588	-0,016630	3,170330	1,798847
134,400000	7,459353	7,491074	0,113183	0,082463	1,869462	-1865,125301	-1601,867647	-1596,486270	-954,108798	-1559,614636	8,774665	953,523409	22,014728	23,148726	25,864344	23,060447	23,168053	-2,910731	0,822475	0,975394	153843,991793	-0,202111	3,020590	-0,063156	0,000000	2,029601	-0,124486	-0,124487	14,029977	-0,016718	3,169189	1,797474
134,600000	7,459052	7,490977	0,113518	0,082628	1,872177	-1866,579830	-1596,814692	-1597,357217	-950,958367	-1556,464204	8,773151	952,440473	22,018962	23,146546	25,864001	23,063550	23,164338	-2,910763	0,819230	0,975036	153850,662402	-0,201451	3,020604	-0,063257	0,000000	2,029527	-0,124489	-0,124491	14,020853	-0,016690	3,168234	1,796308
134,800000	7,458748	7,490564	0,112707	0,083179	1,873621	-1856,864375	-1589,420001	-1593,564760	-943,580352	-1549,086189	8,771854	953,217597	22,024684	23,145639	25,861203	23,061554	23,158290	-2,910830	0,814682	0,975019	153840,908552	-0,201567	3,020698	-0,063311	0,000000	2,029513	-0,124494	-0,124493	14,026976	-0,016285	3,170468	1,797145
135,000000	7,458838	7,490573	0,112645	0,083176	1,873855	-1843,079335	-1584,401243	-1590,313697	-938,565271	-1544,071108	8,770253	954,637550	22,025776	23,147134	25,860060	23,055311	23,153055	-2,910805	0,810457	0,975191	153825,841861	-0,202004	3,020720	-0,063283	0,000000	2,029758	-0,124495	-0,124492	14,038443	-0,015830	3,170644	1,798674
135,200000	7,459108	7,490993	0,112722	0,083140	1,872117	-1840,761872	-1582,429158	-1588,590020	-937,565594	-1543,071431	8,768586	954,970726	22,022648	23,148371	25,861105	23,048250	23,154404	-2,910831	0,805597	0,975197	153822,168923	-0,203120	3,020713	-0,063213	0,000000	2,030030	-0,124491	-0,124490	14,041481	-0,016071	3,170570	1,799033
135,400000	7,459167	7,491100	0,112529	0,083996	1,870035	-1848,624184	-1575,978304	-1585,126573	-936,435616	-1541,941453	8,767137	953,850585	22,019541	23,147709	25,862205	23,048113	23,162218	-2,910851	0,805463	0,974957	153819,599374	-0,204414	3,020831	-0,063333	0,000000	2,029516	-0,124485	-0,124494	14,032941	-0,016935	3,171302	1,797827
135,600000	7,459138	7,491038	0,113489	0,084732	1,868663	-1851,076625	-1564,475156	-1580,812462	-931,410203	-1536,916040	8,765636	951,582835	22,019238	23,147139	25,862084	23,056812	23,167518	-2,910890	0,813573	0,974924	153817,557935	-0,204177	3,020952	-0,063404	0,000000	2,029037	-0,124480	-0,124497	14,014356	-0,017401	3,168677	1,795383
135,800000	7,459364	7,491014	0,113904	0,083906	1,869944	-1844,059944	-1558,609046	-1575,754596	-923,307246	-1528,813084	8,763972	950,123112	22,021038	23,147657	25,861191	23,065465	23,166454	-2,910840	0,822509	0,974912	153813,097751	-0,203260	3,020949	-0,063341	0,000000	2,029759	-0,124483	-0,124493	14,001743	-0,017061	3,167468	1,793809
136,000000	7,459513	7,490981	0,113386	0,083408	1,871213	-1833,827036	-1556,076476	-1568,953772	-915,796456	-1521,302294	8,762317	950,047492	22,021755	23,147721	25,861465	23,067179	23,162454	-2,910692	0,825338	0,974734	153805,442841	-0,203541	3,020951	-0,063151	0,000000	2,030709	-0,124492	-0,124489	14,000722	-0,016676	3,168936	1,793727
136,200000	7,459281	7,491300	0,113162	0,083860	1,870463	-1827,149824	-1555,158346	-1565,377929	-914,622097	-1520,127934	8,760644	950,327913	22,020145	23,147354	25,861943	23,062386	23,159926	-2,910619	0,823953	0,974700	153802,185588	-0,203510	3,020981	-0,062751	0,000000	2,030628	-0,124495	-0,124493	14,002814	-0,016410	3,169734	1,794030
136,400000	7,458955	7,491548	0,113011	0,083532	1,870523	-1830,303472	-1558,818642	-1567,382745	-920,132283	-1525,638121	8,758837	951,342592	22,017201	23,146636	25,862292	23,054302	23,160599	-2,910581	0,822271	0,974899	153812,811877	-0,202807	3,020875	-0,062631	0,000000	2,029348	-0,124490	-0,124496	14,011205	-0,016269	3,170158	1,795124
136,600000	7,458873	7,491519	0,112514	0,082539	1,871302	-1839,254472	-1564,916168	-1572,876042	-926,775023	-1532,280860	8,757219	953,407587	22,016813	23,146436	25,860908	23,049149	23,162111	-2,910597	0,820940	0,975123	153829,679311	-0,202869	3,020688	-0,062967	0,000000	2,027401	-0,124486	-0,124491	14,028730	-0,016443	3,171355	1,797350
136,800000	7,458990	7,491540	0,111819	0,081875	1,872704	-1844,669573	-1569,829074	-1578,102744	-930,890166	-1536,396003	8,755988	953,968948	22,021853	23,149447	25,858576	23,052445	23,162279	-2,910672	0,820612	0,975212	153830,524069	-0,203019	3,020630	-0,063316	0,000000	2,026995	-0,124487	-0,124485	14,033563	-0,016563	3,173225	1,797954
137,000000	7,458944	7,491461	0,111812	0,082064	1,873264	-1841,765313	-1572,822773	-1582,016081	-933,540330	-1539,046167	8,754754	951,998829	22,025425	23,152075	25,857601	23,060655	23,162123	-2,910746	0,820068	0,975215	153821,347715	-0,202378	3,020627	-0,063424	0,000000	2,028367	-0,124488	-0,124488	14,017083	-0,016631	3,173173	1,795832
137,200000	7,458857	7,491399	0,112155	0,083028	1,872692	-1838,631331	-1578,851331	-1587,499049	-937,708423	-1543,214260	8,752972	950,247603	22,021510	23,150404	25,857706	23,064498	23,163380	-2,910881	0,818614	0,974965	153817,186963	-0,201980	3,020520	-0,063119	0,000000	2,029743	-0,124492	-0,124492	14,002629	-0,016900	3,172080	1,793943
137,400000	7,459063	7,491394	0,112928	0,083673	1,871191	-1843,691309	-1580,575908	-1591,080044	-939,918114	-1545,423951	8,751016	949,960651	22,014321	23,147443	25,860999	23,060971	23,165913	-2,910894	0,817325	0,974756	153817,169234	-0,203150	3,020483	-0,062737	0,000000	2,031371	-0,124500	-0,124491	14,000515	-0,017200	3,169902	1,793634
137,600000	7,459360	7,491324	0,114196	0,083393	1,870743	-1848,253905	-1572,078761	-1588,185063	-936,477227	-1541,983064	8,749568	950,195586	22,012099	23,146247	25,862311	23,056356	23,164800	-2,910775	0,816319	0,974742	153818,033914	-0,204032	3,020699	-0,062674	0,000000	2,031793	-0,124503	-0,124490	14,002564	-0,017273	3,166521	1,793887
137,800000	7,459529	7,491111	0,114234	0,083163	1,870835	-1846,431896	-1562,215395	-1580,938050	-929,801914	-1535,307752	8,748279	950,362704	22,016276	23,146612	25,858732	23,054994	23,160525	-2,910820	0,815827	0,974792	153821,564769	-0,203524	3,020877	-0,062684	0,000000	2,029823	-0,124498	-0,124489	14,003735	-0,017038	3,166476	1,794067
138,000000	7,459442	7,490763	0,113792	0,083637	1,870566	-1837,437530	-1552,907402	-1572,909469	-920,672222	-1526,178060	8,746681	950,406598	22,021467	23,148182	25,855539	23,055993	23,158924	-2,910974	0,814949	0,974965	153826,096120	-0,202764	3,020950	-0,062840	0,000000	2,027937	-0,124489	-0,124489	14,003767	-0,016701	3,167630	1,794115
138,200000	7,458962	7,490495	0,113244	0,083962	1,870768	-1827,864733	-1547,452408	-1566,547519	-912,310824	-1517,816661	8,744833	951,287661	22,024555	23,151349	25,854869	23,058632	23,159533	-2,910981	0,816425	0,974938	153826,857713	-0,201930	3,021142	-0,063066	0,000000	2,028314	-0,124487	-0,124489	14,010966	-0,016492	3,169247	1,795065
138,400000	7,458582	7,490623	0,112241	0,083737	1,871769	-1822,475828	-1547,302125	-1563,051292	-909,277627	-1514,783464	8,743197	952,470004	22,022927	23,152668	25,859000	23,059940	23,162480	-2,910795	0,820846	0,974900	153831,007664	-0,200933	3,021218	-0,062976	0,000000	2,029739	-0,124491	-0,124486	14,021038	-0,016627	3,172265	1,796340
138,600000	7,458757	7,491145	0,112739	0,083672	1,872419	-1818,821720	-1548,061556	-1562,583236	-910,199212	-1515,705050	8,741961	951,833788	22,016409	23,150580	25,867369	23,059136	23,166899	-2,910577	0,821838	0,975118	153836,508333	-0,200692	3,020954	-0,062758	0,000000	2,030139	-0,124490	-0,124486	14,015933	-0,016868	3,170875	1,795654
138,800000	7,459151	7,491382	0,113822	0,083983	1,874325	-1822,697872	-1549,542621	-1562,035074	-911,246684	-1516,752521	8,740543	950,477230	22,011228	23,148596	25,871492	23,060067	23,168590	-2,910487	0,818835	0,975300	153826,393503	-0,201724	3,020649	-0,062695	0,000000	2,029985	-0,124484	-0,124487	14,004657	-0,016996	3,167624	1,794191
139,000000	7,459374	7,491173	0,113696	0,083768	1,875485	-1826,130844	-1548,299480	-1558,763926	-909,999557	-1515,505395	8,738797	950,113459	22,013700	23,147877	25,866079	23,062381	23,164407	-2,910587	0,817654	0,975348	153814,967528	-0,202497	3,020647	-0,062881	0,000000	2,029972	-0,124484	-0,124486	14,001490	-0,016889	3,167854	1,793799
139,200000	7,459254	7,491090	0,112816	0,083138	1,874162	-1824,284692	-1551,366846	-1558,394267	-910,492962	-1515,998799	8,737411	949,399248	22,021027	23,147880	25,859301	23,061404	23,156483	-2,910658	0,819247	0,975165	153815,877561	-0,202469	3,020652	-0,063297	0,000000	2,029769	-0,124490	-0,124489	13,995110	-0,016517	3,170261	1,793028
139,400000	7,458932	7,491286	0,111996	0,083445	1,871263	-1830,090083	-1564,005710	-1564,493339	-917,613652	-1523,119489	8,736169	947,431599	22,024131	23,148960	25,858491	23,056991	23,152341	-2,910519	0,818937	0,974977	153817,860211	-0,202609	3,020492	-0,063495	0,000000	2,029367	-0,124493	-0,124494	13,978538	-0,016508	3,172486	1,790903
139,600000	7,458791	7,491381	0,112112	0,083817	1,870248	-1840,740233	-1573,738214	-1573,283621	-928,533849	-1534,039686	8,734389	945,916632	22,020498	23,150167	25,860243	23,054211	23,154569	-2,910444	0,817347	0,974852	153818,787848	-0,202510	3,020400	-0,063296	0,000000	2,029585	-0,124490	-0,124495	13,966246	-0,016978	3,172099	1,789266
139,800000	7,458969	7,491172	0,112406	0,083244	1,873535	-1846,947406	-1577,376256	-1581,917198	-937,949765	-1543,455603	8,732443	946,580888	22,016074	23,150005	25,861099	23,056887	23,160511	-2,910588	0,816173	0,974566	153817,223136	-0,202100	3,020516	-0,063213	0,000000	2,030090	-0,124485	-0,124490	13,972367	-0,017501	3,171314	1,789984
140,000000	7,459185	7,490916	0,112786	0,082986	1,876336	-1850,484415	-1575,003531	-1586,073690	-940,793457	-1546,299295	8,730893	948,898191	22,016476	23,148623	25,861490	23,063864	23,166821	-2,910718	0,815021	0,974758	153824,541816	-0,201790	3,020798	-0,063324	0,000000	2,029569	-0,124485	-0,124490	13,991870	-0,017493	3,170449	1,792487
140,200000	7,459196	7,490757	0,113901	0,083776	1,877342	-1851,698898	-1564,279400	-1582,931517	-933,828009	-1539,333846	8,729541	949,695305	22,019112	23,147552	25,859981	23,068530	23,168163	-2,910750	0,813563	0,975087	153838,473913	-0,201475	3,020922	-0,063427	0,000000	2,029349	-0,124489	-0,124496	13,997878	-0,016795	3,167342	1,793347
140,400000	7,459184	7,490590	0,113894	0,084277	1,875732	-1845,010993	-1553,868791	-1575,189173	-920,720626	-1526,226463	8,727945	948,731510	22,020917	23,148094	25,857207	23,067870	23,162035	-2,910787	0,809988	0,974642	153840,912933	-0,201843	3,020901	-0,063577	0,000000	2,030109	-0,124490	-0,124496	13,988862	-0,015888	3,167243	1,792307
140,600000	7,459308	7,490525	0,113274	0,083980	1,872864	-1828,510454	-1547,341383	-1566,700265	-911,187871	-1516,693708	8,726236	949,126992	22,023306	23,149262	25,855816	23,063455	23,154539	-2,910799	0,806638	0,974257	153836,360539	-0,202640	3,020940	-0,063521	0,000000	2,030427	-0,124493	-0,124489	13,991771	-0,015469	3,168994	1,792734
140,800000	7,459295	7,490759	0,113882	0,084114	1,870758	-1813,028720	-1544,759666	-1562,100886	-911,204009	-1516,709846	8,724629	950,287471	22,023455	23,149203	25,854654	23,056658	23,154018	-2,910678	0,805552	0,974697	153830,854379	-0,202735	3,021136	-0,063312	0,000000	2,029660	-0,124497	-0,124481	14,002029	-0,015965	3,167548	1,793986
141,000000	7,459043	7,491095	0,114039	0,083905	1,872333	-1814,430658	-1549,458449	-1561,794145	-916,001635	-1521,507472	8,723124	950,579120	22,019988	23,148108	25,855358	23,053466	23,160060	-2,910577	0,806149	0,975353	153823,662084	-0,201969	3,021358	-0,063340	0,000000	2,028120	-0,124493	-0,124477	14,005250	-0,016733	3,167477	1,794301
141,200000	7,458986	7,491116	0,114027	0,082720	1,874320	-1828,585399	-1554,345884	-1562,170219	-917,825444	-1523,331281	8,721748	951,324043	22,017464	23,147764	25,857894	23,057339	23,163748	-2,910663	0,808631	0,975393	153816,255702	-0,201890	3,021355	-0,063359	0,000000	2,027485	-0,124484	-0,124480	14,011849	-0,017069	3,167547	1,795104
141,400000	7,459171	7,490880	0,115445	0,082267	1,874239	-1837,993121	-1556,124408	-1562,721400	-916,181493	-1521,687330	8,720231	953,309572	22,018082	23,150080	25,858136	23,065140	23,162165	-2,910826	0,813904	0,974955	153818,179664	-0,203071	3,021210	-0,063114	0,000000	2,028576	-0,124483	-0,124487	14,028491	-0,017028	3,163257	1,797244
141,600000	7,459182	7,490709	0,116092	0,083103	1,873618	-1841,785063	-1558,758683	-1563,003476	-914,513553	-1520,019390	8,718452	954,799545	22,018934	23,151504	25,859396	23,072423	23,160143	-2,910940	0,818945	0,974755	153823,367073	-0,203288	3,021024	-0,062945	0,000000	2,030864	-0,124490	-0,124492	14,040766	-0,016793	3,161162	1,798849
141,800000	7,458991	7,490664	0,115456	0,083930	1,874091	-1838,646143	-1555,787301	-1560,565925	-911,401753	-1516,907590	8,716566	954,996543	22,017631	23,147604	25,862753	23,072862	23,159555	-2,910837	0,820458	0,974691	153819,901809	-0,202588	3,020814	-0,063001	0,000000	2,031926	-0,124496	-0,124495	14,042043	-0,016417	3,162805	1,799061
142,000000	7,459127	7,490509	0,114867	0,083956	1,875384	-1824,080534	-1550,492628	-1558,774470	-908,768624	-1514,274461	8,714757	955,687856	22,016732	23,143979	25,861485	23,064929	23,159729	-2,910621	0,821735	0,974553	153811,421653	-0,202494	3,020719	-0,063180	0,000000	2,031161	-0,124498	-0,124498	14,047528	-0,016101	3,164347	1,799805
142,200000	7,459447	7,490200	0,114081	0,083769	1,873982	-1815,991408	-1553,972566	-1561,296960	-912,872859	-1518,378696	8,713199	957,662078	22,020073	23,144638	25,857971	23,057316	23,159815	-2,910559	0,823101	0,974479	153804,557162	-0,202568	3,020953	-0,063479	0,000000	2,030227	-0,124498	-0,124498	14,064140	-0,016157	3,166664	1,801928
142,400000	7,459363	7,490203	0,114153	0,083665	1,871935	-1823,720163	-1558,992765	-1564,777496	-919,696422	-1525,202259	8,711789	959,123797	22,025554	23,147283	25,856669	23,057365	23,158641	-2,910654	0,822932	0,974270	153801,607254	-0,202852	3,021211	-0,063707	0,000000	2,028833	-0,124494	-0,124497	14,076621	-0,016390	3,166689	1,803500
142,600000	7,458986	7,490595	0,114354	0,083128	1,871699	-1833,414598	-1562,880614	-1568,080729	-922,589018	-1528,094855	8,710428	958,384894	22,026218	23,149514	25,854779	23,062711	23,157454	-2,910717	0,822052	0,974220	153797,859098	-0,203211	3,021147	-0,063839	0,000000	2,028121	-0,124490	-0,124497	14,070564	-0,016523	3,166153	1,802706
142,800000	7,458582	7,490820	0,113202	0,082801	1,873626	-1836,137502	-1571,256570	-1573,060765	-924,199004	-1529,704841	8,708911	956,022283	22,021673	23,150072	25,854045	23,066733	23,160093	-2,910581	0,820747	0,974336	153797,575938	-0,203329	3,020947	-0,063812	0,000000	2,029306	-0,124491	-0,124494	14,051047	-0,016814	3,169290	1,800165
143,000000	7,458504	7,490804	0,113138	0,083218	1,874585	-1839,090829	-1578,180237	-1579,674063	-930,151875	-1535,657713	8,707095	954,365182	22,017202	23,149848	25,858462	23,065680	23,166512	-2,910538	0,819467	0,974360	153815,024691	-0,204011	3,020864	-0,063400	0,000000	2,031289	-0,124499	-0,124490	14,037603	-0,017276	3,169429	1,798381
143,200000	7,458942	7,490844	0,114750	0,083185	1,873053	-1849,379346	-1578,491936	-1584,442410	-937,507389	-1543,013226	8,705380	954,186633	22,014847	23,148088	25,865564	23,062069	23,170235	-2,910707	0,817623	0,974441	153835,999629	-0,204343	3,020989	-0,062960	0,000000	2,031656	-0,124504	-0,124486	14,036458	-0,017629	3,165085	1,798189
143,400000	7,459371	7,490861	0,114728	0,082707	1,870896	-1852,291570	-1575,925419	-1584,689681	-938,396519	-1543,902356	8,704066	953,568213	22,015521	23,145384	25,866579	23,059596	23,166828	-2,910728	0,816557	0,974394	153835,842352	-0,203471	3,021028	-0,063046	0,000000	2,030041	-0,124499	-0,124487	14,031249	-0,017614	3,165233	1,797523
143,600000	7,459335	7,490805	0,112753	0,082888	1,870300	-1839,732080	-1576,300239	-1583,611269	-935,018532	-1540,524369	8,702880	951,649492	22,021282	23,144392	25,858725	23,059793	23,159870	-2,910672	0,818895	0,974901	153828,263447	-0,202725	3,020949	-0,063465	0,000000	2,028571	-0,124491	-0,124490	14,014714	-0,017199	3,170678	1,795455
143,800000	7,459008	7,490729	0,112001	0,083574	1,871408	-1831,819270	-1579,750518	-1584,323929	-934,441173	-1539,947010	8,701539	951,076546	22,029016	23,146194	25,852863	23,061728	23,155345	-2,910792	0,822829	0,975866	153824,431768	-0,202372	3,020990	-0,063506	0,000000	2,028268	-0,124489	-0,124491	14,009624	-0,016925	3,172756	1,794837
144,000000	7,458790	7,490700	0,112542	0,084490	1,874637	-1840,240773	-1584,020632	-1587,298803	-937,460633	-1542,966470	8,699977	952,963059	22,029808	23,149833	25,856385	23,061254	23,157806	-2,910833	0,824011	0,975519	153818,808652	-0,202102	3,021090	-0,063361	0,000000	2,029025	-0,124490	-0,124492	14,025816	-0,017263	3,171303	1,796871
144,200000	7,458783	7,490940	0,113268	0,084904	1,877123	-1849,922891	-1584,475025	-1589,204660	-939,019148	-1544,524985	8,698264	953,750904	22,022324	23,151112	25,863949	23,060556	23,166315	-2,910765	0,822715	0,974679	153816,645279	-0,202305	3,021150	-0,063458	0,000000	2,029979	-0,124490	-0,124490	14,032795	-0,017626	3,169455	1,797720
144,400000	7,458817	7,491198	0,114939	0,083918	1,877213	-1844,909444	-1571,907765	-1583,725873	-931,788230	-1537,294067	8,696701	952,821644	22,015746	23,149384	25,865913	23,063927	23,171032	-2,910785	0,821958	0,975105	153830,430370	-0,202737	3,021084	-0,063436	0,000000	2,030139	-0,124489	-0,124487	14,024787	-0,017422	3,164770	1,796718
144,600000	7,459076	7,491124	0,115723	0,083286	1,875667	-1826,462172	-1550,518927	-1569,932832	-914,784004	-1520,289841	8,695199	953,242112	22,015292	23,148274	25,861078	23,067700	23,167537	-2,910721	0,821869	0,975452	153847,511693	-0,202346	3,020952	-0,063335	0,000000	2,029539	-0,124483	-0,124492	14,027878	-0,016981	3,162340	1,797171
144,800000	7,459603	7,490876	0,113900	0,083847	1,874726	-1802,511143	-1536,258905	-1554,196205	-897,505207	-1503,011044	8,693534	954,509117	22,018124	23,147893	25,857061	23,068898	23,159768	-2,910595	0,822054	0,974867	153842,663484	-0,201659	3,020894	-0,063410	0,000000	2,029191	-0,124481	-0,124496	14,038006	-0,016471	3,167324	1,798536
145,000000	7,459594	7,490628	0,111772	0,083536	1,875051	-1780,283663	-1536,884242	-1546,195284	-891,627639	-1497,133476	8,691973	954,928932	22,020799	23,147999	25,857810	23,066833	23,151991	-2,910615	0,821471	0,974864	153829,145663	-0,201970	3,021050	-0,063502	0,000000	2,029302	-0,124487	-0,124489	14,041143	-0,016084	3,173467	1,798988
145,200000	7,458907	7,490780	0,111832	0,082393	1,875356	-1777,816219	-1546,961044	-1549,475198	-898,513619	-1504,019457	8,690641	954,815646	22,022378	23,149006	25,858374	23,062060	23,151677	-2,910741	0,820368	0,975234	153824,025973	-0,203083	3,021292	-0,063434	0,000000	2,029141	-0,124491	-0,124485	14,040319	-0,016211	3,173602	1,798866
145,400000	7,458626	7,491229	0,113389	0,082277	1,875349	-1803,163942	-1554,707591	-1556,513271	-908,855576	-1514,361413	8,689217	955,518319	22,022568	23,148946	25,854636	23,058701	23,159727	-2,910840	0,821071	0,974966	153824,503951	-0,203638	3,021360	-0,063272	0,000000	2,029007	-0,124490	-0,124484	14,046818	-0,016813	3,169363	1,799622
145,600000	7,459037	7,491328	0,114405	0,083240	1,874809	-1827,419085	-1553,571662	-1558,846086	-912,490479	-1517,996316	8,687386	957,541146	22,020423	23,148261	25,854365	23,061827	23,167078	-2,910889	0,823267	0,974730	153828,441288	-0,203002	3,021358	-0,063290	0,000000	2,028673	-0,124490	-0,124483	14,064215	-0,017246	3,166512	1,801798
145,800000	7,459308	7,490995	0,114566	0,083827	1,875012	-1831,057689	-1547,832532	-1555,423768	-906,888420	-1512,394257	8,685416	958,188111	22,018070	23,148334	25,857117	23,071022	23,167081	-2,910969	0,824548	0,974851	153824,427060	-0,202616	3,021173	-0,063359	0,000000	2,028390	-0,124491	-0,124486	14,069371	-0,016979	3,165764	1,802494
146,000000	7,459094	7,490576	0,114593	0,084029	1,873171	-1825,133069	-1544,887340	-1551,462624	-900,280383	-1505,786220	8,683936	956,282350	22,017355	23,148589	25,855361	23,076453	23,161818	-2,910934	0,824442	0,975192	153811,282694	-0,202702	3,020857	-0,063225	0,000000	2,029884	-0,124491	-0,124490	14,053035	-0,016621	3,165179	1,800445
146,200000	7,458898	7,490637	0,114096	0,084781	1,872073	-1816,808303	-1547,453512	-1551,799825	-901,424535	-1506,930372	8,682814	954,546122	22,017242	23,149121	25,856255	23,072368	23,158247	-2,910616	0,824298	0,975376	153805,197938	-0,202477	3,020752	-0,063031	0,000000	2,031086	-0,124495	-0,124492	14,038572	-0,016726	3,166507	1,798576
146,400000	7,459119	7,491133	0,113072	0,085036	1,872260	-1812,827487	-1555,308791	-1556,522528	-908,848758	-1514,354596	8,681443	954,270556	22,016750	23,148224	25,862814	23,063109	23,157662	-2,910447	0,824036	0,974899	153810,507912	-0,202533	3,020655	-0,062964	0,000000	2,030194	-0,124498	-0,124489	14,036426	-0,016893	3,169584	1,798279
146,600000	7,459576	7,491231	0,113317	0,083883	1,872934	-1816,734113	-1561,748124	-1563,191863	-915,967343	-1521,473180	8,679894	953,618314	22,016129	23,146005	25,863102	23,056258	23,158685	-2,910682	0,823846	0,974642	153818,937759	-0,203649	3,020620	-0,063159	0,000000	2,029245	-0,124496	-0,124483	14,031048	-0,016992	3,168914	1,797577
146,800000	7,459635	7,490826	0,114261	0,082745	1,873962	-1824,668376	-1559,003462	-1566,320128	-917,804040	-1523,309877	8,678307	952,535854	22,018690	23,146490	25,853563	23,057984	23,161841	-2,910952	0,823264	0,975289	153822,439928	-0,205148	3,020931	-0,063496	0,000000	2,029026	-0,124490	-0,124480	14,022064	-0,017100	3,166297	1,796410
147,000000	7,459166	7,490800	0,114385	0,082953	1,876242	-1823,664530	-1548,253585	-1562,488093	-911,449606	-1516,955443	8,676689	953,171881	22,022927	23,148907	25,849170	23,066319	23,164450	-2,911018	0,822105	0,975618	153823,661921	-0,205328	3,021136	-0,063590	0,000000	2,029130	-0,124487	-0,124487	14,027214	-0,016907	3,166076	1,797096
147,200000	7,459008	7,491112	0,114049	0,083661	1,879173	-1809,898854	-1540,096343	-1556,433230	-902,030636	-1507,536473	8,675181	954,523576	22,023103	23,150197	25,857133	23,072997	23,163480	-2,910970	0,822147	0,974780	153826,270240	-0,204046	3,021067	-0,063248	0,000000	2,029412	-0,124489	-0,124496	14,038294	-0,016637	3,167147	1,798552
147,400000	7,459450	7,490999	0,113380	0,083641	1,878955	-1804,875591	-1536,755902	-1550,348112	-895,488294	-1500,994131	8,673606	954,874770	22,017886	23,149729	25,868349	23,072457	23,163221	-2,910750	0,822177	0,973756	153828,753367	-0,203268	3,021039	-0,062874	0,000000	2,030307	-0,124494	-0,124498	14,041379	-0,016775	3,169103	1,798930
147,600000	7,459761	7,490712	0,113561	0,083623	1,876432	-1804,698330	-1531,515435	-1545,437369	-893,338910	-1498,844747	8,671881	955,580525	22,012150	23,147620	25,871821	23,067647	23,165515	-2,910452	0,822057	0,973812	153830,931146	-0,203459	3,021011	-0,062776	0,000000	2,031518	-0,124503	-0,124494	14,047767	-0,017241	3,168510	1,799689
147,800000	7,459693	7,490726	0,113941	0,084144	1,874324	-1804,169191	-1536,797174	-1546,660120	-899,678964	-1505,184801	8,670243	957,507212	22,013681	23,145324	25,865972	23,064558	23,163114	-2,910566	0,820905	0,974646	153831,129652	-0,202957	3,021209	-0,062845	0,000000	2,031069	-0,124508	-0,124490	14,064358	-0,017673	3,167606	1,801762
148,000000	7,459410	7,490796	0,113130	0,084097	1,874638	-1814,516959	-1554,147863	-1552,005628	-910,605721	-1516,111558	8,668946	958,083654	22,021278	23,144978	25,857906	23,064871	23,157455	-2,910754	0,818292	0,974608	153829,638176	-0,202125	3,021464	-0,063052	0,000000	2,028988	-0,124500	-0,124489	14,069238	-0,017722	3,170126	1,802382
148,200000	7,458929	7,490809	0,112708	0,083493	1,874743	-1826,389070	-1564,999600	-1558,497677	-918,125807	-1523,631644	8,667714	956,166428	22,027136	23,147724	25,852087	23,067380	23,156104	-2,910583	0,818977	0,974045	153828,008392	-0,202013	3,021247	-0,063213	0,000000	2,027878	-0,124491	-0,124488	14,052958	-0,017516	3,171015	1,800320
148,400000	7,458567	7,490926	0,112886	0,083230	1,873932	-1834,963000	-1567,668152	-1565,511739	-922,330540	-1527,836377	8,666239	955,348638	22,026831	23,150703	25,853612	23,069919	23,159810	-2,910481	0,822029	0,974205	153829,666760	-0,201684	3,021016	-0,063239	0,000000	2,028721	-0,124493	-0,124491	14,045987	-0,017406	3,170290	1,799440
148,600000	7,458584	7,491141	0,113294	0,083583	1,872749	-1843,167868	-1568,158709	-1570,549262	-925,562273	-1531,068111	8,664735	957,171781	22,020007	23,150432	25,860761	23,070311	23,165318	-2,910632	0,822664	0,974471	153832,284689	-0,201091	3,021087	-0,063242	0,000000	2,029931	-0,124497	-0,124498	14,061433	-0,017560	3,169364	1,801401
148,800000	7,458935	7,491293	0,113165	0,084072	1,871875	-1845,244341	-1569,777089	-1573,183317	-927,659815	-1533,165652	8,663197	958,857096	22,011755	23,147845	25,865739	23,068157	23,167867	-2,910686	0,822138	0,974694	153825,181888	-0,201207	3,021062	-0,063153	0,000000	2,030121	-0,124492	-0,124500	14,075923	-0,017926	3,169844	1,803213
149,000000	7,459153	7,491278	0,112531	0,083722	1,871796	-1835,585548	-1567,557288	-1572,417181	-926,398151	-1531,903988	8,661398	959,125220	22,010502	23,146496	25,864938	23,067716	23,164681	-2,910573	0,823316	0,975002	153823,584114	-0,201772	3,020771	-0,063023	0,000000	2,029703	-0,124486	-0,124495	14,078253	-0,018009	3,171344	1,803501
149,200000	7,459219	7,491200	0,113040	0,082903	1,873927	-1820,988135	-1559,014120	-1569,723769	-921,846383	-1527,352221	8,659485	959,829505	22,016926	23,147690	25,858634	23,069794	23,157726	-2,910612	0,822310	0,975147	153830,904679	-0,202435	3,020616	-0,063045	0,000000	2,029591	-0,124486	-0,124492	14,083694	-0,017551	3,169620	1,804258
149,400000	7,459161	7,491048	0,113625	0,083084	1,876587	-1812,052194	-1553,775261	-1567,222499	-915,491975	-1520,997812	8,658134	960,940471	22,022489	23,148815	25,853562	23,067880	23,152887	-2,910782	0,818144	0,975231	153819,131275	-0,202954	3,020852	-0,063198	0,000000	2,029559	-0,124487	-0,124490	14,092665	-0,017222	3,168082	1,805451
149,600000	7,458612	7,490988	0,114093	0,083871	1,876380	-1808,743468	-1549,080781	-1561,489687	-907,424160	-1512,929997	8,657259	960,318182	22,022068	23,148429	25,854121	23,062859	23,153869	-2,910772	0,815358	0,975059	153800,744844	-0,202972	3,021101	-0,063396	0,000000	2,029467	-0,124490	-0,124487	14,087498	-0,017264	3,166997	1,804783
149,800000	7,458288	7,491075	0,115009	0,083331	1,873741	-1808,014991	-1540,452907	-1552,203371	-898,926284	-1504,432122	8,655959	958,989207	22,017863	23,147160	25,856171	23,061636	23,159779	-2,910597	0,812162	0,974754	153800,477240	-0,202976	3,021117	-0,063522	0,000000	2,029479	-0,124492	-0,124487	14,076414	-0,017310	3,164480	1,803355
150,000000	7,458643	7,491008	0,115240	0,082146	1,873260	-1803,226984	-1531,499641	-1543,652624	-892,557626	-1498,063463	8,654245	958,583869	22,014651	23,146161	25,857737	23,065904	23,167922	-2,910649	0,808950	0,974882	153813,522352	-0,203503	3,021053	-0,063365	0,000000	2,029301	-0,124491	-0,124489	14,073331	-0,017622	3,163759	1,802919
150,200000	7,458986	7,490662	0,115190	0,082369	1,874815	-1794,359070	-1524,222073	-1538,310635	-888,487720	-1493,993558	8,652593	958,686295	22,013878	23,146772	25,861208	23,072323	23,173401	-2,910819	0,812596	0,975117	153824,475335	-0,203434	3,020928	-0,063233	0,000000	2,029372	-0,124493	-0,124491	14,074361	-0,017795	3,163672	1,803029
150,400000	7,458901	7,490287	0,114944	0,083749	1,875395	-1793,206159	-1523,287301	-1535,075347	-885,412992	-1490,918829	8,651073	958,866147	22,015207	23,148460	25,864069	23,076170	23,171357	-2,910731	0,820590	0,975248	153829,557781	-0,201824	3,020910	-0,063250	0,000000	2,029625	-0,124493	-0,124494	14,075346	-0,017273	3,164223	1,803223
150,600000	7,458739	7,490298	0,114326	0,084449	1,874178	-1793,073897	-1526,441928	-1533,297301	-884,001188	-1489,507025	8,649556	958,947152	22,018307	23,150008	25,863164	23,073795	23,163022	-2,910532	0,822595	0,975594	153834,338499	-0,200682	3,021050	-0,062964	0,000000	2,029815	-0,124489	-0,124494	14,075508	-0,016756	3,166102	1,803310
150,800000	7,458814	7,490497	0,114405	0,084286	1,873427	-1788,353302	-1529,992610	-1535,488217	-887,533404	-1493,039241	8,648104	958,931661	22,020386	23,150625	25,862184	23,066007	23,156423	-2,910362	0,819981	0,975562	153830,724098	-0,201930	3,021166	-0,062779	0,000000	2,030023	-0,124489	-0,124488	14,075375	-0,016753	3,166056	1,803293
151,000000	7,458942	7,490435	0,114994	0,084061	1,875179	-1795,514652	-1537,290394	-1541,849910	-897,467688	-1502,973525	8,646658	958,899620	22,019908	23,149582	25,863341	23,059800	23,156826	-2,910396	0,818288	0,974989	153828,504602	-0,203668	3,021444	-0,062968	0,000000	2,029540	-0,124493	-0,124484	14,075294	-0,016941	3,164676	1,803259
151,200000	7,458840	7,490384	0,115043	0,083095	1,875238	-1813,429555	-1548,304048	-1550,289627	-908,891648	-1514,397485	8,644870	958,012790	22,018429	23,147999	25,863310	23,059202	23,161296	-2,910833	0,817626	0,974600	153834,243958	-0,203574	3,021540	-0,062966	0,000000	2,028615	-0,124496	-0,124485	14,067873	-0,016951	3,164635	1,802306
151,400000	7,458754	7,490465	0,114594	0,082274	1,873928	-1828,495612	-1560,745628	-1559,861115	-917,158235	-1522,664072	8,643138	955,948009	22,019783	23,148479	25,860075	23,063135	23,164531	-2,911155	0,818556	0,974867	153838,119074	-0,202564	3,021155	-0,062843	0,000000	2,028859	-0,124493	-0,124487	14,050312	-0,016703	3,165499	1,800085
151,600000	7,459103	7,490583	0,114696	0,083081	1,871957	-1837,333877	-1572,387181	-1569,870630	-923,671842	-1529,177680	8,641977	954,500296	22,022572	23,150271	25,857573	23,072199	23,164466	-2,911001	0,819977	0,975112	153839,493561	-0,201803	3,020805	-0,062832	0,000000	2,030289	-0,124491	-0,124490	14,037859	-0,016398	3,164840	1,798527
151,800000	7,459347	7,490937	0,114811	0,084280	1,871341	-1842,933995	-1580,606732	-1579,231597	-930,925574	-1536,431411	8,640645	954,367240	22,020667	23,148931	25,860824	23,079454	23,162589	-2,910809	0,819850	0,974714	153830,003601	-0,202119	3,020770	-0,062888	0,000000	2,031036	-0,124495	-0,124494	14,036696	-0,016351	3,164658	1,798383
152,000000	7,459273	7,491031	0,115257	0,084356	1,872167	-1844,420918	-1578,859754	-1584,487637	-934,805956	-1540,311793	8,638851	954,577817	22,015833	23,144983	25,865937	23,075141	23,161073	-2,910725	0,816289	0,974380	153818,744981	-0,203396	3,020893	-0,063061	0,000000	2,030662	-0,124499	-0,124495	14,038704	-0,016593	3,163653	1,798610
152,200000	7,459480	7,490741	0,116578	0,083709	1,875549	-1843,895900	-1569,317648	-1583,569122	-933,121497	-1538,627335	8,637385	953,795264	22,015470	23,143854	25,867766	23,064707	23,160825	-2,910679	0,813419	0,974531	153816,499392	-0,203632	3,020938	-0,063085	0,000000	2,029578	-0,124503	-0,124493	14,032257	-0,016715	3,159879	1,797767
152,400000	7,459643	7,490634	0,116581	0,083233	1,878694	-1847,113324	-1564,693504	-1578,654564	-929,574269	-1535,080107	8,636037	951,724934	22,020548	23,146251	25,862997	23,060707	23,159975	-2,910840	0,814354	0,975044	153818,800425	-0,202430	3,020871	-0,062877	0,000000	2,028334	-0,124503	-0,124490	14,014647	-0,016497	3,159684	1,795536
152,600000	7,459375	7,490619	0,114905	0,083007	1,877970	-1843,629383	-1567,684155	-1574,476620	-925,552210	-1531,058047	8,634417	951,128665	22,024901	23,148026	25,852253	23,066305	23,157971	-2,911012	0,815517	0,975354	153820,902331	-0,201659	3,020935	-0,062937	0,000000	2,027943	-0,124495	-0,124484	14,009402	-0,016264	3,164365	1,794894
152,800000	7,459242	7,490550	0,113117	0,083227	1,875704	-1834,597406	-1577,861207	-1577,181813	-926,396194	-1531,902031	8,632817	953,081799	22,024119	23,147631	25,848259	23,072921	23,158811	-2,910967	0,816686	0,975122	153814,040309	-0,201789	3,021126	-0,063246	0,000000	2,028980	-0,124488	-0,124483	14,025747	-0,016196	3,169585	1,796999
153,000000	7,459491	7,490579	0,112644	0,083974	1,874818	-1839,240884	-1591,531489	-1585,694380	-936,386247	-1541,892084	8,631197	954,796638	22,019274	23,149058	25,856389	23,074357	23,162638	-2,910850	0,818376	0,974432	153817,448856	-0,201738	3,021057	-0,063141	0,000000	2,030709	-0,124489	-0,124490	14,040231	-0,016282	3,170943	1,798846
153,200000	7,459746	7,490557	0,114126	0,084353	1,876494	-1855,602324	-1594,766830	-1592,352735	-946,632396	-1552,138234	8,629671	954,154229	22,015454	23,150805	25,866954	23,072225	23,165224	-2,910679	0,819142	0,973702	153833,136169	-0,201733	3,020973	-0,062807	0,000000	2,031051	-0,124491	-0,124495	14,034965	-0,016409	3,166719	1,798154
153,400000	7,459638	7,490293	0,115734	0,083822	1,876381	-1865,327636	-1587,196012	-1593,597186	-948,178804	-1553,684641	8,628360	952,707017	22,014291	23,146540	25,869007	23,068389	23,164604	-2,910447	0,818497	0,973839	153830,548803	-0,201991	3,021123	-0,062795	0,000000	2,029846	-0,124491	-0,124495	14,022766	-0,016364	3,162279	1,796595
153,600000	7,459410	7,490066	0,114599	0,083382	1,875136	-1863,302537	-1583,045935	-1591,134379	-944,523905	-1550,029743	8,626997	953,215769	22,015209	23,142362	25,862417	23,065978	23,159755	-2,910278	0,817735	0,974502	153820,639031	-0,202198	3,021134	-0,063053	0,000000	2,028675	-0,124489	-0,124490	14,026706	-0,016031	3,165404	1,797143
153,800000	7,459184	7,489942	0,112482	0,083087	1,874137	-1847,300066	-1583,629589	-1590,282684	-941,547870	-1547,053707	8,625436	954,591519	22,020296	23,159033	25,854845	23,067242	23,153070	-2,910330	0,816971	0,974777	153821,044324	-0,202991	3,021021	-0,063455	0,000000	2,028213	-0,124486	-0,124487	14,037969	-0,015742	3,171001	1,798625
154,000000	7,458829	7,489864	0,111951	0,082838	1,873795	-1834,827029	-1590,603250	-1594,874794	-943,162016	-1548,667854	8,623666	954,953590	22,025843	23,199096	25,852155	23,068439	23,150954	-2,910555	0,817489	0,974567	153830,078609	-0,203824	3,021028	-0,063694	0,000000	2,028735	-0,124486	-0,124489	14,041359	-0,016093	3,172028	1,799015
154,200000	7,458615	7,490176	0,112672	0,083664	1,873834	-1844,653689	-1598,791889	-1600,286449	-948,520115	-1554,025952	8,621984	954,796011	22,024890	23,231068	25,858594	23,067975	23,157333	-2,910698	0,820388	0,974197	153839,969565	-0,202791	3,021142	-0,063444	0,000000	2,029775	-0,124486	-0,124491	14,040406	-0,016463	3,169927	1,798845
154,400000	7,458713	7,490654	0,113746	0,084025	1,874422	-1853,397912	-1594,454914	-1601,342587	-949,988377	-1555,494214	8,620413	954,706429	22,018042	23,238289	25,867153	23,069857	23,167528	-2,910743	0,822214	0,974048	153836,847196	-0,201431	3,021397	-0,062980	0,000000	2,030721	-0,124489	-0,124489	14,039390	-0,016199	3,167327	1,798748
154,600000	7,459115	7,490634	0,113835	0,083311	1,874448	-1847,552473	-1578,397886	-1594,753484	-941,443264	-1546,949102	8,618774	954,693564	22,013116	23,234195	25,867599	23,073609	23,169667	-2,910738	0,822121	0,974310	153827,598025	-0,201761	3,021723	-0,062767	0,000000	2,030951	-0,124494	-0,124489	14,039201	-0,016118	3,167455	1,798735
154,800000	7,459493	7,490292	0,114256	0,083717	1,873990	-1830,865354	-1554,507341	-1579,603889	-923,303409	-1528,809246	8,617409	954,672922	22,014809	23,231132	25,863601	23,075662	23,162667	-2,910631	0,821800	0,974460	153823,677273	-0,202401	3,021694	-0,062931	0,000000	2,030078	-0,124497	-0,124493	14,039330	-0,016420	3,166093	1,798712
155,000000	7,459407	7,490238	0,114995	0,084836	1,874322	-1811,620868	-1536,481707	-1563,023805	-905,463939	-1510,969776	8,616232	954,694305	22,019177	23,230750	25,860028	23,075101	23,155079	-2,910527	0,821926	0,974462	153829,231314	-0,202655	3,021487	-0,063325	0,000000	2,029464	-0,124501	-0,124496	14,039415	-0,016326	3,163722	1,798735
155,200000	7,458937	7,490548	0,114846	0,084619	1,875132	-1799,627392	-1527,933742	-1549,324034	-893,583290	-1499,089127	8,614817	954,730871	22,022197	23,231795	25,857208	23,070993	23,150199	-2,910632	0,821388	0,974705	153837,417742	-0,203086	3,021635	-0,063547	0,000000	2,029845	-0,124501	-0,124491	14,039421	-0,016025	3,164376	1,798775
155,400000	7,458801	7,490657	0,114623	0,083324	1,875763	-1791,315397	-1521,360014	-1539,024440	-886,066765	-1491,572603	8,613256	954,713563	22,022696	23,234058	25,857699	23,065538	23,151515	-2,910800	0,819389	0,974669	153833,346602	-0,203410	3,021929	-0,063176	0,000000	2,029948	-0,124498	-0,124484	14,039407	-0,016156	3,165338	1,798756
155,600000	7,459130	7,490454	0,114494	0,083007	1,875144	-1785,501856	-1519,787374	-1533,664638	-883,132010	-1488,637847	8,611712	954,681106	22,021563	23,235101	25,859161	23,065091	23,160540	-2,910705	0,817962	0,974492	153822,365378	-0,203212	3,022072	-0,062701	0,000000	2,029329	-0,124493	-0,124484	14,039400	-0,016421	3,165782	1,798721
155,800000	7,459325	7,490517	0,114518	0,083458	1,873165	-1783,477429	-1517,545567	-1530,627403	-881,321768	-1486,827605	8,610138	954,684968	22,020576	23,233952	25,857130	23,071653	23,168705	-2,910674	0,817842	0,974546	153814,468977	-0,202178	3,022087	-0,062866	0,000000	2,028975	-0,124488	-0,124495	14,039401	-0,016389	3,165745	1,798725
156,000000	7,459331	7,490673	0,114597	0,083237	1,872958	-1782,372019	-1513,060375	-1528,007736	-878,090534	-1483,596371	8,608543	954,717715	22,019824	23,232410	25,856081	23,079432	23,168630	-2,910853	0,819039	0,974749	153810,958732	-0,201173	3,022064	-0,063218	0,000000	2,029361	-0,124489	-0,124500	14,039402	-0,016116	3,165560	1,798761
156,200000	7,459330	7,490647	0,114653	0,083032	1,875045	-1783,308069	-1516,553329	-1527,378371	-877,329314	-1482,835151	8,607109	954,740410	22,020706	23,231894	25,860623	23,082211	23,163945	-2,910833	0,820507	0,974634	153811,365443	-0,201648	3,021976	-0,063227	0,000000	2,030428	-0,124494	-0,124497	14,039403	-0,015926	3,165352	1,798785
156,400000	7,459403	7,490663	0,115040	0,083585	1,876192	-1794,922746	-1527,267627	-1529,480081	-882,470044	-1487,975882	8,605817	953,827370	22,020399	23,232771	25,865885	23,078476	23,160443	-2,910698	0,821001	0,974285	153809,943480	-0,202424	3,021960	-0,063019	0,000000	2,030907	-0,124498	-0,124491	14,031985	-0,016174	3,164288	1,797802
156,600000	7,459511	7,490614	0,115064	0,084075	1,875563	-1807,674995	-1538,254642	-1535,101155	-892,847188	-1498,353025	8,604280	952,556436	22,017242	23,232112	25,868500	23,070661	23,159459	-2,910626	0,820139	0,974527	153806,165024	-0,202473	3,022163	-0,062794	0,000000	2,029614	-0,124501	-0,124488	14,021827	-0,016690	3,164450	1,796433
156,800000	7,459634	7,490616	0,114510	0,083524	1,873402	-1814,100239	-1547,844845	-1544,179375	-903,943083	-1509,448921	8,602433	953,113929	22,018088	23,230288	25,865354	23,064845	23,160421	-2,910653	0,818087	0,974745	153808,705037	-0,202761	3,022291	-0,062710	0,000000	2,027642	-0,124498	-0,124486	14,026943	-0,017123	3,166146	1,797033
157,000000	7,459595	7,490651	0,114447	0,082767	1,872734	-1827,229991	-1557,077063	-1555,027935	-912,150178	-1517,656015	8,600539	954,442652	22,022499	23,232620	25,856279	23,067583	23,162999	-2,910824	0,814277	0,974292	153826,869993	-0,202662	3,022197	-0,062837	0,000000	2,027739	-0,124489	-0,124482	14,038240	-0,017263	3,166117	1,798464
157,200000	7,459125	7,490560	0,114474	0,083111	1,872477	-1842,111141	-1566,180803	-1563,855105	-919,778516	-1525,284354	8,599042	954,846224	22,023626	23,236181	25,854734	23,075672	23,164153	-2,910952	0,808313	0,973990	153848,598761	-0,201249	3,021895	-0,063055	0,000000	2,029162	-0,124483	-0,124480	14,041413	-0,017048	3,165635	1,798899
157,400000	7,458784	7,490715	0,114117	0,083658	1,874115	-1842,608634	-1569,895133	-1569,305958	-925,554347	-1531,060184	8,597906	954,755079	22,019743	23,235769	25,862435	23,078742	23,161824	-2,910860	0,804725	0,974186	153847,839010	-0,201058	3,021656	-0,063020	0,000000	2,029630	-0,124488	-0,124484	14,040373	-0,016773	3,166543	1,798801
157,600000	7,459087	7,490902	0,114250	0,083408	1,875799	-1830,649752	-1567,661575	-1574,027549	-925,699931	-1531,205768	8,596614	954,665847	22,014418	23,233588	25,865177	23,074842	23,161079	-2,910467	0,805686	0,974532	153835,404760	-0,202952	3,021724	-0,062846	0,000000	2,030711	-0,124500	-0,124490	14,039367	-0,016517	3,166359	1,798705
157,800000	7,459392	7,490723	0,115330	0,083209	1,875660	-1826,599359	-1564,617085	-1575,818552	-923,211847	-1528,717684	8,595081	953,791630	22,014629	23,232390	25,860972	23,069542	23,161793	-2,910245	0,808133	0,974868	153831,546917	-0,204404	3,021828	-0,062863	0,000000	2,031533	-0,124506	-0,124486	14,031782	-0,016271	3,163301	1,797763
158,000000	7,459200	7,490381	0,116141	0,083281	1,874856	-1835,908594	-1558,962157	-1571,448533	-920,259471	-1525,765308	8,593586	952,584551	22,020753	23,231176	25,858155	23,067799	23,159994	-2,910602	0,809568	0,974802	153831,905264	-0,204680	3,021809	-0,062953	0,000000	2,029827	-0,124498	-0,124478	14,021759	-0,016386	3,160839	1,796463
158,200000	7,458793	7,490057	0,115733	0,083376	1,875131	-1835,733940	-1550,252005	-1564,374035	-914,040193	-1519,546030	8,592216	953,186404	22,026239	23,230795	25,854665	23,069794	23,157923	-2,910869	0,809933	0,974246	153830,507477	-0,204518	3,021732	-0,063039	0,000000	2,027739	-0,124490	-0,124477	14,026958	-0,016529	3,161761	1,797111
158,400000	7,458550	7,489867	0,114662	0,083963	1,877041	-1821,567004	-1550,293282	-1560,317906	-908,317735	-1513,823573	8,590718	954,571939	22,028001	23,233993	25,850333	23,073494	23,157690	-2,910837	0,811328	0,973651	153834,688779	-0,203812	3,021788	-0,063068	0,000000	2,028211	-0,124489	-0,124480	14,038259	-0,016196	3,164707	1,798604
158,600000	7,458754	7,490017	0,114320	0,084734	1,877212	-1819,704366	-1558,837477	-1560,399038	-911,023034	-1516,528871	8,589137	954,965521	22,025946	23,237115	25,855576	23,077177	23,160750	-2,910827	0,815468	0,973366	153840,314954	-0,202594	3,021934	-0,063074	0,000000	2,029985	-0,124495	-0,124486	14,041417	-0,016051	3,165910	1,799027
158,800000	7,459049	7,490324	0,115327	0,084737	1,876698	-1832,066391	-1561,055374	-1562,839252	-918,144021	-1523,649859	8,587414	953,913154	22,019889	23,235638	25,866999	23,077210	23,166478	-2,910730	0,821081	0,973561	153829,078399	-0,202705	3,021857	-0,063186	0,000000	2,030789	-0,124501	-0,124492	14,032953	-0,016421	3,163220	1,797894
159,000000	7,459187	7,490397	0,116270	0,084056	1,875951	-1835,501063	-1560,281225	-1566,081880	-921,854139	-1527,359976	8,585718	951,689298	22,012566	23,231984	25,871286	23,074587	23,170169	-2,910643	0,824545	0,974261	153808,716602	-0,203297	3,021860	-0,063234	0,000000	2,030829	-0,124500	-0,124490	14,014373	-0,016523	3,160664	1,795498
159,200000	7,459404	7,490195	0,116316	0,083215	1,876394	-1832,574464	-1564,369955	-1567,883264	-923,031926	-1528,537763	8,584346	950,248443	22,012381	23,230884	25,863421	23,073098	23,167582	-2,910626	0,825145	0,974961	153796,706218	-0,202514	3,022091	-0,062994	0,000000	2,030312	-0,124496	-0,124488	14,001747	-0,016011	3,160627	1,793944
159,400000	7,459348	7,489952	0,116061	0,082992	1,877230	-1835,650174	-1567,815932	-1567,696764	-923,998759	-1529,504596	8,583048	951,064650	22,021197	23,233205	25,853236	23,071713	23,159596	-2,910622	0,823790	0,975027	153802,644570	-0,202093	3,022090	-0,062722	0,000000	2,029503	-0,124494	-0,124491	14,008137	-0,015538	3,161124	1,794824
159,600000	7,458921	7,489940	0,116276	0,083960	1,877449	-1837,966727	-1566,425267	-1568,250924	-923,691889	-1529,197726	8,581799	953,383261	22,027745	23,235507	25,853013	23,069415	23,152498	-2,910752	0,821239	0,974643	153816,920187	-0,202753	3,021909	-0,062716	0,000000	2,029133	-0,124496	-0,124493	14,027805	-0,015723	3,160294	1,797324
159,800000	7,458560	7,490119	0,116126	0,084375	1,876314	-1836,646144	-1564,333175	-1569,462440	-921,456532	-1526,962370	8,580313	954,028512	22,025668	23,235558	25,859585	23,066665	23,152386	-2,910905	0,820375	0,974049	153818,015563	-0,203197	3,021883	-0,062819	0,000000	2,029297	-0,124500	-0,124491	14,033822	-0,016321	3,160828	1,798019
160,000000	7,458517	7,490325	0,114831	0,083368	1,873809	-1834,120717	-1561,644579	-1568,987850	-918,227395	-1523,733232	8,578470	951,994772	22,019392	23,234393	25,864620	23,066112	23,160811	-2,910848	0,821374	0,973536	153820,615596	-0,203256	3,021921	-0,063074	0,000000	2,029470	-0,124496	-0,124492	14,017359	-0,016942	3,164684	1,795827
160,200000	7,458769	7,490452	0,114279	0,083047	1,871990	-1825,375363	-1554,660347	-1567,165647	-914,748329	-1520,254166	8,576916	951,106261	22,014534	23,233240	25,864867	23,071252	23,170729	-2,910634	0,821831	0,973514	153831,686935	-0,203138	3,021812	-0,063227	0,000000	2,029445	-0,124491	-0,124492	14,010098	-0,017149	3,166200	1,794869
160,400000	7,458976	7,490458	0,114479	0,084201	1,873531	-1818,824012	-1553,505855	-1565,580710	-913,703527	-1519,209365	8,575658	953,004623	22,013986	23,232815	25,860512	23,078451	23,171561	-2,910527	0,820985	0,973807	153839,090550	-0,202613	3,021657	-0,063036	0,000000	2,030054	-0,124492	-0,124492	14,025473	-0,016571	3,165429	1,796916
160,600000	7,458880	7,490480	0,114248	0,085071	1,876223	-1822,083907	-1561,224046	-1565,739175	-916,200220	-1521,706057	8,574357	954,831077	22,017638	23,233519	25,856843	23,081281	23,163396	-2,910595	0,820592	0,974050	153846,093469	-0,202181	3,021602	-0,062919	0,000000	2,030562	-0,124493	-0,124492	14,039993	-0,015756	3,165990	1,798883
160,800000	7,458815	7,490483	0,114496	0,084843	1,876398	-1823,777019	-1564,447854	-1566,947221	-918,363379	-1523,869216	8,573027	955,157989	22,022945	23,234123	25,859093	23,077789	23,156060	-2,910816	0,820068	0,974039	153837,966767	-0,201885	3,021686	-0,062964	0,000000	2,030188	-0,124493	-0,124491	14,042348	-0,015367	3,165394	1,799235
161,000000	7,458802	7,490445	0,115404	0,084221	1,874511	-1822,834119	-1562,309909	-1568,678633	-920,593854	-1526,099691	8,571461	954,012783	22,024452	23,233247	25,861765	23,070296	23,155625	-2,911077	0,817767	0,974098	153834,979323	-0,201743	3,021908	-0,063058	0,000000	2,029627	-0,124491	-0,124488	14,032958	-0,015590	3,163073	1,798002
161,200000	7,458398	7,490558	0,116134	0,083500	1,873978	-1831,847666	-1561,499237	-1570,455390	-923,407393	-1528,913230	8,569657	952,572548	22,020749	23,232800	25,859896	23,064896	23,159591	-2,911054	0,816349	0,974535	153850,099562	-0,202650	3,022053	-0,062999	0,000000	2,028564	-0,124491	-0,124484	14,021610	-0,016337	3,161179	1,796450
161,400000	7,458170	7,490614	0,116258	0,083040	1,874873	-1841,673402	-1561,292788	-1570,257605	-922,789380	-1528,295218	8,567969	953,096761	22,017284	23,233480	25,856528	23,065904	23,163460	-2,910881	0,816763	0,975040	153853,722337	-0,203625	3,021981	-0,062808	0,000000	2,028244	-0,124494	-0,124482	14,026672	-0,016996	3,160733	1,797015
161,600000	7,458620	7,490546	0,116168	0,083506	1,875281	-1834,309476	-1560,067850	-1568,989926	-919,480476	-1524,986313	8,566588	954,493826	22,016942	23,234469	25,854450	23,073496	23,165391	-2,910828	0,817315	0,975203	153849,880703	-0,203018	3,021892	-0,062763	0,000000	2,029598	-0,124498	-0,124485	14,038182	-0,016775	3,160837	1,798520
161,800000	7,458986	7,490526	0,115702	0,084851	1,875847	-1820,037803	-1559,778941	-1567,993234	-916,898690	-1522,404527	8,565360	954,975998	22,017616	23,234044	25,857991	23,083241	23,163440	-2,910791	0,817321	0,974737	153836,325411	-0,202110	3,021890	-0,062792	0,000000	2,031324	-0,124497	-0,124493	14,041444	-0,015990	3,162187	1,799039
162,000000	7,458789	7,490483	0,115195	0,085525	1,876724	-1808,086127	-1559,048762	-1566,742049	-915,783402	-1521,289239	8,563993	954,002819	22,017314	23,230048	25,864400	23,086300	23,159367	-2,910608	0,818176	0,973906	153827,206333	-0,201836	3,021805	-0,062777	0,000000	2,031416	-0,124494	-0,124498	14,032979	-0,015694	3,163634	1,797991
162,200000	7,458669	7,490424	0,115490	0,084453	1,877646	-1803,211339	-1556,238996	-1565,112484	-915,700170	-1521,206007	8,562499	952,621209	22,017647	23,227634	25,864803	23,079956	23,158049	-2,910476	0,819373	0,973892	153832,189965	-0,202064	3,021803	-0,062625	0,000000	2,030026	-0,124494	-0,124493	14,021794	-0,016113	3,162804	1,796502
162,400000	7,458806	7,490348	0,116588	0,083192	1,877058	-1813,985790	-1550,402936	-1561,389171	-913,160295	-1518,666132	8,560965	953,167655	22,019743	23,229957	25,861470	23,071546	23,160548	-2,910581	0,819626	0,974607	153824,616224	-0,203220	3,022003	-0,062444	0,000000	2,028870	-0,124493	-0,124484	14,026736	-0,016465	3,159812	1,797091
162,600000	7,458776	7,490255	0,116892	0,083092	1,876144	-1828,633220	-1545,262577	-1555,818751	-907,394883	-1512,900720	8,559510	954,540822	22,021985	23,233109	25,857602	23,069386	23,162001	-2,910731	0,819088	0,974740	153812,484155	-0,203869	3,022095	-0,062595	0,000000	2,027666	-0,124490	-0,124480	14,038170	-0,016369	3,158938	1,798570
162,800000	7,458667	7,490277	0,115632	0,083394	1,874167	-1829,862192	-1547,517381	-1553,154538	-903,919899	-1509,425736	8,558174	954,943839	22,021346	23,235089	25,854358	23,073220	23,160849	-2,910916	0,818431	0,974389	153807,585959	-0,203514	3,022172	-0,063001	0,000000	2,027639	-0,124489	-0,124484	14,041427	-0,016243	3,162540	1,799004
163,000000	7,458681	7,490553	0,115273	0,083820	1,873550	-1822,104505	-1556,615354	-1557,286995	-907,444060	-1512,949897	8,556614	953,935599	22,017141	23,236035	25,856071	23,077476	23,162667	-2,911036	0,820268	0,974084	153811,266477	-0,203918	3,022179	-0,063012	0,000000	2,029876	-0,124490	-0,124493	14,032975	-0,016254	3,163677	1,797918
163,200000	7,458820	7,490912	0,116196	0,084673	1,874322	-1825,397385	-1567,920291	-1565,683613	-917,155736	-1522,661574	8,554913	952,613985	22,014472	23,235634	25,859243	23,079433	23,165981	-2,910952	0,822170	0,974001	153819,807632	-0,204604	3,021863	-0,062658	0,000000	2,032057	-0,124491	-0,124494	14,021796	-0,016176	3,160902	1,796495
163,400000	7,458890	7,490995	0,116834	0,084795	1,876751	-1838,005455	-1574,155350	-1572,257977	-926,244736	-1531,750573	8,553350	953,242103	22,013647	23,232663	25,863151	23,078723	23,166555	-2,910784	0,821240	0,974212	153815,026627	-0,203986	3,021572	-0,062646	0,000000	2,031795	-0,124490	-0,124493	14,026738	-0,015841	3,158895	1,797171
163,600000	7,458865	7,490652	0,116925	0,083831	1,879322	-1843,114527	-1575,018016	-1576,356130	-931,818214	-1537,324051	8,551823	954,673446	22,012671	23,229734	25,865833	23,076821	23,164363	-2,910685	0,819164	0,974425	153804,858427	-0,202682	3,021576	-0,062999	0,000000	2,029773	-0,124492	-0,124496	14,038170	-0,015255	3,158576	1,798713
163,800000	7,459165	7,490132	0,117096	0,083279	1,878882	-1843,051370	-1571,841173	-1577,288549	-932,709522	-1538,215359	8,550476	955,115230	22,017221	23,230301	25,860858	23,076395	23,159212	-2,910770	0,818131	0,974226	153806,077514	-0,201789	3,021691	-0,063297	0,000000	2,028343	-0,124498	-0,124494	14,041427	-0,014805	3,157958	1,799189
164,000000	7,459457	7,489995	0,116893	0,083688	1,876871	-1841,964762	-1561,459970	-1571,863070	-925,204912	-1530,710749	8,549321	954,084966	22,026377	23,233015	25,856192	23,076885	23,152910	-2,910879	0,818949	0,973975	153815,626974	-0,201144	3,021881	-0,063381	0,000000	2,028383	-0,124497	-0,124491	14,032975	-0,015000	3,158599	1,798079
164,200000	7,458952	7,490483	0,115941	0,084217	1,875635	-1829,155335	-1547,067668	-1562,086470	-912,320150	-1517,825988	8,547920	953,566244	22,029092	23,235635	25,858210	23,075732	23,153631	-2,910825	0,820189	0,974457	153824,926528	-0,200588	3,022276	-0,063416	0,000000	2,029103	-0,124490	-0,124494	14,029213	-0,015595	3,161884	1,797521
164,400000	7,458200	7,491077	0,115206	0,084009	1,877386	-1813,176569	-1542,569486	-1554,768724	-904,393318	-1509,899155	8,546251	955,309122	22,022937	23,235312	25,861272	23,074174	23,163886	-2,910619	0,822444	0,974773	153830,548561	-0,200757	3,022468	-0,063325	0,000000	2,029801	-0,124487	-0,124492	14,044313	-0,016064	3,164429	1,799397
164,600000	7,458127	7,491187	0,114374	0,083044	1,878389	-1814,959966	-1553,580423	-1555,265205	-908,586603	-1514,092440	8,544581	956,047144	22,015963	23,232506	25,861306	23,075519	23,170953	-2,910531	0,824257	0,974301	153830,959216	-0,201329	3,022052	-0,063094	0,000000	2,030250	-0,124494	-0,124486	14,050630	-0,016188	3,166426	1,800192
164,800000	7,458645	7,490916	0,114783	0,082648	1,878039	-1826,773674	-1564,791671	-1562,065646	-918,604964	-1524,110801	8,542928	955,112955	22,014096	23,231097	25,861925	23,079999	23,168161	-2,910595	0,823463	0,973726	153825,348786	-0,201728	3,021626	-0,063078	0,000000	2,029912	-0,124497	-0,124486	14,042590	-0,015986	3,164739	1,799186
165,000000	7,458959	7,490670	0,116903	0,083568	1,877323	-1840,168940	-1570,098124	-1570,494396	-925,357964	-1530,863801	8,541386	954,675721	22,016323	23,231912	25,863657	23,084423	23,159656	-2,910503	0,822550	0,973265	153824,024943	-0,202230	3,021764	-0,062974	0,000000	2,029524	-0,124492	-0,124490	14,038382	-0,015448	3,158791	1,798715
165,200000	7,458729	7,490637	0,116842	0,084395	1,875605	-1848,469663	-1574,889441	-1575,629214	-927,873302	-1533,379139	8,539959	954,765470	22,018402	23,233820	25,861443	23,084440	23,150627	-2,910418	0,822439	0,973197	153827,287304	-0,202390	3,022102	-0,062768	0,000000	2,029745	-0,124489	-0,124491	14,038401	-0,014714	3,159263	1,798812
165,400000	7,458532	7,490568	0,115115	0,083977	1,873412	-1839,177666	-1574,746471	-1576,023664	-928,179450	-1533,685287	8,538627	954,002847	22,019646	23,234641	25,858162	23,079374	23,149679	-2,910635	0,822193	0,973640	153819,450677	-0,202008	3,022050	-0,062834	0,000000	2,029404	-0,124490	-0,124491	14,031815	-0,014530	3,164031	1,797991
165,600000	7,458677	7,490270	0,114765	0,083219	1,873304	-1833,439728	-1571,765177	-1576,321233	-929,378262	-1534,884099	8,537399	951,848791	22,020905	23,234310	25,857038	23,073318	23,157625	-2,910891	0,821183	0,974209	153805,598668	-0,201898	3,021648	-0,062985	0,000000	2,028717	-0,124490	-0,124489	14,014543	-0,015352	3,164486	1,795670
165,800000	7,458995	7,490188	0,115001	0,083325	1,874580	-1842,454382	-1573,007740	-1577,866085	-930,590899	-1536,096737	8,535997	951,125512	22,019780	23,234275	25,858045	23,073807	23,164651	-2,910838	0,819289	0,974398	153803,398076	-0,202559	3,021581	-0,063088	0,000000	2,028214	-0,124488	-0,124486	14,009450	-0,016339	3,163727	1,794890
166,000000	7,459246	7,490368	0,114765	0,083439	1,875591	-1842,516414	-1573,657662	-1577,066959	-927,823109	-1533,328947	8,534232	953,045907	22,016610	23,233466	25,858325	23,083473	23,164615	-2,910803	0,816574	0,974302	153809,832339	-0,203212	3,021793	-0,063003	0,000000	2,028403	-0,124486	-0,124492	14,025785	-0,016536	3,164696	1,796960
166,200000	7,459193	7,490340	0,114824	0,083221	1,876838	-1832,040663	-1564,543659	-1571,493382	-920,571710	-1526,077547	8,532505	954,806223	22,016096	23,232618	25,857457	23,090836	23,160333	-2,910980	0,814144	0,974256	153813,853549	-0,202820	3,021819	-0,062906	0,000000	2,030183	-0,124488	-0,124501	14,040235	-0,016206	3,164547	1,798856
166,400000	7,458940	7,490231	0,115898	0,084130	1,879524	-1818,719471	-1547,270241	-1562,020789	-909,814076	-1515,319913	8,531189	955,988594	22,018133	23,232739	25,860419	23,088234	23,157476	-2,911007	0,813886	0,974365	153819,280772	-0,202030	3,021824	-0,062988	0,000000	2,031346	-0,124493	-0,124498	14,049794	-0,015844	3,161493	1,800129
166,600000	7,458900	7,490201	0,115717	0,085128	1,880315	-1804,528088	-1541,330579	-1554,682935	-902,710412	-1508,216249	8,529971	957,872748	22,018365	23,231262	25,864418	23,081494	23,156413	-2,910846	0,814982	0,974937	153824,781463	-0,201698	3,022008	-0,063107	0,000000	2,030313	-0,124497	-0,124487	14,065331	-0,015582	3,162248	1,802155
166,800000	7,459092	7,489993	0,114371	0,084520	1,877664	-1798,117225	-1550,057431	-1554,904432	-905,230830	-1510,736667	8,528491	959,217305	22,016768	23,229459	25,865498	23,076067	23,156092	-2,910667	0,815370	0,975422	153820,651228	-0,202116	3,022294	-0,063134	0,000000	2,028713	-0,124498	-0,124485	14,076618	-0,015603	3,166322	1,803600
167,000000	7,459136	7,489803	0,114672	0,083272	1,873984	-1807,109303	-1554,318948	-1558,122071	-909,086035	-1514,591872	8,526854	959,312101	22,017538	23,231906	25,860876	23,074296	23,157823	-2,910560	0,815072	0,975163	153826,731872	-0,202642	3,022422	-0,063117	0,000000	2,028053	-0,124496	-0,124488	14,077746	-0,015937	3,165452	1,803702
167,200000	7,458915	7,490089	0,115710	0,082762	1,872553	-1819,514591	-1547,210726	-1556,679034	-905,388710	-1510,894548	8,525329	958,188600	22,020877	23,235729	25,855909	23,078474	23,161003	-2,910700	0,815877	0,974870	153843,595214	-0,202149	3,022425	-0,063432	0,000000	2,028447	-0,124492	-0,124487	14,068536	-0,016140	3,162523	1,802495
167,400000	7,458705	7,490332	0,115612	0,083323	1,874196	-1813,290616	-1537,816104	-1551,300183	-896,556867	-1502,062704	8,523820	956,025449	22,020521	23,235737	25,858068	23,086542	23,162647	-2,910972	0,817569	0,974445	153849,936946	-0,201248	3,022302	-0,063618	0,000000	2,029634	-0,124491	-0,124484	14,050077	-0,015818	3,162786	1,800168
167,600000	7,458788	7,490095	0,115145	0,084145	1,875880	-1799,121814	-1533,360211	-1545,932055	-888,773020	-1494,278857	8,522256	954,595566	22,015145	23,233527	25,862735	23,089185	23,163456	-2,910849	0,819335	0,973531	153851,580173	-0,201385	3,021890	-0,063256	0,000000	2,031257	-0,124493	-0,124486	14,037642	-0,015381	3,163664	1,798629
167,800000	7,458972	7,489901	0,115270	0,084419	1,876998	-1792,881072	-1530,224461	-1541,323604	-885,069139	-1490,574976	8,520774	955,351299	22,011508	23,232189	25,867559	23,083865	23,163480	-2,910558	0,820889	0,973524	153843,959454	-0,202974	3,021599	-0,062878	0,000000	2,032105	-0,124495	-0,124492	14,044079	-0,015476	3,162997	1,799443
168,000000	7,459030	7,489880	0,115415	0,084022	1,877152	-1793,465610	-1527,700728	-1537,967423	-886,758840	-1492,264678	8,519414	957,644680	22,012281	23,231850	25,870275	23,078284	23,159940	-2,910671	0,822440	0,974416	153831,364286	-0,204133	3,021756	-0,062679	0,000000	2,030931	-0,124493	-0,124491	14,063727	-0,015890	3,162776	1,801910
168,200000	7,458863	7,489850	0,115204	0,083224	1,878177	-1799,250371	-1530,314320	-1537,366377	-891,317209	-1496,823047	8,518089	959,244857	22,014945	23,231652	25,866907	23,077026	23,156112	-2,910861	0,825288	0,974727	153828,456490	-0,203256	3,022076	-0,062843	0,000000	2,028655	-0,124490	-0,124491	14,077144	-0,015899	3,163663	1,803630
168,400000	7,458515	7,489753	0,115007	0,082814	1,877759	-1807,373974	-1536,290322	-1539,541268	-894,055412	-1499,561249	8,516508	958,535070	22,018794	23,232622	25,858906	23,081176	23,155659	-2,910847	0,827712	0,974528	153836,748240	-0,201570	3,022326	-0,063237	0,000000	2,027905	-0,124490	-0,124496	14,070838	-0,015538	3,164353	1,802867
168,600000	7,458256	7,489762	0,115566	0,083102	1,876884	-1815,281777	-1543,744606	-1544,543070	-897,875552	-1503,381389	8,514785	956,162503	22,022354	23,236337	25,854311	23,086687	23,158125	-2,910855	0,827639	0,974165	153843,572924	-0,200542	3,022438	-0,063251	0,000000	2,028862	-0,124491	-0,124492	14,051045	-0,015637	3,162798	1,800316
168,800000	7,458203	7,490065	0,115982	0,083195	1,876241	-1821,365353	-1556,689864	-1553,652345	-907,874923	-1513,380760	8,513349	955,362516	22,020373	23,238418	25,858805	23,087012	23,163246	-2,910876	0,825578	0,973734	153831,841763	-0,200819	3,022286	-0,062993	0,000000	2,029914	-0,124491	-0,124486	14,044967	-0,016269	3,161598	1,799455
169,000000	7,458487	7,490285	0,115591	0,082968	1,875697	-1829,272493	-1569,363051	-1563,945869	-920,081666	-1525,587504	8,512199	957,296784	22,012180	23,234861	25,866850	23,082226	23,169125	-2,910674	0,823986	0,974377	153810,281494	-0,202400	3,022203	-0,062851	0,000000	2,030291	-0,124490	-0,124490	14,061430	-0,016510	3,162827	1,801536
169,200000	7,458926	7,490164	0,115407	0,082887	1,875739	-1836,202497	-1573,683226	-1571,669890	-927,953370	-1533,459207	8,510898	959,115069	22,007180	23,230830	25,868355	23,080009	23,168954	-2,910413	0,824492	0,975807	153796,351949	-0,203751	3,022333	-0,062984	0,000000	2,029849	-0,124489	-0,124495	14,076122	-0,015963	3,163500	1,803490
169,400000	7,459076	7,489983	0,115192	0,082787	1,876710	-1837,112132	-1575,015441	-1576,659303	-930,738975	-1536,244812	8,509227	959,463247	22,012102	23,230839	25,862080	23,083052	23,160764	-2,910480	0,825259	0,975896	153801,218238	-0,203468	3,022189	-0,063192	0,000000	2,029380	-0,124490	-0,124498	14,078327	-0,015252	3,163825	1,803864
169,600000	7,458631	7,490056	0,115066	0,083220	1,877830	-1837,496760	-1575,251541	-1578,759042	-930,312463	-1535,818300	8,507714	958,345569	22,020689	23,232825	25,859035	23,082301	23,153429	-2,910773	0,824731	0,974733	153813,887651	-0,202155	3,022118	-0,063096	0,000000	2,029200	-0,124491	-0,124499	14,068848	-0,015136	3,164082	1,802663
169,800000	7,457904	7,490364	0,115694	0,083837	1,876641	-1837,678756	-1571,714358	-1578,596456	-926,871294	-1532,377131	8,506361	956,944280	22,022356	23,234292	25,861850	23,076813	23,153852	-2,910825	0,822592	0,973849	153814,138859	-0,201213	3,022374	-0,062934	0,000000	2,029237	-0,124491	-0,124496	14,057496	-0,015530	3,162697	1,801157
170,000000	7,457821	7,490563	0,115762	0,083505	1,875107	-1835,421685	-1568,113877	-1575,690274	-921,909306	-1527,415143	8,504751	957,506251	22,016221	23,234137	25,863307	23,074604	23,158967	-2,910588	0,821183	0,973439	153814,921907	-0,201302	3,022159	-0,062928	0,000000	2,029482	-0,124489	-0,124493	14,062574	-0,015898	3,162370	1,801761
170,200000	7,458380	7,490394	0,114803	0,083028	1,875332	-1830,838872	-1564,618986	-1569,867161	-919,121106	-1524,626944	8,503328	958,855103	22,010761	23,232808	25,864210	23,078748	23,164806	-2,910470	0,821350	0,973628	153824,221686	-0,201898	3,021708	-0,062881	0,000000	2,029394	-0,124487	-0,124494	14,074091	-0,016111	3,164578	1,803211
170,400000	7,458845	7,490104	0,114514	0,083656	1,878319	-1828,287527	-1562,511086	-1566,995385	-920,220434	-1525,726271	8,502081	958,367142	22,011435	23,232058	25,865875	23,086123	23,169374	-2,910578	0,822237	0,974169	153832,188680	-0,202050	3,021822	-0,062860	0,000000	2,029283	-0,124485	-0,124494	14,069935	-0,016043	3,165435	1,802686
170,600000	7,458842	7,489930	0,114657	0,084729	1,880327	-1834,076132	-1570,256041	-1571,170226	-924,630826	-1530,136664	8,500551	956,214190	22,014844	23,232120	25,866149	23,090411	23,167293	-2,910683	0,824187	0,974429	153836,880495	-0,201710	3,022137	-0,063065	0,000000	2,029647	-0,124484	-0,124487	14,051310	-0,015467	3,165298	1,800371
170,800000	7,458838	7,489779	0,114623	0,085000	1,879375	-1841,799348	-1583,529663	-1579,213707	-931,718833	-1537,224670	8,498924	954,701470	22,016373	23,233078	25,866223	23,088643	23,158645	-2,910752	0,825371	0,974637	153830,042803	-0,201272	3,022141	-0,063298	0,000000	2,030472	-0,124484	-0,124482	14,037824	-0,014674	3,165333	1,798743
171,000000	7,459044	7,489775	0,115179	0,085019	1,877409	-1847,636591	-1588,675389	-1585,941002	-939,736760	-1545,242597	8,497329	955,457358	22,017247	23,233866	25,867175	23,082026	23,152269	-2,910866	0,825452	0,974970	153822,017715	-0,201121	3,022257	-0,063209	0,000000	2,030746	-0,124490	-0,124483	14,043905	-0,014411	3,163874	1,799557
171,200000	7,458967	7,489891	0,115482	0,085111	1,876046	-1848,379922	-1581,420337	-1587,227203	-941,934955	-1547,440793	8,495853	957,766538	22,016970	23,233059	25,868737	23,076005	23,155123	-2,910857	0,823971	0,975275	153825,445641	-0,201482	3,022596	-0,062857	0,000000	2,029519	-0,124494	-0,124485	14,063627	-0,014768	3,163440	1,802041
171,400000	7,458826	7,490123	0,115089	0,084296	1,875174	-1839,048405	-1567,669569	-1582,298500	-933,344780	-1538,850617	8,494490	958,445394	22,014110	23,231739	25,865960	23,075281	23,163500	-2,910713	0,821450	0,975230	153824,780964	-0,202234	3,022533	-0,062606	0,000000	2,028203	-0,124492	-0,124485	14,069724	-0,015176	3,164561	1,802771
171,600000	7,458906	7,490329	0,114838	0,083504	1,876158	-1826,053838	-1558,059614	-1573,954955	-919,417129	-1524,922967	8,493041	956,465427	22,013930	23,231778	25,858958	23,079440	23,167982	-2,910636	0,820190	0,974657	153818,174092	-0,202892	3,022186	-0,062806	0,000000	2,028844	-0,124488	-0,124486	14,053281	-0,015331	3,164913	1,800642
171,800000	7,458945	7,490196	0,114734	0,084027	1,877907	-1818,369566	-1552,931600	-1565,234283	-908,294933	-1513,800771	8,491615	955,628499	22,017661	23,234003	25,858853	23,086856	23,166520	-2,910666	0,820825	0,974002	153816,414790	-0,202836	3,022009	-0,063239	0,000000	2,030734	-0,124488	-0,124489	14,046011	-0,015082	3,164947	1,799741
172,000000	7,458616	7,490203	0,114768	0,084579	1,878294	-1813,364174	-1545,157163	-1557,456612	-901,315445	-1506,821283	8,490350	957,509288	22,017854	23,234506	25,865225	23,091050	23,163189	-2,910785	0,822093	0,973697	153813,277210	-0,202662	3,021927	-0,063382	0,000000	2,031771	-0,124492	-0,124496	14,061378	-0,014676	3,164830	1,801764
172,200000	7,458255	7,490420	0,114975	0,084311	1,876863	-1804,046034	-1539,405950	-1551,573539	-897,614157	-1503,119994	8,489193	959,225555	22,012826	23,231514	25,866422	23,086148	23,160381	-2,910859	0,822170	0,973950	153807,949793	-0,202903	3,021727	-0,063220	0,000000	2,031423	-0,124494	-0,124499	14,075898	-0,014814	3,164157	1,803609
172,400000	7,458642	7,490332	0,115157	0,083975	1,876296	-1802,209788	-1539,756198	-1548,066641	-897,947805	-1503,453643	8,487958	959,433716	22,010724	23,229379	25,860943	23,076882	23,159548	-2,910942	0,823031	0,974778	153816,341650	-0,202531	3,021631	-0,062855	0,000000	2,030320	-0,124498	-0,124496	14,078254	-0,015427	3,163474	1,803833
172,600000	7,459167	7,490007	0,114880	0,083658	1,876613	-1806,116682	-1540,938372	-1546,822778	-900,489944	-1505,995781	8,486362	959,161921	22,015178	23,230176	25,854720	23,072540	23,160207	-2,911139	0,824545	0,975448	153828,922264	-0,201497	3,021897	-0,062519	0,000000	2,028858	-0,124498	-0,124492	14,076282	-0,015731	3,164341	1,803541
172,800000	7,458870	7,490065	0,114503	0,083186	1,876424	-1803,508290	-1541,317666	-1548,147917	-901,796242	-1507,302079	8,484502	958,133380	22,020096	23,232583	25,850140	23,077277	23,160384	-2,911326	0,825180	0,975205	153821,448789	-0,201695	3,022256	-0,062502	0,000000	2,027556	-0,124493	-0,124491	14,067674	-0,015741	3,165735	1,802435
173,000000	7,458363	7,490560	0,114844	0,083116	1,875697	-1802,588144	-1539,403073	-1548,671068	-898,801542	-1504,307379	8,482857	956,908474	22,021102	23,234757	25,851214	23,085543	23,160295	-2,911300	0,825860	0,974403	153811,978056	-0,202950	3,022387	-0,062781	0,000000	2,028220	-0,124490	-0,124491	14,057463	-0,015798	3,165076	1,801118
173,200000	7,458306	7,490751	0,115230	0,083617	1,875518	-1801,349179	-1531,538714	-1544,276230	-890,557386	-1496,063223	8,481416	957,554143	22,018277	23,236421	25,858428	23,089180	23,161445	-2,910944	0,826451	0,973800	153816,206218	-0,202910	3,022210	-0,063199	0,000000	2,030689	-0,124491	-0,124488	14,062792	-0,015714	3,163926	1,801812
173,400000	7,458550	7,490515	0,115187	0,084213	1,877999	-1792,641348	-1522,272526	-1537,270756	-881,825022	-1487,330859	8,479923	958,932569	22,012099	23,235540	25,864846	23,088500	23,164548	-2,910562	0,826339	0,973845	153822,416562	-0,202045	3,021860	-0,063384	0,000000	2,032082	-0,124489	-0,124486	14,074178	-0,015548	3,163670	1,803294
173,600000	7,459090	7,490387	0,115178	0,084017	1,878562	-1781,398870	-1518,310054	-1532,357969	-878,567553	-1484,073390	8,478575	959,311557	22,006818	23,231089	25,868865	23,087188	23,166095	-2,910399	0,824921	0,974350	153827,153957	-0,202202	3,021652	-0,063187	0,000000	2,030995	-0,124486	-0,124489	14,077342	-0,015538	3,163522	1,803701
173,800000	7,459509	7,490258	0,114836	0,083467	1,876840	-1776,823799	-1520,339554	-1531,633915	-881,035025	-1486,540862	8,477349	958,294342	22,007666	23,228647	25,867363	23,084615	23,163084	-2,910394	0,823060	0,974921	153823,546856	-0,202967	3,021754	-0,063081	0,000000	2,029310	-0,124486	-0,124492	14,068864	-0,015582	3,164562	1,802608
174,000000	7,459162	7,489811	0,114577	0,083874	1,874249	-1783,881928	-1524,762620	-1533,620185	-884,856412	-1490,362250	8,475900	956,946961	22,014539	23,231077	25,858621	23,082864	23,157321	-2,910517	0,821735	0,975060	153822,477597	-0,203031	3,021895	-0,063273	0,000000	2,028999	-0,124487	-0,124492	14,057695	-0,015707	3,165160	1,801159
174,200000	7,458352	7,489509	0,115475	0,084428	1,873268	-1795,342268	-1528,109044	-1535,621761	-887,346806	-1492,852643	8,474337	956,604839	22,021621	23,233755	25,853284	23,082264	23,153871	-2,910634	0,820316	0,974473	153831,628627	-0,202679	3,021911	-0,063326	0,000000	2,029363	-0,124487	-0,124489	14,055227	-0,016109	3,162428	1,800791
174,400000	7,457769	7,489655	0,116453	0,084651	1,873758	-1803,284223	-1533,796159	-1538,218108	-890,618072	-1496,123909	8,472938	956,699481	22,020428	23,233349	25,856687	23,081224	23,158133	-2,910652	0,818547	0,974470	153841,815794	-0,202552	3,022054	-0,063243	0,000000	2,029572	-0,124486	-0,124488	14,056503	-0,016590	3,159902	1,800893
174,600000	7,457917	7,489997	0,116544	0,084480	1,876133	-1810,032841	-1544,605463	-1542,639606	-896,763259	-1502,269097	8,471504	957,668958	22,012567	23,232109	25,862152	23,083657	23,166026	-2,910699	0,817690	0,975345	153849,614405	-0,202400	3,022343	-0,063103	0,000000	2,029700	-0,124486	-0,124486	14,064874	-0,016834	3,160145	1,801936
174,800000	7,458558	7,490141	0,116256	0,083925	1,878834	-1816,266669	-1553,233834	-1547,384276	-904,013583	-1509,519420	8,469820	958,913805	22,009386	23,230953	25,863595	23,087442	23,168799	-2,910802	0,818569	0,975466	153842,079077	-0,202689	3,022312	-0,062693	0,000000	2,029551	-0,124487	-0,124483	14,075136	-0,016663	3,161010	1,803274
175,000000	7,458753	7,489969	0,116057	0,084247	1,877620	-1816,169357	-1554,231913	-1552,075822	-909,351511	-1514,857348	8,468239	959,231952	22,012890	23,230250	25,862869	23,089370	23,165723	-2,910820	0,819627	0,974602	153824,831314	-0,203107	3,021935	-0,062503	0,000000	2,029396	-0,124488	-0,124485	14,077288	-0,016150	3,161114	1,803616
175,200000	7,458448	7,489834	0,115254	0,084920	1,874525	-1815,529815	-1556,006769	-1557,541823	-912,967926	-1518,473763	8,466943	959,148207	22,016737	23,231879	25,862819	23,089331	23,159672	-2,910682	0,820328	0,973956	153815,246484	-0,202340	3,021792	-0,062832	0,000000	2,029201	-0,124489	-0,124488	14,076074	-0,015638	3,163174	1,803526
175,400000	7,458392	7,490105	0,114157	0,084569	1,873342	-1820,549812	-1560,296831	-1562,008547	-915,694634	-1521,200471	8,465580	959,070838	22,018421	23,234157	25,861157	23,084278	23,154224	-2,910621	0,821260	0,974075	153815,012696	-0,201296	3,022122	-0,063155	0,000000	2,028999	-0,124490	-0,124489	14,075204	-0,015416	3,166694	1,803443
175,600000	7,458641	7,490536	0,114523	0,083571	1,875022	-1826,511379	-1559,755728	-1564,445130	-917,683494	-1523,189331	8,464147	959,022403	22,017407	23,234858	25,861659	23,076946	23,155300	-2,910820	0,822103	0,974762	153816,045671	-0,202035	3,022501	-0,063119	0,000000	2,029048	-0,124494	-0,124486	14,075120	-0,015738	3,166209	1,803391
175,800000	7,458828	7,490747	0,114899	0,083273	1,876675	-1829,421524	-1562,307912	-1567,734620	-921,270281	-1526,776118	8,462727	958,974254	22,014705	23,234081	25,864418	23,076623	23,162968	-2,911003	0,822051	0,975097	153813,357195	-0,203748	3,022471	-0,062844	0,000000	2,028910	-0,124495	-0,124484	14,075260	-0,016281	3,165226	1,803339
176,000000	7,458767	7,490878	0,113813	0,083714	1,877257	-1830,314857	-1574,744840	-1573,819155	-927,740532	-1533,246370	8,461179	958,997365	22,013304	23,232943	25,862891	23,085481	23,168544	-2,910978	0,821936	0,974376	153815,342143	-0,203768	3,022056	-0,062576	0,000000	2,028799	-0,124491	-0,124484	14,075328	-0,016155	3,167923	1,803364
176,200000	7,458524	7,490853	0,113257	0,083529	1,877088	-1833,760511	-1587,827110	-1582,479114	-936,127848	-1541,633686	8,459695	959,085021	22,013505	23,232010	25,862894	23,095039	23,165521	-2,910838	0,822183	0,973643	153818,236268	-0,202323	3,021623	-0,062599	0,000000	2,029216	-0,124489	-0,124491	14,075325	-0,015419	3,169052	1,803458
176,400000	7,458461	7,490608	0,114279	0,083488	1,876744	-1843,483141	-1594,394636	-1591,012757	-943,439030	-1548,944868	8,458394	959,130748	22,014315	23,231744	25,866467	23,097003	23,158769	-2,910709	0,820216	0,973862	153818,821239	-0,201531	3,021569	-0,062854	0,000000	2,030644	-0,124489	-0,124500	14,075311	-0,015021	3,166037	1,803507
176,600000	7,458541	7,490478	0,115244	0,084681	1,875840	-1854,998823	-1591,510395	-1594,022165	-945,764836	-1551,270673	8,457039	959,093016	22,015471	23,233010	25,867181	23,090105	23,156229	-2,910671	0,817022	0,974629	153822,798999	-0,201428	3,021738	-0,062984	0,000000	2,031537	-0,124488	-0,124500	14,075306	-0,015333	3,163419	1,803467
176,800000	7,458456	7,490386	0,115790	0,085145	1,875588	-1850,611742	-1576,831757	-1589,817942	-939,944342	-1545,450179	8,455502	959,044563	22,014568	23,233102	25,867072	23,081090	23,157372	-2,910637	0,815607	0,975258	153820,517115	-0,201772	3,021836	-0,062970	0,000000	2,030343	-0,124490	-0,124496	14,075307	-0,015740	3,161936	1,803414
177,000000	7,458448	7,490228	0,116753	0,083999	1,875411	-1830,302481	-1558,881866	-1580,656508	-926,723346	-1532,229183	8,453849	958,165352	22,012518	23,231962	25,865355	23,078302	23,158843	-2,910480	0,817355	0,975297	153818,478213	-0,202410	3,021846	-0,062936	0,000000	2,028296	-0,124498	-0,124495	14,067892	-0,015690	3,159157	1,802470
177,200000	7,458657	7,490318	0,116740	0,083343	1,875063	-1815,569484	-1547,682072	-1567,858760	-911,458464	-1516,964302	8,452286	956,973352	22,014257	23,233895	25,860116	23,083844	23,160018	-2,910487	0,819732	0,974827	153823,802342	-0,202730	3,021932	-0,063085	0,000000	2,027944	-0,124501	-0,124489	14,057734	-0,015525	3,159240	1,801188
177,400000	7,458541	7,490640	0,115464	0,084161	1,875307	-1807,904791	-1538,639030	-1553,744003	-898,213557	-1503,719394	8,450866	957,581961	22,016691	23,236552	25,859338	23,091618	23,160384	-2,910718	0,819350	0,974537	153826,400347	-0,202968	3,022092	-0,063169	0,000000	2,029206	-0,124496	-0,124486	14,062849	-0,015538	3,163104	1,801842
177,600000	7,458224	7,490778	0,114524	0,085115	1,877580	-1792,444650	-1529,550071	-1543,278845	-887,926678	-1493,432515	8,449475	958,934219	22,013957	23,235553	25,864275	23,094694	23,160503	-2,910698	0,817799	0,974688	153827,315842	-0,202952	3,021845	-0,062810	0,000000	2,030175	-0,124490	-0,124493	14,074146	-0,015503	3,165629	1,803296
177,800000	7,458297	7,490518	0,114312	0,085092	1,878676	-1775,439172	-1526,651121	-1538,393682	-882,526278	-1488,032115	8,448112	959,318261	22,008837	23,232691	25,867999	23,091932	23,162031	-2,910503	0,816944	0,974772	153828,385242	-0,202346	3,021525	-0,062592	0,000000	2,031477	-0,124488	-0,124500	14,077319	-0,015458	3,165869	1,803709
178,000000	7,458603	7,490215	0,114747	0,084394	1,876100	-1777,865941	-1531,230080	-1538,470576	-886,837707	-1492,343545	8,446685	959,201175	22,008500	23,231343	25,866696	23,087203	23,161811	-2,910573	0,818769	0,974422	153827,922502	-0,201646	3,021631	-0,062738	0,000000	2,031660	-0,124492	-0,124495	14,076279	-0,015400	3,164633	1,803583
178,200000	7,458792	7,490097	0,115244	0,083825	1,872453	-1800,278812	-1541,591890	-1543,531519	-898,727294	-1504,233131	8,445208	958,233128	22,013457	23,230572	25,861502	23,085287	23,158263	-2,910842	0,821751	0,974247	153826,447189	-0,201681	3,021832	-0,062863	0,000000	2,029820	-0,124495	-0,124484	14,067857	-0,015087	3,163342	1,802542
178,400000	7,458573	7,490099	0,114883	0,083675	1,871302	-1821,526470	-1553,221291	-1551,172474	-909,458614	-1514,964451	8,443748	957,045360	22,019745	23,230857	25,855148	23,086022	23,156273	-2,910933	0,823352	0,974862	153830,238289	-0,201913	3,022066	-0,063062	0,000000	2,028318	-0,124494	-0,124481	14,057530	-0,014718	3,164543	1,801265
178,600000	7,458008	7,490157	0,114531	0,083515	1,873426	-1828,288890	-1562,980768	-1559,534996	-916,950619	-1522,456456	8,442163	957,666564	22,023647	23,235108	25,849783	23,088593	23,157826	-2,910888	0,823808	0,975291	153835,410276	-0,201306	3,022272	-0,063330	0,000000	2,028409	-0,124493	-0,124485	14,062781	-0,014761	3,165676	1,801933
178,800000	7,457766	7,490106	0,114944	0,083404	1,875257	-1835,445223	-1571,807348	-1568,098729	-923,631203	-1529,137040	8,440621	958,949384	22,020568	23,238966	25,852352	23,090671	23,162597	-2,910866	0,822706	0,974694	153828,933685	-0,200327	3,022301	-0,063360	0,000000	2,029728	-0,124490	-0,124489	14,074161	-0,015390	3,164499	1,803312
179,000000	7,458123	7,489974	0,115406	0,083680	1,876098	-1844,104344	-1573,053182	-1573,163329	-926,628540	-1532,134377	8,439290	959,246578	22,011791	23,237010	25,863022	23,089626	23,167012	-2,910740	0,821602	0,973945	153824,418033	-0,199995	3,022159	-0,063160	0,000000	2,031013	-0,124486	-0,124492	14,077338	-0,016078	3,163124	1,803632
179,200000	7,458655	7,489924	0,114849	0,083913	1,874917	-1836,990318	-1567,986678	-1573,808144	-925,333143	-1530,838980	8,437988	959,110489	22,004634	23,232381	25,869564	23,088402	23,167298	-2,910475	0,821016	0,974080	153826,824167	-0,200533	3,021922	-0,062953	0,000000	2,031257	-0,124490	-0,124493	14,076283	-0,016163	3,164558	1,803485
179,400000	7,458749	7,489833	0,113782	0,083595	1,873647	-1826,374155	-1568,796636	-1574,687165	-925,840252	-1531,346089	8,436629	959,047429	22,006950	23,231061	25,866642	23,087957	23,163720	-2,910358	0,820893	0,974529	153817,550734	-0,201326	3,021867	-0,062888	0,000000	2,030692	-0,124491	-0,124495	14,075272	-0,015680	3,167484	1,803418
179,600000	7,458430	7,489617	0,114559	0,083397	1,872410	-1830,065067	-1574,328137	-1578,590801	-929,504483	-1535,010321	8,435139	959,087643	22,016814	23,233515	25,861209	23,087000	23,156496	-2,910509	0,821319	0,974660	153805,337674	-0,202031	3,022093	-0,063125	0,000000	2,030057	-0,124483	-0,124498	14,075104	-0,015176	3,165345	1,803461
179,800000	7,458475	7,489644	0,116047	0,084099	1,873366	-1846,126363	-1578,141610	-1582,085695	-932,205245	-1537,711083	8,433755	959,116111	22,021638	23,236092	25,859893	23,085150	23,150958	-2,910585	0,822073	0,974837	153804,848402	-0,202446	3,022335	-0,063326	0,000000	2,029645	-0,124479	-0,124498	14,075240	-0,015073	3,161345	1,803491
180,000000	7,458763	7,489834	0,115048	0,084336	1,874833	-1852,224696	-1578,963021	-1582,467353	-932,510889	-1538,016726	8,432657	959,089552	22,017087	23,236664	25,860933	23,083337	23,152871	-2,910523	0,822336	0,974642	153808,640410	-0,203204	3,022430	-0,063220	0,000000	2,029951	-0,124485	-0,124494	14,075324	-0,015379	3,164353	1,803463
180,200000	7,458677	7,489949	0,113466	0,083384	1,874951	-1838,447774	-1577,201299	-1582,401360	-932,801438	-1538,307276	8,431315	959,035260	22,011813	23,234551	25,861280	23,085088	23,160934	-2,910498	0,821828	0,974452	153810,390929	-0,204203	3,022549	-0,063042	0,000000	2,030221	-0,124492	-0,124486	14,075328	-0,015838	3,169046	1,803404
180,400000	7,458537	7,490065	0,114855	0,082904	1,874804	-1830,851953	-1571,416336	-1581,830055	-931,846770	-1537,352608	8,429722	959,883994	22,011144	23,230902	25,862870	23,091039	23,170957	-2,910491	0,821962	0,975001	153823,969552	-0,204008	3,022707	-0,062824	0,000000	2,029699	-0,124493	-0,124482	14,082730	-0,016132	3,165360	1,804316
180,600000	7,458676	7,490007	0,116423	0,083664	1,874577	-1834,064562	-1562,457570	-1577,346289	-924,679513	-1530,185350	8,428154	961,995526	22,012472	23,230347	25,864694	23,096150	23,174064	-2,910580	0,822307	0,975415	153843,327893	-0,203432	3,022593	-0,062602	0,000000	2,029898	-0,124492	-0,124487	14,100299	-0,016027	3,160800	1,806583
180,800000	7,458986	7,489820	0,115111	0,084397	1,875367	-1824,816579	-1556,183552	-1570,211804	-914,563024	-1520,068862	8,426516	963,537531	22,014171	23,233097	25,863750	23,097654	23,165363	-2,910767	0,823092	0,975219	153839,999626	-0,203471	3,022146	-0,062523	0,000000	2,030567	-0,124492	-0,124494	14,112759	-0,015591	3,163942	1,808237
181,000000	7,459128	7,489705	0,113687	0,084612	1,875506	-1811,660005	-1557,289865	-1566,625621	-912,587493	-1518,093330	8,424942	962,811268	22,015851	23,234749	25,861740	23,093911	23,155349	-2,910846	0,823049	0,974763	153831,309108	-0,203418	3,021914	-0,062559	0,000000	2,030637	-0,124498	-0,124494	14,106506	-0,015411	3,167661	1,807459
181,200000	7,458924	7,489684	0,114174	0,084941	1,875868	-1819,313300	-1562,174616	-1568,287175	-918,406372	-1523,912209	8,423498	960,412450	22,016648	23,234554	25,859694	23,084431	23,154684	-2,910797	0,822769	0,974693	153835,383016	-0,203776	3,022046	-0,062638	0,000000	2,030488	-0,124501	-0,124492	14,086921	-0,015898	3,166387	1,804884
181,400000	7,458501	7,489784	0,114947	0,084691	1,875190	-1835,345603	-1562,557628	-1570,180842	-922,360935	-1527,866773	8,422198	959,617179	22,015743	23,234315	25,857407	23,079224	23,161032	-2,910762	0,824073	0,974984	153843,009062	-0,204565	3,022079	-0,062742	0,000000	2,029510	-0,124497	-0,124489	14,080908	-0,016544	3,164243	1,804030
181,600000	7,458215	7,489925	0,114978	0,083517	1,873949	-1841,864144	-1559,423632	-1569,312393	-920,572769	-1526,078607	8,420999	961,552971	22,013715	23,234654	25,858472	23,083695	23,165989	-2,910756	0,824882	0,974988	153847,601760	-0,204160	3,022015	-0,062732	0,000000	2,028601	-0,124490	-0,124487	14,097356	-0,016787	3,164149	1,806108
181,800000	7,458260	7,489903	0,115112	0,083022	1,872657	-1841,068608	-1560,823119	-1568,385256	-917,136816	-1522,642653	8,419695	962,444425	22,014534	23,236000	25,862343	23,091668	23,166646	-2,910720	0,824951	0,974978	153838,453502	-0,203250	3,022054	-0,062672	0,000000	2,029388	-0,124487	-0,124493	14,104611	-0,016584	3,163826	1,807065
182,000000	7,458141	7,489837	0,114888	0,084020	1,871383	-1835,519000	-1568,541164	-1570,346721	-919,077586	-1524,583424	8,418281	961,535417	22,017028	23,237450	25,865762	23,098193	23,165058	-2,910677	0,825828	0,975064	153824,012258	-0,202987	3,022104	-0,062814	0,000000	2,031277	-0,124492	-0,124499	14,096654	-0,016232	3,164510	1,806089
182,200000	7,458013	7,490040	0,113335	0,084858	1,870810	-1831,191806	-1579,726554	-1576,751199	-928,062793	-1533,568630	8,416777	961,040360	22,015058	23,234919	25,868032	23,098987	23,162444	-2,910563	0,827857	0,974992	153816,493236	-0,202641	3,022056	-0,062999	0,000000	2,031825	-0,124497	-0,124496	14,092293	-0,016014	3,169004	1,805558
182,400000	7,458422	7,490228	0,111998	0,084168	1,871801	-1833,741467	-1592,567082	-1587,527621	-941,687810	-1547,193648	8,415311	960,185699	22,011239	23,231035	25,866180	23,092523	23,160858	-2,910461	0,828871	0,974575	153819,956695	-0,202140	3,021906	-0,063113	0,000000	2,030565	-0,124497	-0,124488	14,084822	-0,015698	3,172751	1,804640
182,600000	7,458772	7,490103	0,112552	0,083259	1,873112	-1846,146971	-1598,635121	-1596,868364	-953,353956	-1558,859793	8,413812	959,123402	22,013244	23,231063	25,862619	23,085790	23,162152	-2,910536	0,827108	0,974281	153828,636971	-0,202151	3,021818	-0,063340	0,000000	2,029243	-0,124498	-0,124482	14,075499	-0,015270	3,170992	1,803499
182,800000	7,458890	7,489823	0,113553	0,083609	1,874618	-1859,565594	-1592,056679	-1598,989930	-954,166654	-1559,672491	8,412173	959,778267	22,018675	23,232816	25,861193	23,086379	23,162190	-2,910734	0,824060	0,975150	153823,545381	-0,202517	3,022044	-0,063374	0,000000	2,027985	-0,124496	-0,124485	14,080933	-0,015220	3,168240	1,804203
183,000000	7,459124	7,489685	0,113548	0,084266	1,875499	-1857,098132	-1580,241154	-1594,175862	-943,074990	-1548,580828	8,410843	961,989157	22,018695	23,234160	25,857756	23,091924	23,159753	-2,910967	0,823479	0,975804	153809,293939	-0,202203	3,022397	-0,063037	0,000000	2,028045	-0,124492	-0,124492	14,099602	-0,015383	3,168523	1,806576
183,200000	7,458949	7,489903	0,113488	0,084145	1,874862	-1843,239723	-1569,158687	-1585,128106	-928,033239	-1533,539076	8,409457	962,690218	22,014654	23,235420	25,853516	23,095613	23,161414	-2,911059	0,825820	0,975067	153803,154451	-0,201679	3,022428	-0,062893	0,000000	2,030141	-0,124488	-0,124494	14,105436	-0,015353	3,168747	1,807329
183,400000	7,458721	7,490193	0,113187	0,083825	1,873879	-1831,331081	-1558,324357	-1574,204247	-917,059303	-1522,565141	8,407478	960,720589	22,012199	23,235969	25,858063	23,095807	23,165784	-2,910984	0,826855	0,974377	153807,669886	-0,202089	3,022197	-0,063036	0,000000	2,032000	-0,124486	-0,124492	14,089102	-0,015499	3,169513	1,805215
183,600000	7,459162	7,490294	0,112553	0,083689	1,872897	-1821,500462	-1549,739209	-1565,527960	-912,015756	-1517,521593	8,405714	958,930077	22,010638	23,233232	25,868929	23,093594	23,167834	-2,910739	0,825295	0,974063	153812,703972	-0,203218	3,022003	-0,062930	0,000000	2,031493	-0,124488	-0,124492	14,074506	-0,015898	3,171300	1,803291
183,800000	7,459558	7,490077	0,112535	0,083642	1,872592	-1815,130900	-1550,544565	-1562,930432	-913,091787	-1518,597624	8,404548	959,546414	22,009762	23,228859	25,870321	23,090348	23,165603	-2,910392	0,823620	0,974084	153811,246327	-0,204124	3,021953	-0,062654	0,000000	2,029243	-0,124490	-0,124491	14,079729	-0,015957	3,171279	1,803954
184,000000	7,459203	7,489737	0,112884	0,083517	1,871750	-1817,487182	-1556,816776	-1563,999305	-917,169041	-1522,674878	8,403286	961,923244	22,013106	23,229215	25,860288	23,090175	23,158619	-2,910377	0,824189	0,975005	153819,020351	-0,203346	3,022016	-0,062761	0,000000	2,027949	-0,124492	-0,124488	14,099351	-0,015684	3,170113	1,806506
184,200000	7,458393	7,489663	0,112983	0,083472	1,871075	-1820,619962	-1556,129606	-1563,793220	-915,659149	-1521,164987	8,401722	963,568934	22,019883	23,232765	25,853501	23,093503	23,153528	-2,910674	0,825911	0,975687	153836,535326	-0,201798	3,022101	-0,063094	0,000000	2,028567	-0,124494	-0,124484	14,112997	-0,015566	3,169781	1,808271
184,400000	7,457994	7,489780	0,112725	0,084315	1,870789	-1817,172381	-1547,776559	-1559,433088	-907,385252	-1512,891089	8,400238	962,788453	22,021560	23,234101	25,856781	23,093501	23,157569	-2,910788	0,827375	0,975359	153844,077547	-0,201642	3,022288	-0,063249	0,000000	2,029465	-0,124494	-0,124480	14,106779	-0,015875	3,170778	1,807434
184,600000	7,458422	7,490018	0,112933	0,084951	1,871106	-1810,399413	-1536,508441	-1551,950208	-898,832170	-1504,338007	8,398862	960,366158	22,014805	23,233428	25,863345	23,089922	23,168217	-2,910624	0,828161	0,974788	153842,332834	-0,202338	3,022471	-0,063189	0,000000	2,029902	-0,124496	-0,124477	14,086975	-0,016340	3,170543	1,804834
184,800000	7,459062	7,490243	0,112790	0,084178	1,870650	-1803,065904	-1531,581560	-1546,382757	-894,224882	-1499,730719	8,397543	959,640088	22,007448	23,232856	25,864632	23,090749	23,174299	-2,910516	0,826909	0,974215	153834,172436	-0,202520	3,022295	-0,062985	0,000000	2,030229	-0,124499	-0,124482	14,080875	-0,016319	3,170871	1,804054
185,000000	7,459045	7,490135	0,112041	0,083860	1,872026	-1794,979081	-1534,655353	-1545,531303	-893,759275	-1499,265112	8,396493	960,753134	22,006292	23,233514	25,861674	23,096889	23,170208	-2,910611	0,824853	0,974090	153826,331345	-0,202264	3,021976	-0,062932	0,000000	2,029780	-0,124502	-0,124492	14,089916	-0,016040	3,172591	1,805250
185,200000	7,458587	7,489870	0,111534	0,084744	1,873845	-1789,034088	-1539,984807	-1547,742078	-896,950399	-1502,456237	8,395287	960,411701	22,010649	23,234478	25,861916	23,101415	23,162464	-2,910651	0,823110	0,974554	153824,974579	-0,201984	3,021947	-0,063142	0,000000	2,029133	-0,124500	-0,124492	14,087034	-0,016017	3,173902	1,804883
185,400000	7,458452	7,489780	0,111826	0,085255	1,873684	-1790,954464	-1544,529952	-1551,150298	-903,149725	-1508,655562	8,393659	960,061498	22,015445	23,234700	25,864186	23,099359	23,157041	-2,910592	0,822689	0,974667	153819,083333	-0,201702	3,022123	-0,063242	0,000000	2,029213	-0,124496	-0,124484	14,084199	-0,016114	3,173240	1,804507
185,600000	7,458327	7,489627	0,113306	0,084766	1,872272	-1803,745750	-1546,108656	-1555,437690	-908,573483	-1514,079320	8,392143	960,888865	22,016870	23,234817	25,863457	23,092644	23,156442	-2,910694	0,823203	0,974143	153809,959276	-0,201561	3,022178	-0,063005	0,000000	2,029130	-0,124496	-0,124483	14,091132	-0,016121	3,169011	1,805395
185,800000	7,458103	7,489475	0,114233	0,084295	1,871961	-1818,825121	-1543,272257	-1555,928907	-908,101527	-1513,607364	8,390760	960,379137	22,014898	23,234726	25,861463	23,087701	23,162225	-2,910908	0,822964	0,973568	153809,134255	-0,201431	3,022069	-0,062755	0,000000	2,029036	-0,124497	-0,124484	14,086833	-0,016088	3,166182	1,804848
186,000000	7,458195	7,489706	0,114798	0,084663	1,874604	-1819,736992	-1531,545334	-1549,448290	-900,420146	-1505,925983	8,389185	959,146113	22,011467	23,233453	25,863027	23,091006	23,169046	-2,911038	0,823399	0,974145	153809,394058	-0,201499	3,022031	-0,062845	0,000000	2,028958	-0,124492	-0,124483	14,076469	-0,016050	3,164654	1,803524
186,200000	7,458400	7,490079	0,114791	0,084364	1,875765	-1810,850844	-1523,282271	-1541,855902	-891,660214	-1497,166051	8,387613	958,820986	22,010294	23,232163	25,864769	23,100181	23,169926	-2,911143	0,823267	0,974983	153805,132135	-0,202046	3,022023	-0,063166	0,000000	2,028808	-0,124485	-0,124489	14,073481	-0,015786	3,164839	1,803174
186,400000	7,458396	7,490189	0,113108	0,083198	1,874957	-1804,243089	-1530,631803	-1540,292760	-889,856262	-1495,362099	8,386309	958,967694	22,012332	23,232716	25,862620	23,103940	23,164577	-2,911116	0,821414	0,974354	153808,221680	-0,202664	3,021962	-0,063361	0,000000	2,029986	-0,124483	-0,124498	14,074406	-0,015482	3,169574	1,803332
186,600000	7,458501	7,490118	0,112110	0,083452	1,872333	-1806,628641	-1547,073505	-1548,312232	-899,703441	-1505,209278	8,385001	958,189200	22,014891	23,233929	25,865065	23,099919	23,159323	-2,910832	0,820849	0,973794	153816,856793	-0,203222	3,021928	-0,063189	0,000000	2,031061	-0,124487	-0,124500	14,067916	-0,015515	3,172369	1,802495
186,800000	7,459012	7,490051	0,112595	0,084606	1,870682	-1822,174553	-1564,734230	-1562,475479	-917,543395	-1523,049232	8,383350	956,079426	22,015001	23,233260	25,869692	23,092609	23,158115	-2,910661	0,822268	0,974177	153817,727854	-0,203978	3,021890	-0,063020	0,000000	2,030206	-0,124499	-0,124497	14,050502	-0,015790	3,170977	1,800226
187,000000	7,458982	7,489951	0,113234	0,084718	1,870684	-1836,093209	-1576,665549	-1575,649350	-932,143060	-1537,648897	8,381600	955,451388	22,012766	23,231534	25,864615	23,085365	23,159284	-2,910771	0,823288	0,974707	153810,599910	-0,204036	3,021765	-0,063087	0,000000	2,028890	-0,124504	-0,124491	14,045338	-0,015895	3,168954	1,799550
187,200000	7,458429	7,489860	0,113994	0,084105	1,873828	-1843,993062	-1580,040502	-1583,801650	-938,472121	-1543,977959	8,380167	957,406144	22,013392	23,231867	25,854592	23,084762	23,162268	-2,910853	0,823325	0,974946	153806,479213	-0,202922	3,021736	-0,063006	0,000000	2,028287	-0,124497	-0,124480	14,061674	-0,015836	3,166617	1,801653
187,400000	7,458299	7,489898	0,114406	0,084195	1,876811	-1854,488970	-1574,664565	-1583,346943	-936,099006	-1541,604843	8,378985	959,128360	22,018379	23,233760	25,850418	23,092986	23,165400	-2,910797	0,823448	0,974977	153818,988723	-0,201837	3,021970	-0,062963	0,000000	2,028341	-0,124489	-0,124477	14,076139	-0,015869	3,165638	1,803505
187,600000	7,458426	7,490085	0,114221	0,085057	1,875603	-1855,788571	-1564,930283	-1576,439021	-927,716680	-1533,222517	8,377710	959,387040	22,019472	23,235070	25,853352	23,101661	23,165943	-2,910808	0,823013	0,974850	153837,385459	-0,201079	3,022103	-0,063007	0,000000	2,029185	-0,124491	-0,124486	14,078286	-0,015849	3,166391	1,803782
187,800000	7,458769	7,490223	0,114186	0,085574	1,873112	-1846,112977	-1563,065780	-1572,276142	-922,951629	-1528,457466	8,376335	958,241159	22,012293	23,234323	25,860337	23,102550	23,166468	-2,910691	0,821003	0,973928	153839,496334	-0,201208	3,021937	-0,062751	0,000000	2,030368	-0,124500	-0,124493	14,068829	-0,015993	3,166450	1,802551
188,000000	7,459015	7,490091	0,113689	0,085411	1,871815	-1839,628308	-1571,817412	-1574,079683	-925,958249	-1531,464086	8,374858	955,966793	22,006713	23,232299	25,867610	23,097140	23,167687	-2,910367	0,817383	0,973217	153833,602026	-0,201716	3,021703	-0,062485	0,000000	2,031040	-0,124502	-0,124492	14,050080	-0,016312	3,167669	1,800105
188,200000	7,458614	7,489888	0,112570	0,084773	1,871886	-1840,183610	-1577,738093	-1578,479771	-932,283609	-1537,789446	8,373202	955,365403	22,009989	23,231813	25,869468	23,092107	23,163919	-2,910291	0,814328	0,973974	153831,786724	-0,201053	3,021655	-0,062567	0,000000	2,030347	-0,124493	-0,124490	14,045003	-0,016281	3,170755	1,799458
188,400000	7,458145	7,489903	0,112736	0,084446	1,871624	-1843,194337	-1572,695810	-1581,147077	-935,638091	-1541,143928	8,371781	956,488647	22,016541	23,232287	25,863132	23,090098	23,158219	-2,910506	0,812157	0,974760	153840,563832	-0,200544	3,021930	-0,062859	0,000000	2,028552	-0,124485	-0,124487	14,054216	-0,016071	3,170504	1,800666
188,600000	7,458095	7,490094	0,113631	0,084513	1,872695	-1843,749889	-1565,458862	-1579,693590	-932,322552	-1537,828390	8,370535	956,144281	22,020126	23,234389	25,854232	23,090826	23,157187	-2,910829	0,811540	0,974753	153853,426302	-0,201043	3,022425	-0,062985	0,000000	2,027715	-0,124487	-0,124481	14,051197	-0,015941	3,168428	1,800296
188,800000	7,458154	7,490050	0,113362	0,084440	1,874136	-1838,469558	-1561,684001	-1575,126592	-924,352795	-1529,858633	8,369073	955,799629	22,020083	23,237771	25,852741	23,093469	23,160497	-2,911038	0,814382	0,974702	153845,156153	-0,201646	3,022680	-0,062803	0,000000	2,029000	-0,124493	-0,124483	14,048277	-0,015913	3,169392	1,799925
189,000000	7,458212	7,489490	0,112727	0,084387	1,874152	-1827,313124	-1561,646299	-1571,422116	-919,817189	-1525,323026	8,367557	956,609402	22,016077	23,237211	25,860878	23,095119	23,166747	-2,910911	0,817686	0,974649	153820,573064	-0,202233	3,022453	-0,062532	0,000000	2,030974	-0,124497	-0,124490	14,055207	-0,016050	3,170844	1,800796
189,200000	7,458434	7,488956	0,112668	0,084239	1,872525	-1821,974427	-1565,405313	-1570,965759	-922,718053	-1528,223890	8,366200	956,096823	22,008673	23,233708	25,870820	23,095419	23,171961	-2,910481	0,819227	0,974456	153804,073293	-0,202982	3,022094	-0,062432	0,000000	2,031249	-0,124496	-0,124493	14,050922	-0,016064	3,170581	1,800245
189,400000	7,458697	7,488941	0,113311	0,083727	1,872456	-1825,622757	-1566,043891	-1571,930799	-926,050749	-1531,556587	8,364960	954,904137	22,004591	23,232076	25,872859	23,096977	23,171013	-2,910188	0,820062	0,974216	153803,865641	-0,203479	3,022096	-0,062567	0,000000	2,030143	-0,124489	-0,124495	14,040564	-0,015714	3,168784	1,798961
189,600000	7,458673	7,489114	0,113467	0,083262	1,873610	-1830,763075	-1566,459362	-1573,831278	-926,265990	-1531,771827	8,363591	955,488095	22,008727	23,233081	25,868152	23,098171	23,163012	-2,910501	0,822150	0,974158	153807,973235	-0,202954	3,022429	-0,062806	0,000000	2,029406	-0,124487	-0,124498	14,044993	-0,015242	3,168693	1,799590
189,800000	7,458352	7,489198	0,113544	0,083988	1,873672	-1835,074026	-1567,572904	-1575,150383	-924,929396	-1530,435233	8,362058	957,702692	22,016185	23,235163	25,864173	23,095127	23,153437	-2,911099	0,823252	0,974219	153807,817388	-0,202193	3,022549	-0,063041	0,000000	2,029253	-0,124491	-0,124497	14,063493	-0,015169	3,168567	1,801972
190,000000	7,458019	7,489372	0,114627	0,084991	1,872795	-1836,734617	-1563,275010	-1574,608525	-923,043601	-1528,549439	8,360544	958,385234	22,019181	23,235117	25,861279	23,090497	23,151533	-2,911305	0,821692	0,974416	153807,391664	-0,202079	3,022382	-0,063148	0,000000	2,029432	-0,124496	-0,124490	14,069461	-0,015418	3,165346	1,802706
190,200000	7,457743	7,489560	0,114264	0,084283	1,872983	-1836,233460	-1560,084703	-1573,338370	-921,656086	-1527,161924	8,359119	956,417627	22,016519	23,233118	25,861315	23,088882	23,159476	-2,911057	0,820139	0,974598	153806,950508	-0,201879	3,022251	-0,062984	0,000000	2,029618	-0,124497	-0,124485	14,053210	-0,015661	3,166333	1,800590
190,400000	7,457699	7,489564	0,113338	0,083062	1,873268	-1830,944266	-1557,455726	-1570,959480	-919,696436	-1525,202273	8,357683	954,637620	22,011823	23,232378	25,864160	23,092357	23,170559	-2,910795	0,820087	0,974544	153819,210490	-0,201853	3,022164	-0,062680	0,000000	2,029483	-0,124495	-0,124482	14,038619	-0,016005	3,168917	1,798674
190,600000	7,458152	7,489553	0,113175	0,083172	1,872433	-1825,347041	-1555,177031	-1568,804113	-918,423288	-1523,929125	8,356336	954,346624	22,008486	23,232218	25,866320	23,099728	23,176372	-2,910648	0,822369	0,974527	153837,702072	-0,201979	3,022109	-0,062743	0,000000	2,029148	-0,124495	-0,124478	14,036409	-0,016238	3,169344	1,798361
190,800000	7,458456	7,489390	0,112710	0,083722	1,871636	-1821,730888	-1556,888152	-1568,565062	-917,672272	-1523,178109	8,354914	954,647923	22,009726	23,232057	25,867784	23,104991	23,172019	-2,910617	0,824248	0,974346	153835,028401	-0,202296	3,022134	-0,063084	0,000000	2,029268	-0,124494	-0,124479	14,038450	-0,015749	3,170653	1,798686
191,000000	7,458334	7,488937	0,113476	0,083652	1,871641	-1819,524212	-1556,463361	-1568,507547	-914,973961	-1520,479798	8,353246	954,876587	22,013893	23,233255	25,866267	23,103337	23,162274	-2,910700	0,823942	0,974234	153821,107866	-0,202915	3,022283	-0,063099	0,000000	2,030332	-0,124495	-0,124487	14,039637	-0,015017	3,168428	1,798932
191,200000	7,458239	7,488790	0,114485	0,083838	1,872995	-1825,098550	-1552,817583	-1565,350823	-911,250243	-1516,756081	8,351786	954,865210	22,016037	23,234622	25,864035	23,095727	23,155617	-2,910634	0,822297	0,974787	153815,771941	-0,203333	3,022558	-0,062872	0,000000	2,031263	-0,124498	-0,124494	14,039675	-0,015151	3,165753	1,798919
191,400000	7,458096	7,489021	0,114201	0,084567	1,873358	-1825,096500	-1549,047244	-1560,895010	-909,789551	-1515,295388	8,350511	954,777017	22,015655	23,234872	25,865003	23,089225	23,155623	-2,910537	0,820789	0,975116	153817,982627	-0,202994	3,022716	-0,062734	0,000000	2,030606	-0,124498	-0,124492	14,039457	-0,015674	3,166820	1,798824
191,600000	7,458096	7,489366	0,113634	0,084177	1,873416	-1824,716778	-1554,980885	-1561,776348	-914,973016	-1520,478853	8,349155	954,743388	22,013688	23,234707	25,864617	23,090058	23,160570	-2,910704	0,820383	0,974703	153820,113069	-0,201412	3,022671	-0,062696	0,000000	2,028830	-0,124491	-0,124486	14,039369	-0,015868	3,168512	1,798788
191,800000	7,458327	7,489662	0,112952	0,082910	1,871773	-1841,199928	-1573,223071	-1569,219143	-925,133854	-1530,639691	8,347643	954,734406	22,012648	23,235119	25,861636	23,096455	23,165142	-2,910774	0,818841	0,974219	153822,035066	-0,200597	3,022495	-0,062653	0,000000	2,028152	-0,124483	-0,124486	14,039379	-0,015953	3,170343	1,798779
192,000000	7,458437	7,489452	0,112869	0,083140	1,870506	-1855,725233	-1586,468120	-1579,402250	-933,835935	-1539,341772	8,345887	953,867884	22,014819	23,235933	25,865007	23,103303	23,166461	-2,910716	0,817735	0,974030	153829,836578	-0,201533	3,022150	-0,062703	0,000000	2,029560	-0,124486	-0,124492	14,031983	-0,015831	3,170167	1,797846
192,200000	7,458304	7,489257	0,113345	0,084605	1,871515	-1858,519730	-1588,686617	-1588,911693	-940,128755	-1545,634593	8,344267	952,695217	22,015476	23,234310	25,873537	23,106403	23,165275	-2,910850	0,818667	0,974047	153834,644465	-0,202604	3,021876	-0,062964	0,000000	2,031654	-0,124495	-0,124495	14,021831	-0,015528	3,168559	1,796582
192,400000	7,458272	7,489522	0,113785	0,085231	1,874527	-1858,902689	-1587,116521	-1594,543831	-944,841342	-1550,347180	8,343071	953,310412	22,011740	23,230452	25,875755	23,102743	23,163330	-2,910985	0,817627	0,973992	153832,729888	-0,203036	3,021921	-0,062918	0,000000	2,031892	-0,124501	-0,124492	14,026945	-0,015474	3,167520	1,797245
192,600000	7,458495	7,489678	0,114236	0,084743	1,875824	-1856,811732	-1581,365225	-1593,348852	-944,408906	-1549,914743	8,342124	954,621879	22,011296	23,229554	25,869244	23,094844	23,163297	-2,910984	0,811951	0,973910	153830,778057	-0,202980	3,022093	-0,062573	0,000000	2,030119	-0,124503	-0,124487	14,038240	-0,015758	3,166416	1,798657
192,800000	7,458361	7,489414	0,113390	0,084138	1,874170	-1849,038385	-1574,035804	-1587,208353	-938,389744	-1543,895582	8,341003	954,971813	22,018029	23,232375	25,859197	23,090687	23,164051	-2,910892	0,808113	0,974039	153822,183112	-0,202386	3,022333	-0,062772	0,000000	2,028486	-0,124496	-0,124488	14,041412	-0,015993	3,168838	1,799034
193,000000	7,457839	7,489249	0,111755	0,084064	1,872440	-1837,445593	-1573,423296	-1583,209048	-933,029621	-1538,535458	8,339393	954,858061	22,022067	23,234843	25,854728	23,094086	23,162061	-2,910889	0,811633	0,974131	153821,433964	-0,202212	3,022495	-0,063271	0,000000	2,027542	-0,124487	-0,124489	14,040373	-0,015909	3,173534	1,798912
193,200000	7,457723	7,489388	0,111277	0,084550	1,871949	-1832,396965	-1579,586001	-1585,265197	-933,405125	-1538,910963	8,337781	955,634132	22,018357	23,234635	25,858958	23,099638	23,160517	-2,910876	0,816999	0,973726	153830,648325	-0,203293	3,022473	-0,063297	0,000000	2,028316	-0,124488	-0,124489	14,046785	-0,015808	3,174975	1,799747
193,400000	7,458129	7,489528	0,111862	0,085011	1,873885	-1838,999080	-1586,083325	-1590,420882	-938,578845	-1544,084682	8,336311	956,829632	22,013164	23,234557	25,865712	23,101060	23,163298	-2,910700	0,820526	0,973275	153824,974078	-0,203998	3,022371	-0,062963	0,000000	2,030536	-0,124492	-0,124491	14,056775	-0,015771	3,173320	1,801033
193,600000	7,458423	7,489748	0,113030	0,084835	1,873927	-1846,986786	-1586,331897	-1593,209499	-942,975874	-1548,481711	8,334806	956,244180	22,010551	23,235371	25,872949	23,099621	23,167506	-2,910735	0,822686	0,973719	153815,242737	-0,203360	3,022182	-0,062627	0,000000	2,031356	-0,124494	-0,124492	14,051794	-0,015700	3,169944	1,800403
193,800000	7,458757	7,489640	0,114067	0,084132	1,872007	-1850,627192	-1578,151768	-1590,211740	-941,618802	-1547,124639	8,333564	954,920225	22,009889	23,232865	25,878236	23,099072	23,168608	-2,910788	0,823934	0,974876	153812,795357	-0,202436	3,022045	-0,062512	0,000000	2,030199	-0,124498	-0,124489	14,040580	-0,015594	3,166889	1,798979
194,000000	7,459156	7,489253	0,114421	0,083539	1,869614	-1851,896993	-1566,843959	-1582,931556	-934,155308	-1539,661146	8,332369	954,604694	22,011564	23,228979	25,872710	23,098790	23,164501	-2,910501	0,823708	0,975432	153815,583470	-0,201922	3,021944	-0,062711	0,000000	2,028819	-0,124500	-0,124484	14,037411	-0,015073	3,165616	1,798639
194,200000	7,458956	7,489163	0,114240	0,083650	1,868793	-1848,308469	-1561,475897	-1576,615239	-925,494997	-1531,000834	8,330910	954,782587	22,017524	23,229378	25,859825	23,097970	23,157721	-2,910438	0,821477	0,975085	153822,773317	-0,201811	3,021963	-0,062978	0,000000	2,028437	-0,124497	-0,124481	14,038436	-0,014605	3,165978	1,798830
194,400000	7,458429	7,489232	0,113106	0,083968	1,869610	-1841,499653	-1567,472427	-1575,559411	-923,872181	-1529,378018	8,329289	954,856425	22,022854	23,233667	25,854953	23,096616	23,155004	-2,910864	0,819760	0,974619	153827,023514	-0,202264	3,022207	-0,063023	0,000000	2,028985	-0,124492	-0,124484	14,039435	-0,014985	3,169386	1,798910
194,600000	7,458177	7,489458	0,111968	0,083906	1,873411	-1839,357390	-1581,154181	-1581,843856	-932,650444	-1538,156282	8,327693	954,804785	22,019599	23,236342	25,860719	23,094625	23,159928	-2,911235	0,819406	0,974203	153828,144976	-0,203266	3,022406	-0,062911	0,000000	2,029850	-0,124494	-0,124487	14,039604	-0,015587	3,172957	1,798854
194,800000	7,458412	7,489828	0,112312	0,083377	1,877954	-1845,654067	-1591,364374	-1591,830445	-944,477802	-1549,983639	8,326237	953,881423	22,011123	23,235202	25,867269	23,094356	23,168376	-2,911159	0,819499	0,974371	153829,222698	-0,203674	3,022472	-0,062894	0,000000	2,030412	-0,124497	-0,124489	14,032053	-0,015788	3,172266	1,797860
195,000000	7,458844	7,489991	0,113125	0,082540	1,878444	-1854,951150	-1587,999215	-1596,429579	-948,354492	-1553,860329	8,324768	952,657319	22,007687	23,233106	25,867498	23,097607	23,173583	-2,910892	0,818875	0,974892	153838,876693	-0,203425	3,022376	-0,062942	0,000000	2,030140	-0,124496	-0,124491	14,021813	-0,015828	3,169934	1,796541
195,200000	7,458952	7,489766	0,113516	0,082930	1,875294	-1853,804574	-1571,731513	-1590,636955	-939,673850	-1545,179687	8,323434	953,261903	22,011190	23,232644	25,864952	23,102263	23,171165	-2,910747	0,818231	0,974977	153849,311430	-0,203340	3,022220	-0,063024	0,000000	2,029349	-0,124496	-0,124491	14,026924	-0,015861	3,168550	1,797193
195,400000	7,458548	7,489242	0,113833	0,084434	1,873232	-1840,373952	-1555,449528	-1578,624225	-924,518679	-1530,024516	8,322258	953,766052	22,015250	23,233643	25,865872	23,103410	23,162273	-2,910712	0,819896	0,975292	153840,508661	-0,202436	3,022243	-0,063155	0,000000	2,029344	-0,124498	-0,124490	14,030819	-0,015522	3,167474	1,797736
195,600000	7,457898	7,488995	0,113461	0,084512	1,875279	-1827,661990	-1548,940679	-1567,534580	-913,154443	-1518,660280	8,320766	953,876432	22,016920	23,234373	25,868226	23,099012	23,154380	-2,910749	0,823142	0,975394	153823,778118	-0,201859	3,022319	-0,063133	0,000000	2,030137	-0,124500	-0,124491	14,031257	-0,015033	3,168539	1,797855
195,800000	7,457817	7,489301	0,111758	0,083081	1,876052	-1819,406306	-1552,451924	-1562,153105	-910,966045	-1516,471882	8,319273	955,534678	22,016312	23,234104	25,867316	23,093675	23,155581	-2,910660	0,824818	0,974581	153815,014551	-0,202607	3,022246	-0,062976	0,000000	2,029954	-0,124497	-0,124492	14,045490	-0,015348	3,173426	1,799640
196,000000	7,458274	7,489696	0,110630	0,082660	1,874159	-1815,387928	-1561,246054	-1565,330434	-917,587945	-1523,093782	8,317941	956,056776	22,014170	23,233409	25,861767	23,093950	23,164701	-2,910501	0,823858	0,974235	153811,632714	-0,203150	3,022260	-0,062969	0,000000	2,028853	-0,124488	-0,124493	14,050664	-0,016142	3,176760	1,800202
196,200000	7,458490	7,489830	0,111254	0,083756	1,871464	-1824,932665	-1572,523308	-1574,604353	-928,340758	-1533,846596	8,316366	955,041672	22,012378	23,233288	25,855261	23,100239	23,172128	-2,910450	0,823579	0,975135	153810,105746	-0,203574	3,022324	-0,063168	0,000000	2,028727	-0,124480	-0,124493	14,042372	-0,016367	3,175026	1,799109
196,400000	7,458439	7,489433	0,111890	0,084146	1,869131	-1844,809895	-1583,068687	-1581,974545	-935,799050	-1541,304887	8,314964	954,608543	22,012596	23,233237	25,855213	23,106864	23,171720	-2,910534	0,825280	0,975640	153806,671741	-0,203244	3,022083	-0,063287	0,000000	2,029848	-0,124481	-0,124490	14,038294	-0,015925	3,172807	1,798643
196,600000	7,458301	7,488905	0,112243	0,083572	1,868325	-1854,292296	-1583,481083	-1583,276920	-936,343325	-1541,849163	8,313899	955,548889	22,014281	23,232620	25,861293	23,108376	23,165344	-2,910657	0,826544	0,974815	153801,940087	-0,202010	3,021834	-0,063075	0,000000	2,031197	-0,124489	-0,124492	14,045829	-0,015568	3,171412	1,799655
196,800000	7,458190	7,489028	0,112564	0,084159	1,870616	-1851,127434	-1577,034144	-1581,614095	-934,938507	-1540,444345	8,312566	957,702105	22,014227	23,232202	25,864898	23,104169	23,160541	-2,910707	0,825548	0,974114	153804,112237	-0,201982	3,021813	-0,062865	0,000000	2,031412	-0,124496	-0,124493	14,064246	-0,015927	3,170562	1,801972
197,000000	7,458532	7,489400	0,112091	0,085006	1,872866	-1845,540060	-1575,170481	-1580,588989	-935,831246	-1541,337084	8,311000	959,160333	22,013372	23,230820	25,864067	23,096778	23,160693	-2,910789	0,823814	0,974729	153816,759080	-0,203217	3,022036	-0,063009	0,000000	2,029977	-0,124497	-0,124488	14,076993	-0,016456	3,172292	1,803539
197,200000	7,459177	7,489358	0,111377	0,084150	1,872921	-1841,130710	-1579,180652	-1582,053724	-938,221846	-1543,727683	8,309509	959,302461	22,014710	23,229303	25,861453	23,090665	23,161503	-2,910888	0,824073	0,975767	153830,297171	-0,203369	3,022410	-0,063185	0,000000	2,027963	-0,124494	-0,124482	14,078098	-0,016369	3,174698	1,803692
197,400000	7,459427	7,489209	0,112238	0,083008	1,871554	-1843,451005	-1580,463925	-1584,173131	-939,005542	-1544,511380	8,307904	958,219361	22,018112	23,231283	25,856528	23,093593	23,162021	-2,910932	0,824532	0,975802	153828,696863	-0,202441	3,022512	-0,063181	0,000000	2,027741	-0,124488	-0,124479	14,068592	-0,015938	3,172215	1,802528
197,600000	7,459149	7,489235	0,113596	0,083465	1,872043	-1850,582513	-1574,220428	-1582,772128	-935,204119	-1540,709957	8,306317	956,055258	22,019923	23,234213	25,855270	23,103430	23,163564	-2,910878	0,822351	0,975061	153819,737376	-0,202617	3,022403	-0,063094	0,000000	2,028906	-0,124484	-0,124480	14,050029	-0,015520	3,168197	1,800200
197,800000	7,458593	7,489199	0,113311	0,084661	1,873470	-1849,485945	-1563,466070	-1577,172834	-925,870236	-1531,376074	8,305214	955,488245	22,014839	23,234203	25,862019	23,108280	23,164259	-2,910729	0,817694	0,974478	153820,495351	-0,203539	3,022297	-0,062746	0,000000	2,029526	-0,124486	-0,124490	14,045031	-0,015278	3,168954	1,799590
198,000000	7,458142	7,489215	0,113112	0,084894	1,872834	-1834,062806	-1551,854004	-1568,778284	-913,406346	-1518,912183	8,304176	957,477389	22,007177	23,232614	25,868391	23,105553	23,164804	-2,910540	0,812487	0,974393	153828,247696	-0,203493	3,022090	-0,062264	0,000000	2,030611	-0,124494	-0,124502	14,061653	-0,015218	3,169394	1,801730
198,200000	7,458057	7,489313	0,114007	0,084224	1,871983	-1817,750240	-1544,204113	-1559,343325	-904,775101	-1510,280939	8,302633	959,224836	22,006708	23,231253	25,870295	23,101712	23,165912	-2,910384	0,810735	0,974954	153834,409940	-0,202419	3,022086	-0,062252	0,000000	2,031314	-0,124495	-0,124499	14,076192	-0,015114	3,166913	1,803608
198,400000	7,457970	7,489124	0,114065	0,083765	1,872492	-1812,930409	-1544,086396	-1553,878322	-903,667597	-1509,173434	8,301046	960,365154	22,012625	23,230243	25,867674	23,100175	23,164217	-2,910490	0,815618	0,975712	153831,658634	-0,201662	3,022343	-0,062636	0,000000	2,030414	-0,124489	-0,124490	14,085726	-0,015099	3,166932	1,804833
198,600000	7,457734	7,488815	0,113142	0,083605	1,873558	-1813,780214	-1550,156743	-1555,906072	-907,668788	-1513,174626	8,299747	962,219593	22,019693	23,231003	25,857903	23,100441	23,159869	-2,910867	0,821815	0,975805	153823,752806	-0,202776	3,022390	-0,062954	0,000000	2,028962	-0,124484	-0,124487	14,101237	-0,015091	3,169382	1,806824
198,800000	7,457857	7,488788	0,113558	0,083047	1,872039	-1820,299178	-1554,207833	-1560,663405	-912,185717	-1517,691554	8,298593	962,656684	22,024108	23,234976	25,849199	23,102569	23,158273	-2,911062	0,823427	0,975108	153821,492506	-0,204361	3,022178	-0,063004	0,000000	2,028198	-0,124489	-0,124482	14,105102	-0,015299	3,167827	1,807293
199,000000	7,458257	7,489181	0,114982	0,082872	1,870302	-1829,414748	-1551,054685	-1561,246224	-912,379204	-1517,885041	8,297277	960,605151	22,021200	23,237602	25,853946	23,104809	23,162390	-2,910913	0,822841	0,974385	153823,087985	-0,203399	3,021969	-0,062683	0,000000	2,028872	-0,124495	-0,124481	14,088658	-0,016022	3,163729	1,805091
199,200000	7,458507	7,489707	0,115490	0,083766	1,868612	-1828,076835	-1544,511704	-1557,383459	-907,783001	-1513,288838	8,295687	958,845549	22,012795	23,235078	25,866191	23,104481	23,167926	-2,910700	0,822553	0,974518	153820,679226	-0,201308	3,022063	-0,062497	0,000000	2,030188	-0,124494	-0,124488	14,074408	-0,016507	3,162740	1,803201
199,400000	7,458502	7,489769	0,114576	0,084589	1,868616	-1822,141909	-1544,606078	-1554,595705	-904,888174	-1510,394012	8,294211	958,615533	22,006960	23,231625	25,870046	23,103038	23,170576	-2,910670	0,823578	0,974927	153823,401123	-0,200917	3,022318	-0,062699	0,000000	2,030590	-0,124492	-0,124493	14,072362	-0,016388	3,165703	1,802953
199,600000	7,458475	7,489459	0,112821	0,084392	1,869236	-1819,990685	-1553,949449	-1556,919340	-909,226431	-1514,732269	8,292819	958,893154	22,008935	23,231555	25,863877	23,103306	23,167499	-2,910784	0,824040	0,974832	153830,756537	-0,201887	3,022364	-0,062764	0,000000	2,029708	-0,124495	-0,124492	14,074396	-0,016097	3,170565	1,803252
199,800000	7,458406	7,489181	0,112338	0,083858	1,870850	-1825,476875	-1565,133564	-1564,663391	-919,226535	-1524,732372	8,291181	959,064480	22,016823	23,233607	25,858645	23,103908	23,158705	-2,910813	0,822979	0,974635	153821,863215	-0,202659	3,022213	-0,062683	0,000000	2,028864	-0,124495	-0,124492	14,075549	-0,015814	3,171603	1,803436
200,000000	7,457953	7,488842	0,113098	0,083878	1,873291	-1843,331835	-1575,505081	-1574,736576	-930,638847	-1536,144684	8,289512	959,956135	22,022772	23,234146	25,857393	23,102275	23,153379	-2,910677	0,823295	0,974744	153811,584945	-0,202487	3,022086	-0,062637	0,000000	2,028882	-0,124496	-0,124493	14,082993	-0,015791	3,169157	1,804394
200,200000	7,457645	7,488693	0,113325	0,083810	1,872723	-1860,908542	-1583,568770	-1582,711395	-939,661262	-1545,167099	8,288202	961,995741	22,021416	23,233392	25,858123	23,099183	23,156257	-2,910509	0,823811	0,975160	153814,446000	-0,202224	3,022184	-0,062507	0,000000	2,029301	-0,124498	-0,124491	14,100353	-0,016079	3,168574	1,806584
200,400000	7,457806	7,488921	0,113788	0,083400	1,871383	-1864,527593	-1587,767878	-1588,990790	-945,508042	-1551,013879	8,287024	962,551860	22,016048	23,232638	25,862286	23,098246	23,163871	-2,910511	0,823067	0,975536	153814,169424	-0,202217	3,022406	-0,062409	0,000000	2,029327	-0,124496	-0,124488	14,105310	-0,016385	3,167627	1,807180
200,600000	7,457939	7,489088	0,113683	0,083583	1,871173	-1863,688926	-1594,533606	-1596,627253	-951,011183	-1556,517021	8,285675	961,451349	22,012612	23,231322	25,866574	23,103178	23,171476	-2,910681	0,822292	0,975659	153811,595571	-0,202103	3,022536	-0,062585	0,000000	2,028918	-0,124490	-0,124489	14,096326	-0,016607	3,168185	1,805999
200,800000	7,457891	7,489161	0,112589	0,084473	1,871630	-1864,487597	-1602,041751	-1604,281727	-956,362258	-1561,868095	8,284346	961,845632	22,011506	23,230836	25,865579	23,109864	23,173482	-2,910748	0,822984	0,975589	153814,678458	-0,202361	3,022517	-0,062902	0,000000	2,029385	-0,124491	-0,124491	14,099452	-0,016434	3,171303	1,806422
201,000000	7,458045	7,489317	0,112830	0,084706	1,870820	-1866,175534	-1602,818446	-1608,871447	-958,350420	-1563,856258	8,283013	963,130593	22,011504	23,232408	25,861075	23,111390	23,167892	-2,910770	0,823800	0,975362	153821,748785	-0,202843	3,022339	-0,062946	0,000000	2,030153	-0,124497	-0,124495	14,109784	-0,016018	3,170422	1,807801
201,200000	7,458277	7,489474	0,113513	0,083954	1,869980	-1865,110313	-1596,636540	-1607,651499	-953,822158	-1559,327995	8,281476	963,518463	22,013297	23,233689	25,859268	23,107003	23,159450	-2,910937	0,823443	0,974989	153826,691582	-0,202999	3,022183	-0,062773	0,000000	2,030264	-0,124500	-0,124497	14,112990	-0,015981	3,168339	1,808217
201,400000	7,458197	7,489598	0,113495	0,083676	1,868475	-1849,224053	-1581,305188	-1599,365951	-943,248752	-1548,754590	8,279974	963,382713	22,014189	23,233020	25,860276	23,098691	23,155327	-2,910995	0,823852	0,974849	153837,039145	-0,203363	3,022288	-0,062745	0,000000	2,029885	-0,124499	-0,124493	14,112151	-0,016277	3,168565	1,808071
201,600000	7,458035	7,489591	0,112710	0,083526	1,868240	-1832,359318	-1564,356558	-1587,685167	-931,933217	-1537,439055	8,278634	963,231210	22,012371	23,233064	25,859679	23,093001	23,157272	-2,910929	0,825735	0,974948	153850,088374	-0,203960	3,022363	-0,062833	0,000000	2,028622	-0,124500	-0,124483	14,111214	-0,016606	3,170869	1,807909
201,800000	7,458060	7,489344	0,112096	0,082649	1,869636	-1829,412575	-1554,978742	-1576,439304	-923,191276	-1528,697113	8,277253	963,204350	22,011654	23,234482	25,858592	23,095280	23,161904	-2,910964	0,827926	0,974768	153841,034433	-0,203575	3,022244	-0,062975	0,000000	2,027728	-0,124499	-0,124481	14,111031	-0,016649	3,172375	1,807880
202,000000	7,458132	7,489013	0,112289	0,082891	1,872233	-1829,563790	-1554,996390	-1569,786969	-918,772576	-1524,278413	8,275776	964,149236	22,013517	23,236012	25,860683	23,103010	23,165478	-2,911022	0,828607	0,974252	153827,954069	-0,202821	3,022029	-0,063049	0,000000	2,028444	-0,124494	-0,124491	14,118565	-0,016283	3,171481	1,808893
202,200000	7,457946	7,488957	0,112224	0,084779	1,873473	-1828,715719	-1562,571046	-1570,029882	-920,227716	-1525,733553	8,274277	965,414947	22,014390	23,236231	25,864273	23,110588	23,165954	-2,911007	0,828666	0,973947	153827,559394	-0,202632	3,021950	-0,062906	0,000000	2,030291	-0,124493	-0,124498	14,128802	-0,015944	3,171599	1,810250
202,400000	7,457816	7,489293	0,111767	0,085504	1,870816	-1830,376716	-1570,461296	-1573,606372	-925,359613	-1530,865450	8,272728	964,801775	22,011537	23,233312	25,867200	23,112432	23,163385	-2,910928	0,828577	0,974521	153818,505385	-0,202354	3,022262	-0,062899	0,000000	2,031242	-0,124495	-0,124498	14,123692	-0,015957	3,173420	1,809593
202,600000	7,458079	7,489452	0,110837	0,084493	1,867622	-1832,603133	-1574,639051	-1577,350965	-930,811683	-1536,317520	8,271097	963,400025	22,007994	23,230107	25,867151	23,106952	23,159862	-2,910746	0,827596	0,974994	153805,028695	-0,202237	3,022520	-0,063025	0,000000	2,030740	-0,124499	-0,124498	14,112382	-0,016363	3,176444	1,808090
202,800000	7,458251	7,489176	0,110464	0,083684	1,867131	-1834,236167	-1575,177790	-1581,458459	-935,077676	-1540,583513	8,269612	962,970366	22,009874	23,229728	25,863110	23,099587	23,159164	-2,910553	0,827405	0,974839	153803,382348	-0,202425	3,022446	-0,062943	0,000000	2,029646	-0,124498	-0,124493	14,109203	-0,016777	3,177290	1,807629
203,000000	7,457967	7,488925	0,110986	0,083746	1,869479	-1836,262670	-1574,942551	-1585,380761	-936,553939	-1542,059776	8,268365	962,213596	22,016156	23,231511	25,859856	23,098139	23,160461	-2,910687	0,828254	0,974892	153813,660448	-0,201977	3,022284	-0,062899	0,000000	2,027853	-0,124489	-0,124487	14,102826	-0,016730	3,175478	1,806817
203,200000	7,457695	7,488810	0,111784	0,084237	1,869635	-1838,626586	-1570,912606	-1584,978561	-931,198142	-1536,703979	8,267196	960,263223	22,018601	23,233626	25,858542	23,103283	23,161222	-2,911018	0,828663	0,975028	153821,983971	-0,201410	3,022273	-0,063234	0,000000	2,027123	-0,124482	-0,124491	14,086257	-0,016483	3,173106	1,804724
203,400000	7,457716	7,488724	0,111420	0,084664	1,868210	-1838,757539	-1563,675101	-1578,763956	-921,286795	-1526,792632	8,265928	959,705286	22,015098	23,234511	25,860089	23,107748	23,163988	-2,910905	0,828209	0,974601	153821,684833	-0,201980	3,022250	-0,063596	0,000000	2,028865	-0,124484	-0,124498	14,081384	-0,016282	3,174096	1,804124
203,600000	7,457797	7,488659	0,110172	0,084670	1,867109	-1825,524363	-1556,147340	-1571,033832	-914,089439	-1519,595276	8,264320	961,680851	22,010889	23,234590	25,867780	23,108018	23,167202	-2,910523	0,828296	0,973887	153821,246569	-0,202834	3,022176	-0,063353	0,000000	2,031012	-0,124489	-0,124497	14,097661	-0,016022	3,177644	1,806246
203,800000	7,458083	7,488616	0,110504	0,083891	1,866857	-1807,397581	-1549,167021	-1566,339328	-911,638770	-1517,144608	8,262617	962,541989	22,007528	23,233707	25,873850	23,106454	23,167520	-2,910485	0,826934	0,974175	153816,182706	-0,203298	3,022330	-0,062716	0,000000	2,030966	-0,124495	-0,124490	14,104631	-0,015788	3,176914	1,807170
204,000000	7,458179	7,488525	0,111163	0,083004	1,867485	-1805,814010	-1543,946354	-1562,413107	-908,902333	-1514,408170	8,261169	960,709609	22,006149	23,231566	25,869449	23,104756	23,166005	-2,910545	0,823190	0,974950	153812,831335	-0,203833	3,022496	-0,062538	0,000000	2,029485	-0,124497	-0,124486	14,089184	-0,015673	3,175147	1,805203
204,200000	7,457696	7,488312	0,110925	0,083241	1,870185	-1809,087247	-1534,451564	-1554,909401	-900,405802	-1505,911639	8,259762	958,975258	22,011120	23,231422	25,860525	23,104194	23,161897	-2,910495	0,822201	0,974988	153819,010793	-0,203674	3,022433	-0,062875	0,000000	2,028789	-0,124491	-0,124488	14,074694	-0,015707	3,175589	1,803340
204,400000	7,457073	7,488432	0,110524	0,083993	1,871939	-1801,983995	-1526,202490	-1547,175446	-892,102005	-1497,607842	8,258504	959,564910	22,020516	23,234850	25,855015	23,105245	23,156781	-2,910750	0,824769	0,974954	153830,245806	-0,202604	3,022440	-0,063041	0,000000	2,029120	-0,124487	-0,124496	14,079782	-0,015856	3,176691	1,803974
204,600000	7,456739	7,489036	0,110924	0,084470	1,870477	-1796,714906	-1526,355621	-1543,878295	-891,598008	-1497,103846	8,257416	961,867478	22,023907	23,237097	25,856187	23,104760	23,158782	-2,911118	0,826084	0,975047	153841,626907	-0,201989	3,022755	-0,062941	0,000000	2,029606	-0,124491	-0,124501	14,099334	-0,016133	3,176091	1,806446
204,800000	7,457012	7,489356	0,111491	0,084630	1,868267	-1804,474859	-1530,591851	-1544,400670	-896,024179	-1501,530016	8,255904	963,463411	22,017048	23,235198	25,862768	23,101501	23,167771	-2,910991	0,825019	0,975089	153840,271537	-0,202490	3,022875	-0,062857	0,000000	2,029667	-0,124497	-0,124493	14,112980	-0,016431	3,174809	1,808158
205,000000	7,457506	7,489205	0,111158	0,083933	1,867892	-1810,921170	-1534,703574	-1546,894682	-900,731901	-1506,237738	8,254064	962,753434	22,008909	23,233203	25,866810	23,102173	23,173863	-2,910625	0,825887	0,975493	153827,247475	-0,202992	3,022825	-0,062704	0,000000	2,029556	-0,124500	-0,124483	14,106777	-0,016165	3,175716	1,807396
205,200000	7,457862	7,489080	0,110595	0,083707	1,869562	-1810,535148	-1540,870195	-1551,700990	-906,283090	-1511,788927	8,252614	960,476244	22,008189	23,233097	25,866838	23,107545	23,173182	-2,910450	0,828617	0,975387	153817,640035	-0,202865	3,023023	-0,062686	0,000000	2,029429	-0,124500	-0,124488	14,086978	-0,015420	3,177487	1,804952
205,400000	7,457805	7,489060	0,110191	0,084687	1,869986	-1813,786539	-1549,593273	-1558,279886	-911,703305	-1517,209142	8,251584	959,798776	22,013277	23,232914	25,865025	23,110609	23,166502	-2,910555	0,829383	0,974748	153827,428116	-0,202471	3,023048	-0,063103	0,000000	2,029632	-0,124492	-0,124498	14,080876	-0,014991	3,178647	1,804225
205,600000	7,457356	7,488982	0,110562	0,085034	1,869762	-1816,790993	-1552,194763	-1563,373797	-913,028419	-1518,534257	8,250393	960,895422	22,017751	23,232140	25,860126	23,107973	23,158461	-2,910870	0,828521	0,974541	153843,136910	-0,201877	3,022643	-0,063496	0,000000	2,030174	-0,124484	-0,124498	14,089916	-0,014849	3,177086	1,805402
205,800000	7,457419	7,488930	0,110677	0,084478	1,868498	-1820,572241	-1550,441071	-1564,151902	-911,426676	-1516,932513	8,248863	960,537796	22,018737	23,231611	25,855940	23,100557	23,157046	-2,911012	0,828917	0,974171	153837,475987	-0,202313	3,022212	-0,063336	0,000000	2,029912	-0,124488	-0,124489	14,087034	-0,014961	3,176245	1,805018
206,000000	7,458048	7,488833	0,110220	0,083807	1,867446	-1826,007686	-1547,925143	-1561,505916	-911,120100	-1516,625938	8,247372	959,236609	22,016472	23,231994	25,857927	23,095459	23,163425	-2,910895	0,830724	0,973565	153827,863404	-0,203188	3,022255	-0,063026	0,000000	2,029437	-0,124494	-0,124480	14,076781	-0,015605	3,177579	1,803621
206,200000	7,458503	7,488595	0,110465	0,083600	1,866494	-1826,918461	-1545,810875	-1560,709120	-913,260973	-1518,766810	8,246094	958,794348	22,013358	23,232071	25,863925	23,098986	23,170453	-2,910729	0,831884	0,973353	153828,547264	-0,202894	3,022605	-0,063156	0,000000	2,029052	-0,124493	-0,124479	14,073557	-0,016085	3,177221	1,803146
206,400000	7,458490	7,488525	0,110622	0,083652	1,867810	-1829,876068	-1551,114526	-1564,184464	-915,677045	-1521,182882	8,244893	958,922916	22,012269	23,230663	25,866676	23,108119	23,170703	-2,910739	0,831917	0,973560	153823,762086	-0,202356	3,022761	-0,063300	0,000000	2,028753	-0,124493	-0,124481	14,074373	-0,015824	3,176953	1,803284
206,600000	7,458265	7,488786	0,110538	0,083483	1,869553	-1836,899150	-1558,644975	-1568,249380	-917,409927	-1522,915764	8,243486	959,085759	22,013388	23,230028	25,865371	23,114255	23,166520	-2,910846	0,831506	0,973945	153815,009145	-0,201858	3,022748	-0,063183	0,000000	2,029954	-0,124498	-0,124486	14,075306	-0,015393	3,177269	1,803459
206,800000	7,458031	7,489086	0,110383	0,084204	1,868932	-1840,103089	-1563,022563	-1571,760267	-920,884529	-1526,390367	8,241904	958,248868	22,015030	23,230890	25,866711	23,112599	23,162201	-2,910684	0,830837	0,974287	153811,775751	-0,201358	3,022678	-0,063201	0,000000	2,031312	-0,124496	-0,124493	14,068074	-0,015173	3,177758	1,802559
207,000000	7,457817	7,489196	0,109696	0,085285	1,867630	-1842,577474	-1569,799931	-1577,537755	-928,641037	-1534,146874	8,240448	956,175930	22,015231	23,230833	25,868785	23,105692	23,158279	-2,910574	0,829139	0,974495	153807,405049	-0,201503	3,022480	-0,063316	0,000000	2,030888	-0,124495	-0,124496	14,050384	-0,014863	3,179582	1,800330
207,200000	7,457551	7,489358	0,109639	0,084756	1,867837	-1847,612038	-1580,136889	-1586,134559	-939,244092	-1544,749930	8,239089	954,729657	22,013579	23,229525	25,864016	23,099497	23,158578	-2,910733	0,827422	0,974603	153802,962550	-0,202003	3,022259	-0,063265	0,000000	2,029550	-0,124498	-0,124490	14,037846	-0,014460	3,179536	1,798774
207,400000	7,457261	7,489492	0,110671	0,083311	1,870458	-1857,440217	-1590,363858	-1595,379021	-948,734281	-1554,240118	8,237902	955,473055	22,013946	23,230274	25,855234	23,098813	23,162354	-2,910906	0,826431	0,974816	153809,951555	-0,202223	3,022228	-0,063185	0,000000	2,028545	-0,124496	-0,124483	14,044094	-0,014469	3,176497	1,799574
207,600000	7,457119	7,489342	0,111404	0,082971	1,870966	-1873,580546	-1595,774202	-1601,149999	-953,565097	-1559,070935	8,236709	957,766717	22,017888	23,234618	25,852961	23,103838	23,165101	-2,911064	0,825358	0,974872	153819,807198	-0,201973	3,022356	-0,063401	0,000000	2,028770	-0,124488	-0,124482	14,063693	-0,014833	3,174407	1,802041
207,800000	7,457030	7,489271	0,111128	0,084089	1,870117	-1882,495341	-1596,479593	-1602,939188	-952,678471	-1558,184308	8,235218	958,473632	22,018609	23,237064	25,857256	23,109691	23,166243	-2,911079	0,824475	0,974674	153824,252261	-0,201727	3,022450	-0,063406	0,000000	2,030109	-0,124482	-0,124487	14,069711	-0,014927	3,175287	1,802801
208,000000	7,457059	7,489515	0,110097	0,085171	1,867823	-1874,110786	-1599,195697	-1605,054753	-951,702139	-1557,207977	8,233597	956,490266	22,012719	23,234729	25,861781	23,111072	23,166502	-2,910856	0,824213	0,974143	153827,017055	-0,202442	3,022306	-0,063057	0,000000	2,031214	-0,124485	-0,124495	14,053263	-0,015105	3,178251	1,800668
208,200000	7,457381	7,489634	0,109562	0,085047	1,865890	-1861,210818	-1603,221477	-1608,783587	-955,617713	-1561,123550	8,231980	954,675793	22,007740	23,232288	25,870092	23,107727	23,165910	-2,910668	0,825382	0,973643	153829,321449	-0,203220	3,021905	-0,062978	0,000000	2,031776	-0,124496	-0,124496	14,038589	-0,015655	3,179524	1,798716
208,400000	7,457827	7,489452	0,109489	0,084310	1,864817	-1860,920620	-1605,228567	-1613,014145	-962,667719	-1568,173556	8,230542	954,412853	22,010052	23,232334	25,876339	23,103381	23,163447	-2,910773	0,826889	0,974454	153828,052617	-0,202614	3,021758	-0,062813	0,000000	2,031200	-0,124505	-0,124491	14,036388	-0,015661	3,179575	1,798432
208,600000	7,457952	7,489187	0,109479	0,083752	1,866860	-1866,032803	-1601,997313	-1615,292062	-966,291781	-1571,797618	8,229497	954,719305	22,015308	23,232734	25,869338	23,101830	23,160676	-2,910928	0,826799	0,975859	153823,791123	-0,201956	3,022231	-0,062578	0,000000	2,029039	-0,124504	-0,124488	14,038448	-0,015148	3,179923	1,798762
208,800000	7,457646	7,488808	0,109533	0,083565	1,869987	-1872,248920	-1593,783365	-1612,865093	-961,966838	-1567,472675	8,228367	954,898764	22,018807	23,233818	25,856276	23,103328	23,159565	-2,910820	0,825577	0,976105	153822,802085	-0,202004	3,022684	-0,062732	0,000000	2,027498	-0,124496	-0,124489	14,039640	-0,014834	3,179951	1,798956
209,000000	7,457262	7,488385	0,109989	0,083910	1,869268	-1872,418817	-1582,241685	-1604,987704	-949,761314	-1555,267151	8,226808	954,911599	22,019609	23,235757	25,851503	23,104683	23,161560	-2,910684	0,824329	0,975232	153822,748161	-0,202201	3,022550	-0,062988	0,000000	2,028365	-0,124490	-0,124490	14,039677	-0,014764	3,178273	1,798969
209,200000	7,456974	7,488409	0,111444	0,084460	1,867083	-1853,151224	-1569,875524	-1594,350024	-934,948313	-1540,454151	8,225235	954,833230	22,015049	23,235650	25,858819	23,104073	23,167495	-2,910842	0,824163	0,974503	153819,746319	-0,202531	3,022449	-0,062967	0,000000	2,030117	-0,124488	-0,124490	14,039457	-0,015202	3,174093	1,798885
209,400000	7,457132	7,489138	0,112186	0,084952	1,866632	-1835,493325	-1564,303062	-1583,281029	-925,213994	-1530,719831	8,223722	954,739211	22,007323	23,233393	25,868943	23,103324	23,171842	-2,911033	0,824697	0,974565	153813,070335	-0,202475	3,022637	-0,062775	0,000000	2,030810	-0,124489	-0,124489	14,039369	-0,015902	3,172578	1,798784
209,600000	7,457818	7,489891	0,111576	0,084820	1,869227	-1829,657404	-1559,612061	-1572,779951	-920,389370	-1525,895207	8,222096	954,731095	22,004715	23,231265	25,871441	23,105639	23,170902	-2,910930	0,825001	0,974416	153805,359696	-0,202115	3,022544	-0,062720	0,000000	2,030327	-0,124489	-0,124493	14,039379	-0,015981	3,174554	1,798775
209,800000	7,458229	7,489977	0,110445	0,083813	1,869380	-1824,334051	-1557,246559	-1569,283796	-921,400359	-1526,906196	8,220491	953,910734	22,010251	23,231538	25,866764	23,108997	23,165710	-2,910866	0,825037	0,973619	153802,485032	-0,202122	3,022140	-0,062751	0,000000	2,029493	-0,124485	-0,124496	14,031983	-0,015472	3,177342	1,797892
210,000000	7,458115	7,489792	0,110170	0,083623	1,868071	-1827,418338	-1565,984180	-1575,609788	-929,221449	-1534,727287	8,219168	951,861691	22,017843	23,233067	25,862822	23,107446	23,158621	-2,911028	0,825020	0,973551	153808,727503	-0,202640	3,021942	-0,062835	0,000000	2,029119	-0,124484	-0,124497	14,014414	-0,015114	3,177792	1,795684
210,200000	7,457539	7,489826	0,110713	0,084754	1,866589	-1844,795916	-1578,631261	-1584,795538	-937,019867	-1542,525704	8,217914	950,364805	22,019499	23,233276	25,862317	23,103670	23,155926	-2,910993	0,825327	0,974351	153817,231654	-0,203374	3,022092	-0,062996	0,000000	2,029409	-0,124487	-0,124494	14,001952	-0,015237	3,176402	1,794070
210,400000	7,456748	7,489693	0,110577	0,085252	1,865835	-1858,637851	-1583,535497	-1589,859431	-940,231521	-1545,737358	8,216495	951,056522	22,015260	23,232329	25,865415	23,102995	23,160469	-2,910779	0,825472	0,974413	153818,041308	-0,203697	3,022293	-0,063113	0,000000	2,029782	-0,124490	-0,124489	14,008205	-0,015674	3,176997	1,794816
210,600000	7,456765	7,489375	0,110276	0,084363	1,867212	-1855,648414	-1579,705639	-1590,447801	-940,602462	-1546,108299	8,214955	952,464767	22,011294	23,231591	25,870796	23,105731	23,168067	-2,910629	0,825396	0,973925	153817,238424	-0,202958	3,022241	-0,063039	0,000000	2,029539	-0,124491	-0,124487	14,020373	-0,016006	3,177749	1,796334
210,800000	7,457522	7,489309	0,110050	0,083666	1,870398	-1852,689764	-1576,043452	-1589,283732	-940,073804	-1545,579641	8,213375	951,999883	22,010210	23,231708	25,871217	23,111799	23,171888	-2,910516	0,826644	0,974172	153817,352839	-0,201852	3,021986	-0,062916	0,000000	2,029128	-0,124489	-0,124485	14,016228	-0,015767	3,178106	1,795833
211,000000	7,457934	7,489371	0,110222	0,084133	1,872327	-1857,254130	-1572,023063	-1587,580170	-937,677295	-1543,183132	8,212068	950,727225	22,011012	23,232162	25,866331	23,116209	23,168880	-2,910631	0,829651	0,974659	153815,042663	-0,201531	3,021925	-0,062767	0,000000	2,029677	-0,124490	-0,124485	14,004896	-0,015134	3,177516	1,794461
211,200000	7,457731	7,489204	0,110859	0,084548	1,870860	-1855,474593	-1567,916286	-1585,995918	-934,224470	-1539,730307	8,210999	950,358475	22,012908	23,233149	25,862183	23,114387	23,162144	-2,910932	0,830004	0,974552	153814,224454	-0,202202	3,021996	-0,062439	0,000000	2,030797	-0,124494	-0,124490	14,001520	-0,014859	3,175651	1,794063
211,400000	7,457399	7,488998	0,110701	0,084596	1,869083	-1850,047230	-1570,685085	-1585,294514	-933,918160	-1539,423997	8,209734	950,436048	22,014857	23,234303	25,862045	23,106737	23,157976	-2,910883	0,826078	0,974088	153819,000113	-0,203550	3,022142	-0,062422	0,000000	2,030895	-0,124493	-0,124491	14,002492	-0,015178	3,176165	1,794146
211,600000	7,457352	7,489137	0,110142	0,084899	1,869223	-1850,978228	-1578,887015	-1587,721553	-940,443720	-1545,949557	8,208187	950,514311	22,015068	23,234258	25,862334	23,099133	23,160331	-2,910645	0,822737	0,974168	153826,225051	-0,204043	3,022489	-0,062897	0,000000	2,029831	-0,124492	-0,124488	14,003512	-0,015540	3,178185	1,794231
211,800000	7,457424	7,489327	0,110204	0,084354	1,871185	-1859,030947	-1588,597067	-1594,625108	-950,594646	-1556,100483	8,206739	949,637871	22,013512	23,233042	25,859579	23,098625	23,165140	-2,910762	0,822365	0,975023	153827,486551	-0,203278	3,022771	-0,063251	0,000000	2,028366	-0,124490	-0,124487	13,996281	-0,015681	3,178360	1,793285
212,000000	7,457367	7,489295	0,110690	0,083212	1,871301	-1869,978969	-1593,035461	-1601,423590	-955,278381	-1560,784218	8,205393	947,523566	22,012748	23,232310	25,859317	23,103662	23,167687	-2,910946	0,823101	0,975570	153821,232344	-0,202806	3,022864	-0,063245	0,000000	2,028038	-0,124483	-0,124492	13,978575	-0,015770	3,177057	1,791003
212,200000	7,457217	7,489144	0,111220	0,083740	1,868967	-1874,156496	-1585,089126	-1601,427990	-949,364017	-1554,869854	8,203913	946,900968	22,013620	23,234190	25,863812	23,112226	23,168316	-2,910982	0,823229	0,975403	153815,208954	-0,202818	3,022855	-0,063256	0,000000	2,029590	-0,124483	-0,124497	13,973448	-0,015886	3,175505	1,790330
212,400000	7,456947	7,489131	0,111187	0,085396	1,866358	-1861,784138	-1572,811963	-1595,431895	-938,287404	-1543,793242	8,202538	948,839642	22,013322	23,234741	25,869788	23,118546	23,166680	-2,910950	0,824179	0,975133	153821,723909	-0,202603	3,022790	-0,063276	0,000000	2,031590	-0,124486	-0,124498	13,989855	-0,015971	3,175582	1,792424
212,600000	7,456711	7,489350	0,110426	0,085665	1,866609	-1840,650786	-1568,339614	-1589,866214	-932,558175	-1538,064013	8,201414	950,561402	22,010689	23,230614	25,873393	23,115589	23,164046	-2,910817	0,824387	0,974801	153832,149883	-0,202348	3,022700	-0,063021	0,000000	2,031969	-0,124488	-0,124496	14,004339	-0,015971	3,177831	1,794282
212,800000	7,456742	7,489450	0,110683	0,084519	1,868884	-1830,723999	-1567,156496	-1586,850997	-932,756297	-1538,262135	8,200269	949,939861	22,009591	23,228872	25,871411	23,107447	23,164431	-2,910667	0,822760	0,974741	153824,179640	-0,202422	3,022557	-0,062822	0,000000	2,030645	-0,124491	-0,124492	13,999061	-0,015921	3,176981	1,793611
213,000000	7,456947	7,489191	0,111841	0,083808	1,872546	-1840,499302	-1565,385352	-1584,658508	-934,147517	-1539,653354	8,198924	948,502277	22,013358	23,231340	25,864725	23,102395	23,165105	-2,910642	0,822592	0,975185	153817,601306	-0,202640	3,022531	-0,063027	0,000000	2,029259	-0,124492	-0,124487	13,986858	-0,015813	3,173446	1,792060
213,200000	7,456934	7,488797	0,111995	0,084166	1,875075	-1860,279888	-1567,007580	-1582,304082	-935,342484	-1540,848321	8,197478	948,992209	22,016744	23,233202	25,859354	23,104931	23,162481	-2,910858	0,823977	0,975042	153825,581082	-0,202457	3,022642	-0,063235	0,000000	2,028126	-0,124492	-0,124482	13,990799	-0,015631	3,172899	1,792589
213,400000	7,456691	7,488696	0,111911	0,084733	1,874847	-1870,097392	-1570,589315	-1581,604567	-935,257743	-1540,763580	8,195994	950,346766	22,014795	23,233998	25,860117	23,109674	23,160934	-2,911071	0,824822	0,974272	153826,859969	-0,202462	3,022604	-0,063174	0,000000	2,028633	-0,124494	-0,124485	14,002062	-0,015499	3,173060	1,794050
213,600000	7,456602	7,489041	0,111991	0,084876	1,872192	-1865,549033	-1578,913947	-1585,567215	-937,349779	-1542,855616	8,194385	950,755811	22,011347	23,235021	25,864162	23,111444	23,163222	-2,911034	0,824307	0,973833	153822,852952	-0,203297	3,022469	-0,063079	0,000000	2,030879	-0,124494	-0,124491	14,005452	-0,015450	3,172853	1,794491
213,800000	7,456816	7,489149	0,111525	0,084669	1,870136	-1861,939199	-1592,074167	-1593,056940	-945,478315	-1550,984152	8,192736	951,543586	22,009725	23,234769	25,868772	23,112335	23,168008	-2,910875	0,823774	0,973777	153817,012882	-0,203610	3,022470	-0,062874	0,000000	2,031963	-0,124491	-0,124494	14,011917	-0,015292	3,174275	1,795341
214,000000	7,457266	7,488549	0,111136	0,084289	1,870843	-1866,587853	-1601,071859	-1601,071505	-955,994833	-1561,500671	8,191314	953,555063	22,008853	23,231677	25,872212	23,111438	23,171404	-2,910651	0,823285	0,974000	153816,819724	-0,203192	3,022490	-0,062669	0,000000	2,030934	-0,124492	-0,124493	14,028476	-0,014951	3,175254	1,797509
214,200000	7,457519	7,487801	0,110841	0,083817	1,871182	-1874,898481	-1602,067698	-1607,301640	-962,447574	-1567,953411	8,190105	954,200725	22,009897	23,229364	25,869746	23,108130	23,168304	-2,910471	0,821618	0,974503	153826,367547	-0,203126	3,022403	-0,062771	0,000000	2,029436	-0,124496	-0,124491	14,033330	-0,014383	3,175724	1,798204
214,400000	7,457283	7,487674	0,110514	0,083584	1,871009	-1877,966251	-1596,976182	-1609,192309	-961,828480	-1567,334317	8,188933	952,314724	22,015600	23,231203	25,862013	23,106644	23,161528	-2,910596	0,820078	0,974877	153825,239044	-0,203103	3,022559	-0,063035	0,000000	2,028839	-0,124495	-0,124488	14,017046	-0,013940	3,176674	1,796172
214,600000	7,456829	7,488485	0,110643	0,084329	1,869553	-1872,593299	-1591,144998	-1607,773062	-956,555739	-1562,061576	8,187717	950,577490	22,021476	23,234963	25,855667	23,106379	23,157930	-2,910917	0,821313	0,975037	153816,875845	-0,202659	3,022997	-0,063119	0,000000	2,029175	-0,124492	-0,124487	14,002661	-0,014158	3,176961	1,794299
214,800000	7,456678	7,489237	0,111047	0,085527	1,867996	-1868,565124	-1585,137136	-1603,488209	-950,068566	-1555,574403	8,186254	950,232694	22,019972	23,236381	25,856051	23,104900	23,160621	-2,911172	0,819322	0,974889	153819,237305	-0,201652	3,023105	-0,062918	0,000000	2,029844	-0,124492	-0,124490	14,000534	-0,014931	3,176190	1,793927
215,000000	7,457042	7,489155	0,111865	0,085163	1,867387	-1861,733064	-1572,874638	-1595,653766	-942,345151	-1547,850988	8,184593	951,282524	22,011441	23,235080	25,859807	23,107377	23,167573	-2,911213	0,809784	0,974503	153827,009949	-0,200820	3,022858	-0,062781	0,000000	2,030180	-0,124493	-0,124491	14,009982	-0,015551	3,173614	1,795059
215,200000	7,457555	7,488787	0,111815	0,083808	1,870174	-1848,827645	-1564,111698	-1588,007756	-935,489079	-1540,994916	8,183185	952,628155	22,005213	23,233410	25,862681	23,113187	23,171860	-2,911086	0,803904	0,974541	153828,833908	-0,201583	3,022861	-0,062884	0,000000	2,030095	-0,124493	-0,124488	14,021307	-0,015568	3,173672	1,796510
215,400000	7,457793	7,488616	0,110562	0,084070	1,872135	-1840,988411	-1564,716572	-1583,022118	-932,844915	-1538,350752	8,181881	952,055709	22,007311	23,232205	25,865381	23,116342	23,169462	-2,911008	0,807921	0,974536	153833,091163	-0,203229	3,023005	-0,062925	0,000000	2,029814	-0,124494	-0,124488	14,016225	-0,015295	3,177384	1,795893
215,600000	7,457570	7,488585	0,110383	0,085395	1,871502	-1836,832896	-1564,651764	-1582,288587	-933,280387	-1538,786224	8,180329	950,728569	22,013159	23,231591	25,865955	23,115695	23,162308	-2,910967	0,815719	0,974190	153838,805218	-0,203666	3,022906	-0,062768	0,000000	2,029538	-0,124497	-0,124493	14,004712	-0,014938	3,177795	1,794462
215,800000	7,457432	7,488444	0,111109	0,085242	1,870484	-1836,738290	-1564,012135	-1584,096609	-933,141169	-1538,647006	8,178829	951,238293	22,017093	23,231891	25,863077	23,109518	23,154527	-2,910935	0,818402	0,973840	153829,785985	-0,203197	3,022866	-0,062613	0,000000	2,029791	-0,124493	-0,124494	14,008870	-0,014811	3,175588	1,795012
216,000000	7,457625	7,488512	0,112327	0,084010	1,870594	-1839,804314	-1559,524538	-1581,895721	-929,385867	-1534,891704	8,177648	953,386631	22,016527	23,233191	25,858085	23,101734	23,153201	-2,910964	0,817246	0,973591	153816,170857	-0,203011	3,023001	-0,062598	0,000000	2,029849	-0,124488	-0,124489	14,027496	-0,015385	3,172210	1,797327
216,200000	7,457510	7,488941	0,112835	0,084204	1,872642	-1840,350304	-1552,064984	-1575,057131	-923,467934	-1528,973771	8,176492	954,880863	22,012854	23,234063	25,854497	23,101295	23,161392	-2,910977	0,819719	0,973955	153811,317518	-0,202722	3,022974	-0,062724	0,000000	2,029132	-0,124488	-0,124483	14,040981	-0,016326	3,170845	1,798936
216,400000	7,457283	7,489081	0,111574	0,085335	1,872827	-1834,762156	-1548,716737	-1567,705663	-916,932521	-1522,438358	8,175152	955,007291	22,010084	23,233337	25,854658	23,109390	23,169483	-2,910889	0,823233	0,974344	153819,691353	-0,202393	3,022713	-0,062913	0,000000	2,028875	-0,124487	-0,124480	14,042317	-0,016601	3,174231	1,799072
216,600000	7,457335	7,489099	0,111081	0,085105	1,872114	-1824,103575	-1548,346782	-1563,984522	-911,577064	-1517,082902	8,173799	955,701397	22,010160	23,233194	25,859238	23,118414	23,168020	-2,910806	0,824045	0,974486	153828,784367	-0,202339	3,022438	-0,063029	0,000000	2,029469	-0,124484	-0,124485	14,047588	-0,016047	3,175409	1,799819
216,800000	7,457192	7,489402	0,111812	0,084446	1,870711	-1818,317608	-1551,093406	-1564,771315	-911,698937	-1517,204774	8,172237	957,720108	22,011697	23,234225	25,865434	23,120176	23,160959	-2,910701	0,824192	0,974962	153820,538275	-0,202308	3,022197	-0,062959	0,000000	2,030588	-0,124486	-0,124492	14,064108	-0,015639	3,173236	1,801991
217,000000	7,456782	7,489518	0,112293	0,084897	1,868708	-1820,948823	-1555,919490	-1567,601934	-917,352618	-1522,858455	8,170622	959,210175	22,012536	23,234812	25,869216	23,114705	23,156736	-2,910541	0,826416	0,975107	153805,401050	-0,202127	3,022071	-0,062802	0,000000	2,031282	-0,124494	-0,124495	14,076598	-0,015643	3,171808	1,803592
217,200000	7,456645	7,489215	0,112562	0,084884	1,865790	-1830,124426	-1561,117800	-1571,585379	-925,332558	-1530,838395	8,169584	959,360784	22,012208	23,232959	25,870481	23,106967	23,158405	-2,910644	0,827354	0,974923	153798,516175	-0,202001	3,022192	-0,062850	0,000000	2,030383	-0,124499	-0,124493	14,077978	-0,015762	3,171087	1,803754
217,400000	7,457003	7,488729	0,112383	0,083638	1,865413	-1838,531257	-1563,569644	-1574,898842	-930,047117	-1535,552954	8,168663	959,111703	22,011859	23,230317	25,865546	23,102203	23,162997	-2,910947	0,824546	0,974746	153802,368751	-0,202040	3,022388	-0,062979	0,000000	2,028415	-0,124500	-0,124487	14,076043	-0,015913	3,171599	1,803487
217,600000	7,457351	7,488446	0,112365	0,083049	1,867463	-1837,422533	-1561,111665	-1575,649259	-927,904903	-1533,410740	8,167124	958,076463	22,014142	23,232559	25,855507	23,105445	23,166092	-2,911029	0,822940	0,974277	153808,257403	-0,202237	3,022683	-0,062916	0,000000	2,027817	-0,124497	-0,124485	14,067640	-0,016184	3,171721	1,802374
217,800000	7,457123	7,488618	0,113306	0,083666	1,869046	-1835,261332	-1558,981350	-1573,214582	-922,427390	-1527,933227	8,165442	956,829498	22,015958	23,236767	25,855853	23,115197	23,165922	-2,910895	0,824362	0,974191	153815,269547	-0,202653	3,022984	-0,062925	0,000000	2,028669	-0,124489	-0,124488	14,057497	-0,016494	3,169378	1,801033
218,000000	7,456793	7,488954	0,113746	0,084212	1,869559	-1838,381357	-1557,717785	-1567,230746	-915,819987	-1521,325824	8,164091	957,478824	22,011638	23,237250	25,868284	23,121573	23,163569	-2,910815	0,826299	0,974537	153823,656163	-0,202991	3,022856	-0,063006	0,000000	2,029620	-0,124487	-0,124490	14,062811	-0,016364	3,168244	1,801731
218,200000	7,457020	7,489023	0,112508	0,084189	1,870426	-1833,647491	-1556,553842	-1562,750851	-910,731168	-1516,237006	8,162810	958,901926	22,004282	23,235372	25,877664	23,118941	23,163769	-2,910691	0,826748	0,974493	153829,387343	-0,202848	3,022537	-0,062975	0,000000	2,031287	-0,124497	-0,124489	14,074178	-0,015806	3,171580	1,803261
218,400000	7,457600	7,488905	0,111247	0,084364	1,871509	-1823,682676	-1561,516167	-1565,912851	-914,899372	-1520,405209	8,161361	958,432542	22,002312	23,233464	25,880183	23,113320	23,165517	-2,910492	0,826593	0,974258	153836,702327	-0,202634	3,022436	-0,062686	0,000000	2,032037	-0,124503	-0,124486	14,069921	-0,015481	3,175081	1,802757
218,600000	7,457836	7,488812	0,111700	0,084855	1,870557	-1830,915391	-1567,924245	-1573,549676	-926,539606	-1532,045443	8,159818	956,177817	22,007926	23,231243	25,875054	23,110651	23,163760	-2,910652	0,826550	0,974499	153841,002232	-0,202768	3,022485	-0,062282	0,000000	2,030259	-0,124497	-0,124486	14,051287	-0,015750	3,173771	1,800332
218,800000	7,457563	7,488719	0,111668	0,084666	1,869556	-1847,582608	-1570,587842	-1579,510306	-934,974399	-1540,480237	8,158521	954,550178	22,014757	23,229613	25,861856	23,110607	23,160967	-2,911058	0,825306	0,974918	153834,895238	-0,202756	3,022625	-0,062439	0,000000	2,027982	-0,124493	-0,124489	14,037818	-0,015938	3,173853	1,798580
219,000000	7,457212	7,488606	0,110248	0,084092	1,869142	-1851,834942	-1575,347908	-1583,525934	-937,166088	-1542,671926	8,157318	955,323270	22,017863	23,232199	25,851656	23,112330	23,160024	-2,911215	0,824281	0,974999	153828,581220	-0,202739	3,022742	-0,062985	0,000000	2,027898	-0,124493	-0,124489	14,043907	-0,015539	3,177858	1,799413
219,200000	7,456795	7,488498	0,109876	0,083997	1,869133	-1853,125941	-1580,584995	-1586,980303	-937,303377	-1542,809214	8,155796	957,697071	22,016436	23,236534	25,855869	23,115200	23,162759	-2,911170	0,824328	0,975030	153827,117688	-0,202607	3,022724	-0,063231	0,000000	2,029562	-0,124496	-0,124486	14,063629	-0,015353	3,178860	1,801966
219,400000	7,456343	7,488712	0,111016	0,084300	1,867956	-1853,416561	-1576,445733	-1587,046446	-936,273107	-1541,778945	8,154083	958,414931	22,010345	23,237056	25,867522	23,116333	23,167972	-2,911036	0,824655	0,975065	153829,704923	-0,201834	3,022668	-0,063161	0,000000	2,030801	-0,124499	-0,124483	14,069724	-0,015432	3,175738	1,802738
219,600000	7,456538	7,489099	0,111814	0,084744	1,867071	-1842,533699	-1566,889749	-1582,722223	-932,251584	-1537,757422	8,152408	956,478531	22,003555	23,234401	25,874335	23,115038	23,170521	-2,910781	0,825655	0,975212	153832,736476	-0,201358	3,022643	-0,063058	0,000000	2,030939	-0,124497	-0,124483	14,053281	-0,015221	3,173676	1,800656
219,800000	7,457402	7,488971	0,110997	0,084521	1,867573	-1830,599019	-1564,117626	-1578,876166	-928,061066	-1533,566903	8,150993	955,622953	22,004213	23,231849	25,871808	23,114738	23,167687	-2,910621	0,827128	0,975518	153821,348324	-0,202246	3,022481	-0,062874	0,000000	2,030273	-0,124492	-0,124490	14,046010	-0,015128	3,175794	1,799735
220,000000	7,457889	7,488477	0,110060	0,083836	1,868948	-1826,766936	-1566,496691	-1577,667960	-926,888538	-1532,394376	8,149825	956,550626	22,013315	23,231502	25,862605	23,115016	23,160294	-2,910741	0,826604	0,975567	153815,677919	-0,202899	3,022242	-0,062603	0,000000	2,029368	-0,124492	-0,124495	14,053961	-0,015297	3,177943	1,800733
220,200000	7,457557	7,488108	0,110189	0,084158	1,870014	-1827,021281	-1566,605784	-1577,007825	-926,302351	-1531,808189	8,148757	956,162759	22,020869	23,232223	25,857798	23,112269	23,155210	-2,910966	0,823645	0,975824	153827,402963	-0,202230	3,022469	-0,062576	0,000000	2,028771	-0,124492	-0,124494	14,050906	-0,015495	3,177618	1,800316
220,400000	7,456860	7,488041	0,110279	0,084478	1,872034	-1826,191268	-1562,368953	-1574,503597	-922,436342	-1527,942179	8,147640	954,954448	22,020069	23,232430	25,859895	23,107863	23,156322	-2,911067	0,821613	0,976094	153832,129366	-0,201613	3,022974	-0,062980	0,000000	2,029284	-0,124493	-0,124492	14,040802	-0,015529	3,177886	1,799016
220,600000	7,456504	7,488308	0,110496	0,083573	1,872866	-1820,080073	-1556,346143	-1570,155602	-916,013542	-1521,519379	8,146027	954,572991	22,014268	23,232871	25,864894	23,106182	23,162124	-2,910966	0,822664	0,975652	153828,610892	-0,201473	3,022965	-0,063332	0,000000	2,029943	-0,124492	-0,124494	14,037667	-0,015596	3,177402	1,798605
220,800000	7,456785	7,488486	0,110545	0,083172	1,871253	-1814,347044	-1552,438135	-1565,750414	-910,915182	-1516,421019	8,144330	954,620632	22,009878	23,233019	25,868700	23,110129	23,170396	-2,910694	0,825515	0,975351	153821,893191	-0,202277	3,022714	-0,063277	0,000000	2,029538	-0,124489	-0,124497	14,038487	-0,016016	3,177104	1,798656
221,000000	7,457186	7,488336	0,109729	0,084357	1,869545	-1813,348326	-1549,081015	-1561,425131	-907,717621	-1513,223459	8,143018	955,595007	22,008952	23,231812	25,867822	23,117139	23,174938	-2,910529	0,827498	0,975459	153823,023228	-0,203604	3,022754	-0,063198	0,000000	2,029678	-0,124490	-0,124496	14,046821	-0,016173	3,179429	1,799705
221,200000	7,457280	7,488212	0,109690	0,085533	1,869276	-1808,359497	-1545,985371	-1559,253225	-905,945225	-1511,451063	8,141557	957,770413	22,009818	23,230597	25,863481	23,120574	23,170897	-2,910638	0,827545	0,974829	153831,954151	-0,204115	3,022694	-0,063070	0,000000	2,030086	-0,124495	-0,124495	14,064575	-0,015684	3,179401	1,802045
221,400000	7,457080	7,488152	0,110066	0,085706	1,871026	-1808,428409	-1547,458751	-1559,950327	-906,289116	-1511,794953	8,140099	959,301416	22,011825	23,231008	25,861346	23,117055	23,162136	-2,910745	0,826132	0,973588	153830,906889	-0,204094	3,022401	-0,062867	0,000000	2,030213	-0,124499	-0,124498	14,076921	-0,015201	3,177966	1,803690
221,600000	7,456813	7,488215	0,109926	0,085502	1,870176	-1818,381160	-1547,555846	-1558,614403	-907,001649	-1512,507487	8,138794	959,415766	22,013222	23,232362	25,864231	23,109035	23,158332	-2,910671	0,825634	0,973585	153827,303733	-0,203751	3,022470	-0,062816	0,000000	2,030580	-0,124498	-0,124498	14,078006	-0,015329	3,178478	1,803813
221,800000	7,456769	7,488470	0,110397	0,085006	1,868248	-1821,916655	-1543,236495	-1555,805390	-908,284228	-1513,790065	8,137214	959,995702	22,012572	23,232741	25,865546	23,103890	23,162473	-2,910548	0,825093	0,974731	153828,117433	-0,203291	3,022802	-0,062769	0,000000	2,029715	-0,124495	-0,124488	14,083407	-0,015873	3,177582	1,804436
222,000000	7,456964	7,488493	0,111248	0,083985	1,866894	-1822,277086	-1542,258232	-1555,009509	-909,600086	-1515,105924	8,135631	961,061720	22,011918	23,231884	25,863944	23,106099	23,167550	-2,910549	0,823764	0,975210	153835,413873	-0,203009	3,022814	-0,062760	0,000000	2,028536	-0,124491	-0,124484	14,092608	-0,016150	3,175165	1,805581
222,200000	7,457070	7,488272	0,110968	0,083280	1,866330	-1824,958969	-1545,648631	-1555,478980	-908,540745	-1514,046582	8,134394	960,462525	22,012581	23,232546	25,863937	23,114120	23,168766	-2,910676	0,823638	0,974791	153844,158922	-0,202487	3,022590	-0,062951	0,000000	2,029047	-0,124488	-0,124491	14,087533	-0,016090	3,175637	1,804938
222,400000	7,456654	7,488354	0,109688	0,083860	1,865847	-1821,725058	-1550,263282	-1557,149991	-907,240381	-1512,746218	8,133297	959,134829	22,012687	23,234018	25,866651	23,123344	23,167549	-2,910789	0,822549	0,974574	153838,368419	-0,201758	3,022460	-0,063270	0,000000	2,030637	-0,124491	-0,124492	14,076438	-0,016114	3,179210	1,803511
222,600000	7,456245	7,488738	0,109168	0,084732	1,867898	-1817,466634	-1555,440235	-1560,756272	-910,262801	-1515,768638	8,132076	958,756001	22,010489	23,232175	25,869322	23,125542	23,164795	-2,910736	0,822877	0,974481	153824,821383	-0,201765	3,022416	-0,063302	0,000000	2,031335	-0,124493	-0,124490	14,073333	-0,016182	3,180849	1,803104
222,800000	7,456715	7,488764	0,110104	0,084681	1,870402	-1822,662170	-1559,799014	-1566,258030	-918,337264	-1523,843101	8,130694	959,760794	22,007690	23,229894	25,867197	23,117791	23,162016	-2,910590	0,825843	0,974093	153815,562534	-0,202997	3,022347	-0,062815	0,000000	2,030932	-0,124493	-0,124493	14,081775	-0,016208	3,178103	1,804184
223,000000	7,457464	7,488604	0,111249	0,084011	1,869698	-1831,858613	-1558,633345	-1569,930355	-923,412804	-1528,918641	8,129228	961,074019	22,009344	23,231044	25,865930	23,109589	23,162613	-2,910651	0,827181	0,974713	153811,301758	-0,203901	3,022476	-0,062429	0,000000	2,030092	-0,124496	-0,124491	14,092920	-0,016358	3,174878	1,805594
223,200000	7,457529	7,488745	0,110759	0,083626	1,867982	-1833,105076	-1553,832633	-1568,098254	-920,671563	-1526,177400	8,127644	960,462045	22,015116	23,233046	25,867965	23,108830	23,163388	-2,910957	0,827230	0,975974	153808,832455	-0,203036	3,022889	-0,062466	0,000000	2,028498	-0,124498	-0,124490	14,087968	-0,016529	3,176765	1,804937
223,400000	7,456971	7,488914	0,109460	0,084085	1,867577	-1828,391183	-1552,153198	-1564,031111	-915,592459	-1521,098296	8,126195	959,089100	22,017332	23,234069	25,864618	23,112812	23,162520	-2,911212	0,823007	0,975730	153803,227639	-0,202065	3,023041	-0,062668	0,000000	2,027670	-0,124497	-0,124494	14,076538	-0,016597	3,180662	1,803462
223,600000	7,456580	7,488764	0,108898	0,084428	1,869634	-1823,393062	-1556,035369	-1563,699171	-913,644995	-1519,150833	8,125132	958,721977	22,014512	23,234255	25,861075	23,116361	23,164268	-2,911196	0,815314	0,974481	153798,004330	-0,202301	3,022870	-0,063032	0,000000	2,029076	-0,124492	-0,124495	14,073284	-0,016419	3,181999	1,803068
223,800000	7,456639	7,488477	0,108903	0,084054	1,869660	-1819,375253	-1563,484898	-1568,030514	-916,979235	-1522,485072	8,123823	958,000357	22,011050	23,234040	25,864345	23,116914	23,167228	-2,910918	0,814039	0,973931	153801,028929	-0,202472	3,022889	-0,063255	0,000000	2,031150	-0,124490	-0,124493	14,066903	-0,016084	3,181934	1,802292
224,000000	7,456844	7,488608	0,109624	0,083997	1,868325	-1821,075455	-1567,713828	-1572,645503	-923,539062	-1529,044899	8,122256	956,052813	22,007935	23,232927	25,870963	23,115697	23,169336	-2,910592	0,818890	0,974259	153807,691811	-0,202208	3,022938	-0,062862	0,000000	2,031319	-0,124490	-0,124492	14,050347	-0,015858	3,180050	1,800198
224,200000	7,457010	7,488844	0,110756	0,084211	1,866673	-1826,838955	-1563,940870	-1573,291874	-924,835192	-1530,341029	8,121028	955,514617	22,005607	23,230514	25,873588	23,114737	23,168525	-2,910575	0,821678	0,975189	153811,762301	-0,202728	3,022838	-0,062386	0,000000	2,029815	-0,124489	-0,124496	14,045479	-0,015505	3,176844	1,799618
224,400000	7,457075	7,488729	0,111690	0,083968	1,866713	-1827,104987	-1554,145970	-1569,298720	-916,724797	-1522,230634	8,119653	957,483988	22,008239	23,230260	25,865786	23,113651	23,162439	-2,910791	0,821848	0,975899	153823,849496	-0,204051	3,022608	-0,062595	0,000000	2,028514	-0,124488	-0,124497	14,061757	-0,015266	3,173810	1,801737
224,600000	7,457009	7,488545	0,110878	0,083866	1,868012	-1822,259435	-1548,058236	-1562,878892	-906,506963	-1512,012800	8,118058	958,252122	22,016518	23,233159	25,856211	23,113629	23,154961	-2,911004	0,822361	0,975938	153839,152650	-0,204630	3,022343	-0,063113	0,000000	2,028220	-0,124490	-0,124491	14,068725	-0,015796	3,175650	1,802563
224,800000	7,456767	7,488439	0,109172	0,084679	1,870001	-1814,026396	-1548,444364	-1557,942515	-901,810488	-1507,316325	8,116631	956,307099	22,021613	23,235238	25,856190	23,113781	23,155356	-2,911092	0,824062	0,975558	153837,047535	-0,203790	3,022369	-0,063163	0,000000	2,028831	-0,124495	-0,124487	14,053278	-0,016656	3,180500	1,800471
225,000000	7,456607	7,488459	0,109803	0,085185	1,870998	-1808,415292	-1550,875862	-1557,865582	-904,400563	-1509,906401	8,115267	954,549200	22,016104	23,233894	25,864488	23,112937	23,165528	-2,910857	0,827918	0,974851	153835,278958	-0,202565	3,022478	-0,062764	0,000000	2,029544	-0,124498	-0,124486	14,038788	-0,016916	3,178917	1,798579
225,200000	7,456790	7,488653	0,111180	0,083968	1,869100	-1818,343234	-1554,013140	-1559,856883	-909,636076	-1515,141913	8,114037	955,188191	22,006153	23,231853	25,871384	23,115745	23,173646	-2,910508	0,831063	0,974616	153843,204702	-0,202159	3,022386	-0,062625	0,000000	2,029794	-0,124495	-0,124484	14,043876	-0,016641	3,175047	1,799267
225,400000	7,457139	7,488798	0,111075	0,083094	1,867136	-1826,029032	-1553,001379	-1560,521290	-911,873848	-1517,379685	8,113094	956,671424	22,003686	23,231952	25,870052	23,121013	23,174214	-2,910478	0,830381	0,975026	153842,179415	-0,202588	3,022405	-0,062814	0,000000	2,029491	-0,124492	-0,124492	14,056010	-0,016333	3,175407	1,800863
225,600000	7,457097	7,488718	0,110162	0,083780	1,867399	-1821,979529	-1552,223829	-1562,074843	-912,478994	-1517,984831	8,112273	956,234955	22,008898	23,232374	25,866116	23,122375	23,169276	-2,910692	0,829131	0,975104	153837,799975	-0,203477	3,022667	-0,062806	0,000000	2,029336	-0,124494	-0,124499	14,052081	-0,016064	3,178218	1,800394
225,800000	7,456842	7,488495	0,108988	0,084175	1,870120	-1825,357626	-1559,028815	-1565,118513	-915,205935	-1520,711772	8,110690	954,934460	22,013800	23,232273	25,865504	23,118922	23,160280	-2,910844	0,830553	0,974541	153830,917047	-0,203856	3,022663	-0,062743	0,000000	2,029688	-0,124496	-0,124496	14,040835	-0,015730	3,181491	1,798994
226,000000	7,456891	7,488432	0,109896	0,083706	1,870598	-1830,901043	-1561,914325	-1568,162028	-919,386725	-1524,892562	8,108413	954,542964	22,015692	23,232486	25,863852	23,112062	23,154875	-2,910890	0,832087	0,974279	153819,419130	-0,203644	3,022567	-0,062848	0,000000	2,029721	-0,124495	-0,124495	14,037449	-0,015630	3,178743	1,798572
226,200000	7,456944	7,488748	0,112117	0,083526	1,869275	-1839,086625	-1560,868797	-1570,719746	-923,624233	-1529,130070	8,106845	954,606985	22,014689	23,233128	25,863073	23,106233	23,159698	-2,910878	0,831067	0,974386	153813,166461	-0,203631	3,022749	-0,062874	0,000000	2,029627	-0,124492	-0,124493	14,038400	-0,016043	3,172686	1,798641
226,400000	7,456943	7,489006	0,111925	0,084352	1,868026	-1849,128257	-1564,173741	-1570,856058	-924,864660	-1530,370497	8,105829	953,777891	22,011750	23,233232	25,867198	23,109759	23,168559	-2,910826	0,829305	0,974210	153820,709302	-0,203319	3,022750	-0,062791	0,000000	2,029364	-0,124490	-0,124491	14,031997	-0,016601	3,173374	1,797749
226,600000	7,457135	7,488953	0,110729	0,084605	1,867316	-1841,227317	-1569,007710	-1571,747850	-923,662398	-1529,168236	8,104464	951,704362	22,010055	23,232225	25,869323	23,121482	23,170851	-2,910870	0,829162	0,974157	153832,305073	-0,202504	3,022508	-0,062857	0,000000	2,028915	-0,124490	-0,124495	14,014610	-0,016634	3,176552	1,795514
226,800000	7,457164	7,488928	0,110506	0,083640	1,866805	-1835,311492	-1578,273967	-1577,680529	-927,950926	-1533,456763	8,103023	950,253288	22,010737	23,232368	25,868568	23,128512	23,166458	-2,910930	0,830077	0,974476	153825,417178	-0,201782	3,022457	-0,062961	0,000000	2,029407	-0,124489	-0,124497	14,002022	-0,016245	3,177118	1,793949
227,000000	7,457036	7,488768	0,111083	0,083969	1,868806	-1847,674820	-1586,654963	-1585,235898	-936,722173	-1542,228010	8,101739	950,125771	22,011928	23,234063	25,869648	23,125485	23,162006	-2,910742	0,828301	0,974887	153822,145087	-0,201999	3,022603	-0,062924	0,000000	2,030319	-0,124489	-0,124493	14,000775	-0,016071	3,175554	1,793812
227,200000	7,457048	7,488420	0,111117	0,085850	1,871994	-1855,979034	-1589,234592	-1591,730686	-944,732354	-1550,238191	8,100380	949,491761	22,011847	23,234203	25,871964	23,117768	23,160578	-2,910554	0,824569	0,975166	153832,832620	-0,203092	3,022716	-0,062967	0,000000	2,030546	-0,124495	-0,124489	13,995362	-0,015991	3,175467	1,793128
227,400000	7,456993	7,488307	0,110812	0,086330	1,872107	-1856,763634	-1587,649490	-1595,714352	-949,819231	-1555,325068	8,098983	947,529837	22,011189	23,231777	25,868902	23,110131	23,161016	-2,910574	0,822235	0,975349	153835,774797	-0,203686	3,022927	-0,062989	0,000000	2,029730	-0,124502	-0,124491	13,978771	-0,015913	3,176513	1,791010
227,600000	7,456841	7,488374	0,111270	0,084998	1,869372	-1863,162271	-1580,207929	-1595,199584	-948,564254	-1554,070091	8,097662	946,909139	22,012001	23,231213	25,859720	23,108839	23,163201	-2,910761	0,821159	0,975011	153836,430182	-0,202856	3,023042	-0,063028	0,000000	2,028291	-0,124499	-0,124490	13,973701	-0,016070	3,175259	1,790339
227,800000	7,456708	7,488488	0,111071	0,084201	1,868104	-1862,059795	-1567,898536	-1589,680571	-939,698888	-1545,204725	8,096273	948,825391	22,014446	23,234356	25,856117	23,116654	23,166496	-2,911088	0,820724	0,974648	153832,186891	-0,201812	3,022856	-0,063400	0,000000	2,028052	-0,124490	-0,124485	13,989910	-0,016146	3,175602	1,792408
228,000000	7,456527	7,488513	0,110023	0,084568	1,869801	-1840,483429	-1561,543719	-1583,851185	-930,032152	-1535,537989	8,094688	950,578283	22,014818	23,236161	25,861789	23,124234	23,166159	-2,911262	0,819221	0,975038	153824,677995	-0,201950	3,022794	-0,063799	0,000000	2,028948	-0,124483	-0,124488	14,004310	-0,015800	3,178586	1,794300
228,200000	7,456520	7,488397	0,109272	0,085048	1,871043	-1826,284622	-1572,742979	-1584,001816	-930,368647	-1535,874484	8,093238	950,844594	22,009958	23,234824	25,869683	23,123578	23,164328	-2,911039	0,818190	0,974968	153824,398984	-0,202554	3,022845	-0,063746	0,000000	2,029837	-0,124485	-0,124495	14,006457	-0,015708	3,180847	1,794587
228,400000	7,457178	7,488249	0,110555	0,085178	1,870837	-1837,810450	-1586,589108	-1588,452486	-940,625328	-1546,131165	8,092201	950,537313	22,004468	23,232519	25,874182	23,118895	23,165215	-2,910682	0,819844	0,974520	153835,480692	-0,202599	3,022668	-0,063264	0,000000	2,030989	-0,124494	-0,124497	14,004431	-0,016265	3,177003	1,794256
228,600000	7,458029	7,488123	0,112806	0,085305	1,869007	-1862,362117	-1589,709848	-1594,001971	-951,616795	-1557,122632	8,090957	950,363337	22,005422	23,231047	25,871081	23,116465	23,164086	-2,910724	0,822340	0,975142	153848,948716	-0,202510	3,022590	-0,062954	0,000000	2,030871	-0,124502	-0,124494	14,003262	-0,016559	3,170428	1,794068
228,800000	7,458218	7,488326	0,113177	0,085277	1,867279	-1881,642886	-1586,662271	-1597,611572	-954,648918	-1560,154756	8,089422	950,386826	22,011378	23,230354	25,862492	23,116058	23,160181	-2,910949	0,822868	0,976212	153843,223686	-0,203395	3,022949	-0,063051	0,000000	2,028721	-0,124501	-0,124489	14,003226	-0,016326	3,169739	1,794093
229,000000	7,457795	7,488722	0,112248	0,084770	1,866539	-1879,509429	-1582,491124	-1596,710005	-949,702843	-1555,208680	8,088134	950,437078	22,015928	23,232111	25,855051	23,116135	23,158201	-2,910932	0,821137	0,976206	153826,652896	-0,204263	3,023129	-0,063158	0,000000	2,027147	-0,124496	-0,124487	14,003442	-0,016120	3,172626	1,794148
229,200000	7,457210	7,488929	0,110928	0,084292	1,869511	-1862,150425	-1583,799076	-1593,925340	-943,937450	-1549,443287	8,086635	949,556607	22,016420	23,236526	25,853749	23,117590	23,160554	-2,910941	0,820244	0,975177	153817,267330	-0,203805	3,022854	-0,063269	0,000000	2,027827	-0,124495	-0,124490	13,996112	-0,016195	3,176124	1,793198
229,400000	7,456861	7,489021	0,110465	0,084096	1,872301	-1844,350399	-1584,827146	-1591,182947	-939,587462	-1545,093299	8,084931	948,320147	22,012734	23,237261	25,860089	23,119127	23,165863	-2,910896	0,821842	0,973888	153812,443487	-0,202918	3,022518	-0,063248	0,000000	2,029489	-0,124490	-0,124497	13,985943	-0,016432	3,177190	1,791863
229,600000	7,456900	7,488969	0,111233	0,084388	1,873036	-1836,511780	-1578,131094	-1588,306150	-936,291191	-1541,797029	8,083712	948,915116	22,006268	23,234342	25,869463	23,117482	23,169644	-2,910647	0,823616	0,973568	153806,824117	-0,202625	3,022245	-0,063039	0,000000	2,030362	-0,124485	-0,124503	13,991039	-0,016519	3,174818	1,792505
229,800000	7,457135	7,488706	0,111274	0,084487	1,872945	-1838,946051	-1569,449250	-1584,614185	-933,227141	-1538,732978	8,082503	950,292767	22,002552	23,231955	25,872577	23,115487	23,169895	-2,910655	0,821681	0,974589	153805,025879	-0,203099	3,022241	-0,063083	0,000000	2,030274	-0,124489	-0,124499	14,002330	-0,016221	3,174659	1,793992
230,000000	7,457178	7,488415	0,111440	0,083831	1,872413	-1837,531534	-1561,468502	-1579,639416	-928,990587	-1534,496424	8,080956	951,624501	22,007269	23,231426	25,866654	23,116598	23,165976	-2,910928	0,819475	0,975064	153806,578622	-0,203372	3,022424	-0,063199	0,000000	2,029679	-0,124497	-0,124495	14,012922	-0,015616	3,174209	1,795428
230,200000	7,456938	7,488224	0,112143	0,084130	1,872183	-1837,296691	-1560,568794	-1576,952956	-927,344764	-1532,850602	8,079750	953,639360	22,015392	23,233912	25,859206	23,117220	23,158698	-2,911097	0,821262	0,974564	153806,786987	-0,203030	3,022494	-0,063073	0,000000	2,029089	-0,124502	-0,124495	14,029459	-0,015226	3,172097	1,797599
230,400000	7,456830	7,488182	0,112295	0,085073	1,870822	-1843,511862	-1567,808670	-1578,379071	-929,235773	-1534,741610	8,078728	955,009956	22,017412	23,236224	25,855865	23,115668	23,154558	-2,911115	0,822994	0,974390	153810,465300	-0,202780	3,022667	-0,063066	0,000000	2,029319	-0,124500	-0,124493	14,040913	-0,015175	3,171769	1,799075
230,600000	7,456943	7,488279	0,112762	0,084566	1,869268	-1844,169611	-1570,291540	-1579,947016	-929,647847	-1535,153684	8,077266	955,113731	22,013361	23,235572	25,858690	23,113871	23,158332	-2,910966	0,822834	0,974492	153817,133610	-0,202428	3,022947	-0,063429	0,000000	2,030268	-0,124489	-0,124487	14,041908	-0,015298	3,170805	1,799187
230,800000	7,457074	7,488509	0,112911	0,083263	1,867893	-1841,315557	-1567,102669	-1578,714726	-928,053076	-1533,558914	8,075599	953,998802	22,008652	23,233913	25,864904	23,113906	23,166836	-2,910719	0,822976	0,974343	153818,010332	-0,202362	3,023036	-0,063554	0,000000	2,030629	-0,124479	-0,124486	14,032615	-0,015364	3,170645	1,797987
231,000000	7,457142	7,488720	0,112509	0,083201	1,868160	-1837,967347	-1563,573957	-1575,657379	-925,488545	-1530,994382	8,074220	951,833117	22,006382	23,232654	25,868529	23,118223	23,173648	-2,910696	0,824789	0,974205	153816,046642	-0,202536	3,022848	-0,063175	0,000000	2,030006	-0,124482	-0,124490	14,014152	-0,015093	3,171723	1,795653
231,200000	7,457095	7,488649	0,112379	0,084215	1,868706	-1834,278232	-1561,521954	-1573,334498	-921,734060	-1527,239897	8,073087	950,396017	22,006995	23,232202	25,866124	23,124963	23,172923	-2,910985	0,826312	0,974206	153817,590921	-0,202449	3,022452	-0,062873	0,000000	2,029806	-0,124491	-0,124494	14,001732	-0,014754	3,171632	1,794103
231,400000	7,457012	7,488301	0,112588	0,084470	1,870211	-1830,801763	-1556,833127	-1570,511279	-917,617878	-1523,123715	8,071754	950,267897	22,009945	23,232593	25,859729	23,127062	23,164902	-2,911182	0,825780	0,974360	153817,288169	-0,202698	3,022297	-0,062784	0,000000	2,030354	-0,124497	-0,124495	14,000757	-0,014858	3,170672	1,793965
231,600000	7,457198	7,487963	0,112195	0,084206	1,871644	-1822,524003	-1550,385190	-1566,478758	-914,333761	-1519,839598	8,070115	950,454623	22,012053	23,233654	25,859524	23,121120	23,157920	-2,911047	0,824598	0,974559	153814,278467	-0,203250	3,022560	-0,062750	0,000000	2,030418	-0,124500	-0,124492	14,002830	-0,015359	3,171926	1,794167
231,800000	7,457554	7,487929	0,111006	0,084461	1,873070	-1815,202780	-1550,743077	-1565,239852	-915,388745	-1520,894582	8,068443	950,536836	22,010807	23,234066	25,865093	23,113342	23,158766	-2,910916	0,824308	0,974938	153818,523100	-0,203286	3,022947	-0,062814	0,000000	2,029968	-0,124498	-0,124491	14,003786	-0,015625	3,175772	1,794255
232,000000	7,457428	7,488077	0,111000	0,084247	1,873827	-1823,133989	-1556,777917	-1568,365191	-922,604066	-1528,109903	8,067126	950,540866	22,008858	23,233383	25,865584	23,111501	23,164558	-2,910918	0,824140	0,975131	153825,546349	-0,202247	3,023121	-0,062874	0,000000	2,029017	-0,124493	-0,124495	14,003734	-0,015538	3,176040	1,794260
232,200000	7,456927	7,488013	0,112234	0,083388	1,873344	-1844,135154	-1562,419555	-1572,645854	-928,601197	-1534,107034	8,066106	950,528393	22,008868	23,233279	25,863276	23,115795	23,168238	-2,910774	0,822569	0,974152	153825,434760	-0,201609	3,022874	-0,062822	0,000000	2,028189	-0,124485	-0,124498	14,003527	-0,015437	3,172209	1,794246
232,400000	7,456711	7,487847	0,112935	0,083583	1,872442	-1857,495761	-1562,065254	-1574,469926	-927,881419	-1533,387257	8,064887	950,508675	22,010003	23,234282	25,865392	23,122781	23,168417	-2,910653	0,821729	0,973175	153828,950173	-0,202368	3,022584	-0,062893	0,000000	2,028954	-0,124487	-0,124498	14,003461	-0,015536	3,169856	1,794225
232,600000	7,456797	7,488067	0,112054	0,084425	1,870446	-1849,518248	-1562,005157	-1576,034026	-927,737157	-1533,242994	8,063567	950,490846	22,009432	23,234567	25,869964	23,128008	23,167124	-2,910755	0,821236	0,973192	153833,997855	-0,202813	3,022449	-0,063110	0,000000	2,030861	-0,124497	-0,124500	14,003477	-0,015702	3,172351	1,794206
232,800000	7,456973	7,488319	0,111595	0,084443	1,868900	-1834,818737	-1568,289348	-1579,956496	-932,699113	-1538,204950	8,062315	950,498164	22,006843	23,232331	25,871040	23,125482	23,165012	-2,910715	0,818695	0,973277	153825,703219	-0,202708	3,022350	-0,063015	0,000000	2,031321	-0,124501	-0,124501	14,003496	-0,015660	3,173689	1,794214
233,000000	7,457339	7,488231	0,112547	0,084221	1,869000	-1840,861890	-1577,498669	-1584,781760	-939,761899	-1545,267736	8,060953	950,517916	22,006847	23,230210	25,866848	23,117763	23,163411	-2,910547	0,815164	0,973375	153814,868448	-0,203153	3,022427	-0,062799	0,000000	2,030119	-0,124501	-0,124495	14,003500	-0,015497	3,171000	1,794235
233,200000	7,457420	7,487890	0,112934	0,084315	1,870980	-1859,537643	-1583,436520	-1588,905036	-945,941157	-1551,446994	8,059443	950,528870	22,012090	23,231080	25,861364	23,113891	23,163125	-2,910628	0,813222	0,974328	153811,278679	-0,203454	3,022782	-0,062891	0,000000	2,028873	-0,124500	-0,124482	14,003497	-0,015403	3,170074	1,794247
233,400000	7,456921	7,487462	0,112441	0,084325	1,871951	-1864,862004	-1580,294252	-1590,567160	-946,478081	-1551,983918	8,057810	950,507365	22,017818	23,233211	25,859861	23,116125	23,162567	-2,910923	0,813724	0,975269	153809,909645	-0,203524	3,023157	-0,063083	0,000000	2,027410	-0,124494	-0,124477	14,003496	-0,015582	3,171673	1,794223
233,600000	7,456524	7,487448	0,111483	0,083821	1,871653	-1855,605132	-1574,648351	-1588,584476	-939,740646	-1545,246483	8,056263	950,480415	22,016794	23,233911	25,863552	23,121144	23,162995	-2,911099	0,814514	0,974952	153809,258372	-0,204098	3,023198	-0,063305	0,000000	2,027401	-0,124486	-0,124487	14,003496	-0,015809	3,174477	1,794194
233,800000	7,456494	7,487759	0,111058	0,083609	1,870577	-1843,288423	-1571,902586	-1584,635743	-932,612808	-1538,118645	8,054827	950,488796	22,010470	23,234320	25,866944	23,125648	23,166736	-2,910908	0,814666	0,974202	153808,330308	-0,203728	3,022984	-0,063382	0,000000	2,029602	-0,124486	-0,124498	14,003496	-0,015738	3,175617	1,794203
234,000000	7,456727	7,487973	0,112341	0,084259	1,869464	-1840,020359	-1569,439082	-1581,119312	-930,534127	-1536,039965	8,053261	950,506623	22,006743	23,233657	25,867595	23,126758	23,170623	-2,910576	0,814256	0,973981	153815,459511	-0,202412	3,022860	-0,063147	0,000000	2,031277	-0,124492	-0,124500	14,003496	-0,015589	3,171916	1,794223
234,200000	7,457223	7,487942	0,113768	0,084546	1,869683	-1845,534742	-1565,212385	-1576,912250	-928,893996	-1534,399833	8,051870	950,521022	22,006403	23,230247	25,870268	23,122831	23,170251	-2,910407	0,813427	0,974446	153827,743461	-0,202467	3,023000	-0,062989	0,000000	2,030916	-0,124499	-0,124497	14,003496	-0,015468	3,168050	1,794238
234,400000	7,457597	7,487625	0,113088	0,084019	1,872517	-1845,381041	-1560,293705	-1571,787404	-923,704365	-1529,210202	8,050778	950,534322	22,006400	23,229133	25,870960	23,118094	23,165768	-2,910457	0,812242	0,974835	153825,711713	-0,203426	3,023176	-0,063082	0,000000	2,029869	-0,124499	-0,124490	14,003496	-0,015356	3,170071	1,794253
234,600000	7,457379	7,487210	0,111874	0,083358	1,874456	-1838,033432	-1558,313933	-1569,004675	-919,624037	-1525,129874	8,049482	951,417190	22,010601	23,232341	25,864868	23,118432	23,160798	-2,910826	0,811473	0,974455	153818,183930	-0,203900	3,023086	-0,063159	0,000000	2,029531	-0,124497	-0,124488	14,010913	-0,015350	3,173183	1,795205
234,800000	7,456872	7,487213	0,111868	0,083633	1,873385	-1834,063641	-1559,638446	-1568,673984	-918,940301	-1524,446138	8,047945	953,500844	22,017431	23,235694	25,859946	23,121210	23,158222	-2,911138	0,812470	0,973921	153819,883729	-0,203977	3,022888	-0,063081	0,000000	2,029594	-0,124497	-0,124493	14,028489	-0,015419	3,172906	1,797450
235,000000	7,456630	7,487708	0,112328	0,084756	1,871002	-1833,353784	-1560,201346	-1568,011372	-918,844538	-1524,350375	8,046638	954,966838	22,015636	23,236915	25,860341	23,121826	23,161953	-2,910970	0,814176	0,974093	153835,855837	-0,204109	3,023068	-0,062956	0,000000	2,029413	-0,124497	-0,124495	14,040948	-0,015571	3,171960	1,799029
235,200000	7,456799	7,487937	0,111588	0,084984	1,870439	-1830,211156	-1559,838280	-1567,457288	-918,897052	-1524,402890	8,045559	955,083068	22,005656	23,235524	25,863055	23,122514	23,171570	-2,910686	0,817651	0,974925	153855,068476	-0,204277	3,023500	-0,062945	0,000000	2,029365	-0,124493	-0,124493	14,042111	-0,015758	3,174655	1,799154
235,400000	7,457061	7,487868	0,110768	0,084247	1,871273	-1822,659483	-1555,787706	-1565,937515	-916,748934	-1522,254771	8,044277	954,843885	21,999147	23,232515	25,867294	23,124253	23,176424	-2,910620	0,822313	0,975227	153851,882687	-0,203752	3,023557	-0,063101	0,000000	2,029823	-0,124490	-0,124495	14,040101	-0,015755	3,177111	1,798896
235,600000	7,457012	7,487786	0,112224	0,084317	1,871397	-1817,076924	-1551,037847	-1564,153602	-914,215557	-1519,721394	8,042953	954,731152	22,001777	23,231844	25,870773	23,125501	23,171278	-2,910657	0,824583	0,974525	153837,089140	-0,203204	3,023260	-0,063177	0,000000	2,029634	-0,124490	-0,124497	14,039130	-0,015731	3,172651	1,798775
235,800000	7,456837	7,487477	0,113357	0,084686	1,871727	-1825,357147	-1556,342593	-1566,015227	-917,079469	-1522,585306	8,041693	954,740750	22,008473	23,233816	25,870511	23,125743	23,161718	-2,910703	0,823818	0,974116	153828,079952	-0,203712	3,022953	-0,062943	0,000000	2,028819	-0,124492	-0,124498	14,039165	-0,015686	3,168960	1,798785
236,000000	7,456873	7,487182	0,113010	0,083947	1,872302	-1838,102772	-1561,072243	-1568,773253	-920,891759	-1526,397596	8,040117	954,814792	22,013130	23,234804	25,868619	23,121759	23,154515	-2,910855	0,821223	0,974441	153820,944698	-0,204309	3,022766	-0,062684	0,000000	2,028861	-0,124494	-0,124495	14,039368	-0,015267	3,169612	1,798865
236,200000	7,457235	7,487148	0,112171	0,083093	1,873864	-1842,581285	-1559,090972	-1570,398934	-923,299298	-1528,805135	8,038410	954,862876	22,013420	23,233881	25,867308	23,114842	23,155428	-2,911029	0,817918	0,974630	153815,743645	-0,203976	3,022694	-0,062716	0,000000	2,028940	-0,124495	-0,124490	14,039436	-0,014932	3,171910	1,798917
236,400000	7,457553	7,487268	0,111878	0,083249	1,873054	-1842,952508	-1557,652435	-1572,610738	-926,878274	-1532,384111	8,036970	954,848581	22,010564	23,232296	25,864807	23,112613	23,164422	-2,911038	0,812647	0,974407	153821,174465	-0,203340	3,022847	-0,062900	0,000000	2,028571	-0,124496	-0,124487	14,039422	-0,015037	3,172944	1,798902
236,600000	7,457200	7,487357	0,113036	0,084078	1,871285	-1842,821046	-1559,158150	-1575,658199	-928,630268	-1534,136105	8,035756	954,832786	22,009271	23,231519	25,861519	23,119169	23,171412	-2,911047	0,808169	0,973817	153830,729022	-0,203371	3,023181	-0,063017	0,000000	2,028875	-0,124494	-0,124488	14,039403	-0,015151	3,169998	1,798885
236,800000	7,456526	7,487425	0,112851	0,084087	1,869857	-1844,919648	-1565,315463	-1577,417790	-927,651231	-1533,157068	8,034547	954,830624	22,009505	23,231712	25,861646	23,128891	23,170000	-2,911155	0,809366	0,973770	153824,282375	-0,203450	3,023257	-0,063003	0,000000	2,029745	-0,124496	-0,124493	14,039399	-0,015165	3,170629	1,798882
237,000000	7,456365	7,487646	0,112213	0,083541	1,869575	-1840,678078	-1567,135239	-1577,360811	-926,232895	-1531,738733	8,033212	954,819103	22,009681	23,240931	25,865613	23,132432	23,164922	-2,911144	0,814541	0,974475	153813,580866	-0,202683	3,023071	-0,062918	0,000000	2,030867	-0,124497	-0,124498	14,039401	-0,015264	3,172279	1,798870
237,200000	7,456523	7,488005	0,112991	0,084171	1,870397	-1833,701540	-1566,769814	-1578,467512	-926,882775	-1532,388612	8,031839	955,706479	22,010856	23,264508	25,866961	23,128377	23,160657	-2,910972	0,818828	0,974665	153814,032983	-0,202115	3,022960	-0,062886	0,000000	2,031216	-0,124492	-0,124495	14,046820	-0,015236	3,169836	1,799825
237,400000	7,456516	7,488129	0,113377	0,085030	1,872297	-1835,120666	-1566,774192	-1578,437356	-928,232281	-1533,738118	8,030355	957,844873	22,011579	23,283501	25,864041	23,120243	23,159419	-2,910789	0,820177	0,974534	153812,475539	-0,202528	3,023030	-0,062897	0,000000	2,030160	-0,124486	-0,124491	14,064395	-0,014880	3,168617	1,802125
237,600000	7,456519	7,488008	0,113659	0,084492	1,873505	-1834,691976	-1558,314321	-1575,227152	-925,597828	-1531,103665	8,028806	959,355223	22,011629	23,287594	25,859640	23,113146	23,162433	-2,910683	0,820161	0,974533	153808,587091	-0,203009	3,023315	-0,062893	0,000000	2,028599	-0,124481	-0,124490	14,076855	-0,014685	3,167976	1,803748
237,800000	7,456675	7,488079	0,113422	0,083442	1,871387	-1832,189552	-1551,142750	-1572,276987	-920,303063	-1525,808900	8,027499	959,431497	22,013712	23,288518	25,855434	23,114043	23,166763	-2,910729	0,820446	0,974198	153813,022398	-0,203088	3,023596	-0,062851	0,000000	2,028280	-0,124477	-0,124491	14,078017	-0,015208	3,168918	1,803830
238,000000	7,456686	7,488161	0,113265	0,083526	1,868843	-1830,622515	-1546,924099	-1568,647750	-914,260486	-1519,766323	8,026199	958,241199	22,015763	23,289814	25,859122	23,122528	23,168360	-2,910867	0,821377	0,973854	153821,881877	-0,203265	3,023664	-0,062823	0,000000	2,029243	-0,124478	-0,124490	14,068590	-0,015753	3,169489	1,802551
238,200000	7,456714	7,488165	0,114004	0,084500	1,868422	-1827,555383	-1541,313984	-1563,267545	-907,953196	-1513,459033	8,024863	956,024198	22,012565	23,289020	25,867305	23,129696	23,166672	-2,910940	0,821557	0,974257	153828,965367	-0,203310	3,023677	-0,062899	0,000000	2,030089	-0,124484	-0,124490	14,050044	-0,015795	3,167497	1,800167
238,400000	7,457071	7,488160	0,113771	0,084923	1,870929	-1824,340831	-1543,104632	-1559,354549	-905,515931	-1511,021768	8,023794	955,412881	22,005742	23,287212	25,870843	23,129798	23,165801	-2,910805	0,821740	0,974764	153832,147878	-0,203102	3,023598	-0,063131	0,000000	2,030999	-0,124490	-0,124493	14,045037	-0,015917	3,168134	1,799509
238,600000	7,457366	7,488019	0,113350	0,084481	1,872669	-1820,814791	-1549,395267	-1558,927014	-909,464796	-1514,970633	8,022571	957,381594	22,002010	23,285647	25,871159	23,124542	23,165791	-2,910584	0,822624	0,974562	153832,494745	-0,202861	3,023356	-0,063306	0,000000	2,031259	-0,124496	-0,124491	14,061652	-0,016021	3,169046	1,801627
238,800000	7,457417	7,487885	0,113057	0,083981	1,872776	-1821,561172	-1553,431943	-1561,300224	-916,689874	-1522,195711	8,021043	958,256875	22,004038	23,284207	25,867949	23,120817	23,163059	-2,910628	0,822988	0,974165	153831,339635	-0,202046	3,023325	-0,063183	0,000000	2,030022	-0,124498	-0,124490	14,068773	-0,015805	3,169780	1,802568
239,000000	7,456982	7,487755	0,111810	0,083588	1,871683	-1830,987451	-1559,262376	-1565,948233	-922,709975	-1528,215813	8,019579	956,433251	22,010017	23,284148	25,861442	23,122258	23,159877	-2,910854	0,823906	0,974077	153832,539381	-0,201478	3,023645	-0,063147	0,000000	2,028424	-0,124494	-0,124493	14,053316	-0,015636	3,173555	1,800607
239,200000	7,456263	7,487781	0,111601	0,083296	1,870441	-1838,578268	-1570,246208	-1574,521745	-927,987100	-1533,492938	8,018022	955,588670	22,015317	23,286858	25,856414	23,124384	23,159560	-2,910983	0,825168	0,974457	153836,210641	-0,202276	3,023800	-0,063381	0,000000	2,028202	-0,124490	-0,124495	14,046210	-0,015615	3,174240	1,799698
239,400000	7,456326	7,488022	0,112956	0,083681	1,869833	-1844,222228	-1579,700024	-1583,691761	-935,176898	-1540,682735	8,016404	957,412449	22,016011	23,288975	25,857990	23,125040	23,163064	-2,910946	0,825966	0,975060	153842,290656	-0,203335	3,023642	-0,063417	0,000000	2,029396	-0,124488	-0,124492	14,061445	-0,015555	3,170293	1,801660
239,600000	7,456988	7,488016	0,114073	0,084200	1,871045	-1851,468755	-1576,726628	-1586,851348	-939,527213	-1545,033050	8,015136	959,133464	22,011058	23,287609	25,863964	23,125928	23,168048	-2,910606	0,826509	0,975252	153845,442375	-0,203827	3,023566	-0,062944	0,000000	2,030243	-0,124491	-0,124488	14,075884	-0,015571	3,167109	1,803510
239,800000	7,457407	7,487994	0,113815	0,084188	1,872482	-1846,002998	-1570,571007	-1586,289794	-937,638690	-1543,144527	8,013993	958,509493	22,003822	23,284403	25,868532	23,126357	23,170743	-2,910278	0,826974	0,975118	153829,770611	-0,203903	3,023636	-0,062478	0,000000	2,030106	-0,124495	-0,124487	14,070819	-0,015734	3,167993	1,802839
240,000000	7,457368	7,488295	0,112740	0,083903	1,871483	-1836,453300	-1573,812747	-1587,051752	-935,893850	-1541,399687	8,012635	956,188185	22,003291	23,283401	25,868379	23,126869	23,168309	-2,910425	0,827515	0,975038	153810,962037	-0,203124	3,023513	-0,062573	0,000000	2,029680	-0,124497	-0,124489	14,051285	-0,015661	3,171045	1,800343
240,200000	7,457030	7,488432	0,112958	0,083635	1,868680	-1839,514199	-1577,699949	-1588,523372	-936,950333	-1542,456171	8,011447	954,605216	22,011356	23,284953	25,864059	23,126489	23,161447	-2,910683	0,827751	0,974659	153806,108873	-0,202130	3,023160	-0,062934	0,000000	2,029148	-0,124499	-0,124490	14,037642	-0,015300	3,170043	1,798640
240,400000	7,456751	7,488135	0,113918	0,084183	1,868142	-1845,776976	-1576,478154	-1589,182132	-937,096536	-1542,602373	8,010307	954,462745	22,018266	23,286156	25,859858	23,122661	23,156289	-2,910744	0,826241	0,974055	153811,730408	-0,202163	3,023022	-0,063277	0,000000	2,028744	-0,124499	-0,124484	14,036425	-0,015279	3,166997	1,798486
240,600000	7,456478	7,487763	0,113987	0,084937	1,871153	-1841,659617	-1570,227199	-1586,750724	-932,946213	-1538,452050	8,008802	954,671124	22,017538	23,286535	25,858250	23,118271	23,155911	-2,910767	0,822896	0,974069	153819,828281	-0,202365	3,023216	-0,063356	0,000000	2,029046	-0,124498	-0,124478	14,038647	-0,015752	3,166844	1,798710
240,800000	7,456362	7,487701	0,113761	0,084596	1,873992	-1834,506797	-1557,730793	-1579,290379	-924,988713	-1530,494550	8,007462	955,620305	22,013143	23,285492	25,860370	23,117588	23,160621	-2,910770	0,820499	0,974733	153817,698175	-0,201890	3,023420	-0,063040	0,000000	2,029466	-0,124495	-0,124482	14,047124	-0,016263	3,167711	1,799732
241,000000	7,456561	7,487741	0,113891	0,083844	1,874677	-1830,905633	-1544,643490	-1569,851407	-917,151310	-1522,657147	8,006522	957,698279	22,009421	23,283860	25,863672	23,122311	23,168240	-2,910738	0,820236	0,975151	153823,455796	-0,202427	3,023520	-0,062771	0,000000	2,029446	-0,124492	-0,124490	14,064655	-0,016369	3,167515	1,801967
241,200000	7,456563	7,487454	0,113640	0,083957	1,873740	-1824,874401	-1539,906327	-1563,195356	-911,249011	-1516,754849	8,005297	959,192853	22,007851	23,283994	25,865691	23,128247	23,172079	-2,910775	0,821181	0,974853	153839,106297	-0,203931	3,023604	-0,062801	0,000000	2,029859	-0,124493	-0,124493	14,076891	-0,016081	3,168229	1,803574
241,400000	7,456525	7,487270	0,112879	0,084610	1,873001	-1819,023443	-1547,114544	-1561,479935	-909,457501	-1514,963339	8,003639	959,355396	22,009945	23,285880	25,865736	23,130226	23,169285	-2,910877	0,822206	0,974687	153833,628398	-0,203621	3,023601	-0,062914	0,000000	2,030072	-0,124496	-0,124495	14,077980	-0,015808	3,170304	1,803748
241,600000	7,456824	7,487523	0,112632	0,084820	1,871434	-1820,883197	-1557,389145	-1563,685337	-913,089323	-1518,595161	8,002027	959,115925	22,014120	23,286987	25,862000	23,127023	23,163751	-2,910901	0,822646	0,975067	153817,647355	-0,202588	3,023712	-0,062930	0,000000	2,029830	-0,124497	-0,124499	14,075986	-0,015820	3,171167	1,803491
241,800000	7,456944	7,487594	0,113491	0,085061	1,870918	-1829,660082	-1558,474157	-1565,904416	-917,647228	-1523,153065	8,000497	958,972911	22,014921	23,285903	25,860879	23,118995	23,161438	-2,910797	0,822929	0,974752	153816,518536	-0,203196	3,023868	-0,062945	0,000000	2,030016	-0,124498	-0,124500	14,075036	-0,016068	3,168911	1,803337
242,000000	7,456663	7,487530	0,114319	0,085169	1,870318	-1838,988917	-1555,050661	-1565,980171	-919,707371	-1525,213208	7,998973	958,949535	22,010868	23,285198	25,863902	23,112832	23,163611	-2,910782	0,823661	0,973928	153834,286646	-0,203902	3,023629	-0,062855	0,000000	2,029232	-0,124494	-0,124492	14,075075	-0,016304	3,166321	1,803312
242,200000	7,456479	7,487747	0,113523	0,084283	1,869562	-1839,885248	-1557,523483	-1566,264461	-919,664469	-1525,170307	7,997538	959,866063	22,008619	23,285403	25,862555	23,114933	23,166721	-2,910901	0,823647	0,973854	153851,662293	-0,203821	3,023421	-0,062625	0,000000	2,028180	-0,124491	-0,124484	14,082693	-0,016245	3,168430	1,804297
242,400000	7,456598	7,487960	0,111706	0,083504	1,868809	-1830,878886	-1564,827204	-1568,956741	-919,375117	-1524,880955	7,996163	961,114832	22,010178	23,286101	25,859597	23,122634	23,168703	-2,910875	0,822280	0,974093	153842,543137	-0,203843	3,023412	-0,062586	0,000000	2,028885	-0,124488	-0,124487	14,092918	-0,016015	3,173644	1,805638
242,600000	7,456681	7,487985	0,110661	0,083973	1,869953	-1827,816158	-1571,465403	-1573,052249	-922,410855	-1527,916692	7,994859	960,504282	22,010573	23,287322	25,861167	23,129526	23,168228	-2,910793	0,822291	0,974512	153822,491151	-0,203997	3,023457	-0,062593	0,000000	2,030333	-0,124488	-0,124492	14,087787	-0,015995	3,176689	1,804982
242,800000	7,456704	7,487955	0,110821	0,084926	1,871763	-1831,375871	-1572,122172	-1576,559647	-927,152418	-1532,658255	7,993677	959,147051	22,006891	23,285840	25,867574	23,129943	23,165274	-2,910715	0,822191	0,974848	153814,114176	-0,203624	3,023564	-0,062545	0,000000	2,030985	-0,124490	-0,124493	14,076472	-0,016045	3,176418	1,803525
243,000000	7,456645	7,487890	0,111269	0,085317	1,871451	-1829,347965	-1567,056695	-1577,700885	-927,830613	-1533,336450	7,992444	959,651195	22,002190	23,283374	25,870725	23,124046	23,162916	-2,910490	0,818906	0,974559	153817,538068	-0,202640	3,023487	-0,062714	0,000000	2,030914	-0,124494	-0,124490	14,080712	-0,016063	3,175094	1,804066
243,200000	7,456414	7,487718	0,111649	0,084878	1,871169	-1823,454084	-1558,772600	-1573,850307	-922,324162	-1527,829999	7,991173	961,856443	22,004112	23,284532	25,865553	23,118119	23,163708	-2,910387	0,814408	0,974326	153821,724116	-0,202345	3,023387	-0,063099	0,000000	2,030155	-0,124499	-0,124480	14,099330	-0,016221	3,173768	1,806434
243,400000	7,456345	7,487364	0,112008	0,084304	1,870693	-1818,379928	-1544,945306	-1564,158412	-910,855757	-1516,361595	7,990118	963,433130	22,011842	23,286951	25,860476	23,116601	23,164553	-2,910683	0,811107	0,974416	153817,248797	-0,203408	3,023438	-0,063353	0,000000	2,028647	-0,124496	-0,124472	14,112796	-0,016501	3,172585	1,808126
243,600000	7,456495	7,487234	0,112051	0,084450	1,871183	-1814,489612	-1528,808809	-1551,157986	-896,391947	-1501,897785	7,989122	962,680248	22,015083	23,287406	25,857373	23,120988	23,163245	-2,911166	0,813010	0,974317	153811,119208	-0,204206	3,023464	-0,063273	0,000000	2,027873	-0,124489	-0,124475	14,106710	-0,016710	3,172403	1,807318
243,800000	7,456847	7,487531	0,111704	0,084997	1,870035	-1806,330840	-1518,623273	-1539,223568	-884,169383	-1489,675220	7,987690	961,225985	22,011021	23,286344	25,855621	23,127095	23,163949	-2,911194	0,817801	0,973882	153806,901246	-0,203456	3,023481	-0,063056	0,000000	2,028903	-0,124491	-0,124481	14,094406	-0,016573	3,173516	1,805757
244,000000	7,457061	7,487679	0,111060	0,085007	1,868676	-1791,886691	-1518,685570	-1533,290412	-878,392983	-1483,898821	7,985708	961,766192	22,006425	23,285382	25,860652	23,127683	23,167346	-2,910710	0,819182	0,974043	153812,261093	-0,202682	3,023655	-0,062891	0,000000	2,030915	-0,124499	-0,124485	14,098469	-0,016115	3,175657	1,806337
244,200000	7,456719	7,487660	0,110511	0,084261	1,868280	-1782,650824	-1524,906276	-1534,120577	-880,625612	-1486,131450	7,983802	963,147616	22,005188	23,284201	25,870297	23,124937	23,170888	-2,910509	0,818135	0,974774	153824,593706	-0,203408	3,023860	-0,062844	0,000000	2,031719	-0,124502	-0,124491	14,109797	-0,015888	3,177554	1,807819
244,400000	7,456387	7,487559	0,111191	0,083696	1,869325	-1786,283154	-1530,001358	-1537,835661	-887,036183	-1492,542021	7,982505	962,663776	22,004961	23,282201	25,873531	23,123047	23,170982	-2,910667	0,816553	0,974946	153819,436648	-0,204056	3,023843	-0,062800	0,000000	2,030508	-0,124495	-0,124495	14,105770	-0,015908	3,175606	1,807300
244,600000	7,456499	7,487114	0,112074	0,083746	1,870510	-1797,952213	-1536,320503	-1541,926724	-892,258643	-1497,764480	7,981483	960,469747	22,007554	23,281439	25,867748	23,121144	23,164099	-2,910768	0,816034	0,974879	153805,092530	-0,203340	3,023620	-0,062823	0,000000	2,029164	-0,124484	-0,124498	14,087229	-0,015726	3,172632	1,804945
244,800000	7,456343	7,486717	0,111731	0,083621	1,871667	-1806,585957	-1542,750805	-1546,108555	-895,733280	-1501,239117	7,980156	958,880225	22,015817	23,283008	25,860252	23,121217	23,155800	-2,910848	0,816838	0,974990	153807,255342	-0,203496	3,023641	-0,063031	0,000000	2,029102	-0,124477	-0,124501	14,073749	-0,015558	3,173386	1,803238
245,000000	7,455758	7,486891	0,111635	0,083742	1,872615	-1806,241733	-1542,415495	-1549,329438	-898,510576	-1504,016413	7,978560	958,710715	22,020910	23,285732	25,855920	23,122660	23,156264	-2,911002	0,818210	0,974989	153823,709013	-0,204456	3,024107	-0,063058	0,000000	2,029645	-0,124479	-0,124497	14,072398	-0,015627	3,174140	1,803056
245,200000	7,455762	7,487464	0,112311	0,084324	1,870562	-1804,620132	-1536,527353	-1549,763719	-898,569386	-1504,075223	7,977126	958,938845	22,015240	23,286503	25,860059	23,122642	23,165271	-2,911014	0,819384	0,974947	153836,801304	-0,204207	3,024397	-0,062754	0,000000	2,029754	-0,124487	-0,124490	14,074539	-0,015857	3,172764	1,803301
245,400000	7,456367	7,487803	0,112274	0,083898	1,868275	-1803,835223	-1528,581437	-1546,704046	-894,386860	-1499,892697	7,975770	959,939355	22,005390	23,284997	25,869458	23,124101	23,173544	-2,910752	0,819706	0,974616	153835,976018	-0,203107	3,024226	-0,062567	0,000000	2,029771	-0,124489	-0,124487	14,083011	-0,015949	3,172933	1,804376
245,600000	7,456805	7,487539	0,111241	0,083056	1,868525	-1797,041274	-1520,909695	-1541,069773	-888,089778	-1493,595615	7,974355	962,052691	22,002270	23,284048	25,871619	23,128024	23,174796	-2,910572	0,820567	0,974203	153829,204123	-0,201780	3,023943	-0,062762	0,000000	2,029692	-0,124490	-0,124489	14,100558	-0,015807	3,175521	1,806645
245,800000	7,456708	7,487258	0,110951	0,083269	1,870798	-1784,942468	-1516,041758	-1535,637823	-881,973010	-1487,478847	7,973164	962,675631	22,007552	23,283694	25,866750	23,130840	23,168236	-2,910760	0,822109	0,974219	153825,647561	-0,201381	3,023821	-0,063078	0,000000	2,029426	-0,124497	-0,124493	14,105382	-0,015421	3,176070	1,807313
246,000000	7,456405	7,487450	0,111233	0,083637	1,870315	-1778,447960	-1519,196717	-1533,488196	-880,044612	-1485,550449	7,972100	960,765645	22,013129	23,283622	25,862816	23,129515	23,158619	-2,910955	0,823422	0,974371	153824,180480	-0,202354	3,023932	-0,063162	0,000000	2,029604	-0,124499	-0,124495	14,088895	-0,014915	3,175411	1,805263
246,200000	7,456545	7,487698	0,111248	0,083365	1,867834	-1785,172294	-1528,668733	-1535,624639	-885,550859	-1491,056696	7,970898	959,017508	22,013578	23,284392	25,862728	23,123913	23,154753	-2,910812	0,823514	0,974512	153822,902910	-0,203199	3,024010	-0,063038	0,000000	2,029548	-0,124493	-0,124491	14,074440	-0,015099	3,175533	1,803385
246,400000	7,456783	7,487542	0,111340	0,083454	1,866444	-1801,200625	-1540,483300	-1543,131718	-897,320144	-1502,825981	7,969610	959,552975	22,011869	23,285539	25,864863	23,118357	23,159861	-2,910589	0,822452	0,974991	153818,191998	-0,203103	3,023891	-0,062961	0,000000	2,029033	-0,124490	-0,124484	14,079745	-0,015918	3,175096	1,803961
246,600000	7,456634	7,487293	0,111302	0,084710	1,866425	-1822,890061	-1555,212388	-1554,495949	-912,246798	-1517,752635	7,968326	960,962033	22,009988	23,286278	25,866026	23,120480	23,168206	-2,910524	0,821362	0,975327	153810,477059	-0,202678	3,023696	-0,063004	0,000000	2,028405	-0,124495	-0,124482	14,091953	-0,016329	3,174911	1,805474
246,800000	7,456441	7,487417	0,111287	0,085440	1,867038	-1840,330484	-1565,500146	-1564,823574	-924,348759	-1529,854596	7,966756	960,548524	22,008269	23,286032	25,864282	23,130150	23,171460	-2,910601	0,821143	0,974757	153806,800018	-0,202501	3,023591	-0,062988	0,000000	2,028406	-0,124501	-0,124486	14,088008	-0,015845	3,174875	1,805030
247,000000	7,456467	7,487655	0,110907	0,084284	1,869894	-1841,333533	-1567,691581	-1571,389255	-928,324000	-1533,829837	7,965051	959,281284	22,009894	23,285235	25,861049	23,135236	23,167455	-2,910711	0,821633	0,974062	153816,251538	-0,202483	3,023551	-0,062952	0,000000	2,029910	-0,124497	-0,124490	14,076742	-0,015192	3,175982	1,803669
247,200000	7,456379	7,487727	0,110657	0,083682	1,872568	-1834,706532	-1563,682298	-1573,414116	-925,668241	-1531,174078	7,963732	958,883925	22,012525	23,284717	25,861863	23,131611	23,162122	-2,910762	0,822967	0,974224	153830,075549	-0,202248	3,023542	-0,062897	0,000000	2,031260	-0,124494	-0,124494	14,073352	-0,015130	3,176730	1,803242
247,400000	7,456133	7,487766	0,111083	0,084677	1,871837	-1832,634834	-1557,613226	-1572,260035	-922,932943	-1528,438780	7,962534	958,952208	22,011936	23,283852	25,866123	23,125074	23,160284	-2,910727	0,824501	0,974721	153831,247314	-0,201958	3,023670	-0,062601	0,000000	2,031074	-0,124499	-0,124494	14,074305	-0,015511	3,175715	1,803315
247,600000	7,456162	7,487834	0,110681	0,084839	1,868899	-1826,838003	-1555,443464	-1569,733684	-921,524209	-1527,030046	7,961182	958,153668	22,009890	23,282276	25,864595	23,118293	23,161706	-2,910656	0,823892	0,974736	153828,230369	-0,202236	3,023855	-0,062328	0,000000	2,029963	-0,124500	-0,124490	14,067904	-0,015801	3,177084	1,802457
247,800000	7,456613	7,487576	0,109749	0,084004	1,867121	-1818,849858	-1557,252457	-1567,869484	-920,129899	-1525,635736	7,959849	956,087123	22,010878	23,282977	25,857656	23,116130	23,165455	-2,910659	0,823373	0,974594	153826,099781	-0,202778	3,023782	-0,062372	0,000000	2,028598	-0,124493	-0,124486	14,050517	-0,015741	3,179500	1,800235
248,000000	7,456812	7,487130	0,110152	0,083584	1,867945	-1824,345300	-1559,793289	-1568,387421	-920,917936	-1526,423774	7,958606	955,481587	22,015477	23,286655	25,854613	23,122254	23,168127	-2,910766	0,824034	0,974567	153823,860144	-0,202709	3,023466	-0,062704	0,000000	2,028168	-0,124485	-0,124485	14,045346	-0,015649	3,177773	1,799583
248,200000	7,456356	7,487133	0,111543	0,083485	1,869428	-1835,672214	-1556,686748	-1568,433387	-920,620053	-1526,125891	7,957358	957,449587	22,017195	23,288756	25,856371	23,129962	23,165953	-2,910877	0,823648	0,974410	153825,654710	-0,202611	3,023425	-0,063026	0,000000	2,029083	-0,124485	-0,124487	14,061674	-0,015472	3,173749	1,801700
248,400000	7,456108	7,487540	0,111753	0,083640	1,871014	-1835,083693	-1548,911884	-1564,920643	-914,040315	-1519,546152	7,955908	959,224565	22,012609	23,287363	25,861734	23,131199	23,164111	-2,910898	0,821824	0,973863	153835,942748	-0,203600	3,023561	-0,063194	0,000000	2,030601	-0,124492	-0,124493	14,076138	-0,015062	3,173517	1,803608
248,600000	7,456460	7,487635	0,110945	0,084149	1,870173	-1818,984643	-1542,933606	-1559,686690	-905,713596	-1511,219433	7,954242	959,498258	22,007404	23,284822	25,868445	23,126569	23,165473	-2,910739	0,820444	0,973781	153849,695122	-0,204392	3,023488	-0,063193	0,000000	2,032120	-0,124496	-0,124499	14,078285	-0,014917	3,175882	1,803902
248,800000	7,456976	7,487192	0,110699	0,084666	1,867714	-1806,021910	-1540,669342	-1556,077635	-903,420328	-1508,926165	7,952670	959,227992	22,008290	23,283982	25,868535	23,122717	23,165357	-2,910470	0,821639	0,974637	153847,118029	-0,203610	3,023424	-0,062838	0,000000	2,031744	-0,124495	-0,124492	14,076246	-0,015142	3,176365	1,803612
249,000000	7,456942	7,486997	0,110762	0,084628	1,865412	-1810,199327	-1541,247676	-1553,640997	-905,235569	-1510,741406	7,951512	959,052118	22,013851	23,283993	25,861176	23,122207	23,163750	-2,910433	0,823275	0,974758	153841,125481	-0,202766	3,023488	-0,062651	0,000000	2,029237	-0,124488	-0,124484	14,075072	-0,015441	3,176098	1,803423
249,200000	7,456350	7,487199	0,110146	0,084051	1,867226	-1814,997742	-1544,651575	-1553,280812	-906,188236	-1511,694073	7,950618	959,001405	22,017656	23,283935	25,855701	23,123083	23,162937	-2,910601	0,823784	0,974012	153843,538343	-0,202881	3,023596	-0,063001	0,000000	2,027665	-0,124481	-0,124486	14,075038	-0,015832	3,177993	1,803368
249,400000	7,456211	7,487192	0,110031	0,084097	1,869902	-1817,115123	-1548,384428	-1555,550757	-907,515589	-1513,021426	7,949320	958,986670	22,018037	23,286692	25,857734	23,125275	23,163572	-2,910690	0,824154	0,974163	153842,411569	-0,203263	3,023855	-0,063159	0,000000	2,028418	-0,124487	-0,124490	14,075255	-0,016172	3,178584	1,803352
249,600000	7,456387	7,487208	0,111777	0,084768	1,869813	-1824,716268	-1546,820265	-1556,750910	-909,090939	-1514,596776	7,947677	958,116396	22,015240	23,289617	25,863625	23,127334	23,167175	-2,910667	0,824283	0,975305	153839,418588	-0,203340	3,024065	-0,062858	0,000000	2,029883	-0,124497	-0,124491	14,067925	-0,016134	3,173848	1,802417
249,800000	7,456344	7,487523	0,112503	0,085043	1,868020	-1826,480396	-1546,173770	-1556,398165	-909,418238	-1514,924076	7,946335	956,945683	22,008764	23,288097	25,868106	23,126412	23,172501	-2,910602	0,822686	0,975945	153828,683300	-0,203439	3,023888	-0,062556	0,000000	2,030596	-0,124499	-0,124490	14,057756	-0,015779	3,171773	1,801158
250,000000	7,456408	7,487595	0,111657	0,084771	1,867464	-1819,027074	-1549,030250	-1556,100392	-908,904492	-1514,410330	7,945092	957,569913	22,004356	23,284715	25,868200	23,126141	23,173625	-2,910525	0,820557	0,975568	153818,335199	-0,203846	3,023474	-0,062512	0,000000	2,030244	-0,124501	-0,124491	14,062851	-0,015641	3,173816	1,801829
250,200000	7,456616	7,487154	0,111380	0,084123	1,869653	-1813,859193	-1550,688860	-1557,200022	-909,069166	-1514,575003	7,943669	958,916633	22,008245	23,283660	25,864681	23,128066	23,167051	-2,910552	0,820256	0,975275	153817,511209	-0,203810	3,023325	-0,062749	0,000000	2,029383	-0,124501	-0,124493	14,074142	-0,015646	3,174261	1,803277
250,400000	7,456668	7,486860	0,111087	0,084070	1,870234	-1815,283813	-1552,805725	-1559,451836	-910,463573	-1515,969410	7,942455	959,309931	22,016241	23,285267	25,860816	23,126587	23,157709	-2,910796	0,820111	0,975184	153811,434603	-0,203620	3,023600	-0,062934	0,000000	2,028992	-0,124497	-0,124491	14,077317	-0,015526	3,175217	1,803700
250,600000	7,456473	7,487228	0,110420	0,084656	1,869517	-1818,410232	-1550,896416	-1560,316638	-910,272745	-1515,778583	7,941217	958,306528	22,018835	23,286746	25,858871	23,123349	23,155224	-2,910942	0,818575	0,974894	153803,967428	-0,204023	3,023857	-0,062890	0,000000	2,029162	-0,124495	-0,124486	14,068862	-0,015478	3,177498	1,802621
250,800000	7,456372	7,487477	0,110219	0,084402	1,866978	-1815,808626	-1544,871670	-1560,507492	-909,689095	-1515,194933	7,939642	956,100715	22,015564	23,287274	25,859820	23,122158	23,159760	-2,910750	0,817921	0,974798	153803,911665	-0,204087	3,023868	-0,062898	0,000000	2,029229	-0,124493	-0,124485	14,050282	-0,015391	3,178181	1,800249
251,000000	7,456538	7,487073	0,110762	0,083777	1,865172	-1811,789830	-1546,232778	-1562,963453	-913,267158	-1518,772995	7,938215	954,591751	22,012792	23,287204	25,863520	23,123112	23,166195	-2,910581	0,819318	0,974160	153812,967723	-0,203359	3,023606	-0,062907	0,000000	2,029119	-0,124490	-0,124487	14,037654	-0,015425	3,176243	1,798625
251,200000	7,456557	7,486694	0,111516	0,084367	1,864949	-1820,874191	-1554,101604	-1566,921867	-919,288415	-1524,794252	7,936967	954,450588	22,011520	23,285611	25,866211	23,127976	23,171829	-2,910731	0,818936	0,973581	153825,204248	-0,203251	3,023401	-0,062763	0,000000	2,029095	-0,124491	-0,124492	14,036626	-0,015582	3,173775	1,798473
251,400000	7,456466	7,486779	0,111684	0,085566	1,867759	-1836,065114	-1558,495161	-1569,637140	-921,514254	-1527,020091	7,935558	953,841816	22,011158	23,284113	25,863839	23,132985	23,170500	-2,910834	0,816295	0,974364	153828,506103	-0,203992	3,023530	-0,062612	0,000000	2,029626	-0,124492	-0,124501	14,031302	-0,015369	3,173453	1,797817
251,600000	7,456523	7,486957	0,111517	0,085375	1,871109	-1836,991836	-1557,374775	-1569,883218	-917,889979	-1523,395816	7,934197	951,926664	22,013060	23,283803	25,861330	23,132597	23,163346	-2,910851	0,815976	0,974905	153826,191974	-0,203815	3,023625	-0,062448	0,000000	2,030701	-0,124492	-0,124508	14,014701	-0,014856	3,174073	1,795754
251,800000	7,456630	7,486890	0,111595	0,084297	1,871860	-1830,030843	-1555,690258	-1568,853991	-914,590154	-1520,095991	7,933175	950,470637	22,016145	23,283585	25,864867	23,127237	23,159177	-2,911031	0,817889	0,974637	153824,935813	-0,202758	3,023593	-0,062481	0,000000	2,031105	-0,124495	-0,124504	14,002192	-0,014587	3,173831	1,794184
252,000000	7,456670	7,486796	0,110854	0,084536	1,871592	-1827,650588	-1557,562892	-1568,732458	-917,328294	-1522,834131	7,932090	951,158467	22,017688	23,284138	25,868392	23,120737	23,160661	-2,911147	0,818573	0,974630	153827,250916	-0,202059	3,023603	-0,062850	0,000000	2,030382	-0,124502	-0,124493	14,008237	-0,014849	3,175957	1,794926
252,200000	7,456534	7,486671	0,110015	0,085146	1,871655	-1824,923279	-1561,455972	-1571,025873	-923,225100	-1528,730937	7,930615	952,543670	22,016902	23,285592	25,865683	23,118452	23,164407	-2,911098	0,818514	0,974596	153828,717009	-0,201683	3,023743	-0,063128	0,000000	2,029064	-0,124502	-0,124487	14,020338	-0,015308	3,178415	1,796419
252,400000	7,456646	7,486479	0,110324	0,084337	1,873089	-1830,101482	-1566,708270	-1575,516134	-927,907033	-1533,412870	7,929140	952,902103	22,015464	23,285964	25,863784	23,122203	23,167394	-2,910829	0,819074	0,974404	153826,741283	-0,202117	3,023838	-0,063096	0,000000	2,028280	-0,124489	-0,124494	14,023626	-0,015585	3,177531	1,796805
252,600000	7,456973	7,486556	0,110588	0,083691	1,873238	-1843,387571	-1569,950211	-1579,173241	-929,526044	-1535,031881	7,927766	952,747617	22,015868	23,286309	25,865751	23,130227	23,168798	-2,910471	0,819902	0,974033	153825,331360	-0,203197	3,023788	-0,062899	0,000000	2,028969	-0,124478	-0,124500	14,022471	-0,015728	3,176770	1,796639
252,800000	7,456720	7,486840	0,110784	0,084340	1,872219	-1844,384770	-1570,891856	-1581,535757	-929,757050	-1535,262887	7,926282	951,718505	22,015809	23,286750	25,868225	23,136182	23,168020	-2,910333	0,821585	0,973679	153822,226069	-0,203730	3,023735	-0,062810	0,000000	2,030819	-0,124481	-0,124500	14,013983	-0,015888	3,176281	1,795529
253,000000	7,456496	7,487115	0,111525	0,084691	1,869910	-1836,281121	-1574,149908	-1583,958228	-931,906102	-1537,411939	7,924806	950,475083	22,012613	23,284551	25,870966	23,133685	23,166285	-2,910353	0,823179	0,974201	153824,185910	-0,203700	3,023607	-0,062709	0,000000	2,031374	-0,124492	-0,124497	14,003656	-0,016014	3,174186	1,794189
253,200000	7,456906	7,487377	0,111599	0,084287	1,867643	-1834,150723	-1576,750642	-1584,984642	-935,133955	-1540,639792	7,923347	949,335255	22,010949	23,282294	25,868305	23,126260	23,164991	-2,910393	0,823432	0,974759	153828,806680	-0,203665	3,023508	-0,062492	0,000000	2,030172	-0,124502	-0,124490	13,994084	-0,016030	3,173965	1,792959
253,400000	7,457148	7,487455	0,111084	0,084257	1,866290	-1838,419469	-1574,187913	-1584,555759	-937,733713	-1543,239550	7,922050	947,404212	22,014811	23,283557	25,860772	23,120864	23,164144	-2,910483	0,823157	0,974647	153823,383596	-0,203347	3,023699	-0,062564	0,000000	2,028793	-0,124506	-0,124487	13,977735	-0,015935	3,175573	1,790874
253,600000	7,456750	7,487202	0,110626	0,084537	1,867768	-1846,721593	-1572,544271	-1585,386685	-939,172151	-1544,677989	7,921010	946,909120	22,020071	23,286290	25,856074	23,120716	23,162372	-2,910802	0,822867	0,974887	153815,877629	-0,202484	3,024042	-0,062785	0,000000	2,027286	-0,124498	-0,124490	13,973568	-0,015937	3,177069	1,790339
253,800000	7,456072	7,487019	0,110313	0,084509	1,871471	-1857,748109	-1574,533646	-1586,232704	-936,971252	-1542,477089	7,919958	948,833644	22,019091	23,286592	25,855898	23,125539	23,160861	-2,911192	0,823658	0,975299	153811,027730	-0,202146	3,024097	-0,062795	0,000000	2,027697	-0,124490	-0,124493	13,990064	-0,016230	3,177947	1,792417
254,000000	7,455888	7,487280	0,110897	0,084468	1,873921	-1859,418101	-1570,175627	-1583,403423	-930,151035	-1535,656873	7,918631	950,524319	22,012506	23,286486	25,859951	23,129903	23,164655	-2,911193	0,824847	0,975015	153818,782006	-0,202887	3,023843	-0,062833	0,000000	2,030317	-0,124491	-0,124492	14,004393	-0,016337	3,176152	1,794242
254,200000	7,456356	7,487608	0,111379	0,084465	1,873666	-1846,943419	-1562,301076	-1578,469431	-923,707321	-1529,213158	7,916828	949,918779	22,008036	23,287145	25,865259	23,129513	23,171178	-2,910978	0,825281	0,974802	153833,378825	-0,203718	3,023740	-0,062996	0,000000	2,031975	-0,124497	-0,124488	13,999040	-0,016077	3,174838	1,793588
254,400000	7,456769	7,487705	0,111280	0,084240	1,873526	-1836,476648	-1561,776718	-1575,303974	-923,083692	-1528,589529	7,915085	948,500393	22,007846	23,284770	25,868758	23,127403	23,172878	-2,910774	0,825784	0,975208	153835,478413	-0,203631	3,023894	-0,062927	0,000000	2,031007	-0,124497	-0,124486	13,986839	-0,015811	3,175382	1,792058
254,600000	7,456882	7,487638	0,110772	0,084099	1,874152	-1838,063059	-1570,459880	-1576,888599	-928,838349	-1534,344187	7,913924	949,003230	22,009491	23,281940	25,868108	23,126758	23,168027	-2,910512	0,826460	0,975119	153835,456456	-0,202826	3,023830	-0,062571	0,000000	2,028866	-0,124488	-0,124485	13,990796	-0,015536	3,176768	1,792600
254,800000	7,456738	7,487440	0,110187	0,083930	1,873382	-1848,006796	-1579,373695	-1581,706636	-935,731027	-1541,236864	7,912872	950,350367	22,014031	23,283463	25,862084	23,127773	23,160832	-2,910561	0,827351	0,974524	153832,909745	-0,201633	3,023380	-0,062379	0,000000	2,028043	-0,124485	-0,124487	14,002065	-0,015471	3,177814	1,794054
255,000000	7,456223	7,487211	0,110730	0,083825	1,871342	-1857,208155	-1578,217052	-1584,577986	-937,573795	-1543,079632	7,911380	949,834285	22,020554	23,287622	25,857144	23,129392	23,155807	-2,910985	0,827324	0,974275	153835,818320	-0,201222	3,023259	-0,062539	0,000000	2,028883	-0,124495	-0,124491	13,998037	-0,015784	3,175947	1,793497
255,200000	7,455921	7,487137	0,111237	0,084749	1,869762	-1856,096592	-1571,753733	-1584,023718	-933,980224	-1539,486061	7,909901	947,592169	22,021811	23,288364	25,858247	23,128627	23,158058	-2,911125	0,825561	0,974277	153846,702720	-0,202208	3,023740	-0,062723	0,000000	2,030268	-0,124501	-0,124492	13,979507	-0,016124	3,174979	1,791077
255,400000	7,456133	7,487319	0,111152	0,085492	1,870661	-1844,818537	-1565,885146	-1580,506302	-928,164159	-1533,669997	7,908747	945,956762	22,015920	23,284606	25,862828	23,126713	23,168348	-2,910731	0,822904	0,974392	153851,748687	-0,202758	3,024134	-0,062694	0,000000	2,031075	-0,124497	-0,124486	13,966031	-0,016425	3,175795	1,789310
255,600000	7,456394	7,487534	0,111903	0,084606	1,871779	-1834,890017	-1557,413273	-1574,399959	-921,352629	-1526,858466	7,907292	945,790017	22,010321	23,282521	25,868104	23,128065	23,174855	-2,910431	0,821130	0,974394	153852,440404	-0,202741	3,024005	-0,062510	0,000000	2,030902	-0,124489	-0,124484	13,964680	-0,016478	3,173672	1,789130
255,800000	7,456371	7,487521	0,112297	0,084153	1,872058	-1825,948916	-1548,962941	-1567,045702	-913,214669	-1518,720507	7,905711	946,965674	22,010312	23,283851	25,869411	23,132478	23,171780	-2,910633	0,820331	0,974101	153841,696713	-0,203008	3,023502	-0,062336	0,000000	2,030178	-0,124486	-0,124489	13,974237	-0,016130	3,172016	1,790400
256,000000	7,455987	7,487311	0,111507	0,084952	1,871359	-1812,896855	-1546,838079	-1561,581969	-906,910937	-1512,416774	7,904655	948,334468	22,013400	23,285283	25,864670	23,135421	23,164236	-2,910924	0,820050	0,974224	153833,545243	-0,202672	3,023088	-0,062419	0,000000	2,029681	-0,124493	-0,124493	13,985450	-0,015818	3,173691	1,791878
256,200000	7,455786	7,487135	0,111180	0,085183	1,871300	-1810,001836	-1549,904874	-1560,558151	-906,334287	-1511,840124	7,903740	947,731798	22,015753	23,286311	25,859027	23,131909	23,155793	-2,910995	0,820615	0,975052	153836,071576	-0,201914	3,023171	-0,062736	0,000000	2,029912	-0,124498	-0,124490	13,980305	-0,015747	3,174574	1,791228
256,400000	7,456066	7,487146	0,112093	0,084411	1,871282	-1819,464854	-1548,558970	-1560,280698	-907,391645	-1512,897482	7,902308	946,340130	22,016912	23,286216	25,857656	23,124587	23,154523	-2,910971	0,821298	0,975277	153841,675261	-0,202003	3,023525	-0,062787	0,000000	2,029941	-0,124497	-0,124483	13,968791	-0,015954	3,172329	1,789724
256,600000	7,456441	7,487051	0,113543	0,083878	1,872983	-1822,259287	-1536,304830	-1555,298578	-902,987513	-1508,493350	7,900741	946,787322	22,016493	23,284906	25,860181	23,120500	23,163832	-2,910880	0,822422	0,974891	153847,750905	-0,202386	3,023621	-0,062658	0,000000	2,029375	-0,124495	-0,124477	13,972961	-0,016356	3,168304	1,790207
256,800000	7,456628	7,486704	0,113671	0,084420	1,874565	-1812,852164	-1524,856671	-1546,480649	-894,227666	-1499,733503	7,899465	948,989309	22,013960	23,284754	25,862693	23,124030	23,171966	-2,910747	0,823955	0,975260	153836,629480	-0,202461	3,023713	-0,062875	0,000000	2,028804	-0,124489	-0,124481	13,991591	-0,016447	3,167935	1,792585
257,000000	7,456598	7,486597	0,112039	0,084710	1,874068	-1801,886590	-1524,238637	-1539,414631	-887,895221	-1493,401058	7,898159	950,624812	22,012398	23,285163	25,864878	23,132546	23,170745	-2,910700	0,825293	0,975456	153812,171644	-0,202453	3,023905	-0,063127	0,000000	2,028681	-0,124487	-0,124493	14,005076	-0,016175	3,172766	1,794350
257,200000	7,456481	7,486712	0,110857	0,084077	1,872501	-1796,066296	-1530,244068	-1540,128383	-889,074354	-1494,580192	7,896708	950,800147	22,014620	23,284858	25,866210	23,137053	23,163792	-2,910706	0,825586	0,974737	153798,520376	-0,202736	3,023772	-0,062923	0,000000	2,030093	-0,124490	-0,124503	14,006411	-0,016036	3,176063	1,794539
257,400000	7,456246	7,486767	0,111465	0,084268	1,871464	-1801,454139	-1542,488208	-1550,377386	-900,346275	-1505,852112	7,895268	950,532934	22,017007	23,283872	25,866628	23,135361	23,159233	-2,910688	0,825287	0,974433	153809,099436	-0,203415	3,023506	-0,062492	0,000000	2,031508	-0,124493	-0,124502	14,004264	-0,016135	3,174081	1,794251
257,600000	7,456056	7,486713	0,112818	0,085078	1,873239	-1822,564572	-1557,818605	-1563,140546	-918,019668	-1523,525505	7,893964	950,394171	22,015273	23,281299	25,868198	23,129488	23,160061	-2,910597	0,825370	0,974532	153825,862131	-0,203300	3,023348	-0,062360	0,000000	2,030645	-0,124499	-0,124497	14,003209	-0,016247	3,170080	1,794101
257,800000	7,456040	7,486558	0,113576	0,084601	1,874308	-1843,242902	-1566,148874	-1571,728800	-930,654673	-1536,160510	7,892734	950,412745	22,012729	23,279786	25,867109	23,122154	23,162686	-2,910465	0,823860	0,974596	153828,184884	-0,202853	3,023463	-0,062568	0,000000	2,028909	-0,124505	-0,124493	14,003240	-0,016122	3,167989	1,794121
258,000000	7,455921	7,486746	0,114092	0,083659	1,874258	-1848,129176	-1565,176676	-1575,368850	-931,765027	-1537,270864	7,891407	950,471013	22,014705	23,283281	25,863613	23,121050	23,165717	-2,910583	0,821694	0,975025	153825,232541	-0,203191	3,023798	-0,062842	0,000000	2,028429	-0,124502	-0,124492	14,003457	-0,015850	3,166867	1,794184
258,200000	7,455757	7,487405	0,114657	0,083814	1,873529	-1847,242001	-1559,422595	-1574,188206	-925,480577	-1530,986415	7,890106	950,487754	22,018206	23,287877	25,864123	23,128284	23,168694	-2,910953	0,820992	0,975334	153825,214389	-0,204053	3,023915	-0,063040	0,000000	2,028665	-0,124491	-0,124491	14,003532	-0,015783	3,165586	1,794202
258,400000	7,455538	7,487915	0,113436	0,084320	1,872771	-1843,697117	-1559,186165	-1571,539095	-920,385620	-1525,891457	7,888867	949,609481	22,017462	23,288213	25,866460	23,135014	23,169628	-2,911216	0,820587	0,974792	153829,777432	-0,204459	3,023717	-0,063017	0,000000	2,029257	-0,124483	-0,124488	13,996100	-0,015738	3,169063	1,793255
258,600000	7,455301	7,487776	0,112199	0,084518	1,872258	-1834,642872	-1564,980952	-1571,682599	-920,948236	-1526,454073	7,887473	947,540656	22,013456	23,286024	25,867933	23,134140	23,169617	-2,911038	0,821322	0,974121	153835,775916	-0,203544	3,023313	-0,062729	0,000000	2,031020	-0,124488	-0,124488	13,978504	-0,015555	3,172152	1,791021
258,800000	7,455563	7,487243	0,113120	0,084673	1,873715	-1834,198109	-1569,796994	-1575,703656	-926,707338	-1532,213175	7,885962	946,947299	22,010094	23,284559	25,868916	23,129323	23,169663	-2,910585	0,823852	0,974301	153836,118901	-0,203134	3,023145	-0,062441	0,000000	2,032247	-0,124495	-0,124485	13,973457	-0,015505	3,169177	1,790380
259,000000	7,456187	7,487058	0,114143	0,084547	1,875050	-1839,745554	-1568,941145	-1579,163013	-931,393882	-1536,899720	7,884582	948,882959	22,012425	23,283529	25,868299	23,126073	23,166224	-2,910552	0,824980	0,974742	153830,058949	-0,203033	3,023473	-0,062388	0,000000	2,030934	-0,124497	-0,124481	13,989872	-0,015624	3,166545	1,792471
259,200000	7,456392	7,487328	0,114474	0,083843	1,874784	-1838,507137	-1563,200575	-1578,344147	-929,223625	-1534,729462	7,883315	950,606268	22,018651	23,283211	25,864349	23,124312	23,162577	-2,910888	0,823502	0,974834	153824,146732	-0,201923	3,023735	-0,062642	0,000000	2,028529	-0,124494	-0,124491	14,004344	-0,015598	3,165940	1,794330
259,400000	7,456238	7,487362	0,113892	0,083514	1,874330	-1839,434787	-1564,023903	-1576,525754	-925,646519	-1531,152357	7,881917	950,887211	22,020832	23,285855	25,857287	23,124027	23,163025	-2,911012	0,822396	0,974700	153823,446721	-0,201861	3,023524	-0,062972	0,000000	2,028229	-0,124490	-0,124500	14,006477	-0,015369	3,167285	1,794633
259,600000	7,456196	7,487182	0,113552	0,084260	1,874614	-1839,481260	-1563,452813	-1575,263057	-923,792351	-1529,298189	7,880395	950,642654	22,018937	23,289057	25,856209	23,126380	23,166015	-2,910939	0,822223	0,974377	153821,965300	-0,202319	3,023153	-0,062939	0,000000	2,030055	-0,124491	-0,124496	14,004432	-0,015380	3,167748	1,794369
259,800000	7,456222	7,487302	0,113806	0,084933	1,875076	-1835,014290	-1559,452203	-1576,228131	-925,044745	-1530,550582	7,878974	950,477333	22,015134	23,288831	25,863861	23,128435	23,170089	-2,910858	0,821487	0,974077	153817,681316	-0,201687	3,023054	-0,062650	0,000000	2,031019	-0,124494	-0,124492	14,003258	-0,015597	3,167053	1,794191
260,000000	7,456428	7,487539	0,113651	0,085085	1,873780	-1838,235503	-1563,134651	-1580,274187	-930,880010	-1536,385847	7,877859	950,466053	22,009649	23,286630	25,869976	23,127131	23,173475	-2,910723	0,819899	0,974455	153823,264141	-0,201911	3,023233	-0,062590	0,000000	2,030602	-0,124497	-0,124494	14,003225	-0,015659	3,167857	1,794179
260,200000	7,456619	7,487316	0,114282	0,084874	1,872039	-1842,054948	-1566,095721	-1583,465044	-935,087939	-1540,593776	7,876803	950,515239	22,007129	23,284992	25,867689	23,127906	23,171364	-2,910665	0,818457	0,975230	153832,111444	-0,203180	3,023414	-0,062708	0,000000	2,030132	-0,124498	-0,124491	14,003442	-0,015463	3,166163	1,794232
260,400000	7,456366	7,486807	0,114973	0,084339	1,872312	-1844,003077	-1564,858727	-1583,189214	-934,394237	-1539,900074	7,875528	950,555503	22,012438	23,284701	25,861987	23,131402	23,161253	-2,910792	0,818898	0,975065	153826,284872	-0,203767	3,023477	-0,062583	0,000000	2,029306	-0,124496	-0,124489	14,003529	-0,015211	3,164018	1,794275
260,600000	7,455830	7,486810	0,114986	0,084424	1,874534	-1847,478271	-1561,426290	-1579,726271	-930,793297	-1536,299134	7,874216	951,420772	22,019527	23,285251	25,861174	23,130058	23,153773	-2,910813	0,819964	0,974300	153816,802627	-0,203304	3,023586	-0,062351	0,000000	2,028424	-0,124492	-0,124491	14,010936	-0,015343	3,164083	1,795208
260,800000	7,455420	7,487200	0,115189	0,085065	1,876425	-1844,110776	-1557,203649	-1576,010664	-926,407658	-1531,913495	7,872683	953,477658	22,018563	23,285541	25,863967	23,125738	23,156759	-2,910624	0,818753	0,974575	153811,586545	-0,202513	3,023838	-0,062359	0,000000	2,029262	-0,124491	-0,124486	14,028491	-0,015616	3,163940	1,797425
261,000000	7,455400	7,487375	0,115325	0,085232	1,877317	-1839,442297	-1555,734618	-1573,037888	-922,667265	-1528,173102	7,871009	954,960347	22,011967	23,285461	25,866143	23,124906	23,164657	-2,910580	0,816814	0,975681	153808,266053	-0,202378	3,023935	-0,062529	0,000000	2,030963	-0,124496	-0,124480	14,040944	-0,015622	3,163746	1,799022
261,200000	7,455757	7,487513	0,115146	0,084742	1,876710	-1837,716300	-1557,855432	-1571,342835	-920,574448	-1526,080285	7,869658	954,215641	22,007821	23,285200	25,865877	23,128478	23,170860	-2,910699	0,819006	0,975867	153810,754034	-0,202781	3,023758	-0,062670	0,000000	2,031074	-0,124497	-0,124486	14,034692	-0,015620	3,164121	1,798220
261,400000	7,456252	7,487813	0,114718	0,084247	1,875622	-1835,049677	-1564,766521	-1572,867935	-922,011816	-1527,517653	7,868516	952,756392	22,008413	23,284234	25,863291	23,132936	23,172658	-2,910739	0,823725	0,974951	153811,761020	-0,203709	3,023591	-0,062954	0,000000	2,030116	-0,124491	-0,124495	14,022525	-0,015708	3,165256	1,796648
261,600000	7,456631	7,487770	0,114696	0,084065	1,873614	-1833,848701	-1570,176561	-1575,645627	-925,329167	-1530,835004	7,867301	953,277510	22,011655	23,283381	25,863283	23,136072	23,168736	-2,910717	0,825812	0,974226	153807,777512	-0,204112	3,023498	-0,063293	0,000000	2,029323	-0,124487	-0,124495	14,026671	-0,015477	3,165214	1,797210
261,800000	7,456677	7,487373	0,115539	0,083674	1,873521	-1831,897807	-1568,684939	-1576,774467	-925,604280	-1531,110117	7,865934	954,665525	22,015203	23,284106	25,864332	23,134112	23,161942	-2,910647	0,825563	0,973968	153810,611194	-0,203217	3,023368	-0,063319	0,000000	2,029178	-0,124489	-0,124488	14,038003	-0,015155	3,162542	1,798704
262,000000	7,456284	7,487341	0,116308	0,083491	1,874499	-1830,612788	-1564,077043	-1575,077554	-922,152609	-1527,658446	7,864561	955,056906	22,015982	23,284994	25,864249	23,126734	23,159942	-2,910493	0,824260	0,974288	153827,499737	-0,202911	3,023293	-0,063187	0,000000	2,029642	-0,124493	-0,124483	14,041378	-0,015245	3,160261	1,799126
262,200000	7,455857	7,487670	0,116419	0,083771	1,874185	-1828,915075	-1557,288470	-1570,000090	-915,841208	-1521,347045	7,863213	954,037987	22,013081	23,284606	25,865867	23,122401	23,163777	-2,910467	0,822938	0,975123	153843,679730	-0,203203	3,023477	-0,062896	0,000000	2,029213	-0,124491	-0,124483	14,032989	-0,015409	3,160283	1,798029
262,400000	7,455721	7,487796	0,115336	0,083386	1,872835	-1820,809463	-1550,408321	-1562,687354	-908,219014	-1513,724851	7,861866	951,810508	22,011321	23,283889	25,865529	23,123258	23,168546	-2,910727	0,822841	0,975588	153844,617078	-0,202463	3,023766	-0,062719	0,000000	2,028054	-0,124481	-0,124484	14,014394	-0,015525	3,163706	1,795629
262,600000	7,455722	7,487755	0,113531	0,083165	1,873621	-1810,806054	-1547,825623	-1557,743097	-903,986053	-1509,491890	7,860591	951,165778	22,012913	23,285019	25,863338	23,129004	23,171976	-2,910937	0,822484	0,975682	153839,911754	-0,202499	3,023703	-0,062914	0,000000	2,028390	-0,124475	-0,124483	14,009165	-0,015716	3,168720	1,794934
262,800000	7,455765	7,487820	0,113055	0,084482	1,876541	-1806,462111	-1549,086681	-1557,577771	-905,519897	-1511,025734	7,859248	953,102669	22,014117	23,287200	25,863521	23,138812	23,171693	-2,910875	0,822091	0,975612	153830,738108	-0,203277	3,023378	-0,062888	0,000000	2,030300	-0,124481	-0,124484	14,025709	-0,015983	3,169736	1,797021
263,000000	7,455973	7,487855	0,113928	0,085554	1,877424	-1809,868230	-1553,317292	-1560,676527	-910,771875	-1516,277712	7,857820	954,813415	22,012459	23,285932	25,866411	23,143469	23,168293	-2,910728	0,822499	0,975424	153824,182206	-0,202537	3,023391	-0,062620	0,000000	2,031493	-0,124491	-0,124488	14,040263	-0,016174	3,167324	1,798864
263,200000	7,456147	7,487681	0,114988	0,084843	1,876859	-1820,823990	-1559,496650	-1565,560819	-917,019577	-1522,525415	7,856404	955,948154	22,010425	23,283068	25,869632	23,136979	23,165407	-2,910708	0,822874	0,974974	153826,938163	-0,202305	3,023650	-0,062492	0,000000	2,031110	-0,124494	-0,124495	14,049819	-0,016208	3,164582	1,800085
263,400000	7,456158	7,487464	0,115779	0,083325	1,875766	-1837,978929	-1564,511047	-1570,117620	-923,728875	-1529,234712	7,854947	957,769073	22,011884	23,283559	25,871161	23,125901	23,165096	-2,910811	0,823603	0,974385	153820,882661	-0,203147	3,023519	-0,062496	0,000000	2,029790	-0,124494	-0,124492	14,065335	-0,016455	3,162130	1,802044
263,600000	7,456089	7,487423	0,116476	0,082579	1,875554	-1849,452714	-1567,574346	-1573,575660	-928,679379	-1534,185216	7,853607	958,225051	22,016289	23,285224	25,868484	23,122275	23,165231	-2,910896	0,824343	0,974626	153809,510245	-0,203207	3,023236	-0,062669	0,000000	2,028321	-0,124490	-0,124481	14,069197	-0,016496	3,159799	1,802534
263,800000	7,455745	7,487546	0,116929	0,083157	1,874164	-1854,573398	-1572,327875	-1575,839280	-929,968300	-1535,474138	7,852446	956,337959	22,017560	23,286191	25,860333	23,127435	23,163920	-2,911116	0,824725	0,975481	153805,571692	-0,202858	3,023422	-0,062942	0,000000	2,027810	-0,124484	-0,124480	14,052752	-0,015871	3,158658	1,800504
264,000000	7,455539	7,487521	0,116753	0,084103	1,872543	-1855,903444	-1579,953495	-1578,235487	-931,093317	-1536,599154	7,851165	954,701027	22,013432	23,287514	25,854482	23,132423	23,165450	-2,911249	0,825616	0,975700	153807,875672	-0,202604	3,023679	-0,063003	0,000000	2,028933	-0,124486	-0,124486	14,038501	-0,015355	3,159341	1,798743
264,200000	7,455954	7,487208	0,116121	0,084581	1,871535	-1849,014478	-1589,039785	-1583,215986	-935,640466	-1541,146303	7,849648	954,428803	22,009043	23,288803	25,856905	23,133936	23,169615	-2,910997	0,826267	0,975050	153812,087092	-0,202455	3,023553	-0,062709	0,000000	2,030859	-0,124496	-0,124490	14,036455	-0,015594	3,160894	1,798450
264,400000	7,456158	7,487105	0,115488	0,084577	1,871692	-1842,933674	-1594,759899	-1589,386319	-942,523812	-1548,029649	7,848176	954,616243	22,006672	23,288097	25,865506	23,134216	23,172342	-2,910712	0,825751	0,974520	153814,244299	-0,202667	3,023406	-0,062360	0,000000	2,031628	-0,124500	-0,124489	14,038490	-0,016055	3,162593	1,798651
264,600000	7,455652	7,487271	0,115623	0,084440	1,873488	-1841,585958	-1591,005706	-1592,939316	-945,966257	-1551,472094	7,846975	954,756255	22,006638	23,284730	25,872116	23,133520	23,169782	-2,910622	0,824494	0,974644	153815,661807	-0,203692	3,023474	-0,062352	0,000000	2,030251	-0,124499	-0,124487	14,039642	-0,016033	3,162451	1,798802
264,800000	7,455507	7,487180	0,115994	0,084166	1,876464	-1839,400264	-1579,916156	-1591,476259	-940,985913	-1546,491751	7,845646	954,798705	22,010625	23,283414	25,869550	23,130973	23,162284	-2,910746	0,822648	0,975101	153817,336832	-0,204654	3,023619	-0,062674	0,000000	2,028571	-0,124494	-0,124485	14,039670	-0,015704	3,161504	1,798848
265,000000	7,455685	7,486858	0,115202	0,083601	1,878499	-1833,550073	-1567,224101	-1584,475897	-929,416059	-1534,921896	7,844210	955,666786	22,017703	23,285894	25,861028	23,129925	23,157683	-2,911076	0,822677	0,975517	153828,768835	-0,203862	3,023600	-0,062994	0,000000	2,028843	-0,124488	-0,124484	14,046871	-0,015621	3,163491	1,799782
265,200000	7,455466	7,486841	0,114468	0,083663	1,877720	-1823,059630	-1553,329267	-1573,217412	-916,500735	-1522,006572	7,843160	957,739585	22,022662	23,287900	25,856035	23,131434	23,159079	-2,911353	0,823836	0,975345	153844,555332	-0,203113	3,023513	-0,062955	0,000000	2,029986	-0,124490	-0,124486	14,064362	-0,015729	3,165404	1,802012
265,400000	7,455312	7,487252	0,114714	0,084342	1,875384	-1810,498973	-1540,689690	-1562,031234	-905,755814	-1511,261652	7,842086	958,343041	22,019355	23,287383	25,860544	23,131191	23,165579	-2,911166	0,823261	0,974714	153849,994797	-0,203597	3,023644	-0,062749	0,000000	2,030349	-0,124497	-0,124490	14,069415	-0,015725	3,165050	1,802661
265,600000	7,455548	7,487502	0,114378	0,084091	1,874025	-1803,997749	-1536,278139	-1553,880926	-899,006378	-1504,512215	7,840543	956,402758	22,011036	23,285752	25,866745	23,130700	23,172459	-2,910848	0,822924	0,974317	153850,096042	-0,203706	3,023834	-0,062755	0,000000	2,030490	-0,124497	-0,124492	14,053023	-0,015599	3,166382	1,800574
265,800000	7,455998	7,487433	0,114571	0,083571	1,874011	-1805,584352	-1536,901664	-1549,510440	-897,487679	-1502,993516	7,838959	954,707034	22,006637	23,284496	25,865947	23,132671	23,172415	-2,910830	0,824066	0,974515	153841,425795	-0,203793	3,023870	-0,062790	0,000000	2,030468	-0,124494	-0,124497	14,038559	-0,015362	3,165849	1,798749
266,000000	7,456126	7,487430	0,115131	0,084558	1,873420	-1810,177457	-1543,084747	-1551,335487	-902,375168	-1507,881005	7,837712	955,343709	22,009045	23,284557	25,860806	23,135648	23,166656	-2,910929	0,825250	0,975050	153836,709811	-0,203603	3,023721	-0,062819	0,000000	2,029916	-0,124497	-0,124499	14,043841	-0,015301	3,164048	1,799435
266,200000	7,455779	7,487273	0,114168	0,085816	1,872297	-1812,200460	-1556,665659	-1557,821122	-910,605962	-1516,111799	7,836502	957,662399	22,013946	23,285857	25,859506	23,136528	23,158985	-2,911049	0,824885	0,975176	153841,291125	-0,202393	3,023502	-0,062866	0,000000	2,029424	-0,124498	-0,124497	14,063460	-0,015474	3,166468	1,801929
266,400000	7,455401	7,487024	0,113393	0,085210	1,871605	-1813,813207	-1565,719965	-1565,057556	-918,534997	-1524,040834	7,835122	959,276533	22,015559	23,286376	25,863591	23,132440	23,155060	-2,911093	0,823643	0,974922	153829,924482	-0,201974	3,023417	-0,062715	0,000000	2,029198	-0,124491	-0,124493	14,077092	-0,015581	3,168526	1,803664
266,600000	7,455275	7,487064	0,113468	0,083936	1,871992	-1825,411459	-1566,023228	-1571,160352	-925,481647	-1530,987484	7,833729	958,522775	22,014353	23,286109	25,868260	23,126961	23,160815	-2,911026	0,823135	0,974562	153811,268610	-0,203309	3,023631	-0,062768	0,000000	2,029164	-0,124490	-0,124487	14,070871	-0,015675	3,168604	1,802854
266,800000	7,455585	7,487212	0,113276	0,084022	1,872109	-1838,528849	-1564,299547	-1573,891824	-928,292965	-1533,798802	7,832425	956,143632	22,012264	23,285881	25,870198	23,127568	23,170287	-2,910772	0,824025	0,974596	153806,953678	-0,204113	3,024005	-0,063190	0,000000	2,029056	-0,124494	-0,124487	14,051068	-0,015817	3,169622	1,800295
267,000000	7,455995	7,487316	0,112616	0,084395	1,872962	-1837,349013	-1564,692539	-1573,510108	-925,782405	-1531,288243	7,831092	954,551112	22,011237	23,284634	25,865478	23,135223	23,174331	-2,910608	0,823924	0,975079	153821,378488	-0,203192	3,024080	-0,063272	0,000000	2,028758	-0,124492	-0,124493	14,037551	-0,015663	3,171583	1,798581
267,200000	7,456010	7,487197	0,112518	0,083714	1,873150	-1831,740549	-1564,723293	-1572,654988	-921,418057	-1526,923894	7,829689	954,479729	22,012258	23,283891	25,859488	23,142215	23,172539	-2,910865	0,822471	0,975102	153835,620448	-0,202368	3,023821	-0,062875	0,000000	2,029242	-0,124485	-0,124498	14,036434	-0,015145	3,171492	1,798504
267,400000	7,455869	7,487033	0,113413	0,083617	1,873282	-1832,473504	-1562,213796	-1572,071534	-918,770860	-1524,276698	7,828571	954,797826	22,012818	23,284760	25,859272	23,141803	23,167989	-2,911123	0,822971	0,974946	153830,258262	-0,202529	3,023689	-0,062545	0,000000	2,030562	-0,124486	-0,124497	14,038668	-0,014709	3,168731	1,798847
267,600000	7,455755	7,487264	0,113947	0,084888	1,872943	-1829,803700	-1556,999738	-1570,160965	-917,485269	-1522,991106	7,827550	954,961036	22,013328	23,284857	25,862289	23,135234	23,163538	-2,911017	0,824103	0,974822	153821,404911	-0,203322	3,023867	-0,062421	0,000000	2,030860	-0,124492	-0,124495	14,039712	-0,014384	3,167514	1,799023
267,800000	7,455620	7,487446	0,114043	0,085307	1,873826	-1821,406372	-1547,945536	-1565,011175	-913,480538	-1518,986376	7,826280	955,839878	22,013258	23,283718	25,862013	23,126265	23,163408	-2,910708	0,824220	0,974332	153818,109733	-0,203637	3,023952	-0,062431	0,000000	2,029605	-0,124492	-0,124492	14,047078	-0,014375	3,167409	1,799968
268,000000	7,455587	7,487009	0,114047	0,084057	1,875466	-1812,519632	-1539,315589	-1557,899987	-906,092806	-1511,598644	7,824918	956,965897	22,012581	23,284151	25,855964	23,122080	23,167205	-2,910554	0,823699	0,974152	153818,621284	-0,203118	3,023754	-0,062556	0,000000	2,028119	-0,124491	-0,124488	14,057013	-0,014866	3,166956	1,801180
268,200000	7,455481	7,486596	0,113738	0,083046	1,874789	-1803,203184	-1533,717483	-1551,268835	-898,173724	-1503,679561	7,823372	956,297463	22,014126	23,286835	25,852624	23,128756	23,169329	-2,910667	0,823274	0,974279	153822,429052	-0,202463	3,023698	-0,062807	0,000000	2,027934	-0,124491	-0,124487	14,051824	-0,015283	3,167558	1,800461
268,400000	7,455146	7,486790	0,113403	0,083893	1,873013	-1796,953858	-1529,468827	-1544,973087	-891,047544	-1496,553381	7,821759	955,831289	22,015126	23,288280	25,856287	23,138088	23,167974	-2,910820	0,823284	0,974197	153834,331643	-0,201761	3,023822	-0,063024	0,000000	2,029025	-0,124488	-0,124490	14,047961	-0,015331	3,168736	1,799959
268,600000	7,455016	7,487065	0,113444	0,085239	1,871757	-1792,336269	-1528,073152	-1540,632083	-886,096326	-1491,602163	7,820442	956,679967	22,011095	23,287020	25,865087	23,140179	23,167401	-2,910742	0,821541	0,974640	153849,162103	-0,201943	3,023903	-0,062918	0,000000	2,030346	-0,124488	-0,124495	14,054967	-0,015219	3,168915	1,800872
268,800000	7,455441	7,487166	0,114091	0,084954	1,873145	-1789,328046	-1525,875643	-1538,459637	-884,203995	-1489,709832	7,819461	956,196622	22,006084	23,284904	25,873637	23,135959	23,168498	-2,910487	0,819230	0,975282	153845,394252	-0,202762	3,023914	-0,062679	0,000000	2,031652	-0,124495	-0,124495	14,050895	-0,015200	3,167237	1,800352
269,000000	7,456036	7,487401	0,114795	0,083795	1,874432	-1788,157062	-1517,687439	-1534,806004	-883,046179	-1488,552016	7,818592	954,973994	22,005827	23,284507	25,872626	23,131711	23,166055	-2,910375	0,819464	0,975350	153832,189896	-0,203173	3,023860	-0,062536	0,000000	2,031610	-0,124502	-0,124486	14,040601	-0,015164	3,165262	1,799037
269,200000	7,456097	7,487583	0,114702	0,082935	1,874167	-1787,364593	-1512,780008	-1530,785856	-882,023283	-1487,529120	7,817511	954,633283	22,009408	23,284516	25,864276	23,129015	23,162401	-2,910564	0,820828	0,975336	153826,920243	-0,203337	3,023832	-0,062526	0,000000	2,029610	-0,124499	-0,124482	14,037595	-0,015018	3,165475	1,798670
269,400000	7,455658	7,487470	0,113850	0,082636	1,872249	-1793,628950	-1521,804122	-1531,522147	-884,653976	-1490,159814	7,815960	953,879764	22,013628	23,284896	25,855493	23,127866	23,162312	-2,910895	0,821207	0,975550	153826,772714	-0,203112	3,023745	-0,062546	0,000000	2,028083	-0,124491	-0,124489	14,031082	-0,014831	3,167668	1,797858
269,600000	7,455502	7,487211	0,113215	0,083340	1,870900	-1802,920067	-1538,369426	-1538,460446	-892,209152	-1497,714990	7,814134	952,818784	22,016968	23,288139	25,854644	23,131261	23,164517	-2,911056	0,821540	0,975671	153824,216232	-0,202216	3,023562	-0,062562	0,000000	2,028917	-0,124487	-0,124495	14,021847	-0,014506	3,169140	1,796715
269,800000	7,455672	7,487006	0,113148	0,084190	1,870818	-1814,093273	-1553,562409	-1549,516096	-903,066676	-1508,572513	7,812523	953,452210	22,016501	23,289166	25,864583	23,134767	23,169319	-2,910963	0,822199	0,975193	153819,741297	-0,201590	3,023328	-0,062636	0,000000	2,030446	-0,124489	-0,124491	14,027127	-0,014466	3,169106	1,797398
270,000000	7,455708	7,487116	0,113270	0,084271	1,872967	-1832,246526	-1563,885248	-1561,004684	-914,633038	-1520,138875	7,811135	954,730500	22,008961	23,285545	25,873323	23,133847	23,174500	-2,910781	0,822084	0,974957	153820,856117	-0,202139	3,023271	-0,062747	0,000000	2,030944	-0,124494	-0,124484	14,038304	-0,014911	3,168870	1,798774
270,200000	7,455789	7,487311	0,113586	0,083982	1,875510	-1845,041436	-1567,584906	-1568,981043	-923,278396	-1528,784233	7,809701	955,067368	22,001930	23,282567	25,871887	23,132736	23,175367	-2,910616	0,822212	0,975411	153822,827101	-0,202608	3,023543	-0,062877	0,000000	2,030809	-0,124494	-0,124483	14,041400	-0,015179	3,168348	1,799137
270,400000	7,456012	7,487205	0,113723	0,083445	1,875936	-1844,863023	-1568,808716	-1573,351982	-927,702058	-1533,207895	7,808227	954,962651	22,005828	23,282926	25,864417	23,133220	23,170004	-2,910461	0,822659	0,975377	153812,781445	-0,201740	3,023742	-0,062837	0,000000	2,030060	-0,124492	-0,124488	14,040356	-0,015014	3,168042	1,799024
270,600000	7,455872	7,487090	0,113370	0,083468	1,875642	-1838,644165	-1569,759145	-1575,672455	-928,840196	-1534,346034	7,806994	954,852582	22,015977	23,284915	25,859507	23,131122	23,161800	-2,910379	0,820513	0,974926	153799,709516	-0,200851	3,023722	-0,062676	0,000000	2,028871	-0,124491	-0,124495	14,039363	-0,014945	3,168910	1,798906
270,800000	7,455375	7,487147	0,111774	0,084371	1,875745	-1832,196161	-1575,302401	-1578,877651	-930,205830	-1535,711667	7,806098	954,821405	22,019483	23,286075	25,857881	23,127654	23,158148	-2,910476	0,814851	0,974407	153799,999446	-0,201343	3,023741	-0,062751	0,000000	2,028646	-0,124492	-0,124495	14,039201	-0,015045	3,173470	1,798872
271,000000	7,455201	7,487231	0,109781	0,084052	1,875778	-1826,394178	-1586,147210	-1585,347756	-935,056035	-1540,561873	7,805061	954,839560	22,014563	23,285421	25,860038	23,128138	23,160710	-2,910708	0,810530	0,973921	153813,399436	-0,202783	3,023808	-0,062986	0,000000	2,029561	-0,124495	-0,124487	14,039336	-0,015027	3,179304	1,798892
271,200000	7,455500	7,487388	0,111128	0,082600	1,874397	-1830,538760	-1584,771718	-1589,919053	-938,241785	-1543,747623	7,803420	955,699040	22,009700	23,285035	25,865281	23,131656	23,167160	-2,910899	0,811252	0,973888	153827,878013	-0,203980	3,023776	-0,062946	0,000000	2,030051	-0,124493	-0,124482	14,046834	-0,015313	3,175534	1,799817
271,400000	7,455881	7,487399	0,113844	0,082505	1,872598	-1847,701929	-1566,757766	-1585,681183	-932,093103	-1537,598940	7,801657	957,758857	22,008091	23,285832	25,865884	23,135723	23,174804	-2,910863	0,812969	0,973764	153824,939062	-0,204258	3,023653	-0,062793	0,000000	2,030001	-0,124491	-0,124489	14,064414	-0,015619	3,167662	1,802033
271,600000	7,456130	7,487090	0,113415	0,083808	1,872757	-1846,143698	-1547,295618	-1574,168662	-918,198556	-1523,704393	7,800362	958,421988	22,009534	23,285901	25,863490	23,139224	23,176365	-2,910744	0,813518	0,973686	153811,165998	-0,204251	3,023684	-0,062815	0,000000	2,030407	-0,124488	-0,124498	14,069441	-0,015089	3,168773	1,802745
271,800000	7,456059	7,486898	0,111268	0,084463	1,874384	-1819,411256	-1540,248300	-1564,739866	-907,310447	-1512,816284	7,799277	956,566032	22,013063	23,285653	25,864798	23,138605	23,168502	-2,910833	0,814748	0,974215	153809,185945	-0,203458	3,023959	-0,062922	0,000000	2,030769	-0,124487	-0,124496	14,053022	-0,014229	3,175129	1,800750
272,000000	7,455888	7,486932	0,109980	0,084239	1,874167	-1801,552456	-1544,162431	-1561,996759	-905,439175	-1510,945013	7,798006	954,848790	22,014617	23,285892	25,869096	23,133188	23,159484	-2,910942	0,812777	0,974689	153815,060412	-0,202567	3,024062	-0,063012	0,000000	2,030927	-0,124493	-0,124491	14,038553	-0,014167	3,178979	1,798902
272,200000	7,455812	7,486966	0,110170	0,084065	1,873305	-1803,532324	-1544,597726	-1561,099371	-906,940557	-1512,446395	7,796454	955,394834	22,013384	23,285970	25,869825	23,125824	23,157922	-2,910851	0,806646	0,974716	153820,840207	-0,202693	3,023919	-0,063049	0,000000	2,030846	-0,124495	-0,124488	14,043839	-0,014870	3,178305	1,799490
272,400000	7,455616	7,487120	0,111203	0,083704	1,872829	-1812,029418	-1538,010730	-1557,885649	-905,495971	-1511,001809	7,795009	956,783103	22,010752	23,286523	25,862516	23,122162	23,162703	-2,910768	0,802639	0,974504	153831,553170	-0,202832	3,023865	-0,062944	0,000000	2,029529	-0,124490	-0,124483	14,056043	-0,015429	3,175267	1,800983
272,600000	7,455561	7,487178	0,111678	0,083406	1,872788	-1811,269297	-1530,076511	-1551,626896	-898,856697	-1504,362535	7,793989	956,303775	22,008855	23,287455	25,856307	23,127020	23,166522	-2,910751	0,798819	0,974275	153839,089590	-0,203453	3,023929	-0,062914	0,000000	2,028077	-0,124486	-0,124481	14,052100	-0,015506	3,173923	1,800468
272,800000	7,455691	7,486967	0,111561	0,083548	1,872462	-1801,013365	-1520,772368	-1541,776686	-886,814399	-1492,320236	7,792932	954,985313	22,008578	23,287687	25,860654	23,136805	23,167419	-2,910692	0,797062	0,973882	153833,356410	-0,203950	3,023852	-0,063241	0,000000	2,028623	-0,124483	-0,124483	14,040836	-0,015304	3,174140	1,799049
273,000000	7,455772	7,487048	0,111524	0,084267	1,874302	-1790,654123	-1511,246947	-1531,483086	-874,868515	-1480,374352	7,791474	954,610547	22,009104	23,286815	25,868733	23,143470	23,166858	-2,910626	0,801723	0,973790	153817,900938	-0,203202	3,023575	-0,063445	0,000000	2,031048	-0,124486	-0,124486	14,037446	-0,015059	3,174080	1,798645
273,200000	7,455940	7,487377	0,111255	0,084913	1,876056	-1781,382496	-1511,613268	-1526,577754	-871,836577	-1477,342414	7,789897	953,833884	22,009833	23,284525	25,871033	23,140207	23,164011	-2,910558	0,801971	0,974444	153805,428909	-0,202557	3,023351	-0,063100	0,000000	2,031808	-0,124494	-0,124493	14,030981	-0,015115	3,174788	1,797809
273,400000	7,456094	7,487272	0,111152	0,084259	1,875295	-1776,333532	-1521,391917	-1529,158291	-879,530796	-1485,036633	7,788469	951,828459	22,010171	23,282955	25,867177	23,129260	23,162792	-2,910523	0,797117	0,974875	153803,576562	-0,202702	3,023269	-0,062709	0,000000	2,030395	-0,124500	-0,124492	14,014422	-0,015402	3,174933	1,795648
273,600000	7,455819	7,486814	0,111768	0,083288	1,873679	-1784,476570	-1529,275473	-1536,790707	-891,371537	-1496,877374	7,787203	951,259455	22,013215	23,283296	25,862727	23,122499	23,165006	-2,910715	0,795424	0,974637	153804,714505	-0,202608	3,023195	-0,062826	0,000000	2,029416	-0,124497	-0,124486	14,009569	-0,015332	3,172873	1,795035
273,800000	7,455390	7,486539	0,112552	0,083412	1,873794	-1802,007319	-1532,598987	-1544,062969	-899,041009	-1504,546847	7,785927	953,265083	22,017919	23,284288	25,861702	23,126358	23,164723	-2,911114	0,798675	0,974196	153805,842751	-0,202362	3,023173	-0,063016	0,000000	2,028550	-0,124487	-0,124487	14,025852	-0,014763	3,170488	1,797196
274,000000	7,455388	7,486682	0,112352	0,084034	1,875353	-1811,620917	-1533,698705	-1547,004425	-899,486450	-1504,992287	7,784554	955,057418	22,018583	23,285062	25,862887	23,134440	23,162847	-2,911385	0,809622	0,974347	153802,472837	-0,202518	3,023507	-0,063090	0,000000	2,028561	-0,124483	-0,124491	14,040237	-0,014100	3,171467	1,799126
274,200000	7,455792	7,486961	0,111983	0,084137	1,874582	-1805,774614	-1532,782093	-1547,029660	-897,373603	-1502,879440	7,783226	956,264546	22,014333	23,286542	25,863984	23,138466	23,164184	-2,911258	0,822412	0,975171	153796,776807	-0,202478	3,023955	-0,063220	0,000000	2,030038	-0,124484	-0,124494	14,049781	-0,013517	3,173089	1,800425
274,400000	7,456317	7,487103	0,113283	0,083979	1,873196	-1800,377152	-1533,038006	-1547,372722	-898,114165	-1503,620003	7,781851	958,159971	22,007898	23,287679	25,866269	23,137272	23,167182	-2,910864	0,827321	0,975606	153803,806460	-0,202150	3,024068	-0,063092	0,000000	2,031400	-0,124489	-0,124494	14,065326	-0,013170	3,169567	1,802464
274,600000	7,456640	7,487213	0,114505	0,083859	1,871458	-1810,069727	-1536,893595	-1548,003832	-900,894673	-1506,400510	7,780339	959,487087	22,003879	23,284052	25,872431	23,134343	23,169638	-2,910661	0,826026	0,975367	153816,526864	-0,201854	3,023936	-0,062955	0,000000	2,031254	-0,124496	-0,124487	14,076619	-0,013344	3,166097	1,803890
274,800000	7,456544	7,487321	0,114408	0,083393	1,870431	-1817,980196	-1539,223021	-1548,880894	-902,598171	-1508,104009	7,779060	958,693511	22,004989	23,279763	25,874653	23,133012	23,168343	-2,910609	0,824756	0,975015	153819,482134	-0,201985	3,023685	-0,063115	0,000000	2,029579	-0,124495	-0,124482	14,070330	-0,013704	3,166222	1,803037
275,000000	7,456012	7,487230	0,114281	0,083287	1,869993	-1817,306770	-1540,699817	-1551,609028	-904,480080	-1509,985917	7,778062	956,356299	22,010665	23,280980	25,866146	23,133523	23,162259	-2,910554	0,823474	0,974795	153828,812328	-0,202158	3,023592	-0,063171	0,000000	2,028165	-0,124490	-0,124482	14,050961	-0,013927	3,166347	1,800524
275,200000	7,455202	7,486915	0,114508	0,083846	1,870590	-1824,790338	-1546,487272	-1555,765378	-908,018952	-1513,524789	7,776934	954,722399	22,018240	23,284625	25,857379	23,134395	23,158669	-2,910809	0,821387	0,974709	153845,514254	-0,201936	3,023798	-0,063092	0,000000	2,028348	-0,124490	-0,124481	14,037617	-0,014292	3,165666	1,798766
275,400000	7,454623	7,486690	0,114701	0,084016	1,872021	-1838,738157	-1554,922255	-1561,654080	-912,616542	-1518,122379	7,775574	955,387667	22,020225	23,286785	25,858902	23,134092	23,164117	-2,911121	0,820546	0,974601	153844,479428	-0,202369	3,024055	-0,063086	0,000000	2,029539	-0,124493	-0,124484	14,043897	-0,014988	3,165295	1,799482
275,600000	7,454755	7,486553	0,114060	0,083516	1,873993	-1847,659214	-1564,950925	-1568,936026	-920,757463	-1526,263300	7,774121	957,661170	22,013726	23,286741	25,867428	23,133132	23,174437	-2,911077	0,820531	0,974480	153836,054562	-0,203257	3,024225	-0,062950	0,000000	2,030487	-0,124496	-0,124490	14,063664	-0,015689	3,167335	1,801928
275,800000	7,455453	7,486482	0,112887	0,082688	1,875482	-1851,065068	-1574,230003	-1576,095816	-932,272491	-1537,778328	7,772715	958,346496	22,006489	23,285293	25,872166	23,134207	23,179410	-2,910910	0,820914	0,974554	153831,516354	-0,203156	3,024110	-0,062884	0,000000	2,030363	-0,124496	-0,124495	14,069740	-0,016021	3,170593	1,802664
276,000000	7,455913	7,486521	0,112070	0,082599	1,876761	-1852,964754	-1582,644186	-1584,438431	-941,758911	-1547,264748	7,771343	956,382665	22,006123	23,283564	25,869991	23,137305	23,175737	-2,910861	0,822104	0,974544	153833,569904	-0,202975	3,023808	-0,063091	0,000000	2,029571	-0,124496	-0,124496	14,053279	-0,016024	3,172619	1,800552
276,200000	7,455608	7,486509	0,111725	0,083673	1,877166	-1858,591975	-1596,179924	-1594,519705	-949,690948	-1555,196786	7,769985	954,679314	22,011542	23,283080	25,866651	23,138209	23,167990	-2,910927	0,823470	0,974592	153840,390288	-0,203809	3,023722	-0,063104	0,000000	2,029406	-0,124500	-0,124494	14,038590	-0,015626	3,173478	1,798719
276,400000	7,455131	7,486511	0,111943	0,084355	1,874337	-1868,825407	-1610,134274	-1604,330753	-959,369749	-1564,875586	7,768637	954,501785	22,014227	23,284584	25,863748	23,134611	23,161198	-2,911048	0,823467	0,975232	153840,803882	-0,204296	3,023760	-0,062890	0,000000	2,029859	-0,124500	-0,124491	14,036385	-0,014911	3,172849	1,798528
276,600000	7,454996	7,486614	0,112956	0,083511	1,870774	-1880,076684	-1615,319313	-1611,646561	-967,969386	-1573,475223	7,767349	955,669734	22,011718	23,286998	25,862607	23,130495	23,159950	-2,911143	0,823305	0,975752	153837,833935	-0,203943	3,023890	-0,062727	0,000000	2,029780	-0,124497	-0,124486	14,045864	-0,014589	3,170097	1,799785
276,800000	7,455221	7,486747	0,114282	0,082581	1,870388	-1890,155528	-1614,620596	-1615,769774	-972,248231	-1577,754069	7,766137	957,826403	22,009343	23,288580	25,865193	23,128953	23,165015	-2,911103	0,824401	0,975599	153828,303722	-0,203505	3,024182	-0,062801	0,000000	2,029399	-0,124497	-0,124484	14,064633	-0,015272	3,166689	1,802105
277,000000	7,455761	7,486736	0,113892	0,083015	1,873065	-1893,062250	-1612,670631	-1616,081901	-969,854320	-1575,360157	7,764855	959,181635	22,007926	23,287536	25,869060	23,132105	23,172032	-2,910904	0,824403	0,975246	153818,775247	-0,203122	3,024132	-0,063191	0,000000	2,029290	-0,124495	-0,124488	14,077130	-0,016413	3,167793	1,803562
277,200000	7,456110	7,486720	0,112315	0,083401	1,874244	-1882,035389	-1603,879552	-1611,396982	-959,394611	-1564,900449	7,763629	959,283760	22,008182	23,285827	25,867424	23,139071	23,174606	-2,910846	0,824378	0,974734	153815,372877	-0,202638	3,023857	-0,063234	0,000000	2,029256	-0,124488	-0,124492	14,078072	-0,016501	3,171994	1,803671
277,400000	7,456114	7,486810	0,112097	0,083287	1,872700	-1860,510412	-1587,601440	-1602,951600	-945,500361	-1551,006198	7,762460	958,264786	22,011055	23,285902	25,859974	23,142709	23,169215	-2,910930	0,825977	0,974150	153813,073601	-0,202358	3,023835	-0,062929	0,000000	2,030106	-0,124482	-0,124495	14,068556	-0,015522	3,172545	1,802576
277,600000	7,455933	7,486667	0,112518	0,083866	1,870728	-1841,100430	-1570,624454	-1591,610807	-933,016192	-1538,522029	7,761068	956,994370	22,011445	23,286844	25,858304	23,140840	23,162079	-2,910755	0,827165	0,974032	153814,952279	-0,202480	3,023766	-0,062923	0,000000	2,030839	-0,124486	-0,124494	14,057438	-0,015053	3,171191	1,801210
277,800000	7,455577	7,486440	0,111877	0,084243	1,870016	-1828,312427	-1554,682100	-1577,908670	-921,388569	-1526,894407	7,759342	957,565997	22,009294	23,285714	25,863786	23,135182	23,159954	-2,910569	0,826156	0,974224	153815,212404	-0,202889	3,023615	-0,062789	0,000000	2,030278	-0,124497	-0,124487	14,062610	-0,015432	3,172847	1,801825
278,000000	7,455209	7,486424	0,111919	0,083209	1,869555	-1815,365839	-1541,593887	-1565,859791	-911,786747	-1517,292584	7,757627	958,883322	22,009312	23,283044	25,867008	23,129114	23,161208	-2,910580	0,822927	0,974333	153814,169222	-0,203028	3,023686	-0,062498	0,000000	2,029196	-0,124498	-0,124482	14,074116	-0,015899	3,172858	1,803241
278,200000	7,455013	7,486441	0,113333	0,082285	1,871354	-1809,986274	-1540,014192	-1559,635452	-908,365029	-1513,870866	7,756157	958,346599	22,012144	23,284523	25,864375	23,128390	23,163041	-2,910538	0,820141	0,974594	153818,016778	-0,202284	3,023910	-0,062588	0,000000	2,028440	-0,124489	-0,124480	14,069937	-0,016217	3,169025	1,802664
278,400000	7,455076	7,486413	0,113089	0,082939	1,873461	-1819,560092	-1548,001063	-1558,042933	-908,450573	-1513,956411	7,754738	956,110996	22,015264	23,287818	25,861556	23,134133	23,165258	-2,910600	0,820015	0,975068	153828,957194	-0,201533	3,024116	-0,062847	0,000000	2,028540	-0,124483	-0,124484	14,051306	-0,016329	3,169859	1,800260
278,600000	7,455156	7,486555	0,111837	0,084199	1,874055	-1821,414002	-1550,028170	-1558,167325	-906,378208	-1511,884045	7,753651	955,436050	22,014077	23,286289	25,863954	23,139804	23,167199	-2,910805	0,819672	0,975245	153840,245570	-0,201679	3,024214	-0,063063	0,000000	2,029383	-0,124482	-0,124487	14,045239	-0,015925	3,173628	1,799534
278,800000	7,455295	7,486770	0,111956	0,084825	1,873466	-1811,251858	-1545,852602	-1558,489272	-902,514754	-1508,020591	7,752887	957,455417	22,008636	23,283092	25,869834	23,138261	23,168327	-2,910669	0,815862	0,974878	153838,142919	-0,202778	3,024058	-0,063077	0,000000	2,030995	-0,124490	-0,124489	14,061480	-0,015230	3,173302	1,801706
279,000000	7,455627	7,486841	0,112948	0,084301	1,873917	-1804,787402	-1538,358788	-1555,278007	-897,535825	-1503,041663	7,751745	959,233175	22,005222	23,283149	25,872333	23,131838	23,168483	-2,910355	0,811883	0,974400	153830,994479	-0,204196	3,023700	-0,062840	0,000000	2,031945	-0,124498	-0,124491	14,076087	-0,014939	3,170151	1,803617
279,200000	7,455873	7,486888	0,113301	0,083331	1,875211	-1803,596958	-1528,760583	-1547,830092	-892,798008	-1498,303846	7,750148	958,603111	22,007609	23,284540	25,868494	23,127808	23,166471	-2,910519	0,812034	0,974171	153829,128282	-0,204692	3,023515	-0,062870	0,000000	2,030678	-0,124498	-0,124489	14,070887	-0,015018	3,168912	1,802940
279,400000	7,455849	7,486825	0,112849	0,083068	1,874814	-1806,324042	-1525,602065	-1541,019324	-891,747483	-1497,253321	7,748708	957,156012	22,012197	23,285168	25,862850	23,129120	23,163721	-2,910810	0,815943	0,974457	153825,524248	-0,203789	3,023560	-0,063237	0,000000	2,028610	-0,124498	-0,124490	14,058688	-0,014947	3,170157	1,801384
279,600000	7,455431	7,486688	0,112840	0,083423	1,873426	-1805,663387	-1530,897627	-1540,036833	-893,790386	-1499,296223	7,747451	957,656311	22,014927	23,286582	25,856455	23,133260	23,162588	-2,910743	0,819271	0,975049	153819,291439	-0,202255	3,023550	-0,063427	0,000000	2,028019	-0,124497	-0,124494	14,062616	-0,014681	3,170036	1,801922
279,800000	7,454980	7,486615	0,113480	0,083984	1,871899	-1806,279517	-1540,708173	-1545,013867	-897,973508	-1503,479345	7,745974	959,010727	22,015329	23,288686	25,854625	23,136519	23,165919	-2,910649	0,818481	0,975147	153818,265578	-0,201439	3,023480	-0,063155	0,000000	2,029046	-0,124493	-0,124496	14,073873	-0,014589	3,168073	1,803378
280,000000	7,455156	7,486479	0,114757	0,084336	1,872551	-1818,312653	-1547,981713	-1551,471243	-903,997216	-1509,503053	7,744691	959,391076	22,011180	23,288237	25,862912	23,137341	23,173303	-2,910573	0,816635	0,974598	153826,664394	-0,201800	3,023646	-0,062803	0,000000	2,030088	-0,124491	-0,124494	14,077264	-0,014793	3,164657	1,803787
280,200000	7,455584	7,486390	0,116063	0,084243	1,872828	-1832,494966	-1550,442723	-1556,215016	-909,252699	-1514,758536	7,743775	959,239784	22,004355	23,285162	25,871323	23,137220	23,176952	-2,910499	0,817485	0,974072	153834,040976	-0,202373	3,024047	-0,062898	0,000000	2,030413	-0,124494	-0,124491	14,076312	-0,015109	3,161462	1,803624
280,400000	7,455718	7,486464	0,115624	0,083824	1,871683	-1837,130697	-1553,066304	-1559,522401	-912,898879	-1518,404716	7,742606	959,091412	22,002791	23,282987	25,870335	23,137943	23,173521	-2,910734	0,820101	0,974181	153827,102316	-0,202957	3,024214	-0,063036	0,000000	2,030182	-0,124497	-0,124487	14,075297	-0,015337	3,162920	1,803465
280,600000	7,455846	7,486597	0,114401	0,083426	1,869929	-1829,218842	-1554,946853	-1561,356193	-914,188240	-1519,694078	7,741076	958,190523	22,008838	23,283814	25,864978	23,137542	23,166491	-2,911051	0,822679	0,974446	153815,445369	-0,203373	3,024034	-0,062957	0,000000	2,029231	-0,124495	-0,124490	14,067691	-0,015279	3,166188	1,802497
280,800000	7,455810	7,486779	0,114708	0,083961	1,870517	-1818,364169	-1553,759167	-1560,984062	-911,602434	-1517,108271	7,739504	956,121303	22,015402	23,285598	25,862545	23,135087	23,160860	-2,911030	0,823239	0,974188	153809,155943	-0,202782	3,023858	-0,062977	0,000000	2,028478	-0,124493	-0,124494	14,050244	-0,015181	3,165156	1,800271
281,000000	7,455329	7,487040	0,114779	0,084638	1,872876	-1815,061985	-1556,154462	-1561,238941	-909,645798	-1515,151635	7,738107	954,630286	22,016357	23,285841	25,865029	23,132542	23,161006	-2,910891	0,820715	0,974257	153804,462836	-0,202365	3,023833	-0,063069	0,000000	2,028934	-0,124491	-0,124485	14,037869	-0,015317	3,165048	1,798667
281,200000	7,455112	7,487034	0,114083	0,083694	1,875803	-1816,772852	-1559,713096	-1563,029842	-912,972153	-1518,477991	7,736904	954,466126	22,013005	23,285213	25,869003	23,131673	23,166879	-2,910884	0,818479	0,974723	153802,030386	-0,202908	3,023840	-0,063161	0,000000	2,029779	-0,124489	-0,124476	14,036713	-0,015539	3,167081	1,798490
281,400000	7,455393	7,486593	0,114648	0,082315	1,878027	-1824,133516	-1558,814803	-1565,699296	-918,703133	-1524,208970	7,735644	953,796709	22,009977	23,284590	25,868075	23,133213	23,173845	-2,910872	0,820112	0,974529	153815,737261	-0,203325	3,023762	-0,063061	0,000000	2,029786	-0,124489	-0,124482	14,031291	-0,015737	3,165226	1,797769
281,600000	7,455591	7,486267	0,114569	0,082257	1,877601	-1837,171679	-1562,940024	-1570,179807	-922,874094	-1528,379931	7,734327	952,692378	22,009451	23,284464	25,864322	23,137815	23,177419	-2,910849	0,822784	0,974326	153837,757894	-0,203079	3,023807	-0,062942	0,000000	2,029506	-0,124487	-0,124491	14,022097	-0,015818	3,165337	1,796579
281,800000	7,455636	7,486167	0,113625	0,083145	1,875718	-1840,748387	-1569,790971	-1574,273345	-924,652894	-1530,158731	7,733035	953,334791	22,010541	23,284625	25,863136	23,143169	23,173834	-2,910795	0,824136	0,974654	153839,884617	-0,202826	3,023865	-0,063089	0,000000	2,029779	-0,124491	-0,124492	14,027179	-0,015504	3,168029	1,797271
282,000000	7,455624	7,486159	0,114086	0,083901	1,874490	-1837,905101	-1572,513540	-1577,051276	-926,437541	-1531,943379	7,731554	954,713759	22,012860	23,284723	25,863576	23,141600	23,165370	-2,910772	0,824287	0,974516	153823,571681	-0,203183	3,023695	-0,063060	0,000000	2,030523	-0,124495	-0,124491	14,038274	-0,015021	3,166539	1,798756
282,200000	7,455458	7,486511	0,114246	0,083921	1,875563	-1845,630283	-1577,070345	-1579,088447	-930,977284	-1536,483121	7,730142	954,162402	22,013333	23,285040	25,865008	23,132583	23,162056	-2,910684	0,823324	0,974084	153811,012859	-0,203279	3,023883	-0,062829	0,000000	2,031031	-0,124494	-0,124488	14,033962	-0,015337	3,166424	1,798163
282,400000	7,455350	7,486962	0,113981	0,083566	1,876436	-1853,365265	-1579,467286	-1580,277000	-935,806421	-1541,312258	7,728938	952,718284	22,010727	23,285207	25,865517	23,126674	23,165430	-2,910595	0,822174	0,974502	153815,893828	-0,202496	3,024387	-0,062875	0,000000	2,030193	-0,124490	-0,124484	14,022778	-0,016282	3,167880	1,796607
282,600000	7,455445	7,487094	0,114613	0,082872	1,875625	-1855,420259	-1579,964176	-1582,154513	-938,179751	-1543,685589	7,727637	953,159810	22,008127	23,285075	25,861184	23,128553	23,170067	-2,910744	0,819565	0,974936	153824,645038	-0,201892	3,024355	-0,063165	0,000000	2,028883	-0,124489	-0,124486	14,026907	-0,016702	3,166054	1,797083
282,800000	7,455479	7,486880	0,114314	0,082173	1,874283	-1858,935556	-1585,616629	-1584,111257	-938,094204	-1543,600041	7,726368	954,509779	22,007427	23,286444	25,855386	23,134404	23,172315	-2,910775	0,817406	0,974628	153825,171737	-0,202142	3,024074	-0,063264	0,000000	2,028852	-0,124491	-0,124487	14,038040	-0,016500	3,166452	1,798537
283,000000	7,455477	7,486379	0,113301	0,082734	1,873285	-1855,567921	-1586,749606	-1584,059357	-934,918026	-1540,423863	7,725069	954,952625	22,008303	23,288257	25,856539	23,141808	23,170358	-2,910650	0,817809	0,974310	153823,947602	-0,202255	3,024065	-0,062951	0,000000	2,030127	-0,124492	-0,124488	14,041346	-0,016088	3,169131	1,799014
283,200000	7,455585	7,486131	0,113341	0,084066	1,873172	-1843,557255	-1580,363743	-1583,513400	-931,615381	-1537,121219	7,723469	955,759299	22,007901	23,286427	25,865601	23,146270	23,166879	-2,910613	0,818854	0,974075	153821,893371	-0,202333	3,024077	-0,062624	0,000000	2,031162	-0,124491	-0,124490	14,047805	-0,015778	3,169052	1,799882
283,400000	7,455600	7,486355	0,114028	0,084495	1,875556	-1834,109040	-1573,774292	-1582,051729	-929,617375	-1535,123212	7,721962	956,861804	22,006029	23,283375	25,873443	23,143022	23,165344	-2,910610	0,819518	0,974007	153827,110417	-0,203029	3,024020	-0,062605	0,000000	2,031009	-0,124492	-0,124486	14,056961	-0,015688	3,167239	1,801068
283,600000	7,455475	7,486609	0,115016	0,083689	1,876802	-1829,246940	-1561,418662	-1574,261739	-922,475840	-1527,981677	7,720714	956,252033	22,007529	23,282808	25,874717	23,135244	23,166430	-2,910768	0,820077	0,974457	153834,072735	-0,202976	3,023923	-0,062741	0,000000	2,029986	-0,124498	-0,124484	14,051663	-0,015503	3,164445	1,800412
283,800000	7,455299	7,486654	0,115040	0,082984	1,876325	-1822,098773	-1543,011299	-1560,548408	-908,715334	-1514,221171	7,719381	954,968553	22,013157	23,283819	25,869127	23,131442	23,167389	-2,911013	0,820231	0,975097	153823,681341	-0,201896	3,023878	-0,062927	0,000000	2,028581	-0,124500	-0,124487	14,040495	-0,015103	3,164275	1,799031
284,000000	7,455010	7,486495	0,113213	0,083368	1,875415	-1806,929753	-1528,525692	-1546,547301	-893,867740	-1499,373578	7,718024	954,630655	22,016058	23,285259	25,861414	23,134238	23,166087	-2,911003	0,818745	0,975012	153818,673699	-0,201279	3,023838	-0,063092	0,000000	2,027683	-0,124496	-0,124490	14,037405	-0,014850	3,169270	1,798667
284,200000	7,454771	7,486322	0,112985	0,084137	1,875973	-1788,047819	-1521,539312	-1537,517731	-882,860115	-1488,365952	7,716706	954,731433	22,012498	23,285941	25,861520	23,137926	23,165955	-2,910830	0,816805	0,974217	153827,434467	-0,201754	3,023752	-0,063095	0,000000	2,028419	-0,124489	-0,124493	14,038451	-0,015049	3,169761	1,798775
284,400000	7,454924	7,486325	0,114768	0,084521	1,876589	-1781,678722	-1525,489831	-1535,508283	-880,094903	-1485,600740	7,715528	954,819638	22,005925	23,287192	25,868501	23,138987	23,169215	-2,910750	0,816734	0,973740	153825,452802	-0,202434	3,023800	-0,062955	0,000000	2,030468	-0,124484	-0,124496	14,039442	-0,015300	3,164800	1,798870
284,600000	7,455288	7,486654	0,115590	0,084374	1,875159	-1791,020265	-1532,353822	-1534,867125	-884,207916	-1489,713753	7,714569	954,835554	22,002328	23,287730	25,874045	23,137228	23,172228	-2,910813	0,818324	0,973736	153817,398175	-0,202565	3,023855	-0,062871	0,000000	2,031271	-0,124488	-0,124496	14,039603	-0,015328	3,162700	1,798888
284,800000	7,455220	7,486935	0,115893	0,083934	1,873384	-1798,942487	-1529,062626	-1532,496341	-887,978917	-1493,484754	7,713299	955,704825	22,002295	23,283831	25,873397	23,134323	23,171780	-2,910750	0,818940	0,974022	153812,580960	-0,202328	3,023647	-0,062854	0,000000	2,030058	-0,124496	-0,124496	14,046886	-0,015317	3,161764	1,799823
285,000000	7,454815	7,486624	0,115634	0,083809	1,873731	-1797,048971	-1524,877140	-1532,378721	-888,382649	-1493,888486	7,711615	956,914263	22,004392	23,280450	25,866647	23,132588	23,166888	-2,910580	0,818286	0,974475	153820,804410	-0,202142	3,023416	-0,062889	0,000000	2,028693	-0,124500	-0,124497	14,056963	-0,015250	3,162107	1,801124
285,200000	7,454576	7,486043	0,115180	0,083873	1,876223	-1793,882852	-1525,934698	-1534,647380	-886,580448	-1492,086285	7,710035	956,296077	22,011283	23,282838	25,859001	23,132979	23,159786	-2,910721	0,818061	0,975005	153836,412908	-0,202528	3,023683	-0,063139	0,000000	2,028180	-0,124498	-0,124496	14,051843	-0,015314	3,163350	1,800459
285,400000	7,454639	7,485721	0,115601	0,083750	1,875768	-1793,620028	-1525,726428	-1536,018932	-883,532115	-1489,037953	7,708830	954,935432	22,017851	23,286293	25,857330	23,134936	23,158068	-2,910923	0,817684	0,975443	153839,343565	-0,202916	3,024094	-0,063376	0,000000	2,028709	-0,124493	-0,124489	14,040561	-0,015448	3,162410	1,798995
285,600000	7,455019	7,485985	0,115006	0,083860	1,874528	-1792,520804	-1524,208605	-1535,472274	-882,232667	-1487,738504	7,707978	955,463272	22,015536	23,285613	25,864295	23,136201	23,165379	-2,910899	0,817425	0,975301	153837,315099	-0,202841	3,024229	-0,063309	0,000000	2,029620	-0,124492	-0,124481	14,044812	-0,015269	3,164417	1,799563
285,800000	7,455299	7,486623	0,114006	0,083893	1,874113	-1787,296678	-1525,111334	-1536,334956	-885,752961	-1491,258798	7,706847	958,619273	22,006442	23,284024	25,872101	23,138948	23,174478	-2,910834	0,817951	0,974883	153835,036301	-0,202556	3,024173	-0,063061	0,000000	2,030255	-0,124495	-0,124479	14,070843	-0,014839	3,167540	1,802957
286,000000	7,455192	7,486847	0,114234	0,083843	1,873681	-1790,049994	-1537,928937	-1543,646656	-895,639243	-1501,145080	7,705055	962,352654	22,000820	23,284862	25,872622	23,143353	23,175765	-2,910842	0,817960	0,974693	153838,731142	-0,202832	3,023915	-0,062918	0,000000	2,030312	-0,124494	-0,124485	14,101882	-0,014623	3,166703	1,806967
286,200000	7,454974	7,486564	0,115125	0,084719	1,872694	-1814,864085	-1557,523765	-1553,713732	-907,965213	-1513,471050	7,703429	963,107053	22,003285	23,285406	25,867892	23,145362	23,168716	-2,910852	0,817399	0,974539	153848,392513	-0,203449	3,023599	-0,063081	0,000000	2,029892	-0,124491	-0,124489	14,108255	-0,014686	3,163679	1,807776
286,400000	7,454957	7,486380	0,116392	0,085509	1,873572	-1839,068286	-1561,126717	-1558,992316	-913,136315	-1518,642152	7,702308	960,920065	22,007909	23,284464	25,862931	23,143914	23,159296	-2,910749	0,817563	0,974214	153846,523941	-0,203274	3,023447	-0,063197	0,000000	2,029585	-0,124490	-0,124490	14,089697	-0,014424	3,159818	1,805429
286,600000	7,455063	7,486472	0,116231	0,084703	1,874486	-1836,455533	-1551,835508	-1558,528875	-909,981167	-1515,487005	7,701133	959,106710	22,010059	23,284830	25,861498	23,138129	23,153911	-2,910774	0,817667	0,974380	153837,350946	-0,203031	3,023724	-0,062850	0,000000	2,029445	-0,124494	-0,124492	14,074174	-0,014086	3,160579	1,803481
286,800000	7,455040	7,486640	0,114618	0,083287	1,873492	-1818,492748	-1548,230127	-1557,113521	-907,770236	-1513,276073	7,699895	958,825641	22,010027	23,286260	25,862910	23,131915	23,157334	-2,910941	0,815764	0,974678	153826,545884	-0,203091	3,024178	-0,062572	0,000000	2,029398	-0,124500	-0,124490	14,072072	-0,014338	3,165689	1,803179
287,000000	7,455002	7,486765	0,113591	0,083430	1,872058	-1810,630814	-1553,533164	-1560,091434	-911,325402	-1516,831239	7,698584	959,041024	22,009092	23,286000	25,863169	23,132557	23,167176	-2,910968	0,813049	0,974568	153824,407884	-0,202938	3,024381	-0,062966	0,000000	2,029028	-0,124498	-0,124486	14,074335	-0,014797	3,168874	1,803411
287,200000	7,455135	7,486833	0,113437	0,084277	1,871933	-1814,519814	-1558,279138	-1563,905886	-913,765822	-1519,271660	7,697097	959,176387	22,007981	23,285234	25,864263	23,139663	23,174966	-2,910903	0,812942	0,974787	153832,648552	-0,202557	3,024376	-0,063282	0,000000	2,028714	-0,124492	-0,124486	14,075583	-0,014911	3,169355	1,803556
287,400000	7,455353	7,486874	0,113789	0,083605	1,874027	-1813,840487	-1554,814191	-1563,563319	-910,281068	-1515,786906	7,695846	959,184944	22,008481	23,285598	25,865662	23,145890	23,173910	-2,910901	0,816281	0,975164	153827,449244	-0,202569	3,024144	-0,063057	0,000000	2,029283	-0,124490	-0,124488	14,075601	-0,014857	3,168134	1,803565
287,600000	7,455229	7,486801	0,114423	0,083288	1,875106	-1811,602156	-1546,193135	-1560,133008	-905,060175	-1510,566013	7,694800	959,141844	22,010186	23,286040	25,864801	23,145837	23,167237	-2,910913	0,820774	0,975287	153815,344464	-0,203381	3,023853	-0,062943	0,000000	2,030485	-0,124491	-0,124491	14,075363	-0,014980	3,165987	1,803519
287,800000	7,454742	7,486716	0,114979	0,084667	1,875154	-1813,674470	-1534,935352	-1553,156374	-899,728581	-1505,234418	7,693493	959,107479	22,009990	23,285670	25,866142	23,139599	23,163891	-2,910827	0,823349	0,975055	153811,210791	-0,204172	3,023791	-0,063086	0,000000	2,031280	-0,124496	-0,124493	14,075272	-0,015177	3,164329	1,803482
288,000000	7,454630	7,486650	0,114565	0,085111	1,874914	-1803,158927	-1525,011457	-1544,651112	-893,161517	-1498,667354	7,692147	959,091162	22,008570	23,283787	25,865957	23,131102	23,166050	-2,910807	0,823801	0,974667	153811,344910	-0,204117	3,023808	-0,063207	0,000000	2,030735	-0,124498	-0,124490	14,075284	-0,015326	3,165518	1,803465
288,200000	7,454993	7,486373	0,113938	0,083917	1,874658	-1786,615232	-1528,315762	-1540,936706	-890,519862	-1496,025699	7,690974	959,975619	22,009171	23,282723	25,857909	23,127215	23,169703	-2,910907	0,824445	0,974274	153815,855832	-0,203248	3,023695	-0,063115	0,000000	2,029068	-0,124495	-0,124482	14,082724	-0,015359	3,167002	1,804415
288,400000	7,455176	7,486137	0,114195	0,083273	1,873370	-1795,073925	-1546,257902	-1544,423351	-896,759237	-1502,265074	7,689593	962,089164	22,012469	23,285608	25,852573	23,132733	23,171643	-2,910944	0,825765	0,974155	153817,036776	-0,202365	3,023698	-0,062875	0,000000	2,028282	-0,124490	-0,124480	14,100306	-0,015250	3,166098	1,806684
288,600000	7,454974	7,486250	0,114136	0,083849	1,871645	-1820,623644	-1562,494466	-1551,321943	-907,139589	-1512,645426	7,688028	962,703080	22,013263	23,288489	25,858081	23,142020	23,171178	-2,910845	0,826409	0,974856	153813,992259	-0,201872	3,023906	-0,062730	0,000000	2,028734	-0,124486	-0,124491	14,105345	-0,015155	3,166554	1,807342
288,800000	7,454770	7,486480	0,113840	0,084317	1,870361	-1832,732175	-1564,770132	-1557,111788	-913,735198	-1519,241035	7,686578	960,758389	22,008606	23,287254	25,865966	23,143962	23,169679	-2,910781	0,826551	0,975466	153818,879644	-0,202086	3,024041	-0,062807	0,000000	2,029511	-0,124486	-0,124506	14,088931	-0,015011	3,167720	1,805255
289,000000	7,454862	7,486647	0,114009	0,083811	1,870838	-1825,076744	-1557,746912	-1560,258366	-913,480194	-1518,986031	7,685192	959,049967	22,003186	23,284810	25,872212	23,138799	23,168304	-2,910694	0,826052	0,974585	153826,421266	-0,203106	3,023971	-0,062929	0,000000	2,030914	-0,124489	-0,124510	14,074461	-0,014848	3,167321	1,803420
289,200000	7,455089	7,486696	0,114085	0,083323	1,872407	-1813,691778	-1548,524824	-1558,848118	-908,993122	-1514,498959	7,683759	958,806501	22,002800	23,284215	25,875818	23,134500	23,166354	-2,910471	0,825056	0,973248	153827,678923	-0,202897	3,023677	-0,062814	0,000000	2,030982	-0,124491	-0,124501	14,072328	-0,014755	3,166862	1,803159
289,400000	7,455192	7,486631	0,114314	0,083711	1,875271	-1806,151587	-1534,905242	-1551,828000	-900,835787	-1506,341624	7,682531	959,041334	22,008819	23,283639	25,870686	23,133322	23,164497	-2,910519	0,824457	0,973528	153831,391518	-0,201948	3,023623	-0,062831	0,000000	2,029237	-0,124490	-0,124490	14,074373	-0,014833	3,166080	1,803411
289,600000	7,455209	7,486496	0,113681	0,084267	1,877107	-1795,790199	-1523,158940	-1543,142840	-890,023984	-1495,529821	7,681565	959,142039	22,015444	23,283654	25,857892	23,134619	23,163443	-2,910923	0,823736	0,974666	153794,175863	-0,202438	3,023983	-0,063098	0,000000	2,027999	-0,124493	-0,124484	14,075547	-0,015162	3,168070	1,803519
289,800000	7,455179	7,486286	0,112177	0,084218	1,876467	-1786,524112	-1521,577633	-1537,373647	-883,584212	-1489,090049	7,680504	959,093796	22,017505	23,286774	25,850801	23,136625	23,164898	-2,911225	0,824003	0,974938	153686,973791	-0,202773	3,024018	-0,063077	0,000000	2,028406	-0,124496	-0,124484	14,075580	-0,015600	3,172207	1,803467
290,000000	7,455007	7,486306	0,112663	0,083872	1,874447	-1784,532574	-1522,832979	-1535,328223	-883,116464	-1488,622301	7,679082	959,014717	22,015094	23,288725	25,857806	23,137314	23,170388	-2,911218	0,825338	0,974641	153626,774396	-0,202193	3,023763	-0,062911	0,000000	2,029726	-0,124493	-0,124489	14,075362	-0,016045	3,170612	1,803382
290,200000	7,454833	7,486563	0,114444	0,083948	1,873111	-1788,371890	-1524,525326	-1535,381508	-885,461041	-1490,966879	7,677521	958,996000	22,008427	23,286879	25,867539	23,136342	23,175613	-2,910917	0,827232	0,974460	153688,861383	-0,201527	3,023865	-0,062782	0,000000	2,030085	-0,124489	-0,124494	14,075276	-0,016115	3,165872	1,803362
290,400000	7,454867	7,486622	0,115002	0,084179	1,874062	-1793,396323	-1530,265916	-1537,160555	-889,433109	-1494,938946	7,676098	958,173283	22,003063	23,284389	25,868870	23,135238	23,176410	-2,910580	0,828198	0,974681	153783,241810	-0,201581	3,023997	-0,062657	0,000000	2,029531	-0,124491	-0,124497	14,067869	-0,015601	3,164487	1,802478
290,600000	7,455069	7,486415	0,114666	0,084010	1,873264	-1799,328465	-1537,989578	-1541,648759	-894,265488	-1499,771325	7,674734	957,042171	22,006424	23,283649	25,864940	23,136016	23,171640	-2,910541	0,824847	0,975098	153821,450797	-0,202503	3,023788	-0,062851	0,000000	2,029520	-0,124495	-0,124498	14,057731	-0,014945	3,165111	1,801262
290,800000	7,455063	7,486369	0,114550	0,083959	1,871311	-1807,729863	-1545,389090	-1548,215483	-900,160076	-1505,665914	7,673571	957,680313	22,014309	23,284916	25,863098	23,136053	23,163044	-2,910706	0,818713	0,975042	153814,981080	-0,202771	3,023646	-0,063010	0,000000	2,029518	-0,124498	-0,124496	14,062853	-0,014717	3,165241	1,801948
291,000000	7,454833	7,486686	0,114419	0,084524	1,869865	-1815,727958	-1552,650440	-1555,576398	-906,450124	-1511,955961	7,672589	958,978995	22,016944	23,286597	25,862950	23,134012	23,157688	-2,910875	0,813312	0,974692	153807,793293	-0,202586	3,023805	-0,062868	0,000000	2,028793	-0,124495	-0,124490	14,074148	-0,015129	3,165880	1,803344
291,200000	7,454813	7,486830	0,114170	0,084799	1,869928	-1818,913514	-1555,134304	-1560,878602	-910,788351	-1516,294188	7,671312	959,274211	22,012579	23,286542	25,860947	23,132714	23,159001	-2,910973	0,811706	0,974485	153808,887347	-0,202537	3,024093	-0,062942	0,000000	2,028553	-0,124492	-0,124486	14,077319	-0,015827	3,166921	1,803661
291,400000	7,455016	7,486630	0,114563	0,084035	1,870327	-1814,826831	-1549,421475	-1562,541081	-911,482073	-1516,987910	7,669753	959,975861	22,007065	23,284925	25,860228	23,134233	23,165296	-2,911021	0,814171	0,974370	153809,557619	-0,203124	3,024017	-0,063113	0,000000	2,029030	-0,124489	-0,124484	14,083696	-0,016328	3,165659	1,804415
291,600000	7,455103	7,486535	0,115284	0,083613	1,872818	-1813,195573	-1542,972803	-1561,412234	-908,986015	-1514,491853	7,668298	961,957206	22,004732	23,283497	25,863033	23,138745	23,173945	-2,910950	0,816745	0,974201	153811,070513	-0,204664	3,023572	-0,063073	0,000000	2,029205	-0,124486	-0,124487	14,100266	-0,016315	3,163156	1,806542
291,800000	7,454869	7,486569	0,115337	0,084506	1,875196	-1818,071105	-1542,553704	-1558,679640	-906,237124	-1511,742961	7,666912	962,632060	22,006730	23,282821	25,866823	23,143347	23,176780	-2,910817	0,818318	0,974251	153816,466585	-0,205299	3,023449	-0,063232	0,000000	2,029545	-0,124487	-0,124491	14,105141	-0,015544	3,162939	1,807266
292,000000	7,454569	7,486544	0,114617	0,085023	1,875142	-1823,834743	-1548,197914	-1557,624966	-906,771396	-1512,277233	7,665406	960,810979	22,010544	23,283823	25,867219	23,143608	23,170364	-2,910818	0,819888	0,974505	153817,431225	-0,204207	3,023544	-0,063462	0,000000	2,030167	-0,124490	-0,124497	14,088863	-0,014503	3,165066	1,805312
292,200000	7,454395	7,486546	0,114647	0,084641	1,873297	-1825,444076	-1553,692050	-1559,884788	-910,884751	-1516,390588	7,663894	959,983230	22,011878	23,286085	25,863051	23,138296	23,162601	-2,910869	0,820967	0,974603	153813,360870	-0,203348	3,023541	-0,063306	0,000000	2,030430	-0,124492	-0,124504	14,081893	-0,014464	3,164910	1,804423
292,400000	7,454279	7,486618	0,114860	0,084606	1,871755	-1826,702834	-1560,754781	-1565,056658	-917,220181	-1522,726019	7,662593	961,737074	22,010453	23,286951	25,859556	23,131144	23,160101	-2,910928	0,820831	0,974829	153823,364172	-0,203809	3,023492	-0,063059	0,000000	2,030452	-0,124495	-0,124503	14,097340	-0,015230	3,164234	1,806306
292,600000	7,454463	7,486678	0,113950	0,084718	1,872745	-1834,421615	-1573,688738	-1572,134447	-925,427721	-1530,933558	7,661417	963,414643	22,008168	23,285587	25,858926	23,127127	23,163794	-2,910990	0,820420	0,975113	153839,754460	-0,203941	3,023422	-0,063057	0,000000	2,029383	-0,124495	-0,124492	14,111830	-0,015689	3,166776	1,808106
292,800000	7,454908	7,486679	0,113550	0,084153	1,872733	-1844,605325	-1585,280198	-1579,454917	-933,439034	-1538,944871	7,660258	963,691270	22,008039	23,285026	25,861319	23,129831	23,169280	-2,910981	0,819995	0,974893	153837,829650	-0,203432	3,023580	-0,063233	0,000000	2,028156	-0,124493	-0,124485	14,114159	-0,015706	3,168111	1,808402
293,000000	7,454996	7,486627	0,113803	0,083520	1,872227	-1855,173474	-1591,163250	-1584,498458	-937,313142	-1542,818979	7,659176	962,613266	22,011031	23,287735	25,864330	23,138097	23,171541	-2,910935	0,820050	0,974336	153833,532102	-0,203252	3,023867	-0,063132	0,000000	2,028774	-0,124491	-0,124489	14,104766	-0,015326	3,167676	1,807246
293,200000	7,454672	7,486485	0,113333	0,083987	1,871069	-1854,455749	-1590,610596	-1586,771313	-937,590447	-1543,096285	7,658117	960,416895	22,013175	23,288846	25,864742	23,145986	23,170869	-2,910961	0,821248	0,974396	153835,297692	-0,203460	3,023931	-0,062753	0,000000	2,030673	-0,124489	-0,124493	14,086004	-0,014943	3,169020	1,804889
293,400000	7,454520	7,486428	0,112183	0,084757	1,869678	-1843,142292	-1588,228569	-1588,843520	-939,856597	-1545,362435	7,656778	959,796736	22,010936	23,285147	25,865549	23,146840	23,168197	-2,910880	0,822458	0,975069	153826,520143	-0,203621	3,023892	-0,062569	0,000000	2,031468	-0,124494	-0,124488	14,080910	-0,015042	3,172286	1,804223
293,600000	7,454727	7,486515	0,112802	0,084370	1,868725	-1841,620795	-1585,913208	-1591,788172	-945,257082	-1550,762920	7,655117	961,737502	22,006818	23,282535	25,863583	23,139353	23,165565	-2,910628	0,823645	0,975307	153813,719424	-0,203179	3,023915	-0,062480	0,000000	2,030740	-0,124498	-0,124484	14,097536	-0,015423	3,170584	1,806306
293,800000	7,455016	7,486368	0,114451	0,083344	1,869770	-1852,275909	-1584,331634	-1596,034388	-951,580388	-1557,086226	7,653674	963,436752	22,007940	23,283899	25,858603	23,131700	23,166666	-2,910494	0,824504	0,975124	153808,382412	-0,203157	3,023902	-0,062520	0,000000	2,029527	-0,124495	-0,124485	14,112095	-0,015769	3,165755	1,808129
294,000000	7,455129	7,486130	0,113869	0,083136	1,871745	-1861,040805	-1581,993381	-1597,779205	-954,105605	-1559,611443	7,652552	963,697530	22,013867	23,285140	25,857018	23,131261	23,168613	-2,910568	0,823516	0,974997	153815,171334	-0,203751	3,023843	-0,062783	0,000000	2,027779	-0,124488	-0,124487	14,114219	-0,015713	3,167228	1,808409
294,200000	7,454987	7,486118	0,113095	0,083893	1,872874	-1855,683505	-1570,489521	-1593,118355	-946,850544	-1552,356381	7,651351	963,497153	22,015962	23,284700	25,857820	23,136322	23,168299	-2,910762	0,820122	0,974855	153824,271324	-0,204400	3,023795	-0,062842	0,000000	2,027415	-0,124483	-0,124488	14,112153	-0,015322	3,169388	1,808194
294,400000	7,454801	7,486193	0,113105	0,084841	1,872501	-1843,152623	-1557,244163	-1583,715037	-931,892556	-1537,398393	7,650031	962,471176	22,012358	23,285822	25,859792	23,140517	23,170191	-2,910912	0,815571	0,974797	153820,588025	-0,205203	3,023826	-0,062775	0,000000	2,029589	-0,124484	-0,124488	14,103556	-0,015305	3,169431	1,807094
294,600000	7,454830	7,486178	0,112667	0,085192	1,872059	-1824,901190	-1547,011136	-1572,221453	-916,496898	-1522,002735	7,648619	960,334694	22,008573	23,287905	25,865462	23,139876	23,173269	-2,911055	0,811311	0,974908	153813,111051	-0,204860	3,023882	-0,062880	0,000000	2,031820	-0,124489	-0,124491	14,085950	-0,015577	3,170768	1,804800
294,800000	7,454974	7,486130	0,112062	0,084388	1,872447	-1802,222167	-1537,725844	-1562,936843	-907,275861	-1512,781698	7,647210	958,868549	22,006676	23,286282	25,873017	23,136337	23,172683	-2,911094	0,808141	0,975032	153809,756993	-0,203356	3,023875	-0,062909	0,000000	2,031469	-0,124494	-0,124497	14,073710	-0,015616	3,172567	1,803225
295,000000	7,455065	7,486030	0,111563	0,083430	1,872048	-1796,419359	-1533,812926	-1557,364377	-904,620907	-1510,126744	7,645955	959,649623	22,005586	23,281586	25,872167	23,134475	23,169268	-2,910907	0,806039	0,975191	153808,621146	-0,202592	3,023957	-0,062874	0,000000	2,029559	-0,124496	-0,124499	14,080051	-0,015416	3,174084	1,804065
295,200000	7,454863	7,485920	0,111588	0,083730	1,871124	-1806,940100	-1535,329876	-1554,363596	-903,699210	-1509,205047	7,644676	962,028369	22,008369	23,279865	25,863770	23,135778	23,164455	-2,910900	0,805228	0,974994	153810,605993	-0,203350	3,024105	-0,062962	0,000000	2,028667	-0,124494	-0,124493	14,099626	-0,015079	3,174053	1,806619
295,400000	7,454267	7,486133	0,111349	0,084526	1,870441	-1815,907481	-1540,173553	-1553,631143	-902,732008	-1508,237846	7,643510	963,639455	22,014955	23,283039	25,859145	23,137933	23,160063	-2,911076	0,804933	0,974227	153824,828073	-0,204044	3,023997	-0,062901	0,000000	2,029066	-0,124491	-0,124491	14,113035	-0,015015	3,174620	1,808347
295,600000	7,454025	7,486489	0,111198	0,085286	1,870197	-1814,665621	-1540,134153	-1552,598910	-900,861770	-1506,367607	7,642408	961,942922	22,017015	23,285875	25,859827	23,137924	23,161625	-2,910974	0,804483	0,974058	153844,100185	-0,203537	3,023810	-0,062733	0,000000	2,029766	-0,124490	-0,124493	14,099322	-0,015490	3,174966	1,806527
295,800000	7,454367	7,486695	0,112189	0,085584	1,868814	-1808,098426	-1531,136616	-1548,796461	-896,787121	-1502,292958	7,640865	957,414261	22,010492	23,285831	25,864377	23,136068	23,170633	-2,910715	0,807046	0,974680	153846,042536	-0,203036	3,023946	-0,062869	0,000000	2,030311	-0,124492	-0,124487	14,061961	-0,016055	3,172405	1,801662
296,000000	7,454799	7,486699	0,112842	0,084220	1,868077	-1798,585123	-1523,711424	-1543,514920	-891,964363	-1497,470200	7,639264	954,300901	22,002991	23,285386	25,868484	23,137238	23,177769	-2,910672	0,812460	0,975098	153833,497167	-0,203144	3,024113	-0,063192	0,000000	2,030668	-0,124494	-0,124486	14,036005	-0,016218	3,170767	1,798312
296,200000	7,455227	7,486450	0,112414	0,083510	1,868231	-1786,155267	-1524,200785	-1540,481752	-889,802108	-1495,307945	7,637899	954,935534	22,003259	23,285723	25,866689	23,142758	23,175953	-2,910771	0,816836	0,975327	153824,189309	-0,203316	3,024001	-0,063311	0,000000	2,030371	-0,124495	-0,124496	14,041147	-0,016033	3,171754	1,798995
296,400000	7,455255	7,486294	0,112222	0,084622	1,870202	-1787,066817	-1529,736715	-1541,271404	-892,023396	-1497,529234	7,636448	956,689555	22,008168	23,286007	25,862971	23,145940	23,167912	-2,910843	0,819768	0,975404	153825,551617	-0,203279	3,023968	-0,063182	0,000000	2,029809	-0,124497	-0,124499	14,055547	-0,015718	3,172166	1,800883
296,600000	7,454871	7,486349	0,111933	0,084896	1,872826	-1801,814190	-1538,578814	-1545,492574	-897,729523	-1503,235360	7,635133	956,364571	22,011238	23,285401	25,861972	23,141274	23,159494	-2,910836	0,822198	0,975262	153827,940578	-0,203232	3,024194	-0,063025	0,000000	2,029469	-0,124498	-0,124492	14,052444	-0,015340	3,173244	1,800533
296,800000	7,454644	7,486431	0,110887	0,084083	1,875411	-1808,333842	-1544,603516	-1551,263176	-903,622737	-1509,128574	7,633994	954,997231	22,012352	23,284576	25,865089	23,132738	23,157869	-2,910795	0,823734	0,975543	153824,039798	-0,203068	3,024296	-0,062900	0,000000	2,028610	-0,124496	-0,124487	14,041060	-0,015428	3,176412	1,799062
297,000000	7,454709	7,486514	0,110783	0,084017	1,874998	-1803,152955	-1541,627183	-1555,551175	-906,662816	-1512,168654	7,632791	954,477944	22,011770	23,284390	25,868469	23,128085	23,165595	-2,910937	0,825340	0,975841	153830,499629	-0,202848	3,024165	-0,062900	0,000000	2,028327	-0,124494	-0,124488	14,037461	-0,016188	3,176642	1,798502
297,200000	7,454824	7,486502	0,112022	0,085034	1,871791	-1804,345757	-1536,124058	-1556,533272	-906,232164	-1511,738001	7,631458	954,517638	22,009865	23,284521	25,866438	23,132839	23,174329	-2,911062	0,827362	0,975044	153843,121265	-0,203025	3,023931	-0,063035	0,000000	2,028876	-0,124495	-0,124492	14,038360	-0,016754	3,172830	1,798545
297,400000	7,454838	7,486348	0,112687	0,085423	1,870032	-1811,492523	-1534,550280	-1554,908671	-902,811112	-1508,316949	7,630150	955,533882	22,007881	23,284708	25,865842	23,144694	23,175726	-2,910956	0,827443	0,974072	153829,400187	-0,203593	3,023668	-0,063031	0,000000	2,029133	-0,124496	-0,124492	14,046815	-0,016679	3,170589	1,799639
297,600000	7,454819	7,486085	0,111886	0,084880	1,869967	-1812,451557	-1536,492513	-1553,733996	-899,959041	-1505,464878	7,629128	957,694870	22,007601	23,284495	25,868176	23,151021	23,172090	-2,910812	0,826048	0,974110	153805,299663	-0,203882	3,023671	-0,063002	0,000000	2,030231	-0,124494	-0,124491	14,064597	-0,016339	3,172806	1,801964
297,800000	7,454700	7,485940	0,111176	0,085019	1,871418	-1813,611977	-1540,716637	-1555,136405	-901,707349	-1507,213186	7,627989	958,309429	22,009989	23,283636	25,867459	23,146955	23,168554	-2,910573	0,824666	0,974474	153803,012142	-0,203936	3,023825	-0,063151	0,000000	2,031237	-0,124491	-0,124491	14,069513	-0,016104	3,174944	1,802624
298,000000	7,454490	7,486123	0,111265	0,085197	1,870542	-1821,189380	-1549,638682	-1560,673835	-909,574191	-1515,080029	7,626543	956,329927	22,011325	23,282372	25,866646	23,139118	23,166968	-2,910544	0,823290	0,974553	153810,687381	-0,204187	3,024014	-0,063141	0,000000	2,030529	-0,124492	-0,124491	14,053013	-0,016200	3,174962	1,800496
298,200000	7,454272	7,486284	0,111287	0,084261	1,868697	-1831,753259	-1562,843898	-1569,900978	-921,609813	-1527,115650	7,625110	954,560400	22,010750	23,281306	25,863646	23,131356	23,167908	-2,911006	0,822121	0,974502	153815,411104	-0,204001	3,024250	-0,062856	0,000000	2,029164	-0,124497	-0,124492	14,038536	-0,016570	3,175186	1,798591
298,400000	7,454173	7,486279	0,111246	0,082925	1,867412	-1844,564473	-1571,793619	-1579,150092	-932,233435	-1537,739272	7,623718	954,270585	22,010818	23,282804	25,856335	23,129390	23,170084	-2,911310	0,820215	0,974568	153821,894801	-0,203253	3,024070	-0,062765	0,000000	2,028423	-0,124503	-0,124491	14,036417	-0,016884	3,175017	1,798279
298,600000	7,454342	7,486398	0,110915	0,082369	1,868177	-1851,647274	-1571,416032	-1584,186760	-936,148216	-1541,654053	7,622323	955,394370	22,011644	23,286224	25,854728	23,137468	23,172264	-2,911162	0,817887	0,974736	153829,383541	-0,202219	3,023831	-0,063145	0,000000	2,028520	-0,124503	-0,124485	14,045886	-0,016921	3,175704	1,799489
298,800000	7,454469	7,486441	0,110236	0,082824	1,869924	-1842,103482	-1564,354892	-1583,115398	-931,407843	-1536,913680	7,621025	957,659790	22,011531	23,286781	25,860522	23,146342	23,173713	-2,911025	0,816856	0,974612	153832,716353	-0,201534	3,023967	-0,063547	0,000000	2,029331	-0,124497	-0,124486	14,064635	-0,016671	3,177863	1,801926
299,000000	7,454415	7,486206	0,110111	0,083621	1,872573	-1827,432117	-1556,615383	-1578,272073	-922,073040	-1527,578878	7,619834	959,195413	22,007777	23,284049	25,867678	23,147577	23,173775	-2,910791	0,817673	0,974511	153831,264253	-0,202586	3,023999	-0,063417	0,000000	2,030788	-0,124494	-0,124490	14,077126	-0,016294	3,178270	1,803577
299,200000	7,454600	7,485946	0,110771	0,084428	1,874002	-1822,330754	-1552,156629	-1572,940516	-915,844986	-1521,350824	7,618552	959,347846	22,004124	23,282450	25,872387	23,143161	23,172637	-2,910396	0,819250	0,974930	153830,753614	-0,204394	3,023934	-0,062851	0,000000	2,031792	-0,124499	-0,124489	14,078070	-0,015962	3,176284	1,803740
299,400000	7,454649	7,485944	0,111403	0,084573	1,871198	-1825,150537	-1551,248943	-1568,982507	-916,306225	-1521,812062	7,617174	959,131280	22,005797	23,283564	25,871667	23,137621	23,168989	-2,910496	0,819639	0,975428	153832,490771	-0,204337	3,024132	-0,062476	0,000000	2,030973	-0,124508	-0,124487	14,075973	-0,015679	3,174665	1,803508
299,600000	7,454383	7,486012	0,111593	0,084000	1,867506	-1831,234187	-1552,259105	-1567,170058	-918,968127	-1524,473965	7,615642	959,054283	22,009662	23,284923	25,867387	23,134573	23,163731	-2,910925	0,818619	0,975437	153830,548479	-0,202977	3,024283	-0,062695	0,000000	2,028939	-0,124509	-0,124486	14,075014	-0,015364	3,174243	1,803425
299,800000	7,454469	7,485791	0,111062	0,083539	1,866299	-1834,223978	-1556,191116	-1567,559961	-920,149730	-1525,655567	7,613905	959,105154	22,012563	23,286276	25,860489	23,136600	23,161360	-2,911004	0,818511	0,975003	153827,683560	-0,202302	3,024042	-0,063207	0,000000	2,028003	-0,124502	-0,124485	14,075070	-0,014994	3,175339	1,803480
300,000000	7,454663	7,485672	0,111118	0,083184	1,868078	-1835,501239	-1559,393523	-1569,247202	-921,784858	-1527,290695	7,612500	959,125672	22,013077	23,288737	25,856802	23,141324	23,164152	-2,910957	0,820993	0,974601	153832,099309	-0,202272	3,023716	-0,063411	0,000000	2,028933	-0,124495	-0,124485	14,075278	-0,015031	3,174725	1,803502
300,200000	7,454679	7,485821	0,112381	0,082960	1,869363	-1840,049365	-1557,247889	-1570,988188	-923,147441	-1528,653278	7,611515	959,056807	22,007762	23,288906	25,862557	23,143045	23,170656	-2,911013	0,822557	0,974655	153835,690403	-0,202761	3,023789	-0,063060	0,000000	2,030188	-0,124491	-0,124485	14,075344	-0,015674	3,171310	1,803428
