LabVIEW Measurement	
Writer_Version	2
Reader_Version	2
Separator	Tab
Decimal_Separator	,
Multi_Headings	No
X_Columns	One
Time_Pref	Absolute
Operator	Pos-Oscar
Date	2025/05/16
Time	10:24:46,9985887380583623334
***End_of_Header***	
	
Channels	32																																
Samples	1	1	1	1	1	1	1	1	1	1	1	1	1	1	1	1	1	1	1	1	1	1	1	1	1	1	1	1	1	1	1	1	
Date	2025/05/20	2025/05/20	2025/05/20	2025/05/20	2025/05/20	2025/05/20	2025/05/20	2025/05/20	2025/05/20	2025/05/20	2025/05/20	2025/05/20	2025/05/20	2025/05/20	2025/05/20	2025/05/20	2025/05/20	2025/05/20	2025/05/20	2025/05/20	2025/05/20	2025/05/20	2025/05/20	2025/05/20	2025/05/20	2025/05/20	2025/05/20	2025/05/20	2025/05/20	2025/05/20	2025/05/20	2025/05/20	
Time	14:23:30,5987758586600315645	14:23:30,598782095960144408	14:23:30,5986012126270574405	14:23:30,5986323993604523017	14:23:30,5986635863266778066	14:23:30,5986032126422864273	14:23:30,5985959753345590904	14:23:30,5985887380268317535	14:23:30,5986104499500137641	14:23:30,5986104499500137641	14:23:30,5986511114936214759	14:23:30,5987197224933546855	14:23:30,5986822982270163372	14:23:30,5986760609269034936	14:23:30,5986947730600726678	14:23:30,5987259597934675291	14:23:30,5987571465268623903	14:23:30,5986885355271291807	14:23:30,5985887380268317535	14:23:30,598594975326944597	14:23:30,5987197224933546855	14:23:30,5985887380268317535	14:23:30,598594975326944597	14:23:30,5986012126270574405	14:23:30,5986012126270574405	14:23:30,598607449927170284	14:23:30,5986136874601137712	14:23:30,5986199247602266147	14:23:30,5986511114936214759	14:23:30,5986573487937343194	14:23:30,5986573487937343194	14:23:30,5986573487937343194	
Y_Unit_Label	Volts	Volts	Volts	Volts	Volts	Amps	Amps	Amps	Amps	Amps	Volts	Volts	Volts	Volts	Volts	Volts	Volts	Volts	Volts	Volts	Volts	Volts	Volts	Volts	Volts	Volts	Volts	Volts	Volts	Volts	Volts	Volts	
X_Dimension	Time	Time	Time	Time	Time	Time	Time	Time	Time	Time	Time	Time	Time	Time	Time	Time	Time	Time	Time	Time	Time	Time	Time	Time	Time	Time	Time	Time	Time	Time	Time	Time	
X0	0,0000000000000000E+0	0,0000000000000000E+0	0,0000000000000000E+0	0,0000000000000000E+0	0,0000000000000000E+0	0,0000000000000000E+0	0,0000000000000000E+0	0,0000000000000000E+0	0,0000000000000000E+0	0,0000000000000000E+0	0,0000000000000000E+0	0,0000000000000000E+0	0,0000000000000000E+0	0,0000000000000000E+0	0,0000000000000000E+0	0,0000000000000000E+0	0,0000000000000000E+0	0,0000000000000000E+0	0,0000000000000000E+0	0,0000000000000000E+0	0,0000000000000000E+0	0,0000000000000000E+0	0,0000000000000000E+0	0,0000000000000000E+0	0,0000000000000000E+0	0,0000000000000000E+0	0,0000000000000000E+0	0,0000000000000000E+0	0,0000000000000000E+0	0,0000000000000000E+0	0,0000000000000000E+0	0,0000000000000000E+0	
Delta_X	0,200000	0,200000	0,200000	0,200000	0,200000	0,200000	0,200000	0,200000	0,200000	0,200000	0,200000	0,200000	0,200000	0,200000	0,200000	0,200000	0,200000	0,200000	0,200000	0,200000	0,200000	0,200000	0,200000	0,200000	0,200000	0,200000	0,200000	0,200000	0,200000	0,200000	0,200000	0,200000	
***End_of_Header***																																	
X_Value	PIT-A-0101	PIT-A-0301	PIT-M-0101	PIT-O-0301	PIT-W-0301	PDT-M-0101-40kPa_mA	PDT-M-0101B-10kPa_mA	PDT-M-0101C-3kPa_mA	 PDT-M-0101D-30Kpa_mA	 PDT-M-0101D-30Kpa_mA_tara	PIT-A-AUX	Model Pressure Drop	TIT-A-0101	TIT-A-0301	TIT-M-0101	TIT-O-0301	TIT-W-0301	LV-O-0X01	LV-W-0X01	LV-M-0X01	Densitometro	FT-A-0301	FT-A-0302	FT-A-0303	FT-A-0303 1	FT-O-0301	FT-O-0302	FT-O-0303	FT-W-0301	FT-W-0302	J Ar	J Água	Comment
0,000000	7,752274	7,784340	0,364752	0,110712	2,520852	-17018,459318	-10943,716705	-2985,428843	-15792,699167	-16440,025819	7,713651	68,731698	25,094154	24,404243	30,158873	25,175309	25,314397	-2,905470	1,254326	0,981519	241252,742559	-0,185822	11,306089	-0,044602	0,000000	2,041638	-0,124423	-0,124411	0,000000	3,117943	10,110371	0,399937
0,200000	7,751620	7,784179	0,363264	0,109853	2,518064	-17027,206104	-10943,972921	-2985,373212	-15809,768532	-16457,095183	7,712356	68,725445	25,090612	24,402260	30,162383	25,168738	25,319212	-2,905579	1,252834	0,982112	241258,207912	-0,185888	11,306187	-0,044698	0,000000	2,039520	-0,124414	-0,124410	0,000000	3,117781	10,121502	0,399916
0,400000	7,751743	7,783376	0,360990	0,109445	2,509437	-17027,288302	-10944,366998	-2985,269913	-15820,104956	-16467,431607	7,711268	68,705826	25,088728	24,400422	30,160785	25,164756	25,330734	-2,905586	1,251922	0,982075	241262,386167	-0,186434	11,305662	-0,044862	0,000000	2,037618	-0,124406	-0,124408	0,000000	3,117272	10,137034	0,399851
0,600000	7,752053	7,782416	0,358363	0,109033	2,497761	-17014,739988	-10943,505433	-2985,381688	-15825,719778	-16473,046429	7,710104	68,706968	25,089087	24,402402	30,158126	25,165817	25,339240	-2,905427	1,252151	0,981632	241243,896433	-0,186876	11,305346	-0,044845	0,000000	2,036844	-0,124407	-0,124402	0,000000	3,117302	10,155087	0,399855
0,800000	7,751637	7,782111	0,356640	0,107889	2,494627	-16993,080211	-10943,199087	-2985,505105	-15825,687988	-16473,014639	7,708605	68,739652	25,088817	24,404365	30,159585	25,171127	25,338902	-2,905492	1,251950	0,981458	241217,630207	-0,186641	11,305786	-0,044847	0,000000	2,037034	-0,124411	-0,124398	0,000000	3,118149	10,168012	0,399964
1,000000	7,750771	7,782125	0,356361	0,107697	2,495842	-16976,618765	-10943,938375	-2985,706435	-15820,256066	-16467,582717	7,707250	68,763851	25,087563	24,403598	30,160739	25,174672	25,334701	-2,905774	1,252460	0,981871	241219,130235	-0,186416	11,306792	-0,045120	0,000000	2,037591	-0,124411	-0,124402	0,000000	3,118776	10,171093	0,400044
1,200000	7,750528	7,781712	0,356896	0,108919	2,492065	-16973,600504	-10943,857385	-2985,906890	-15814,912937	-16462,239589	7,706196	68,762374	25,086964	24,401476	30,158850	25,172195	25,333828	-2,905810	1,252701	0,982526	241234,484241	-0,187453	11,307632	-0,045477	0,000000	2,037565	-0,124410	-0,124408	0,000000	3,118738	10,167369	0,400039
1,400000	7,750870	7,781035	0,358539	0,109478	2,496733	-16977,107763	-10942,517529	-2985,729757	-15812,580900	-16459,907551	7,705030	68,760388	25,089558	24,399980	30,155393	25,165675	25,334278	-2,905670	1,252592	0,983280	241236,056605	-0,188450	11,307714	-0,045565	0,000000	2,036880	-0,124410	-0,124407	0,000000	3,118686	10,154292	0,400033
1,600000	7,751130	7,780530	0,361522	0,108608	2,509897	-16986,924785	-10940,593848	-2985,486274	-15809,929757	-16457,256408	7,703699	68,755922	25,095228	24,400063	30,149748	25,161077	25,331498	-2,905639	1,253177	0,983488	241219,809770	-0,188494	11,307049	-0,045445	0,000000	2,035469	-0,124408	-0,124402	0,000000	3,118571	10,130663	0,400018
1,800000	7,750812	7,780229	0,365150	0,108167	2,514748	-17009,760623	-10939,642931	-2985,213933	-15802,660513	-16449,987164	7,702344	68,750276	25,099701	24,400893	30,144505	25,164653	25,327191	-2,905666	1,253267	0,982982	241200,911953	-0,188015	11,306387	-0,045278	0,000000	2,034193	-0,124408	-0,124399	0,000000	3,118424	10,102589	0,399999
2,000000	7,749895	7,779978	0,369668	0,109045	2,519252	-17038,705757	-10940,952719	-2984,897973	-15790,090282	-16437,416934	7,700922	68,759264	25,101892	24,401906	30,142581	25,175760	25,324107	-2,905710	1,253804	0,982201	241192,605113	-0,187264	11,307032	-0,045225	0,000000	2,034126	-0,124408	-0,124398	0,000000	3,118657	10,069433	0,400029
2,200000	7,749024	7,779648	0,374729	0,110076	2,525371	-17062,329340	-10942,758977	-2985,039595	-15777,971116	-16425,297767	7,699535	68,763229	25,103618	24,402567	30,140817	25,185112	25,323992	-2,905828	1,255069	0,981313	241190,251045	-0,187294	11,308749	-0,045328	0,000000	2,035168	-0,124408	-0,124404	0,000000	3,118760	10,033417	0,400042
2,400000	7,748812	7,779420	0,379349	0,111172	2,526596	-17079,292921	-10942,846939	-2985,425246	-15772,419726	-16419,746378	7,698406	68,752479	25,105677	24,402288	30,139123	25,187389	25,327829	-2,905846	1,255476	0,981102	241182,062925	-0,188354	11,309578	-0,045344	0,000000	2,036970	-0,124407	-0,124411	0,000000	3,118481	10,000226	0,400006
2,600000	7,748908	7,779456	0,382713	0,111970	2,530836	-17085,382325	-10942,494597	-2985,520404	-15774,671457	-16421,998108	7,697283	68,755239	25,106953	24,402007	30,140779	25,187324	25,328989	-2,905707	1,255124	0,981574	241153,074238	-0,188793	11,309451	-0,045279	0,000000	2,038288	-0,124407	-0,124410	0,000000	3,118553	9,975876	0,400015
2,800000	7,748413	7,779547	0,385115	0,111365	2,535614	-17086,259673	-10942,403822	-2985,255785	-15782,442832	-16429,769483	7,695877	68,775890	25,106521	24,402360	30,141429	25,188881	25,321054	-2,905755	1,253816	0,982079	241117,510963	-0,187746	11,309352	-0,045225	0,000000	2,038246	-0,124408	-0,124406	0,000000	3,119088	9,958594	0,400084
3,000000	7,747523	7,779451	0,385748	0,110374	2,541337	-17095,413196	-10942,553035	-2984,761373	-15790,731738	-16438,058389	7,694488	68,780322	25,106696	24,402753	30,139696	25,189792	25,310352	-2,905917	1,252786	0,981994	241109,155715	-0,186330	11,309127	-0,045277	0,000000	2,037304	-0,124408	-0,124410	0,000000	3,119203	9,953671	0,400099
3,200000	7,747068	7,779314	0,383939	0,110473	2,547275	-17097,143258	-10943,529654	-2984,532619	-15790,331780	-16437,658431	7,693340	68,762940	25,108469	24,404293	30,139734	25,186106	25,306376	-2,905950	1,253153	0,981562	241126,022795	-0,185864	11,308864	-0,045345	0,000000	2,037456	-0,124406	-0,124416	0,000000	3,118753	9,966242	0,400041
3,400000	7,746852	7,779292	0,383058	0,110988	2,542063	-17081,088161	-10943,629254	-2984,913440	-15780,204595	-16427,531247	7,692140	68,764646	25,108944	24,406077	30,141839	25,179226	25,309419	-2,905908	1,253477	0,981104	241147,325544	-0,186463	11,308821	-0,045327	0,000000	2,039084	-0,124405	-0,124418	0,000000	3,118797	9,972540	0,400047
3,600000	7,746470	7,779129	0,384195	0,110617	2,532955	-17067,569009	-10942,781675	-2985,455391	-15775,437278	-16422,763929	7,690759	68,781711	25,104237	24,405321	30,147148	25,175635	25,313932	-2,905688	1,253505	0,980214	241162,599645	-0,187021	11,308729	-0,045275	0,000000	2,039839	-0,124406	-0,124417	0,000000	3,119239	9,964281	0,400103
3,800000	7,746134	7,778639	0,384340	0,109547	2,528231	-17060,291734	-10942,844681	-2985,671871	-15783,140315	-16430,466966	7,689443	68,786811	25,094482	24,404109	30,155425	25,177139	25,318070	-2,905431	1,252839	0,979993	241173,143025	-0,186695	11,308604	-0,045175	0,000000	2,039525	-0,124406	-0,124414	0,000000	3,119371	9,962887	0,400120
4,000000	7,745880	7,777874	0,382913	0,109118	2,525944	-17052,872384	-10943,108106	-2985,524521	-15793,085124	-16440,411776	7,688198	68,787109	25,087395	24,404176	30,159721	25,179341	25,320525	-2,905383	1,251010	0,981193	241173,524924	-0,186250	11,308861	-0,045225	0,000000	2,039494	-0,124408	-0,124415	0,000000	3,119379	9,972661	0,400121
4,200000	7,745759	7,777094	0,381611	0,109651	2,526515	-17044,488230	-10942,883161	-2985,358557	-15792,041658	-16439,368309	7,686912	68,770730	25,088325	24,404046	30,157759	25,178876	25,319983	-2,905481	1,251078	0,982448	241154,387999	-0,186597	11,309421	-0,045299	0,000000	2,039607	-0,124410	-0,124419	0,000000	3,118954	9,981611	0,400067
4,400000	7,745703	7,776513	0,380535	0,109730	2,529322	-17022,563905	-10942,864628	-2985,583081	-15779,100213	-16426,426864	7,685684	68,740097	25,092138	24,403690	30,155248	25,173740	25,319713	-2,905648	1,252459	0,982305	241136,215279	-0,187204	11,309883	-0,045115	0,000000	2,039365	-0,124413	-0,124419	0,000000	3,118160	9,989063	0,399965
4,600000	7,745514	7,775983	0,379529	0,109014	2,534763	-17000,081901	-10942,935205	-2985,931361	-15772,405551	-16419,732202	7,684452	68,729163	25,091859	24,403327	30,155777	25,165430	25,321385	-2,905561	1,251935	0,981226	241127,446332	-0,187397	11,310236	-0,044978	0,000000	2,039012	-0,124417	-0,124412	0,000000	3,117877	9,996094	0,399929
4,800000	7,745346	7,775729	0,378544	0,108272	2,535783	-17000,403857	-10942,888516	-2985,878706	-15783,281944	-16430,608596	7,682957	68,739444	25,087784	24,403072	30,159570	25,161720	25,326224	-2,905297	1,251606	0,980760	241114,081126	-0,186771	11,310578	-0,044952	0,000000	2,038187	-0,124418	-0,124401	0,000000	3,118144	10,003381	0,399963
5,000000	7,745223	7,775969	0,378249	0,107736	2,526025	-17019,029280	-10942,720131	-2985,424126	-15799,846378	-16447,173029	7,681296	68,750724	25,083849	24,403104	30,161476	25,164593	25,333837	-2,905441	1,252350	0,980760	241110,527540	-0,185701	11,310927	-0,044834	0,000000	2,037121	-0,124417	-0,124396	0,000000	3,118436	10,006170	0,400000
5,200000	7,745014	7,775915	0,379835	0,107720	2,520173	-17043,030033	-10942,421723	-2985,070587	-15806,813553	-16454,140204	7,679825	68,777758	25,083591	24,402608	30,156976	25,166858	25,337849	-2,905757	1,252780	0,981088	241115,251499	-0,186063	11,311093	-0,044831	0,000000	2,037213	-0,124416	-0,124400	0,000000	3,119137	9,994616	0,400090
5,400000	7,744837	7,775270	0,382490	0,107787	2,522722	-17054,031068	-10942,789464	-2985,213177	-15802,261165	-16449,587816	7,678693	68,848564	25,088968	24,402249	30,153852	25,168271	25,335813	-2,905728	1,252792	0,981772	241117,378372	-0,187384	11,310884	-0,045068	0,000000	2,037826	-0,124408	-0,124401	0,000000	3,120971	9,974409	0,400326
5,600000	7,744708	7,774838	0,386412	0,107723	2,524115	-17055,326805	-10942,811613	-2985,578503	-15797,601534	-16444,928185	7,677529	68,923048	25,093883	24,402087	30,157431	25,171918	25,330647	-2,905505	1,251987	0,981933	241132,350636	-0,187726	11,310726	-0,045289	0,000000	2,037179	-0,124404	-0,124399	0,000000	3,122900	9,945672	0,400573
5,800000	7,744490	7,774756	0,390625	0,108864	2,535976	-17068,292277	-10941,372343	-2985,560446	-15801,210731	-16448,537382	7,676128	68,949358	25,093669	24,400509	30,158922	25,173957	25,326103	-2,905317	1,251818	0,981579	241149,925727	-0,187503	11,310884	-0,045091	0,000000	2,035640	-0,124406	-0,124400	0,000000	3,123581	9,915678	0,400660
6,000000	7,744282	7,774652	0,391783	0,110427	2,554716	-17082,814159	-10940,636816	-2985,262033	-15804,989673	-16452,316325	7,674768	68,944419	25,093591	24,399961	30,152931	25,174141	25,325741	-2,905285	1,253320	0,981320	241155,430553	-0,187596	11,310949	-0,044877	0,000000	2,034800	-0,124409	-0,124399	0,000000	3,123453	9,907183	0,400644
6,200000	7,743966	7,774250	0,392811	0,110174	2,560249	-17082,548330	-10941,762968	-2985,128313	-15797,285205	-16444,611856	7,673513	68,934214	25,097936	24,402492	30,144601	25,174889	25,326209	-2,905554	1,254222	0,981480	241169,035515	-0,187749	11,310823	-0,045161	0,000000	2,034961	-0,124410	-0,124399	0,000000	3,123189	9,898945	0,400610
6,400000	7,743468	7,773443	0,398375	0,109053	2,557735	-17087,096274	-10943,366569	-2985,311919	-15779,405817	-16426,732469	7,672322	68,933165	25,105499	24,404099	30,139482	25,176880	25,323795	-2,905827	1,253726	0,981676	241189,975848	-0,188136	11,310946	-0,045338	0,000000	2,035432	-0,124407	-0,124405	0,000000	3,123162	9,858519	0,400607
6,600000	7,742739	7,772725	0,403468	0,109045	2,552496	-17104,770647	-10944,150841	-2985,487532	-15760,686013	-16408,012664	7,671147	68,937754	25,109864	24,403186	30,139781	25,182931	25,322066	-2,905734	1,252991	0,981718	241186,023243	-0,188619	11,311431	-0,045330	0,000000	2,036007	-0,124402	-0,124409	0,000000	3,123281	9,822386	0,400622
6,800000	7,741954	7,772480	0,403390	0,110168	2,550592	-17108,101518	-10942,710864	-2985,251606	-15749,552404	-16396,879055	7,669895	68,943189	25,106646	24,403227	30,143538	25,190319	25,321983	-2,905472	1,252878	0,981764	241171,445773	-0,188013	11,312178	-0,045491	0,000000	2,036950	-0,124403	-0,124408	0,000000	3,123421	9,823427	0,400640
7,000000	7,741732	7,772547	0,402048	0,110910	2,556224	-17098,421325	-10941,114522	-2984,959714	-15749,582613	-16396,909265	7,668464	68,958071	25,101318	24,404347	30,147553	25,191784	25,320477	-2,905334	1,253518	0,981804	241183,671465	-0,186863	11,312758	-0,045490	0,000000	2,038154	-0,124412	-0,124409	0,000000	3,123807	9,833507	0,400689
7,200000	7,741820	7,772677	0,402148	0,110488	2,556491	-17092,972185	-10942,477809	-2984,859819	-15758,281523	-16405,608174	7,667049	68,963276	25,100195	24,404497	30,150418	25,185789	25,317762	-2,905431	1,254008	0,981749	241197,869185	-0,186361	11,312685	-0,045327	0,000000	2,039326	-0,124416	-0,124411	0,000000	3,123941	9,832977	0,400707
7,400000	7,741579	7,772536	0,401558	0,110254	2,555370	-17082,341311	-10943,777778	-2984,947950	-15769,747787	-16417,074438	7,665998	68,960527	25,102091	24,404784	30,149852	25,178091	25,315631	-2,905641	1,254401	0,981968	241198,474734	-0,186747	11,312448	-0,045209	0,000000	2,039526	-0,124412	-0,124414	0,000000	3,123870	9,836727	0,400697
7,600000	7,741026	7,772112	0,396930	0,110851	2,557550	-17057,543782	-10943,150078	-2985,329855	-15775,684600	-16423,011251	7,665159	68,964045	25,102833	24,405584	30,146641	25,176692	25,313101	-2,905727	1,253975	0,982668	241211,940074	-0,187882	11,312517	-0,045131	0,000000	2,038304	-0,124407	-0,124417	0,000000	3,123961	9,868773	0,400709
7,800000	7,740587	7,771773	0,389266	0,111536	2,554121	-17027,047792	-10942,921507	-2985,655543	-15777,428711	-16424,755362	7,664059	68,958815	25,101113	24,405128	30,144555	25,180217	25,311168	-2,905658	1,252131	0,982519	241229,110779	-0,188731	11,312641	-0,045286	0,000000	2,038124	-0,124405	-0,124415	0,000000	3,123826	9,922912	0,400692
8,000000	7,740550	7,771638	0,384929	0,112154	2,544778	-17009,886096	-10943,245246	-2985,475913	-15785,102566	-16432,429217	7,662608	68,943347	25,098126	24,405010	30,146864	25,180685	25,313476	-2,905519	1,252165	0,981698	241237,076228	-0,188194	11,312344	-0,045349	0,000000	2,039837	-0,124409	-0,124408	0,000000	3,123426	9,953661	0,400640
8,200000	7,740341	7,771519	0,386698	0,111857	2,531018	-17013,736680	-10943,385064	-2985,015149	-15796,497345	-16443,823996	7,661022	68,935943	25,094926	24,406320	30,156745	25,177778	25,317958	-2,905495	1,253690	0,981487	241243,411064	-0,186756	11,312113	-0,044938	0,000000	2,041433	-0,124414	-0,124405	0,000000	3,123234	9,940900	0,400616
8,400000	7,739823	7,771155	0,390550	0,109752	2,520322	-17027,017681	-10943,324383	-2985,035529	-15804,488654	-16451,815305	7,659332	68,931161	25,090488	24,405101	30,169438	25,174890	25,321201	-2,905595	1,253325	0,981442	241241,848051	-0,186076	11,312581	-0,044608	0,000000	2,041484	-0,124413	-0,124407	0,000000	3,123110	9,913806	0,400600
8,600000	7,739865	7,770541	0,393051	0,108107	2,520201	-17041,227139	-10942,760655	-2985,693532	-15809,564886	-16456,891537	7,657851	68,918423	25,086031	24,401115	30,172732	25,171983	25,323928	-2,905500	1,252468	0,981511	241232,236747	-0,186975	11,313004	-0,044690	0,000000	2,039716	-0,124413	-0,124411	0,000000	3,122780	9,895923	0,400558
8,800000	7,740290	7,770054	0,395470	0,108880	2,529334	-17055,727845	-10941,703262	-2986,024510	-15812,023896	-16459,350547	7,656793	68,910256	25,086914	24,399068	30,165056	25,169558	25,326600	-2,905305	1,252044	0,982130	241225,417803	-0,188419	11,313147	-0,044924	0,000000	2,038050	-0,124415	-0,124413	0,000000	3,122569	9,878152	0,400531
9,000000	7,740095	7,769779	0,398701	0,109677	2,550004	-17068,832415	-10940,749051	-2985,655785	-15815,143450	-16462,470101	7,655650	68,898809	25,092053	24,400421	30,157359	25,167003	25,328005	-2,905251	1,251247	0,982714	241219,205202	-0,188868	11,313332	-0,044941	0,000000	2,037499	-0,124413	-0,124410	0,000000	3,122272	9,854885	0,400492
9,200000	7,739417	7,769636	0,402075	0,108581	2,569894	-17086,743127	-10940,457378	-2985,235070	-15824,576047	-16471,902698	7,654227	68,879276	25,093003	24,403161	30,155587	25,164039	25,330382	-2,905180	1,251544	0,982896	241218,801646	-0,188182	11,313485	-0,044627	0,000000	2,036674	-0,124411	-0,124401	0,000000	3,121767	9,830982	0,400428
9,400000	7,739022	7,769635	0,405632	0,107439	2,573687	-17109,708337	-10940,408219	-2984,966428	-15836,021047	-16483,347698	7,652864	68,867259	25,087277	24,404838	30,156905	25,163681	25,336002	-2,905110	1,252286	0,982899	241226,291120	-0,187280	11,313598	-0,044575	0,000000	2,035875	-0,124415	-0,124397	0,000000	3,121455	9,806173	0,400388
9,600000	7,738788	7,769396	0,408334	0,107828	2,574279	-17121,199599	-10940,425751	-2984,751905	-15838,673361	-16486,000012	7,651601	68,871246	25,081546	24,403953	30,157978	25,165657	25,340171	-2,905292	1,252664	0,982691	241238,027098	-0,186665	11,313582	-0,045109	0,000000	2,035508	-0,124414	-0,124402	0,000000	3,121559	9,787140	0,400401
9,800000	7,738581	7,768837	0,408890	0,108901	2,571857	-17117,766608	-10940,592334	-2984,881262	-15832,670582	-16479,997233	7,650353	68,880834	25,082485	24,401970	30,154750	25,169258	25,339484	-2,905678	1,253661	0,982555	241252,766075	-0,186960	11,313455	-0,045462	0,000000	2,035002	-0,124406	-0,124405	0,000000	3,121807	9,782501	0,400433
10,000000	7,738459	7,768424	0,408157	0,109551	2,556346	-17108,437362	-10940,284970	-2985,190720	-15827,241956	-16474,568607	7,649250	68,849367	25,089751	24,400602	30,147271	25,173800	25,334076	-2,905705	1,253768	0,982220	241252,996896	-0,188022	11,313472	-0,045200	0,000000	2,035440	-0,124401	-0,124403	0,000000	3,120992	9,786950	0,400328
10,200000	7,738206	7,768188	0,406053	0,109917	2,545908	-17093,235253	-10940,026214	-2985,184469	-15823,216645	-16470,543297	7,648138	68,777995	25,098244	24,400017	30,143463	25,176699	25,325889	-2,905243	1,253606	0,981748	241240,078423	-0,188430	11,313713	-0,044952	0,000000	2,036781	-0,124400	-0,124399	0,000000	3,119143	9,801444	0,400091
10,400000	7,737725	7,768070	0,400758	0,109767	2,547518	-17061,568995	-10940,991655	-2984,966118	-15818,943125	-16466,269777	7,646797	68,722774	25,102664	24,400571	30,146658	25,178831	25,320705	-2,905095	1,253889	0,981761	241234,700947	-0,187733	11,313919	-0,044963	0,000000	2,036921	-0,124401	-0,124397	0,000000	3,117711	9,838641	0,399907
10,600000	7,736914	7,768069	0,395763	0,109276	2,553802	-17024,499817	-10941,639122	-2984,757740	-15814,386444	-16461,713095	7,645444	68,700993	25,103197	24,401598	30,150943	25,179977	25,321597	-2,905390	1,253144	0,981729	241251,177731	-0,186846	11,313942	-0,045105	0,000000	2,035631	-0,124404	-0,124403	0,000000	3,117147	9,873985	0,399835
10,800000	7,736212	7,767726	0,394682	0,109735	2,561109	-17014,771738	-10941,380030	-2984,592512	-15805,110734	-16452,437385	7,644058	68,701327	25,106666	24,402808	30,148459	25,180569	25,324878	-2,905685	1,252977	0,981879	241272,627729	-0,186653	11,314043	-0,045346	0,000000	2,034951	-0,124403	-0,124414	0,000000	3,117155	9,881223	0,399836
11,000000	7,735869	7,767166	0,393532	0,110170	2,556156	-17022,357658	-10942,355026	-2984,806410	-15795,225122	-16442,551773	7,642565	68,709309	25,114305	24,404173	30,142319	25,183504	25,325260	-2,906014	1,253820	0,982329	241266,611367	-0,187328	11,314353	-0,045423	0,000000	2,035488	-0,124399	-0,124417	0,000000	3,117362	9,888767	0,399863
11,200000	7,735421	7,767099	0,389591	0,109698	2,544188	-17018,001647	-10944,307734	-2985,403104	-15795,645743	-16442,972395	7,641235	68,699017	25,117540	24,404235	30,143252	25,187489	25,321095	-2,906150	1,254162	0,982482	241252,238315	-0,188071	11,314530	-0,045272	0,000000	2,036528	-0,124397	-0,124415	0,000000	3,117095	9,916935	0,399828
11,400000	7,734722	7,767381	0,385975	0,110034	2,535947	-17005,739562	-10945,073614	-2985,491029	-15802,677929	-16450,004580	7,640166	68,651072	25,111273	24,403888	30,150165	25,189824	25,316002	-2,905954	1,253885	0,982492	241249,743340	-0,187388	11,314466	-0,044957	0,000000	2,037873	-0,124401	-0,124415	0,000000	3,115852	9,943316	0,399669
11,600000	7,734140	7,767110	0,386269	0,111389	2,527100	-16996,013929	-10943,931107	-2984,748333	-15802,405501	-16449,732152	7,639172	68,607389	25,102187	24,404249	30,155449	25,187538	25,314217	-2,905794	1,253307	0,982404	241235,557982	-0,185461	11,314331	-0,044734	0,000000	2,039344	-0,124410	-0,124414	0,000000	3,114719	9,940942	0,399524
11,800000	7,734002	7,766324	0,389732	0,112016	2,524728	-17004,611195	-10942,582079	-2984,234093	-15796,708507	-16444,035158	7,637825	68,606300	25,099456	24,404405	30,157780	25,179032	25,314179	-2,905821	1,253913	0,982140	241208,956861	-0,184440	11,314137	-0,044903	0,000000	2,040524	-0,124416	-0,124413	0,000000	3,114691	9,915175	0,399520
12,000000	7,734094	7,765740	0,390843	0,111020	2,532682	-17030,726227	-10942,650903	-2984,515923	-15799,374287	-16446,700938	7,636269	68,604243	25,102482	24,404396	30,158489	25,170071	25,314140	-2,905864	1,254490	0,981851	241193,257257	-0,185109	11,314464	-0,045200	0,000000	2,040581	-0,124414	-0,124415	0,000000	3,114638	9,906902	0,399513
12,200000	7,734010	7,765585	0,388367	0,109786	2,543915	-17036,006234	-10943,191386	-2985,095304	-15807,793222	-16455,119873	7,635116	68,575111	25,103822	24,403768	30,158693	25,167795	25,316435	-2,905696	1,253230	0,981649	241184,921493	-0,186562	11,315424	-0,045389	0,000000	2,040077	-0,124412	-0,124413	0,000000	3,113882	9,925268	0,399416
12,400000	7,733623	7,765601	0,387166	0,110004	2,552629	-17020,388242	-10943,016411	-2985,423226	-15807,715319	-16455,041970	7,633960	68,555108	25,099802	24,402408	30,159180	25,172453	25,320440	-2,905353	1,253192	0,981428	241172,212772	-0,187621	11,316093	-0,045409	0,000000	2,039626	-0,124416	-0,124409	0,000000	3,113363	9,934535	0,399350
12,600000	7,733307	7,765291	0,387060	0,110516	2,553252	-17008,730510	-10942,785466	-2985,170144	-15794,562683	-16441,889334	7,632393	68,554770	25,093109	24,402419	30,159087	25,176621	25,324620	-2,905311	1,254418	0,981596	241165,725458	-0,187381	11,316296	-0,045215	0,000000	2,039364	-0,124418	-0,124406	0,000000	3,113354	9,935110	0,399349
12,800000	7,733392	7,764687	0,382674	0,110190	2,547549	-16987,051693	-10943,236447	-2985,115377	-15784,767788	-16432,094440	7,631024	68,559355	25,088537	24,403498	30,159743	25,173820	25,330073	-2,905601	1,254075	0,982291	241168,936541	-0,187455	11,316279	-0,044891	0,000000	2,039834	-0,124417	-0,124407	0,000000	3,113473	9,965922	0,399364
13,000000	7,733491	7,764242	0,373727	0,109543	2,533457	-16938,212950	-10943,348650	-2985,755405	-15794,712968	-16442,039619	7,629904	68,563905	25,086964	24,402556	30,163569	25,168436	25,333477	-2,905685	1,253285	0,982383	241168,863509	-0,188624	11,316277	-0,044532	0,000000	2,039578	-0,124417	-0,124408	0,000000	3,113591	10,030505	0,399379
13,200000	7,733317	7,764050	0,366782	0,108070	2,510666	-16881,503400	-10942,413859	-2986,085857	-15811,709607	-16459,036258	7,628596	68,565970	25,086439	24,399142	30,165996	25,165582	25,332244	-2,905610	1,252365	0,981938	241174,263410	-0,188748	11,316650	-0,044470	0,000000	2,037906	-0,124417	-0,124403	0,000000	3,113644	10,081802	0,399386
13,400000	7,733135	7,763696	0,365406	0,107020	2,496848	-16854,858390	-10940,993015	-2985,893252	-15819,032307	-16466,358958	7,627131	68,574691	25,087496	24,397677	30,160791	25,164301	25,329392	-2,905583	1,251758	0,982063	241191,988087	-0,188155	11,317142	-0,044739	0,000000	2,035939	-0,124415	-0,124398	0,000000	3,113871	10,091868	0,399415
13,600000	7,733079	7,763175	0,366397	0,108110	2,494983	-16868,003658	-10940,013598	-2985,504710	-15815,889478	-16463,216129	7,625731	68,589322	25,091359	24,401339	30,152398	25,163875	25,327036	-2,905469	1,253185	0,982066	241201,545918	-0,188093	11,317260	-0,045067	0,000000	2,035339	-0,124417	-0,124399	0,000000	3,114250	10,083647	0,399464
13,800000	7,732722	7,763097	0,365587	0,108888	2,494004	-16896,210822	-10941,056031	-2985,067154	-15809,766603	-16457,093254	7,624631	68,589342	25,095468	24,405134	30,150537	25,164311	25,327747	-2,905470	1,254603	0,981796	241196,163045	-0,188039	11,317519	-0,045519	0,000000	2,036412	-0,124417	-0,124402	0,000000	3,114251	10,089575	0,399464
14,000000	7,731908	7,763344	0,364172	0,108118	2,505666	-16916,702552	-10942,902309	-2985,353037	-15809,377568	-16456,704219	7,623688	68,571160	25,095325	24,404310	30,154955	25,165679	25,332010	-2,905612	1,254418	0,982786	241184,835496	-0,188459	11,318258	-0,045818	0,000000	2,036687	-0,124411	-0,124406	0,000000	3,113779	10,101164	0,399403
14,200000	7,731342	7,763189	0,365133	0,107916	2,527306	-16930,954029	-10942,515948	-2985,859535	-15810,575830	-16457,902482	7,622470	68,555079	25,092599	24,401696	30,155525	25,170230	25,336796	-2,905516	1,253321	0,984101	241173,459605	-0,189133	11,318617	-0,045672	0,000000	2,035635	-0,124402	-0,124409	0,000000	3,113362	10,094305	0,399350
14,400000	7,731180	7,762520	0,365244	0,108725	2,535961	-16939,473221	-10940,716216	-2985,609043	-15803,862964	-16451,189616	7,621025	68,558888	25,093891	24,400451	30,147196	25,178546	25,337803	-2,905305	1,252173	0,984413	241164,472221	-0,188881	11,318343	-0,045455	0,000000	2,035064	-0,124400	-0,124409	0,000000	3,113461	10,092231	0,399362
14,600000	7,730792	7,761965	0,361672	0,109523	2,531939	-16937,240079	-10940,394029	-2985,160855	-15790,087672	-16437,414323	7,619700	68,587351	25,100405	24,400993	30,136377	25,184602	25,330607	-2,905357	1,252647	0,983593	241155,975024	-0,188222	11,318124	-0,045270	0,000000	2,035027	-0,124405	-0,124406	0,000000	3,114199	10,117492	0,399457
14,800000	7,729980	7,761942	0,358331	0,110018	2,516042	-16929,126444	-10942,325393	-2984,748857	-15779,933542	-16427,260194	7,618577	68,637865	25,107689	24,403244	30,130783	25,184947	25,321072	-2,905610	1,253931	0,981884	241144,327792	-0,187589	11,318455	-0,044931	0,000000	2,035575	-0,124407	-0,124407	0,000000	3,115510	10,142392	0,399625
15,000000	7,729363	7,762085	0,359539	0,110062	2,494671	-16929,235403	-10944,672138	-2984,712392	-15782,073456	-16429,400107	7,617401	68,698236	25,110561	24,405197	30,133873	25,183280	25,317279	-2,905811	1,254422	0,981389	241132,418846	-0,187132	11,319272	-0,044862	0,000000	2,036899	-0,124404	-0,124410	0,000000	3,117075	10,134312	0,399826
15,200000	7,729410	7,761890	0,363739	0,110121	2,483496	-16948,086004	-10944,888455	-2985,403995	-15791,895834	-16439,222485	7,615957	68,734408	25,109104	24,405294	30,138695	25,182287	25,318270	-2,905921	1,254060	0,982133	241116,463652	-0,187297	11,319963	-0,045135	0,000000	2,037150	-0,124402	-0,124409	0,000000	3,118013	10,103635	0,399946
15,400000	7,729602	7,761402	0,366049	0,110570	2,484755	-16971,735337	-10943,373457	-2985,496000	-15796,986125	-16444,312777	7,614490	68,733531	25,107336	24,404257	30,138656	25,182936	25,321327	-2,905965	1,252769	0,982527	241099,425657	-0,187348	11,319997	-0,045122	0,000000	2,036524	-0,124402	-0,124406	0,000000	3,117990	10,086049	0,399943
15,600000	7,729546	7,760898	0,363775	0,110658	2,502141	-16983,014888	-10942,641834	-2984,695246	-15793,758430	-16441,085081	7,613220	68,730854	25,106032	24,404507	30,140215	25,184361	25,322079	-2,905956	1,252874	0,982585	241102,445815	-0,186572	11,319805	-0,045036	0,000000	2,036935	-0,124408	-0,124405	0,000000	3,117921	10,102159	0,399934
15,800000	7,729257	7,760611	0,359077	0,110121	2,524754	-16978,160075	-10942,654603	-2984,301061	-15791,333894	-16438,660545	7,612012	68,762322	25,105800	24,406356	30,146185	25,184051	25,317590	-2,905879	1,254626	0,982215	241116,641197	-0,185983	11,319946	-0,045260	0,000000	2,038590	-0,124416	-0,124412	0,000000	3,118736	10,137027	0,400039
16,000000	7,728829	7,760560	0,356132	0,109764	2,531720	-16961,182495	-10942,960666	-2984,567356	-15790,521362	-16437,848013	7,610709	68,827261	25,104735	24,405427	30,154355	25,180659	25,312332	-2,905662	1,254811	0,981423	241124,280452	-0,186360	11,320336	-0,045410	0,000000	2,040211	-0,124414	-0,124421	0,000000	3,120419	10,159642	0,400255
16,200000	7,728744	7,760437	0,356315	0,110543	2,522627	-16943,241926	-10943,582687	-2985,206154	-15785,892605	-16433,219256	7,609329	68,874303	25,099086	24,401578	30,160819	25,173812	25,311097	-2,905455	1,254139	0,980856	241124,177335	-0,187396	11,320833	-0,045282	0,000000	2,040458	-0,124408	-0,124422	0,000000	3,121638	10,158926	0,400411
16,400000	7,728653	7,760075	0,359267	0,111922	2,503467	-16946,723207	-10943,129278	-2985,714999	-15784,978323	-16432,304975	7,607962	68,859864	25,093941	24,399779	30,160201	25,166470	25,315232	-2,905333	1,253811	0,980883	241124,306417	-0,188049	11,321123	-0,044912	0,000000	2,039612	-0,124409	-0,124415	0,000000	3,121264	10,136740	0,400363
16,600000	7,728159	7,759658	0,362458	0,111685	2,485760	-16975,250462	-10942,780313	-2985,429959	-15793,530869	-16440,857520	7,606656	68,817812	25,094016	24,402098	30,158279	25,163685	25,321750	-2,905309	1,253138	0,980913	241145,842072	-0,187336	11,321004	-0,044596	0,000000	2,038816	-0,124416	-0,124408	0,000000	3,120174	10,112256	0,400223
16,800000	7,727771	7,759426	0,363827	0,109822	2,479608	-17004,786292	-10944,122451	-2985,204814	-15806,100997	-16453,427648	7,605401	68,802842	25,093893	24,404937	30,161352	25,165934	25,324687	-2,905560	1,253756	0,980743	241173,922473	-0,186627	11,321274	-0,044728	0,000000	2,038650	-0,124420	-0,124406	0,000000	3,119787	10,102075	0,400174
17,000000	7,727538	7,759169	0,365360	0,108863	2,487991	-17028,156057	-10944,876809	-2985,640211	-15813,111697	-16460,438348	7,604309	68,806959	25,090395	24,404278	30,163467	25,169679	25,326168	-2,905777	1,254086	0,981149	241175,125750	-0,186958	11,322216	-0,045063	0,000000	2,038986	-0,124420	-0,124406	0,000000	3,119893	10,091368	0,400187
17,200000	7,727600	7,758715	0,366670	0,109422	2,512706	-17042,257494	-10943,653323	-2986,029735	-15812,248597	-16459,575249	7,603174	68,805104	25,085480	24,402039	30,160696	25,171776	25,331464	-2,905625	1,252466	0,982093	241174,439331	-0,187509	11,322882	-0,045223	0,000000	2,039874	-0,124416	-0,124405	0,000000	3,119845	10,081745	0,400181
17,400000	7,727910	7,758270	0,365797	0,109897	2,534797	-17038,711855	-10942,609385	-2986,197789	-15815,258728	-16462,585380	7,601720	68,802003	25,081902	24,401320	30,155833	25,170037	25,337559	-2,905428	1,251914	0,982852	241191,016721	-0,187961	11,323079	-0,045237	0,000000	2,040035	-0,124414	-0,124403	0,000000	3,119765	10,087712	0,400171
17,600000	7,727761	7,757736	0,362961	0,109513	2,535572	-17026,236159	-10942,379570	-2986,177966	-15824,932184	-16472,258835	7,600299	68,802201	25,082865	24,401815	30,152119	25,166188	25,339350	-2,905310	1,252016	0,982735	241185,090986	-0,188496	11,323218	-0,045174	0,000000	2,038518	-0,124420	-0,124399	0,000000	3,119770	10,108077	0,400171
17,800000	7,727281	7,757184	0,357371	0,108832	2,526304	-17013,182145	-10942,232692	-2985,888628	-15832,727995	-16480,054647	7,598956	68,816290	25,087131	24,402495	30,150685	25,164297	25,335557	-2,905222	1,251992	0,982104	241163,135666	-0,188513	11,323610	-0,045071	0,000000	2,036521	-0,124421	-0,124395	0,000000	3,120135	10,149359	0,400218
18,000000	7,726782	7,756912	0,350930	0,108086	2,510231	-16988,959536	-10942,874379	-2985,491799	-15834,407262	-16481,733913	7,597541	68,839809	25,091394	24,403204	30,149319	25,166983	25,328972	-2,905429	1,252771	0,981685	241166,014845	-0,187786	11,324689	-0,045091	0,000000	2,034407	-0,124411	-0,124395	0,000000	3,120744	10,198353	0,400296
18,200000	7,726141	7,756567	0,349733	0,107938	2,481025	-16958,362083	-10942,919318	-2985,308208	-15825,991672	-16473,318323	7,596233	68,852730	25,095365	24,402840	30,144598	25,172119	25,326106	-2,905732	1,253143	0,981867	241176,477015	-0,188162	11,325664	-0,045159	0,000000	2,033424	-0,124400	-0,124401	0,000000	3,121079	10,207729	0,400339
18,400000	7,725792	7,756031	0,355030	0,108888	2,463377	-16956,644533	-10942,220133	-2985,252453	-15811,560836	-16458,887488	7,594985	68,858300	25,098820	24,402625	30,137985	25,175971	25,329578	-2,905659	1,253599	0,982217	241178,473731	-0,189063	11,325720	-0,045063	0,000000	2,034661	-0,124401	-0,124408	0,000000	3,121223	10,167023	0,400358
18,600000	7,725853	7,755872	0,362163	0,109627	2,470195	-16992,585284	-10942,591409	-2985,092509	-15805,374398	-16452,701049	7,593754	68,868599	25,099900	24,403388	30,136540	25,179292	25,332075	-2,905383	1,254599	0,982027	241191,692676	-0,188563	11,325711	-0,044903	0,000000	2,036111	-0,124407	-0,124409	0,000000	3,121490	10,113497	0,400392
18,800000	7,725749	7,755936	0,367029	0,109419	2,491141	-17032,985437	-10942,231246	-2985,029318	-15808,657541	-16455,984192	7,592487	68,892177	25,098517	24,401871	30,141998	25,182378	25,327976	-2,905343	1,254743	0,981944	241208,219445	-0,187769	11,326058	-0,045005	0,000000	2,036316	-0,124408	-0,124408	0,000000	3,122101	10,078100	0,400470
19,000000	7,725402	7,755641	0,367116	0,109114	2,523801	-17052,156424	-10940,911468	-2984,849184	-15809,927459	-16457,254110	7,591164	68,913780	25,098791	24,400038	30,145493	25,184338	25,321340	-2,905657	1,254509	0,981925	241205,861369	-0,187305	11,326315	-0,045354	0,000000	2,036096	-0,124406	-0,124412	0,000000	3,122660	10,077521	0,400542
19,200000	7,724842	7,755189	0,363277	0,109886	2,549805	-17044,767611	-10941,624696	-2984,716742	-15804,514765	-16451,841416	7,590031	68,908069	25,105402	24,401770	30,139957	25,185016	25,317126	-2,906017	1,253958	0,982203	241203,210370	-0,187396	11,326426	-0,045690	0,000000	2,036423	-0,124404	-0,124417	0,000000	3,122512	10,105245	0,400523
19,400000	7,724047	7,754981	0,360031	0,111277	2,554505	-17016,367464	-10942,604983	-2985,068636	-15792,854075	-16440,180726	7,589073	68,865876	25,113800	24,404440	30,132696	25,183980	25,315547	-2,906055	1,253116	0,982595	241213,173412	-0,188303	11,326694	-0,045664	0,000000	2,037255	-0,124406	-0,124419	0,000000	3,121419	10,129035	0,400383
19,600000	7,723435	7,755066	0,359469	0,111682	2,536824	-16989,757624	-10941,943145	-2985,176464	-15777,970657	-16425,297309	7,588012	68,790015	25,112972	24,404745	30,135889	25,180777	25,314508	-2,905804	1,253302	0,981913	241206,829904	-0,188282	11,327050	-0,045247	0,000000	2,037747	-0,124409	-0,124417	0,000000	3,119454	10,133735	0,400131
19,800000	7,723055	7,755180	0,361169	0,111481	2,498635	-16980,181790	-10942,253543	-2984,779898	-15764,962645	-16412,289296	7,586657	68,725159	25,103190	24,404498	30,144857	25,178586	25,315249	-2,905630	1,253340	0,981328	241192,077472	-0,186868	11,327163	-0,045134	0,000000	2,038032	-0,124408	-0,124411	0,000000	3,117773	10,121616	0,399915
20,000000	7,722709	7,754804	0,364778	0,111883	2,467322	-16982,372695	-10943,646504	-2984,527686	-15752,965893	-16400,292544	7,585021	68,709732	25,094803	24,405337	30,149131	25,181114	25,318492	-2,905709	1,253445	0,981678	241208,015351	-0,186358	11,327050	-0,045294	0,000000	2,038441	-0,124409	-0,124409	0,000000	3,117373	10,094419	0,399864
20,200000	7,722531	7,754145	0,368975	0,112334	2,464305	-16987,374498	-10945,023636	-2984,766364	-15738,469521	-16385,796172	7,583435	68,723551	25,092807	24,405356	30,150731	25,183477	25,320535	-2,905974	1,254190	0,981448	241240,176478	-0,187256	11,326809	-0,045289	0,000000	2,038804	-0,124407	-0,124417	0,000000	3,117732	10,062537	0,399910
20,400000	7,722385	7,753856	0,372690	0,112009	2,486237	-16992,754386	-10945,648704	-2985,201928	-15729,022105	-16376,348756	7,582251	68,734853	25,095293	24,404424	30,152755	25,180427	25,319552	-2,906104	1,253961	0,980417	241261,550186	-0,187856	11,326793	-0,045180	0,000000	2,039574	-0,124405	-0,124423	0,000000	3,118025	10,035047	0,399948
20,600000	7,722070	7,753799	0,375045	0,111339	2,523036	-17006,844560	-10944,151780	-2985,233024	-15735,691436	-16383,018087	7,581106	68,740044	25,097051	24,403538	30,155507	25,175084	25,317548	-2,905881	1,254319	0,980555	241289,811010	-0,187623	11,327317	-0,044909	0,000000	2,040130	-0,124410	-0,124424	0,000000	3,118159	10,018380	0,399965
20,800000	7,721705	7,753770	0,375708	0,110578	2,557098	-17023,163219	-10942,626390	-2984,839635	-15753,661223	-16400,987875	7,579675	68,742357	25,093935	24,402232	30,158740	25,170523	25,317182	-2,905650	1,254353	0,981617	241314,672983	-0,186761	11,327742	-0,044695	0,000000	2,039818	-0,124415	-0,124416	0,000000	3,118219	10,014043	0,399973
21,000000	7,721674	7,753787	0,376011	0,109855	2,572680	-17028,507828	-10942,932904	-2984,771448	-15768,506070	-16415,832721	7,578277	68,725039	25,089063	24,400802	30,159291	25,165934	25,321108	-2,905672	1,252304	0,982037	241300,350173	-0,186300	11,327821	-0,044860	0,000000	2,038828	-0,124415	-0,124405	0,000000	3,117770	10,011996	0,399915
21,200000	7,721995	7,753535	0,376877	0,109763	2,559942	-17033,337247	-10942,818885	-2985,298343	-15773,260005	-16420,586656	7,577036	68,696432	25,088055	24,400697	30,155585	25,161875	25,329089	-2,905708	1,251544	0,981827	241269,881305	-0,187185	11,328055	-0,045141	0,000000	2,038124	-0,124416	-0,124404	0,000000	3,117028	10,005494	0,399820
21,400000	7,721922	7,752978	0,377877	0,109404	2,524549	-17043,654370	-10941,772417	-2985,698282	-15775,464929	-16422,791580	7,575792	68,687895	25,089945	24,402171	30,152177	25,161599	25,336124	-2,905611	1,252289	0,980919	241257,717432	-0,187882	11,328300	-0,045210	0,000000	2,038340	-0,124417	-0,124407	0,000000	3,116807	9,997641	0,399791
21,600000	7,721304	7,752450	0,379446	0,108405	2,496330	-17053,108810	-10941,530431	-2985,886993	-15781,557586	-16428,884237	7,574474	68,702947	25,089564	24,403177	30,151656	25,165568	25,338364	-2,905533	1,251993	0,980357	241265,429808	-0,188130	11,328380	-0,045095	0,000000	2,038266	-0,124415	-0,124408	0,000000	3,117197	9,985682	0,399842
21,800000	7,721027	7,751998	0,381372	0,108963	2,489887	-17069,944069	-10942,043585	-2985,966827	-15789,415238	-16436,741889	7,573234	68,727589	25,085978	24,402328	30,152592	25,170103	25,337258	-2,905442	1,251412	0,981007	241274,999801	-0,188482	11,328551	-0,044908	0,000000	2,037477	-0,124416	-0,124405	0,000000	3,117836	9,971445	0,399923
22,000000	7,721185	7,751526	0,382344	0,110355	2,498951	-17090,357006	-10942,922654	-2985,663163	-15797,201942	-16444,528594	7,572144	68,751875	25,084146	24,401612	30,153832	25,171921	25,335151	-2,905402	1,251213	0,982191	241273,696674	-0,188048	11,328993	-0,044813	0,000000	2,036768	-0,124418	-0,124401	0,000000	3,118466	9,964353	0,400004
22,200000	7,721088	7,751018	0,382311	0,109781	2,528494	-17093,979066	-10943,878356	-2985,729498	-15800,877017	-16448,203668	7,570972	68,767413	25,087753	24,401850	30,153256	25,169272	25,331801	-2,905557	1,251578	0,982916	241253,169756	-0,187944	11,329607	-0,044891	0,000000	2,036314	-0,124416	-0,124404	0,000000	3,118868	9,964518	0,400056
22,400000	7,720834	7,750496	0,381430	0,108629	2,563392	-17079,602126	-10943,830555	-2986,091730	-15796,399759	-16443,726411	7,569667	68,756172	25,095936	24,401228	30,149403	25,166400	25,327664	-2,905662	1,252746	0,982838	241225,703075	-0,189041	11,330143	-0,044972	0,000000	2,035401	-0,124409	-0,124405	0,000000	3,118577	9,970645	0,400018
22,600000	7,720380	7,750053	0,380540	0,108959	2,573441	-17061,784406	-10942,299815	-2985,657921	-15788,522810	-16435,849461	7,568418	68,731966	25,104272	24,400592	30,142865	25,170857	25,325083	-2,905591	1,253341	0,982318	241216,438355	-0,189520	11,330572	-0,045174	0,000000	2,034766	-0,124404	-0,124399	0,000000	3,117950	9,976752	0,399938
22,800000	7,719693	7,749791	0,379962	0,109957	2,560402	-17051,269532	-10941,184168	-2985,077566	-15779,979390	-16427,306041	7,567090	68,738000	25,107846	24,401114	30,139627	25,180664	25,324805	-2,905651	1,253422	0,981644	241221,135919	-0,188713	11,330831	-0,045482	0,000000	2,034963	-0,124404	-0,124396	0,000000	3,118106	9,980740	0,399958
23,000000	7,719352	7,749691	0,378479	0,110479	2,534652	-17031,011730	-10942,191289	-2984,930655	-15763,817771	-16411,144423	7,565607	68,768278	25,108846	24,401957	30,141897	25,186679	25,324936	-2,905911	1,253657	0,981553	241238,693263	-0,187993	11,330878	-0,045479	0,000000	2,035744	-0,124411	-0,124401	0,000000	3,118891	9,991457	0,400059
23,200000	7,719091	7,749671	0,376529	0,110610	2,509248	-16998,907464	-10943,032707	-2984,837541	-15746,700264	-16394,026916	7,564202	68,786020	25,110312	24,402755	30,145695	25,186484	25,324413	-2,906023	1,254290	0,981787	241267,136964	-0,187617	11,331072	-0,045262	0,000000	2,037560	-0,124416	-0,124411	0,000000	3,119351	10,005862	0,400118
23,400000	7,718324	7,749744	0,376736	0,110766	2,498598	-16984,168355	-10941,994610	-2985,018515	-15744,365193	-16391,691844	7,562912	68,781332	25,110751	24,402809	30,147911	25,185204	25,321414	-2,905876	1,254826	0,981950	241289,971544	-0,187266	11,331448	-0,045221	0,000000	2,038333	-0,124412	-0,124417	0,000000	3,119229	10,004839	0,400102
23,600000	7,717423	7,749626	0,380241	0,110355	2,498636	-16993,843981	-10940,297210	-2985,136280	-15753,479716	-16400,806367	7,561830	68,772993	25,110664	24,401540	30,145907	25,185387	25,316167	-2,905593	1,253836	0,981957	241291,542188	-0,187573	11,331598	-0,045246	0,000000	2,037061	-0,124403	-0,124417	0,000000	3,119013	9,979396	0,400074
23,800000	7,717099	7,749305	0,384511	0,110528	2,513669	-17021,152471	-10940,169942	-2984,802326	-15761,762951	-16409,089602	7,560741	68,769648	25,109747	24,402325	30,142493	25,184707	25,313493	-2,905448	1,253394	0,981301	241280,248362	-0,187976	11,331318	-0,045139	0,000000	2,035664	-0,124398	-0,124413	0,000000	3,118926	9,947857	0,400063
24,000000	7,717166	7,749068	0,386866	0,112705	2,543482	-17055,035909	-10941,791238	-2984,631551	-15764,567563	-16411,894214	7,559217	68,775293	25,108604	24,407238	30,141417	25,181531	25,314622	-2,905666	1,254396	0,980303	241274,683303	-0,187321	11,330714	-0,045161	0,000000	2,035966	-0,124403	-0,124411	0,000000	3,119073	9,929960	0,400082
24,200000	7,716948	7,748833	0,386939	0,113984	2,567232	-17073,946506	-10943,190844	-2984,677011	-15764,120703	-16411,447354	7,557601	68,812213	25,107851	24,410547	30,145228	25,177338	25,317022	-2,905861	1,253759	0,979834	241284,818316	-0,185932	11,330489	-0,045365	0,000000	2,038556	-0,124411	-0,124416	0,000000	3,120029	9,928981	0,400205
24,400000	7,716657	7,748739	0,386410	0,112486	2,573287	-17066,296948	-10944,042635	-2984,837126	-15764,006606	-16411,333258	7,556296	68,867144	25,102773	24,408427	30,153317	25,173984	25,319064	-2,905721	1,252943	0,980374	241292,329396	-0,185335	11,330993	-0,045299	0,000000	2,041169	-0,124412	-0,124418	0,000000	3,121452	9,933444	0,400387
24,600000	7,716414	7,748670	0,386566	0,111165	2,559986	-17049,725507	-10943,832903	-2985,461912	-15768,132767	-16415,459418	7,555287	68,894023	25,094013	24,404202	30,158768	25,173155	25,323559	-2,905492	1,253019	0,980918	241264,655335	-0,186739	11,331454	-0,045027	0,000000	2,041802	-0,124408	-0,124414	0,000000	3,122148	9,932979	0,400477
24,800000	7,716235	7,748211	0,386827	0,111609	2,534998	-17042,992264	-10942,436423	-2985,897199	-15780,623520	-16427,950171	7,554231	68,886184	25,090433	24,401846	30,158382	25,175128	25,329267	-2,905409	1,252038	0,981170	241228,462747	-0,188578	11,331286	-0,044989	0,000000	2,041572	-0,124407	-0,124413	0,000000	3,121945	9,930507	0,400451
25,000000	7,716281	7,747556	0,387923	0,111863	2,512832	-17047,466083	-10941,708246	-2985,366330	-15796,874438	-16444,201089	7,552741	68,864679	25,093397	24,402198	30,156583	25,174570	25,328455	-2,905539	1,252267	0,981563	241217,086807	-0,188439	11,330869	-0,045154	0,000000	2,040821	-0,124413	-0,124413	0,000000	3,121388	9,921479	0,400379
25,200000	7,716097	7,747103	0,389669	0,111289	2,504197	-17062,300944	-10941,566961	-2984,633922	-15809,348799	-16456,675451	7,551170	68,850989	25,095398	24,403502	30,155240	25,168244	25,323402	-2,905784	1,253603	0,981841	241205,492106	-0,187266	11,331010	-0,045278	0,000000	2,039808	-0,124418	-0,124410	0,000000	3,121034	9,908527	0,400334
25,400000	7,715842	7,746878	0,390574	0,110961	2,517709	-17074,556993	-10941,737818	-2984,735375	-15817,703385	-16465,030037	7,549828	68,857719	25,093863	24,404044	30,153489	25,161530	25,322753	-2,905836	1,253732	0,982168	241183,118883	-0,187110	11,331878	-0,045265	0,000000	2,039715	-0,124416	-0,124408	0,000000	3,121208	9,902503	0,400356
25,600000	7,715817	7,746637	0,391735	0,110991	2,542630	-17079,821855	-10942,927864	-2985,307062	-15826,718479	-16474,045130	7,548558	68,871911	25,089980	24,403219	30,153527	25,159781	25,329197	-2,905708	1,253334	0,982277	241184,885021	-0,187717	11,332762	-0,045244	0,000000	2,038523	-0,124408	-0,124407	0,000000	3,121576	9,894771	0,400403
25,800000	7,715808	7,746132	0,393887	0,110808	2,560632	-17089,321410	-10943,039510	-2985,560360	-15833,980469	-16481,307121	7,547478	68,884349	25,087385	24,401725	30,154180	25,162590	25,339137	-2,905633	1,251951	0,981971	241198,449595	-0,188344	11,332910	-0,045345	0,000000	2,036024	-0,124404	-0,124406	0,000000	3,121898	9,879121	0,400444
26,000000	7,715786	7,745442	0,393983	0,110109	2,573589	-17095,612226	-10941,802639	-2985,402736	-15829,273859	-16476,600510	7,546416	68,892719	25,090810	24,401550	30,152293	25,166908	25,344671	-2,905536	1,250976	0,981261	241182,535664	-0,188211	11,332630	-0,045358	0,000000	2,035095	-0,124408	-0,124403	0,000000	3,122115	9,877353	0,400472
26,200000	7,715590	7,744948	0,389622	0,109011	2,573928	-17082,651099	-10941,643776	-2985,013127	-15819,945020	-16467,271671	7,544975	68,893584	25,095840	24,402872	30,151779	25,171606	25,339567	-2,905497	1,252532	0,980808	241148,380505	-0,187078	11,332661	-0,045137	0,000000	2,035839	-0,124413	-0,124397	0,000000	3,122137	9,907773	0,400475
26,400000	7,715070	7,744930	0,383269	0,108100	2,547939	-17056,580711	-10942,586430	-2984,851274	-15820,773949	-16468,100600	7,543404	68,890711	25,097349	24,402899	30,154821	25,174033	25,328930	-2,905675	1,253416	0,981242	241125,041195	-0,186438	11,333105	-0,045069	0,000000	2,036212	-0,124410	-0,124398	0,000000	3,122063	9,953762	0,400466
26,600000	7,714525	7,744887	0,378664	0,108314	2,517057	-17037,838375	-10942,933795	-2985,229360	-15823,859414	-16471,186065	7,542145	68,883021	25,098061	24,400387	30,153576	25,170619	25,323501	-2,905716	1,251864	0,981423	241129,925749	-0,187329	11,333615	-0,045322	0,000000	2,035583	-0,124404	-0,124406	0,000000	3,121864	9,987467	0,400440
26,800000	7,714279	7,744331	0,377598	0,109146	2,500207	-17032,076971	-10941,700815	-2985,601302	-15822,024978	-16469,351630	7,541141	68,876552	25,101032	24,398793	30,144578	25,166873	25,325781	-2,905581	1,250870	0,981398	241148,513940	-0,188584	11,333860	-0,045536	0,000000	2,034809	-0,124400	-0,124409	0,000000	3,121696	9,994530	0,400419
27,000000	7,713996	7,743849	0,381567	0,109234	2,497080	-17045,588620	-10940,142185	-2985,633514	-15823,529792	-16470,856443	7,539918	68,880946	25,106792	24,400200	30,134071	25,169620	25,328331	-2,905728	1,251331	0,981796	241150,396820	-0,189027	11,333875	-0,045437	0,000000	2,034375	-0,124401	-0,124403	0,000000	3,121810	9,964874	0,400433
27,200000	7,713367	7,743753	0,389132	0,109239	2,513372	-17085,544166	-10940,683184	-2985,359694	-15826,976305	-16474,302956	7,538515	68,894805	25,111402	24,402061	30,130982	25,177037	25,325363	-2,906023	1,252652	0,981254	241129,628919	-0,188629	11,333885	-0,045157	0,000000	2,034714	-0,124404	-0,124401	0,000000	3,122169	9,910326	0,400479
27,400000	7,712655	7,743748	0,394912	0,110189	2,539279	-17121,229702	-10942,825671	-2984,882150	-15825,152086	-16472,478737	7,537294	68,913806	25,110590	24,403448	30,137112	25,185756	25,320934	-2,906107	1,253911	0,980044	241108,372277	-0,187641	11,334122	-0,045062	0,000000	2,035575	-0,124408	-0,124406	0,000000	3,122661	9,869601	0,400542
27,600000	7,712138	7,743707	0,396481	0,111625	2,564909	-17123,708201	-10944,129489	-2984,804822	-15818,443075	-16465,769726	7,536051	68,923224	25,107149	24,404582	30,142690	25,191778	25,319028	-2,906113	1,254196	0,980017	241117,535993	-0,187170	11,334301	-0,045266	0,000000	2,036944	-0,124410	-0,124412	0,000000	3,122905	9,858758	0,400574
27,800000	7,711998	7,743344	0,395671	0,112386	2,584013	-17101,565379	-10943,799656	-2985,087895	-15806,361625	-16453,688276	7,534667	68,913251	25,106844	24,404073	30,143763	25,188588	25,317497	-2,906139	1,253901	0,980328	241147,096696	-0,187361	11,334050	-0,045557	0,000000	2,038523	-0,124409	-0,124415	0,000000	3,122646	9,863906	0,400540
28,000000	7,711914	7,742718	0,396048	0,112106	2,580707	-17072,327346	-10942,053788	-2985,307101	-15788,388701	-16435,715352	7,533428	68,907918	25,109808	24,402254	30,146158	25,178595	25,315311	-2,906006	1,252992	0,980610	241164,344305	-0,187775	11,333944	-0,045625	0,000000	2,038976	-0,124406	-0,124415	0,000000	3,122508	9,860579	0,400523
28,200000	7,711394	7,742464	0,399449	0,111738	2,560752	-17059,148489	-10940,726029	-2985,420130	-15772,552280	-16419,878932	7,532187	68,917895	25,111987	24,402255	30,148353	25,173218	25,313531	-2,905687	1,252833	0,981789	241170,684789	-0,188001	11,334434	-0,045419	0,000000	2,038369	-0,124404	-0,124410	0,000000	3,122767	9,836817	0,400556
28,400000	7,710718	7,742744	0,401880	0,111362	2,539980	-17065,612460	-10941,743531	-2985,356382	-15763,827682	-16411,154333	7,530716	68,909127	25,110689	24,404095	30,146883	25,175746	25,311510	-2,905558	1,252975	0,982015	241172,292183	-0,187672	11,334929	-0,045300	0,000000	2,037851	-0,124404	-0,124408	0,000000	3,122540	9,820388	0,400527
28,600000	7,710112	7,742851	0,400577	0,111186	2,526677	-17064,069514	-10944,019580	-2985,292964	-15758,221448	-16405,548099	7,529469	68,883150	25,106364	24,404743	30,147289	25,178348	25,311848	-2,905863	1,251872	0,980981	241154,550472	-0,187645	11,334963	-0,045420	0,000000	2,038456	-0,124407	-0,124411	0,000000	3,121867	9,829670	0,400440
28,800000	7,709595	7,742313	0,400101	0,111935	2,527770	-17054,729778	-10945,161788	-2985,422023	-15760,006231	-16407,332883	7,528548	68,831575	25,101824	24,405179	30,152650	25,176171	25,317305	-2,906119	1,252208	0,980580	241132,513094	-0,187943	11,334653	-0,045651	0,000000	2,039973	-0,124412	-0,124413	0,000000	3,120531	9,832294	0,400269
29,000000	7,709516	7,741751	0,401953	0,111916	2,541136	-17059,930067	-10944,712056	-2985,664838	-15772,865542	-16420,192193	7,527325	68,712218	25,097140	24,404743	30,159905	25,171829	25,323319	-2,906004	1,253128	0,980828	241129,962155	-0,188013	11,334352	-0,045790	0,000000	2,041326	-0,124414	-0,124413	0,000000	3,117438	9,818656	0,399872
29,200000	7,709809	7,741575	0,400532	0,110391	2,561185	-17061,569528	-10943,881154	-2985,949826	-15787,441636	-16434,768287	7,525731	68,595482	25,091332	24,400110	30,166140	25,168308	25,325530	-2,905758	1,251718	0,981537	241128,583835	-0,188103	11,334679	-0,045552	0,000000	2,040878	-0,124412	-0,124411	0,000000	3,114410	9,829068	0,399484
29,400000	7,710174	7,741283	0,394850	0,109680	2,574380	-17041,366705	-10942,527887	-2986,140136	-15801,289867	-16448,616518	7,524297	68,552821	25,087366	24,396300	30,165983	25,167331	25,327275	-2,905511	1,251159	0,982300	241124,070407	-0,188940	11,335296	-0,045208	0,000000	2,038937	-0,124412	-0,124406	0,000000	3,113303	9,869452	0,399342
29,600000	7,710296	7,740729	0,391482	0,110236	2,568754	-17023,835765	-10940,864309	-2985,812471	-15813,551316	-16460,877968	7,522881	68,552027	25,089331	24,398249	30,159314	25,168140	25,329396	-2,905351	1,252192	0,982675	241126,025262	-0,189370	11,335262	-0,045189	0,000000	2,037966	-0,124417	-0,124403	0,000000	3,113283	9,892411	0,399339
29,800000	7,709875	7,740387	0,392283	0,110058	2,553889	-17024,749802	-10940,692948	-2985,083689	-15817,247698	-16464,574349	7,521356	68,563351	25,095039	24,402439	30,154217	25,167160	25,327708	-2,905458	1,252719	0,982731	241126,763396	-0,188441	11,335167	-0,045323	0,000000	2,038280	-0,124418	-0,124405	0,000000	3,113577	9,885938	0,399377
30,000000	7,709280	7,740176	0,392093	0,108708	2,535621	-17032,151032	-10941,316603	-2984,988144	-15818,793157	-16466,119809	7,520175	68,565100	25,097152	24,404237	30,153554	25,163271	25,326841	-2,905646	1,253323	0,982096	241136,072880	-0,188282	11,335843	-0,045356	0,000000	2,038236	-0,124415	-0,124409	0,000000	3,113622	9,887551	0,399383
30,200000	7,709303	7,739776	0,389780	0,107764	2,514183	-17030,516840	-10941,223751	-2985,611029	-15823,904921	-16471,231572	7,519076	68,546801	25,092959	24,402203	30,154043	25,161659	25,331759	-2,905606	1,253031	0,981514	241159,430814	-0,189261	11,336720	-0,045292	0,000000	2,037416	-0,124411	-0,124408	0,000000	3,113147	9,904409	0,399322
30,400000	7,709827	7,739498	0,389761	0,108233	2,510835	-17022,185630	-10940,749487	-2985,905632	-15824,083186	-16471,409837	7,517709	68,535816	25,088173	24,399772	30,154201	25,167012	25,337187	-2,905519	1,251848	0,981838	241180,979972	-0,189742	11,337013	-0,045170	0,000000	2,035866	-0,124406	-0,124403	0,000000	3,112862	9,904575	0,399285
30,600000	7,709923	7,739424	0,392244	0,109095	2,530169	-17023,746012	-10940,471142	-2985,681273	-15814,844660	-16462,171312	7,516451	68,554211	25,090560	24,400441	30,152748	25,175155	25,337660	-2,905600	1,251511	0,981961	241177,632893	-0,189541	11,336864	-0,045061	0,000000	2,034092	-0,124406	-0,124397	0,000000	3,113339	9,886617	0,399347
30,800000	7,709381	7,739185	0,391610	0,109251	2,550322	-17029,905118	-10941,281415	-2985,421799	-15800,922549	-16448,249200	7,515272	68,594922	25,099241	24,402312	30,147706	25,179473	25,330537	-2,905702	1,251649	0,981452	241169,023968	-0,188677	11,336796	-0,045077	0,000000	2,034362	-0,124412	-0,124398	0,000000	3,114396	9,890564	0,399482
31,000000	7,708450	7,738784	0,386018	0,109268	2,565494	-17019,073704	-10942,562500	-2985,140818	-15794,969111	-16442,295763	7,514082	68,638961	25,106533	24,403040	30,142290	25,179858	25,320039	-2,905781	1,252840	0,981829	241196,325181	-0,187814	11,336820	-0,045347	0,000000	2,035767	-0,124414	-0,124407	0,000000	3,115538	9,929849	0,399629
31,200000	7,707518	7,738364	0,381071	0,109665	2,565851	-16996,478608	-10942,212456	-2985,023693	-15802,735797	-16450,062448	7,513215	68,655445	25,109312	24,401875	30,139914	25,178565	25,316580	-2,905927	1,254245	0,982889	241242,560520	-0,188366	11,336894	-0,045583	0,000000	2,035852	-0,124410	-0,124414	0,000000	3,115966	9,964977	0,399684
31,400000	7,707144	7,738030	0,381016	0,110452	2,547123	-16997,448500	-10941,000677	-2985,175519	-15812,267050	-16459,593702	7,512280	68,642555	25,109202	24,400036	30,137792	25,176718	25,320625	-2,905918	1,253689	0,982909	241267,875292	-0,189088	11,337190	-0,045427	0,000000	2,035097	-0,124404	-0,124414	0,000000	3,115631	9,965243	0,399641
31,600000	7,707122	7,737964	0,382998	0,111214	2,524878	-17026,896039	-10941,078619	-2985,192370	-15815,273546	-16462,600197	7,510836	68,632667	25,109401	24,401967	30,134345	25,177982	25,324475	-2,905745	1,252852	0,982066	241260,357547	-0,188483	11,337618	-0,045373	0,000000	2,035064	-0,124401	-0,124410	0,000000	3,115375	9,951079	0,399608
31,800000	7,706616	7,737907	0,383398	0,111067	2,507356	-17051,496744	-10942,208822	-2985,022097	-15813,923024	-16461,249675	7,509251	68,629787	25,111222	24,406373	30,134157	25,184565	25,322900	-2,905744	1,252584	0,980884	241245,377913	-0,187811	11,337877	-0,045663	0,000000	2,036398	-0,124403	-0,124408	0,000000	3,115300	9,948206	0,399598
32,000000	7,705609	7,737640	0,381873	0,110521	2,506561	-17055,484521	-10943,572111	-2984,909299	-15812,012936	-16459,339588	7,507854	68,625135	25,110431	24,407535	30,138770	25,190089	25,316509	-2,905883	1,253048	0,980133	241239,262199	-0,187596	11,338012	-0,045720	0,000000	2,038141	-0,124404	-0,124413	0,000000	3,115179	9,959112	0,399583
32,200000	7,704807	7,737574	0,380236	0,111060	2,522253	-17039,515649	-10944,292193	-2985,157907	-15809,597601	-16456,924252	7,506696	68,620597	25,105413	24,405846	30,146063	25,189653	25,314710	-2,905941	1,254339	0,980543	241243,876721	-0,187422	11,338104	-0,045631	0,000000	2,039072	-0,124402	-0,124422	0,000000	3,115062	9,971233	0,399568
32,400000	7,704657	7,737632	0,379204	0,112131	2,536709	-17016,621476	-10943,639720	-2985,578263	-15804,341389	-16451,668040	7,505635	68,615530	25,100406	24,403580	30,151267	25,184756	25,318708	-2,905783	1,254561	0,981243	241254,332730	-0,187877	11,337980	-0,045595	0,000000	2,039311	-0,124404	-0,124424	0,000000	3,114930	9,978906	0,399551
32,600000	7,704906	7,737322	0,377506	0,112092	2,545500	-17002,440511	-10943,270683	-2985,400328	-15800,032309	-16447,358960	7,504338	68,616336	25,098656	24,402073	30,151119	25,176767	25,317441	-2,905602	1,254251	0,981541	241244,142016	-0,187780	11,337674	-0,045324	0,000000	2,039448	-0,124411	-0,124414	0,000000	3,114951	9,990630	0,399553
32,800000	7,704749	7,736789	0,374764	0,110782	2,545586	-16988,220844	-10944,062312	-2984,853034	-15803,204459	-16450,531111	7,502780	68,613868	25,099889	24,402993	30,151199	25,171386	25,312189	-2,905663	1,253653	0,981208	241225,313685	-0,186796	11,337440	-0,045161	0,000000	2,039027	-0,124415	-0,124404	0,000000	3,114887	10,009715	0,399545
33,000000	7,704374	7,736200	0,373017	0,109635	2,534136	-16974,851236	-10944,204399	-2984,736906	-15813,188700	-16460,515351	7,501351	68,603704	25,100196	24,403751	30,151558	25,171688	25,310799	-2,905723	1,252391	0,980708	241230,039650	-0,186504	11,337701	-0,045289	0,000000	2,039012	-0,124415	-0,124408	0,000000	3,114624	10,022002	0,399511
33,200000	7,704463	7,735627	0,375661	0,109820	2,515876	-16983,879544	-10943,546335	-2984,867637	-15819,492630	-16466,819281	7,500243	68,601114	25,096353	24,402368	30,152054	25,173184	25,313893	-2,905653	1,252376	0,980384	241243,973096	-0,186762	11,338160	-0,045235	0,000000	2,039653	-0,124411	-0,124417	0,000000	3,114556	10,002541	0,399503
33,400000	7,704581	7,735261	0,380834	0,110376	2,501786	-17011,072755	-10943,202558	-2985,208671	-15816,013391	-16463,340042	7,499150	68,595473	25,091480	24,401201	30,156788	25,172371	25,321591	-2,905658	1,252170	0,980269	241247,661239	-0,187691	11,338367	-0,045031	0,000000	2,039883	-0,124412	-0,124420	0,000000	3,114410	9,965013	0,399484
33,600000	7,704321	7,734846	0,382123	0,110303	2,506943	-17028,158227	-10942,882378	-2985,660483	-15812,234427	-16459,561078	7,497788	68,588149	25,089160	24,401043	30,161300	25,167724	25,331024	-2,905572	1,250974	0,980795	241244,630289	-0,188735	11,338684	-0,044999	0,000000	2,040316	-0,124418	-0,124413	0,000000	3,114220	9,955674	0,399460
33,800000	7,704180	7,734496	0,379360	0,109365	2,524053	-17025,318657	-10943,177675	-2985,741217	-15819,073084	-16466,399736	7,496174	68,590498	25,087782	24,401288	30,162995	25,164005	25,334344	-2,905361	1,251320	0,981751	241250,229849	-0,188797	11,339342	-0,044956	0,000000	2,039677	-0,124424	-0,124404	0,000000	3,114281	9,975851	0,399467
34,000000	7,704029	7,734290	0,377736	0,108088	2,534713	-17023,295620	-10943,712105	-2985,616305	-15834,234967	-16481,561619	7,494611	68,592885	25,087509	24,401181	30,161181	25,165578	25,331328	-2,905471	1,251894	0,982661	241272,598137	-0,188666	11,340173	-0,044857	0,000000	2,037157	-0,124421	-0,124403	0,000000	3,114343	9,988054	0,399475
34,200000	7,703724	7,733658	0,378229	0,108373	2,543368	-17032,050970	-10942,227472	-2985,558070	-15839,202986	-16486,529638	7,493537	68,587824	25,090812	24,401367	30,152512	25,166463	25,329519	-2,905764	1,251918	0,983102	241291,670326	-0,189373	11,340717	-0,044961	0,000000	2,035082	-0,124414	-0,124407	0,000000	3,114212	9,983943	0,399459
34,400000	7,703801	7,733003	0,377454	0,109961	2,547685	-17032,732453	-10940,545616	-2985,557959	-15827,136861	-16474,463512	7,492566	68,579752	25,095776	24,403155	30,142933	25,163931	25,331821	-2,905807	1,252678	0,982656	241299,203615	-0,189931	11,340915	-0,045232	0,000000	2,034981	-0,124414	-0,124405	0,000000	3,114002	9,988607	0,399432
34,600000	7,703688	7,732896	0,374365	0,110377	2,534213	-17021,285334	-10941,170928	-2985,589218	-15820,614878	-16467,941529	7,491109	68,582444	25,098216	24,404273	30,142889	25,163890	25,335755	-2,905651	1,252758	0,981586	241309,588263	-0,189059	11,341121	-0,045411	0,000000	2,035800	-0,124417	-0,124394	0,000000	3,114072	10,011081	0,399441
34,800000	7,703173	7,732876	0,370661	0,109459	2,518672	-17007,376133	-10942,235337	-2985,549523	-15828,264682	-16475,591333	7,489602	68,612198	25,097416	24,403268	30,148591	25,169061	25,336500	-2,905458	1,252446	0,980998	241319,772405	-0,188105	11,341361	-0,045323	0,000000	2,036029	-0,124415	-0,124389	0,000000	3,114844	10,038560	0,399540
35,000000	7,703036	7,732668	0,368203	0,108943	2,508966	-16988,252121	-10942,097527	-2985,300610	-15830,899313	-16478,225964	7,488345	68,660473	25,095961	24,401639	30,148940	25,176740	25,334376	-2,905403	1,252996	0,981249	241314,517258	-0,187854	11,341528	-0,045359	0,000000	2,035689	-0,124412	-0,124398	0,000000	3,116096	10,056576	0,399700
35,200000	7,702847	7,732264	0,368852	0,109765	2,499043	-16973,094935	-10941,313400	-2985,040279	-15821,641532	-16468,968183	7,487095	68,694941	25,099136	24,400966	30,143227	25,182574	25,330816	-2,905577	1,253422	0,982214	241309,230549	-0,187862	11,341618	-0,045646	0,000000	2,035676	-0,124409	-0,124409	0,000000	3,116990	10,051254	0,399815
35,400000	7,702380	7,731665	0,372325	0,110974	2,500427	-16979,926553	-10940,758944	-2984,988836	-15814,272052	-16461,598704	7,485954	68,714377	25,108014	24,401459	30,137772	25,183674	25,322907	-2,905691	1,253391	0,983051	241313,702329	-0,188366	11,341569	-0,045540	0,000000	2,035912	-0,124407	-0,124416	0,000000	3,117494	10,024875	0,399880
35,600000	7,702065	7,731394	0,374822	0,110953	2,511996	-17000,854241	-10941,445252	-2985,006530	-15814,017007	-16461,343658	7,484969	68,730427	25,113522	24,402675	30,136375	25,181670	25,316130	-2,905642	1,252468	0,982599	241303,511657	-0,188476	11,341484	-0,045207	0,000000	2,036181	-0,124408	-0,124416	0,000000	3,117910	10,006192	0,399933
35,800000	7,701493	7,731694	0,372995	0,110228	2,529502	-17012,542939	-10942,349730	-2984,893747	-15814,536900	-16461,863552	7,483750	68,744024	25,111690	24,404784	30,137793	25,180395	25,315871	-2,905679	1,252244	0,981648	241281,908226	-0,187573	11,341820	-0,045244	0,000000	2,036498	-0,124409	-0,124409	0,000000	3,118262	10,020123	0,399978
36,000000	7,700796	7,732046	0,368481	0,110075	2,546044	-17007,264778	-10942,251857	-2984,806593	-15811,503679	-16458,830330	7,482215	68,757889	25,108507	24,405697	30,140135	25,181459	25,318602	-2,905816	1,253657	0,981267	241269,092874	-0,187162	11,342359	-0,045469	0,000000	2,036149	-0,124407	-0,124410	0,000000	3,118622	10,054119	0,400024
36,200000	7,700434	7,731928	0,364977	0,110221	2,541537	-16993,291642	-10942,394425	-2985,059825	-15802,466752	-16449,793403	7,480922	68,763499	25,106399	24,404233	30,142015	25,182501	25,321766	-2,905959	1,253439	0,981396	241263,677174	-0,187679	11,342362	-0,045654	0,000000	2,036139	-0,124401	-0,124416	0,000000	3,118767	10,079918	0,400043
36,400000	7,700247	7,731392	0,364369	0,110132	2,521976	-16982,963361	-10942,980569	-2985,396548	-15791,856478	-16439,183129	7,479939	68,748557	25,105830	24,404097	30,143172	25,182575	25,322953	-2,906018	1,252525	0,981691	241257,533495	-0,187716	11,341767	-0,045671	0,000000	2,037455	-0,124398	-0,124416	0,000000	3,118380	10,083304	0,399993
36,600000	7,700102	7,731004	0,365106	0,109955	2,502277	-16984,541589	-10943,628565	-2985,452476	-15788,673052	-16435,999703	7,478652	68,734112	25,105968	24,405747	30,146580	25,184600	25,319205	-2,905869	1,252800	0,981857	241240,323778	-0,187238	11,340991	-0,045310	0,000000	2,039602	-0,124403	-0,124414	0,000000	3,118005	10,076782	0,399945
36,800000	7,699812	7,730964	0,364450	0,109700	2,487678	-16985,334192	-10944,155073	-2985,171669	-15793,360903	-16440,687554	7,477099	68,736309	25,101527	24,404913	30,153254	25,185174	25,313627	-2,905717	1,252470	0,981492	241216,789362	-0,186769	11,340781	-0,045024	0,000000	2,041302	-0,124410	-0,124410	0,000000	3,118062	10,081646	0,399952
37,000000	7,699494	7,730863	0,362553	0,109772	2,486126	-16972,767897	-10944,185843	-2984,859620	-15794,378391	-16441,705043	7,475762	68,747958	25,094596	24,402086	30,157990	25,177598	25,312253	-2,905771	1,253046	0,981034	241211,664197	-0,186590	11,341387	-0,045147	0,000000	2,041447	-0,124415	-0,124404	0,000000	3,118364	10,096362	0,399991
37,200000	7,699524	7,730482	0,359104	0,109957	2,496682	-16951,816408	-10943,920736	-2984,906372	-15789,540118	-16436,866769	7,474604	68,760549	25,092583	24,401212	30,156474	25,167741	25,316953	-2,905773	1,254480	0,980976	241218,776189	-0,187229	11,341921	-0,045270	0,000000	2,040776	-0,124415	-0,124401	0,000000	3,118691	10,122009	0,400033
37,400000	7,699676	7,730082	0,354653	0,109330	2,511424	-16927,582830	-10943,551485	-2985,156992	-15791,486691	-16438,813342	7,473535	68,748770	25,095323	24,401957	30,154916	25,164857	25,322939	-2,905626	1,254228	0,981202	241220,163136	-0,188037	11,341903	-0,045199	0,000000	2,039963	-0,124411	-0,124400	0,000000	3,118385	10,154718	0,399994
37,600000	7,699422	7,729805	0,353262	0,108890	2,517957	-16914,570950	-10943,528420	-2985,462721	-15802,236471	-16449,563122	7,472348	68,728153	25,096936	24,401967	30,157696	25,168288	25,326712	-2,905445	1,253941	0,981512	241237,641465	-0,188417	11,341695	-0,045121	0,000000	2,038956	-0,124409	-0,124401	0,000000	3,117851	10,164743	0,399925
37,800000	7,699051	7,729733	0,354709	0,108966	2,509408	-16923,552490	-10943,656268	-2985,633622	-15810,400424	-16457,727075	7,470724	68,730553	25,092401	24,401972	30,158571	25,173030	25,330390	-2,905267	1,253475	0,981463	241257,660489	-0,188482	11,341559	-0,045150	0,000000	2,037993	-0,124412	-0,124402	0,000000	3,117913	10,153703	0,399933
38,000000	7,699001	7,729648	0,355529	0,108815	2,499458	-16935,429568	-10943,340131	-2985,467013	-15809,391403	-16456,718054	7,468863	68,744250	25,085188	24,402265	30,156546	25,173735	25,333249	-2,905371	1,252407	0,981763	241237,837213	-0,188370	11,341652	-0,045226	0,000000	2,037830	-0,124415	-0,124404	0,000000	3,118268	10,147469	0,399979
38,200000	7,698962	7,729097	0,355962	0,109082	2,492791	-16934,645694	-10942,998378	-2985,376092	-15805,635014	-16452,961665	7,467378	68,741790	25,084405	24,401559	30,154199	25,167766	25,334853	-2,905673	1,252731	0,982441	241191,689597	-0,188610	11,341872	-0,045271	0,000000	2,037822	-0,124413	-0,124409	0,000000	3,118204	10,143722	0,399971
38,400000	7,698846	7,728360	0,356929	0,109082	2,484005	-16939,599781	-10942,491369	-2985,776390	-15806,297254	-16453,623905	7,466512	68,723287	25,089953	24,400712	30,151974	25,161153	25,336037	-2,905631	1,252597	0,982480	241157,955601	-0,189240	11,342025	-0,045332	0,000000	2,036952	-0,124410	-0,124409	0,000000	3,117725	10,135729	0,399909
38,600000	7,698714	7,727994	0,358158	0,108293	2,488133	-16968,971499	-10941,799525	-2986,105100	-15811,752735	-16459,079386	7,465637	68,721267	25,094329	24,401109	30,150652	25,161526	25,334061	-2,905430	1,252285	0,982464	241153,329623	-0,189369	11,342361	-0,045402	0,000000	2,035522	-0,124410	-0,124401	0,000000	3,117672	10,126369	0,399902
38,800000	7,698349	7,728235	0,359152	0,108212	2,504321	-17004,424314	-10941,168258	-2985,815455	-15816,020312	-16463,346963	7,464388	68,738562	25,095618	24,401959	30,147343	25,166616	25,329880	-2,905560	1,253558	0,982420	241158,859638	-0,188792	11,342813	-0,045496	0,000000	2,034238	-0,124411	-0,124396	0,000000	3,118121	10,119502	0,399960
39,000000	7,697748	7,728446	0,360763	0,109044	2,512916	-17023,862904	-10940,914327	-2985,198678	-15810,367014	-16457,693665	7,462994	68,746934	25,097100	24,402108	30,140331	25,169992	25,328510	-2,905845	1,253767	0,982031	241163,544697	-0,187879	11,342892	-0,045816	0,000000	2,034656	-0,124410	-0,124398	0,000000	3,118338	10,107594	0,399988
39,200000	7,696993	7,728013	0,364931	0,109852	2,518815	-17037,047064	-10941,934036	-2984,889813	-15796,558596	-16443,885247	7,461553	68,736803	25,099921	24,403293	30,134425	25,172105	25,330273	-2,905965	1,253255	0,982264	241162,423060	-0,187475	11,342588	-0,046009	0,000000	2,036406	-0,124408	-0,124400	0,000000	3,118075	10,075710	0,399954
39,400000	7,696258	7,727394	0,369568	0,109818	2,524241	-17051,452886	-10942,922894	-2985,397514	-15786,748117	-16434,074768	7,460297	68,729535	25,102022	24,404173	30,135867	25,176422	25,331276	-2,905793	1,252961	0,982938	241147,256819	-0,188616	11,342272	-0,045721	0,000000	2,037223	-0,124407	-0,124404	0,000000	3,117887	10,040606	0,399930
39,600000	7,695962	7,726726	0,371066	0,109219	2,525693	-17054,689509	-10942,277269	-2985,812497	-15784,921627	-16432,248278	7,459297	68,747988	25,101447	24,400850	30,141520	25,181851	25,328585	-2,905432	1,252112	0,982684	241131,303720	-0,189555	11,342275	-0,045458	0,000000	2,036364	-0,124402	-0,124409	0,000000	3,118365	10,029166	0,399991
39,800000	7,695843	7,726099	0,371864	0,109832	2,527476	-17051,492410	-10941,418194	-2985,231511	-15780,895374	-16428,222025	7,458086	68,774484	25,101378	24,398314	30,142501	25,186706	25,323749	-2,905330	1,252771	0,981275	241123,502958	-0,188644	11,342634	-0,045431	0,000000	2,035359	-0,124399	-0,124409	0,000000	3,119052	10,023049	0,400079
40,000000	7,695324	7,725780	0,377240	0,111640	2,522272	-17059,842149	-10941,823980	-2984,719517	-15770,070253	-16417,396905	7,456475	68,772192	25,106271	24,401138	30,138416	25,189547	25,318493	-2,905644	1,254151	0,980112	241118,081848	-0,187282	11,343081	-0,045322	0,000000	2,035775	-0,124403	-0,124410	0,000000	3,118992	9,983703	0,400072
40,200000	7,694614	7,725648	0,386630	0,112247	2,517888	-17087,036767	-10943,308612	-2984,816705	-15757,360707	-16404,687358	7,454949	68,753192	25,112075	24,405233	30,136629	25,187928	25,313406	-2,906015	1,254426	0,980216	241104,760790	-0,186540	11,343431	-0,045123	0,000000	2,037268	-0,124404	-0,124414	0,000000	3,118500	9,916024	0,400009
40,400000	7,694002	7,725653	0,395976	0,111235	2,527652	-17136,121893	-10944,565575	-2985,095636	-15747,753332	-16395,079984	7,453927	68,740548	25,111597	24,406633	30,141050	25,182652	25,313332	-2,906124	1,254129	0,980827	241094,792175	-0,186987	11,343745	-0,045054	0,000000	2,038370	-0,124398	-0,124418	0,000000	3,118172	9,849986	0,399967
40,600000	7,693871	7,725581	0,403912	0,110233	2,544920	-17190,879551	-10943,900261	-2985,396049	-15747,504277	-16394,830928	7,452974	68,731100	25,104198	24,404863	30,146930	25,179613	25,318331	-2,905921	1,252572	0,981612	241099,030520	-0,188188	11,343986	-0,045181	0,000000	2,038429	-0,124395	-0,124417	0,000000	3,117927	9,794661	0,399935
40,800000	7,694386	7,725461	0,410935	0,110123	2,567751	-17235,765765	-10942,473418	-2985,060374	-15753,845212	-16401,171863	7,451556	68,729576	25,095478	24,402579	30,148515	25,181267	25,320616	-2,905678	1,251913	0,982384	241103,428302	-0,187676	11,343750	-0,045394	0,000000	2,038099	-0,124395	-0,124412	0,000000	3,117888	9,745685	0,399930
41,000000	7,694605	7,725540	0,416804	0,110626	2,589727	-17271,509156	-10942,986542	-2984,451825	-15757,771726	-16405,098377	7,450059	68,735769	25,091905	24,402828	30,148943	25,181685	25,318544	-2,905749	1,253039	0,981838	241103,188998	-0,186488	11,343196	-0,045470	0,000000	2,038315	-0,124400	-0,124408	0,000000	3,118048	9,704914	0,399951
41,200000	7,694071	7,725412	0,421655	0,110924	2,598776	-17290,271763	-10943,717014	-2984,647903	-15758,127649	-16405,454301	7,448810	68,749731	25,092406	24,404082	30,154070	25,177767	25,314693	-2,905880	1,253130	0,980274	241119,777054	-0,187314	11,342931	-0,045334	0,000000	2,039850	-0,124407	-0,124410	0,000000	3,118410	9,671545	0,399997
41,400000	7,693586	7,725034	0,427211	0,110631	2,594538	-17292,825279	-10942,408290	-2985,210482	-15758,750706	-16406,077357	7,447424	68,755416	25,091369	24,403621	30,159242	25,172708	25,311881	-2,905690	1,253479	0,979838	241150,246352	-0,188115	11,343016	-0,045175	0,000000	2,040897	-0,124413	-0,124409	0,000000	3,118558	9,633714	0,400016
41,600000	7,693362	7,724873	0,433982	0,110027	2,583997	-17294,008771	-10941,462143	-2985,506293	-15762,493495	-16409,820146	7,445896	68,728537	25,087613	24,401613	30,159378	25,168563	25,314810	-2,905473	1,254061	0,980686	241158,697300	-0,187749	11,343326	-0,044999	0,000000	2,039816	-0,124418	-0,124407	0,000000	3,117861	9,588361	0,399927
41,800000	7,693121	7,724578	0,441422	0,109983	2,581170	-17294,856289	-10941,637940	-2985,407569	-15764,206623	-16411,533274	7,444689	68,693205	25,083444	24,399661	30,156637	25,165874	25,323697	-2,905472	1,252847	0,981235	241152,120223	-0,187909	11,343397	-0,044882	0,000000	2,038375	-0,124420	-0,124407	0,000000	3,116945	9,538563	0,399809
42,000000	7,693102	7,723976	0,449048	0,110037	2,588087	-17294,586350	-10942,435012	-2985,055409	-15753,887063	-16401,213714	7,443459	68,679164	25,082739	24,401152	30,153124	25,166381	25,332276	-2,905601	1,252311	0,981467	241150,939712	-0,188212	11,342963	-0,045061	0,000000	2,038310	-0,124418	-0,124404	0,000000	3,116581	9,487164	0,399762
42,200000	7,693068	7,723637	0,455696	0,108827	2,600194	-17295,397933	-10944,507082	-2985,119824	-15732,207416	-16379,534067	7,441924	68,686208	25,086072	24,404874	30,153651	25,169196	25,335048	-2,905831	1,252149	0,981467	241171,618944	-0,188300	11,342811	-0,045270	0,000000	2,039107	-0,124417	-0,124403	0,000000	3,116763	9,443223	0,399786
42,400000	7,693091	7,723454	0,460584	0,107587	2,625766	-17289,130743	-10945,033615	-2985,804456	-15718,290086	-16365,616738	7,440669	68,703918	25,088031	24,404863	30,158112	25,171031	25,333833	-2,905897	1,250720	0,981062	241204,004932	-0,189242	11,343384	-0,045217	0,000000	2,039071	-0,124414	-0,124408	0,000000	3,117223	9,412022	0,399845
42,600000	7,693285	7,723033	0,463390	0,107950	2,652603	-17274,355360	-10942,695993	-2986,105154	-15725,510400	-16372,837051	7,439716	68,709282	25,085871	24,401849	30,159676	25,171729	25,333427	-2,905651	1,250706	0,980603	241200,213739	-0,190016	11,344114	-0,045112	0,000000	2,037664	-0,124411	-0,124408	0,000000	3,117362	9,394265	0,399863
42,800000	7,692993	7,722653	0,464747	0,108695	2,655333	-17253,179817	-10941,203930	-2985,682526	-15739,751737	-16387,078388	7,438537	68,703522	25,083633	24,400123	30,157626	25,170967	25,333884	-2,905410	1,251924	0,980328	241172,389605	-0,189298	11,344390	-0,045103	0,000000	2,035957	-0,124415	-0,124400	0,000000	3,117212	9,385370	0,399843
43,000000	7,692215	7,722433	0,466353	0,108792	2,644316	-17232,608627	-10941,559154	-2985,252185	-15749,214087	-16396,540738	7,437004	68,713242	25,087107	24,400722	30,152619	25,168541	25,332170	-2,905438	1,252620	0,980670	241156,469562	-0,188028	11,344302	-0,045181	0,000000	2,034873	-0,124419	-0,124396	0,000000	3,117464	9,374602	0,399876
43,200000	7,691276	7,722202	0,468365	0,108972	2,633183	-17224,534396	-10942,091530	-2985,015128	-15760,813341	-16408,139992	7,435711	68,731322	25,095730	24,402629	30,147021	25,169665	25,328483	-2,905640	1,252623	0,981232	241158,875064	-0,187426	11,344368	-0,045385	0,000000	2,034228	-0,124415	-0,124398	0,000000	3,117933	9,361319	0,399936
43,400000	7,690630	7,721848	0,469603	0,109295	2,621735	-17220,209303	-10942,107161	-2985,150849	-15772,571935	-16419,898586	7,434864	68,745159	25,101445	24,402793	30,144920	25,176725	25,323948	-2,905722	1,252074	0,981688	241173,172083	-0,187774	11,344747	-0,045578	0,000000	2,033833	-0,124406	-0,124403	0,000000	3,118292	9,353294	0,399982
43,600000	7,690509	7,721386	0,469022	0,109647	2,621186	-17202,558461	-10941,574778	-2985,283837	-15774,924504	-16422,251155	7,433879	68,754266	25,101878	24,401369	30,145959	25,183974	25,320614	-2,905574	1,252375	0,982065	241199,128164	-0,188102	11,345082	-0,045625	0,000000	2,033972	-0,124397	-0,124410	0,000000	3,118528	9,356853	0,400012
43,800000	7,690473	7,721245	0,465740	0,110016	2,627092	-17168,678530	-10941,546327	-2985,004289	-15773,654213	-16420,980864	7,432600	68,744536	25,101889	24,402283	30,149098	25,187450	25,322845	-2,905387	1,252994	0,981680	241226,681843	-0,188233	11,345007	-0,045433	0,000000	2,035218	-0,124396	-0,124413	0,000000	3,118275	9,377664	0,399980
44,000000	7,690149	7,721167	0,462470	0,109969	2,633290	-17129,008142	-10942,050702	-2984,908841	-15777,744924	-16425,071575	7,431288	68,727884	25,102524	24,404639	30,150903	25,187111	25,326813	-2,905426	1,253399	0,980554	241228,015729	-0,188841	11,344753	-0,045218	0,000000	2,037565	-0,124407	-0,124414	0,000000	3,117844	9,398325	0,399924
44,200000	7,689650	7,720819	0,462876	0,109690	2,640659	-17106,606905	-10942,654499	-2985,083830	-15785,460971	-16432,787622	7,429980	68,729655	25,101379	24,404113	30,151254	25,185779	25,323507	-2,905668	1,254103	0,979802	241211,107630	-0,189015	11,344758	-0,045392	0,000000	2,038934	-0,124411	-0,124414	0,000000	3,117890	9,395375	0,399930
44,400000	7,689198	7,720630	0,462692	0,109771	2,640121	-17100,873189	-10943,198859	-2985,106358	-15792,609021	-16439,935672	7,428609	68,740322	25,100054	24,401419	30,150481	25,185533	25,315889	-2,905915	1,253643	0,980217	241205,311861	-0,188093	11,345105	-0,045807	0,000000	2,038299	-0,124403	-0,124414	0,000000	3,118166	9,396701	0,399966
44,600000	7,688724	7,720310	0,457768	0,111032	2,634303	-17085,296310	-10942,740133	-2984,913977	-15795,773173	-16443,099825	7,427341	68,744929	25,101922	24,401569	30,145494	25,183695	25,312546	-2,905976	1,253267	0,980926	241209,457848	-0,187320	11,345487	-0,045985	0,000000	2,037800	-0,124398	-0,124414	0,000000	3,118286	9,428269	0,399981
44,800000	7,688414	7,719683	0,452754	0,112588	2,624153	-17061,420224	-10941,729066	-2984,665403	-15795,201185	-16442,527836	7,426049	68,756244	25,104247	24,405069	30,142087	25,181515	25,313823	-2,905835	1,254088	0,980963	241214,039176	-0,187283	11,345507	-0,045682	0,000000	2,038562	-0,124404	-0,124410	0,000000	3,118579	9,459936	0,400019
45,000000	7,688229	7,719463	0,450396	0,112086	2,606575	-17040,785221	-10942,113110	-2984,476378	-15795,837992	-16443,164643	7,424684	68,779173	25,100858	24,406975	30,148423	25,180603	25,315037	-2,905748	1,254199	0,980604	241233,629608	-0,187054	11,345470	-0,045192	0,000000	2,039529	-0,124414	-0,124405	0,000000	3,119173	9,475188	0,400095
45,200000	7,687869	7,719758	0,446781	0,110386	2,592727	-17021,813573	-10942,754242	-2984,644692	-15798,399665	-16445,726316	7,423310	68,784819	25,091987	24,405033	30,160132	25,178361	25,314947	-2,905816	1,254435	0,980188	241275,707471	-0,187026	11,345887	-0,044818	0,000000	2,040170	-0,124417	-0,124406	0,000000	3,119320	9,499969	0,400114
45,400000	7,687834	7,719704	0,439621	0,109947	2,589001	-16999,915449	-10941,913416	-2985,063820	-15799,631209	-16446,957860	7,421825	68,763601	25,085385	24,402111	30,167372	25,176534	25,317493	-2,905758	1,254387	0,980040	241310,268075	-0,187271	11,346493	-0,044685	0,000000	2,040216	-0,124413	-0,124412	0,000000	3,118770	9,548013	0,400043
45,600000	7,688131	7,718981	0,432912	0,110456	2,592623	-16970,040448	-10941,714703	-2985,315110	-15799,287876	-16446,614528	7,420518	68,744735	25,085562	24,401101	30,167930	25,177523	25,322307	-2,905560	1,252493	0,980741	241315,774505	-0,187456	11,346796	-0,044903	0,000000	2,040242	-0,124410	-0,124415	0,000000	3,118281	9,592244	0,399980
45,800000	7,688181	7,718269	0,428224	0,110326	2,594492	-16940,699753	-10942,497676	-2985,461873	-15800,060569	-16447,387220	7,419425	68,736651	25,090043	24,402076	30,167621	25,176509	25,323329	-2,905559	1,251382	0,981465	241313,264574	-0,188152	11,346661	-0,045054	0,000000	2,040195	-0,124412	-0,124414	0,000000	3,118071	9,622800	0,399954
46,000000	7,687955	7,718137	0,425030	0,109444	2,589259	-16918,846146	-10943,039442	-2985,455602	-15805,567020	-16452,893671	7,418260	68,727094	25,092291	24,403255	30,168704	25,170724	25,321675	-2,905620	1,251412	0,980982	241303,980287	-0,188563	11,346685	-0,044907	0,000000	2,039330	-0,124417	-0,124408	0,000000	3,117823	9,644248	0,399922
46,200000	7,687595	7,718202	0,426192	0,108495	2,585786	-16912,139800	-10943,701401	-2985,377186	-15816,865938	-16464,192589	7,416891	68,715760	25,087946	24,403320	30,167400	25,164878	25,323313	-2,905628	1,251532	0,980827	241276,797153	-0,188382	11,347409	-0,044924	0,000000	2,038269	-0,124420	-0,124400	0,000000	3,117530	9,637030	0,399884
46,400000	7,687521	7,717770	0,425898	0,108298	2,582666	-16921,862096	-10943,466372	-2985,428169	-15826,026621	-16473,353272	7,415422	68,696001	25,081662	24,402271	30,164226	25,161953	25,328964	-2,905709	1,252290	0,981868	241253,095963	-0,188780	11,348206	-0,045105	0,000000	2,036735	-0,124416	-0,124398	0,000000	3,117017	9,639147	0,399818
46,600000	7,687794	7,717020	0,417014	0,108971	2,572221	-16909,216786	-10942,345825	-2985,610091	-15825,226804	-16472,553455	7,414149	68,679519	25,079379	24,400618	30,159780	25,162245	25,336493	-2,905657	1,251905	0,982060	241263,287263	-0,189887	11,348404	-0,045272	0,000000	2,035453	-0,124410	-0,124401	0,000000	3,116590	9,698852	0,399764
46,800000	7,687663	7,716573	0,405679	0,109213	2,565344	-16861,426908	-10941,723176	-2985,937269	-15820,840506	-16468,167157	7,412994	68,693290	25,080949	24,401390	30,154612	25,165721	25,340403	-2,905437	1,251118	0,981037	241286,969673	-0,190264	11,348481	-0,045398	0,000000	2,035750	-0,124412	-0,124398	0,000000	3,116947	9,776458	0,399809
47,000000	7,686650	7,716563	0,400498	0,108929	2,561836	-16824,689497	-10941,396719	-2986,054574	-15819,308417	-16466,635068	7,411483	68,732438	25,084011	24,403887	30,153343	25,170830	25,334665	-2,905385	1,251874	0,980469	241284,693179	-0,189292	11,348961	-0,045323	0,000000	2,036946	-0,124419	-0,124397	0,000000	3,117962	9,812921	0,399940
47,200000	7,685562	7,716499	0,401657	0,109052	2,549757	-16826,648635	-10941,660396	-2985,727050	-15818,458930	-16465,785582	7,409948	68,769530	25,086603	24,402600	30,155991	25,174293	25,325098	-2,905555	1,252363	0,980954	241286,981670	-0,188455	11,349663	-0,045265	0,000000	2,037327	-0,124418	-0,124404	0,000000	3,118923	9,805466	0,400063
47,400000	7,685369	7,715949	0,404205	0,109733	2,543541	-16858,667974	-10942,686336	-2985,596946	-15815,809611	-16463,136262	7,408804	68,787794	25,089535	24,399345	30,154738	25,173458	25,322042	-2,905630	1,252691	0,981973	241304,917340	-0,188993	11,350186	-0,045232	0,000000	2,036347	-0,124413	-0,124408	0,000000	3,119397	9,787567	0,400124
47,600000	7,685732	7,715228	0,403917	0,109659	2,548584	-16893,905927	-10943,045711	-2985,860142	-15809,814044	-16457,140696	7,407599	68,782075	25,095502	24,399382	30,147490	25,172372	25,324417	-2,905524	1,253203	0,982589	241302,000091	-0,190275	11,350203	-0,045138	0,000000	2,035484	-0,124410	-0,124407	0,000000	3,119248	9,788544	0,400105
47,800000	7,685676	7,715046	0,401918	0,108315	2,554724	-16902,531540	-10942,458868	-2985,741286	-15800,182327	-16447,508978	7,406303	68,742465	25,102703	24,402166	30,141576	25,175969	25,324556	-2,905443	1,252990	0,982566	241291,221992	-0,190532	11,350168	-0,045201	0,000000	2,035200	-0,124403	-0,124404	0,000000	3,118222	9,801984	0,399973
48,000000	7,684715	7,715469	0,403449	0,108126	2,562841	-16906,054793	-10942,095800	-2985,162799	-15786,765310	-16434,091962	7,405197	68,682849	25,106066	24,404330	30,142217	25,183603	25,320662	-2,905539	1,253299	0,981819	241289,580768	-0,189326	11,350595	-0,045215	0,000000	2,035144	-0,124397	-0,124403	0,000000	3,116676	9,792078	0,399775
48,200000	7,683644	7,715715	0,406355	0,110055	2,568093	-16931,162533	-10942,399851	-2984,688803	-15770,417709	-16417,744360	7,404105	68,642471	25,104160	24,404941	30,147575	25,191153	25,317724	-2,905745	1,253760	0,980525	241277,160571	-0,188035	11,350963	-0,045243	0,000000	2,035888	-0,124399	-0,124410	0,000000	3,115629	9,772586	0,399640
48,400000	7,683286	7,715558	0,405756	0,112156	2,570276	-16945,228344	-10943,052445	-2984,579717	-15755,004305	-16402,330956	7,402744	68,633814	25,101432	24,404814	30,150886	25,191824	25,318695	-2,905918	1,254199	0,980123	241259,472793	-0,187540	11,350805	-0,045479	0,000000	2,037574	-0,124400	-0,124419	0,000000	3,115405	9,776551	0,399612
48,600000	7,683150	7,715227	0,404200	0,112503	2,568540	-16937,372481	-10943,274853	-2984,953856	-15747,071450	-16394,398101	7,401273	68,643989	25,101458	24,404093	30,149318	25,185111	25,321012	-2,905983	1,254713	0,980769	241266,366771	-0,188079	11,350532	-0,045560	0,000000	2,039136	-0,124403	-0,124420	0,000000	3,115669	9,786754	0,399645
48,800000	7,682834	7,714845	0,404441	0,111232	2,556512	-16936,994611	-10942,526555	-2985,274690	-15751,946503	-16399,273154	7,400063	68,655494	25,101942	24,403139	30,147687	25,178638	25,320295	-2,905824	1,253976	0,981466	241289,369527	-0,188810	11,350539	-0,045496	0,000000	2,039591	-0,124409	-0,124416	0,000000	3,115967	9,784631	0,399684
49,000000	7,682602	7,714607	0,404371	0,109898	2,546211	-16952,792962	-10941,859079	-2984,786646	-15765,928656	-16413,255307	7,398978	68,659268	25,100417	24,402994	30,149973	25,176948	25,316137	-2,905716	1,253857	0,981846	241302,524358	-0,188025	11,350821	-0,045426	0,000000	2,039089	-0,124413	-0,124412	0,000000	3,116065	9,785172	0,399696
49,200000	7,682454	7,714310	0,401797	0,109294	2,546634	-16970,183346	-10941,551458	-2984,044358	-15777,204190	-16424,530842	7,397636	68,665267	25,097739	24,403730	30,152303	25,178162	25,312458	-2,905958	1,255109	0,981563	241302,680442	-0,186296	11,351247	-0,045264	0,000000	2,038903	-0,124412	-0,124415	0,000000	3,116220	9,803229	0,399716
49,400000	7,682209	7,713858	0,397947	0,109607	2,552107	-16966,297206	-10941,828370	-2984,197349	-15778,639237	-16425,965888	7,396242	68,668852	25,094807	24,404266	30,152625	25,175673	25,313703	-2,906094	1,254747	0,980625	241291,420114	-0,186307	11,351510	-0,045259	0,000000	2,040176	-0,124409	-0,124421	0,000000	3,116313	9,829950	0,399728
49,600000	7,681948	7,713569	0,394329	0,110208	2,554673	-16935,941370	-10943,365173	-2985,096013	-15778,153140	-16425,479791	7,395100	68,658476	25,091067	24,405068	30,155050	25,170274	25,320388	-2,905841	1,253488	0,980378	241278,207094	-0,188111	11,351808	-0,045370	0,000000	2,041810	-0,124411	-0,124419	0,000000	3,116044	9,855446	0,399694
49,800000	7,681575	7,713563	0,392113	0,110072	2,551685	-16908,743312	-10943,690626	-2985,750560	-15788,020981	-16435,347632	7,393962	68,641170	25,086381	24,404329	30,160773	25,170109	25,327158	-2,905557	1,252661	0,981108	241266,186487	-0,189302	11,352340	-0,045351	0,000000	2,041735	-0,124416	-0,124410	0,000000	3,115595	9,871810	0,399636
50,000000	7,681236	7,713444	0,390295	0,109409	2,548012	-16907,780801	-10942,422213	-2985,708703	-15806,173674	-16453,500325	7,392615	68,632561	25,080659	24,400376	30,166625	25,172472	25,329303	-2,905437	1,251849	0,981624	241241,906660	-0,189266	11,352617	-0,045215	0,000000	2,039744	-0,124419	-0,124409	0,000000	3,115372	9,885156	0,399607
50,200000	7,681327	7,712857	0,386181	0,109522	2,539678	-16908,586392	-10942,455155	-2985,295206	-15819,293406	-16466,620057	7,391261	68,640495	25,077415	24,398479	30,167778	25,172242	25,328925	-2,905486	1,252765	0,982207	241210,046737	-0,189131	11,352594	-0,045125	0,000000	2,037511	-0,124420	-0,124413	0,000000	3,115578	9,913917	0,399634
50,400000	7,681511	7,712152	0,382426	0,110252	2,523946	-16892,633424	-10943,599659	-2985,227619	-15818,178176	-16465,504827	7,389835	68,650052	25,082241	24,400820	30,161085	25,170118	25,329198	-2,905675	1,253743	0,982360	241187,915064	-0,189446	11,352868	-0,045131	0,000000	2,036655	-0,124419	-0,124412	0,000000	3,115826	9,939987	0,399666
50,600000	7,681545	7,711769	0,382160	0,109710	2,516767	-16882,152809	-10943,493215	-2985,601211	-15807,915375	-16455,242027	7,388327	68,650823	25,089754	24,402621	30,152297	25,164627	25,328509	-2,905786	1,252792	0,981135	241185,617489	-0,189793	11,353643	-0,045054	0,000000	2,037138	-0,124418	-0,124405	0,000000	3,115846	9,941791	0,399668
50,800000	7,681383	7,711562	0,382878	0,108241	2,520978	-16893,018089	-10941,834111	-2985,897150	-15802,555709	-16449,882360	7,387168	68,638200	25,089861	24,402010	30,151465	25,159543	25,329189	-2,905670	1,252172	0,980379	241190,616453	-0,189505	11,354369	-0,045029	0,000000	2,036953	-0,124417	-0,124394	0,000000	3,115518	9,937020	0,399626
51,000000	7,681025	7,711428	0,381116	0,107752	2,524885	-16907,942752	-10940,594990	-2985,794677	-15803,229979	-16450,556630	7,386098	68,612142	25,084353	24,401298	30,155448	25,161784	25,334508	-2,905402	1,251968	0,981056	241187,078577	-0,188653	11,354531	-0,045133	0,000000	2,035610	-0,124417	-0,124386	0,000000	3,114842	9,949844	0,399539
51,200000	7,680808	7,711250	0,377553	0,108020	2,535738	-16899,195701	-10941,096065	-2985,349438	-15798,185957	-16445,512608	7,384710	68,611972	25,082245	24,401008	30,155077	25,169075	25,339233	-2,905289	1,252129	0,982134	241191,302160	-0,188083	11,354502	-0,045268	0,000000	2,034787	-0,124413	-0,124392	0,000000	3,114838	9,975359	0,399539
51,400000	7,680252	7,710712	0,376310	0,108202	2,546536	-16883,574191	-10942,258920	-2984,944019	-15783,955438	-16431,282089	7,383331	68,669680	25,087712	24,400575	30,149967	25,174969	25,338792	-2,905564	1,253326	0,983322	241203,026577	-0,188361	11,354700	-0,045443	0,000000	2,035017	-0,124406	-0,124405	0,000000	3,116335	9,983772	0,399731
51,600000	7,679500	7,710043	0,376682	0,108700	2,540149	-16893,601699	-10942,458666	-2985,127544	-15771,134644	-16418,461295	7,382192	68,760343	25,095976	24,400462	30,142898	25,177164	25,332941	-2,905753	1,253721	0,983949	241198,501288	-0,189383	11,355011	-0,045510	0,000000	2,036224	-0,124403	-0,124413	0,000000	3,118685	9,980346	0,400032
51,800000	7,679431	7,709817	0,372187	0,109650	2,527097	-16904,792831	-10941,742170	-2985,594818	-15774,535722	-16421,862373	7,381003	68,825720	25,099740	24,400516	30,138174	25,178672	25,324995	-2,905570	1,253375	0,983561	241187,132976	-0,189992	11,355633	-0,045251	0,000000	2,036779	-0,124401	-0,124413	0,000000	3,120379	10,013181	0,400250
52,000000	7,679338	7,709956	0,361788	0,110064	2,512616	-16875,006138	-10940,679409	-2985,556790	-15791,530687	-16438,857338	7,379488	68,834607	25,099825	24,400722	30,137132	25,181805	25,322065	-2,905450	1,253191	0,983113	241183,544375	-0,189827	11,356424	-0,045040	0,000000	2,035544	-0,124403	-0,124408	0,000000	3,120610	10,090497	0,400279
52,200000	7,678705	7,709829	0,353394	0,110187	2,498733	-16816,534842	-10940,853208	-2985,056624	-15800,826922	-16448,153573	7,377926	68,811074	25,100737	24,401951	30,135158	25,184500	25,324189	-2,905543	1,253311	0,982515	241179,012089	-0,189558	11,356579	-0,045345	0,000000	2,034732	-0,124408	-0,124406	0,000000	3,120000	10,152987	0,400201
52,400000	7,678199	7,709351	0,352172	0,110907	2,490648	-16788,548343	-10943,555721	-2984,646003	-15793,745363	-16441,072014	7,376658	68,792419	25,103041	24,403998	30,132331	25,185838	25,324977	-2,905775	1,254412	0,981177	241169,155096	-0,188643	11,356257	-0,045846	0,000000	2,035902	-0,124407	-0,124410	0,000000	3,119516	10,161156	0,400139
52,600000	7,677813	7,708912	0,353661	0,110979	2,482605	-16809,242571	-10945,611519	-2984,788985	-15786,120068	-16433,446719	7,375553	68,795885	25,105075	24,405066	30,133070	25,187882	25,321679	-2,906108	1,254685	0,980325	241178,180524	-0,187542	11,356356	-0,045950	0,000000	2,037586	-0,124401	-0,124413	0,000000	3,119606	10,149533	0,400151
52,800000	7,677278	7,708813	0,353416	0,110627	2,482800	-16840,434570	-10944,801165	-2985,150678	-15790,191074	-16437,517725	7,374437	68,811888	25,103820	24,404544	30,136421	25,190417	25,316000	-2,906175	1,253853	0,980941	241200,027368	-0,187452	11,356719	-0,045558	0,000000	2,038710	-0,124400	-0,124418	0,000000	3,120021	10,151712	0,400204
53,000000	7,677048	7,708904	0,350353	0,111310	2,494656	-16858,121640	-10943,536929	-2984,960526	-15797,754498	-16445,081149	7,373319	68,821022	25,099421	24,404478	30,139598	25,189930	25,314027	-2,905870	1,253390	0,981831	241187,963138	-0,187326	11,356916	-0,045313	0,000000	2,039702	-0,124406	-0,124421	0,000000	3,120258	10,175138	0,400234
53,200000	7,677141	7,708710	0,345072	0,111712	2,504270	-16852,008291	-10942,909495	-2984,502972	-15799,001316	-16446,327967	7,372111	68,814518	25,095597	24,405800	30,141995	25,183254	25,315079	-2,905703	1,253205	0,981554	241144,848418	-0,187010	11,356915	-0,045446	0,000000	2,039964	-0,124413	-0,124417	0,000000	3,120089	10,214912	0,400212
53,400000	7,676979	7,708329	0,342218	0,110775	2,504817	-16833,309902	-10942,615063	-2984,538753	-15794,744868	-16442,071519	7,370779	68,801920	25,094549	24,405976	30,143618	25,172285	25,313108	-2,905872	1,254441	0,980459	241113,656538	-0,187695	11,356707	-0,045376	0,000000	2,039310	-0,124415	-0,124414	0,000000	3,119763	10,236052	0,400171
53,600000	7,676715	7,708144	0,343104	0,109753	2,495153	-16833,326128	-10943,154083	-2984,994928	-15787,743918	-16435,070569	7,369622	68,816051	25,095422	24,404033	30,145654	25,165528	25,312980	-2,905937	1,255275	0,979751	241121,960258	-0,188728	11,356834	-0,045094	0,000000	2,039010	-0,124411	-0,124414	0,000000	3,120129	10,229330	0,400218
53,800000	7,676574	7,708080	0,344041	0,109734	2,481625	-16850,272078	-10943,859852	-2985,485739	-15778,763347	-16426,089998	7,368722	68,871491	25,093480	24,402740	30,147392	25,168419	25,317264	-2,905634	1,253772	0,980084	241140,831029	-0,189343	11,357309	-0,045058	0,000000	2,038969	-0,124408	-0,124408	0,000000	3,121565	10,222653	0,400402
54,000000	7,676388	7,707895	0,343020	0,110587	2,470419	-16862,758048	-10943,923500	-2985,654999	-15769,808731	-16417,135382	7,367625	68,909666	25,087116	24,403406	30,148936	25,175032	25,322402	-2,905343	1,252785	0,981314	241132,342529	-0,189233	11,357445	-0,045154	0,000000	2,038674	-0,124412	-0,124405	0,000000	3,122554	10,230357	0,400529
54,200000	7,676456	7,707621	0,340463	0,110982	2,464280	-16863,351626	-10943,635440	-2985,410361	-15764,165529	-16411,492180	7,366067	68,888431	25,082005	24,404232	30,151861	25,176634	25,329913	-2,905384	1,252766	0,982201	241106,378721	-0,188447	11,357309	-0,045100	0,000000	2,039108	-0,124416	-0,124407	0,000000	3,122004	10,249508	0,400458
54,400000	7,676751	7,707259	0,338169	0,110425	2,470640	-16858,011389	-10943,129811	-2985,416741	-15765,418068	-16412,744719	7,364480	68,865971	25,080882	24,403919	30,155213	25,171594	25,336793	-2,905507	1,252309	0,982092	241091,698966	-0,188305	11,357190	-0,044994	0,000000	2,040001	-0,124419	-0,124409	0,000000	3,121422	10,266670	0,400383
54,600000	7,676756	7,706827	0,337224	0,109702	2,481719	-16858,480755	-10942,081947	-2985,935581	-15771,761511	-16419,088162	7,363236	68,879584	25,079737	24,401824	30,156125	25,165913	25,335921	-2,905538	1,251867	0,981862	241114,829372	-0,189348	11,357231	-0,045030	0,000000	2,039559	-0,124420	-0,124406	0,000000	3,121774	10,273557	0,400429
54,800000	7,676415	7,706350	0,336699	0,108582	2,484847	-16869,881686	-10940,941588	-2986,247079	-15780,233758	-16427,560409	7,362215	68,886871	25,078583	24,398665	30,152258	25,165367	25,330263	-2,905538	1,250884	0,981819	241145,919338	-0,190594	11,357479	-0,045146	0,000000	2,037406	-0,124415	-0,124402	0,000000	3,121963	10,277238	0,400453
55,000000	7,676116	7,705919	0,336547	0,108389	2,487699	-16890,369904	-10941,188964	-2985,968134	-15789,369422	-16436,696074	7,361162	68,874634	25,080747	24,399130	30,143997	25,167586	25,328027	-2,905534	1,250360	0,981643	241143,359032	-0,190674	11,357699	-0,045235	0,000000	2,035652	-0,124411	-0,124396	0,000000	3,121646	10,277801	0,400412
55,200000	7,675846	7,705808	0,338459	0,109300	2,488393	-16920,899929	-10942,307433	-2985,326403	-15792,161713	-16439,488364	7,359759	68,866073	25,084734	24,403301	30,139204	25,168678	25,329409	-2,905609	1,251752	0,981598	241142,787618	-0,189173	11,357890	-0,045297	0,000000	2,035692	-0,124414	-0,124394	0,000000	3,121425	10,262846	0,400384
55,400000	7,675086	7,705688	0,341557	0,108449	2,477365	-16951,927312	-10942,703636	-2984,843085	-15788,298342	-16435,624993	7,358229	68,858480	25,087392	24,404765	30,142547	25,170316	25,329697	-2,905743	1,252768	0,982308	241159,243857	-0,187840	11,358324	-0,045276	0,000000	2,035984	-0,124412	-0,124400	0,000000	3,121228	10,239448	0,400359
55,600000	7,674296	7,705365	0,344426	0,107353	2,471337	-16972,457981	-10942,174124	-2985,028660	-15784,794179	-16432,120830	7,357030	68,864570	25,086291	24,402844	30,145288	25,174090	25,329300	-2,905649	1,252657	0,983426	241172,030662	-0,188422	11,358860	-0,045157	0,000000	2,035513	-0,124403	-0,124408	0,000000	3,121386	10,217852	0,400379
55,800000	7,674187	7,705003	0,348140	0,108053	2,478802	-16995,129723	-10941,554392	-2985,261000	-15781,069465	-16428,396117	7,355777	68,890936	25,084446	24,400979	30,142948	25,179833	25,330116	-2,905319	1,252151	0,983783	241181,140020	-0,189532	11,359044	-0,045223	0,000000	2,034670	-0,124399	-0,124410	0,000000	3,122069	10,189414	0,400466
56,000000	7,674251	7,704502	0,351238	0,108718	2,490845	-17020,675100	-10941,783154	-2985,051123	-15775,708125	-16423,034776	7,354223	68,911386	25,089438	24,401155	30,137022	25,186609	25,329262	-2,905308	1,251877	0,983171	241174,078410	-0,189420	11,358912	-0,045295	0,000000	2,034577	-0,124401	-0,124408	0,000000	3,122598	10,165136	0,400534
56,200000	7,673741	7,704174	0,352533	0,108921	2,506391	-17033,338526	-10942,227507	-2985,028970	-15769,659407	-16416,986058	7,352976	68,923093	25,098753	24,403155	30,132395	25,188530	25,323592	-2,905628	1,252508	0,982199	241175,158551	-0,188971	11,358837	-0,044981	0,000000	2,035842	-0,124406	-0,124408	0,000000	3,122901	10,154726	0,400573
56,400000	7,672658	7,704168	0,355259	0,109092	2,514419	-17034,927496	-10942,911740	-2985,187871	-15760,366307	-16407,692958	7,352027	68,928545	25,103629	24,404598	30,135792	25,184081	25,315398	-2,905772	1,252890	0,981586	241192,688717	-0,188842	11,359029	-0,044825	0,000000	2,037442	-0,124407	-0,124412	0,000000	3,123042	10,134519	0,400591
56,600000	7,671799	7,704144	0,360326	0,109516	2,512660	-17032,397859	-10944,345744	-2985,327187	-15751,678195	-16399,004846	7,350769	68,919314	25,103561	24,404454	30,139776	25,180189	25,312165	-2,905826	1,253196	0,981836	241184,789496	-0,188485	11,359298	-0,045057	0,000000	2,038046	-0,124402	-0,124414	0,000000	3,122803	10,097104	0,400561
56,800000	7,671697	7,703997	0,365665	0,110509	2,510704	-17036,869764	-10944,728776	-2985,474047	-15752,940132	-16400,266784	7,349256	68,899277	25,100550	24,403134	30,137140	25,180580	25,316314	-2,905943	1,253439	0,982322	241169,467709	-0,188268	11,359302	-0,045221	0,000000	2,037317	-0,124398	-0,124413	0,000000	3,122285	10,057406	0,400494
57,000000	7,671962	7,703771	0,370439	0,111082	2,507375	-17059,672169	-10943,483042	-2985,144778	-15758,000050	-16405,326701	7,347811	68,883368	25,095864	24,402201	30,135215	25,184422	25,321625	-2,906018	1,252883	0,982282	241176,988825	-0,188229	11,359054	-0,045234	0,000000	2,037200	-0,124398	-0,124410	0,000000	3,121873	10,021847	0,400441
57,200000	7,672034	7,703668	0,373660	0,110992	2,509827	-17087,791533	-10943,255059	-2984,612443	-15758,102355	-16405,429006	7,346423	68,857889	25,093560	24,404328	30,139102	25,188193	25,321958	-2,906048	1,253458	0,981472	241180,629870	-0,187829	11,358963	-0,045058	0,000000	2,038505	-0,124401	-0,124404	0,000000	3,121213	9,998194	0,400357
57,400000	7,671777	7,703758	0,374582	0,110770	2,520569	-17102,925386	-10944,811610	-2984,606071	-15759,392160	-16406,718812	7,345088	68,808778	25,092176	24,407191	30,145779	25,188054	25,316325	-2,905972	1,254497	0,980737	241171,482572	-0,187289	11,359002	-0,044853	0,000000	2,039967	-0,124406	-0,124406	0,000000	3,119940	9,991749	0,400193
57,600000	7,671347	7,703660	0,374377	0,111114	2,529648	-17102,300373	-10945,468991	-2984,873412	-15770,054226	-16417,380877	7,344034	68,766096	25,088567	24,404920	30,153074	25,183082	25,310458	-2,905787	1,253468	0,981106	241186,902624	-0,187111	11,358723	-0,045051	0,000000	2,040585	-0,124409	-0,124417	0,000000	3,118834	9,993198	0,400051
57,800000	7,671219	7,703276	0,375223	0,112240	2,533286	-17093,437289	-10944,082663	-2985,269914	-15789,806178	-16437,132829	7,342906	68,744164	25,085629	24,400435	30,156392	25,174822	25,311930	-2,905678	1,252734	0,981635	241222,604302	-0,187965	11,358406	-0,045268	0,000000	2,040064	-0,124409	-0,124420	0,000000	3,118266	9,986588	0,399979
58,000000	7,671461	7,702638	0,377963	0,111886	2,530407	-17096,597330	-10941,973768	-2985,496075	-15808,116598	-16455,443249	7,341430	68,741014	25,085855	24,400071	30,152459	25,168247	25,319248	-2,905675	1,253301	0,981681	241241,055989	-0,188810	11,358251	-0,045019	0,000000	2,039227	-0,124413	-0,124411	0,000000	3,118184	9,965741	0,399968
58,200000	7,671417	7,701865	0,380609	0,109472	2,526377	-17116,993836	-10941,349950	-2985,227582	-15819,067935	-16466,394586	7,340166	68,752898	25,087948	24,402474	30,151876	25,166724	25,324523	-2,905778	1,253274	0,981592	241242,524696	-0,188391	11,358267	-0,044821	0,000000	2,038936	-0,124416	-0,124406	0,000000	3,118492	9,945663	0,400008
58,400000	7,670763	7,701345	0,383166	0,107598	2,523043	-17133,938752	-10942,844786	-2985,198950	-15824,333315	-16471,659967	7,339291	68,752744	25,087415	24,403828	30,157391	25,168261	25,327377	-2,905932	1,253547	0,981418	241248,844784	-0,187963	11,358752	-0,045035	0,000000	2,038872	-0,124419	-0,124408	0,000000	3,118488	9,927234	0,400007
58,600000	7,670120	7,700899	0,387443	0,107762	2,521600	-17152,788753	-10943,931260	-2985,460317	-15824,532770	-16471,859422	7,338256	68,738808	25,081942	24,402821	30,159231	25,171343	25,332305	-2,905803	1,253200	0,981220	241255,394681	-0,188152	11,359428	-0,045241	0,000000	2,038574	-0,124420	-0,124413	0,000000	3,118127	9,896790	0,399961
58,800000	7,670187	7,700366	0,390596	0,108750	2,532913	-17179,443394	-10943,582567	-2985,623206	-15823,913656	-16471,240307	7,336722	68,732807	25,076186	24,400636	30,156553	25,172079	25,337690	-2,905531	1,251726	0,981336	241260,530706	-0,188505	11,359962	-0,045191	0,000000	2,038373	-0,124414	-0,124412	0,000000	3,117971	9,874189	0,399941
59,000000	7,670416	7,700147	0,390913	0,108776	2,549033	-17185,312644	-10942,807241	-2985,691078	-15826,934058	-16474,260709	7,335066	68,731258	25,075553	24,399905	30,151307	25,167162	25,340049	-2,905419	1,251931	0,981688	241283,515646	-0,189067	11,360417	-0,044981	0,000000	2,038159	-0,124415	-0,124400	0,000000	3,117931	9,871936	0,399936
59,200000	7,670078	7,700272	0,391016	0,108179	2,552233	-17173,294850	-10942,255330	-2985,411073	-15832,513969	-16479,840620	7,333786	68,732843	25,078289	24,401237	30,146809	25,162953	25,337138	-2,905251	1,252855	0,981875	241310,119069	-0,189306	11,360701	-0,044854	0,000000	2,037404	-0,124421	-0,124389	0,000000	3,117972	9,871405	0,399941
59,400000	7,669391	7,700122	0,389883	0,107662	2,552394	-17157,473023	-10942,945770	-2985,054741	-15835,991959	-16483,318610	7,332808	68,744463	25,080760	24,402822	30,144743	25,165436	25,328986	-2,905259	1,252846	0,981689	241318,718810	-0,188875	11,360668	-0,045038	0,000000	2,035760	-0,124417	-0,124390	0,000000	3,118274	9,879128	0,399980
59,600000	7,668825	7,699496	0,386177	0,107537	2,553515	-17129,956355	-10943,763195	-2985,093900	-15832,624905	-16479,951556	7,331462	68,753743	25,084167	24,402841	30,141211	25,172350	25,323098	-2,905704	1,253214	0,981390	241314,730899	-0,188760	11,360543	-0,045377	0,000000	2,034239	-0,124409	-0,124400	0,000000	3,118514	9,904617	0,400010
59,800000	7,668648	7,698941	0,382361	0,108612	2,541865	-17101,216274	-10942,888947	-2985,364104	-15823,527777	-16470,854428	7,329809	68,745902	25,089420	24,402136	30,137994	25,176906	25,324545	-2,905927	1,253786	0,982027	241308,100807	-0,189539	11,360750	-0,045582	0,000000	2,034557	-0,124405	-0,124410	0,000000	3,118311	9,931429	0,399984
60,000000	7,668512	7,698671	0,380777	0,110152	2,528105	-17083,207671	-10941,847487	-2985,433941	-15819,112223	-16466,438874	7,328545	68,732798	25,094949	24,403054	30,140392	25,179365	25,328864	-2,905753	1,254317	0,982725	241300,041976	-0,189991	11,361119	-0,045402	0,000000	2,036170	-0,124403	-0,124408	0,000000	3,117971	9,942889	0,399941
60,200000	7,668318	7,698758	0,381921	0,110472	2,519676	-17080,309453	-10941,540372	-2985,214548	-15822,712786	-16470,039438	7,327506	68,739286	25,097893	24,403533	30,144606	25,184316	25,329695	-2,905608	1,254411	0,982451	241290,794287	-0,189657	11,361234	-0,044851	0,000000	2,037146	-0,124404	-0,124403	0,000000	3,118139	9,934978	0,399962
60,400000	7,668247	7,699010	0,382123	0,109789	2,516016	-17079,223023	-10941,287120	-2984,991517	-15822,576938	-16469,903590	7,326473	68,759822	25,097397	24,401483	30,144678	25,188556	25,325051	-2,905622	1,253529	0,982212	241280,981297	-0,189472	11,361210	-0,044661	0,000000	2,036665	-0,124404	-0,124410	0,000000	3,118672	9,933865	0,400031
60,600000	7,667909	7,698951	0,379019	0,109603	2,523715	-17060,894702	-10941,589771	-2985,043553	-15815,540243	-16462,866894	7,325415	68,780748	25,097986	24,399973	30,143045	25,190162	25,319813	-2,905897	1,253437	0,981976	241281,647340	-0,189594	11,361019	-0,045263	0,000000	2,035819	-0,124401	-0,124418	0,000000	3,119214	9,955993	0,400100
60,800000	7,667065	7,698607	0,375680	0,110336	2,533354	-17039,999881	-10942,013401	-2985,187934	-15810,106029	-16457,432681	7,324106	68,825873	25,102791	24,400973	30,139532	25,188990	25,317086	-2,906188	1,253750	0,981531	241291,648553	-0,189617	11,360566	-0,045738	0,000000	2,035885	-0,124399	-0,124418	0,000000	3,120383	9,979224	0,400250
61,000000	7,666111	7,698311	0,374055	0,110861	2,539141	-17036,526516	-10941,846624	-2985,057420	-15809,752564	-16457,079216	7,322774	68,888328	25,106431	24,402749	30,137454	25,183758	25,314019	-2,906108	1,253787	0,981146	241290,371429	-0,188905	11,360151	-0,045639	0,000000	2,036379	-0,124400	-0,124412	0,000000	3,122001	9,990199	0,400458
61,200000	7,665922	7,698258	0,372322	0,110951	2,538311	-17043,121389	-10942,592303	-2984,891698	-15813,748638	-16461,075289	7,321596	68,916771	25,102445	24,403773	30,143493	25,178702	25,313533	-2,905851	1,253858	0,980912	241279,938860	-0,187754	11,360043	-0,045555	0,000000	2,037055	-0,124408	-0,124407	0,000000	3,122737	10,002829	0,400552
61,400000	7,666386	7,698111	0,369761	0,111149	2,524294	-17039,612244	-10943,252368	-2984,979105	-15817,927642	-16465,254293	7,320197	68,929848	25,093621	24,404216	30,150967	25,177848	25,318083	-2,905737	1,253120	0,980988	241265,607155	-0,187400	11,360211	-0,045465	0,000000	2,038486	-0,124416	-0,124409	0,000000	3,123076	10,021744	0,400596
61,600000	7,666411	7,697749	0,370057	0,111087	2,508447	-17027,111939	-10943,177719	-2985,038384	-15814,034795	-16461,361446	7,318632	68,953928	25,087282	24,404269	30,152521	25,178532	25,321749	-2,905828	1,252802	0,981085	241251,687609	-0,187411	11,360246	-0,045374	0,000000	2,039896	-0,124413	-0,124420	0,000000	3,123699	10,019245	0,400676
61,800000	7,665684	7,697356	0,374335	0,110696	2,500980	-17028,538955	-10944,436845	-2984,954102	-15803,427774	-16450,754425	7,317400	68,971523	25,086703	24,403678	30,151611	25,177472	25,321936	-2,905974	1,253067	0,981082	241246,761559	-0,187720	11,360061	-0,045541	0,000000	2,040691	-0,124405	-0,124427	0,000000	3,124155	9,987420	0,400734
62,000000	7,664978	7,696860	0,377053	0,110466	2,504178	-17041,607010	-10944,704239	-2985,008188	-15795,971874	-16443,298526	7,316460	69,000737	25,090222	24,403075	30,151896	25,175080	25,320076	-2,905899	1,252839	0,981189	241249,816183	-0,188836	11,359959	-0,045447	0,000000	2,041254	-0,124407	-0,124422	0,000000	3,124911	9,967067	0,400831
62,200000	7,664876	7,696680	0,374113	0,110155	2,517353	-17033,191180	-10943,044290	-2985,131529	-15795,488642	-16442,815293	7,315317	69,033035	25,090953	24,402947	30,152121	25,171825	25,317913	-2,905646	1,253341	0,981275	241265,291309	-0,189239	11,359953	-0,044953	0,000000	2,040914	-0,124415	-0,124411	0,000000	3,125747	9,988203	0,400938
62,400000	7,664793	7,696868	0,368517	0,109578	2,531776	-16996,613702	-10942,231856	-2985,073360	-15799,482726	-16446,809377	7,313862	69,043815	25,085864	24,401317	30,152385	25,167435	25,320496	-2,905560	1,253323	0,981255	241279,642994	-0,188320	11,360193	-0,044707	0,000000	2,039417	-0,124421	-0,124403	0,000000	3,126026	10,029554	0,400974
62,600000	7,664412	7,696621	0,365429	0,109860	2,539829	-16958,601399	-10942,182974	-2984,960860	-15798,709579	-16446,036230	7,312382	69,057845	25,082793	24,399186	30,151850	25,163057	25,328782	-2,905621	1,252273	0,981022	241274,888915	-0,187565	11,360585	-0,044691	0,000000	2,038075	-0,124424	-0,124401	0,000000	3,126389	10,052363	0,401020
62,800000	7,664294	7,696121	0,364557	0,110524	2,531068	-16938,246381	-10942,044830	-2984,995262	-15788,594802	-16435,921453	7,310845	69,082112	25,084983	24,400465	30,149766	25,162515	25,335826	-2,905578	1,253045	0,980432	241264,112816	-0,188092	11,360528	-0,044904	0,000000	2,037528	-0,124421	-0,124404	0,000000	3,127016	10,058046	0,401101
63,000000	7,664393	7,695804	0,362546	0,109811	2,504399	-16928,151246	-10942,108494	-2985,278075	-15779,731828	-16427,058479	7,309450	69,066400	25,087768	24,402837	30,149616	25,167028	25,337180	-2,905559	1,253822	0,980419	241245,940854	-0,189231	11,360302	-0,045316	0,000000	2,037121	-0,124410	-0,124405	0,000000	3,126610	10,072239	0,401049
63,200000	7,664320	7,695327	0,360400	0,109078	2,484074	-16916,155931	-10942,072566	-2985,718434	-15778,041693	-16425,368344	7,308428	68,986849	25,088089	24,402642	30,152146	25,171283	25,335587	-2,905606	1,252793	0,981685	241211,682836	-0,190035	11,360525	-0,045253	0,000000	2,036652	-0,124404	-0,124406	0,000000	3,124552	10,087866	0,400785
63,400000	7,664238	7,694750	0,361789	0,109684	2,480769	-16917,824294	-10941,721111	-2985,828352	-15780,108120	-16427,434772	7,307321	68,903403	25,085690	24,401068	30,153446	25,171250	25,335237	-2,905474	1,252251	0,982478	241180,024291	-0,190290	11,360876	-0,044952	0,000000	2,036058	-0,124406	-0,124405	0,000000	3,122391	10,077313	0,400508
63,600000	7,664084	7,694371	0,365365	0,109874	2,484116	-16944,300169	-10941,677917	-2985,355570	-15783,158340	-16430,484991	7,305808	68,864220	25,084876	24,400446	30,149316	25,168672	25,334063	-2,905426	1,252093	0,981660	241162,194341	-0,189113	11,361221	-0,044907	0,000000	2,035209	-0,124410	-0,124399	0,000000	3,121377	10,050659	0,400378
63,800000	7,663515	7,694017	0,366651	0,109082	2,502692	-16971,754010	-10942,094224	-2984,788583	-15782,739868	-16430,066519	7,304332	68,871306	25,090625	24,401334	30,142258	25,166778	25,328755	-2,905725	1,252128	0,981041	241152,473510	-0,187605	11,361899	-0,044957	0,000000	2,034719	-0,124411	-0,124395	0,000000	3,121560	10,041121	0,400401
64,000000	7,662883	7,693569	0,366346	0,108756	2,530691	-16983,376989	-10942,794088	-2984,771962	-15779,946651	-16427,273302	7,303164	68,906318	25,098707	24,401615	30,137227	25,169111	25,323743	-2,905997	1,253007	0,981071	241154,388631	-0,188194	11,362584	-0,045275	0,000000	2,034605	-0,124409	-0,124401	0,000000	3,122467	10,043273	0,400517
64,200000	7,662611	7,693322	0,369309	0,109316	2,542367	-16992,598642	-10943,297826	-2985,135104	-15778,715374	-16426,042025	7,301947	68,934234	25,101686	24,400326	30,135578	25,177707	25,322852	-2,905942	1,253582	0,980956	241165,981521	-0,189600	11,362999	-0,045736	0,000000	2,034202	-0,124404	-0,124408	0,000000	3,123190	10,021603	0,400610
64,400000	7,662358	7,693433	0,376518	0,110331	2,538988	-17024,027168	-10943,120236	-2985,386082	-15775,454048	-16422,780699	7,300732	68,942471	25,100965	24,400192	30,133926	25,186642	25,323254	-2,905769	1,253721	0,981373	241170,835312	-0,189925	11,363162	-0,045800	0,000000	2,034417	-0,124401	-0,124409	0,000000	3,123403	9,969325	0,400637
64,600000	7,661892	7,693528	0,382480	0,111099	2,528479	-17067,476158	-10942,700446	-2985,326413	-15769,469976	-16416,796627	7,299713	68,942581	25,100358	24,402182	30,132578	25,189139	25,324078	-2,905742	1,254013	0,981712	241170,355986	-0,189551	11,362945	-0,045590	0,000000	2,036170	-0,124403	-0,124412	0,000000	3,123406	9,926116	0,400638
64,800000	7,661393	7,693281	0,382833	0,111085	2,520816	-17073,700228	-10942,977478	-2984,981198	-15766,533486	-16413,860137	7,298617	68,949797	25,100191	24,403847	30,138845	25,187289	25,324191	-2,905810	1,254507	0,980873	241171,247629	-0,188603	11,362561	-0,045264	0,000000	2,037823	-0,124408	-0,124410	0,000000	3,123593	9,923114	0,400662
65,000000	7,660900	7,692879	0,379409	0,110484	2,522207	-17044,279017	-10943,654374	-2984,706743	-15772,180166	-16419,506817	7,297216	68,966110	25,100177	24,403890	30,145446	25,185471	25,319023	-2,905988	1,255075	0,980182	241160,333604	-0,187152	11,362526	-0,045081	0,000000	2,038069	-0,124413	-0,124405	0,000000	3,124015	9,947480	0,400716
65,200000	7,660440	7,692509	0,376934	0,109790	2,521699	-17027,575855	-10943,947518	-2984,770669	-15783,808199	-16431,134851	7,295765	68,968248	25,100716	24,401977	30,144603	25,184233	25,311591	-2,906209	1,254892	0,980793	241161,875653	-0,186939	11,362981	-0,045521	0,000000	2,037371	-0,124412	-0,124409	0,000000	3,124070	9,965377	0,400723
65,400000	7,660362	7,692088	0,377499	0,110303	2,522996	-17037,626618	-10944,412744	-2984,845285	-15791,180308	-16438,506959	7,294617	68,917071	25,102875	24,401008	30,142242	25,181670	25,309065	-2,906208	1,254682	0,981610	241190,941462	-0,188294	11,363524	-0,045909	0,000000	2,037293	-0,124406	-0,124417	0,000000	3,122745	9,961239	0,400553
65,600000	7,660357	7,691805	0,380076	0,111496	2,529307	-17058,973165	-10944,458090	-2984,892519	-15793,909498	-16441,236149	7,293461	68,826581	25,103340	24,404195	30,142331	25,176400	25,311756	-2,905991	1,254845	0,981518	241216,284890	-0,189131	11,363878	-0,045587	0,000000	2,038671	-0,124405	-0,124414	0,000000	3,120402	9,942509	0,400253
65,800000	7,660115	7,691968	0,382345	0,111607	2,532610	-17075,837761	-10943,749940	-2985,056783	-15802,441869	-16449,768521	7,291994	68,762479	25,096711	24,406941	30,148940	25,172227	25,316653	-2,905749	1,253920	0,980802	241225,767599	-0,188747	11,364018	-0,045078	0,000000	2,039942	-0,124410	-0,124409	0,000000	3,118741	9,926616	0,400039
66,000000	7,660056	7,692148	0,382754	0,111117	2,533297	-17079,629374	-10943,609275	-2985,163815	-15814,905034	-16462,231685	7,290475	68,735505	25,086090	24,405852	30,158595	25,172863	25,322303	-2,905604	1,253312	0,980228	241213,400777	-0,187988	11,364044	-0,044877	0,000000	2,040112	-0,124413	-0,124410	0,000000	3,118041	9,924257	0,399950
66,200000	7,659865	7,691961	0,382859	0,111054	2,533253	-17074,099245	-10943,763460	-2985,286675	-15818,210495	-16465,537146	7,289154	68,723935	25,079629	24,404039	30,163092	25,174846	25,325817	-2,905631	1,253378	0,980215	241198,463832	-0,187638	11,363909	-0,045089	0,000000	2,039759	-0,124417	-0,124414	0,000000	3,117741	9,923386	0,399911
66,400000	7,659425	7,691451	0,382637	0,111332	2,533702	-17067,150818	-10943,929106	-2985,437838	-15814,010710	-16461,337361	7,288014	68,729248	25,080802	24,402608	30,164865	25,174507	25,323827	-2,905762	1,253147	0,980833	241196,707708	-0,188458	11,363554	-0,045452	0,000000	2,039500	-0,124418	-0,124415	0,000000	3,117879	9,924194	0,399929
66,600000	7,659257	7,690783	0,379735	0,111020	2,530673	-17052,624496	-10944,772968	-2985,485198	-15810,049994	-16457,376645	7,287095	68,710313	25,085675	24,400949	30,163456	25,170390	25,320142	-2,905742	1,253950	0,981841	241186,491670	-0,189955	11,363437	-0,045577	0,000000	2,039432	-0,124415	-0,124410	0,000000	3,117388	9,944212	0,399866
66,800000	7,659224	7,690465	0,375098	0,109758	2,521048	-17027,269391	-10944,258063	-2985,535211	-15809,332296	-16456,658947	7,286066	68,637475	25,086710	24,400685	30,156910	25,163663	25,321357	-2,905420	1,254293	0,982267	241171,415352	-0,190564	11,363859	-0,045400	0,000000	2,039258	-0,124416	-0,124402	0,000000	3,115500	9,977557	0,399624
67,000000	7,659180	7,690292	0,372922	0,108381	2,516888	-17009,201764	-10941,967191	-2985,654647	-15813,208908	-16460,535560	7,284442	68,579854	25,081768	24,401815	30,153273	25,160093	25,326817	-2,905118	1,252738	0,981848	241172,970547	-0,190021	11,364464	-0,045392	0,000000	2,038574	-0,124420	-0,124397	0,000000	3,114005	9,993555	0,399432
67,200000	7,659387	7,689858	0,375315	0,107852	2,518359	-17015,881425	-10941,240855	-2985,507746	-15814,053668	-16461,380319	7,282696	68,569054	25,076500	24,402628	30,154462	25,162650	25,334111	-2,905366	1,252150	0,982150	241192,179312	-0,189023	11,364940	-0,045728	0,000000	2,037331	-0,124417	-0,124395	0,000000	3,113724	9,976086	0,399396
67,400000	7,659710	7,689344	0,379986	0,108244	2,515339	-17043,186015	-10942,364801	-2985,182533	-15811,490211	-16458,816862	7,281310	68,593363	25,077404	24,402798	30,152334	25,167990	25,340298	-2,905914	1,252592	0,983076	241208,458385	-0,188547	11,365343	-0,045776	0,000000	2,036151	-0,124410	-0,124397	0,000000	3,114355	9,941994	0,399477
67,600000	7,659720	7,688840	0,383398	0,109012	2,521938	-17071,735361	-10943,079141	-2985,160120	-15815,060597	-16462,387248	7,280248	68,641349	25,084797	24,403367	30,148681	25,173502	25,339111	-2,906087	1,253023	0,983041	241207,300727	-0,189109	11,365791	-0,045411	0,000000	2,035550	-0,124406	-0,124401	0,000000	3,115600	9,917138	0,399637
67,800000	7,659255	7,688504	0,384074	0,109388	2,538622	-17086,516133	-10942,541136	-2985,549434	-15826,057727	-16473,384378	7,279174	68,660603	25,091000	24,402799	30,150119	25,178690	25,331429	-2,905892	1,254284	0,982224	241202,481436	-0,190094	11,366377	-0,045113	0,000000	2,035274	-0,124406	-0,124402	0,000000	3,116099	9,912486	0,399701
68,000000	7,658703	7,688359	0,383170	0,109589	2,546100	-17086,929602	-10941,026715	-2986,039668	-15838,830908	-16486,157559	7,277780	68,643479	25,090562	24,399607	30,149927	25,179888	25,323849	-2,905685	1,254385	0,981439	241200,910515	-0,190513	11,366889	-0,045090	0,000000	2,034556	-0,124411	-0,124400	0,000000	3,115655	9,919347	0,399644
68,200000	7,658275	7,688309	0,381905	0,110318	2,546780	-17082,580045	-10939,746343	-2985,916340	-15843,300344	-16490,626995	7,276306	68,615102	25,089557	24,398312	30,143116	25,176644	25,320681	-2,905568	1,253426	0,981273	241211,437131	-0,190168	11,367085	-0,045208	0,000000	2,034072	-0,124418	-0,124397	0,000000	3,114919	9,928365	0,399549
68,400000	7,657750	7,688197	0,379940	0,110304	2,541738	-17071,912620	-10941,243750	-2985,238002	-15833,892676	-16481,219327	7,274967	68,583335	25,094439	24,401388	30,135808	25,175536	25,321498	-2,905617	1,253089	0,981414	241234,143934	-0,189529	11,367220	-0,045434	0,000000	2,034677	-0,124415	-0,124398	0,000000	3,114095	9,942156	0,399444
68,600000	7,657092	7,687882	0,376464	0,109053	2,532464	-17044,837697	-10943,709552	-2985,084595	-15818,742770	-16466,069422	7,273765	68,563822	25,101304	24,404096	30,133175	25,178465	25,321238	-2,905773	1,253054	0,981474	241255,710705	-0,189341	11,367413	-0,045672	0,000000	2,035368	-0,124409	-0,124406	0,000000	3,113589	9,966902	0,399379
68,800000	7,656333	7,687642	0,373553	0,108951	2,524616	-17022,835752	-10943,403230	-2985,304606	-15808,840629	-16456,167280	7,272617	68,564776	25,103699	24,403675	30,136899	25,184039	25,319620	-2,905772	1,253527	0,981668	241274,866718	-0,189622	11,367531	-0,045767	0,000000	2,035734	-0,124408	-0,124413	0,000000	3,113613	9,987998	0,399382
69,000000	7,655752	7,687712	0,375187	0,110441	2,512609	-17029,029131	-10942,226789	-2985,200456	-15804,694694	-16452,021345	7,271396	68,576217	25,100416	24,403382	30,144009	25,191447	25,320389	-2,905624	1,253540	0,981637	241274,673905	-0,189616	11,367524	-0,045804	0,000000	2,036454	-0,124406	-0,124415	0,000000	3,113910	9,976443	0,399420
69,200000	7,655524	7,687649	0,379950	0,111530	2,507989	-17048,926710	-10942,258791	-2985,003036	-15800,038681	-16447,365333	7,270056	68,583719	25,095776	24,404837	30,147857	25,193699	25,321467	-2,905584	1,253320	0,980966	241262,714030	-0,189363	11,367406	-0,045639	0,000000	2,037392	-0,124405	-0,124415	0,000000	3,114105	9,941895	0,399445
69,400000	7,655221	7,687278	0,381653	0,111650	2,519244	-17058,734493	-10943,666425	-2984,830112	-15793,312814	-16440,639466	7,268707	68,595397	25,094779	24,405865	30,146434	25,187039	25,319199	-2,905718	1,253887	0,980274	241263,499286	-0,189349	11,367200	-0,045364	0,000000	2,038594	-0,124408	-0,124416	0,000000	3,114408	9,928948	0,399484
69,600000	7,654796	7,687096	0,378145	0,111325	2,533824	-17047,655520	-10944,643714	-2984,799019	-15794,532366	-16441,859017	7,267508	68,619673	25,096299	24,405198	30,144733	25,178898	25,315124	-2,905746	1,254219	0,980631	241266,531396	-0,189716	11,367167	-0,045348	0,000000	2,039621	-0,124407	-0,124417	0,000000	3,115038	9,953962	0,399565
69,800000	7,654304	7,686995	0,374304	0,111149	2,544629	-17034,616337	-10942,830476	-2984,935023	-15809,730243	-16457,056895	7,266426	68,633648	25,095234	24,403749	30,144716	25,176327	25,312436	-2,905703	1,254672	0,981145	241258,883131	-0,189756	11,367472	-0,045439	0,000000	2,038958	-0,124403	-0,124416	0,000000	3,115400	9,981995	0,399611
70,000000	7,653955	7,686673	0,374858	0,111352	2,545572	-17043,713034	-10941,518002	-2984,729529	-15821,217644	-16468,544295	7,265245	68,623478	25,090095	24,402283	30,146386	25,177661	25,311922	-2,905856	1,255016	0,980864	241254,850642	-0,188918	11,367687	-0,045367	0,000000	2,038060	-0,124404	-0,124412	0,000000	3,115136	9,977896	0,399577
70,200000	7,654176	7,686247	0,377618	0,111658	2,535549	-17058,257350	-10942,785487	-2984,322805	-15815,075837	-16462,402488	7,263899	68,602284	25,085312	24,402724	30,151043	25,176320	25,314086	-2,905955	1,254658	0,981051	241281,131474	-0,187973	11,367702	-0,045112	0,000000	2,039041	-0,124414	-0,124406	0,000000	3,114587	9,957554	0,399507
70,400000	7,654544	7,685984	0,377956	0,111663	2,521255	-17057,944057	-10943,005742	-2984,417293	-15806,178724	-16453,505376	7,262407	68,592919	25,082918	24,405089	30,158533	25,171557	25,318411	-2,905833	1,254945	0,981561	241318,199233	-0,187655	11,367756	-0,044887	0,000000	2,040518	-0,124420	-0,124406	0,000000	3,114344	9,955023	0,399475
70,600000	7,654678	7,685915	0,376773	0,110528	2,508896	-17053,013146	-10942,223025	-2984,894489	-15811,501851	-16458,828502	7,260956	68,596418	25,079819	24,403835	30,167858	25,167523	25,323425	-2,905674	1,254629	0,981358	241306,741589	-0,187949	11,367977	-0,044933	0,000000	2,040560	-0,124418	-0,124412	0,000000	3,114434	9,964048	0,399487
70,800000	7,654567	7,685660	0,378178	0,109048	2,508763	-17054,751388	-10942,126159	-2985,436447	-15826,717631	-16474,044283	7,259849	68,592519	25,076082	24,398941	30,169955	25,165411	25,328080	-2,905529	1,252638	0,981564	241270,552239	-0,188689	11,368517	-0,045077	0,000000	2,039129	-0,124414	-0,124417	0,000000	3,114333	9,954303	0,399474
71,000000	7,654255	7,685142	0,382914	0,109187	2,518555	-17075,215895	-10941,390736	-2985,799136	-15840,237664	-16487,564316	7,258847	68,576870	25,075745	24,397865	30,161147	25,166247	25,330694	-2,905419	1,251850	0,982255	241271,726089	-0,189524	11,368952	-0,045166	0,000000	2,037452	-0,124411	-0,124415	0,000000	3,113927	9,919732	0,399422
71,200000	7,653940	7,684616	0,388203	0,109964	2,529499	-17107,604342	-10941,566016	-2985,627863	-15844,596114	-16491,922765	7,257603	68,575672	25,079996	24,401490	30,151909	25,169101	25,331836	-2,905442	1,252041	0,981869	241295,019162	-0,189733	11,368992	-0,045169	0,000000	2,036721	-0,124411	-0,124406	0,000000	3,113896	9,880937	0,399418
71,400000	7,653647	7,684336	0,389600	0,109455	2,548593	-17119,819540	-10943,686232	-2985,487450	-15840,164534	-16487,491186	7,256150	68,624606	25,083948	24,403687	30,147476	25,169225	25,332910	-2,905702	1,251893	0,981018	241310,171236	-0,189672	11,369270	-0,045016	0,000000	2,036543	-0,124411	-0,124398	0,000000	3,115166	9,870698	0,399581
71,600000	7,653363	7,684204	0,386270	0,108439	2,565974	-17106,794980	-10944,054973	-2985,883158	-15836,863629	-16484,190281	7,254683	68,699027	25,083061	24,402178	30,145493	25,166119	25,335433	-2,905943	1,252469	0,980817	241312,791456	-0,190080	11,369888	-0,044880	0,000000	2,036101	-0,124412	-0,124399	0,000000	3,117096	9,894796	0,399828
71,800000	7,653128	7,683768	0,383462	0,108357	2,558636	-17085,526015	-10942,615161	-2986,100330	-15837,135478	-16484,462129	7,253276	68,742211	25,080058	24,399720	30,146182	25,166017	25,339993	-2,905826	1,252785	0,981527	241310,184772	-0,190125	11,370392	-0,045023	0,000000	2,035434	-0,124411	-0,124403	0,000000	3,118215	9,914928	0,399972
72,000000	7,652906	7,682961	0,383460	0,108803	2,539665	-17068,484005	-10942,217014	-2985,727066	-15833,858404	-16481,185055	7,251831	68,752909	25,081963	24,398682	30,146222	25,171965	25,341342	-2,905663	1,252402	0,982617	241311,155168	-0,189680	11,370702	-0,045248	0,000000	2,034947	-0,124408	-0,124399	0,000000	3,118493	9,914328	0,400008
72,200000	7,652593	7,682290	0,383026	0,109221	2,525396	-17061,693934	-10942,784532	-2985,286888	-15826,291409	-16473,618060	7,250425	68,767086	25,089673	24,399554	30,142669	25,178952	25,334962	-2,905556	1,252038	0,982541	241332,220177	-0,189514	11,370834	-0,045247	0,000000	2,035421	-0,124410	-0,124395	0,000000	3,118860	9,916644	0,400055
72,400000	7,652107	7,682148	0,380304	0,109619	2,515659	-17055,579369	-10943,489154	-2984,985362	-15818,889950	-16466,216601	7,249247	68,797516	25,096316	24,401384	30,141559	25,182281	25,324060	-2,905403	1,252287	0,981617	241363,241382	-0,189643	11,371174	-0,045333	0,000000	2,036728	-0,124415	-0,124400	0,000000	3,119649	9,936241	0,400156
72,600000	7,651431	7,682338	0,377330	0,109665	2,516424	-17044,213545	-10943,531315	-2985,210046	-15816,200645	-16463,527297	7,248221	68,822983	25,098940	24,402837	30,142675	25,182270	25,315647	-2,905580	1,253370	0,981279	241362,543719	-0,189947	11,372100	-0,045567	0,000000	2,037154	-0,124413	-0,124407	0,000000	3,120308	9,958718	0,400241
72,800000	7,650825	7,682295	0,375646	0,109702	2,520630	-17035,791439	-10942,454868	-2985,810406	-15815,332769	-16462,659420	7,247040	68,819321	25,099806	24,402446	30,140520	25,180218	25,315284	-2,905861	1,253500	0,982087	241343,002555	-0,190531	11,372878	-0,045651	0,000000	2,035840	-0,124400	-0,124411	0,000000	3,120214	9,971488	0,400228
73,000000	7,650591	7,681739	0,375058	0,110373	2,526300	-17030,685194	-10941,219397	-2985,645418	-15807,374492	-16454,701143	7,245769	68,784905	25,101319	24,401795	30,136051	25,179886	25,320865	-2,905792	1,253193	0,982812	241332,213888	-0,190797	11,372937	-0,045775	0,000000	2,034533	-0,124393	-0,124411	0,000000	3,119322	9,975043	0,400114
73,200000	7,650475	7,681293	0,375514	0,110688	2,535581	-17025,121750	-10941,585754	-2984,897691	-15794,390023	-16441,716674	7,244572	68,760605	25,103876	24,404801	30,133389	25,184383	25,323770	-2,905691	1,254165	0,982667	241326,693401	-0,189857	11,372876	-0,045923	0,000000	2,035151	-0,124398	-0,124408	0,000000	3,118692	9,970974	0,400033
73,400000	7,649872	7,681422	0,376461	0,109913	2,537607	-17021,989484	-10942,971161	-2984,343005	-15784,889905	-16432,216556	7,243322	68,774852	25,103069	24,408149	30,135650	25,188828	25,320306	-2,905762	1,254479	0,982417	241319,166731	-0,188234	11,373139	-0,045723	0,000000	2,037161	-0,124406	-0,124410	0,000000	3,119061	9,964454	0,400081
73,600000	7,648979	7,681668	0,376844	0,109802	2,535046	-17022,644895	-10943,684325	-2984,215175	-15779,909451	-16427,236102	7,242109	68,791952	25,096301	24,407368	30,143318	25,188827	25,315860	-2,905874	1,254152	0,981877	241307,577498	-0,187366	11,373354	-0,045281	0,000000	2,039204	-0,124407	-0,124416	0,000000	3,119504	9,962432	0,400137
73,800000	7,648742	7,681590	0,375925	0,110990	2,529920	-17015,952026	-10943,440797	-2984,728893	-15776,957189	-16424,283841	7,241093	68,777095	25,089337	24,405203	30,151087	25,184862	25,315618	-2,905937	1,254148	0,981378	241290,613362	-0,188129	11,373121	-0,045111	0,000000	2,040814	-0,124409	-0,124415	0,000000	3,119119	9,969120	0,400088
74,000000	7,649161	7,681290	0,375453	0,111582	2,520188	-17002,117387	-10942,763895	-2985,459797	-15777,094089	-16424,420740	7,239814	68,753521	25,087601	24,403961	30,152797	25,177581	25,318077	-2,905781	1,253679	0,981036	241262,448872	-0,189351	11,372580	-0,045358	0,000000	2,041388	-0,124412	-0,124408	0,000000	3,118508	9,971821	0,400010
74,200000	7,649419	7,681259	0,376399	0,110665	2,514228	-16999,277131	-10943,086963	-2985,616077	-15780,517524	-16427,844175	7,238063	68,741442	25,088545	24,403515	30,151876	25,171388	25,319762	-2,905574	1,253793	0,980790	241224,942043	-0,189262	11,372160	-0,045499	0,000000	2,040571	-0,124415	-0,124403	0,000000	3,118195	9,964545	0,399970
74,400000	7,648912	7,681491	0,377454	0,109552	2,513869	-17007,092517	-10943,843919	-2985,267074	-15785,745871	-16433,072522	7,236575	68,734680	25,088377	24,388766	30,151688	25,170942	25,319764	-2,905563	1,254034	0,981567	241198,650314	-0,188314	11,372226	-0,045382	0,000000	2,039848	-0,124418	-0,124401	0,000000	3,118020	9,957737	0,399947
74,600000	7,648095	7,681367	0,377292	0,109829	2,519376	-17014,960982	-10943,575096	-2984,875599	-15791,576245	-16438,902896	7,235546	68,748047	25,086129	24,349953	30,150706	25,174142	25,320628	-2,905568	1,253600	0,982465	241215,761754	-0,187965	11,372264	-0,045433	0,000000	2,039681	-0,124414	-0,124407	0,000000	3,118367	9,960097	0,399991
74,800000	7,648074	7,680852	0,374697	0,110932	2,527492	-17018,144938	-10943,129679	-2984,829843	-15797,778800	-16445,105452	7,234480	68,762060	25,082763	24,316737	30,150285	25,175708	25,325367	-2,905652	1,253827	0,982383	241246,513624	-0,188249	11,371548	-0,045512	0,000000	2,039421	-0,124407	-0,124417	0,000000	3,118730	9,978806	0,400038
75,000000	7,648618	7,680221	0,371995	0,111042	2,530830	-17013,581785	-10942,690900	-2985,293133	-15809,113016	-16456,439667	7,233275	68,744831	25,080261	24,308790	30,153505	25,171961	25,334074	-2,905712	1,253780	0,981853	241241,129216	-0,189031	11,370287	-0,045296	0,000000	2,039546	-0,124405	-0,124416	0,000000	3,118283	9,997011	0,399981
75,200000	7,649020	7,679522	0,370548	0,109926	2,532660	-17007,135646	-10941,609915	-2985,774699	-15828,431640	-16475,758292	7,231903	68,728144	25,078311	24,311146	30,159106	25,166487	25,340295	-2,905447	1,253165	0,981099	241217,517287	-0,189825	11,369111	-0,044922	0,000000	2,038980	-0,124408	-0,124408	0,000000	3,117851	10,005830	0,399925
75,400000	7,649011	7,679174	0,368464	0,108568	2,527333	-16996,162154	-10940,691686	-2985,680259	-15845,900921	-16493,227572	7,230340	68,737955	25,077102	24,312057	30,160452	25,165722	25,337562	-2,905389	1,253800	0,980291	241202,049011	-0,188981	11,368924	-0,044833	0,000000	2,036987	-0,124415	-0,124400	0,000000	3,118105	10,020523	0,399958
75,600000	7,648555	7,679137	0,367572	0,108382	2,508154	-16979,138210	-10941,088267	-2985,285087	-15848,367830	-16495,694481	7,228968	68,748983	25,080107	24,312384	30,154043	25,166744	25,330687	-2,905747	1,254383	0,980478	241198,275549	-0,188034	11,369970	-0,045180	0,000000	2,034964	-0,124419	-0,124398	0,000000	3,118391	10,027713	0,399995
75,800000	7,647970	7,678826	0,369816	0,109536	2,496176	-16980,280136	-10942,636247	-2985,139648	-15837,020823	-16484,347474	7,227936	68,743753	25,087351	24,313990	30,143778	25,164730	25,328016	-2,905937	1,253779	0,981998	241205,401589	-0,188895	11,371033	-0,045599	0,000000	2,034322	-0,124415	-0,124403	0,000000	3,118255	10,011461	0,399977
76,000000	7,647210	7,678180	0,372572	0,109584	2,501530	-17004,765002	-10943,678564	-2985,243984	-15826,395413	-16473,722064	7,226835	68,720605	25,093674	24,315729	30,138829	25,162799	25,331859	-2,905855	1,253597	0,982940	241218,172702	-0,190050	11,371374	-0,045799	0,000000	2,035189	-0,124409	-0,124401	0,000000	3,117655	9,990683	0,399900
76,200000	7,646536	7,677590	0,373171	0,108218	2,511784	-17028,506668	-10943,406341	-2985,466513	-15826,833391	-16474,160043	7,225370	68,670262	25,094410	24,315251	30,141092	25,164088	25,336727	-2,905665	1,253428	0,982128	241221,146219	-0,190513	11,371382	-0,045732	0,000000	2,035900	-0,124405	-0,124398	0,000000	3,116350	9,985745	0,399733
76,400000	7,646538	7,677471	0,371680	0,108058	2,527813	-17040,511141	-10942,952465	-2985,463250	-15830,793671	-16478,120322	7,223778	68,614479	25,090089	24,312736	30,143179	25,169933	25,337582	-2,905508	1,253150	0,981241	241214,001805	-0,190212	11,371485	-0,045688	0,000000	2,035561	-0,124405	-0,124398	0,000000	3,114903	9,996708	0,399547
76,600000	7,646810	7,677596	0,368075	0,109308	2,540655	-17038,927736	-10943,280863	-2985,140742	-15825,548869	-16472,875521	7,222475	68,596772	25,089095	24,312888	30,140912	25,179865	25,334949	-2,905659	1,253738	0,981148	241205,874752	-0,189534	11,371964	-0,045822	0,000000	2,035424	-0,124406	-0,124399	0,000000	3,114444	10,023544	0,399488
76,800000	7,646630	7,677367	0,363126	0,110252	2,537653	-17017,833868	-10944,438837	-2985,185821	-15813,852858	-16461,179509	7,221462	68,612921	25,096742	24,315781	30,136000	25,186465	25,328374	-2,905976	1,254271	0,981147	241194,179247	-0,189618	11,372407	-0,045763	0,000000	2,036012	-0,124406	-0,124406	0,000000	3,114863	10,059812	0,399542
77,000000	7,646186	7,676862	0,360030	0,110700	2,522961	-16986,432180	-10944,944290	-2985,415099	-15806,860007	-16454,186658	7,220511	68,629273	25,105061	24,316737	30,131617	25,185422	25,319910	-2,906046	1,254270	0,981547	241185,288993	-0,190189	11,372208	-0,045549	0,000000	2,036866	-0,124407	-0,124415	0,000000	3,115287	10,081782	0,399596
77,200000	7,645706	7,676457	0,360537	0,111037	2,499360	-16968,660581	-10943,759367	-2985,272758	-15810,414271	-16457,740922	7,219550	68,675613	25,105144	24,316592	30,131725	25,182994	25,314480	-2,905859	1,254136	0,981965	241187,187746	-0,189911	11,372038	-0,045527	0,000000	2,037868	-0,124411	-0,124412	0,000000	3,116489	10,077410	0,399751
77,400000	7,645081	7,676222	0,364711	0,111518	2,482746	-16982,883270	-10941,830395	-2985,234501	-15820,923442	-16468,250093	7,218371	68,760833	25,099294	24,317561	30,137498	25,184687	25,314095	-2,905770	1,254606	0,981710	241192,392992	-0,189322	11,372484	-0,045543	0,000000	2,038093	-0,124413	-0,124405	0,000000	3,118698	10,046851	0,400034
77,600000	7,644412	7,676221	0,370219	0,112182	2,485198	-17027,127731	-10941,185321	-2985,177045	-15827,641042	-16474,967693	7,216930	68,803506	25,093894	24,318399	30,141391	25,188101	25,318478	-2,905896	1,254798	0,981394	241185,829845	-0,188852	11,372818	-0,045586	0,000000	2,037706	-0,124413	-0,124407	0,000000	3,119804	10,006845	0,400176
77,800000	7,643974	7,676201	0,373816	0,112239	2,499335	-17057,409736	-10943,171671	-2985,014014	-15818,821860	-16466,148511	7,215593	68,792452	25,091935	24,318743	30,141520	25,188512	25,322937	-2,905997	1,253380	0,981379	241166,205441	-0,188465	11,372689	-0,045771	0,000000	2,038290	-0,124409	-0,124414	0,000000	3,119517	9,980493	0,400139
78,000000	7,643802	7,676063	0,376542	0,111597	2,523920	-17051,270992	-10944,516440	-2985,268066	-15799,078935	-16446,405586	7,214391	68,779830	25,092620	24,319006	30,144205	25,186715	25,321537	-2,905841	1,252910	0,981618	241142,071161	-0,188878	11,372420	-0,045793	0,000000	2,039701	-0,124407	-0,124419	0,000000	3,119190	9,960407	0,400097
78,200000	7,643467	7,676043	0,378367	0,110928	2,550074	-17045,301162	-10943,205018	-2985,438153	-15791,003481	-16438,330133	7,212977	68,773591	25,089868	24,317932	30,151703	25,185331	25,316251	-2,905541	1,254043	0,981915	241115,842665	-0,189096	11,372155	-0,045521	0,000000	2,040625	-0,124407	-0,124418	0,000000	3,119029	9,947243	0,400076
78,400000	7,643047	7,676005	0,377839	0,110971	2,561778	-17045,702005	-10942,365203	-2985,365415	-15800,511516	-16447,838167	7,211521	68,798259	25,081727	24,316281	30,158218	25,180746	25,313599	-2,905480	1,253791	0,982023	241101,094181	-0,188723	11,371955	-0,045244	0,000000	2,040448	-0,124410	-0,124412	0,000000	3,119668	9,951106	0,400158
78,600000	7,642869	7,675843	0,378446	0,111341	2,552856	-17045,884957	-10942,689206	-2985,574964	-15811,402132	-16458,728783	7,210357	68,870705	25,075886	24,316202	30,156278	25,171653	25,317379	-2,905585	1,253491	0,981085	241129,852924	-0,188858	11,371866	-0,045148	0,000000	2,039705	-0,124414	-0,124407	0,000000	3,121545	9,946400	0,400399
78,800000	7,642798	7,675440	0,383063	0,110464	2,530036	-17061,572542	-10943,224829	-2985,630957	-15812,349262	-16459,675913	7,209217	68,923695	25,076982	24,317033	30,150649	25,165584	25,324583	-2,905670	1,253884	0,980138	241173,737533	-0,189282	11,371819	-0,045222	0,000000	2,039196	-0,124414	-0,124406	0,000000	3,122917	9,912463	0,400575
79,000000	7,642537	7,674708	0,386976	0,108656	2,512173	-17077,875997	-10943,610758	-2985,421278	-15806,619543	-16453,946194	7,207964	68,919670	25,081010	24,317277	30,149979	25,165585	25,328397	-2,905818	1,253604	0,981094	241176,636457	-0,189451	11,371857	-0,045334	0,000000	2,038917	-0,124410	-0,124407	0,000000	3,122813	9,883658	0,400562
79,200000	7,642274	7,674073	0,384967	0,107777	2,505971	-17071,399151	-10942,580488	-2985,552405	-15802,451848	-16449,778499	7,206729	68,908571	25,079967	24,315503	30,153823	25,168595	25,330212	-2,905798	1,253894	0,982563	241163,814717	-0,189941	11,372054	-0,045232	0,000000	2,038521	-0,124409	-0,124407	0,000000	3,122525	9,897632	0,400525
79,400000	7,642408	7,673964	0,380813	0,107841	2,507565	-17050,154150	-10941,433560	-2985,389485	-15798,727206	-16446,053857	7,205343	68,914089	25,072763	24,312944	30,156599	25,173150	25,334343	-2,905528	1,253967	0,982962	241168,995027	-0,190041	11,372251	-0,044956	0,000000	2,038181	-0,124409	-0,124406	0,000000	3,122668	9,927645	0,400543
79,600000	7,642656	7,673941	0,379529	0,107601	2,523767	-17031,176118	-10942,099055	-2984,734557	-15791,800371	-16439,127023	7,203702	68,942281	25,068862	24,313139	30,156696	25,174163	25,338716	-2,905470	1,253067	0,982320	241193,049279	-0,188865	11,372486	-0,044897	0,000000	2,037870	-0,124414	-0,124404	0,000000	3,123398	9,937061	0,400637
79,800000	7,642565	7,673452	0,380610	0,107354	2,545640	-17028,223630	-10943,025075	-2984,748534	-15790,434835	-16437,761486	7,202161	69,002832	25,073165	24,314796	30,154547	25,168419	25,339728	-2,905733	1,252740	0,981774	241218,874568	-0,188390	11,372651	-0,045038	0,000000	2,037258	-0,124421	-0,124404	0,000000	3,124965	9,928736	0,400838
80,000000	7,642220	7,672867	0,381776	0,107770	2,550871	-17043,721183	-10942,843648	-2985,095139	-15800,738646	-16448,065297	7,201034	69,051368	25,081116	24,314868	30,150781	25,163727	25,335108	-2,905834	1,252886	0,982332	241219,213501	-0,189102	11,372757	-0,045175	0,000000	2,035786	-0,124416	-0,124407	0,000000	3,126221	9,919646	0,400999
80,200000	7,641986	7,672575	0,380055	0,108218	2,547498	-17055,591573	-10942,194464	-2985,099081	-15814,565975	-16461,892626	7,200024	69,065671	25,087033	24,314561	30,147139	25,167371	25,328326	-2,905814	1,253124	0,982758	241194,911550	-0,190020	11,373221	-0,045316	0,000000	2,033357	-0,124403	-0,124408	0,000000	3,126591	9,931984	0,401046
80,400000	7,641805	7,672330	0,376148	0,108429	2,539721	-17053,719192	-10941,886999	-2985,045605	-15821,050327	-16468,376979	7,198826	69,064868	25,088402	24,313948	30,141997	25,174454	25,326111	-2,905978	1,253674	0,982388	241171,413391	-0,190686	11,373742	-0,045353	0,000000	2,032117	-0,124396	-0,124409	0,000000	3,126570	9,960221	0,401044
80,600000	7,641450	7,672096	0,374514	0,109228	2,520074	-17052,204917	-10942,337381	-2984,935497	-15818,370267	-16465,696918	7,197672	69,042451	25,088666	24,313599	30,137908	25,177984	25,328511	-2,906020	1,253773	0,981839	241191,311679	-0,190327	11,373725	-0,045458	0,000000	2,033485	-0,124401	-0,124409	0,000000	3,125990	9,971658	0,400969
80,800000	7,640716	7,672036	0,375726	0,110032	2,504230	-17053,042597	-10942,896311	-2984,763731	-15814,346874	-16461,673526	7,196527	68,988567	25,090613	24,315527	30,140165	25,180889	25,330390	-2,905889	1,253629	0,981304	241230,800630	-0,189223	11,373447	-0,045618	0,000000	2,035799	-0,124408	-0,124406	0,000000	3,124596	9,962560	0,400791
81,000000	7,639833	7,671953	0,376572	0,109609	2,500638	-17056,437192	-10942,924724	-2984,761084	-15814,057559	-16461,384210	7,195173	68,930028	25,091587	24,315822	30,145456	25,185190	25,327111	-2,905827	1,253477	0,981602	241226,479582	-0,188055	11,373517	-0,045550	0,000000	2,036965	-0,124410	-0,124407	0,000000	3,123081	9,956571	0,400596
81,200000	7,639664	7,671732	0,375623	0,109347	2,511271	-17061,350553	-10943,063316	-2984,739496	-15814,925266	-16462,251918	7,193882	68,906517	25,092678	24,313027	30,145670	25,187139	25,320773	-2,905781	1,253214	0,982265	241203,948920	-0,187698	11,374027	-0,045619	0,000000	2,036754	-0,124405	-0,124417	0,000000	3,122472	9,963733	0,400518
81,400000	7,640215	7,671433	0,374999	0,110612	2,531978	-17057,382134	-10943,440982	-2984,654668	-15814,156506	-16461,483157	7,192868	68,917325	25,097280	24,312387	30,138348	25,187607	25,317631	-2,905837	1,253541	0,982129	241201,755349	-0,188414	11,374417	-0,045791	0,000000	2,036342	-0,124401	-0,124424	0,000000	3,122752	9,968039	0,400554
81,600000	7,640327	7,671069	0,374759	0,111997	2,542570	-17052,465527	-10943,289809	-2984,639981	-15813,765283	-16461,091934	7,191714	68,937699	25,101892	24,315294	30,131634	25,187196	25,316486	-2,906013	1,253936	0,981536	241209,656269	-0,189021	11,374112	-0,045485	0,000000	2,036678	-0,124404	-0,124418	0,000000	3,123279	9,968765	0,400622
81,800000	7,639328	7,670796	0,372191	0,111909	2,541560	-17047,454305	-10943,183637	-2984,563431	-15814,449482	-16461,776133	7,190177	68,936740	25,100472	24,317894	30,134176	25,184840	25,315423	-2,906039	1,254477	0,980556	241221,391632	-0,188731	11,373596	-0,045135	0,000000	2,037526	-0,124408	-0,124412	0,000000	3,123254	9,986656	0,400618
82,000000	7,638071	7,670802	0,369226	0,110861	2,532721	-17037,549584	-10943,428789	-2984,556908	-15817,755105	-16465,081756	7,188773	68,909030	25,093186	24,317692	30,142064	25,182561	25,317802	-2,905887	1,254993	0,979504	241233,996164	-0,187879	11,373664	-0,045269	0,000000	2,038685	-0,124413	-0,124410	0,000000	3,122537	10,008627	0,400526
82,200000	7,637764	7,670932	0,368123	0,110369	2,514270	-17028,839510	-10943,749152	-2984,873795	-15821,712866	-16469,039517	7,187465	68,897259	25,086030	24,316373	30,147585	25,180986	25,320038	-2,905835	1,253792	0,979631	241248,127184	-0,187752	11,374043	-0,045449	0,000000	2,039789	-0,124418	-0,124411	0,000000	3,122232	10,017411	0,400487
82,400000	7,638148	7,670760	0,366763	0,110657	2,495939	-17015,366546	-10944,655089	-2985,113016	-15818,055156	-16465,381807	7,186119	68,913215	25,084032	24,315628	30,151089	25,179548	25,318692	-2,905971	1,252811	0,980375	241262,408361	-0,188517	11,374023	-0,045347	0,000000	2,040378	-0,124415	-0,124417	0,000000	3,122645	10,027306	0,400540
82,600000	7,638226	7,670266	0,364165	0,111066	2,488110	-16993,687923	-10944,762554	-2985,107714	-15810,987036	-16458,313687	7,185127	68,934496	25,084745	24,315635	30,155238	25,178251	25,318510	-2,905963	1,252966	0,980355	241254,134303	-0,189112	11,373819	-0,045103	0,000000	2,040928	-0,124411	-0,124420	0,000000	3,123196	10,045792	0,400611
82,800000	7,637965	7,669840	0,361533	0,111269	2,494622	-16965,018573	-10943,112760	-2985,306453	-15809,564569	-16456,891221	7,184011	68,951880	25,083510	24,316155	30,158431	25,175877	25,318923	-2,905634	1,252512	0,980094	241242,436911	-0,189580	11,373864	-0,044825	0,000000	2,041129	-0,124416	-0,124414	0,000000	3,123646	10,064852	0,400669
83,000000	7,637693	7,669593	0,360450	0,110810	2,505886	-16944,334031	-10942,044730	-2985,418557	-15814,593246	-16461,919897	7,182442	68,938121	25,079913	24,315818	30,161024	25,172690	25,319254	-2,905401	1,252900	0,979997	241264,149379	-0,189522	11,374121	-0,044743	0,000000	2,040414	-0,124424	-0,124409	0,000000	3,123290	10,072907	0,400623
83,200000	7,637250	7,669434	0,361838	0,109842	2,511197	-16950,718468	-10942,113862	-2985,360567	-15822,416589	-16469,743240	7,180822	68,862675	25,075662	24,314234	30,162325	25,168094	25,324050	-2,905506	1,253166	0,979937	241304,504041	-0,189138	11,374494	-0,044961	0,000000	2,038704	-0,124424	-0,124409	0,000000	3,121337	10,062879	0,400372
83,400000	7,636911	7,669352	0,364790	0,109736	2,517623	-16970,265805	-10942,258889	-2985,421615	-15824,561193	-16471,887844	7,179450	68,763640	25,074548	24,313861	30,156484	25,162887	25,332503	-2,905689	1,252008	0,980262	241325,158393	-0,189585	11,374619	-0,045246	0,000000	2,036980	-0,124421	-0,124409	0,000000	3,118771	10,040941	0,400043
83,600000	7,637043	7,669034	0,365412	0,109861	2,521587	-16986,665709	-10942,810088	-2985,496282	-15820,352837	-16467,679488	7,178257	68,705881	25,077296	24,314990	30,149826	25,162736	25,338694	-2,905790	1,251855	0,980423	241298,810186	-0,190138	11,374490	-0,045525	0,000000	2,036618	-0,124418	-0,124406	0,000000	3,117273	10,035619	0,399851
83,800000	7,637042	7,668398	0,360871	0,108747	2,512306	-16994,760689	-10942,679316	-2985,612212	-15820,322269	-16467,648920	7,177049	68,699475	25,078977	24,314639	30,151079	25,167441	25,339077	-2,905794	1,252282	0,980437	241259,274776	-0,190141	11,374636	-0,045575	0,000000	2,036904	-0,124410	-0,124404	0,000000	3,117107	10,068568	0,399830
84,000000	7,636699	7,667913	0,354991	0,108659	2,503489	-16981,154017	-10941,797276	-2985,789369	-15826,916133	-16474,242784	7,175981	68,713845	25,076955	24,313246	30,151912	25,172396	25,337044	-2,905524	1,252461	0,981094	241252,825675	-0,190404	11,374937	-0,045377	0,000000	2,036186	-0,124406	-0,124403	0,000000	3,117480	10,112050	0,399878
84,200000	7,636492	7,667540	0,354586	0,110354	2,497943	-16955,369358	-10941,821082	-2985,566711	-15827,715884	-16475,042535	7,174737	68,704867	25,074580	24,313128	30,147806	25,175169	25,334850	-2,905186	1,253458	0,981702	241268,225583	-0,190469	11,374929	-0,045292	0,000000	2,035217	-0,124414	-0,124403	0,000000	3,117247	10,114501	0,399848
84,400000	7,636284	7,667166	0,360687	0,110493	2,487592	-16950,051528	-10942,501687	-2985,190500	-15811,419254	-16458,745905	7,173187	68,657827	25,076910	24,314261	30,145141	25,174380	25,329831	-2,905393	1,254074	0,982010	241278,093192	-0,189790	11,374982	-0,045370	0,000000	2,035502	-0,124420	-0,124406	0,000000	3,116027	10,068611	0,399691
84,600000	7,635733	7,666704	0,367993	0,108887	2,487565	-16972,496886	-10942,653123	-2985,220817	-15787,728827	-16435,055478	7,171968	68,618772	25,085465	24,314602	30,144301	25,172279	25,323689	-2,905863	1,253737	0,981975	241263,341556	-0,189254	11,375363	-0,045497	0,000000	2,035385	-0,124416	-0,124409	0,000000	3,115014	10,014579	0,399562
84,800000	7,635124	7,666276	0,373221	0,108214	2,503102	-17008,174929	-10942,300257	-2985,201538	-15774,379898	-16421,706549	7,171135	68,625667	25,095978	24,313625	30,140530	25,173872	25,318882	-2,906042	1,253089	0,981652	241232,410023	-0,189037	11,375712	-0,045721	0,000000	2,034919	-0,124406	-0,124407	0,000000	3,115193	9,976161	0,399584
85,000000	7,634955	7,666268	0,376416	0,108854	2,527613	-17038,009400	-10942,747037	-2985,021330	-15770,384125	-16417,710776	7,170064	68,645747	25,101729	24,312821	30,135621	25,180800	25,315806	-2,905948	1,252523	0,981706	241215,756657	-0,189412	11,376052	-0,045897	0,000000	2,035230	-0,124397	-0,124407	0,000000	3,115714	9,953146	0,399651
85,200000	7,634901	7,666287	0,377752	0,109911	2,551929	-17044,175286	-10944,219735	-2984,978765	-15764,425623	-16411,752274	7,168566	68,636749	25,101383	24,313201	30,136294	25,188360	25,317956	-2,905757	1,253061	0,981579	241211,538707	-0,190152	11,376225	-0,045706	0,000000	2,035645	-0,124397	-0,124410	0,000000	3,115481	9,943678	0,399621
85,400000	7,634576	7,666072	0,378166	0,110489	2,556169	-17037,918288	-10945,425783	-2985,067370	-15755,838429	-16403,165080	7,166910	68,612369	25,099902	24,314672	30,140939	25,189605	25,323272	-2,905695	1,253533	0,981222	241208,686172	-0,190109	11,375873	-0,045447	0,000000	2,037066	-0,124408	-0,124409	0,000000	3,114848	9,940234	0,399540
85,600000	7,634139	7,665999	0,379035	0,110434	2,543500	-17033,142115	-10945,381972	-2985,132379	-15750,248730	-16397,575381	7,165522	68,604982	25,099267	24,315792	30,146222	25,186578	25,322991	-2,905807	1,253871	0,981422	241224,559827	-0,189554	11,375587	-0,045384	0,000000	2,038595	-0,124417	-0,124408	0,000000	3,114657	9,933771	0,399516
85,800000	7,633479	7,665913	0,380202	0,110248	2,526930	-17024,752118	-10944,094906	-2985,126846	-15750,723342	-16398,049994	7,164577	68,607491	25,097513	24,315276	30,149776	25,185272	25,316638	-2,905961	1,254696	0,981991	241243,900674	-0,189591	11,375772	-0,045400	0,000000	2,038480	-0,124416	-0,124410	0,000000	3,114722	9,925565	0,399524
86,000000	7,633169	7,665535	0,380948	0,110625	2,510586	-17019,841680	-10942,740121	-2985,239877	-15754,301649	-16401,628300	7,163552	68,598701	25,096084	24,314486	30,146189	25,183398	25,312110	-2,906008	1,253733	0,982234	241234,832734	-0,189977	11,375810	-0,045357	0,000000	2,037874	-0,124413	-0,124414	0,000000	3,114494	9,919713	0,399495
86,200000	7,633254	7,665254	0,381119	0,111979	2,505330	-17024,338995	-10942,311464	-2985,225862	-15756,271992	-16403,598643	7,162339	68,590766	25,096841	24,316247	30,141329	25,179083	25,313680	-2,905995	1,252836	0,981484	241221,915853	-0,189390	11,375630	-0,045143	0,000000	2,038682	-0,124413	-0,124413	0,000000	3,114288	9,917781	0,399468
86,400000	7,632711	7,665245	0,380558	0,112481	2,514480	-17033,855815	-10942,387013	-2984,913710	-15764,690503	-16412,017155	7,161159	68,595794	25,095779	24,318694	30,145263	25,175766	25,317952	-2,906000	1,253484	0,980336	241221,541773	-0,188112	11,375560	-0,045010	0,000000	2,040774	-0,124417	-0,124404	0,000000	3,114418	9,921786	0,399485
86,600000	7,632159	7,665247	0,380354	0,111250	2,531288	-17046,378120	-10942,491730	-2984,825290	-15785,102406	-16432,429057	7,159799	68,600949	25,088234	24,318131	30,154601	25,174987	25,320380	-2,905954	1,253206	0,980449	241216,624703	-0,187618	11,375475	-0,045092	0,000000	2,042129	-0,124418	-0,124401	0,000000	3,114552	9,923509	0,399502
86,800000	7,632288	7,665113	0,380722	0,109855	2,545591	-17057,453796	-10942,943980	-2985,120827	-15805,790960	-16453,117612	7,158409	68,601999	25,077594	24,316040	30,160865	25,175428	25,322977	-2,905827	1,253033	0,981639	241209,434170	-0,188306	11,375416	-0,045292	0,000000	2,041764	-0,124415	-0,124405	0,000000	3,114579	9,920934	0,399506
87,000000	7,632408	7,664794	0,380550	0,109606	2,548388	-17059,663507	-10943,660614	-2985,589308	-15821,751571	-16469,078223	7,157214	68,601550	25,073394	24,314796	30,160422	25,175748	25,327119	-2,905584	1,252470	0,982581	241201,917190	-0,189922	11,375429	-0,045480	0,000000	2,040544	-0,124411	-0,124411	0,000000	3,114568	9,921847	0,399504
87,200000	7,631995	7,664191	0,381867	0,110146	2,542481	-17060,503405	-10943,740910	-2985,841640	-15833,653355	-16480,980006	7,156063	68,590647	25,076864	24,314540	30,156627	25,173743	25,327606	-2,905306	1,250727	0,982457	241182,913193	-0,191215	11,375263	-0,045367	0,000000	2,039038	-0,124411	-0,124417	0,000000	3,114285	9,911432	0,399468
87,400000	7,631451	7,663560	0,385807	0,110008	2,530242	-17076,169407	-10942,688257	-2985,459150	-15837,767302	-16485,093953	7,154779	68,577879	25,079360	24,315894	30,156166	25,168953	25,324997	-2,905285	1,251364	0,981453	241166,590298	-0,190566	11,375095	-0,045062	0,000000	2,037825	-0,124413	-0,124414	0,000000	3,113953	9,882315	0,399425
87,600000	7,631501	7,663254	0,388914	0,109457	2,517322	-17102,876778	-10941,531899	-2985,131843	-15835,634297	-16482,960948	7,153220	68,582341	25,077977	24,317389	30,157480	25,165037	25,325660	-2,905417	1,253405	0,980862	241180,434790	-0,189511	11,375293	-0,044957	0,000000	2,037528	-0,124416	-0,124404	0,000000	3,114069	9,860011	0,399440
87,800000	7,631842	7,663096	0,387897	0,109292	2,521873	-17113,703068	-10942,040303	-2985,260099	-15827,651833	-16474,978484	7,151695	68,584463	25,075747	24,316398	30,157475	25,164332	25,330411	-2,905462	1,254096	0,981301	241198,839206	-0,189487	11,375715	-0,045047	0,000000	2,037024	-0,124414	-0,124399	0,000000	3,114124	9,867458	0,399447
88,000000	7,631709	7,662847	0,383825	0,109114	2,538626	-17084,380496	-10943,531505	-2985,379201	-15814,619009	-16461,945660	7,150618	68,563690	25,074971	24,314315	30,157388	25,166382	25,337341	-2,905610	1,254153	0,982196	241184,294595	-0,189541	11,376129	-0,045231	0,000000	2,035725	-0,124408	-0,124403	0,000000	3,113585	9,896654	0,399378
88,200000	7,631382	7,662463	0,383180	0,108864	2,543730	-17046,363726	-10943,108306	-2985,413027	-15800,430820	-16447,757471	7,149710	68,554871	25,078463	24,313893	30,153990	25,168688	25,343035	-2,905733	1,253652	0,982820	241160,763587	-0,189863	11,376162	-0,045265	0,000000	2,034856	-0,124402	-0,124406	0,000000	3,113356	9,900759	0,399349
88,400000	7,631209	7,662060	0,388803	0,108819	2,543830	-17052,134754	-10940,983612	-2985,057573	-15788,353457	-16435,680108	7,148381	68,579263	25,084341	24,315440	30,148429	25,171296	25,340571	-2,905632	1,253715	0,982584	241152,862622	-0,189909	11,375732	-0,045099	0,000000	2,035249	-0,124402	-0,124402	0,000000	3,113989	9,859589	0,399430
88,600000	7,630939	7,661897	0,394173	0,109106	2,547397	-17080,852545	-10940,749288	-2984,587502	-15778,260172	-16425,586824	7,146634	68,597283	25,086322	24,316043	30,148073	25,175859	25,331339	-2,905614	1,254282	0,981626	241141,347592	-0,189107	11,375565	-0,045120	0,000000	2,035690	-0,124406	-0,124398	0,000000	3,114457	9,821239	0,399490
88,800000	7,630685	7,661790	0,395627	0,109838	2,547713	-17086,350732	-10941,921166	-2984,912917	-15764,076574	-16411,403226	7,145082	68,588494	25,085297	24,313515	30,150022	25,177163	25,324896	-2,905713	1,253763	0,981041	241125,252467	-0,189078	11,375890	-0,045261	0,000000	2,035516	-0,124408	-0,124403	0,000000	3,114229	9,811307	0,399461
89,000000	7,630355	7,661445	0,396052	0,110225	2,549251	-17076,336392	-10942,068075	-2985,391795	-15749,021380	-16396,348031	7,144089	68,583786	25,087440	24,311607	30,145708	25,174316	25,324673	-2,905752	1,253702	0,981027	241126,654613	-0,189643	11,376196	-0,045386	0,000000	2,035543	-0,124408	-0,124409	0,000000	3,114107	9,808118	0,399445
89,200000	7,629869	7,660900	0,396219	0,109598	2,547892	-17067,721448	-10941,530369	-2985,352841	-15745,353414	-16392,680066	7,143092	68,592526	25,094120	24,313466	30,138158	25,175320	25,325316	-2,905864	1,254120	0,981380	241136,254301	-0,189693	11,376308	-0,045546	0,000000	2,035620	-0,124407	-0,124408	0,000000	3,114334	9,806114	0,399474
89,400000	7,629345	7,660344	0,396408	0,109561	2,545727	-17062,652792	-10941,090492	-2985,170886	-15755,278195	-16402,604846	7,141698	68,600458	25,100658	24,316051	30,135601	25,182629	25,322473	-2,906049	1,254455	0,981826	241133,649085	-0,189757	11,376307	-0,045592	0,000000	2,035616	-0,124404	-0,124407	0,000000	3,114539	9,803983	0,399501
89,600000	7,628653	7,660237	0,398179	0,111028	2,549751	-17071,903640	-10942,361953	-2984,805279	-15766,331620	-16413,658271	7,140363	68,614441	25,100570	24,316826	30,139005	25,191545	25,318671	-2,906160	1,255391	0,981949	241122,539600	-0,189477	11,376456	-0,045561	0,000000	2,036204	-0,124406	-0,124411	0,000000	3,114902	9,791657	0,399547
89,800000	7,627894	7,660562	0,399494	0,112410	2,551722	-17087,860468	-10945,281264	-2984,649394	-15770,261191	-16417,587843	7,139060	68,626383	25,095072	24,316349	30,145453	25,196236	25,316473	-2,906230	1,254875	0,982091	241112,996192	-0,188841	11,376858	-0,045725	0,000000	2,037799	-0,124411	-0,124418	0,000000	3,115212	9,783391	0,399587
90,000000	7,627501	7,660504	0,396974	0,112398	2,554369	-17078,361235	-10946,148979	-2985,026776	-15770,857783	-16418,184435	7,137552	68,615615	25,093266	24,315476	30,149738	25,191684	25,315359	-2,906176	1,253889	0,981929	241107,725069	-0,188995	11,377032	-0,045765	0,000000	2,039264	-0,124413	-0,124426	0,000000	3,114933	9,801298	0,399551
90,200000	7,627532	7,660095	0,392885	0,111349	2,556630	-17047,054727	-10943,955571	-2985,253822	-15774,293787	-16421,620439	7,136290	68,623887	25,095073	24,315228	30,148874	25,180816	25,314072	-2,905901	1,254255	0,981614	241098,941770	-0,189652	11,376791	-0,045437	0,000000	2,039812	-0,124410	-0,124419	0,000000	3,115147	9,829388	0,399579
90,400000	7,627355	7,660046	0,390800	0,110548	2,549482	-17029,266006	-10941,947004	-2985,361066	-15784,677361	-16432,004012	7,135393	68,688543	25,094081	24,316167	30,148594	25,173847	25,312803	-2,905591	1,253995	0,981665	241091,552973	-0,190046	11,376462	-0,045218	0,000000	2,039672	-0,124410	-0,124402	0,000000	3,116824	9,843746	0,399794
90,600000	7,626855	7,660088	0,389783	0,110462	2,537948	-17024,672040	-10941,882211	-2985,515489	-15794,198473	-16441,525124	7,134239	68,740860	25,090043	24,317311	30,152718	25,174150	25,312079	-2,905560	1,253621	0,981423	241091,305664	-0,190139	11,376211	-0,045361	0,000000	2,038886	-0,124414	-0,124397	0,000000	3,118180	9,850879	0,399968
90,800000	7,626480	7,659758	0,387517	0,110278	2,529030	-17018,358943	-10943,796507	-2985,349782	-15793,339822	-16440,666473	7,132754	68,732602	25,084554	24,317875	30,155639	25,175389	25,313435	-2,905747	1,253506	0,980740	241080,143651	-0,189760	11,376019	-0,045706	0,000000	2,039031	-0,124415	-0,124403	0,000000	3,117966	9,866505	0,399940
91,000000	7,626220	7,659195	0,383713	0,110142	2,526496	-17008,293633	-10945,460153	-2985,366496	-15790,989666	-16438,316318	7,131602	68,708388	25,080213	24,318889	30,155269	25,172599	25,319135	-2,905749	1,252478	0,980911	241066,839745	-0,189369	11,376099	-0,045690	0,000000	2,040245	-0,124416	-0,124411	0,000000	3,117338	9,893015	0,399860
91,200000	7,626210	7,658624	0,382390	0,110293	2,526628	-17004,284881	-10944,050830	-2985,668978	-15801,124024	-16448,450675	7,130705	68,698568	25,077196	24,318566	30,156648	25,169399	25,326388	-2,905544	1,252369	0,981849	241074,363686	-0,190013	11,376506	-0,045259	0,000000	2,040714	-0,124415	-0,124414	0,000000	3,117084	9,902243	0,399827
91,400000	7,626633	7,658233	0,385872	0,109737	2,527785	-17026,175330	-10941,930358	-2985,649977	-15820,555158	-16467,881809	7,129382	68,692117	25,072119	24,315038	30,161087	25,170419	25,331565	-2,905370	1,252967	0,981617	241089,103173	-0,191005	11,376790	-0,045021	0,000000	2,039719	-0,124409	-0,124408	0,000000	3,116917	9,877419	0,399805
91,600000	7,626952	7,657979	0,390405	0,109068	2,537474	-17064,970666	-10941,511204	-2985,533188	-15835,616249	-16482,942900	7,127740	68,689469	25,067873	24,312595	30,163361	25,174101	25,334478	-2,905385	1,252816	0,980779	241091,083970	-0,191194	11,376891	-0,045070	0,000000	2,038108	-0,124409	-0,124403	0,000000	3,116848	9,845159	0,399797
91,800000	7,626888	7,657608	0,392247	0,109404	2,548045	-17085,741420	-10942,078520	-2985,457438	-15837,246960	-16484,573612	7,126413	68,694619	25,070977	24,313795	30,158512	25,175980	25,333995	-2,905485	1,253514	0,981013	241088,062331	-0,190957	11,377002	-0,045166	0,000000	2,037457	-0,124415	-0,124404	0,000000	3,116981	9,831603	0,399814
92,000000	7,626632	7,657295	0,391690	0,109613	2,547204	-17072,894660	-10942,971872	-2985,262523	-15826,809359	-16474,136010	7,125392	68,700426	25,079817	24,315563	30,150567	25,173921	25,330654	-2,905576	1,254087	0,981637	241089,436559	-0,190484	11,377145	-0,045185	0,000000	2,037499	-0,124416	-0,124404	0,000000	3,117132	9,834989	0,399833
92,200000	7,626138	7,656972	0,392444	0,108549	2,546073	-17053,371519	-10942,686060	-2985,266484	-15818,084416	-16465,411067	7,124172	68,700616	25,084535	24,315682	30,148992	25,169264	25,330043	-2,905687	1,253480	0,981833	241092,543652	-0,189951	11,377493	-0,045149	0,000000	2,036541	-0,124410	-0,124403	0,000000	3,117137	9,829544	0,399834
92,400000	7,625708	7,656544	0,396449	0,107640	2,549772	-17058,963033	-10941,524245	-2985,344598	-15817,110498	-16464,437149	7,122719	68,691516	25,080967	24,314793	30,152772	25,166962	25,334846	-2,905665	1,253370	0,982001	241096,589312	-0,190149	11,377759	-0,045168	0,000000	2,034790	-0,124403	-0,124404	0,000000	3,116901	9,801237	0,399803
92,600000	7,625667	7,656373	0,399984	0,107770	2,547932	-17075,413431	-10941,177684	-2985,255146	-15814,182856	-16461,509507	7,121251	68,697259	25,075782	24,313866	30,151858	25,171631	25,338572	-2,905631	1,253302	0,982164	241110,091553	-0,190411	11,377697	-0,045328	0,000000	2,033656	-0,124403	-0,124406	0,000000	3,117050	9,776230	0,399823
92,800000	7,625393	7,656113	0,398515	0,108241	2,549626	-17072,175024	-10941,712332	-2985,178954	-15804,529609	-16451,856260	7,119887	68,725285	25,077192	24,313905	30,146816	25,178906	25,335229	-2,905806	1,253325	0,981997	241130,902001	-0,190052	11,377845	-0,045488	0,000000	2,033546	-0,124406	-0,124409	0,000000	3,117776	9,786176	0,399916
93,000000	7,624677	7,655516	0,393162	0,109105	2,555222	-17048,049237	-10943,096104	-2985,036601	-15793,834309	-16441,160961	7,118699	68,748410	25,085243	24,314886	30,145750	25,181792	25,326394	-2,905912	1,254369	0,981233	241146,410302	-0,189643	11,378188	-0,045563	0,000000	2,034851	-0,124407	-0,124412	0,000000	3,118376	9,823337	0,399993
93,200000	7,624066	7,654994	0,388987	0,110229	2,552992	-17025,210585	-10943,325851	-2985,189364	-15792,409679	-16439,736330	7,117578	68,760859	25,092583	24,316064	30,146812	25,182115	25,317834	-2,905823	1,255108	0,980755	241152,200051	-0,189838	11,378353	-0,045530	0,000000	2,036568	-0,124404	-0,124410	0,000000	3,118699	9,852421	0,400034
93,400000	7,623677	7,654766	0,388946	0,110939	2,545917	-17021,782774	-10941,056636	-2985,589573	-15802,382120	-16449,708771	7,116432	68,755806	25,095171	24,315920	30,146941	25,183506	25,315077	-2,905822	1,254999	0,981552	241161,785529	-0,190697	11,378622	-0,045380	0,000000	2,036765	-0,124403	-0,124408	0,000000	3,118568	9,852689	0,400017
93,600000	7,623495	7,654792	0,390731	0,111166	2,535534	-17030,498988	-10940,465631	-2985,377466	-15807,430988	-16454,757639	7,115236	68,731343	25,093957	24,314317	30,146063	25,183882	25,317079	-2,905907	1,254200	0,982093	241206,202451	-0,190891	11,378982	-0,045436	0,000000	2,036024	-0,124404	-0,124409	0,000000	3,117934	9,840405	0,399936
93,800000	7,623217	7,654787	0,388590	0,111481	2,530489	-17025,526692	-10943,229600	-2984,877249	-15795,514653	-16442,841304	7,113944	68,714941	25,093299	24,315284	30,143020	25,183974	25,319119	-2,906035	1,253637	0,981773	241256,860242	-0,189884	11,379172	-0,045794	0,000000	2,036515	-0,124406	-0,124406	0,000000	3,117508	9,855613	0,399881
94,000000	7,622449	7,654428	0,382122	0,111268	2,533398	-17004,926642	-10944,868470	-2984,899218	-15782,437671	-16429,764323	7,112635	68,716459	25,096714	24,318583	30,141692	25,187245	25,318800	-2,906221	1,254015	0,981511	241258,815568	-0,189158	11,379193	-0,045967	0,000000	2,038329	-0,124405	-0,124402	0,000000	3,117548	9,901200	0,399886
94,200000	7,621803	7,653966	0,377101	0,110472	2,531270	-16988,657685	-10944,555865	-2985,293127	-15785,199701	-16432,526352	7,111376	68,721423	25,098023	24,319219	30,143359	25,191183	25,316609	-2,906207	1,253708	0,980704	241241,450523	-0,189282	11,379023	-0,045694	0,000000	2,039773	-0,124401	-0,124405	0,000000	3,117676	9,936673	0,399903
94,400000	7,621825	7,653897	0,377279	0,110986	2,527028	-16980,206099	-10944,481397	-2985,597799	-15795,210368	-16442,537019	7,110080	68,724891	25,090818	24,317450	30,146355	25,191917	25,316369	-2,905928	1,253565	0,979637	241242,347221	-0,189530	11,378893	-0,045365	0,000000	2,040158	-0,124401	-0,124408	0,000000	3,117766	9,935349	0,399914
94,600000	7,622114	7,654033	0,381966	0,112599	2,526329	-16988,698552	-10944,515648	-2985,614942	-15798,944049	-16446,270700	7,108720	68,722837	25,081673	24,316484	30,151295	25,187443	25,317492	-2,905625	1,254151	0,979806	241237,804478	-0,189664	11,378987	-0,045258	0,000000	2,040200	-0,124414	-0,124407	0,000000	3,117713	9,902071	0,399908
94,800000	7,622093	7,653921	0,388082	0,112697	2,528003	-17023,728508	-10944,632543	-2985,334502	-15799,319224	-16446,645875	7,107399	68,707741	25,078658	24,316603	30,157119	25,178861	25,315096	-2,905556	1,253735	0,980435	241223,293058	-0,189532	11,379028	-0,045309	0,000000	2,040384	-0,124424	-0,124409	0,000000	3,117322	9,858523	0,399857
95,000000	7,621677	7,653558	0,393723	0,110665	2,533243	-17068,541595	-10944,714463	-2985,165983	-15805,501687	-16452,828338	7,106266	68,696850	25,080503	24,317230	30,161896	25,172293	25,312847	-2,905728	1,253774	0,980400	241225,069159	-0,189505	11,378924	-0,045406	0,000000	2,039765	-0,124422	-0,124411	0,000000	3,117039	9,818236	0,399821
95,200000	7,621422	7,653168	0,397141	0,109187	2,543035	-17091,093863	-10943,776510	-2985,366826	-15812,183950	-16459,510601	7,105206	68,698170	25,081978	24,317165	30,163287	25,172182	25,315909	-2,905748	1,253902	0,980680	241225,292668	-0,190384	11,378917	-0,045354	0,000000	2,038954	-0,124413	-0,124408	0,000000	3,117074	9,793805	0,399826
95,400000	7,621297	7,652937	0,397711	0,109645	2,557774	-17079,939904	-10941,954702	-2985,507078	-15809,778279	-16457,104930	7,103894	68,689425	25,079114	24,316181	30,161608	25,176158	25,321777	-2,905454	1,252975	0,981081	241215,983722	-0,191233	11,378925	-0,045162	0,000000	2,038520	-0,124407	-0,124406	0,000000	3,116847	9,789533	0,399797
95,600000	7,620983	7,652945	0,398436	0,110398	2,566300	-17066,248045	-10940,929816	-2985,381355	-15805,639393	-16452,966045	7,102335	68,670644	25,073955	24,316297	30,159814	25,177412	25,329005	-2,905267	1,253502	0,980504	241232,380559	-0,190786	11,378793	-0,045020	0,000000	2,038137	-0,124407	-0,124407	0,000000	3,116360	9,784293	0,399734
95,800000	7,620974	7,653010	0,401263	0,110205	2,560044	-17072,980160	-10941,298909	-2985,313259	-15806,805291	-16454,131943	7,100883	68,666272	25,071898	24,316836	30,160191	25,172088	25,336823	-2,905292	1,254002	0,980000	241267,968066	-0,189700	11,378715	-0,045105	0,000000	2,038856	-0,124412	-0,124409	0,000000	3,116246	9,764543	0,399720
96,000000	7,621246	7,652910	0,404346	0,109248	2,554839	-17087,247821	-10941,675021	-2985,439007	-15811,879894	-16459,206545	7,099671	68,684061	25,072472	24,315485	30,162671	25,166098	25,340153	-2,905318	1,252945	0,980570	241291,758114	-0,189119	11,378818	-0,045213	0,000000	2,039046	-0,124415	-0,124408	0,000000	3,116708	9,743198	0,399779
96,200000	7,621147	7,652513	0,404086	0,108341	2,555185	-17089,527477	-10941,006305	-2985,545714	-15821,830487	-16469,157138	7,098485	68,702489	25,073164	24,312529	30,161894	25,165972	25,337466	-2,905485	1,253013	0,981550	241290,802884	-0,189634	11,378931	-0,045042	0,000000	2,037010	-0,124411	-0,124403	0,000000	3,117186	9,744730	0,399840
96,400000	7,620791	7,651677	0,399862	0,108496	2,549517	-17076,451404	-10940,200827	-2985,518938	-15831,422928	-16478,749579	7,097225	68,706222	25,076563	24,311132	30,152621	25,168146	25,332908	-2,905649	1,253459	0,982086	241281,068074	-0,190394	11,378931	-0,044884	0,000000	2,034731	-0,124408	-0,124398	0,000000	3,117282	9,772942	0,399852
96,600000	7,620559	7,650875	0,395697	0,109459	2,550125	-17059,617704	-10941,072641	-2985,206965	-15832,533248	-16479,859899	7,095827	68,704334	25,082622	24,313863	30,141353	25,169585	25,330902	-2,905651	1,253618	0,982271	241300,019289	-0,189933	11,378884	-0,044886	0,000000	2,034497	-0,124412	-0,124397	0,000000	3,117233	9,800707	0,399846
96,800000	7,620254	7,650641	0,394161	0,109689	2,556641	-17049,387586	-10942,715094	-2984,656844	-15830,234492	-16477,561143	7,094395	68,707996	25,086634	24,317639	30,140968	25,171514	25,331242	-2,905801	1,254847	0,982287	241337,804356	-0,188735	11,379227	-0,044881	0,000000	2,035786	-0,124415	-0,124398	0,000000	3,117328	9,811403	0,399858
97,000000	7,619534	7,650649	0,393430	0,108890	2,552140	-17050,146905	-10943,161231	-2984,651179	-15833,414631	-16480,741282	7,093127	68,714631	25,086930	24,317539	30,147047	25,174566	25,329632	-2,906020	1,255435	0,981789	241352,252732	-0,188587	11,380027	-0,045041	0,000000	2,036596	-0,124407	-0,124405	0,000000	3,117500	9,817455	0,399880
97,200000	7,618742	7,650296	0,392839	0,108512	2,544793	-17055,537270	-10942,606905	-2985,293073	-15838,710083	-16486,036735	7,091809	68,747978	25,085513	24,314316	30,148963	25,180131	25,328604	-2,905968	1,254621	0,981558	241332,144358	-0,189625	11,380455	-0,045407	0,000000	2,036323	-0,124398	-0,124412	0,000000	3,118365	9,821754	0,399991
97,400000	7,618374	7,649692	0,393600	0,109763	2,539857	-17059,667739	-10942,133817	-2985,605647	-15839,129112	-16486,455763	7,090423	68,828212	25,088630	24,312810	30,147970	25,187666	25,328561	-2,905774	1,253511	0,981776	241306,258099	-0,190453	11,380609	-0,045602	0,000000	2,035788	-0,124398	-0,124414	0,000000	3,120444	9,815858	0,400258
97,600000	7,618145	7,649387	0,393477	0,111227	2,540427	-17061,414162	-10942,624397	-2985,321816	-15833,788842	-16481,115493	7,089179	68,900907	25,097919	24,314173	30,145101	25,191761	25,322520	-2,905737	1,252848	0,981288	241298,387187	-0,190514	11,380754	-0,045501	0,000000	2,035462	-0,124400	-0,124413	0,000000	3,122327	9,816359	0,400499
97,800000	7,617599	7,649373	0,391253	0,111185	2,547681	-17056,318121	-10943,747877	-2985,084233	-15828,352424	-16475,679076	7,088064	68,928425	25,103461	24,316000	30,143041	25,188961	25,313720	-2,905893	1,253232	0,980710	241296,682830	-0,190038	11,380654	-0,045382	0,000000	2,035637	-0,124406	-0,124411	0,000000	3,123039	9,831831	0,400591
98,000000	7,617068	7,649335	0,390725	0,110711	2,547183	-17056,326228	-10944,503849	-2985,316783	-15827,336118	-16474,662769	7,086875	68,936541	25,101216	24,316958	30,145328	25,184207	25,309823	-2,906055	1,253653	0,980910	241298,737978	-0,189769	11,380799	-0,045408	0,000000	2,036513	-0,124414	-0,124410	0,000000	3,123249	9,835687	0,400618
98,200000	7,617114	7,649233	0,393834	0,110809	2,543356	-17071,956362	-10944,421351	-2985,658475	-15827,066328	-16474,392979	7,085521	68,931478	25,096091	24,315870	30,147781	25,182443	25,312042	-2,906123	1,254085	0,981142	241291,764073	-0,190258	11,381227	-0,045511	0,000000	2,037052	-0,124414	-0,124411	0,000000	3,123118	9,814109	0,400601
98,400000	7,617399	7,648980	0,398899	0,111181	2,544204	-17087,965679	-10943,413858	-2985,543938	-15821,858975	-16469,185627	7,084361	68,903171	25,090242	24,314144	30,147909	25,183209	25,319640	-2,906140	1,254881	0,981096	241272,266498	-0,190389	11,381409	-0,045590	0,000000	2,037703	-0,124406	-0,124410	0,000000	3,122385	9,778495	0,400507
98,600000	7,617497	7,648317	0,402430	0,111505	2,546358	-17087,031284	-10942,011785	-2985,350198	-15809,719807	-16457,046458	7,083252	68,878659	25,086862	24,316281	30,148656	25,183950	25,326264	-2,905961	1,254111	0,981029	241258,744494	-0,189781	11,381101	-0,045492	0,000000	2,039349	-0,124407	-0,124406	0,000000	3,121751	9,752802	0,400426
98,800000	7,617348	7,647877	0,401939	0,111214	2,552913	-17074,212848	-10941,823733	-2985,413987	-15797,980029	-16445,306681	7,081777	68,872247	25,086128	24,319939	30,152950	25,183206	25,323067	-2,905631	1,253252	0,981113	241246,329455	-0,189455	11,380816	-0,045364	0,000000	2,041337	-0,124417	-0,124407	0,000000	3,121584	9,755497	0,400404
99,000000	7,616838	7,648230	0,398707	0,110549	2,561460	-17057,342343	-10943,135637	-2985,460415	-15796,033893	-16443,360544	7,080375	68,864049	25,083427	24,319144	30,160086	25,180240	25,315067	-2,905529	1,253427	0,981160	241239,879933	-0,189462	11,381138	-0,045389	0,000000	2,042138	-0,124421	-0,124410	0,000000	3,121372	9,778978	0,400377
99,200000	7,616504	7,648371	0,395688	0,111029	2,565229	-17033,611348	-10944,367636	-2985,739908	-15800,904100	-16448,230751	7,079300	68,848426	25,079367	24,315406	30,164030	25,174028	25,314079	-2,905661	1,252949	0,980787	241233,578909	-0,189887	11,381483	-0,045330	0,000000	2,041279	-0,124420	-0,124409	0,000000	3,120967	9,800853	0,400325
99,400000	7,616636	7,647705	0,395070	0,111864	2,559365	-17019,126409	-10944,774707	-2986,153460	-15806,286443	-16453,613095	7,078157	68,840639	25,078423	24,313276	30,160429	25,167400	25,320748	-2,905685	1,253090	0,980366	241226,453811	-0,190938	11,381108	-0,045116	0,000000	2,040048	-0,124419	-0,124411	0,000000	3,120766	9,804066	0,400299
99,600000	7,616481	7,646927	0,395355	0,110323	2,544916	-17024,203490	-10944,328041	-2986,038204	-15814,591657	-16461,918308	7,077004	68,856558	25,081734	24,314092	30,153562	25,165666	25,328380	-2,905555	1,253354	0,980613	241224,829463	-0,191774	11,380514	-0,045016	0,000000	2,038865	-0,124417	-0,124408	0,000000	3,121178	9,800417	0,400352
99,800000	7,616004	7,646622	0,394099	0,108026	2,534727	-17030,029084	-10942,888719	-2985,388684	-15824,633926	-16471,960577	7,075968	68,881958	25,085028	24,315295	30,151096	25,169450	25,332561	-2,905513	1,253318	0,981347	241220,150419	-0,191427	11,380556	-0,045177	0,000000	2,038048	-0,124418	-0,124399	0,000000	3,121836	9,808822	0,400437
100,000000	7,615795	7,646796	0,392227	0,108207	2,530466	-17028,441923	-10941,409786	-2984,814627	-15827,528390	-16474,855042	7,074788	68,884020	25,082321	24,314834	30,153922	25,174519	25,333940	-2,905629	1,254340	0,981644	241226,426843	-0,190063	11,381054	-0,045379	0,000000	2,037670	-0,124420	-0,124397	0,000000	3,121889	9,822750	0,400443
100,200000	7,615886	7,646908	0,391260	0,109387	2,527522	-17026,652199	-10941,065016	-2984,886869	-15824,427353	-16471,754005	7,073472	68,870995	25,075749	24,314052	30,157091	25,177303	25,335579	-2,905717	1,254216	0,981698	241238,140025	-0,189561	11,381394	-0,045372	0,000000	2,037435	-0,124416	-0,124404	0,000000	3,121552	9,830131	0,400400
100,400000	7,615991	7,646511	0,390170	0,109252	2,537632	-17022,427743	-10941,724356	-2985,449966	-15821,723100	-16469,049751	7,072087	68,874181	25,074776	24,313888	30,157372	25,174847	25,337383	-2,905642	1,253206	0,982017	241235,044143	-0,190812	11,381148	-0,045236	0,000000	2,037186	-0,124414	-0,124409	0,000000	3,121635	9,837190	0,400411
100,600000	7,615806	7,645914	0,386866	0,108398	2,553056	-17006,638792	-10942,177646	-2985,748833	-15821,967084	-16469,293735	7,070708	68,878704	25,079889	24,314090	30,154507	25,168527	25,336764	-2,905413	1,253395	0,982363	241231,924658	-0,191965	11,380658	-0,045200	0,000000	2,036504	-0,124412	-0,124408	0,000000	3,121752	9,859430	0,400426
100,800000	7,615372	7,645727	0,383263	0,108201	2,551474	-16989,219719	-10941,280440	-2985,488858	-15826,309551	-16473,636202	7,069469	68,872554	25,083959	24,314976	30,149461	25,166753	25,333061	-2,905249	1,253535	0,982630	241236,551993	-0,191454	11,380818	-0,045316	0,000000	2,035115	-0,124406	-0,124403	0,000000	3,121592	9,884853	0,400405
101,000000	7,614924	7,645906	0,384368	0,108603	2,540858	-16994,020470	-10940,228368	-2985,010063	-15825,080582	-16472,407233	7,068145	68,870946	25,085801	24,316897	30,142618	25,173198	25,327469	-2,905410	1,253520	0,982558	241225,847309	-0,190027	11,381220	-0,045419	0,000000	2,033568	-0,124406	-0,124400	0,000000	3,121551	9,877224	0,400400
101,200000	7,614071	7,645803	0,389251	0,109360	2,531951	-17018,282478	-10941,331207	-2984,652842	-15808,838526	-16456,165177	7,066804	68,864415	25,088454	24,318476	30,136511	25,180819	25,323244	-2,905747	1,253840	0,981961	241204,896351	-0,189428	11,381002	-0,045564	0,000000	2,033786	-0,124407	-0,124405	0,000000	3,121382	9,841934	0,400378
101,400000	7,613087	7,645300	0,391797	0,110774	2,528378	-17032,415349	-10943,450738	-2984,642184	-15788,663428	-16435,990079	7,065655	68,849751	25,092769	24,319629	30,136178	25,183920	25,323316	-2,905907	1,254293	0,981007	241192,404709	-0,189855	11,380626	-0,045724	0,000000	2,035725	-0,124403	-0,124412	0,000000	3,121002	9,822973	0,400330
101,600000	7,613006	7,644855	0,390103	0,111514	2,534927	-17022,119305	-10943,818392	-2985,093200	-15781,804031	-16429,130682	7,064475	68,849996	25,095509	24,318818	30,139548	25,185175	25,324899	-2,905810	1,254632	0,980245	241179,044154	-0,190190	11,380534	-0,045669	0,000000	2,037102	-0,124402	-0,124413	0,000000	3,121008	9,834499	0,400330
101,800000	7,613325	7,644682	0,388017	0,110855	2,539996	-17004,807985	-10942,121674	-2985,407711	-15785,830921	-16433,157572	7,063235	68,872480	25,093666	24,313960	30,142607	25,188451	25,323022	-2,905723	1,254514	0,980492	241161,078086	-0,190127	11,380501	-0,045468	0,000000	2,036984	-0,124406	-0,124413	0,000000	3,121591	9,849325	0,400405
102,000000	7,613310	7,644685	0,389592	0,110855	2,542819	-17008,009914	-10940,931024	-2985,125987	-15789,023495	-16436,350146	7,061994	68,867174	25,090870	24,311354	30,143262	25,193039	25,318464	-2,905766	1,254687	0,981796	241151,068141	-0,190109	11,380496	-0,045432	0,000000	2,036535	-0,124409	-0,124411	0,000000	3,121453	9,838265	0,400387
102,200000	7,612963	7,644506	0,394371	0,112067	2,548834	-17032,193921	-10941,684624	-2984,734518	-15787,429316	-16434,755967	7,060656	68,805132	25,092802	24,314906	30,140814	25,194930	25,313581	-2,905892	1,254466	0,982528	241142,023375	-0,190007	11,380475	-0,045609	0,000000	2,036892	-0,124410	-0,124411	0,000000	3,119846	9,804111	0,400181
102,400000	7,612320	7,644049	0,397969	0,112172	2,551704	-17045,410542	-10942,798161	-2984,595093	-15778,756561	-16426,083212	7,059391	68,750934	25,098020	24,319142	30,140706	25,190845	25,308651	-2,906088	1,252967	0,981764	241127,235743	-0,189611	11,380332	-0,045584	0,000000	2,038004	-0,124411	-0,124416	0,000000	3,118441	9,778083	0,400001
102,600000	7,611700	7,643904	0,396440	0,110734	2,554398	-17030,668423	-10943,707660	-2984,798470	-15771,827810	-16419,154462	7,058304	68,740526	25,098562	24,319588	30,144011	25,182034	25,309560	-2,906197	1,252595	0,981165	241132,477637	-0,189600	11,380391	-0,045390	0,000000	2,038922	-0,124409	-0,124424	0,000000	3,118172	9,788769	0,399966
102,800000	7,611429	7,643951	0,390341	0,110055	2,555066	-17002,927380	-10943,077199	-2985,146146	-15780,467801	-16427,794452	7,057083	68,743475	25,090195	24,316704	30,146986	25,176174	25,318413	-2,906035	1,253404	0,981550	241152,968007	-0,190254	11,380718	-0,045248	0,000000	2,039166	-0,124408	-0,124424	0,000000	3,118248	9,832255	0,399976
103,000000	7,611738	7,643662	0,384672	0,110576	2,547557	-16986,793075	-10941,511537	-2984,962013	-15797,928815	-16445,255466	7,055554	68,726565	25,078544	24,314179	30,150962	25,177417	25,326258	-2,905768	1,253639	0,982347	241163,835790	-0,190136	11,380772	-0,045115	0,000000	2,039047	-0,124406	-0,124416	0,000000	3,117810	9,872459	0,399920
103,200000	7,612171	7,643411	0,382586	0,110538	2,534044	-16987,029072	-10942,335456	-2984,441388	-15806,692098	-16454,018749	7,053939	68,684732	25,073400	24,314410	30,155326	25,179402	25,328105	-2,905789	1,254401	0,982676	241187,767788	-0,189187	11,380451	-0,045197	0,000000	2,038773	-0,124408	-0,124411	0,000000	3,116725	9,886927	0,399781
103,400000	7,612024	7,643317	0,381986	0,110091	2,519491	-16988,741658	-10943,791607	-2984,651757	-15803,565793	-16450,892444	7,052564	68,671802	25,075172	24,315608	30,157015	25,176627	25,325092	-2,905902	1,254637	0,981362	241220,664139	-0,189212	11,380137	-0,045235	0,000000	2,039625	-0,124418	-0,124412	0,000000	3,116390	9,890855	0,399738
103,600000	7,611454	7,643082	0,381976	0,110425	2,514584	-16991,710689	-10943,394177	-2985,558505	-15800,614249	-16447,940900	7,051411	68,703144	25,076964	24,316099	30,159544	25,171551	25,320525	-2,905646	1,253387	0,979970	241218,890709	-0,190107	11,380258	-0,044909	0,000000	2,040877	-0,124423	-0,124413	0,000000	3,117202	9,890829	0,399842
103,800000	7,610962	7,642857	0,383342	0,110653	2,517791	-17001,983808	-10942,865291	-2986,219708	-15804,378188	-16451,704840	7,050336	68,711986	25,075953	24,314287	30,163272	25,167751	25,321026	-2,905431	1,253604	0,980490	241202,487984	-0,190969	11,380649	-0,044690	0,000000	2,040163	-0,124417	-0,124406	0,000000	3,117432	9,881326	0,399872
104,000000	7,610783	7,642604	0,382540	0,110336	2,523913	-17006,122166	-10943,175746	-2986,229114	-15808,257711	-16455,584362	7,049278	68,693923	25,072973	24,311700	30,161023	25,165193	25,328442	-2,905459	1,254064	0,981616	241202,729177	-0,191963	11,380742	-0,044662	0,000000	2,037820	-0,124411	-0,124400	0,000000	3,116963	9,886865	0,399812
104,200000	7,610979	7,642235	0,377571	0,109873	2,540041	-16989,557976	-10944,007351	-2985,898823	-15808,398260	-16455,724911	7,048008	68,696182	25,072474	24,313490	30,154402	25,165914	25,335749	-2,905402	1,252957	0,982316	241204,679708	-0,192400	11,380676	-0,044785	0,000000	2,036331	-0,124411	-0,124398	0,000000	3,117022	9,921782	0,399819
104,400000	7,611045	7,641998	0,373748	0,108417	2,551294	-16963,995428	-10944,826196	-2985,724645	-15808,901888	-16456,228539	7,046684	68,708398	25,076084	24,317494	30,151748	25,171471	25,336802	-2,905538	1,252805	0,982947	241202,667468	-0,191600	11,380776	-0,045139	0,000000	2,036720	-0,124413	-0,124400	0,000000	3,117339	9,948994	0,399860
104,600000	7,610498	7,641624	0,375183	0,106976	2,536944	-16961,343848	-10944,396663	-2985,739861	-15812,333969	-16459,660620	7,045334	68,711406	25,078531	24,317842	30,152835	25,176567	25,332866	-2,905795	1,253493	0,982664	241205,290367	-0,191122	11,380965	-0,045252	0,000000	2,036846	-0,124409	-0,124406	0,000000	3,117417	9,938364	0,399870
104,800000	7,610197	7,640903	0,378404	0,107867	2,517942	-16986,715301	-10942,652362	-2985,484438	-15817,539949	-16464,866600	7,043742	68,710428	25,077865	24,314725	30,153580	25,178586	25,330373	-2,905746	1,254347	0,981471	241213,533515	-0,191148	11,381182	-0,045063	0,000000	2,035728	-0,124402	-0,124408	0,000000	3,117391	9,914618	0,399866
105,000000	7,610776	7,640291	0,377566	0,109921	2,511361	-17006,116386	-10940,660366	-2985,167270	-15820,919344	-16468,245995	7,042367	68,712468	25,077865	24,312628	30,150440	25,178391	25,331034	-2,905621	1,254680	0,981305	241229,963231	-0,190654	11,381632	-0,044974	0,000000	2,034642	-0,124405	-0,124403	0,000000	3,117444	9,920309	0,399873
105,200000	7,611089	7,639885	0,372098	0,110396	2,510206	-16991,353929	-10939,704156	-2985,054616	-15818,063509	-16465,390161	7,041291	68,720757	25,082081	24,313128	30,143972	25,175647	25,328863	-2,905575	1,253582	0,982161	241249,763008	-0,190132	11,382254	-0,045021	0,000000	2,034095	-0,124414	-0,124396	0,000000	3,117659	9,959703	0,399901
105,400000	7,610129	7,639579	0,367289	0,109383	2,516524	-16952,765784	-10940,548896	-2984,893119	-15806,880708	-16454,207359	7,040228	68,724703	25,089339	24,314092	30,138875	25,175230	25,322129	-2,905601	1,253726	0,982337	241256,417257	-0,189882	11,382709	-0,045276	0,000000	2,034015	-0,124419	-0,124394	0,000000	3,117761	9,994587	0,399914
105,600000	7,608569	7,639446	0,367579	0,108942	2,521171	-16928,945274	-10941,893029	-2984,967167	-15788,738699	-16436,065350	7,039131	68,729246	25,094312	24,314798	30,135700	25,181305	25,316480	-2,905831	1,255299	0,982318	241238,852908	-0,190341	11,383229	-0,045717	0,000000	2,034867	-0,124415	-0,124400	0,000000	3,117879	9,992646	0,399929
105,800000	7,607705	7,639272	0,369374	0,109827	2,520902	-16934,602335	-10942,705414	-2985,209893	-15771,462375	-16418,789026	7,037855	68,735942	25,095969	24,315578	30,134642	25,190062	25,316615	-2,905961	1,255660	0,982961	241222,240581	-0,191308	11,383762	-0,045667	0,000000	2,035993	-0,124404	-0,124410	0,000000	3,118053	9,979740	0,399951
106,000000	7,607917	7,639103	0,366801	0,110812	2,522578	-16939,446935	-10943,910171	-2985,184668	-15764,897854	-16412,224505	7,036410	68,724262	25,096078	24,316727	30,137389	25,195213	25,321519	-2,905772	1,254840	0,982498	241237,449503	-0,191253	11,383766	-0,045266	0,000000	2,036824	-0,124395	-0,124416	0,000000	3,117750	9,998399	0,399912
106,200000	7,608103	7,638973	0,363915	0,111171	2,518226	-16928,664980	-10944,554910	-2985,145521	-15768,988541	-16416,315192	7,034938	68,703757	25,093975	24,318404	30,143165	25,193206	25,324997	-2,905604	1,253428	0,981685	241262,335517	-0,190305	11,383601	-0,045116	0,000000	2,038368	-0,124401	-0,124415	0,000000	3,117218	10,019400	0,399844
106,400000	7,607580	7,638820	0,366730	0,111278	2,511774	-16926,369694	-10943,880513	-2984,987661	-15772,069698	-16419,396349	7,033610	68,701354	25,090414	24,318894	30,147323	25,188670	25,321212	-2,905606	1,253464	0,982240	241270,075344	-0,189375	11,383523	-0,045009	0,000000	2,039326	-0,124412	-0,124414	0,000000	3,117156	9,998627	0,399836
106,600000	7,607001	7,638771	0,370308	0,110722	2,508615	-16929,731919	-10943,751865	-2984,664435	-15760,953052	-16408,279703	7,032486	68,711778	25,087218	24,316539	30,146349	25,185716	25,313156	-2,905801	1,254964	0,982368	241270,160315	-0,188662	11,383386	-0,044894	0,000000	2,038684	-0,124413	-0,124415	0,000000	3,117426	9,972386	0,399871
106,800000	7,606723	7,638591	0,367602	0,110146	2,505368	-16916,666430	-10944,300800	-2984,849472	-15740,278354	-16387,605005	7,031573	68,718422	25,086713	24,315131	30,143377	25,181480	25,308736	-2,906087	1,254429	0,981504	241282,992385	-0,189173	11,383440	-0,044981	0,000000	2,038109	-0,124408	-0,124416	0,000000	3,117599	9,991912	0,399893
107,000000	7,606481	7,638298	0,361627	0,111003	2,507056	-16891,304348	-10943,711915	-2985,216654	-15730,962168	-16378,288819	7,030670	68,711304	25,089427	24,317835	30,142588	25,176827	25,311278	-2,906061	1,253686	0,980895	241308,204844	-0,190400	11,383443	-0,045223	0,000000	2,038535	-0,124409	-0,124413	0,000000	3,117414	10,035317	0,399869
107,200000	7,606156	7,638251	0,360251	0,111372	2,511414	-16882,096461	-10942,192909	-2985,013209	-15739,380245	-16386,706896	7,029108	68,685495	25,088411	24,320056	30,148618	25,174248	25,317037	-2,905836	1,254975	0,980620	241318,567397	-0,190151	11,383151	-0,045353	0,000000	2,039767	-0,124417	-0,124407	0,000000	3,116745	10,045285	0,399783
107,400000	7,605997	7,638346	0,365139	0,109553	2,513718	-16908,950024	-10941,894511	-2984,735173	-15752,948486	-16400,275138	7,027241	68,669917	25,078949	24,318275	30,161185	25,172529	25,319956	-2,905747	1,255362	0,980683	241310,516942	-0,189172	11,382984	-0,045059	0,000000	2,040597	-0,124420	-0,124404	0,000000	3,116341	10,009744	0,399732
107,600000	7,606097	7,638026	0,370605	0,108375	2,513416	-16953,219935	-10943,171477	-2985,019069	-15762,153475	-16409,480127	7,025934	68,679002	25,069687	24,315491	30,168401	25,172185	25,322385	-2,905684	1,254368	0,981884	241298,321139	-0,189435	11,383105	-0,044742	0,000000	2,040098	-0,124415	-0,124408	0,000000	3,116577	9,969878	0,399762
107,800000	7,606304	7,637259	0,372761	0,108992	2,513032	-16980,064633	-10943,780776	-2985,501086	-15766,260027	-16413,586678	7,024803	68,706776	25,068756	24,314849	30,164994	25,173675	25,325633	-2,905707	1,253229	0,982720	241288,915354	-0,190760	11,383223	-0,044953	0,000000	2,039373	-0,124408	-0,124416	0,000000	3,117297	9,953341	0,399854
108,000000	7,606420	7,636611	0,374704	0,109027	2,520263	-16986,724660	-10942,688437	-2985,728395	-15770,511221	-16417,837872	7,023514	68,774022	25,073417	24,315069	30,158052	25,172710	25,325487	-2,905749	1,252571	0,982000	241301,212856	-0,191985	11,383348	-0,045179	0,000000	2,038382	-0,124409	-0,124419	0,000000	3,119040	9,938395	0,400078
